seed 1
Namespace(batch_size=1, lr=0.01, data='../data', sparsity=0.0, local_upsampling_kernel_size=8, upsampling_kernel_size=8, static_upsampling_kernel=False, latent_factor=1, mod_base=7, highest_flag=1, context_arm=16, dim_arm_mod=16, use_candidate=True, type='other', mod_hid_layer=0, sythesis_features=12, hidden_features=64, hidden_layer=2, scale=1, lambda_rate=0.4, lambda_rate_list=[0.4, 0.8], start_index=0, mask_type='erp', wsmse_tag=0, swhdc_tag=1, swhdc_dilations=[1, 2, 3, 4], erp_padding=1, workdir='./experiments/vcip_wssim_tunado_diegoPC', train_steps_1=5000, train_steps_2=1000, loss_type='combined', lambda_dist=0.0, lambda_percep=1.0, patch_h=512, patch_w=1024, all_pix_num=524288, eval_pix_num=524288)
Directory './saved/modbase_7/context_16_arm_mod_16' already exists.
Directory './saved/modbase_7/context_16_arm_mod_16/sparity_0.0' already exists.
top %: 0.0

🔁 Stage-1 Training Candidate 1/7
Quantizer parameter: encoding gain  16
total pixel: 524288
Get Mod with shape torch.Size([1, 1, 8, 16]) at layer: 1
Get Mod with shape torch.Size([1, 1, 16, 32]) at layer: 2
Get Mod with shape torch.Size([1, 1, 32, 64]) at layer: 3
Get Mod with shape torch.Size([1, 1, 64, 128]) at layer: 4
Get Mod with shape torch.Size([1, 1, 128, 256]) at layer: 5
Get Mod with shape torch.Size([1, 1, 256, 512]) at layer: 6
Get Mod with shape torch.Size([1, 1, 512, 1024]) at layer: 7
start temperature: 0.3 noise parameter: 2.0
end temperature: 0.3 noise parameter: 2.0
********************Start from stage I
/home/diego/Desktop/moric360-again/models/candidate_train.py:178: UserWarning: Converting a tensor with requires_grad=True to a scalar may lead to unexpected behavior.
Consider using tensor.detach() first. (Triggered internally at /pytorch/torch/csrc/autograd/generated/python_variable_methods.cpp:838.)
  "Step %d, BEST PSNR: %0.6f, Total loss %0.6f"
Step 400, BEST PSNR: 26.029106, Total loss 0.252392 with its rate 0.2720383107662201 latent_bits 142626.421875

🔁 Stage-1 Training Candidate 2/7
Quantizer parameter: encoding gain  16
total pixel: 524288
Get Mod with shape torch.Size([1, 1, 8, 16]) at layer: 1
Get Mod with shape torch.Size([1, 1, 16, 32]) at layer: 2
Get Mod with shape torch.Size([1, 1, 32, 64]) at layer: 3
Get Mod with shape torch.Size([1, 1, 64, 128]) at layer: 4
Get Mod with shape torch.Size([1, 1, 128, 256]) at layer: 5
Get Mod with shape torch.Size([1, 1, 256, 512]) at layer: 6
Get Mod with shape torch.Size([1, 1, 512, 1024]) at layer: 7
start temperature: 0.3 noise parameter: 2.0
end temperature: 0.3 noise parameter: 2.0
********************Start from stage I
Step 400, BEST PSNR: 25.754659, Total loss 0.250163 with its rate 0.2554461359977722 latent_bits 133927.34375

🔁 Stage-1 Training Candidate 3/7
Quantizer parameter: encoding gain  16
total pixel: 524288
Get Mod with shape torch.Size([1, 1, 8, 16]) at layer: 1
Get Mod with shape torch.Size([1, 1, 16, 32]) at layer: 2
Get Mod with shape torch.Size([1, 1, 32, 64]) at layer: 3
Get Mod with shape torch.Size([1, 1, 64, 128]) at layer: 4
Get Mod with shape torch.Size([1, 1, 128, 256]) at layer: 5
Get Mod with shape torch.Size([1, 1, 256, 512]) at layer: 6
Get Mod with shape torch.Size([1, 1, 512, 1024]) at layer: 7
start temperature: 0.3 noise parameter: 2.0
end temperature: 0.3 noise parameter: 2.0
********************Start from stage I
Step 400, BEST PSNR: 25.415498, Total loss 0.253061 with its rate 0.25224965810775757 latent_bits 132251.46875

🔁 Stage-1 Training Candidate 4/7
Quantizer parameter: encoding gain  16
total pixel: 524288
Get Mod with shape torch.Size([1, 1, 8, 16]) at layer: 1
Get Mod with shape torch.Size([1, 1, 16, 32]) at layer: 2
Get Mod with shape torch.Size([1, 1, 32, 64]) at layer: 3
Get Mod with shape torch.Size([1, 1, 64, 128]) at layer: 4
Get Mod with shape torch.Size([1, 1, 128, 256]) at layer: 5
Get Mod with shape torch.Size([1, 1, 256, 512]) at layer: 6
Get Mod with shape torch.Size([1, 1, 512, 1024]) at layer: 7
start temperature: 0.3 noise parameter: 2.0
end temperature: 0.3 noise parameter: 2.0
********************Start from stage I
Step 400, BEST PSNR: 25.968981, Total loss 0.252481 with its rate 0.27485570311546326 latent_bits 144103.546875

🔁 Stage-1 Training Candidate 5/7
Quantizer parameter: encoding gain  16
total pixel: 524288
Get Mod with shape torch.Size([1, 1, 8, 16]) at layer: 1
Get Mod with shape torch.Size([1, 1, 16, 32]) at layer: 2
Get Mod with shape torch.Size([1, 1, 32, 64]) at layer: 3
Get Mod with shape torch.Size([1, 1, 64, 128]) at layer: 4
Get Mod with shape torch.Size([1, 1, 128, 256]) at layer: 5
Get Mod with shape torch.Size([1, 1, 256, 512]) at layer: 6
Get Mod with shape torch.Size([1, 1, 512, 1024]) at layer: 7
start temperature: 0.3 noise parameter: 2.0
end temperature: 0.3 noise parameter: 2.0
********************Start from stage I
Step 400, BEST PSNR: 26.602035, Total loss 0.252519 with its rate 0.2809288501739502 latent_bits 147287.625

🔁 Stage-1 Training Candidate 6/7
Quantizer parameter: encoding gain  16
total pixel: 524288
Get Mod with shape torch.Size([1, 1, 8, 16]) at layer: 1
Get Mod with shape torch.Size([1, 1, 16, 32]) at layer: 2
Get Mod with shape torch.Size([1, 1, 32, 64]) at layer: 3
Get Mod with shape torch.Size([1, 1, 64, 128]) at layer: 4
Get Mod with shape torch.Size([1, 1, 128, 256]) at layer: 5
Get Mod with shape torch.Size([1, 1, 256, 512]) at layer: 6
Get Mod with shape torch.Size([1, 1, 512, 1024]) at layer: 7
start temperature: 0.3 noise parameter: 2.0
end temperature: 0.3 noise parameter: 2.0
********************Start from stage I
Step 400, BEST PSNR: 26.237159, Total loss 0.251303 with its rate 0.26748520135879517 latent_bits 140239.28125

🔁 Stage-1 Training Candidate 7/7
Quantizer parameter: encoding gain  16
total pixel: 524288
Get Mod with shape torch.Size([1, 1, 8, 16]) at layer: 1
Get Mod with shape torch.Size([1, 1, 16, 32]) at layer: 2
Get Mod with shape torch.Size([1, 1, 32, 64]) at layer: 3
Get Mod with shape torch.Size([1, 1, 64, 128]) at layer: 4
Get Mod with shape torch.Size([1, 1, 128, 256]) at layer: 5
Get Mod with shape torch.Size([1, 1, 256, 512]) at layer: 6
Get Mod with shape torch.Size([1, 1, 512, 1024]) at layer: 7
start temperature: 0.3 noise parameter: 2.0
end temperature: 0.3 noise parameter: 2.0
********************Start from stage I
Step 400, BEST PSNR: 26.072867, Total loss 0.254397 with its rate 0.2733005881309509 latent_bits 143288.21875

🌟 Selected Top-3 Candidates by RD cost

🎯 Stage-2 Refining Candidate 1/3
start temperature: 0.3 noise parameter: 2.0
end temperature: 0.3 noise parameter: 2.0
********************Start from stage I
Step 400, BEST PSNR: 26.738999, Total loss 0.256169 with its rate 0.3066682815551758 latent_bits 160782.5

🎯 Stage-2 Refining Candidate 2/3
start temperature: 0.3 noise parameter: 2.0
end temperature: 0.3 noise parameter: 2.0
********************Start from stage I
Step 400, BEST PSNR: 26.580659, Total loss 0.256530 with its rate 0.30112433433532715 latent_bits 157875.875

🎯 Stage-2 Refining Candidate 3/3
start temperature: 0.3 noise parameter: 2.0
end temperature: 0.3 noise parameter: 2.0
********************Start from stage I
Step 400, BEST PSNR: 27.033630, Total loss 0.253531 with its rate 0.30589354038238525 latent_bits 160376.3125

🏆 Best Candidate Final PSNR: 27.03, Rate: 0.3059
Masked_INR(
  (upsampling_2d): Upsampling(
    (conv_transpose2d): UpsamplingConvTranspose2d()
  )
  (arm): Arm(
    (mlp): Sequential(
      (0): ArmConv(
        (conv1_1): Conv1d(16, 16, kernel_size=(1,), stride=(1,))
      )
      (1): GELU(approximate='none')
      (2): ArmConv(
        (conv1_1): Conv1d(16, 16, kernel_size=(1,), stride=(1,))
      )
      (3): GELU(approximate='none')
      (4): ArmConv(
        (conv1_1): Conv1d(16, 2, kernel_size=(1,), stride=(1,))
      )
    )
  )
  (conv_mod): LocalGlobalBlock(
    (net): Sequential(
      (0): SynthesisLayer(
        (pad): Identity()
        (conv_layer): SWHDC(
          (conv): Conv2d(2, 3, kernel_size=(3, 3), stride=(1, 1))
        )
        (non_linearity): GELU(approximate='none')
      )
      (1): SynthesisResidualLayer(
        (pad): ReplicationPad2d((0, 0, 0, 0))
        (conv_layer): Conv2d(3, 3, kernel_size=(1, 1), stride=(1, 1))
        (non_linearity): GELU(approximate='none')
      )
      (2): SynthesisResidualLayer(
        (pad): ReplicationPad2d((0, 0, 0, 0))
        (conv_layer): Conv2d(3, 3, kernel_size=(1, 1), stride=(1, 1))
        (non_linearity): GELU(approximate='none')
      )
      (3): SynthesisResidualLayer(
        (pad): ReplicationPad2d((0, 0, 0, 0))
        (conv_layer): Conv2d(3, 3, kernel_size=(1, 1), stride=(1, 1))
        (non_linearity): Identity()
      )
    )
    (global_net): Sequential(
      (0): SynthesisLayer(
        (pad): Identity()
        (conv_layer): SWHDC(
          (conv): Conv2d(2, 3, kernel_size=(3, 3), stride=(1, 1))
        )
        (non_linearity): GELU(approximate='none')
      )
      (1): SynthesisResidualLayer(
        (pad): ReplicationPad2d((0, 0, 0, 0))
        (conv_layer): Conv2d(3, 3, kernel_size=(1, 1), stride=(1, 1))
        (non_linearity): GELU(approximate='none')
      )
      (2): SynthesisResidualLayer(
        (pad): ReplicationPad2d((0, 0, 0, 0))
        (conv_layer): Conv2d(3, 3, kernel_size=(1, 1), stride=(1, 1))
        (non_linearity): GELU(approximate='none')
      )
      (3): SynthesisResidualLayer(
        (pad): ReplicationPad2d((0, 0, 0, 0))
        (conv_layer): Conv2d(3, 3, kernel_size=(1, 1), stride=(1, 1))
        (non_linearity): Identity()
      )
    )
    (agg_func): Sequential(
      (0): SynthesisLayer(
        (pad): ReplicationPad2d((0, 0, 0, 0))
        (conv_layer): Conv2d(18, 3, kernel_size=(1, 1), stride=(1, 1))
        (non_linearity): GELU(approximate='none')
      )
      (1): SynthesisLayer(
        (pad): ReplicationPad2d((0, 0, 0, 0))
        (conv_layer): Conv2d(21, 3, kernel_size=(1, 1), stride=(1, 1))
        (non_linearity): GELU(approximate='none')
      )
      (2): SynthesisLayer(
        (pad): ReplicationPad2d((0, 0, 0, 0))
        (conv_layer): Conv2d(24, 3, kernel_size=(1, 1), stride=(1, 1))
        (non_linearity): GELU(approximate='none')
      )
    )
    (full_net): Sequential(
      (0): SynthesisLayer(
        (pad): ReplicationPad2d((0, 0, 0, 0))
        (conv_layer): Conv2d(7, 12, kernel_size=(1, 1), stride=(1, 1))
        (non_linearity): GELU(approximate='none')
      )
      (1): SynthesisLayer(
        (pad): ReplicationPad2d((0, 0, 0, 0))
        (conv_layer): Conv2d(12, 3, kernel_size=(1, 1), stride=(1, 1))
        (non_linearity): GELU(approximate='none')
      )
      (2): SynthesisResidualLayer(
        (conv_layer): Conv2d(3, 3, kernel_size=(3, 3), stride=(1, 1))
        (non_linearity): GELU(approximate='none')
      )
      (3): SynthesisResidualLayer(
        (conv_layer): Conv2d(3, 3, kernel_size=(3, 3), stride=(1, 1))
        (non_linearity): GELU(approximate='none')
      )
    )
  )
  (modulation_sf): ParameterList(
      (0): Parameter containing: [torch.float32 of size 1x1x8x16 (cuda:0)]
      (1): Parameter containing: [torch.float32 of size 1x1x16x32 (cuda:0)]
      (2): Parameter containing: [torch.float32 of size 1x1x32x64 (cuda:0)]
      (3): Parameter containing: [torch.float32 of size 1x1x64x128 (cuda:0)]
      (4): Parameter containing: [torch.float32 of size 1x1x128x256 (cuda:0)]
      (5): Parameter containing: [torch.float32 of size 1x1x256x512 (cuda:0)]
      (6): Parameter containing: [torch.float32 of size 1x1x512x1024 (cuda:0)]
  )
)
train the 0 -th image
start temperature: 0.3 noise parameter: 2.0
end temperature: 0.1 noise parameter: 1.0
********************Start from stage I
********************going into stage II
eval_object_psnr: 34.68888346884978
eval_background_psnr: 29.198720790993566
eval_background_psnr: 29.198720790993566
********************Evaluation the Image 0-th, after Step 999, BEST PSNR: 28.114925, Print rate 0.196258. *************************
Saved model at ./saved/modbase_7/context_16_arm_mod_16/sparity_0.0/inr_mod_16KODAK_ROI_Global_new_struture_7_12_3_33_orderconcat_operator_0_pw_0.4_img_object0.pth
Trained the image with PSNR: 28.114925448955784  latent bits 0.19625774025917053 latent bits number 102895.578125
[28.114925448955784]
[0.19625774025917053]
[102895.578125]
load the model: ./saved/modbase_7/context_16_arm_mod_16/sparity_0.0/inr_mod_16KODAK_ROI_Global_new_struture_7_12_3_33_orderconcat_operator_0_pw_0.4_img_object0.pth for the  0 -th image
********************Evalutation with quantization
********************Starting quantizing models
eval_object_psnr: 33.91290681491607
full_image_psnr: 26.98496290731588
object_psnr: 33.91290681491607
background_psnr: 27.97902975131954
********************Evaluation the Image 0-th, BEST PSNR: 26.984963, Print rate 0.196477, Network rate 0.017944. *************************
eval_wsssim: 0.875916
Decoded image saved to ./experiments/vcip_wssim_tunado_diegoPC/decoded_images/othim01_maskerp_wsmse0_swhdc1_erp1_lambda0.4.png
Evaluate the image: PSNR: 26.98496290731588 All bits: 0.21442179381847382  latent bits: 0.19647745788097382  network bits: 0.0179443359375
Evaluate arm network bits: 0.009174346923828125 Evaluate synthesis network bits: 0.008062362670898438
Image All bits num: 112418.7734375 latent bits num: 103010.7734375 mlp bits num: 9408.0 border bits num:
arm bits num: 4810.0 synthesis bits num: 4227.0
[26.98496290731588]
[0.21442179381847382]
[112418.7734375]
Metrics saved to ./experiments/vcip_wssim_tunado_diegoPC/results.csv
Current eval Ave PSNR: 26.98496290731588 Ave Bits 0.21442179381847382
Namespace(batch_size=1, lr=0.01, data='../data', sparsity=0.0, local_upsampling_kernel_size=8, upsampling_kernel_size=8, static_upsampling_kernel=False, latent_factor=1, mod_base=7, highest_flag=1, context_arm=16, dim_arm_mod=16, use_candidate=True, type='other', mod_hid_layer=0, sythesis_features=12, hidden_features=64, hidden_layer=2, scale=1, lambda_rate=0.4, lambda_rate_list=[0.4, 0.8], start_index=0, mask_type='erp', wsmse_tag=0, swhdc_tag=1, swhdc_dilations=[1, 2, 3, 4], erp_padding=1, workdir='./experiments/vcip_wssim_tunado_diegoPC', train_steps_1=5000, train_steps_2=1000, loss_type='combined', lambda_dist=0.0, lambda_percep=1.0, patch_h=512, patch_w=1024, all_pix_num=524288, eval_pix_num=524288)
Directory './saved/modbase_7/context_16_arm_mod_16' already exists.
Directory './saved/modbase_7/context_16_arm_mod_16/sparity_0.0' already exists.
top %: 0.0

🔁 Stage-1 Training Candidate 1/7
Quantizer parameter: encoding gain  16
total pixel: 524288
Get Mod with shape torch.Size([1, 1, 8, 16]) at layer: 1
Get Mod with shape torch.Size([1, 1, 16, 32]) at layer: 2
Get Mod with shape torch.Size([1, 1, 32, 64]) at layer: 3
Get Mod with shape torch.Size([1, 1, 64, 128]) at layer: 4
Get Mod with shape torch.Size([1, 1, 128, 256]) at layer: 5
Get Mod with shape torch.Size([1, 1, 256, 512]) at layer: 6
Get Mod with shape torch.Size([1, 1, 512, 1024]) at layer: 7
start temperature: 0.3 noise parameter: 2.0
end temperature: 0.3 noise parameter: 2.0
********************Start from stage I
Step 400, BEST PSNR: 26.199619, Total loss 0.254359 with its rate 0.2773739695549011 latent_bits 145423.84375

🔁 Stage-1 Training Candidate 2/7
Quantizer parameter: encoding gain  16
total pixel: 524288
Get Mod with shape torch.Size([1, 1, 8, 16]) at layer: 1
Get Mod with shape torch.Size([1, 1, 16, 32]) at layer: 2
Get Mod with shape torch.Size([1, 1, 32, 64]) at layer: 3
Get Mod with shape torch.Size([1, 1, 64, 128]) at layer: 4
Get Mod with shape torch.Size([1, 1, 128, 256]) at layer: 5
Get Mod with shape torch.Size([1, 1, 256, 512]) at layer: 6
Get Mod with shape torch.Size([1, 1, 512, 1024]) at layer: 7
start temperature: 0.3 noise parameter: 2.0
end temperature: 0.3 noise parameter: 2.0
********************Start from stage I
Step 400, BEST PSNR: 26.313828, Total loss 0.258821 with its rate 0.2875433564186096 latent_bits 150755.53125

🔁 Stage-1 Training Candidate 3/7
Quantizer parameter: encoding gain  16
total pixel: 524288
Get Mod with shape torch.Size([1, 1, 8, 16]) at layer: 1
Get Mod with shape torch.Size([1, 1, 16, 32]) at layer: 2
Get Mod with shape torch.Size([1, 1, 32, 64]) at layer: 3
Get Mod with shape torch.Size([1, 1, 64, 128]) at layer: 4
Get Mod with shape torch.Size([1, 1, 128, 256]) at layer: 5
Get Mod with shape torch.Size([1, 1, 256, 512]) at layer: 6
Get Mod with shape torch.Size([1, 1, 512, 1024]) at layer: 7
start temperature: 0.3 noise parameter: 2.0
end temperature: 0.3 noise parameter: 2.0
********************Start from stage I
Step 400, BEST PSNR: 26.165231, Total loss 0.254635 with its rate 0.2825610637664795 latent_bits 148143.375

🔁 Stage-1 Training Candidate 4/7
Quantizer parameter: encoding gain  16
total pixel: 524288
Get Mod with shape torch.Size([1, 1, 8, 16]) at layer: 1
Get Mod with shape torch.Size([1, 1, 16, 32]) at layer: 2
Get Mod with shape torch.Size([1, 1, 32, 64]) at layer: 3
Get Mod with shape torch.Size([1, 1, 64, 128]) at layer: 4
Get Mod with shape torch.Size([1, 1, 128, 256]) at layer: 5
Get Mod with shape torch.Size([1, 1, 256, 512]) at layer: 6
Get Mod with shape torch.Size([1, 1, 512, 1024]) at layer: 7
start temperature: 0.3 noise parameter: 2.0
end temperature: 0.3 noise parameter: 2.0
********************Start from stage I
Step 400, BEST PSNR: 26.263233, Total loss 0.259617 with its rate 0.28315651416778564 latent_bits 148455.5625

🔁 Stage-1 Training Candidate 5/7
Quantizer parameter: encoding gain  16
total pixel: 524288
Get Mod with shape torch.Size([1, 1, 8, 16]) at layer: 1
Get Mod with shape torch.Size([1, 1, 16, 32]) at layer: 2
Get Mod with shape torch.Size([1, 1, 32, 64]) at layer: 3
Get Mod with shape torch.Size([1, 1, 64, 128]) at layer: 4
Get Mod with shape torch.Size([1, 1, 128, 256]) at layer: 5
Get Mod with shape torch.Size([1, 1, 256, 512]) at layer: 6
Get Mod with shape torch.Size([1, 1, 512, 1024]) at layer: 7
start temperature: 0.3 noise parameter: 2.0
end temperature: 0.3 noise parameter: 2.0
********************Start from stage I
Step 400, BEST PSNR: 25.605313, Total loss 0.256878 with its rate 0.25865721702575684 latent_bits 135610.875

🔁 Stage-1 Training Candidate 6/7
Quantizer parameter: encoding gain  16
total pixel: 524288
Get Mod with shape torch.Size([1, 1, 8, 16]) at layer: 1
Get Mod with shape torch.Size([1, 1, 16, 32]) at layer: 2
Get Mod with shape torch.Size([1, 1, 32, 64]) at layer: 3
Get Mod with shape torch.Size([1, 1, 64, 128]) at layer: 4
Get Mod with shape torch.Size([1, 1, 128, 256]) at layer: 5
Get Mod with shape torch.Size([1, 1, 256, 512]) at layer: 6
Get Mod with shape torch.Size([1, 1, 512, 1024]) at layer: 7
start temperature: 0.3 noise parameter: 2.0
end temperature: 0.3 noise parameter: 2.0
********************Start from stage I
Step 400, BEST PSNR: 26.532611, Total loss 0.254795 with its rate 0.2841150164604187 latent_bits 148958.09375

🔁 Stage-1 Training Candidate 7/7
Quantizer parameter: encoding gain  16
total pixel: 524288
Get Mod with shape torch.Size([1, 1, 8, 16]) at layer: 1
Get Mod with shape torch.Size([1, 1, 16, 32]) at layer: 2
Get Mod with shape torch.Size([1, 1, 32, 64]) at layer: 3
Get Mod with shape torch.Size([1, 1, 64, 128]) at layer: 4
Get Mod with shape torch.Size([1, 1, 128, 256]) at layer: 5
Get Mod with shape torch.Size([1, 1, 256, 512]) at layer: 6
Get Mod with shape torch.Size([1, 1, 512, 1024]) at layer: 7
start temperature: 0.3 noise parameter: 2.0
end temperature: 0.3 noise parameter: 2.0
********************Start from stage I
Step 400, BEST PSNR: 25.705405, Total loss 0.257782 with its rate 0.28665024042129517 latent_bits 150287.28125

🌟 Selected Top-3 Candidates by RD cost

🎯 Stage-2 Refining Candidate 1/3
start temperature: 0.3 noise parameter: 2.0
end temperature: 0.3 noise parameter: 2.0
********************Start from stage I
Step 400, BEST PSNR: 26.810983, Total loss 0.261759 with its rate 0.3153098523616791 latent_bits 165313.171875

🎯 Stage-2 Refining Candidate 2/3
start temperature: 0.3 noise parameter: 2.0
end temperature: 0.3 noise parameter: 2.0
********************Start from stage I
Step 400, BEST PSNR: 26.775137, Total loss 0.256060 with its rate 0.30886152386665344 latent_bits 161932.390625

🎯 Stage-2 Refining Candidate 3/3
start temperature: 0.3 noise parameter: 2.0
end temperature: 0.3 noise parameter: 2.0
********************Start from stage I
Step 400, BEST PSNR: 27.011684, Total loss 0.257532 with its rate 0.30954551696777344 latent_bits 162291.0

🏆 Best Candidate Final PSNR: 26.78, Rate: 0.3089
Masked_INR(
  (upsampling_2d): Upsampling(
    (conv_transpose2d): UpsamplingConvTranspose2d()
  )
  (arm): Arm(
    (mlp): Sequential(
      (0): ArmConv(
        (conv1_1): Conv1d(16, 16, kernel_size=(1,), stride=(1,))
      )
      (1): GELU(approximate='none')
      (2): ArmConv(
        (conv1_1): Conv1d(16, 16, kernel_size=(1,), stride=(1,))
      )
      (3): GELU(approximate='none')
      (4): ArmConv(
        (conv1_1): Conv1d(16, 2, kernel_size=(1,), stride=(1,))
      )
    )
  )
  (conv_mod): LocalGlobalBlock(
    (net): Sequential(
      (0): SynthesisLayer(
        (pad): Identity()
        (conv_layer): SWHDC(
          (conv): Conv2d(2, 3, kernel_size=(3, 3), stride=(1, 1))
        )
        (non_linearity): GELU(approximate='none')
      )
      (1): SynthesisResidualLayer(
        (pad): ReplicationPad2d((0, 0, 0, 0))
        (conv_layer): Conv2d(3, 3, kernel_size=(1, 1), stride=(1, 1))
        (non_linearity): GELU(approximate='none')
      )
      (2): SynthesisResidualLayer(
        (pad): ReplicationPad2d((0, 0, 0, 0))
        (conv_layer): Conv2d(3, 3, kernel_size=(1, 1), stride=(1, 1))
        (non_linearity): GELU(approximate='none')
      )
      (3): SynthesisResidualLayer(
        (pad): ReplicationPad2d((0, 0, 0, 0))
        (conv_layer): Conv2d(3, 3, kernel_size=(1, 1), stride=(1, 1))
        (non_linearity): Identity()
      )
    )
    (global_net): Sequential(
      (0): SynthesisLayer(
        (pad): Identity()
        (conv_layer): SWHDC(
          (conv): Conv2d(2, 3, kernel_size=(3, 3), stride=(1, 1))
        )
        (non_linearity): GELU(approximate='none')
      )
      (1): SynthesisResidualLayer(
        (pad): ReplicationPad2d((0, 0, 0, 0))
        (conv_layer): Conv2d(3, 3, kernel_size=(1, 1), stride=(1, 1))
        (non_linearity): GELU(approximate='none')
      )
      (2): SynthesisResidualLayer(
        (pad): ReplicationPad2d((0, 0, 0, 0))
        (conv_layer): Conv2d(3, 3, kernel_size=(1, 1), stride=(1, 1))
        (non_linearity): GELU(approximate='none')
      )
      (3): SynthesisResidualLayer(
        (pad): ReplicationPad2d((0, 0, 0, 0))
        (conv_layer): Conv2d(3, 3, kernel_size=(1, 1), stride=(1, 1))
        (non_linearity): Identity()
      )
    )
    (agg_func): Sequential(
      (0): SynthesisLayer(
        (pad): ReplicationPad2d((0, 0, 0, 0))
        (conv_layer): Conv2d(18, 3, kernel_size=(1, 1), stride=(1, 1))
        (non_linearity): GELU(approximate='none')
      )
      (1): SynthesisLayer(
        (pad): ReplicationPad2d((0, 0, 0, 0))
        (conv_layer): Conv2d(21, 3, kernel_size=(1, 1), stride=(1, 1))
        (non_linearity): GELU(approximate='none')
      )
      (2): SynthesisLayer(
        (pad): ReplicationPad2d((0, 0, 0, 0))
        (conv_layer): Conv2d(24, 3, kernel_size=(1, 1), stride=(1, 1))
        (non_linearity): GELU(approximate='none')
      )
    )
    (full_net): Sequential(
      (0): SynthesisLayer(
        (pad): ReplicationPad2d((0, 0, 0, 0))
        (conv_layer): Conv2d(7, 12, kernel_size=(1, 1), stride=(1, 1))
        (non_linearity): GELU(approximate='none')
      )
      (1): SynthesisLayer(
        (pad): ReplicationPad2d((0, 0, 0, 0))
        (conv_layer): Conv2d(12, 3, kernel_size=(1, 1), stride=(1, 1))
        (non_linearity): GELU(approximate='none')
      )
      (2): SynthesisResidualLayer(
        (conv_layer): Conv2d(3, 3, kernel_size=(3, 3), stride=(1, 1))
        (non_linearity): GELU(approximate='none')
      )
      (3): SynthesisResidualLayer(
        (conv_layer): Conv2d(3, 3, kernel_size=(3, 3), stride=(1, 1))
        (non_linearity): GELU(approximate='none')
      )
    )
  )
  (modulation_sf): ParameterList(
      (0): Parameter containing: [torch.float32 of size 1x1x8x16 (cuda:0)]
      (1): Parameter containing: [torch.float32 of size 1x1x16x32 (cuda:0)]
      (2): Parameter containing: [torch.float32 of size 1x1x32x64 (cuda:0)]
      (3): Parameter containing: [torch.float32 of size 1x1x64x128 (cuda:0)]
      (4): Parameter containing: [torch.float32 of size 1x1x128x256 (cuda:0)]
      (5): Parameter containing: [torch.float32 of size 1x1x256x512 (cuda:0)]
      (6): Parameter containing: [torch.float32 of size 1x1x512x1024 (cuda:0)]
  )
)
train the 1 -th image
start temperature: 0.3 noise parameter: 2.0
end temperature: 0.1 noise parameter: 1.0
********************Start from stage I
********************going into stage II
eval_object_psnr: 33.639984747533745
eval_background_psnr: 29.11857086861056
eval_background_psnr: 29.11857086861056
********************Evaluation the Image 1-th, after Step 999, BEST PSNR: 27.753446, Print rate 0.200481. *************************
Saved model at ./saved/modbase_7/context_16_arm_mod_16/sparity_0.0/inr_mod_16KODAK_ROI_Global_new_struture_7_12_3_33_orderconcat_operator_0_pw_0.4_img_object1.pth
Trained the image with PSNR: 27.75344635449581  latent bits 0.20048120617866516 latent bits number 105109.890625
[28.114925448955784, 27.75344635449581]
[0.19625774025917053, 0.20048120617866516]
[102895.578125, 105109.890625]
load the model: ./saved/modbase_7/context_16_arm_mod_16/sparity_0.0/inr_mod_16KODAK_ROI_Global_new_struture_7_12_3_33_orderconcat_operator_0_pw_0.4_img_object1.pth for the  1 -th image
********************Evalutation with quantization
********************Starting quantizing models
eval_object_psnr: 32.923803449982955
full_image_psnr: 26.914855757670068
object_psnr: 32.923803449982955
background_psnr: 28.216147368288556
********************Evaluation the Image 1-th, BEST PSNR: 26.914856, Print rate 0.201566, Network rate 0.017958. *************************
eval_wsssim: 0.875788
Decoded image saved to ./experiments/vcip_wssim_tunado_diegoPC/decoded_images/othim02_maskerp_wsmse0_swhdc1_erp1_lambda0.4.png
Evaluate the image: PSNR: 26.914855757670068 All bits: 0.21952378749847412  latent bits: 0.20156610012054443  network bits: 0.017957687377929688
Evaluate arm network bits: 0.00809478759765625 Evaluate synthesis network bits: 0.009296417236328125
Image All bits num: 115093.6875 latent bits num: 105678.6875 mlp bits num: 9415.0 border bits num:
arm bits num: 4244.0 synthesis bits num: 4874.0
[26.98496290731588, 26.914855757670068]
[0.21442179381847382, 0.21952378749847412]
[112418.7734375, 115093.6875]
Metrics saved to ./experiments/vcip_wssim_tunado_diegoPC/results.csv
Current eval Ave PSNR: 26.94990933249297 Ave Bits 0.21697279065847397
Namespace(batch_size=1, lr=0.01, data='../data', sparsity=0.0, local_upsampling_kernel_size=8, upsampling_kernel_size=8, static_upsampling_kernel=False, latent_factor=1, mod_base=7, highest_flag=1, context_arm=16, dim_arm_mod=16, use_candidate=True, type='other', mod_hid_layer=0, sythesis_features=12, hidden_features=64, hidden_layer=2, scale=1, lambda_rate=0.4, lambda_rate_list=[0.4, 0.8], start_index=0, mask_type='erp', wsmse_tag=0, swhdc_tag=1, swhdc_dilations=[1, 2, 3, 4], erp_padding=1, workdir='./experiments/vcip_wssim_tunado_diegoPC', train_steps_1=5000, train_steps_2=1000, loss_type='combined', lambda_dist=0.0, lambda_percep=1.0, patch_h=512, patch_w=1024, all_pix_num=524288, eval_pix_num=524288)
Directory './saved/modbase_7/context_16_arm_mod_16' already exists.
Directory './saved/modbase_7/context_16_arm_mod_16/sparity_0.0' already exists.
top %: 0.0

🔁 Stage-1 Training Candidate 1/7
Quantizer parameter: encoding gain  16
total pixel: 524288
Get Mod with shape torch.Size([1, 1, 8, 16]) at layer: 1
Get Mod with shape torch.Size([1, 1, 16, 32]) at layer: 2
Get Mod with shape torch.Size([1, 1, 32, 64]) at layer: 3
Get Mod with shape torch.Size([1, 1, 64, 128]) at layer: 4
Get Mod with shape torch.Size([1, 1, 128, 256]) at layer: 5
Get Mod with shape torch.Size([1, 1, 256, 512]) at layer: 6
Get Mod with shape torch.Size([1, 1, 512, 1024]) at layer: 7
start temperature: 0.3 noise parameter: 2.0
end temperature: 0.3 noise parameter: 2.0
********************Start from stage I
Step 400, BEST PSNR: 26.096468, Total loss 0.257343 with its rate 0.26708686351776123 latent_bits 140030.4375

🔁 Stage-1 Training Candidate 2/7
Quantizer parameter: encoding gain  16
total pixel: 524288
Get Mod with shape torch.Size([1, 1, 8, 16]) at layer: 1
Get Mod with shape torch.Size([1, 1, 16, 32]) at layer: 2
Get Mod with shape torch.Size([1, 1, 32, 64]) at layer: 3
Get Mod with shape torch.Size([1, 1, 64, 128]) at layer: 4
Get Mod with shape torch.Size([1, 1, 128, 256]) at layer: 5
Get Mod with shape torch.Size([1, 1, 256, 512]) at layer: 6
Get Mod with shape torch.Size([1, 1, 512, 1024]) at layer: 7
start temperature: 0.3 noise parameter: 2.0
end temperature: 0.3 noise parameter: 2.0
********************Start from stage I
Step 400, BEST PSNR: 26.357003, Total loss 0.258427 with its rate 0.2811639904975891 latent_bits 147410.90625

🔁 Stage-1 Training Candidate 3/7
Quantizer parameter: encoding gain  16
total pixel: 524288
Get Mod with shape torch.Size([1, 1, 8, 16]) at layer: 1
Get Mod with shape torch.Size([1, 1, 16, 32]) at layer: 2
Get Mod with shape torch.Size([1, 1, 32, 64]) at layer: 3
Get Mod with shape torch.Size([1, 1, 64, 128]) at layer: 4
Get Mod with shape torch.Size([1, 1, 128, 256]) at layer: 5
Get Mod with shape torch.Size([1, 1, 256, 512]) at layer: 6
Get Mod with shape torch.Size([1, 1, 512, 1024]) at layer: 7
start temperature: 0.3 noise parameter: 2.0
end temperature: 0.3 noise parameter: 2.0
********************Start from stage I
Step 400, BEST PSNR: 25.938174, Total loss 0.253450 with its rate 0.27391958236694336 latent_bits 143612.75

🔁 Stage-1 Training Candidate 4/7
Quantizer parameter: encoding gain  16
total pixel: 524288
Get Mod with shape torch.Size([1, 1, 8, 16]) at layer: 1
Get Mod with shape torch.Size([1, 1, 16, 32]) at layer: 2
Get Mod with shape torch.Size([1, 1, 32, 64]) at layer: 3
Get Mod with shape torch.Size([1, 1, 64, 128]) at layer: 4
Get Mod with shape torch.Size([1, 1, 128, 256]) at layer: 5
Get Mod with shape torch.Size([1, 1, 256, 512]) at layer: 6
Get Mod with shape torch.Size([1, 1, 512, 1024]) at layer: 7
start temperature: 0.3 noise parameter: 2.0
end temperature: 0.3 noise parameter: 2.0
********************Start from stage I
Step 400, BEST PSNR: 26.293213, Total loss 0.256883 with its rate 0.27738457918167114 latent_bits 145429.40625

🔁 Stage-1 Training Candidate 5/7
Quantizer parameter: encoding gain  16
total pixel: 524288
Get Mod with shape torch.Size([1, 1, 8, 16]) at layer: 1
Get Mod with shape torch.Size([1, 1, 16, 32]) at layer: 2
Get Mod with shape torch.Size([1, 1, 32, 64]) at layer: 3
Get Mod with shape torch.Size([1, 1, 64, 128]) at layer: 4
Get Mod with shape torch.Size([1, 1, 128, 256]) at layer: 5
Get Mod with shape torch.Size([1, 1, 256, 512]) at layer: 6
Get Mod with shape torch.Size([1, 1, 512, 1024]) at layer: 7
start temperature: 0.3 noise parameter: 2.0
end temperature: 0.3 noise parameter: 2.0
********************Start from stage I
Step 400, BEST PSNR: 26.319168, Total loss 0.258310 with its rate 0.28947246074676514 latent_bits 151766.9375

🔁 Stage-1 Training Candidate 6/7
Quantizer parameter: encoding gain  16
total pixel: 524288
Get Mod with shape torch.Size([1, 1, 8, 16]) at layer: 1
Get Mod with shape torch.Size([1, 1, 16, 32]) at layer: 2
Get Mod with shape torch.Size([1, 1, 32, 64]) at layer: 3
Get Mod with shape torch.Size([1, 1, 64, 128]) at layer: 4
Get Mod with shape torch.Size([1, 1, 128, 256]) at layer: 5
Get Mod with shape torch.Size([1, 1, 256, 512]) at layer: 6
Get Mod with shape torch.Size([1, 1, 512, 1024]) at layer: 7
start temperature: 0.3 noise parameter: 2.0
end temperature: 0.3 noise parameter: 2.0
********************Start from stage I
Step 400, BEST PSNR: 26.095128, Total loss 0.254539 with its rate 0.2793658673763275 latent_bits 146468.171875

🔁 Stage-1 Training Candidate 7/7
Quantizer parameter: encoding gain  16
total pixel: 524288
Get Mod with shape torch.Size([1, 1, 8, 16]) at layer: 1
Get Mod with shape torch.Size([1, 1, 16, 32]) at layer: 2
Get Mod with shape torch.Size([1, 1, 32, 64]) at layer: 3
Get Mod with shape torch.Size([1, 1, 64, 128]) at layer: 4
Get Mod with shape torch.Size([1, 1, 128, 256]) at layer: 5
Get Mod with shape torch.Size([1, 1, 256, 512]) at layer: 6
Get Mod with shape torch.Size([1, 1, 512, 1024]) at layer: 7
start temperature: 0.3 noise parameter: 2.0
end temperature: 0.3 noise parameter: 2.0
********************Start from stage I
Step 400, BEST PSNR: 25.772442, Total loss 0.260072 with its rate 0.27507272362709045 latent_bits 144217.328125

🌟 Selected Top-3 Candidates by RD cost

🎯 Stage-2 Refining Candidate 1/3
start temperature: 0.3 noise parameter: 2.0
end temperature: 0.3 noise parameter: 2.0
********************Start from stage I
Step 400, BEST PSNR: 26.716779, Total loss 0.258929 with its rate 0.31173932552337646 latent_bits 163441.1875

🎯 Stage-2 Refining Candidate 2/3
start temperature: 0.3 noise parameter: 2.0
end temperature: 0.3 noise parameter: 2.0
********************Start from stage I
Step 400, BEST PSNR: 26.693852, Total loss 0.261027 with its rate 0.3177497386932373 latent_bits 166592.375

🎯 Stage-2 Refining Candidate 3/3
start temperature: 0.3 noise parameter: 2.0
end temperature: 0.3 noise parameter: 2.0
********************Start from stage I
Step 400, BEST PSNR: 27.191759, Total loss 0.258846 with its rate 0.30989500880241394 latent_bits 162474.234375

🏆 Best Candidate Final PSNR: 27.19, Rate: 0.3099
Masked_INR(
  (upsampling_2d): Upsampling(
    (conv_transpose2d): UpsamplingConvTranspose2d()
  )
  (arm): Arm(
    (mlp): Sequential(
      (0): ArmConv(
        (conv1_1): Conv1d(16, 16, kernel_size=(1,), stride=(1,))
      )
      (1): GELU(approximate='none')
      (2): ArmConv(
        (conv1_1): Conv1d(16, 16, kernel_size=(1,), stride=(1,))
      )
      (3): GELU(approximate='none')
      (4): ArmConv(
        (conv1_1): Conv1d(16, 2, kernel_size=(1,), stride=(1,))
      )
    )
  )
  (conv_mod): LocalGlobalBlock(
    (net): Sequential(
      (0): SynthesisLayer(
        (pad): Identity()
        (conv_layer): SWHDC(
          (conv): Conv2d(2, 3, kernel_size=(3, 3), stride=(1, 1))
        )
        (non_linearity): GELU(approximate='none')
      )
      (1): SynthesisResidualLayer(
        (pad): ReplicationPad2d((0, 0, 0, 0))
        (conv_layer): Conv2d(3, 3, kernel_size=(1, 1), stride=(1, 1))
        (non_linearity): GELU(approximate='none')
      )
      (2): SynthesisResidualLayer(
        (pad): ReplicationPad2d((0, 0, 0, 0))
        (conv_layer): Conv2d(3, 3, kernel_size=(1, 1), stride=(1, 1))
        (non_linearity): GELU(approximate='none')
      )
      (3): SynthesisResidualLayer(
        (pad): ReplicationPad2d((0, 0, 0, 0))
        (conv_layer): Conv2d(3, 3, kernel_size=(1, 1), stride=(1, 1))
        (non_linearity): Identity()
      )
    )
    (global_net): Sequential(
      (0): SynthesisLayer(
        (pad): Identity()
        (conv_layer): SWHDC(
          (conv): Conv2d(2, 3, kernel_size=(3, 3), stride=(1, 1))
        )
        (non_linearity): GELU(approximate='none')
      )
      (1): SynthesisResidualLayer(
        (pad): ReplicationPad2d((0, 0, 0, 0))
        (conv_layer): Conv2d(3, 3, kernel_size=(1, 1), stride=(1, 1))
        (non_linearity): GELU(approximate='none')
      )
      (2): SynthesisResidualLayer(
        (pad): ReplicationPad2d((0, 0, 0, 0))
        (conv_layer): Conv2d(3, 3, kernel_size=(1, 1), stride=(1, 1))
        (non_linearity): GELU(approximate='none')
      )
      (3): SynthesisResidualLayer(
        (pad): ReplicationPad2d((0, 0, 0, 0))
        (conv_layer): Conv2d(3, 3, kernel_size=(1, 1), stride=(1, 1))
        (non_linearity): Identity()
      )
    )
    (agg_func): Sequential(
      (0): SynthesisLayer(
        (pad): ReplicationPad2d((0, 0, 0, 0))
        (conv_layer): Conv2d(18, 3, kernel_size=(1, 1), stride=(1, 1))
        (non_linearity): GELU(approximate='none')
      )
      (1): SynthesisLayer(
        (pad): ReplicationPad2d((0, 0, 0, 0))
        (conv_layer): Conv2d(21, 3, kernel_size=(1, 1), stride=(1, 1))
        (non_linearity): GELU(approximate='none')
      )
      (2): SynthesisLayer(
        (pad): ReplicationPad2d((0, 0, 0, 0))
        (conv_layer): Conv2d(24, 3, kernel_size=(1, 1), stride=(1, 1))
        (non_linearity): GELU(approximate='none')
      )
    )
    (full_net): Sequential(
      (0): SynthesisLayer(
        (pad): ReplicationPad2d((0, 0, 0, 0))
        (conv_layer): Conv2d(7, 12, kernel_size=(1, 1), stride=(1, 1))
        (non_linearity): GELU(approximate='none')
      )
      (1): SynthesisLayer(
        (pad): ReplicationPad2d((0, 0, 0, 0))
        (conv_layer): Conv2d(12, 3, kernel_size=(1, 1), stride=(1, 1))
        (non_linearity): GELU(approximate='none')
      )
      (2): SynthesisResidualLayer(
        (conv_layer): Conv2d(3, 3, kernel_size=(3, 3), stride=(1, 1))
        (non_linearity): GELU(approximate='none')
      )
      (3): SynthesisResidualLayer(
        (conv_layer): Conv2d(3, 3, kernel_size=(3, 3), stride=(1, 1))
        (non_linearity): GELU(approximate='none')
      )
    )
  )
  (modulation_sf): ParameterList(
      (0): Parameter containing: [torch.float32 of size 1x1x8x16 (cuda:0)]
      (1): Parameter containing: [torch.float32 of size 1x1x16x32 (cuda:0)]
      (2): Parameter containing: [torch.float32 of size 1x1x32x64 (cuda:0)]
      (3): Parameter containing: [torch.float32 of size 1x1x64x128 (cuda:0)]
      (4): Parameter containing: [torch.float32 of size 1x1x128x256 (cuda:0)]
      (5): Parameter containing: [torch.float32 of size 1x1x256x512 (cuda:0)]
      (6): Parameter containing: [torch.float32 of size 1x1x512x1024 (cuda:0)]
  )
)
train the 2 -th image
start temperature: 0.3 noise parameter: 2.0
end temperature: 0.1 noise parameter: 1.0
********************Start from stage I
********************going into stage II
eval_object_psnr: 34.24824176508999
eval_background_psnr: 29.325288970081374
eval_background_psnr: 29.325288970081374
********************Evaluation the Image 2-th, after Step 999, BEST PSNR: 28.104605, Print rate 0.201259. *************************
Saved model at ./saved/modbase_7/context_16_arm_mod_16/sparity_0.0/inr_mod_16KODAK_ROI_Global_new_struture_7_12_3_33_orderconcat_operator_0_pw_0.4_img_object2.pth
Trained the image with PSNR: 28.104604897360105  latent bits 0.2012585699558258 latent bits number 105517.453125
[28.114925448955784, 27.75344635449581, 28.104604897360105]
[0.19625774025917053, 0.20048120617866516, 0.2012585699558258]
[102895.578125, 105109.890625, 105517.453125]
load the model: ./saved/modbase_7/context_16_arm_mod_16/sparity_0.0/inr_mod_16KODAK_ROI_Global_new_struture_7_12_3_33_orderconcat_operator_0_pw_0.4_img_object2.pth for the  2 -th image
********************Evalutation with quantization
********************Starting quantizing models
eval_object_psnr: 32.684291410574595
full_image_psnr: 26.794346067269846
object_psnr: 32.684291410574595
background_psnr: 28.12033660940285
********************Evaluation the Image 2-th, BEST PSNR: 26.794346, Print rate 0.202656, Network rate 0.016550. *************************
eval_wsssim: 0.871450
Decoded image saved to ./experiments/vcip_wssim_tunado_diegoPC/decoded_images/othim03_maskerp_wsmse0_swhdc1_erp1_lambda0.4.png
Evaluate the image: PSNR: 26.794346067269846 All bits: 0.21920588612556458  latent bits: 0.2026558220386505  network bits: 0.016550064086914062
Evaluate arm network bits: 0.006839752197265625 Evaluate synthesis network bits: 0.00911712646484375
Image All bits num: 114927.015625 latent bits num: 106250.015625 mlp bits num: 8677.0 border bits num:
arm bits num: 3586.0 synthesis bits num: 4780.0
[26.98496290731588, 26.914855757670068, 26.794346067269846]
[0.21442179381847382, 0.21952378749847412, 0.21920588612556458]
[112418.7734375, 115093.6875, 114927.015625]
Metrics saved to ./experiments/vcip_wssim_tunado_diegoPC/results.csv
Current eval Ave PSNR: 26.898054910751927 Ave Bits 0.21771715581417084
Namespace(batch_size=1, lr=0.01, data='../data', sparsity=0.0, local_upsampling_kernel_size=8, upsampling_kernel_size=8, static_upsampling_kernel=False, latent_factor=1, mod_base=7, highest_flag=1, context_arm=16, dim_arm_mod=16, use_candidate=True, type='other', mod_hid_layer=0, sythesis_features=12, hidden_features=64, hidden_layer=2, scale=1, lambda_rate=0.4, lambda_rate_list=[0.4, 0.8], start_index=0, mask_type='erp', wsmse_tag=0, swhdc_tag=1, swhdc_dilations=[1, 2, 3, 4], erp_padding=1, workdir='./experiments/vcip_wssim_tunado_diegoPC', train_steps_1=5000, train_steps_2=1000, loss_type='combined', lambda_dist=0.0, lambda_percep=1.0, patch_h=512, patch_w=1024, all_pix_num=524288, eval_pix_num=524288)
Directory './saved/modbase_7/context_16_arm_mod_16' already exists.
Directory './saved/modbase_7/context_16_arm_mod_16/sparity_0.0' already exists.
top %: 0.0

🔁 Stage-1 Training Candidate 1/7
Quantizer parameter: encoding gain  16
total pixel: 524288
Get Mod with shape torch.Size([1, 1, 8, 16]) at layer: 1
Get Mod with shape torch.Size([1, 1, 16, 32]) at layer: 2
Get Mod with shape torch.Size([1, 1, 32, 64]) at layer: 3
Get Mod with shape torch.Size([1, 1, 64, 128]) at layer: 4
Get Mod with shape torch.Size([1, 1, 128, 256]) at layer: 5
Get Mod with shape torch.Size([1, 1, 256, 512]) at layer: 6
Get Mod with shape torch.Size([1, 1, 512, 1024]) at layer: 7
start temperature: 0.3 noise parameter: 2.0
end temperature: 0.3 noise parameter: 2.0
********************Start from stage I
Step 400, BEST PSNR: 23.897969, Total loss 0.351784 with its rate 0.4329470992088318 latent_bits 226988.96875

🔁 Stage-1 Training Candidate 2/7
Quantizer parameter: encoding gain  16
total pixel: 524288
Get Mod with shape torch.Size([1, 1, 8, 16]) at layer: 1
Get Mod with shape torch.Size([1, 1, 16, 32]) at layer: 2
Get Mod with shape torch.Size([1, 1, 32, 64]) at layer: 3
Get Mod with shape torch.Size([1, 1, 64, 128]) at layer: 4
Get Mod with shape torch.Size([1, 1, 128, 256]) at layer: 5
Get Mod with shape torch.Size([1, 1, 256, 512]) at layer: 6
Get Mod with shape torch.Size([1, 1, 512, 1024]) at layer: 7
start temperature: 0.3 noise parameter: 2.0
end temperature: 0.3 noise parameter: 2.0
********************Start from stage I
Step 400, BEST PSNR: 23.903909, Total loss 0.351913 with its rate 0.4333086609840393 latent_bits 227178.53125

🔁 Stage-1 Training Candidate 3/7
Quantizer parameter: encoding gain  16
total pixel: 524288
Get Mod with shape torch.Size([1, 1, 8, 16]) at layer: 1
Get Mod with shape torch.Size([1, 1, 16, 32]) at layer: 2
Get Mod with shape torch.Size([1, 1, 32, 64]) at layer: 3
Get Mod with shape torch.Size([1, 1, 64, 128]) at layer: 4
Get Mod with shape torch.Size([1, 1, 128, 256]) at layer: 5
Get Mod with shape torch.Size([1, 1, 256, 512]) at layer: 6
Get Mod with shape torch.Size([1, 1, 512, 1024]) at layer: 7
start temperature: 0.3 noise parameter: 2.0
end temperature: 0.3 noise parameter: 2.0
********************Start from stage I
Step 400, BEST PSNR: 23.816843, Total loss 0.350202 with its rate 0.4393253028392792 latent_bits 230332.984375

🔁 Stage-1 Training Candidate 4/7
Quantizer parameter: encoding gain  16
total pixel: 524288
Get Mod with shape torch.Size([1, 1, 8, 16]) at layer: 1
Get Mod with shape torch.Size([1, 1, 16, 32]) at layer: 2
Get Mod with shape torch.Size([1, 1, 32, 64]) at layer: 3
Get Mod with shape torch.Size([1, 1, 64, 128]) at layer: 4
Get Mod with shape torch.Size([1, 1, 128, 256]) at layer: 5
Get Mod with shape torch.Size([1, 1, 256, 512]) at layer: 6
Get Mod with shape torch.Size([1, 1, 512, 1024]) at layer: 7
start temperature: 0.3 noise parameter: 2.0
end temperature: 0.3 noise parameter: 2.0
********************Start from stage I
Step 400, BEST PSNR: 23.682119, Total loss 0.354497 with its rate 0.4343380033969879 latent_bits 227718.203125

🔁 Stage-1 Training Candidate 5/7
Quantizer parameter: encoding gain  16
total pixel: 524288
Get Mod with shape torch.Size([1, 1, 8, 16]) at layer: 1
Get Mod with shape torch.Size([1, 1, 16, 32]) at layer: 2
Get Mod with shape torch.Size([1, 1, 32, 64]) at layer: 3
Get Mod with shape torch.Size([1, 1, 64, 128]) at layer: 4
Get Mod with shape torch.Size([1, 1, 128, 256]) at layer: 5
Get Mod with shape torch.Size([1, 1, 256, 512]) at layer: 6
Get Mod with shape torch.Size([1, 1, 512, 1024]) at layer: 7
start temperature: 0.3 noise parameter: 2.0
end temperature: 0.3 noise parameter: 2.0
********************Start from stage I
Step 400, BEST PSNR: 23.333216, Total loss 0.354647 with its rate 0.4409642815589905 latent_bits 231192.28125

🔁 Stage-1 Training Candidate 6/7
Quantizer parameter: encoding gain  16
total pixel: 524288
Get Mod with shape torch.Size([1, 1, 8, 16]) at layer: 1
Get Mod with shape torch.Size([1, 1, 16, 32]) at layer: 2
Get Mod with shape torch.Size([1, 1, 32, 64]) at layer: 3
Get Mod with shape torch.Size([1, 1, 64, 128]) at layer: 4
Get Mod with shape torch.Size([1, 1, 128, 256]) at layer: 5
Get Mod with shape torch.Size([1, 1, 256, 512]) at layer: 6
Get Mod with shape torch.Size([1, 1, 512, 1024]) at layer: 7
start temperature: 0.3 noise parameter: 2.0
end temperature: 0.3 noise parameter: 2.0
********************Start from stage I
Step 400, BEST PSNR: 24.145998, Total loss 0.351483 with its rate 0.44187411665916443 latent_bits 231669.296875

🔁 Stage-1 Training Candidate 7/7
Quantizer parameter: encoding gain  16
total pixel: 524288
Get Mod with shape torch.Size([1, 1, 8, 16]) at layer: 1
Get Mod with shape torch.Size([1, 1, 16, 32]) at layer: 2
Get Mod with shape torch.Size([1, 1, 32, 64]) at layer: 3
Get Mod with shape torch.Size([1, 1, 64, 128]) at layer: 4
Get Mod with shape torch.Size([1, 1, 128, 256]) at layer: 5
Get Mod with shape torch.Size([1, 1, 256, 512]) at layer: 6
Get Mod with shape torch.Size([1, 1, 512, 1024]) at layer: 7
start temperature: 0.3 noise parameter: 2.0
end temperature: 0.3 noise parameter: 2.0
********************Start from stage I
Step 400, BEST PSNR: 23.802857, Total loss 0.352576 with its rate 0.4320297837257385 latent_bits 226508.03125

🌟 Selected Top-3 Candidates by RD cost

🎯 Stage-2 Refining Candidate 1/3
start temperature: 0.3 noise parameter: 2.0
end temperature: 0.3 noise parameter: 2.0
********************Start from stage I
Step 400, BEST PSNR: 24.234835, Total loss 0.351955 with its rate 0.45975661277770996 latent_bits 241044.875

🎯 Stage-2 Refining Candidate 2/3
start temperature: 0.3 noise parameter: 2.0
end temperature: 0.3 noise parameter: 2.0
********************Start from stage I
Step 400, BEST PSNR: 24.225364, Total loss 0.355302 with its rate 0.46442940831184387 latent_bits 243494.765625

🎯 Stage-2 Refining Candidate 3/3
start temperature: 0.3 noise parameter: 2.0
end temperature: 0.3 noise parameter: 2.0
********************Start from stage I
Step 400, BEST PSNR: 24.184028, Total loss 0.355457 with its rate 0.4625169634819031 latent_bits 242492.09375

🏆 Best Candidate Final PSNR: 24.23, Rate: 0.4598
Masked_INR(
  (upsampling_2d): Upsampling(
    (conv_transpose2d): UpsamplingConvTranspose2d()
  )
  (arm): Arm(
    (mlp): Sequential(
      (0): ArmConv(
        (conv1_1): Conv1d(16, 16, kernel_size=(1,), stride=(1,))
      )
      (1): GELU(approximate='none')
      (2): ArmConv(
        (conv1_1): Conv1d(16, 16, kernel_size=(1,), stride=(1,))
      )
      (3): GELU(approximate='none')
      (4): ArmConv(
        (conv1_1): Conv1d(16, 2, kernel_size=(1,), stride=(1,))
      )
    )
  )
  (conv_mod): LocalGlobalBlock(
    (net): Sequential(
      (0): SynthesisLayer(
        (pad): Identity()
        (conv_layer): SWHDC(
          (conv): Conv2d(2, 3, kernel_size=(3, 3), stride=(1, 1))
        )
        (non_linearity): GELU(approximate='none')
      )
      (1): SynthesisResidualLayer(
        (pad): ReplicationPad2d((0, 0, 0, 0))
        (conv_layer): Conv2d(3, 3, kernel_size=(1, 1), stride=(1, 1))
        (non_linearity): GELU(approximate='none')
      )
      (2): SynthesisResidualLayer(
        (pad): ReplicationPad2d((0, 0, 0, 0))
        (conv_layer): Conv2d(3, 3, kernel_size=(1, 1), stride=(1, 1))
        (non_linearity): GELU(approximate='none')
      )
      (3): SynthesisResidualLayer(
        (pad): ReplicationPad2d((0, 0, 0, 0))
        (conv_layer): Conv2d(3, 3, kernel_size=(1, 1), stride=(1, 1))
        (non_linearity): Identity()
      )
    )
    (global_net): Sequential(
      (0): SynthesisLayer(
        (pad): Identity()
        (conv_layer): SWHDC(
          (conv): Conv2d(2, 3, kernel_size=(3, 3), stride=(1, 1))
        )
        (non_linearity): GELU(approximate='none')
      )
      (1): SynthesisResidualLayer(
        (pad): ReplicationPad2d((0, 0, 0, 0))
        (conv_layer): Conv2d(3, 3, kernel_size=(1, 1), stride=(1, 1))
        (non_linearity): GELU(approximate='none')
      )
      (2): SynthesisResidualLayer(
        (pad): ReplicationPad2d((0, 0, 0, 0))
        (conv_layer): Conv2d(3, 3, kernel_size=(1, 1), stride=(1, 1))
        (non_linearity): GELU(approximate='none')
      )
      (3): SynthesisResidualLayer(
        (pad): ReplicationPad2d((0, 0, 0, 0))
        (conv_layer): Conv2d(3, 3, kernel_size=(1, 1), stride=(1, 1))
        (non_linearity): Identity()
      )
    )
    (agg_func): Sequential(
      (0): SynthesisLayer(
        (pad): ReplicationPad2d((0, 0, 0, 0))
        (conv_layer): Conv2d(18, 3, kernel_size=(1, 1), stride=(1, 1))
        (non_linearity): GELU(approximate='none')
      )
      (1): SynthesisLayer(
        (pad): ReplicationPad2d((0, 0, 0, 0))
        (conv_layer): Conv2d(21, 3, kernel_size=(1, 1), stride=(1, 1))
        (non_linearity): GELU(approximate='none')
      )
      (2): SynthesisLayer(
        (pad): ReplicationPad2d((0, 0, 0, 0))
        (conv_layer): Conv2d(24, 3, kernel_size=(1, 1), stride=(1, 1))
        (non_linearity): GELU(approximate='none')
      )
    )
    (full_net): Sequential(
      (0): SynthesisLayer(
        (pad): ReplicationPad2d((0, 0, 0, 0))
        (conv_layer): Conv2d(7, 12, kernel_size=(1, 1), stride=(1, 1))
        (non_linearity): GELU(approximate='none')
      )
      (1): SynthesisLayer(
        (pad): ReplicationPad2d((0, 0, 0, 0))
        (conv_layer): Conv2d(12, 3, kernel_size=(1, 1), stride=(1, 1))
        (non_linearity): GELU(approximate='none')
      )
      (2): SynthesisResidualLayer(
        (conv_layer): Conv2d(3, 3, kernel_size=(3, 3), stride=(1, 1))
        (non_linearity): GELU(approximate='none')
      )
      (3): SynthesisResidualLayer(
        (conv_layer): Conv2d(3, 3, kernel_size=(3, 3), stride=(1, 1))
        (non_linearity): GELU(approximate='none')
      )
    )
  )
  (modulation_sf): ParameterList(
      (0): Parameter containing: [torch.float32 of size 1x1x8x16 (cuda:0)]
      (1): Parameter containing: [torch.float32 of size 1x1x16x32 (cuda:0)]
      (2): Parameter containing: [torch.float32 of size 1x1x32x64 (cuda:0)]
      (3): Parameter containing: [torch.float32 of size 1x1x64x128 (cuda:0)]
      (4): Parameter containing: [torch.float32 of size 1x1x128x256 (cuda:0)]
      (5): Parameter containing: [torch.float32 of size 1x1x256x512 (cuda:0)]
      (6): Parameter containing: [torch.float32 of size 1x1x512x1024 (cuda:0)]
  )
)
train the 3 -th image
start temperature: 0.3 noise parameter: 2.0
end temperature: 0.1 noise parameter: 1.0
********************Start from stage I
********************going into stage II
eval_object_psnr: 29.780284562688447
eval_background_psnr: 26.472674258028842
eval_background_psnr: 26.472674258028842
********************Evaluation the Image 3-th, after Step 999, BEST PSNR: 24.806222, Print rate 0.326804. *************************
Saved model at ./saved/modbase_7/context_16_arm_mod_16/sparity_0.0/inr_mod_16KODAK_ROI_Global_new_struture_7_12_3_33_orderconcat_operator_0_pw_0.4_img_object3.pth
Trained the image with PSNR: 24.80622245686048  latent bits 0.3268035054206848 latent bits number 171339.15625
[28.114925448955784, 27.75344635449581, 28.104604897360105, 24.80622245686048]
[0.19625774025917053, 0.20048120617866516, 0.2012585699558258, 0.3268035054206848]
[102895.578125, 105109.890625, 105517.453125, 171339.15625]
load the model: ./saved/modbase_7/context_16_arm_mod_16/sparity_0.0/inr_mod_16KODAK_ROI_Global_new_struture_7_12_3_33_orderconcat_operator_0_pw_0.4_img_object3.pth for the  3 -th image
********************Evalutation with quantization
********************Starting quantizing models
eval_object_psnr: 29.626288799323614
full_image_psnr: 24.505044114122843
object_psnr: 29.626288799323614
background_psnr: 26.106827395754166
********************Evaluation the Image 3-th, BEST PSNR: 24.505044, Print rate 0.328702, Network rate 0.014856. *************************
eval_wsssim: 0.829286
Decoded image saved to ./experiments/vcip_wssim_tunado_diegoPC/decoded_images/othim04_maskerp_wsmse0_swhdc1_erp1_lambda0.4.png
Evaluate the image: PSNR: 24.505044114122843 All bits: 0.34355807304382324  latent bits: 0.3287017345428467  network bits: 0.014856338500976562
Evaluate arm network bits: 0.0068225860595703125 Evaluate synthesis network bits: 0.007442474365234375
Image All bits num: 180123.375 latent bits num: 172334.375 mlp bits num: 7789.0 border bits num:
arm bits num: 3577.0 synthesis bits num: 3902.0
[26.98496290731588, 26.914855757670068, 26.794346067269846, 24.505044114122843]
[0.21442179381847382, 0.21952378749847412, 0.21920588612556458, 0.34355807304382324]
[112418.7734375, 115093.6875, 114927.015625, 180123.375]
Metrics saved to ./experiments/vcip_wssim_tunado_diegoPC/results.csv
Current eval Ave PSNR: 26.299802211594656 Ave Bits 0.24917738512158394
Namespace(batch_size=1, lr=0.01, data='../data', sparsity=0.0, local_upsampling_kernel_size=8, upsampling_kernel_size=8, static_upsampling_kernel=False, latent_factor=1, mod_base=7, highest_flag=1, context_arm=16, dim_arm_mod=16, use_candidate=True, type='other', mod_hid_layer=0, sythesis_features=12, hidden_features=64, hidden_layer=2, scale=1, lambda_rate=0.4, lambda_rate_list=[0.4, 0.8], start_index=0, mask_type='erp', wsmse_tag=0, swhdc_tag=1, swhdc_dilations=[1, 2, 3, 4], erp_padding=1, workdir='./experiments/vcip_wssim_tunado_diegoPC', train_steps_1=5000, train_steps_2=1000, loss_type='combined', lambda_dist=0.0, lambda_percep=1.0, patch_h=512, patch_w=1024, all_pix_num=524288, eval_pix_num=524288)
Directory './saved/modbase_7/context_16_arm_mod_16' already exists.
Directory './saved/modbase_7/context_16_arm_mod_16/sparity_0.0' already exists.
top %: 0.0

🔁 Stage-1 Training Candidate 1/7
Quantizer parameter: encoding gain  16
total pixel: 524288
Get Mod with shape torch.Size([1, 1, 8, 16]) at layer: 1
Get Mod with shape torch.Size([1, 1, 16, 32]) at layer: 2
Get Mod with shape torch.Size([1, 1, 32, 64]) at layer: 3
Get Mod with shape torch.Size([1, 1, 64, 128]) at layer: 4
Get Mod with shape torch.Size([1, 1, 128, 256]) at layer: 5
Get Mod with shape torch.Size([1, 1, 256, 512]) at layer: 6
Get Mod with shape torch.Size([1, 1, 512, 1024]) at layer: 7
start temperature: 0.3 noise parameter: 2.0
end temperature: 0.3 noise parameter: 2.0
********************Start from stage I
Step 400, BEST PSNR: 24.825828, Total loss 0.330219 with its rate 0.40273457765579224 latent_bits 211148.90625

🔁 Stage-1 Training Candidate 2/7
Quantizer parameter: encoding gain  16
total pixel: 524288
Get Mod with shape torch.Size([1, 1, 8, 16]) at layer: 1
Get Mod with shape torch.Size([1, 1, 16, 32]) at layer: 2
Get Mod with shape torch.Size([1, 1, 32, 64]) at layer: 3
Get Mod with shape torch.Size([1, 1, 64, 128]) at layer: 4
Get Mod with shape torch.Size([1, 1, 128, 256]) at layer: 5
Get Mod with shape torch.Size([1, 1, 256, 512]) at layer: 6
Get Mod with shape torch.Size([1, 1, 512, 1024]) at layer: 7
start temperature: 0.3 noise parameter: 2.0
end temperature: 0.3 noise parameter: 2.0
********************Start from stage I
Step 400, BEST PSNR: 24.725236, Total loss 0.325675 with its rate 0.3911541700363159 latent_bits 205077.4375

🔁 Stage-1 Training Candidate 3/7
Quantizer parameter: encoding gain  16
total pixel: 524288
Get Mod with shape torch.Size([1, 1, 8, 16]) at layer: 1
Get Mod with shape torch.Size([1, 1, 16, 32]) at layer: 2
Get Mod with shape torch.Size([1, 1, 32, 64]) at layer: 3
Get Mod with shape torch.Size([1, 1, 64, 128]) at layer: 4
Get Mod with shape torch.Size([1, 1, 128, 256]) at layer: 5
Get Mod with shape torch.Size([1, 1, 256, 512]) at layer: 6
Get Mod with shape torch.Size([1, 1, 512, 1024]) at layer: 7
start temperature: 0.3 noise parameter: 2.0
end temperature: 0.3 noise parameter: 2.0
********************Start from stage I
Step 400, BEST PSNR: 25.148380, Total loss 0.324387 with its rate 0.40076199173927307 latent_bits 210114.703125

🔁 Stage-1 Training Candidate 4/7
Quantizer parameter: encoding gain  16
total pixel: 524288
Get Mod with shape torch.Size([1, 1, 8, 16]) at layer: 1
Get Mod with shape torch.Size([1, 1, 16, 32]) at layer: 2
Get Mod with shape torch.Size([1, 1, 32, 64]) at layer: 3
Get Mod with shape torch.Size([1, 1, 64, 128]) at layer: 4
Get Mod with shape torch.Size([1, 1, 128, 256]) at layer: 5
Get Mod with shape torch.Size([1, 1, 256, 512]) at layer: 6
Get Mod with shape torch.Size([1, 1, 512, 1024]) at layer: 7
start temperature: 0.3 noise parameter: 2.0
end temperature: 0.3 noise parameter: 2.0
********************Start from stage I
Step 400, BEST PSNR: 24.500660, Total loss 0.331190 with its rate 0.39279812574386597 latent_bits 205939.34375

🔁 Stage-1 Training Candidate 5/7
Quantizer parameter: encoding gain  16
total pixel: 524288
Get Mod with shape torch.Size([1, 1, 8, 16]) at layer: 1
Get Mod with shape torch.Size([1, 1, 16, 32]) at layer: 2
Get Mod with shape torch.Size([1, 1, 32, 64]) at layer: 3
Get Mod with shape torch.Size([1, 1, 64, 128]) at layer: 4
Get Mod with shape torch.Size([1, 1, 128, 256]) at layer: 5
Get Mod with shape torch.Size([1, 1, 256, 512]) at layer: 6
Get Mod with shape torch.Size([1, 1, 512, 1024]) at layer: 7
start temperature: 0.3 noise parameter: 2.0
end temperature: 0.3 noise parameter: 2.0
********************Start from stage I
Step 400, BEST PSNR: 24.280690, Total loss 0.333285 with its rate 0.408908486366272 latent_bits 214385.8125

🔁 Stage-1 Training Candidate 6/7
Quantizer parameter: encoding gain  16
total pixel: 524288
Get Mod with shape torch.Size([1, 1, 8, 16]) at layer: 1
Get Mod with shape torch.Size([1, 1, 16, 32]) at layer: 2
Get Mod with shape torch.Size([1, 1, 32, 64]) at layer: 3
Get Mod with shape torch.Size([1, 1, 64, 128]) at layer: 4
Get Mod with shape torch.Size([1, 1, 128, 256]) at layer: 5
Get Mod with shape torch.Size([1, 1, 256, 512]) at layer: 6
Get Mod with shape torch.Size([1, 1, 512, 1024]) at layer: 7
start temperature: 0.3 noise parameter: 2.0
end temperature: 0.3 noise parameter: 2.0
********************Start from stage I
Step 400, BEST PSNR: 24.447254, Total loss 0.331228 with its rate 0.4093635678291321 latent_bits 214624.40625

🔁 Stage-1 Training Candidate 7/7
Quantizer parameter: encoding gain  16
total pixel: 524288
Get Mod with shape torch.Size([1, 1, 8, 16]) at layer: 1
Get Mod with shape torch.Size([1, 1, 16, 32]) at layer: 2
Get Mod with shape torch.Size([1, 1, 32, 64]) at layer: 3
Get Mod with shape torch.Size([1, 1, 64, 128]) at layer: 4
Get Mod with shape torch.Size([1, 1, 128, 256]) at layer: 5
Get Mod with shape torch.Size([1, 1, 256, 512]) at layer: 6
Get Mod with shape torch.Size([1, 1, 512, 1024]) at layer: 7
start temperature: 0.3 noise parameter: 2.0
end temperature: 0.3 noise parameter: 2.0
********************Start from stage I
Step 400, BEST PSNR: 24.842485, Total loss 0.334504 with its rate 0.40832653641700745 latent_bits 214080.703125

🌟 Selected Top-3 Candidates by RD cost

🎯 Stage-2 Refining Candidate 1/3
start temperature: 0.3 noise parameter: 2.0
end temperature: 0.3 noise parameter: 2.0
********************Start from stage I
Step 400, BEST PSNR: 25.425554, Total loss 0.326583 with its rate 0.42693471908569336 latent_bits 223836.75

🎯 Stage-2 Refining Candidate 2/3
start temperature: 0.3 noise parameter: 2.0
end temperature: 0.3 noise parameter: 2.0
********************Start from stage I
Step 400, BEST PSNR: 25.413484, Total loss 0.328974 with its rate 0.42974212765693665 latent_bits 225308.640625

🎯 Stage-2 Refining Candidate 3/3
start temperature: 0.3 noise parameter: 2.0
end temperature: 0.3 noise parameter: 2.0
********************Start from stage I
Step 400, BEST PSNR: 25.401470, Total loss 0.330144 with its rate 0.42657339572906494 latent_bits 223647.3125

🏆 Best Candidate Final PSNR: 25.43, Rate: 0.4269
Masked_INR(
  (upsampling_2d): Upsampling(
    (conv_transpose2d): UpsamplingConvTranspose2d()
  )
  (arm): Arm(
    (mlp): Sequential(
      (0): ArmConv(
        (conv1_1): Conv1d(16, 16, kernel_size=(1,), stride=(1,))
      )
      (1): GELU(approximate='none')
      (2): ArmConv(
        (conv1_1): Conv1d(16, 16, kernel_size=(1,), stride=(1,))
      )
      (3): GELU(approximate='none')
      (4): ArmConv(
        (conv1_1): Conv1d(16, 2, kernel_size=(1,), stride=(1,))
      )
    )
  )
  (conv_mod): LocalGlobalBlock(
    (net): Sequential(
      (0): SynthesisLayer(
        (pad): Identity()
        (conv_layer): SWHDC(
          (conv): Conv2d(2, 3, kernel_size=(3, 3), stride=(1, 1))
        )
        (non_linearity): GELU(approximate='none')
      )
      (1): SynthesisResidualLayer(
        (pad): ReplicationPad2d((0, 0, 0, 0))
        (conv_layer): Conv2d(3, 3, kernel_size=(1, 1), stride=(1, 1))
        (non_linearity): GELU(approximate='none')
      )
      (2): SynthesisResidualLayer(
        (pad): ReplicationPad2d((0, 0, 0, 0))
        (conv_layer): Conv2d(3, 3, kernel_size=(1, 1), stride=(1, 1))
        (non_linearity): GELU(approximate='none')
      )
      (3): SynthesisResidualLayer(
        (pad): ReplicationPad2d((0, 0, 0, 0))
        (conv_layer): Conv2d(3, 3, kernel_size=(1, 1), stride=(1, 1))
        (non_linearity): Identity()
      )
    )
    (global_net): Sequential(
      (0): SynthesisLayer(
        (pad): Identity()
        (conv_layer): SWHDC(
          (conv): Conv2d(2, 3, kernel_size=(3, 3), stride=(1, 1))
        )
        (non_linearity): GELU(approximate='none')
      )
      (1): SynthesisResidualLayer(
        (pad): ReplicationPad2d((0, 0, 0, 0))
        (conv_layer): Conv2d(3, 3, kernel_size=(1, 1), stride=(1, 1))
        (non_linearity): GELU(approximate='none')
      )
      (2): SynthesisResidualLayer(
        (pad): ReplicationPad2d((0, 0, 0, 0))
        (conv_layer): Conv2d(3, 3, kernel_size=(1, 1), stride=(1, 1))
        (non_linearity): GELU(approximate='none')
      )
      (3): SynthesisResidualLayer(
        (pad): ReplicationPad2d((0, 0, 0, 0))
        (conv_layer): Conv2d(3, 3, kernel_size=(1, 1), stride=(1, 1))
        (non_linearity): Identity()
      )
    )
    (agg_func): Sequential(
      (0): SynthesisLayer(
        (pad): ReplicationPad2d((0, 0, 0, 0))
        (conv_layer): Conv2d(18, 3, kernel_size=(1, 1), stride=(1, 1))
        (non_linearity): GELU(approximate='none')
      )
      (1): SynthesisLayer(
        (pad): ReplicationPad2d((0, 0, 0, 0))
        (conv_layer): Conv2d(21, 3, kernel_size=(1, 1), stride=(1, 1))
        (non_linearity): GELU(approximate='none')
      )
      (2): SynthesisLayer(
        (pad): ReplicationPad2d((0, 0, 0, 0))
        (conv_layer): Conv2d(24, 3, kernel_size=(1, 1), stride=(1, 1))
        (non_linearity): GELU(approximate='none')
      )
    )
    (full_net): Sequential(
      (0): SynthesisLayer(
        (pad): ReplicationPad2d((0, 0, 0, 0))
        (conv_layer): Conv2d(7, 12, kernel_size=(1, 1), stride=(1, 1))
        (non_linearity): GELU(approximate='none')
      )
      (1): SynthesisLayer(
        (pad): ReplicationPad2d((0, 0, 0, 0))
        (conv_layer): Conv2d(12, 3, kernel_size=(1, 1), stride=(1, 1))
        (non_linearity): GELU(approximate='none')
      )
      (2): SynthesisResidualLayer(
        (conv_layer): Conv2d(3, 3, kernel_size=(3, 3), stride=(1, 1))
        (non_linearity): GELU(approximate='none')
      )
      (3): SynthesisResidualLayer(
        (conv_layer): Conv2d(3, 3, kernel_size=(3, 3), stride=(1, 1))
        (non_linearity): GELU(approximate='none')
      )
    )
  )
  (modulation_sf): ParameterList(
      (0): Parameter containing: [torch.float32 of size 1x1x8x16 (cuda:0)]
      (1): Parameter containing: [torch.float32 of size 1x1x16x32 (cuda:0)]
      (2): Parameter containing: [torch.float32 of size 1x1x32x64 (cuda:0)]
      (3): Parameter containing: [torch.float32 of size 1x1x64x128 (cuda:0)]
      (4): Parameter containing: [torch.float32 of size 1x1x128x256 (cuda:0)]
      (5): Parameter containing: [torch.float32 of size 1x1x256x512 (cuda:0)]
      (6): Parameter containing: [torch.float32 of size 1x1x512x1024 (cuda:0)]
  )
)
train the 4 -th image
start temperature: 0.3 noise parameter: 2.0
end temperature: 0.1 noise parameter: 1.0
********************Start from stage I
********************going into stage II
eval_object_psnr: 31.357345585478125
eval_background_psnr: 27.63457942322925
eval_background_psnr: 27.63457942322925
********************Evaluation the Image 4-th, after Step 999, BEST PSNR: 26.096687, Print rate 0.306599. *************************
Saved model at ./saved/modbase_7/context_16_arm_mod_16/sparity_0.0/inr_mod_16KODAK_ROI_Global_new_struture_7_12_3_33_orderconcat_operator_0_pw_0.4_img_object4.pth
Trained the image with PSNR: 26.096687175464595  latent bits 0.30659914016723633 latent bits number 160746.25
[28.114925448955784, 27.75344635449581, 28.104604897360105, 24.80622245686048, 26.096687175464595]
[0.19625774025917053, 0.20048120617866516, 0.2012585699558258, 0.3268035054206848, 0.30659914016723633]
[102895.578125, 105109.890625, 105517.453125, 171339.15625, 160746.25]
load the model: ./saved/modbase_7/context_16_arm_mod_16/sparity_0.0/inr_mod_16KODAK_ROI_Global_new_struture_7_12_3_33_orderconcat_operator_0_pw_0.4_img_object4.pth for the  4 -th image
********************Evalutation with quantization
********************Starting quantizing models
eval_object_psnr: 30.44515106912687
full_image_psnr: 24.905289311296652
object_psnr: 30.44515106912687
background_psnr: 26.3309972127382
********************Evaluation the Image 4-th, BEST PSNR: 24.905289, Print rate 0.307367, Network rate 0.016308. *************************
eval_wsssim: 0.841665
Decoded image saved to ./experiments/vcip_wssim_tunado_diegoPC/decoded_images/othim05_maskerp_wsmse0_swhdc1_erp1_lambda0.4.png
Evaluate the image: PSNR: 24.905289311296652 All bits: 0.32367488741874695  latent bits: 0.3073670566082001  network bits: 0.016307830810546875
Evaluate arm network bits: 0.008024215698242188 Evaluate synthesis network bits: 0.0076923370361328125
Image All bits num: 169698.859375 latent bits num: 161148.859375 mlp bits num: 8550.0 border bits num:
arm bits num: 4207.0 synthesis bits num: 4033.0
[26.98496290731588, 26.914855757670068, 26.794346067269846, 24.505044114122843, 24.905289311296652]
[0.21442179381847382, 0.21952378749847412, 0.21920588612556458, 0.34355807304382324, 0.32367488741874695]
[112418.7734375, 115093.6875, 114927.015625, 180123.375, 169698.859375]
Metrics saved to ./experiments/vcip_wssim_tunado_diegoPC/results.csv
Current eval Ave PSNR: 26.020899631535052 Ave Bits 0.26407688558101655
Namespace(batch_size=1, lr=0.01, data='../data', sparsity=0.0, local_upsampling_kernel_size=8, upsampling_kernel_size=8, static_upsampling_kernel=False, latent_factor=1, mod_base=7, highest_flag=1, context_arm=16, dim_arm_mod=16, use_candidate=True, type='other', mod_hid_layer=0, sythesis_features=12, hidden_features=64, hidden_layer=2, scale=1, lambda_rate=0.4, lambda_rate_list=[0.4, 0.8], start_index=0, mask_type='erp', wsmse_tag=0, swhdc_tag=1, swhdc_dilations=[1, 2, 3, 4], erp_padding=1, workdir='./experiments/vcip_wssim_tunado_diegoPC', train_steps_1=5000, train_steps_2=1000, loss_type='combined', lambda_dist=0.0, lambda_percep=1.0, patch_h=512, patch_w=1024, all_pix_num=524288, eval_pix_num=524288)
Directory './saved/modbase_7/context_16_arm_mod_16' already exists.
Directory './saved/modbase_7/context_16_arm_mod_16/sparity_0.0' already exists.
top %: 0.0

🔁 Stage-1 Training Candidate 1/7
Quantizer parameter: encoding gain  16
total pixel: 524288
Get Mod with shape torch.Size([1, 1, 8, 16]) at layer: 1
Get Mod with shape torch.Size([1, 1, 16, 32]) at layer: 2
Get Mod with shape torch.Size([1, 1, 32, 64]) at layer: 3
Get Mod with shape torch.Size([1, 1, 64, 128]) at layer: 4
Get Mod with shape torch.Size([1, 1, 128, 256]) at layer: 5
Get Mod with shape torch.Size([1, 1, 256, 512]) at layer: 6
Get Mod with shape torch.Size([1, 1, 512, 1024]) at layer: 7
start temperature: 0.3 noise parameter: 2.0
end temperature: 0.3 noise parameter: 2.0
********************Start from stage I
Step 400, BEST PSNR: 24.668556, Total loss 0.325430 with its rate 0.3926313519477844 latent_bits 205851.90625

🔁 Stage-1 Training Candidate 2/7
Quantizer parameter: encoding gain  16
total pixel: 524288
Get Mod with shape torch.Size([1, 1, 8, 16]) at layer: 1
Get Mod with shape torch.Size([1, 1, 16, 32]) at layer: 2
Get Mod with shape torch.Size([1, 1, 32, 64]) at layer: 3
Get Mod with shape torch.Size([1, 1, 64, 128]) at layer: 4
Get Mod with shape torch.Size([1, 1, 128, 256]) at layer: 5
Get Mod with shape torch.Size([1, 1, 256, 512]) at layer: 6
Get Mod with shape torch.Size([1, 1, 512, 1024]) at layer: 7
start temperature: 0.3 noise parameter: 2.0
end temperature: 0.3 noise parameter: 2.0
********************Start from stage I
Step 400, BEST PSNR: 24.694833, Total loss 0.327593 with its rate 0.39667022228240967 latent_bits 207969.4375

🔁 Stage-1 Training Candidate 3/7
Quantizer parameter: encoding gain  16
total pixel: 524288
Get Mod with shape torch.Size([1, 1, 8, 16]) at layer: 1
Get Mod with shape torch.Size([1, 1, 16, 32]) at layer: 2
Get Mod with shape torch.Size([1, 1, 32, 64]) at layer: 3
Get Mod with shape torch.Size([1, 1, 64, 128]) at layer: 4
Get Mod with shape torch.Size([1, 1, 128, 256]) at layer: 5
Get Mod with shape torch.Size([1, 1, 256, 512]) at layer: 6
Get Mod with shape torch.Size([1, 1, 512, 1024]) at layer: 7
start temperature: 0.3 noise parameter: 2.0
end temperature: 0.3 noise parameter: 2.0
********************Start from stage I
Step 400, BEST PSNR: 24.855817, Total loss 0.316449 with its rate 0.3878570795059204 latent_bits 203348.8125

🔁 Stage-1 Training Candidate 4/7
Quantizer parameter: encoding gain  16
total pixel: 524288
Get Mod with shape torch.Size([1, 1, 8, 16]) at layer: 1
Get Mod with shape torch.Size([1, 1, 16, 32]) at layer: 2
Get Mod with shape torch.Size([1, 1, 32, 64]) at layer: 3
Get Mod with shape torch.Size([1, 1, 64, 128]) at layer: 4
Get Mod with shape torch.Size([1, 1, 128, 256]) at layer: 5
Get Mod with shape torch.Size([1, 1, 256, 512]) at layer: 6
Get Mod with shape torch.Size([1, 1, 512, 1024]) at layer: 7
start temperature: 0.3 noise parameter: 2.0
end temperature: 0.3 noise parameter: 2.0
********************Start from stage I
Step 400, BEST PSNR: 24.754215, Total loss 0.321711 with its rate 0.3906831741333008 latent_bits 204830.5

🔁 Stage-1 Training Candidate 5/7
Quantizer parameter: encoding gain  16
total pixel: 524288
Get Mod with shape torch.Size([1, 1, 8, 16]) at layer: 1
Get Mod with shape torch.Size([1, 1, 16, 32]) at layer: 2
Get Mod with shape torch.Size([1, 1, 32, 64]) at layer: 3
Get Mod with shape torch.Size([1, 1, 64, 128]) at layer: 4
Get Mod with shape torch.Size([1, 1, 128, 256]) at layer: 5
Get Mod with shape torch.Size([1, 1, 256, 512]) at layer: 6
Get Mod with shape torch.Size([1, 1, 512, 1024]) at layer: 7
start temperature: 0.3 noise parameter: 2.0
end temperature: 0.3 noise parameter: 2.0
********************Start from stage I
Step 400, BEST PSNR: 24.878572, Total loss 0.320511 with its rate 0.39708468317985535 latent_bits 208186.734375

🔁 Stage-1 Training Candidate 6/7
Quantizer parameter: encoding gain  16
total pixel: 524288
Get Mod with shape torch.Size([1, 1, 8, 16]) at layer: 1
Get Mod with shape torch.Size([1, 1, 16, 32]) at layer: 2
Get Mod with shape torch.Size([1, 1, 32, 64]) at layer: 3
Get Mod with shape torch.Size([1, 1, 64, 128]) at layer: 4
Get Mod with shape torch.Size([1, 1, 128, 256]) at layer: 5
Get Mod with shape torch.Size([1, 1, 256, 512]) at layer: 6
Get Mod with shape torch.Size([1, 1, 512, 1024]) at layer: 7
start temperature: 0.3 noise parameter: 2.0
end temperature: 0.3 noise parameter: 2.0
********************Start from stage I
Step 400, BEST PSNR: 24.288721, Total loss 0.326043 with its rate 0.39799368381500244 latent_bits 208663.3125

🔁 Stage-1 Training Candidate 7/7
Quantizer parameter: encoding gain  16
total pixel: 524288
Get Mod with shape torch.Size([1, 1, 8, 16]) at layer: 1
Get Mod with shape torch.Size([1, 1, 16, 32]) at layer: 2
Get Mod with shape torch.Size([1, 1, 32, 64]) at layer: 3
Get Mod with shape torch.Size([1, 1, 64, 128]) at layer: 4
Get Mod with shape torch.Size([1, 1, 128, 256]) at layer: 5
Get Mod with shape torch.Size([1, 1, 256, 512]) at layer: 6
Get Mod with shape torch.Size([1, 1, 512, 1024]) at layer: 7
start temperature: 0.3 noise parameter: 2.0
end temperature: 0.3 noise parameter: 2.0
********************Start from stage I
Step 400, BEST PSNR: 24.670918, Total loss 0.324766 with its rate 0.3958083987236023 latent_bits 207517.59375

🌟 Selected Top-3 Candidates by RD cost

🎯 Stage-2 Refining Candidate 1/3
start temperature: 0.3 noise parameter: 2.0
end temperature: 0.3 noise parameter: 2.0
********************Start from stage I
Step 400, BEST PSNR: 25.425239, Total loss 0.322159 with its rate 0.4202573299407959 latent_bits 220335.875

🎯 Stage-2 Refining Candidate 2/3
start temperature: 0.3 noise parameter: 2.0
end temperature: 0.3 noise parameter: 2.0
********************Start from stage I
Step 400, BEST PSNR: 25.441910, Total loss 0.318421 with its rate 0.41657736897468567 latent_bits 218406.515625

🎯 Stage-2 Refining Candidate 3/3
start temperature: 0.3 noise parameter: 2.0
end temperature: 0.3 noise parameter: 2.0
********************Start from stage I
Step 400, BEST PSNR: 25.323162, Total loss 0.319802 with its rate 0.4158857464790344 latent_bits 218043.90625

🏆 Best Candidate Final PSNR: 25.44, Rate: 0.4166
Masked_INR(
  (upsampling_2d): Upsampling(
    (conv_transpose2d): UpsamplingConvTranspose2d()
  )
  (arm): Arm(
    (mlp): Sequential(
      (0): ArmConv(
        (conv1_1): Conv1d(16, 16, kernel_size=(1,), stride=(1,))
      )
      (1): GELU(approximate='none')
      (2): ArmConv(
        (conv1_1): Conv1d(16, 16, kernel_size=(1,), stride=(1,))
      )
      (3): GELU(approximate='none')
      (4): ArmConv(
        (conv1_1): Conv1d(16, 2, kernel_size=(1,), stride=(1,))
      )
    )
  )
  (conv_mod): LocalGlobalBlock(
    (net): Sequential(
      (0): SynthesisLayer(
        (pad): Identity()
        (conv_layer): SWHDC(
          (conv): Conv2d(2, 3, kernel_size=(3, 3), stride=(1, 1))
        )
        (non_linearity): GELU(approximate='none')
      )
      (1): SynthesisResidualLayer(
        (pad): ReplicationPad2d((0, 0, 0, 0))
        (conv_layer): Conv2d(3, 3, kernel_size=(1, 1), stride=(1, 1))
        (non_linearity): GELU(approximate='none')
      )
      (2): SynthesisResidualLayer(
        (pad): ReplicationPad2d((0, 0, 0, 0))
        (conv_layer): Conv2d(3, 3, kernel_size=(1, 1), stride=(1, 1))
        (non_linearity): GELU(approximate='none')
      )
      (3): SynthesisResidualLayer(
        (pad): ReplicationPad2d((0, 0, 0, 0))
        (conv_layer): Conv2d(3, 3, kernel_size=(1, 1), stride=(1, 1))
        (non_linearity): Identity()
      )
    )
    (global_net): Sequential(
      (0): SynthesisLayer(
        (pad): Identity()
        (conv_layer): SWHDC(
          (conv): Conv2d(2, 3, kernel_size=(3, 3), stride=(1, 1))
        )
        (non_linearity): GELU(approximate='none')
      )
      (1): SynthesisResidualLayer(
        (pad): ReplicationPad2d((0, 0, 0, 0))
        (conv_layer): Conv2d(3, 3, kernel_size=(1, 1), stride=(1, 1))
        (non_linearity): GELU(approximate='none')
      )
      (2): SynthesisResidualLayer(
        (pad): ReplicationPad2d((0, 0, 0, 0))
        (conv_layer): Conv2d(3, 3, kernel_size=(1, 1), stride=(1, 1))
        (non_linearity): GELU(approximate='none')
      )
      (3): SynthesisResidualLayer(
        (pad): ReplicationPad2d((0, 0, 0, 0))
        (conv_layer): Conv2d(3, 3, kernel_size=(1, 1), stride=(1, 1))
        (non_linearity): Identity()
      )
    )
    (agg_func): Sequential(
      (0): SynthesisLayer(
        (pad): ReplicationPad2d((0, 0, 0, 0))
        (conv_layer): Conv2d(18, 3, kernel_size=(1, 1), stride=(1, 1))
        (non_linearity): GELU(approximate='none')
      )
      (1): SynthesisLayer(
        (pad): ReplicationPad2d((0, 0, 0, 0))
        (conv_layer): Conv2d(21, 3, kernel_size=(1, 1), stride=(1, 1))
        (non_linearity): GELU(approximate='none')
      )
      (2): SynthesisLayer(
        (pad): ReplicationPad2d((0, 0, 0, 0))
        (conv_layer): Conv2d(24, 3, kernel_size=(1, 1), stride=(1, 1))
        (non_linearity): GELU(approximate='none')
      )
    )
    (full_net): Sequential(
      (0): SynthesisLayer(
        (pad): ReplicationPad2d((0, 0, 0, 0))
        (conv_layer): Conv2d(7, 12, kernel_size=(1, 1), stride=(1, 1))
        (non_linearity): GELU(approximate='none')
      )
      (1): SynthesisLayer(
        (pad): ReplicationPad2d((0, 0, 0, 0))
        (conv_layer): Conv2d(12, 3, kernel_size=(1, 1), stride=(1, 1))
        (non_linearity): GELU(approximate='none')
      )
      (2): SynthesisResidualLayer(
        (conv_layer): Conv2d(3, 3, kernel_size=(3, 3), stride=(1, 1))
        (non_linearity): GELU(approximate='none')
      )
      (3): SynthesisResidualLayer(
        (conv_layer): Conv2d(3, 3, kernel_size=(3, 3), stride=(1, 1))
        (non_linearity): GELU(approximate='none')
      )
    )
  )
  (modulation_sf): ParameterList(
      (0): Parameter containing: [torch.float32 of size 1x1x8x16 (cuda:0)]
      (1): Parameter containing: [torch.float32 of size 1x1x16x32 (cuda:0)]
      (2): Parameter containing: [torch.float32 of size 1x1x32x64 (cuda:0)]
      (3): Parameter containing: [torch.float32 of size 1x1x64x128 (cuda:0)]
      (4): Parameter containing: [torch.float32 of size 1x1x128x256 (cuda:0)]
      (5): Parameter containing: [torch.float32 of size 1x1x256x512 (cuda:0)]
      (6): Parameter containing: [torch.float32 of size 1x1x512x1024 (cuda:0)]
  )
)
train the 5 -th image
start temperature: 0.3 noise parameter: 2.0
end temperature: 0.1 noise parameter: 1.0
********************Start from stage I
********************going into stage II
eval_object_psnr: 31.388240744272252
eval_background_psnr: 27.607148350840834
eval_background_psnr: 27.607148350840834
********************Evaluation the Image 5-th, after Step 999, BEST PSNR: 26.086939, Print rate 0.299633. *************************
Saved model at ./saved/modbase_7/context_16_arm_mod_16/sparity_0.0/inr_mod_16KODAK_ROI_Global_new_struture_7_12_3_33_orderconcat_operator_0_pw_0.4_img_object5.pth
Trained the image with PSNR: 26.0869387216253  latent bits 0.29963308572769165 latent bits number 157094.03125
[28.114925448955784, 27.75344635449581, 28.104604897360105, 24.80622245686048, 26.096687175464595, 26.0869387216253]
[0.19625774025917053, 0.20048120617866516, 0.2012585699558258, 0.3268035054206848, 0.30659914016723633, 0.29963308572769165]
[102895.578125, 105109.890625, 105517.453125, 171339.15625, 160746.25, 157094.03125]
load the model: ./saved/modbase_7/context_16_arm_mod_16/sparity_0.0/inr_mod_16KODAK_ROI_Global_new_struture_7_12_3_33_orderconcat_operator_0_pw_0.4_img_object5.pth for the  5 -th image
********************Evalutation with quantization
********************Starting quantizing models
eval_object_psnr: 31.450033472537058
full_image_psnr: 26.01794850733637
object_psnr: 31.450033472537058
background_psnr: 27.48350935459078
********************Evaluation the Image 5-th, BEST PSNR: 26.017949, Print rate 0.300847, Network rate 0.017784. *************************
eval_wsssim: 0.854922
Decoded image saved to ./experiments/vcip_wssim_tunado_diegoPC/decoded_images/othim06_maskerp_wsmse0_swhdc1_erp1_lambda0.4.png
Evaluate the image: PSNR: 26.01794850733637 All bits: 0.3186313509941101  latent bits: 0.30084723234176636  network bits: 0.01778411865234375
Evaluate arm network bits: 0.008115768432617188 Evaluate synthesis network bits: 0.00896453857421875
Image All bits num: 167054.59375 latent bits num: 157730.59375 mlp bits num: 9324.0 border bits num:
arm bits num: 4255.0 synthesis bits num: 4700.0
[26.98496290731588, 26.914855757670068, 26.794346067269846, 24.505044114122843, 24.905289311296652, 26.01794850733637]
[0.21442179381847382, 0.21952378749847412, 0.21920588612556458, 0.34355807304382324, 0.32367488741874695, 0.3186313509941101]
[112418.7734375, 115093.6875, 114927.015625, 180123.375, 169698.859375, 167054.59375]
Metrics saved to ./experiments/vcip_wssim_tunado_diegoPC/results.csv
Current eval Ave PSNR: 26.02040777750194 Ave Bits 0.2731692964831988
Namespace(batch_size=1, lr=0.01, data='../data', sparsity=0.0, local_upsampling_kernel_size=8, upsampling_kernel_size=8, static_upsampling_kernel=False, latent_factor=1, mod_base=7, highest_flag=1, context_arm=16, dim_arm_mod=16, use_candidate=True, type='other', mod_hid_layer=0, sythesis_features=12, hidden_features=64, hidden_layer=2, scale=1, lambda_rate=0.4, lambda_rate_list=[0.4, 0.8], start_index=0, mask_type='erp', wsmse_tag=0, swhdc_tag=1, swhdc_dilations=[1, 2, 3, 4], erp_padding=1, workdir='./experiments/vcip_wssim_tunado_diegoPC', train_steps_1=5000, train_steps_2=1000, loss_type='combined', lambda_dist=0.0, lambda_percep=1.0, patch_h=512, patch_w=1024, all_pix_num=524288, eval_pix_num=524288)
Directory './saved/modbase_7/context_16_arm_mod_16' already exists.
Directory './saved/modbase_7/context_16_arm_mod_16/sparity_0.0' already exists.
top %: 0.0

🔁 Stage-1 Training Candidate 1/7
Quantizer parameter: encoding gain  16
total pixel: 524288
Get Mod with shape torch.Size([1, 1, 8, 16]) at layer: 1
Get Mod with shape torch.Size([1, 1, 16, 32]) at layer: 2
Get Mod with shape torch.Size([1, 1, 32, 64]) at layer: 3
Get Mod with shape torch.Size([1, 1, 64, 128]) at layer: 4
Get Mod with shape torch.Size([1, 1, 128, 256]) at layer: 5
Get Mod with shape torch.Size([1, 1, 256, 512]) at layer: 6
Get Mod with shape torch.Size([1, 1, 512, 1024]) at layer: 7
start temperature: 0.3 noise parameter: 2.0
end temperature: 0.3 noise parameter: 2.0
********************Start from stage I
Step 400, BEST PSNR: 26.648068, Total loss 0.199086 with its rate 0.21780019998550415 latent_bits 114190.03125

🔁 Stage-1 Training Candidate 2/7
Quantizer parameter: encoding gain  16
total pixel: 524288
Get Mod with shape torch.Size([1, 1, 8, 16]) at layer: 1
Get Mod with shape torch.Size([1, 1, 16, 32]) at layer: 2
Get Mod with shape torch.Size([1, 1, 32, 64]) at layer: 3
Get Mod with shape torch.Size([1, 1, 64, 128]) at layer: 4
Get Mod with shape torch.Size([1, 1, 128, 256]) at layer: 5
Get Mod with shape torch.Size([1, 1, 256, 512]) at layer: 6
Get Mod with shape torch.Size([1, 1, 512, 1024]) at layer: 7
start temperature: 0.3 noise parameter: 2.0
end temperature: 0.3 noise parameter: 2.0
********************Start from stage I
Step 400, BEST PSNR: 26.253773, Total loss 0.199458 with its rate 0.21906504034996033 latent_bits 114853.171875

🔁 Stage-1 Training Candidate 3/7
Quantizer parameter: encoding gain  16
total pixel: 524288
Get Mod with shape torch.Size([1, 1, 8, 16]) at layer: 1
Get Mod with shape torch.Size([1, 1, 16, 32]) at layer: 2
Get Mod with shape torch.Size([1, 1, 32, 64]) at layer: 3
Get Mod with shape torch.Size([1, 1, 64, 128]) at layer: 4
Get Mod with shape torch.Size([1, 1, 128, 256]) at layer: 5
Get Mod with shape torch.Size([1, 1, 256, 512]) at layer: 6
Get Mod with shape torch.Size([1, 1, 512, 1024]) at layer: 7
start temperature: 0.3 noise parameter: 2.0
end temperature: 0.3 noise parameter: 2.0
********************Start from stage I
Step 400, BEST PSNR: 26.113051, Total loss 0.204232 with its rate 0.21113908290863037 latent_bits 110697.6875

🔁 Stage-1 Training Candidate 4/7
Quantizer parameter: encoding gain  16
total pixel: 524288
Get Mod with shape torch.Size([1, 1, 8, 16]) at layer: 1
Get Mod with shape torch.Size([1, 1, 16, 32]) at layer: 2
Get Mod with shape torch.Size([1, 1, 32, 64]) at layer: 3
Get Mod with shape torch.Size([1, 1, 64, 128]) at layer: 4
Get Mod with shape torch.Size([1, 1, 128, 256]) at layer: 5
Get Mod with shape torch.Size([1, 1, 256, 512]) at layer: 6
Get Mod with shape torch.Size([1, 1, 512, 1024]) at layer: 7
start temperature: 0.3 noise parameter: 2.0
end temperature: 0.3 noise parameter: 2.0
********************Start from stage I
Step 400, BEST PSNR: 26.220146, Total loss 0.204673 with its rate 0.2156621217727661 latent_bits 113069.0625

🔁 Stage-1 Training Candidate 5/7
Quantizer parameter: encoding gain  16
total pixel: 524288
Get Mod with shape torch.Size([1, 1, 8, 16]) at layer: 1
Get Mod with shape torch.Size([1, 1, 16, 32]) at layer: 2
Get Mod with shape torch.Size([1, 1, 32, 64]) at layer: 3
Get Mod with shape torch.Size([1, 1, 64, 128]) at layer: 4
Get Mod with shape torch.Size([1, 1, 128, 256]) at layer: 5
Get Mod with shape torch.Size([1, 1, 256, 512]) at layer: 6
Get Mod with shape torch.Size([1, 1, 512, 1024]) at layer: 7
start temperature: 0.3 noise parameter: 2.0
end temperature: 0.3 noise parameter: 2.0
********************Start from stage I
Step 400, BEST PSNR: 25.676594, Total loss 0.208863 with its rate 0.22539745271205902 latent_bits 118173.1796875

🔁 Stage-1 Training Candidate 6/7
Quantizer parameter: encoding gain  16
total pixel: 524288
Get Mod with shape torch.Size([1, 1, 8, 16]) at layer: 1
Get Mod with shape torch.Size([1, 1, 16, 32]) at layer: 2
Get Mod with shape torch.Size([1, 1, 32, 64]) at layer: 3
Get Mod with shape torch.Size([1, 1, 64, 128]) at layer: 4
Get Mod with shape torch.Size([1, 1, 128, 256]) at layer: 5
Get Mod with shape torch.Size([1, 1, 256, 512]) at layer: 6
Get Mod with shape torch.Size([1, 1, 512, 1024]) at layer: 7
start temperature: 0.3 noise parameter: 2.0
end temperature: 0.3 noise parameter: 2.0
********************Start from stage I
Step 400, BEST PSNR: 25.971501, Total loss 0.196913 with its rate 0.20896950364112854 latent_bits 109560.203125

🔁 Stage-1 Training Candidate 7/7
Quantizer parameter: encoding gain  16
total pixel: 524288
Get Mod with shape torch.Size([1, 1, 8, 16]) at layer: 1
Get Mod with shape torch.Size([1, 1, 16, 32]) at layer: 2
Get Mod with shape torch.Size([1, 1, 32, 64]) at layer: 3
Get Mod with shape torch.Size([1, 1, 64, 128]) at layer: 4
Get Mod with shape torch.Size([1, 1, 128, 256]) at layer: 5
Get Mod with shape torch.Size([1, 1, 256, 512]) at layer: 6
Get Mod with shape torch.Size([1, 1, 512, 1024]) at layer: 7
start temperature: 0.3 noise parameter: 2.0
end temperature: 0.3 noise parameter: 2.0
********************Start from stage I
Step 400, BEST PSNR: 26.174700, Total loss 0.205388 with its rate 0.21511545777320862 latent_bits 112782.453125

🌟 Selected Top-3 Candidates by RD cost

🎯 Stage-2 Refining Candidate 1/3
start temperature: 0.3 noise parameter: 2.0
end temperature: 0.3 noise parameter: 2.0
********************Start from stage I
Step 400, BEST PSNR: 26.920210, Total loss 0.202056 with its rate 0.24576780200004578 latent_bits 128853.109375

🎯 Stage-2 Refining Candidate 2/3
start temperature: 0.3 noise parameter: 2.0
end temperature: 0.3 noise parameter: 2.0
********************Start from stage I
Step 400, BEST PSNR: 27.609115, Total loss 0.199895 with its rate 0.2471258044242859 latent_bits 129565.09375

🎯 Stage-2 Refining Candidate 3/3
start temperature: 0.3 noise parameter: 2.0
end temperature: 0.3 noise parameter: 2.0
********************Start from stage I
Step 400, BEST PSNR: 27.477206, Total loss 0.202393 with its rate 0.25585269927978516 latent_bits 134140.5

🏆 Best Candidate Final PSNR: 27.61, Rate: 0.2471
Masked_INR(
  (upsampling_2d): Upsampling(
    (conv_transpose2d): UpsamplingConvTranspose2d()
  )
  (arm): Arm(
    (mlp): Sequential(
      (0): ArmConv(
        (conv1_1): Conv1d(16, 16, kernel_size=(1,), stride=(1,))
      )
      (1): GELU(approximate='none')
      (2): ArmConv(
        (conv1_1): Conv1d(16, 16, kernel_size=(1,), stride=(1,))
      )
      (3): GELU(approximate='none')
      (4): ArmConv(
        (conv1_1): Conv1d(16, 2, kernel_size=(1,), stride=(1,))
      )
    )
  )
  (conv_mod): LocalGlobalBlock(
    (net): Sequential(
      (0): SynthesisLayer(
        (pad): Identity()
        (conv_layer): SWHDC(
          (conv): Conv2d(2, 3, kernel_size=(3, 3), stride=(1, 1))
        )
        (non_linearity): GELU(approximate='none')
      )
      (1): SynthesisResidualLayer(
        (pad): ReplicationPad2d((0, 0, 0, 0))
        (conv_layer): Conv2d(3, 3, kernel_size=(1, 1), stride=(1, 1))
        (non_linearity): GELU(approximate='none')
      )
      (2): SynthesisResidualLayer(
        (pad): ReplicationPad2d((0, 0, 0, 0))
        (conv_layer): Conv2d(3, 3, kernel_size=(1, 1), stride=(1, 1))
        (non_linearity): GELU(approximate='none')
      )
      (3): SynthesisResidualLayer(
        (pad): ReplicationPad2d((0, 0, 0, 0))
        (conv_layer): Conv2d(3, 3, kernel_size=(1, 1), stride=(1, 1))
        (non_linearity): Identity()
      )
    )
    (global_net): Sequential(
      (0): SynthesisLayer(
        (pad): Identity()
        (conv_layer): SWHDC(
          (conv): Conv2d(2, 3, kernel_size=(3, 3), stride=(1, 1))
        )
        (non_linearity): GELU(approximate='none')
      )
      (1): SynthesisResidualLayer(
        (pad): ReplicationPad2d((0, 0, 0, 0))
        (conv_layer): Conv2d(3, 3, kernel_size=(1, 1), stride=(1, 1))
        (non_linearity): GELU(approximate='none')
      )
      (2): SynthesisResidualLayer(
        (pad): ReplicationPad2d((0, 0, 0, 0))
        (conv_layer): Conv2d(3, 3, kernel_size=(1, 1), stride=(1, 1))
        (non_linearity): GELU(approximate='none')
      )
      (3): SynthesisResidualLayer(
        (pad): ReplicationPad2d((0, 0, 0, 0))
        (conv_layer): Conv2d(3, 3, kernel_size=(1, 1), stride=(1, 1))
        (non_linearity): Identity()
      )
    )
    (agg_func): Sequential(
      (0): SynthesisLayer(
        (pad): ReplicationPad2d((0, 0, 0, 0))
        (conv_layer): Conv2d(18, 3, kernel_size=(1, 1), stride=(1, 1))
        (non_linearity): GELU(approximate='none')
      )
      (1): SynthesisLayer(
        (pad): ReplicationPad2d((0, 0, 0, 0))
        (conv_layer): Conv2d(21, 3, kernel_size=(1, 1), stride=(1, 1))
        (non_linearity): GELU(approximate='none')
      )
      (2): SynthesisLayer(
        (pad): ReplicationPad2d((0, 0, 0, 0))
        (conv_layer): Conv2d(24, 3, kernel_size=(1, 1), stride=(1, 1))
        (non_linearity): GELU(approximate='none')
      )
    )
    (full_net): Sequential(
      (0): SynthesisLayer(
        (pad): ReplicationPad2d((0, 0, 0, 0))
        (conv_layer): Conv2d(7, 12, kernel_size=(1, 1), stride=(1, 1))
        (non_linearity): GELU(approximate='none')
      )
      (1): SynthesisLayer(
        (pad): ReplicationPad2d((0, 0, 0, 0))
        (conv_layer): Conv2d(12, 3, kernel_size=(1, 1), stride=(1, 1))
        (non_linearity): GELU(approximate='none')
      )
      (2): SynthesisResidualLayer(
        (conv_layer): Conv2d(3, 3, kernel_size=(3, 3), stride=(1, 1))
        (non_linearity): GELU(approximate='none')
      )
      (3): SynthesisResidualLayer(
        (conv_layer): Conv2d(3, 3, kernel_size=(3, 3), stride=(1, 1))
        (non_linearity): GELU(approximate='none')
      )
    )
  )
  (modulation_sf): ParameterList(
      (0): Parameter containing: [torch.float32 of size 1x1x8x16 (cuda:0)]
      (1): Parameter containing: [torch.float32 of size 1x1x16x32 (cuda:0)]
      (2): Parameter containing: [torch.float32 of size 1x1x32x64 (cuda:0)]
      (3): Parameter containing: [torch.float32 of size 1x1x64x128 (cuda:0)]
      (4): Parameter containing: [torch.float32 of size 1x1x128x256 (cuda:0)]
      (5): Parameter containing: [torch.float32 of size 1x1x256x512 (cuda:0)]
      (6): Parameter containing: [torch.float32 of size 1x1x512x1024 (cuda:0)]
  )
)
train the 6 -th image
start temperature: 0.3 noise parameter: 2.0
end temperature: 0.1 noise parameter: 1.0
********************Start from stage I
********************going into stage II
eval_object_psnr: 37.09606948419867
eval_background_psnr: 29.26906528987143
eval_background_psnr: 29.26906528987143
********************Evaluation the Image 6-th, after Step 999, BEST PSNR: 28.602759, Print rate 0.143975. *************************
Saved model at ./saved/modbase_7/context_16_arm_mod_16/sparity_0.0/inr_mod_16KODAK_ROI_Global_new_struture_7_12_3_33_orderconcat_operator_0_pw_0.4_img_object6.pth
Trained the image with PSNR: 28.602759262492118  latent bits 0.14397549629211426 latent bits number 75484.625
[28.114925448955784, 27.75344635449581, 28.104604897360105, 24.80622245686048, 26.096687175464595, 26.0869387216253, 28.602759262492118]
[0.19625774025917053, 0.20048120617866516, 0.2012585699558258, 0.3268035054206848, 0.30659914016723633, 0.29963308572769165, 0.14397549629211426]
[102895.578125, 105109.890625, 105517.453125, 171339.15625, 160746.25, 157094.03125, 75484.625]
load the model: ./saved/modbase_7/context_16_arm_mod_16/sparity_0.0/inr_mod_16KODAK_ROI_Global_new_struture_7_12_3_33_orderconcat_operator_0_pw_0.4_img_object6.pth for the  6 -th image
********************Evalutation with quantization
********************Starting quantizing models
eval_object_psnr: 35.66759085561454
full_image_psnr: 27.640481035631826
object_psnr: 35.66759085561454
background_psnr: 28.422644135714474
********************Evaluation the Image 6-th, BEST PSNR: 27.640481, Print rate 0.144954, Network rate 0.016226. *************************
eval_wsssim: 0.898383
Decoded image saved to ./experiments/vcip_wssim_tunado_diegoPC/decoded_images/othim07_maskerp_wsmse0_swhdc1_erp1_lambda0.4.png
Evaluate the image: PSNR: 27.640481035631826 All bits: 0.1611802875995636  latent bits: 0.14495447278022766  network bits: 0.016225814819335938
Evaluate arm network bits: 0.007898330688476562 Evaluate synthesis network bits: 0.007747650146484375
Image All bits num: 84504.890625 latent bits num: 75997.890625 mlp bits num: 8507.0 border bits num:
arm bits num: 4141.0 synthesis bits num: 4062.0
[26.98496290731588, 26.914855757670068, 26.794346067269846, 24.505044114122843, 24.905289311296652, 26.01794850733637, 27.640481035631826]
[0.21442179381847382, 0.21952378749847412, 0.21920588612556458, 0.34355807304382324, 0.32367488741874695, 0.3186313509941101, 0.1611802875995636]
[112418.7734375, 115093.6875, 114927.015625, 180123.375, 169698.859375, 167054.59375, 84504.890625]
Metrics saved to ./experiments/vcip_wssim_tunado_diegoPC/results.csv
Current eval Ave PSNR: 26.25184681437764 Ave Bits 0.25717086664267946
Namespace(batch_size=1, lr=0.01, data='../data', sparsity=0.0, local_upsampling_kernel_size=8, upsampling_kernel_size=8, static_upsampling_kernel=False, latent_factor=1, mod_base=7, highest_flag=1, context_arm=16, dim_arm_mod=16, use_candidate=True, type='other', mod_hid_layer=0, sythesis_features=12, hidden_features=64, hidden_layer=2, scale=1, lambda_rate=0.4, lambda_rate_list=[0.4, 0.8], start_index=0, mask_type='erp', wsmse_tag=0, swhdc_tag=1, swhdc_dilations=[1, 2, 3, 4], erp_padding=1, workdir='./experiments/vcip_wssim_tunado_diegoPC', train_steps_1=5000, train_steps_2=1000, loss_type='combined', lambda_dist=0.0, lambda_percep=1.0, patch_h=512, patch_w=1024, all_pix_num=524288, eval_pix_num=524288)
Directory './saved/modbase_7/context_16_arm_mod_16' already exists.
Directory './saved/modbase_7/context_16_arm_mod_16/sparity_0.0' already exists.
top %: 0.0

🔁 Stage-1 Training Candidate 1/7
Quantizer parameter: encoding gain  16
total pixel: 524288
Get Mod with shape torch.Size([1, 1, 8, 16]) at layer: 1
Get Mod with shape torch.Size([1, 1, 16, 32]) at layer: 2
Get Mod with shape torch.Size([1, 1, 32, 64]) at layer: 3
Get Mod with shape torch.Size([1, 1, 64, 128]) at layer: 4
Get Mod with shape torch.Size([1, 1, 128, 256]) at layer: 5
Get Mod with shape torch.Size([1, 1, 256, 512]) at layer: 6
Get Mod with shape torch.Size([1, 1, 512, 1024]) at layer: 7
start temperature: 0.3 noise parameter: 2.0
end temperature: 0.3 noise parameter: 2.0
********************Start from stage I
Step 400, BEST PSNR: 27.426355, Total loss 0.191647 with its rate 0.21067674458026886 latent_bits 110455.2890625

🔁 Stage-1 Training Candidate 2/7
Quantizer parameter: encoding gain  16
total pixel: 524288
Get Mod with shape torch.Size([1, 1, 8, 16]) at layer: 1
Get Mod with shape torch.Size([1, 1, 16, 32]) at layer: 2
Get Mod with shape torch.Size([1, 1, 32, 64]) at layer: 3
Get Mod with shape torch.Size([1, 1, 64, 128]) at layer: 4
Get Mod with shape torch.Size([1, 1, 128, 256]) at layer: 5
Get Mod with shape torch.Size([1, 1, 256, 512]) at layer: 6
Get Mod with shape torch.Size([1, 1, 512, 1024]) at layer: 7
start temperature: 0.3 noise parameter: 2.0
end temperature: 0.3 noise parameter: 2.0
********************Start from stage I
Step 400, BEST PSNR: 26.779989, Total loss 0.197490 with its rate 0.21290218830108643 latent_bits 111622.0625

🔁 Stage-1 Training Candidate 3/7
Quantizer parameter: encoding gain  16
total pixel: 524288
Get Mod with shape torch.Size([1, 1, 8, 16]) at layer: 1
Get Mod with shape torch.Size([1, 1, 16, 32]) at layer: 2
Get Mod with shape torch.Size([1, 1, 32, 64]) at layer: 3
Get Mod with shape torch.Size([1, 1, 64, 128]) at layer: 4
Get Mod with shape torch.Size([1, 1, 128, 256]) at layer: 5
Get Mod with shape torch.Size([1, 1, 256, 512]) at layer: 6
Get Mod with shape torch.Size([1, 1, 512, 1024]) at layer: 7
start temperature: 0.3 noise parameter: 2.0
end temperature: 0.3 noise parameter: 2.0
********************Start from stage I
Step 400, BEST PSNR: 27.079268, Total loss 0.194464 with its rate 0.21002407371997833 latent_bits 110113.1015625

🔁 Stage-1 Training Candidate 4/7
Quantizer parameter: encoding gain  16
total pixel: 524288
Get Mod with shape torch.Size([1, 1, 8, 16]) at layer: 1
Get Mod with shape torch.Size([1, 1, 16, 32]) at layer: 2
Get Mod with shape torch.Size([1, 1, 32, 64]) at layer: 3
Get Mod with shape torch.Size([1, 1, 64, 128]) at layer: 4
Get Mod with shape torch.Size([1, 1, 128, 256]) at layer: 5
Get Mod with shape torch.Size([1, 1, 256, 512]) at layer: 6
Get Mod with shape torch.Size([1, 1, 512, 1024]) at layer: 7
start temperature: 0.3 noise parameter: 2.0
end temperature: 0.3 noise parameter: 2.0
********************Start from stage I
Step 400, BEST PSNR: 27.089491, Total loss 0.194750 with its rate 0.21808327734470367 latent_bits 114338.4453125

🔁 Stage-1 Training Candidate 5/7
Quantizer parameter: encoding gain  16
total pixel: 524288
Get Mod with shape torch.Size([1, 1, 8, 16]) at layer: 1
Get Mod with shape torch.Size([1, 1, 16, 32]) at layer: 2
Get Mod with shape torch.Size([1, 1, 32, 64]) at layer: 3
Get Mod with shape torch.Size([1, 1, 64, 128]) at layer: 4
Get Mod with shape torch.Size([1, 1, 128, 256]) at layer: 5
Get Mod with shape torch.Size([1, 1, 256, 512]) at layer: 6
Get Mod with shape torch.Size([1, 1, 512, 1024]) at layer: 7
start temperature: 0.3 noise parameter: 2.0
end temperature: 0.3 noise parameter: 2.0
********************Start from stage I
Step 400, BEST PSNR: 27.118469, Total loss 0.188735 with its rate 0.20494285225868225 latent_bits 107449.078125

🔁 Stage-1 Training Candidate 6/7
Quantizer parameter: encoding gain  16
total pixel: 524288
Get Mod with shape torch.Size([1, 1, 8, 16]) at layer: 1
Get Mod with shape torch.Size([1, 1, 16, 32]) at layer: 2
Get Mod with shape torch.Size([1, 1, 32, 64]) at layer: 3
Get Mod with shape torch.Size([1, 1, 64, 128]) at layer: 4
Get Mod with shape torch.Size([1, 1, 128, 256]) at layer: 5
Get Mod with shape torch.Size([1, 1, 256, 512]) at layer: 6
Get Mod with shape torch.Size([1, 1, 512, 1024]) at layer: 7
start temperature: 0.3 noise parameter: 2.0
end temperature: 0.3 noise parameter: 2.0
********************Start from stage I
Step 400, BEST PSNR: 26.722197, Total loss 0.190399 with its rate 0.1976100206375122 latent_bits 103604.5625

🔁 Stage-1 Training Candidate 7/7
Quantizer parameter: encoding gain  16
total pixel: 524288
Get Mod with shape torch.Size([1, 1, 8, 16]) at layer: 1
Get Mod with shape torch.Size([1, 1, 16, 32]) at layer: 2
Get Mod with shape torch.Size([1, 1, 32, 64]) at layer: 3
Get Mod with shape torch.Size([1, 1, 64, 128]) at layer: 4
Get Mod with shape torch.Size([1, 1, 128, 256]) at layer: 5
Get Mod with shape torch.Size([1, 1, 256, 512]) at layer: 6
Get Mod with shape torch.Size([1, 1, 512, 1024]) at layer: 7
start temperature: 0.3 noise parameter: 2.0
end temperature: 0.3 noise parameter: 2.0
********************Start from stage I
Step 400, BEST PSNR: 27.268603, Total loss 0.193147 with its rate 0.22494564950466156 latent_bits 117936.3046875

🌟 Selected Top-3 Candidates by RD cost

🎯 Stage-2 Refining Candidate 1/3
start temperature: 0.3 noise parameter: 2.0
end temperature: 0.3 noise parameter: 2.0
********************Start from stage I
Step 400, BEST PSNR: 27.886041, Total loss 0.194801 with its rate 0.24529612064361572 latent_bits 128605.8125

🎯 Stage-2 Refining Candidate 2/3
start temperature: 0.3 noise parameter: 2.0
end temperature: 0.3 noise parameter: 2.0
********************Start from stage I
Step 400, BEST PSNR: 27.831214, Total loss 0.197756 with its rate 0.2436375468969345 latent_bits 127736.2421875

🎯 Stage-2 Refining Candidate 3/3
start temperature: 0.3 noise parameter: 2.0
end temperature: 0.3 noise parameter: 2.0
********************Start from stage I
Step 400, BEST PSNR: 28.034374, Total loss 0.195613 with its rate 0.24145278334617615 latent_bits 126590.796875

🏆 Best Candidate Final PSNR: 27.89, Rate: 0.2453
Masked_INR(
  (upsampling_2d): Upsampling(
    (conv_transpose2d): UpsamplingConvTranspose2d()
  )
  (arm): Arm(
    (mlp): Sequential(
      (0): ArmConv(
        (conv1_1): Conv1d(16, 16, kernel_size=(1,), stride=(1,))
      )
      (1): GELU(approximate='none')
      (2): ArmConv(
        (conv1_1): Conv1d(16, 16, kernel_size=(1,), stride=(1,))
      )
      (3): GELU(approximate='none')
      (4): ArmConv(
        (conv1_1): Conv1d(16, 2, kernel_size=(1,), stride=(1,))
      )
    )
  )
  (conv_mod): LocalGlobalBlock(
    (net): Sequential(
      (0): SynthesisLayer(
        (pad): Identity()
        (conv_layer): SWHDC(
          (conv): Conv2d(2, 3, kernel_size=(3, 3), stride=(1, 1))
        )
        (non_linearity): GELU(approximate='none')
      )
      (1): SynthesisResidualLayer(
        (pad): ReplicationPad2d((0, 0, 0, 0))
        (conv_layer): Conv2d(3, 3, kernel_size=(1, 1), stride=(1, 1))
        (non_linearity): GELU(approximate='none')
      )
      (2): SynthesisResidualLayer(
        (pad): ReplicationPad2d((0, 0, 0, 0))
        (conv_layer): Conv2d(3, 3, kernel_size=(1, 1), stride=(1, 1))
        (non_linearity): GELU(approximate='none')
      )
      (3): SynthesisResidualLayer(
        (pad): ReplicationPad2d((0, 0, 0, 0))
        (conv_layer): Conv2d(3, 3, kernel_size=(1, 1), stride=(1, 1))
        (non_linearity): Identity()
      )
    )
    (global_net): Sequential(
      (0): SynthesisLayer(
        (pad): Identity()
        (conv_layer): SWHDC(
          (conv): Conv2d(2, 3, kernel_size=(3, 3), stride=(1, 1))
        )
        (non_linearity): GELU(approximate='none')
      )
      (1): SynthesisResidualLayer(
        (pad): ReplicationPad2d((0, 0, 0, 0))
        (conv_layer): Conv2d(3, 3, kernel_size=(1, 1), stride=(1, 1))
        (non_linearity): GELU(approximate='none')
      )
      (2): SynthesisResidualLayer(
        (pad): ReplicationPad2d((0, 0, 0, 0))
        (conv_layer): Conv2d(3, 3, kernel_size=(1, 1), stride=(1, 1))
        (non_linearity): GELU(approximate='none')
      )
      (3): SynthesisResidualLayer(
        (pad): ReplicationPad2d((0, 0, 0, 0))
        (conv_layer): Conv2d(3, 3, kernel_size=(1, 1), stride=(1, 1))
        (non_linearity): Identity()
      )
    )
    (agg_func): Sequential(
      (0): SynthesisLayer(
        (pad): ReplicationPad2d((0, 0, 0, 0))
        (conv_layer): Conv2d(18, 3, kernel_size=(1, 1), stride=(1, 1))
        (non_linearity): GELU(approximate='none')
      )
      (1): SynthesisLayer(
        (pad): ReplicationPad2d((0, 0, 0, 0))
        (conv_layer): Conv2d(21, 3, kernel_size=(1, 1), stride=(1, 1))
        (non_linearity): GELU(approximate='none')
      )
      (2): SynthesisLayer(
        (pad): ReplicationPad2d((0, 0, 0, 0))
        (conv_layer): Conv2d(24, 3, kernel_size=(1, 1), stride=(1, 1))
        (non_linearity): GELU(approximate='none')
      )
    )
    (full_net): Sequential(
      (0): SynthesisLayer(
        (pad): ReplicationPad2d((0, 0, 0, 0))
        (conv_layer): Conv2d(7, 12, kernel_size=(1, 1), stride=(1, 1))
        (non_linearity): GELU(approximate='none')
      )
      (1): SynthesisLayer(
        (pad): ReplicationPad2d((0, 0, 0, 0))
        (conv_layer): Conv2d(12, 3, kernel_size=(1, 1), stride=(1, 1))
        (non_linearity): GELU(approximate='none')
      )
      (2): SynthesisResidualLayer(
        (conv_layer): Conv2d(3, 3, kernel_size=(3, 3), stride=(1, 1))
        (non_linearity): GELU(approximate='none')
      )
      (3): SynthesisResidualLayer(
        (conv_layer): Conv2d(3, 3, kernel_size=(3, 3), stride=(1, 1))
        (non_linearity): GELU(approximate='none')
      )
    )
  )
  (modulation_sf): ParameterList(
      (0): Parameter containing: [torch.float32 of size 1x1x8x16 (cuda:0)]
      (1): Parameter containing: [torch.float32 of size 1x1x16x32 (cuda:0)]
      (2): Parameter containing: [torch.float32 of size 1x1x32x64 (cuda:0)]
      (3): Parameter containing: [torch.float32 of size 1x1x64x128 (cuda:0)]
      (4): Parameter containing: [torch.float32 of size 1x1x128x256 (cuda:0)]
      (5): Parameter containing: [torch.float32 of size 1x1x256x512 (cuda:0)]
      (6): Parameter containing: [torch.float32 of size 1x1x512x1024 (cuda:0)]
  )
)
train the 7 -th image
start temperature: 0.3 noise parameter: 2.0
end temperature: 0.1 noise parameter: 1.0
********************Start from stage I
********************going into stage II
eval_object_psnr: 37.34982726618683
eval_background_psnr: 29.33760195885661
eval_background_psnr: 29.33760195885661
********************Evaluation the Image 7-th, after Step 999, BEST PSNR: 28.698035, Print rate 0.135016. *************************
Saved model at ./saved/modbase_7/context_16_arm_mod_16/sparity_0.0/inr_mod_16KODAK_ROI_Global_new_struture_7_12_3_33_orderconcat_operator_0_pw_0.4_img_object7.pth
Trained the image with PSNR: 28.698035275313075  latent bits 0.1350162774324417 latent bits number 70787.4140625
[28.114925448955784, 27.75344635449581, 28.104604897360105, 24.80622245686048, 26.096687175464595, 26.0869387216253, 28.602759262492118, 28.698035275313075]
[0.19625774025917053, 0.20048120617866516, 0.2012585699558258, 0.3268035054206848, 0.30659914016723633, 0.29963308572769165, 0.14397549629211426, 0.1350162774324417]
[102895.578125, 105109.890625, 105517.453125, 171339.15625, 160746.25, 157094.03125, 75484.625, 70787.4140625]
load the model: ./saved/modbase_7/context_16_arm_mod_16/sparity_0.0/inr_mod_16KODAK_ROI_Global_new_struture_7_12_3_33_orderconcat_operator_0_pw_0.4_img_object7.pth for the  7 -th image
********************Evalutation with quantization
********************Starting quantizing models
eval_object_psnr: 36.67802532922685
full_image_psnr: 28.249792959094236
object_psnr: 36.67802532922685
background_psnr: 28.924309352827038
********************Evaluation the Image 7-th, BEST PSNR: 28.249793, Print rate 0.135439, Network rate 0.018661. *************************
eval_wsssim: 0.907574
Decoded image saved to ./experiments/vcip_wssim_tunado_diegoPC/decoded_images/othim08_maskerp_wsmse0_swhdc1_erp1_lambda0.4.png
Evaluate the image: PSNR: 28.249792959094236 All bits: 0.1541002094745636  latent bits: 0.1354387104511261  network bits: 0.0186614990234375
Evaluate arm network bits: 0.009187698364257812 Evaluate synthesis network bits: 0.008993148803710938
Image All bits num: 80792.890625 latent bits num: 71008.890625 mlp bits num: 9784.0 border bits num:
arm bits num: 4817.0 synthesis bits num: 4715.0
[26.98496290731588, 26.914855757670068, 26.794346067269846, 24.505044114122843, 24.905289311296652, 26.01794850733637, 27.640481035631826, 28.249792959094236]
[0.21442179381847382, 0.21952378749847412, 0.21920588612556458, 0.34355807304382324, 0.32367488741874695, 0.3186313509941101, 0.1611802875995636, 0.1541002094745636]
[112418.7734375, 115093.6875, 114927.015625, 180123.375, 169698.859375, 167054.59375, 84504.890625, 80792.890625]
Metrics saved to ./experiments/vcip_wssim_tunado_diegoPC/results.csv
Current eval Ave PSNR: 26.501590082467217 Ave Bits 0.244287034496665
Namespace(batch_size=1, lr=0.01, data='../data', sparsity=0.0, local_upsampling_kernel_size=8, upsampling_kernel_size=8, static_upsampling_kernel=False, latent_factor=1, mod_base=7, highest_flag=1, context_arm=16, dim_arm_mod=16, use_candidate=True, type='other', mod_hid_layer=0, sythesis_features=12, hidden_features=64, hidden_layer=2, scale=1, lambda_rate=0.4, lambda_rate_list=[0.4, 0.8], start_index=0, mask_type='erp', wsmse_tag=0, swhdc_tag=1, swhdc_dilations=[1, 2, 3, 4], erp_padding=1, workdir='./experiments/vcip_wssim_tunado_diegoPC', train_steps_1=5000, train_steps_2=1000, loss_type='combined', lambda_dist=0.0, lambda_percep=1.0, patch_h=512, patch_w=1024, all_pix_num=524288, eval_pix_num=524288)
Directory './saved/modbase_7/context_16_arm_mod_16' already exists.
Directory './saved/modbase_7/context_16_arm_mod_16/sparity_0.0' already exists.
top %: 0.0

🔁 Stage-1 Training Candidate 1/7
Quantizer parameter: encoding gain  16
total pixel: 524288
Get Mod with shape torch.Size([1, 1, 8, 16]) at layer: 1
Get Mod with shape torch.Size([1, 1, 16, 32]) at layer: 2
Get Mod with shape torch.Size([1, 1, 32, 64]) at layer: 3
Get Mod with shape torch.Size([1, 1, 64, 128]) at layer: 4
Get Mod with shape torch.Size([1, 1, 128, 256]) at layer: 5
Get Mod with shape torch.Size([1, 1, 256, 512]) at layer: 6
Get Mod with shape torch.Size([1, 1, 512, 1024]) at layer: 7
start temperature: 0.3 noise parameter: 2.0
end temperature: 0.3 noise parameter: 2.0
********************Start from stage I
Step 400, BEST PSNR: 26.916348, Total loss 0.198122 with its rate 0.21986395120620728 latent_bits 115272.03125

🔁 Stage-1 Training Candidate 2/7
Quantizer parameter: encoding gain  16
total pixel: 524288
Get Mod with shape torch.Size([1, 1, 8, 16]) at layer: 1
Get Mod with shape torch.Size([1, 1, 16, 32]) at layer: 2
Get Mod with shape torch.Size([1, 1, 32, 64]) at layer: 3
Get Mod with shape torch.Size([1, 1, 64, 128]) at layer: 4
Get Mod with shape torch.Size([1, 1, 128, 256]) at layer: 5
Get Mod with shape torch.Size([1, 1, 256, 512]) at layer: 6
Get Mod with shape torch.Size([1, 1, 512, 1024]) at layer: 7
start temperature: 0.3 noise parameter: 2.0
end temperature: 0.3 noise parameter: 2.0
********************Start from stage I
Step 400, BEST PSNR: 26.494553, Total loss 0.203293 with its rate 0.21838073432445526 latent_bits 114494.3984375

🔁 Stage-1 Training Candidate 3/7
Quantizer parameter: encoding gain  16
total pixel: 524288
Get Mod with shape torch.Size([1, 1, 8, 16]) at layer: 1
Get Mod with shape torch.Size([1, 1, 16, 32]) at layer: 2
Get Mod with shape torch.Size([1, 1, 32, 64]) at layer: 3
Get Mod with shape torch.Size([1, 1, 64, 128]) at layer: 4
Get Mod with shape torch.Size([1, 1, 128, 256]) at layer: 5
Get Mod with shape torch.Size([1, 1, 256, 512]) at layer: 6
Get Mod with shape torch.Size([1, 1, 512, 1024]) at layer: 7
start temperature: 0.3 noise parameter: 2.0
end temperature: 0.3 noise parameter: 2.0
********************Start from stage I
Step 400, BEST PSNR: 26.785175, Total loss 0.207406 with its rate 0.23628193140029907 latent_bits 123879.78125

🔁 Stage-1 Training Candidate 4/7
Quantizer parameter: encoding gain  16
total pixel: 524288
Get Mod with shape torch.Size([1, 1, 8, 16]) at layer: 1
Get Mod with shape torch.Size([1, 1, 16, 32]) at layer: 2
Get Mod with shape torch.Size([1, 1, 32, 64]) at layer: 3
Get Mod with shape torch.Size([1, 1, 64, 128]) at layer: 4
Get Mod with shape torch.Size([1, 1, 128, 256]) at layer: 5
Get Mod with shape torch.Size([1, 1, 256, 512]) at layer: 6
Get Mod with shape torch.Size([1, 1, 512, 1024]) at layer: 7
start temperature: 0.3 noise parameter: 2.0
end temperature: 0.3 noise parameter: 2.0
********************Start from stage I
Step 400, BEST PSNR: 26.943336, Total loss 0.204053 with its rate 0.22633309662342072 latent_bits 118663.7265625

🔁 Stage-1 Training Candidate 5/7
Quantizer parameter: encoding gain  16
total pixel: 524288
Get Mod with shape torch.Size([1, 1, 8, 16]) at layer: 1
Get Mod with shape torch.Size([1, 1, 16, 32]) at layer: 2
Get Mod with shape torch.Size([1, 1, 32, 64]) at layer: 3
Get Mod with shape torch.Size([1, 1, 64, 128]) at layer: 4
Get Mod with shape torch.Size([1, 1, 128, 256]) at layer: 5
Get Mod with shape torch.Size([1, 1, 256, 512]) at layer: 6
Get Mod with shape torch.Size([1, 1, 512, 1024]) at layer: 7
start temperature: 0.3 noise parameter: 2.0
end temperature: 0.3 noise parameter: 2.0
********************Start from stage I
Step 400, BEST PSNR: 26.971898, Total loss 0.204602 with its rate 0.22847604751586914 latent_bits 119787.25

🔁 Stage-1 Training Candidate 6/7
Quantizer parameter: encoding gain  16
total pixel: 524288
Get Mod with shape torch.Size([1, 1, 8, 16]) at layer: 1
Get Mod with shape torch.Size([1, 1, 16, 32]) at layer: 2
Get Mod with shape torch.Size([1, 1, 32, 64]) at layer: 3
Get Mod with shape torch.Size([1, 1, 64, 128]) at layer: 4
Get Mod with shape torch.Size([1, 1, 128, 256]) at layer: 5
Get Mod with shape torch.Size([1, 1, 256, 512]) at layer: 6
Get Mod with shape torch.Size([1, 1, 512, 1024]) at layer: 7
start temperature: 0.3 noise parameter: 2.0
end temperature: 0.3 noise parameter: 2.0
********************Start from stage I
Step 400, BEST PSNR: 26.598168, Total loss 0.199649 with its rate 0.20599162578582764 latent_bits 107998.9375

🔁 Stage-1 Training Candidate 7/7
Quantizer parameter: encoding gain  16
total pixel: 524288
Get Mod with shape torch.Size([1, 1, 8, 16]) at layer: 1
Get Mod with shape torch.Size([1, 1, 16, 32]) at layer: 2
Get Mod with shape torch.Size([1, 1, 32, 64]) at layer: 3
Get Mod with shape torch.Size([1, 1, 64, 128]) at layer: 4
Get Mod with shape torch.Size([1, 1, 128, 256]) at layer: 5
Get Mod with shape torch.Size([1, 1, 256, 512]) at layer: 6
Get Mod with shape torch.Size([1, 1, 512, 1024]) at layer: 7
start temperature: 0.3 noise parameter: 2.0
end temperature: 0.3 noise parameter: 2.0
********************Start from stage I
Step 400, BEST PSNR: 26.566622, Total loss 0.198276 with its rate 0.21127212047576904 latent_bits 110767.4375

🌟 Selected Top-3 Candidates by RD cost

🎯 Stage-2 Refining Candidate 1/3
start temperature: 0.3 noise parameter: 2.0
end temperature: 0.3 noise parameter: 2.0
********************Start from stage I
Step 400, BEST PSNR: 27.942233, Total loss 0.201539 with its rate 0.25190460681915283 latent_bits 132070.5625

🎯 Stage-2 Refining Candidate 2/3
start temperature: 0.3 noise parameter: 2.0
end temperature: 0.3 noise parameter: 2.0
********************Start from stage I
Step 400, BEST PSNR: 27.687291, Total loss 0.204174 with its rate 0.2522420287132263 latent_bits 132247.46875

🎯 Stage-2 Refining Candidate 3/3
start temperature: 0.3 noise parameter: 2.0
end temperature: 0.3 noise parameter: 2.0
********************Start from stage I
Step 400, BEST PSNR: 27.456412, Total loss 0.202877 with its rate 0.2538083493709564 latent_bits 133068.671875

🏆 Best Candidate Final PSNR: 27.94, Rate: 0.2519
Masked_INR(
  (upsampling_2d): Upsampling(
    (conv_transpose2d): UpsamplingConvTranspose2d()
  )
  (arm): Arm(
    (mlp): Sequential(
      (0): ArmConv(
        (conv1_1): Conv1d(16, 16, kernel_size=(1,), stride=(1,))
      )
      (1): GELU(approximate='none')
      (2): ArmConv(
        (conv1_1): Conv1d(16, 16, kernel_size=(1,), stride=(1,))
      )
      (3): GELU(approximate='none')
      (4): ArmConv(
        (conv1_1): Conv1d(16, 2, kernel_size=(1,), stride=(1,))
      )
    )
  )
  (conv_mod): LocalGlobalBlock(
    (net): Sequential(
      (0): SynthesisLayer(
        (pad): Identity()
        (conv_layer): SWHDC(
          (conv): Conv2d(2, 3, kernel_size=(3, 3), stride=(1, 1))
        )
        (non_linearity): GELU(approximate='none')
      )
      (1): SynthesisResidualLayer(
        (pad): ReplicationPad2d((0, 0, 0, 0))
        (conv_layer): Conv2d(3, 3, kernel_size=(1, 1), stride=(1, 1))
        (non_linearity): GELU(approximate='none')
      )
      (2): SynthesisResidualLayer(
        (pad): ReplicationPad2d((0, 0, 0, 0))
        (conv_layer): Conv2d(3, 3, kernel_size=(1, 1), stride=(1, 1))
        (non_linearity): GELU(approximate='none')
      )
      (3): SynthesisResidualLayer(
        (pad): ReplicationPad2d((0, 0, 0, 0))
        (conv_layer): Conv2d(3, 3, kernel_size=(1, 1), stride=(1, 1))
        (non_linearity): Identity()
      )
    )
    (global_net): Sequential(
      (0): SynthesisLayer(
        (pad): Identity()
        (conv_layer): SWHDC(
          (conv): Conv2d(2, 3, kernel_size=(3, 3), stride=(1, 1))
        )
        (non_linearity): GELU(approximate='none')
      )
      (1): SynthesisResidualLayer(
        (pad): ReplicationPad2d((0, 0, 0, 0))
        (conv_layer): Conv2d(3, 3, kernel_size=(1, 1), stride=(1, 1))
        (non_linearity): GELU(approximate='none')
      )
      (2): SynthesisResidualLayer(
        (pad): ReplicationPad2d((0, 0, 0, 0))
        (conv_layer): Conv2d(3, 3, kernel_size=(1, 1), stride=(1, 1))
        (non_linearity): GELU(approximate='none')
      )
      (3): SynthesisResidualLayer(
        (pad): ReplicationPad2d((0, 0, 0, 0))
        (conv_layer): Conv2d(3, 3, kernel_size=(1, 1), stride=(1, 1))
        (non_linearity): Identity()
      )
    )
    (agg_func): Sequential(
      (0): SynthesisLayer(
        (pad): ReplicationPad2d((0, 0, 0, 0))
        (conv_layer): Conv2d(18, 3, kernel_size=(1, 1), stride=(1, 1))
        (non_linearity): GELU(approximate='none')
      )
      (1): SynthesisLayer(
        (pad): ReplicationPad2d((0, 0, 0, 0))
        (conv_layer): Conv2d(21, 3, kernel_size=(1, 1), stride=(1, 1))
        (non_linearity): GELU(approximate='none')
      )
      (2): SynthesisLayer(
        (pad): ReplicationPad2d((0, 0, 0, 0))
        (conv_layer): Conv2d(24, 3, kernel_size=(1, 1), stride=(1, 1))
        (non_linearity): GELU(approximate='none')
      )
    )
    (full_net): Sequential(
      (0): SynthesisLayer(
        (pad): ReplicationPad2d((0, 0, 0, 0))
        (conv_layer): Conv2d(7, 12, kernel_size=(1, 1), stride=(1, 1))
        (non_linearity): GELU(approximate='none')
      )
      (1): SynthesisLayer(
        (pad): ReplicationPad2d((0, 0, 0, 0))
        (conv_layer): Conv2d(12, 3, kernel_size=(1, 1), stride=(1, 1))
        (non_linearity): GELU(approximate='none')
      )
      (2): SynthesisResidualLayer(
        (conv_layer): Conv2d(3, 3, kernel_size=(3, 3), stride=(1, 1))
        (non_linearity): GELU(approximate='none')
      )
      (3): SynthesisResidualLayer(
        (conv_layer): Conv2d(3, 3, kernel_size=(3, 3), stride=(1, 1))
        (non_linearity): GELU(approximate='none')
      )
    )
  )
  (modulation_sf): ParameterList(
      (0): Parameter containing: [torch.float32 of size 1x1x8x16 (cuda:0)]
      (1): Parameter containing: [torch.float32 of size 1x1x16x32 (cuda:0)]
      (2): Parameter containing: [torch.float32 of size 1x1x32x64 (cuda:0)]
      (3): Parameter containing: [torch.float32 of size 1x1x64x128 (cuda:0)]
      (4): Parameter containing: [torch.float32 of size 1x1x128x256 (cuda:0)]
      (5): Parameter containing: [torch.float32 of size 1x1x256x512 (cuda:0)]
      (6): Parameter containing: [torch.float32 of size 1x1x512x1024 (cuda:0)]
  )
)
train the 8 -th image
start temperature: 0.3 noise parameter: 2.0
end temperature: 0.1 noise parameter: 1.0
********************Start from stage I
********************going into stage II
eval_object_psnr: 37.25477730562082
eval_background_psnr: 29.382752522062333
eval_background_psnr: 29.382752522062333
********************Evaluation the Image 8-th, after Step 999, BEST PSNR: 28.724695, Print rate 0.142335. *************************
Saved model at ./saved/modbase_7/context_16_arm_mod_16/sparity_0.0/inr_mod_16KODAK_ROI_Global_new_struture_7_12_3_33_orderconcat_operator_0_pw_0.4_img_object8.pth
Trained the image with PSNR: 28.724695467332477  latent bits 0.14233466982841492 latent bits number 74624.359375
[28.114925448955784, 27.75344635449581, 28.104604897360105, 24.80622245686048, 26.096687175464595, 26.0869387216253, 28.602759262492118, 28.698035275313075, 28.724695467332477]
[0.19625774025917053, 0.20048120617866516, 0.2012585699558258, 0.3268035054206848, 0.30659914016723633, 0.29963308572769165, 0.14397549629211426, 0.1350162774324417, 0.14233466982841492]
[102895.578125, 105109.890625, 105517.453125, 171339.15625, 160746.25, 157094.03125, 75484.625, 70787.4140625, 74624.359375]
load the model: ./saved/modbase_7/context_16_arm_mod_16/sparity_0.0/inr_mod_16KODAK_ROI_Global_new_struture_7_12_3_33_orderconcat_operator_0_pw_0.4_img_object8.pth for the  8 -th image
********************Evalutation with quantization
********************Starting quantizing models
eval_object_psnr: 33.922795100882894
full_image_psnr: 26.203673447321364
object_psnr: 33.922795100882894
background_psnr: 27.0179573400344
********************Evaluation the Image 8-th, BEST PSNR: 26.203673, Print rate 0.142494, Network rate 0.017097. *************************
eval_wsssim: 0.894386
Decoded image saved to ./experiments/vcip_wssim_tunado_diegoPC/decoded_images/othim09_maskerp_wsmse0_swhdc1_erp1_lambda0.4.png
Evaluate the image: PSNR: 26.203673447321364 All bits: 0.1595911681652069  latent bits: 0.14249369502067566  network bits: 0.01709747314453125
Evaluate arm network bits: 0.009061813354492188 Evaluate synthesis network bits: 0.0074443817138671875
Image All bits num: 83671.734375 latent bits num: 74707.734375 mlp bits num: 8964.0 border bits num:
arm bits num: 4751.0 synthesis bits num: 3903.0
[26.98496290731588, 26.914855757670068, 26.794346067269846, 24.505044114122843, 24.905289311296652, 26.01794850733637, 27.640481035631826, 28.249792959094236, 26.203673447321364]
[0.21442179381847382, 0.21952378749847412, 0.21920588612556458, 0.34355807304382324, 0.32367488741874695, 0.3186313509941101, 0.1611802875995636, 0.1541002094745636, 0.1595911681652069]
[112418.7734375, 115093.6875, 114927.015625, 180123.375, 169698.859375, 167054.59375, 84504.890625, 80792.890625, 83671.734375]
Metrics saved to ./experiments/vcip_wssim_tunado_diegoPC/results.csv
Current eval Ave PSNR: 26.46848823411768 Ave Bits 0.23487638268205854
Namespace(batch_size=1, lr=0.01, data='../data', sparsity=0.0, local_upsampling_kernel_size=8, upsampling_kernel_size=8, static_upsampling_kernel=False, latent_factor=1, mod_base=7, highest_flag=1, context_arm=16, dim_arm_mod=16, use_candidate=True, type='other', mod_hid_layer=0, sythesis_features=12, hidden_features=64, hidden_layer=2, scale=1, lambda_rate=0.4, lambda_rate_list=[0.4, 0.8], start_index=0, mask_type='erp', wsmse_tag=0, swhdc_tag=1, swhdc_dilations=[1, 2, 3, 4], erp_padding=1, workdir='./experiments/vcip_wssim_tunado_diegoPC', train_steps_1=5000, train_steps_2=1000, loss_type='combined', lambda_dist=0.0, lambda_percep=1.0, patch_h=512, patch_w=1024, all_pix_num=524288, eval_pix_num=524288)
Directory './saved/modbase_7/context_16_arm_mod_16' already exists.
Directory './saved/modbase_7/context_16_arm_mod_16/sparity_0.0' already exists.
top %: 0.0

🔁 Stage-1 Training Candidate 1/7
Quantizer parameter: encoding gain  16
total pixel: 524288
Get Mod with shape torch.Size([1, 1, 8, 16]) at layer: 1
Get Mod with shape torch.Size([1, 1, 16, 32]) at layer: 2
Get Mod with shape torch.Size([1, 1, 32, 64]) at layer: 3
Get Mod with shape torch.Size([1, 1, 64, 128]) at layer: 4
Get Mod with shape torch.Size([1, 1, 128, 256]) at layer: 5
Get Mod with shape torch.Size([1, 1, 256, 512]) at layer: 6
Get Mod with shape torch.Size([1, 1, 512, 1024]) at layer: 7
start temperature: 0.3 noise parameter: 2.0
end temperature: 0.3 noise parameter: 2.0
********************Start from stage I
Step 400, BEST PSNR: 26.970073, Total loss 0.255543 with its rate 0.2829569876194 latent_bits 148350.953125

🔁 Stage-1 Training Candidate 2/7
Quantizer parameter: encoding gain  16
total pixel: 524288
Get Mod with shape torch.Size([1, 1, 8, 16]) at layer: 1
Get Mod with shape torch.Size([1, 1, 16, 32]) at layer: 2
Get Mod with shape torch.Size([1, 1, 32, 64]) at layer: 3
Get Mod with shape torch.Size([1, 1, 64, 128]) at layer: 4
Get Mod with shape torch.Size([1, 1, 128, 256]) at layer: 5
Get Mod with shape torch.Size([1, 1, 256, 512]) at layer: 6
Get Mod with shape torch.Size([1, 1, 512, 1024]) at layer: 7
start temperature: 0.3 noise parameter: 2.0
end temperature: 0.3 noise parameter: 2.0
********************Start from stage I
Step 400, BEST PSNR: 26.863029, Total loss 0.264782 with its rate 0.28124845027923584 latent_bits 147455.1875

🔁 Stage-1 Training Candidate 3/7
Quantizer parameter: encoding gain  16
total pixel: 524288
Get Mod with shape torch.Size([1, 1, 8, 16]) at layer: 1
Get Mod with shape torch.Size([1, 1, 16, 32]) at layer: 2
Get Mod with shape torch.Size([1, 1, 32, 64]) at layer: 3
Get Mod with shape torch.Size([1, 1, 64, 128]) at layer: 4
Get Mod with shape torch.Size([1, 1, 128, 256]) at layer: 5
Get Mod with shape torch.Size([1, 1, 256, 512]) at layer: 6
Get Mod with shape torch.Size([1, 1, 512, 1024]) at layer: 7
start temperature: 0.3 noise parameter: 2.0
end temperature: 0.3 noise parameter: 2.0
********************Start from stage I
Step 400, BEST PSNR: 26.909819, Total loss 0.260709 with its rate 0.28011488914489746 latent_bits 146860.875

🔁 Stage-1 Training Candidate 4/7
Quantizer parameter: encoding gain  16
total pixel: 524288
Get Mod with shape torch.Size([1, 1, 8, 16]) at layer: 1
Get Mod with shape torch.Size([1, 1, 16, 32]) at layer: 2
Get Mod with shape torch.Size([1, 1, 32, 64]) at layer: 3
Get Mod with shape torch.Size([1, 1, 64, 128]) at layer: 4
Get Mod with shape torch.Size([1, 1, 128, 256]) at layer: 5
Get Mod with shape torch.Size([1, 1, 256, 512]) at layer: 6
Get Mod with shape torch.Size([1, 1, 512, 1024]) at layer: 7
start temperature: 0.3 noise parameter: 2.0
end temperature: 0.3 noise parameter: 2.0
********************Start from stage I
Step 400, BEST PSNR: 26.941130, Total loss 0.257734 with its rate 0.2870852053165436 latent_bits 150515.328125

🔁 Stage-1 Training Candidate 5/7
Quantizer parameter: encoding gain  16
total pixel: 524288
Get Mod with shape torch.Size([1, 1, 8, 16]) at layer: 1
Get Mod with shape torch.Size([1, 1, 16, 32]) at layer: 2
Get Mod with shape torch.Size([1, 1, 32, 64]) at layer: 3
Get Mod with shape torch.Size([1, 1, 64, 128]) at layer: 4
Get Mod with shape torch.Size([1, 1, 128, 256]) at layer: 5
Get Mod with shape torch.Size([1, 1, 256, 512]) at layer: 6
Get Mod with shape torch.Size([1, 1, 512, 1024]) at layer: 7
start temperature: 0.3 noise parameter: 2.0
end temperature: 0.3 noise parameter: 2.0
********************Start from stage I
Step 400, BEST PSNR: 27.212509, Total loss 0.257514 with its rate 0.29127806425094604 latent_bits 152713.59375

🔁 Stage-1 Training Candidate 6/7
Quantizer parameter: encoding gain  16
total pixel: 524288
Get Mod with shape torch.Size([1, 1, 8, 16]) at layer: 1
Get Mod with shape torch.Size([1, 1, 16, 32]) at layer: 2
Get Mod with shape torch.Size([1, 1, 32, 64]) at layer: 3
Get Mod with shape torch.Size([1, 1, 64, 128]) at layer: 4
Get Mod with shape torch.Size([1, 1, 128, 256]) at layer: 5
Get Mod with shape torch.Size([1, 1, 256, 512]) at layer: 6
Get Mod with shape torch.Size([1, 1, 512, 1024]) at layer: 7
start temperature: 0.3 noise parameter: 2.0
end temperature: 0.3 noise parameter: 2.0
********************Start from stage I
Step 400, BEST PSNR: 27.227847, Total loss 0.255615 with its rate 0.2838773727416992 latent_bits 148833.5

🔁 Stage-1 Training Candidate 7/7
Quantizer parameter: encoding gain  16
total pixel: 524288
Get Mod with shape torch.Size([1, 1, 8, 16]) at layer: 1
Get Mod with shape torch.Size([1, 1, 16, 32]) at layer: 2
Get Mod with shape torch.Size([1, 1, 32, 64]) at layer: 3
Get Mod with shape torch.Size([1, 1, 64, 128]) at layer: 4
Get Mod with shape torch.Size([1, 1, 128, 256]) at layer: 5
Get Mod with shape torch.Size([1, 1, 256, 512]) at layer: 6
Get Mod with shape torch.Size([1, 1, 512, 1024]) at layer: 7
start temperature: 0.3 noise parameter: 2.0
end temperature: 0.3 noise parameter: 2.0
********************Start from stage I
Step 400, BEST PSNR: 27.033306, Total loss 0.255592 with its rate 0.277775377035141 latent_bits 145634.296875

🌟 Selected Top-3 Candidates by RD cost

🎯 Stage-2 Refining Candidate 1/3
start temperature: 0.3 noise parameter: 2.0
end temperature: 0.3 noise parameter: 2.0
********************Start from stage I
Step 400, BEST PSNR: 27.793598, Total loss 0.259775 with its rate 0.3136347532272339 latent_bits 164434.9375

🎯 Stage-2 Refining Candidate 2/3
start temperature: 0.3 noise parameter: 2.0
end temperature: 0.3 noise parameter: 2.0
********************Start from stage I
Step 400, BEST PSNR: 27.757486, Total loss 0.264625 with its rate 0.3212396502494812 latent_bits 168422.09375

🎯 Stage-2 Refining Candidate 3/3
start temperature: 0.3 noise parameter: 2.0
end temperature: 0.3 noise parameter: 2.0
********************Start from stage I
Step 400, BEST PSNR: 28.015177, Total loss 0.260008 with its rate 0.3138710856437683 latent_bits 164558.84375

🏆 Best Candidate Final PSNR: 27.79, Rate: 0.3136
Masked_INR(
  (upsampling_2d): Upsampling(
    (conv_transpose2d): UpsamplingConvTranspose2d()
  )
  (arm): Arm(
    (mlp): Sequential(
      (0): ArmConv(
        (conv1_1): Conv1d(16, 16, kernel_size=(1,), stride=(1,))
      )
      (1): GELU(approximate='none')
      (2): ArmConv(
        (conv1_1): Conv1d(16, 16, kernel_size=(1,), stride=(1,))
      )
      (3): GELU(approximate='none')
      (4): ArmConv(
        (conv1_1): Conv1d(16, 2, kernel_size=(1,), stride=(1,))
      )
    )
  )
  (conv_mod): LocalGlobalBlock(
    (net): Sequential(
      (0): SynthesisLayer(
        (pad): Identity()
        (conv_layer): SWHDC(
          (conv): Conv2d(2, 3, kernel_size=(3, 3), stride=(1, 1))
        )
        (non_linearity): GELU(approximate='none')
      )
      (1): SynthesisResidualLayer(
        (pad): ReplicationPad2d((0, 0, 0, 0))
        (conv_layer): Conv2d(3, 3, kernel_size=(1, 1), stride=(1, 1))
        (non_linearity): GELU(approximate='none')
      )
      (2): SynthesisResidualLayer(
        (pad): ReplicationPad2d((0, 0, 0, 0))
        (conv_layer): Conv2d(3, 3, kernel_size=(1, 1), stride=(1, 1))
        (non_linearity): GELU(approximate='none')
      )
      (3): SynthesisResidualLayer(
        (pad): ReplicationPad2d((0, 0, 0, 0))
        (conv_layer): Conv2d(3, 3, kernel_size=(1, 1), stride=(1, 1))
        (non_linearity): Identity()
      )
    )
    (global_net): Sequential(
      (0): SynthesisLayer(
        (pad): Identity()
        (conv_layer): SWHDC(
          (conv): Conv2d(2, 3, kernel_size=(3, 3), stride=(1, 1))
        )
        (non_linearity): GELU(approximate='none')
      )
      (1): SynthesisResidualLayer(
        (pad): ReplicationPad2d((0, 0, 0, 0))
        (conv_layer): Conv2d(3, 3, kernel_size=(1, 1), stride=(1, 1))
        (non_linearity): GELU(approximate='none')
      )
      (2): SynthesisResidualLayer(
        (pad): ReplicationPad2d((0, 0, 0, 0))
        (conv_layer): Conv2d(3, 3, kernel_size=(1, 1), stride=(1, 1))
        (non_linearity): GELU(approximate='none')
      )
      (3): SynthesisResidualLayer(
        (pad): ReplicationPad2d((0, 0, 0, 0))
        (conv_layer): Conv2d(3, 3, kernel_size=(1, 1), stride=(1, 1))
        (non_linearity): Identity()
      )
    )
    (agg_func): Sequential(
      (0): SynthesisLayer(
        (pad): ReplicationPad2d((0, 0, 0, 0))
        (conv_layer): Conv2d(18, 3, kernel_size=(1, 1), stride=(1, 1))
        (non_linearity): GELU(approximate='none')
      )
      (1): SynthesisLayer(
        (pad): ReplicationPad2d((0, 0, 0, 0))
        (conv_layer): Conv2d(21, 3, kernel_size=(1, 1), stride=(1, 1))
        (non_linearity): GELU(approximate='none')
      )
      (2): SynthesisLayer(
        (pad): ReplicationPad2d((0, 0, 0, 0))
        (conv_layer): Conv2d(24, 3, kernel_size=(1, 1), stride=(1, 1))
        (non_linearity): GELU(approximate='none')
      )
    )
    (full_net): Sequential(
      (0): SynthesisLayer(
        (pad): ReplicationPad2d((0, 0, 0, 0))
        (conv_layer): Conv2d(7, 12, kernel_size=(1, 1), stride=(1, 1))
        (non_linearity): GELU(approximate='none')
      )
      (1): SynthesisLayer(
        (pad): ReplicationPad2d((0, 0, 0, 0))
        (conv_layer): Conv2d(12, 3, kernel_size=(1, 1), stride=(1, 1))
        (non_linearity): GELU(approximate='none')
      )
      (2): SynthesisResidualLayer(
        (conv_layer): Conv2d(3, 3, kernel_size=(3, 3), stride=(1, 1))
        (non_linearity): GELU(approximate='none')
      )
      (3): SynthesisResidualLayer(
        (conv_layer): Conv2d(3, 3, kernel_size=(3, 3), stride=(1, 1))
        (non_linearity): GELU(approximate='none')
      )
    )
  )
  (modulation_sf): ParameterList(
      (0): Parameter containing: [torch.float32 of size 1x1x8x16 (cuda:0)]
      (1): Parameter containing: [torch.float32 of size 1x1x16x32 (cuda:0)]
      (2): Parameter containing: [torch.float32 of size 1x1x32x64 (cuda:0)]
      (3): Parameter containing: [torch.float32 of size 1x1x64x128 (cuda:0)]
      (4): Parameter containing: [torch.float32 of size 1x1x128x256 (cuda:0)]
      (5): Parameter containing: [torch.float32 of size 1x1x256x512 (cuda:0)]
      (6): Parameter containing: [torch.float32 of size 1x1x512x1024 (cuda:0)]
  )
)
train the 9 -th image
start temperature: 0.3 noise parameter: 2.0
end temperature: 0.1 noise parameter: 1.0
********************Start from stage I
********************going into stage II
eval_object_psnr: 35.33712642099086
eval_background_psnr: 29.981561914453213
eval_background_psnr: 29.981561914453213
********************Evaluation the Image 9-th, after Step 999, BEST PSNR: 28.869363, Print rate 0.197264. *************************
Saved model at ./saved/modbase_7/context_16_arm_mod_16/sparity_0.0/inr_mod_16KODAK_ROI_Global_new_struture_7_12_3_33_orderconcat_operator_0_pw_0.4_img_object9.pth
Trained the image with PSNR: 28.86936303082241  latent bits 0.19726350903511047 latent bits number 103422.890625
[28.114925448955784, 27.75344635449581, 28.104604897360105, 24.80622245686048, 26.096687175464595, 26.0869387216253, 28.602759262492118, 28.698035275313075, 28.724695467332477, 28.86936303082241]
[0.19625774025917053, 0.20048120617866516, 0.2012585699558258, 0.3268035054206848, 0.30659914016723633, 0.29963308572769165, 0.14397549629211426, 0.1350162774324417, 0.14233466982841492, 0.19726350903511047]
[102895.578125, 105109.890625, 105517.453125, 171339.15625, 160746.25, 157094.03125, 75484.625, 70787.4140625, 74624.359375, 103422.890625]
load the model: ./saved/modbase_7/context_16_arm_mod_16/sparity_0.0/inr_mod_16KODAK_ROI_Global_new_struture_7_12_3_33_orderconcat_operator_0_pw_0.4_img_object9.pth for the  9 -th image
********************Evalutation with quantization
********************Starting quantizing models
eval_object_psnr: 33.2499956152945
full_image_psnr: 27.12993714597319
object_psnr: 33.2499956152945
background_psnr: 28.370446809158523
********************Evaluation the Image 9-th, BEST PSNR: 27.129937, Print rate 0.197401, Network rate 0.017250. *************************
eval_wsssim: 0.854241
Decoded image saved to ./experiments/vcip_wssim_tunado_diegoPC/decoded_images/othim10_maskerp_wsmse0_swhdc1_erp1_lambda0.4.png
Evaluate the image: PSNR: 27.12993714597319 All bits: 0.21465057134628296  latent bits: 0.1974005103111267  network bits: 0.01725006103515625
Evaluate arm network bits: 0.0090179443359375 Evaluate synthesis network bits: 0.007770538330078125
Image All bits num: 112538.71875 latent bits num: 103494.71875 mlp bits num: 9044.0 border bits num:
arm bits num: 4728.0 synthesis bits num: 4074.0
[26.98496290731588, 26.914855757670068, 26.794346067269846, 24.505044114122843, 24.905289311296652, 26.01794850733637, 27.640481035631826, 28.249792959094236, 26.203673447321364, 27.12993714597319]
[0.21442179381847382, 0.21952378749847412, 0.21920588612556458, 0.34355807304382324, 0.32367488741874695, 0.3186313509941101, 0.1611802875995636, 0.1541002094745636, 0.1595911681652069, 0.21465057134628296]
[112418.7734375, 115093.6875, 114927.015625, 180123.375, 169698.859375, 167054.59375, 84504.890625, 80792.890625, 83671.734375, 112538.71875]
Metrics saved to ./experiments/vcip_wssim_tunado_diegoPC/results.csv
Current eval Ave PSNR: 26.53463312530323 Ave Bits 0.23285380154848098
Namespace(batch_size=1, lr=0.01, data='../data', sparsity=0.0, local_upsampling_kernel_size=8, upsampling_kernel_size=8, static_upsampling_kernel=False, latent_factor=1, mod_base=7, highest_flag=1, context_arm=16, dim_arm_mod=16, use_candidate=True, type='other', mod_hid_layer=0, sythesis_features=12, hidden_features=64, hidden_layer=2, scale=1, lambda_rate=0.4, lambda_rate_list=[0.4, 0.8], start_index=0, mask_type='erp', wsmse_tag=0, swhdc_tag=1, swhdc_dilations=[1, 2, 3, 4], erp_padding=1, workdir='./experiments/vcip_wssim_tunado_diegoPC', train_steps_1=5000, train_steps_2=1000, loss_type='combined', lambda_dist=0.0, lambda_percep=1.0, patch_h=512, patch_w=1024, all_pix_num=524288, eval_pix_num=524288)
Directory './saved/modbase_7/context_16_arm_mod_16' already exists.
Directory './saved/modbase_7/context_16_arm_mod_16/sparity_0.0' already exists.
top %: 0.0

🔁 Stage-1 Training Candidate 1/7
Quantizer parameter: encoding gain  16
total pixel: 524288
Get Mod with shape torch.Size([1, 1, 8, 16]) at layer: 1
Get Mod with shape torch.Size([1, 1, 16, 32]) at layer: 2
Get Mod with shape torch.Size([1, 1, 32, 64]) at layer: 3
Get Mod with shape torch.Size([1, 1, 64, 128]) at layer: 4
Get Mod with shape torch.Size([1, 1, 128, 256]) at layer: 5
Get Mod with shape torch.Size([1, 1, 256, 512]) at layer: 6
Get Mod with shape torch.Size([1, 1, 512, 1024]) at layer: 7
start temperature: 0.3 noise parameter: 2.0
end temperature: 0.3 noise parameter: 2.0
********************Start from stage I
Step 400, BEST PSNR: 27.091229, Total loss 0.263283 with its rate 0.3007930815219879 latent_bits 157702.203125

🔁 Stage-1 Training Candidate 2/7
Quantizer parameter: encoding gain  16
total pixel: 524288
Get Mod with shape torch.Size([1, 1, 8, 16]) at layer: 1
Get Mod with shape torch.Size([1, 1, 16, 32]) at layer: 2
Get Mod with shape torch.Size([1, 1, 32, 64]) at layer: 3
Get Mod with shape torch.Size([1, 1, 64, 128]) at layer: 4
Get Mod with shape torch.Size([1, 1, 128, 256]) at layer: 5
Get Mod with shape torch.Size([1, 1, 256, 512]) at layer: 6
Get Mod with shape torch.Size([1, 1, 512, 1024]) at layer: 7
start temperature: 0.3 noise parameter: 2.0
end temperature: 0.3 noise parameter: 2.0
********************Start from stage I
Step 400, BEST PSNR: 26.979920, Total loss 0.263087 with its rate 0.3044147789478302 latent_bits 159601.015625

🔁 Stage-1 Training Candidate 3/7
Quantizer parameter: encoding gain  16
total pixel: 524288
Get Mod with shape torch.Size([1, 1, 8, 16]) at layer: 1
Get Mod with shape torch.Size([1, 1, 16, 32]) at layer: 2
Get Mod with shape torch.Size([1, 1, 32, 64]) at layer: 3
Get Mod with shape torch.Size([1, 1, 64, 128]) at layer: 4
Get Mod with shape torch.Size([1, 1, 128, 256]) at layer: 5
Get Mod with shape torch.Size([1, 1, 256, 512]) at layer: 6
Get Mod with shape torch.Size([1, 1, 512, 1024]) at layer: 7
start temperature: 0.3 noise parameter: 2.0
end temperature: 0.3 noise parameter: 2.0
********************Start from stage I
Step 400, BEST PSNR: 26.863480, Total loss 0.266406 with its rate 0.30743610858917236 latent_bits 161185.0625

🔁 Stage-1 Training Candidate 4/7
Quantizer parameter: encoding gain  16
total pixel: 524288
Get Mod with shape torch.Size([1, 1, 8, 16]) at layer: 1
Get Mod with shape torch.Size([1, 1, 16, 32]) at layer: 2
Get Mod with shape torch.Size([1, 1, 32, 64]) at layer: 3
Get Mod with shape torch.Size([1, 1, 64, 128]) at layer: 4
Get Mod with shape torch.Size([1, 1, 128, 256]) at layer: 5
Get Mod with shape torch.Size([1, 1, 256, 512]) at layer: 6
Get Mod with shape torch.Size([1, 1, 512, 1024]) at layer: 7
start temperature: 0.3 noise parameter: 2.0
end temperature: 0.3 noise parameter: 2.0
********************Start from stage I
Step 400, BEST PSNR: 27.087893, Total loss 0.263121 with its rate 0.303019642829895 latent_bits 158869.5625

🔁 Stage-1 Training Candidate 5/7
Quantizer parameter: encoding gain  16
total pixel: 524288
Get Mod with shape torch.Size([1, 1, 8, 16]) at layer: 1
Get Mod with shape torch.Size([1, 1, 16, 32]) at layer: 2
Get Mod with shape torch.Size([1, 1, 32, 64]) at layer: 3
Get Mod with shape torch.Size([1, 1, 64, 128]) at layer: 4
Get Mod with shape torch.Size([1, 1, 128, 256]) at layer: 5
Get Mod with shape torch.Size([1, 1, 256, 512]) at layer: 6
Get Mod with shape torch.Size([1, 1, 512, 1024]) at layer: 7
start temperature: 0.3 noise parameter: 2.0
end temperature: 0.3 noise parameter: 2.0
********************Start from stage I
Step 400, BEST PSNR: 26.613730, Total loss 0.264449 with its rate 0.3067649006843567 latent_bits 160833.15625

🔁 Stage-1 Training Candidate 6/7
Quantizer parameter: encoding gain  16
total pixel: 524288
Get Mod with shape torch.Size([1, 1, 8, 16]) at layer: 1
Get Mod with shape torch.Size([1, 1, 16, 32]) at layer: 2
Get Mod with shape torch.Size([1, 1, 32, 64]) at layer: 3
Get Mod with shape torch.Size([1, 1, 64, 128]) at layer: 4
Get Mod with shape torch.Size([1, 1, 128, 256]) at layer: 5
Get Mod with shape torch.Size([1, 1, 256, 512]) at layer: 6
Get Mod with shape torch.Size([1, 1, 512, 1024]) at layer: 7
start temperature: 0.3 noise parameter: 2.0
end temperature: 0.3 noise parameter: 2.0
********************Start from stage I
Step 400, BEST PSNR: 26.743341, Total loss 0.266491 with its rate 0.3104665279388428 latent_bits 162773.875

🔁 Stage-1 Training Candidate 7/7
Quantizer parameter: encoding gain  16
total pixel: 524288
Get Mod with shape torch.Size([1, 1, 8, 16]) at layer: 1
Get Mod with shape torch.Size([1, 1, 16, 32]) at layer: 2
Get Mod with shape torch.Size([1, 1, 32, 64]) at layer: 3
Get Mod with shape torch.Size([1, 1, 64, 128]) at layer: 4
Get Mod with shape torch.Size([1, 1, 128, 256]) at layer: 5
Get Mod with shape torch.Size([1, 1, 256, 512]) at layer: 6
Get Mod with shape torch.Size([1, 1, 512, 1024]) at layer: 7
start temperature: 0.3 noise parameter: 2.0
end temperature: 0.3 noise parameter: 2.0
********************Start from stage I
Step 400, BEST PSNR: 26.809722, Total loss 0.265741 with its rate 0.31008821725845337 latent_bits 162575.53125

🌟 Selected Top-3 Candidates by RD cost

🎯 Stage-2 Refining Candidate 1/3
start temperature: 0.3 noise parameter: 2.0
end temperature: 0.3 noise parameter: 2.0
********************Start from stage I
Step 400, BEST PSNR: 27.720562, Total loss 0.267981 with its rate 0.33428847789764404 latent_bits 175263.4375

🎯 Stage-2 Refining Candidate 2/3
start temperature: 0.3 noise parameter: 2.0
end temperature: 0.3 noise parameter: 2.0
********************Start from stage I
Step 400, BEST PSNR: 27.824878, Total loss 0.268417 with its rate 0.33478623628616333 latent_bits 175524.40625

🎯 Stage-2 Refining Candidate 3/3
start temperature: 0.3 noise parameter: 2.0
end temperature: 0.3 noise parameter: 2.0
********************Start from stage I
Step 400, BEST PSNR: 27.742757, Total loss 0.270099 with its rate 0.338689923286438 latent_bits 177571.0625

🏆 Best Candidate Final PSNR: 27.72, Rate: 0.3343
Masked_INR(
  (upsampling_2d): Upsampling(
    (conv_transpose2d): UpsamplingConvTranspose2d()
  )
  (arm): Arm(
    (mlp): Sequential(
      (0): ArmConv(
        (conv1_1): Conv1d(16, 16, kernel_size=(1,), stride=(1,))
      )
      (1): GELU(approximate='none')
      (2): ArmConv(
        (conv1_1): Conv1d(16, 16, kernel_size=(1,), stride=(1,))
      )
      (3): GELU(approximate='none')
      (4): ArmConv(
        (conv1_1): Conv1d(16, 2, kernel_size=(1,), stride=(1,))
      )
    )
  )
  (conv_mod): LocalGlobalBlock(
    (net): Sequential(
      (0): SynthesisLayer(
        (pad): Identity()
        (conv_layer): SWHDC(
          (conv): Conv2d(2, 3, kernel_size=(3, 3), stride=(1, 1))
        )
        (non_linearity): GELU(approximate='none')
      )
      (1): SynthesisResidualLayer(
        (pad): ReplicationPad2d((0, 0, 0, 0))
        (conv_layer): Conv2d(3, 3, kernel_size=(1, 1), stride=(1, 1))
        (non_linearity): GELU(approximate='none')
      )
      (2): SynthesisResidualLayer(
        (pad): ReplicationPad2d((0, 0, 0, 0))
        (conv_layer): Conv2d(3, 3, kernel_size=(1, 1), stride=(1, 1))
        (non_linearity): GELU(approximate='none')
      )
      (3): SynthesisResidualLayer(
        (pad): ReplicationPad2d((0, 0, 0, 0))
        (conv_layer): Conv2d(3, 3, kernel_size=(1, 1), stride=(1, 1))
        (non_linearity): Identity()
      )
    )
    (global_net): Sequential(
      (0): SynthesisLayer(
        (pad): Identity()
        (conv_layer): SWHDC(
          (conv): Conv2d(2, 3, kernel_size=(3, 3), stride=(1, 1))
        )
        (non_linearity): GELU(approximate='none')
      )
      (1): SynthesisResidualLayer(
        (pad): ReplicationPad2d((0, 0, 0, 0))
        (conv_layer): Conv2d(3, 3, kernel_size=(1, 1), stride=(1, 1))
        (non_linearity): GELU(approximate='none')
      )
      (2): SynthesisResidualLayer(
        (pad): ReplicationPad2d((0, 0, 0, 0))
        (conv_layer): Conv2d(3, 3, kernel_size=(1, 1), stride=(1, 1))
        (non_linearity): GELU(approximate='none')
      )
      (3): SynthesisResidualLayer(
        (pad): ReplicationPad2d((0, 0, 0, 0))
        (conv_layer): Conv2d(3, 3, kernel_size=(1, 1), stride=(1, 1))
        (non_linearity): Identity()
      )
    )
    (agg_func): Sequential(
      (0): SynthesisLayer(
        (pad): ReplicationPad2d((0, 0, 0, 0))
        (conv_layer): Conv2d(18, 3, kernel_size=(1, 1), stride=(1, 1))
        (non_linearity): GELU(approximate='none')
      )
      (1): SynthesisLayer(
        (pad): ReplicationPad2d((0, 0, 0, 0))
        (conv_layer): Conv2d(21, 3, kernel_size=(1, 1), stride=(1, 1))
        (non_linearity): GELU(approximate='none')
      )
      (2): SynthesisLayer(
        (pad): ReplicationPad2d((0, 0, 0, 0))
        (conv_layer): Conv2d(24, 3, kernel_size=(1, 1), stride=(1, 1))
        (non_linearity): GELU(approximate='none')
      )
    )
    (full_net): Sequential(
      (0): SynthesisLayer(
        (pad): ReplicationPad2d((0, 0, 0, 0))
        (conv_layer): Conv2d(7, 12, kernel_size=(1, 1), stride=(1, 1))
        (non_linearity): GELU(approximate='none')
      )
      (1): SynthesisLayer(
        (pad): ReplicationPad2d((0, 0, 0, 0))
        (conv_layer): Conv2d(12, 3, kernel_size=(1, 1), stride=(1, 1))
        (non_linearity): GELU(approximate='none')
      )
      (2): SynthesisResidualLayer(
        (conv_layer): Conv2d(3, 3, kernel_size=(3, 3), stride=(1, 1))
        (non_linearity): GELU(approximate='none')
      )
      (3): SynthesisResidualLayer(
        (conv_layer): Conv2d(3, 3, kernel_size=(3, 3), stride=(1, 1))
        (non_linearity): GELU(approximate='none')
      )
    )
  )
  (modulation_sf): ParameterList(
      (0): Parameter containing: [torch.float32 of size 1x1x8x16 (cuda:0)]
      (1): Parameter containing: [torch.float32 of size 1x1x16x32 (cuda:0)]
      (2): Parameter containing: [torch.float32 of size 1x1x32x64 (cuda:0)]
      (3): Parameter containing: [torch.float32 of size 1x1x64x128 (cuda:0)]
      (4): Parameter containing: [torch.float32 of size 1x1x128x256 (cuda:0)]
      (5): Parameter containing: [torch.float32 of size 1x1x256x512 (cuda:0)]
      (6): Parameter containing: [torch.float32 of size 1x1x512x1024 (cuda:0)]
  )
)
train the 10 -th image
start temperature: 0.3 noise parameter: 2.0
end temperature: 0.1 noise parameter: 1.0
********************Start from stage I
********************going into stage II
eval_object_psnr: 34.713108871249695
eval_background_psnr: 30.06335640370178
eval_background_psnr: 30.06335640370178
********************Evaluation the Image 10-th, after Step 999, BEST PSNR: 28.781123, Print rate 0.216383. *************************
Saved model at ./saved/modbase_7/context_16_arm_mod_16/sparity_0.0/inr_mod_16KODAK_ROI_Global_new_struture_7_12_3_33_orderconcat_operator_0_pw_0.4_img_object10.pth
Trained the image with PSNR: 28.781122710934838  latent bits 0.21638348698616028 latent bits number 113447.265625
[28.114925448955784, 27.75344635449581, 28.104604897360105, 24.80622245686048, 26.096687175464595, 26.0869387216253, 28.602759262492118, 28.698035275313075, 28.724695467332477, 28.86936303082241, 28.781122710934838]
[0.19625774025917053, 0.20048120617866516, 0.2012585699558258, 0.3268035054206848, 0.30659914016723633, 0.29963308572769165, 0.14397549629211426, 0.1350162774324417, 0.14233466982841492, 0.19726350903511047, 0.21638348698616028]
[102895.578125, 105109.890625, 105517.453125, 171339.15625, 160746.25, 157094.03125, 75484.625, 70787.4140625, 74624.359375, 103422.890625, 113447.265625]
load the model: ./saved/modbase_7/context_16_arm_mod_16/sparity_0.0/inr_mod_16KODAK_ROI_Global_new_struture_7_12_3_33_orderconcat_operator_0_pw_0.4_img_object10.pth for the  10 -th image
********************Evalutation with quantization
********************Starting quantizing models
eval_object_psnr: 33.316633556373546
full_image_psnr: 26.60013784437282
object_psnr: 33.316633556373546
background_psnr: 27.652869483041453
********************Evaluation the Image 10-th, BEST PSNR: 26.600138, Print rate 0.216537, Network rate 0.017292. *************************
eval_wsssim: 0.853408
Decoded image saved to ./experiments/vcip_wssim_tunado_diegoPC/decoded_images/othim11_maskerp_wsmse0_swhdc1_erp1_lambda0.4.png
Evaluate the image: PSNR: 26.60013784437282 All bits: 0.2338292896747589  latent bits: 0.2165372669696808  network bits: 0.017292022705078125
Evaluate arm network bits: 0.00928497314453125 Evaluate synthesis network bits: 0.0075511932373046875
Image All bits num: 122593.890625 latent bits num: 113527.890625 mlp bits num: 9066.0 border bits num:
arm bits num: 4868.0 synthesis bits num: 3959.0
[26.98496290731588, 26.914855757670068, 26.794346067269846, 24.505044114122843, 24.905289311296652, 26.01794850733637, 27.640481035631826, 28.249792959094236, 26.203673447321364, 27.12993714597319, 26.60013784437282]
[0.21442179381847382, 0.21952378749847412, 0.21920588612556458, 0.34355807304382324, 0.32367488741874695, 0.3186313509941101, 0.1611802875995636, 0.1541002094745636, 0.1595911681652069, 0.21465057134628296, 0.2338292896747589]
[112418.7734375, 115093.6875, 114927.015625, 180123.375, 169698.859375, 167054.59375, 84504.890625, 80792.890625, 83671.734375, 112538.71875, 122593.890625]
Metrics saved to ./experiments/vcip_wssim_tunado_diegoPC/results.csv
Current eval Ave PSNR: 26.5405880997641 Ave Bits 0.23294248228723352
Namespace(batch_size=1, lr=0.01, data='../data', sparsity=0.0, local_upsampling_kernel_size=8, upsampling_kernel_size=8, static_upsampling_kernel=False, latent_factor=1, mod_base=7, highest_flag=1, context_arm=16, dim_arm_mod=16, use_candidate=True, type='other', mod_hid_layer=0, sythesis_features=12, hidden_features=64, hidden_layer=2, scale=1, lambda_rate=0.4, lambda_rate_list=[0.4, 0.8], start_index=0, mask_type='erp', wsmse_tag=0, swhdc_tag=1, swhdc_dilations=[1, 2, 3, 4], erp_padding=1, workdir='./experiments/vcip_wssim_tunado_diegoPC', train_steps_1=5000, train_steps_2=1000, loss_type='combined', lambda_dist=0.0, lambda_percep=1.0, patch_h=512, patch_w=1024, all_pix_num=524288, eval_pix_num=524288)
Directory './saved/modbase_7/context_16_arm_mod_16' already exists.
Directory './saved/modbase_7/context_16_arm_mod_16/sparity_0.0' already exists.
top %: 0.0

🔁 Stage-1 Training Candidate 1/7
Quantizer parameter: encoding gain  16
total pixel: 524288
Get Mod with shape torch.Size([1, 1, 8, 16]) at layer: 1
Get Mod with shape torch.Size([1, 1, 16, 32]) at layer: 2
Get Mod with shape torch.Size([1, 1, 32, 64]) at layer: 3
Get Mod with shape torch.Size([1, 1, 64, 128]) at layer: 4
Get Mod with shape torch.Size([1, 1, 128, 256]) at layer: 5
Get Mod with shape torch.Size([1, 1, 256, 512]) at layer: 6
Get Mod with shape torch.Size([1, 1, 512, 1024]) at layer: 7
start temperature: 0.3 noise parameter: 2.0
end temperature: 0.3 noise parameter: 2.0
********************Start from stage I
Step 400, BEST PSNR: 26.746396, Total loss 0.270479 with its rate 0.3105093240737915 latent_bits 162796.3125

🔁 Stage-1 Training Candidate 2/7
Quantizer parameter: encoding gain  16
total pixel: 524288
Get Mod with shape torch.Size([1, 1, 8, 16]) at layer: 1
Get Mod with shape torch.Size([1, 1, 16, 32]) at layer: 2
Get Mod with shape torch.Size([1, 1, 32, 64]) at layer: 3
Get Mod with shape torch.Size([1, 1, 64, 128]) at layer: 4
Get Mod with shape torch.Size([1, 1, 128, 256]) at layer: 5
Get Mod with shape torch.Size([1, 1, 256, 512]) at layer: 6
Get Mod with shape torch.Size([1, 1, 512, 1024]) at layer: 7
start temperature: 0.3 noise parameter: 2.0
end temperature: 0.3 noise parameter: 2.0
********************Start from stage I
Step 400, BEST PSNR: 26.344294, Total loss 0.279469 with its rate 0.3283268213272095 latent_bits 172137.8125

🔁 Stage-1 Training Candidate 3/7
Quantizer parameter: encoding gain  16
total pixel: 524288
Get Mod with shape torch.Size([1, 1, 8, 16]) at layer: 1
Get Mod with shape torch.Size([1, 1, 16, 32]) at layer: 2
Get Mod with shape torch.Size([1, 1, 32, 64]) at layer: 3
Get Mod with shape torch.Size([1, 1, 64, 128]) at layer: 4
Get Mod with shape torch.Size([1, 1, 128, 256]) at layer: 5
Get Mod with shape torch.Size([1, 1, 256, 512]) at layer: 6
Get Mod with shape torch.Size([1, 1, 512, 1024]) at layer: 7
start temperature: 0.3 noise parameter: 2.0
end temperature: 0.3 noise parameter: 2.0
********************Start from stage I
Step 400, BEST PSNR: 26.546001, Total loss 0.270892 with its rate 0.314750611782074 latent_bits 165019.96875

🔁 Stage-1 Training Candidate 4/7
Quantizer parameter: encoding gain  16
total pixel: 524288
Get Mod with shape torch.Size([1, 1, 8, 16]) at layer: 1
Get Mod with shape torch.Size([1, 1, 16, 32]) at layer: 2
Get Mod with shape torch.Size([1, 1, 32, 64]) at layer: 3
Get Mod with shape torch.Size([1, 1, 64, 128]) at layer: 4
Get Mod with shape torch.Size([1, 1, 128, 256]) at layer: 5
Get Mod with shape torch.Size([1, 1, 256, 512]) at layer: 6
Get Mod with shape torch.Size([1, 1, 512, 1024]) at layer: 7
start temperature: 0.3 noise parameter: 2.0
end temperature: 0.3 noise parameter: 2.0
********************Start from stage I
Step 400, BEST PSNR: 26.519269, Total loss 0.273392 with its rate 0.3223193883895874 latent_bits 168988.1875

🔁 Stage-1 Training Candidate 5/7
Quantizer parameter: encoding gain  16
total pixel: 524288
Get Mod with shape torch.Size([1, 1, 8, 16]) at layer: 1
Get Mod with shape torch.Size([1, 1, 16, 32]) at layer: 2
Get Mod with shape torch.Size([1, 1, 32, 64]) at layer: 3
Get Mod with shape torch.Size([1, 1, 64, 128]) at layer: 4
Get Mod with shape torch.Size([1, 1, 128, 256]) at layer: 5
Get Mod with shape torch.Size([1, 1, 256, 512]) at layer: 6
Get Mod with shape torch.Size([1, 1, 512, 1024]) at layer: 7
start temperature: 0.3 noise parameter: 2.0
end temperature: 0.3 noise parameter: 2.0
********************Start from stage I
Step 400, BEST PSNR: 26.917280, Total loss 0.279229 with its rate 0.3354780972003937 latent_bits 175887.140625

🔁 Stage-1 Training Candidate 6/7
Quantizer parameter: encoding gain  16
total pixel: 524288
Get Mod with shape torch.Size([1, 1, 8, 16]) at layer: 1
Get Mod with shape torch.Size([1, 1, 16, 32]) at layer: 2
Get Mod with shape torch.Size([1, 1, 32, 64]) at layer: 3
Get Mod with shape torch.Size([1, 1, 64, 128]) at layer: 4
Get Mod with shape torch.Size([1, 1, 128, 256]) at layer: 5
Get Mod with shape torch.Size([1, 1, 256, 512]) at layer: 6
Get Mod with shape torch.Size([1, 1, 512, 1024]) at layer: 7
start temperature: 0.3 noise parameter: 2.0
end temperature: 0.3 noise parameter: 2.0
********************Start from stage I
Step 400, BEST PSNR: 26.371284, Total loss 0.285494 with its rate 0.3074192702770233 latent_bits 161176.234375

🔁 Stage-1 Training Candidate 7/7
Quantizer parameter: encoding gain  16
total pixel: 524288
Get Mod with shape torch.Size([1, 1, 8, 16]) at layer: 1
Get Mod with shape torch.Size([1, 1, 16, 32]) at layer: 2
Get Mod with shape torch.Size([1, 1, 32, 64]) at layer: 3
Get Mod with shape torch.Size([1, 1, 64, 128]) at layer: 4
Get Mod with shape torch.Size([1, 1, 128, 256]) at layer: 5
Get Mod with shape torch.Size([1, 1, 256, 512]) at layer: 6
Get Mod with shape torch.Size([1, 1, 512, 1024]) at layer: 7
start temperature: 0.3 noise parameter: 2.0
end temperature: 0.3 noise parameter: 2.0
********************Start from stage I
Step 400, BEST PSNR: 26.588526, Total loss 0.279028 with its rate 0.335979163646698 latent_bits 176149.84375

🌟 Selected Top-3 Candidates by RD cost

🎯 Stage-2 Refining Candidate 1/3
start temperature: 0.3 noise parameter: 2.0
end temperature: 0.3 noise parameter: 2.0
********************Start from stage I
Step 400, BEST PSNR: 27.571469, Total loss 0.277990 with its rate 0.35306382179260254 latent_bits 185107.125

🎯 Stage-2 Refining Candidate 2/3
start temperature: 0.3 noise parameter: 2.0
end temperature: 0.3 noise parameter: 2.0
********************Start from stage I
Step 400, BEST PSNR: 27.251469, Total loss 0.275400 with its rate 0.3427594304084778 latent_bits 179704.65625

🎯 Stage-2 Refining Candidate 3/3
start temperature: 0.3 noise parameter: 2.0
end temperature: 0.3 noise parameter: 2.0
********************Start from stage I
Step 400, BEST PSNR: 27.260228, Total loss 0.278286 with its rate 0.35155946016311646 latent_bits 184318.40625

🏆 Best Candidate Final PSNR: 27.25, Rate: 0.3428
Masked_INR(
  (upsampling_2d): Upsampling(
    (conv_transpose2d): UpsamplingConvTranspose2d()
  )
  (arm): Arm(
    (mlp): Sequential(
      (0): ArmConv(
        (conv1_1): Conv1d(16, 16, kernel_size=(1,), stride=(1,))
      )
      (1): GELU(approximate='none')
      (2): ArmConv(
        (conv1_1): Conv1d(16, 16, kernel_size=(1,), stride=(1,))
      )
      (3): GELU(approximate='none')
      (4): ArmConv(
        (conv1_1): Conv1d(16, 2, kernel_size=(1,), stride=(1,))
      )
    )
  )
  (conv_mod): LocalGlobalBlock(
    (net): Sequential(
      (0): SynthesisLayer(
        (pad): Identity()
        (conv_layer): SWHDC(
          (conv): Conv2d(2, 3, kernel_size=(3, 3), stride=(1, 1))
        )
        (non_linearity): GELU(approximate='none')
      )
      (1): SynthesisResidualLayer(
        (pad): ReplicationPad2d((0, 0, 0, 0))
        (conv_layer): Conv2d(3, 3, kernel_size=(1, 1), stride=(1, 1))
        (non_linearity): GELU(approximate='none')
      )
      (2): SynthesisResidualLayer(
        (pad): ReplicationPad2d((0, 0, 0, 0))
        (conv_layer): Conv2d(3, 3, kernel_size=(1, 1), stride=(1, 1))
        (non_linearity): GELU(approximate='none')
      )
      (3): SynthesisResidualLayer(
        (pad): ReplicationPad2d((0, 0, 0, 0))
        (conv_layer): Conv2d(3, 3, kernel_size=(1, 1), stride=(1, 1))
        (non_linearity): Identity()
      )
    )
    (global_net): Sequential(
      (0): SynthesisLayer(
        (pad): Identity()
        (conv_layer): SWHDC(
          (conv): Conv2d(2, 3, kernel_size=(3, 3), stride=(1, 1))
        )
        (non_linearity): GELU(approximate='none')
      )
      (1): SynthesisResidualLayer(
        (pad): ReplicationPad2d((0, 0, 0, 0))
        (conv_layer): Conv2d(3, 3, kernel_size=(1, 1), stride=(1, 1))
        (non_linearity): GELU(approximate='none')
      )
      (2): SynthesisResidualLayer(
        (pad): ReplicationPad2d((0, 0, 0, 0))
        (conv_layer): Conv2d(3, 3, kernel_size=(1, 1), stride=(1, 1))
        (non_linearity): GELU(approximate='none')
      )
      (3): SynthesisResidualLayer(
        (pad): ReplicationPad2d((0, 0, 0, 0))
        (conv_layer): Conv2d(3, 3, kernel_size=(1, 1), stride=(1, 1))
        (non_linearity): Identity()
      )
    )
    (agg_func): Sequential(
      (0): SynthesisLayer(
        (pad): ReplicationPad2d((0, 0, 0, 0))
        (conv_layer): Conv2d(18, 3, kernel_size=(1, 1), stride=(1, 1))
        (non_linearity): GELU(approximate='none')
      )
      (1): SynthesisLayer(
        (pad): ReplicationPad2d((0, 0, 0, 0))
        (conv_layer): Conv2d(21, 3, kernel_size=(1, 1), stride=(1, 1))
        (non_linearity): GELU(approximate='none')
      )
      (2): SynthesisLayer(
        (pad): ReplicationPad2d((0, 0, 0, 0))
        (conv_layer): Conv2d(24, 3, kernel_size=(1, 1), stride=(1, 1))
        (non_linearity): GELU(approximate='none')
      )
    )
    (full_net): Sequential(
      (0): SynthesisLayer(
        (pad): ReplicationPad2d((0, 0, 0, 0))
        (conv_layer): Conv2d(7, 12, kernel_size=(1, 1), stride=(1, 1))
        (non_linearity): GELU(approximate='none')
      )
      (1): SynthesisLayer(
        (pad): ReplicationPad2d((0, 0, 0, 0))
        (conv_layer): Conv2d(12, 3, kernel_size=(1, 1), stride=(1, 1))
        (non_linearity): GELU(approximate='none')
      )
      (2): SynthesisResidualLayer(
        (conv_layer): Conv2d(3, 3, kernel_size=(3, 3), stride=(1, 1))
        (non_linearity): GELU(approximate='none')
      )
      (3): SynthesisResidualLayer(
        (conv_layer): Conv2d(3, 3, kernel_size=(3, 3), stride=(1, 1))
        (non_linearity): GELU(approximate='none')
      )
    )
  )
  (modulation_sf): ParameterList(
      (0): Parameter containing: [torch.float32 of size 1x1x8x16 (cuda:0)]
      (1): Parameter containing: [torch.float32 of size 1x1x16x32 (cuda:0)]
      (2): Parameter containing: [torch.float32 of size 1x1x32x64 (cuda:0)]
      (3): Parameter containing: [torch.float32 of size 1x1x64x128 (cuda:0)]
      (4): Parameter containing: [torch.float32 of size 1x1x128x256 (cuda:0)]
      (5): Parameter containing: [torch.float32 of size 1x1x256x512 (cuda:0)]
      (6): Parameter containing: [torch.float32 of size 1x1x512x1024 (cuda:0)]
  )
)
train the 11 -th image
start temperature: 0.3 noise parameter: 2.0
end temperature: 0.1 noise parameter: 1.0
********************Start from stage I
********************going into stage II
eval_object_psnr: 33.713618548449794
eval_background_psnr: 29.75057654884022
eval_background_psnr: 29.75057654884022
********************Evaluation the Image 11-th, after Step 999, BEST PSNR: 28.282629, Print rate 0.234573. *************************
Saved model at ./saved/modbase_7/context_16_arm_mod_16/sparity_0.0/inr_mod_16KODAK_ROI_Global_new_struture_7_12_3_33_orderconcat_operator_0_pw_0.4_img_object11.pth
Trained the image with PSNR: 28.282628902398596  latent bits 0.23457299172878265 latent bits number 122983.8046875
[28.114925448955784, 27.75344635449581, 28.104604897360105, 24.80622245686048, 26.096687175464595, 26.0869387216253, 28.602759262492118, 28.698035275313075, 28.724695467332477, 28.86936303082241, 28.781122710934838, 28.282628902398596]
[0.19625774025917053, 0.20048120617866516, 0.2012585699558258, 0.3268035054206848, 0.30659914016723633, 0.29963308572769165, 0.14397549629211426, 0.1350162774324417, 0.14233466982841492, 0.19726350903511047, 0.21638348698616028, 0.23457299172878265]
[102895.578125, 105109.890625, 105517.453125, 171339.15625, 160746.25, 157094.03125, 75484.625, 70787.4140625, 74624.359375, 103422.890625, 113447.265625, 122983.8046875]
load the model: ./saved/modbase_7/context_16_arm_mod_16/sparity_0.0/inr_mod_16KODAK_ROI_Global_new_struture_7_12_3_33_orderconcat_operator_0_pw_0.4_img_object11.pth for the  11 -th image
********************Evalutation with quantization
********************Starting quantizing models
eval_object_psnr: 32.63967140439467
full_image_psnr: 26.955260398128285
object_psnr: 32.63967140439467
background_psnr: 28.328306279239797
********************Evaluation the Image 11-th, BEST PSNR: 26.955260, Print rate 0.234792, Network rate 0.017353. *************************
eval_wsssim: 0.854400
Decoded image saved to ./experiments/vcip_wssim_tunado_diegoPC/decoded_images/othim12_maskerp_wsmse0_swhdc1_erp1_lambda0.4.png
Evaluate the image: PSNR: 26.955260398128285 All bits: 0.2521454095840454  latent bits: 0.23479235172271729  network bits: 0.017353057861328125
Evaluate arm network bits: 0.009157180786132812 Evaluate synthesis network bits: 0.00762939453125
Image All bits num: 132196.8125 latent bits num: 123098.8125 mlp bits num: 9098.0 border bits num:
arm bits num: 4801.0 synthesis bits num: 4000.0
[26.98496290731588, 26.914855757670068, 26.794346067269846, 24.505044114122843, 24.905289311296652, 26.01794850733637, 27.640481035631826, 28.249792959094236, 26.203673447321364, 27.12993714597319, 26.60013784437282, 26.955260398128285]
[0.21442179381847382, 0.21952378749847412, 0.21920588612556458, 0.34355807304382324, 0.32367488741874695, 0.3186313509941101, 0.1611802875995636, 0.1541002094745636, 0.1595911681652069, 0.21465057134628296, 0.2338292896747589, 0.2521454095840454]
[112418.7734375, 115093.6875, 114927.015625, 180123.375, 169698.859375, 167054.59375, 84504.890625, 80792.890625, 83671.734375, 112538.71875, 122593.890625, 132196.8125]
Metrics saved to ./experiments/vcip_wssim_tunado_diegoPC/results.csv
Current eval Ave PSNR: 26.575144124627784 Ave Bits 0.2345427262286345
Namespace(batch_size=1, lr=0.01, data='../data', sparsity=0.0, local_upsampling_kernel_size=8, upsampling_kernel_size=8, static_upsampling_kernel=False, latent_factor=1, mod_base=7, highest_flag=1, context_arm=16, dim_arm_mod=16, use_candidate=True, type='other', mod_hid_layer=0, sythesis_features=12, hidden_features=64, hidden_layer=2, scale=1, lambda_rate=0.4, lambda_rate_list=[0.4, 0.8], start_index=0, mask_type='erp', wsmse_tag=0, swhdc_tag=1, swhdc_dilations=[1, 2, 3, 4], erp_padding=1, workdir='./experiments/vcip_wssim_tunado_diegoPC', train_steps_1=5000, train_steps_2=1000, loss_type='combined', lambda_dist=0.0, lambda_percep=1.0, patch_h=512, patch_w=1024, all_pix_num=524288, eval_pix_num=524288)
Directory './saved/modbase_7/context_16_arm_mod_16' already exists.
Directory './saved/modbase_7/context_16_arm_mod_16/sparity_0.0' already exists.
top %: 0.0

🔁 Stage-1 Training Candidate 1/7
Quantizer parameter: encoding gain  16
total pixel: 524288
Get Mod with shape torch.Size([1, 1, 8, 16]) at layer: 1
Get Mod with shape torch.Size([1, 1, 16, 32]) at layer: 2
Get Mod with shape torch.Size([1, 1, 32, 64]) at layer: 3
Get Mod with shape torch.Size([1, 1, 64, 128]) at layer: 4
Get Mod with shape torch.Size([1, 1, 128, 256]) at layer: 5
Get Mod with shape torch.Size([1, 1, 256, 512]) at layer: 6
Get Mod with shape torch.Size([1, 1, 512, 1024]) at layer: 7
start temperature: 0.3 noise parameter: 2.0
end temperature: 0.3 noise parameter: 2.0
********************Start from stage I
Step 400, BEST PSNR: 26.349329, Total loss 0.215294 with its rate 0.22159352898597717 latent_bits 116178.828125

🔁 Stage-1 Training Candidate 2/7
Quantizer parameter: encoding gain  16
total pixel: 524288
Get Mod with shape torch.Size([1, 1, 8, 16]) at layer: 1
Get Mod with shape torch.Size([1, 1, 16, 32]) at layer: 2
Get Mod with shape torch.Size([1, 1, 32, 64]) at layer: 3
Get Mod with shape torch.Size([1, 1, 64, 128]) at layer: 4
Get Mod with shape torch.Size([1, 1, 128, 256]) at layer: 5
Get Mod with shape torch.Size([1, 1, 256, 512]) at layer: 6
Get Mod with shape torch.Size([1, 1, 512, 1024]) at layer: 7
start temperature: 0.3 noise parameter: 2.0
end temperature: 0.3 noise parameter: 2.0
********************Start from stage I
Step 400, BEST PSNR: 26.622274, Total loss 0.211176 with its rate 0.21267899870872498 latent_bits 111505.046875

🔁 Stage-1 Training Candidate 3/7
Quantizer parameter: encoding gain  16
total pixel: 524288
Get Mod with shape torch.Size([1, 1, 8, 16]) at layer: 1
Get Mod with shape torch.Size([1, 1, 16, 32]) at layer: 2
Get Mod with shape torch.Size([1, 1, 32, 64]) at layer: 3
Get Mod with shape torch.Size([1, 1, 64, 128]) at layer: 4
Get Mod with shape torch.Size([1, 1, 128, 256]) at layer: 5
Get Mod with shape torch.Size([1, 1, 256, 512]) at layer: 6
Get Mod with shape torch.Size([1, 1, 512, 1024]) at layer: 7
start temperature: 0.3 noise parameter: 2.0
end temperature: 0.3 noise parameter: 2.0
********************Start from stage I
Step 400, BEST PSNR: 26.644371, Total loss 0.214771 with its rate 0.2222920060157776 latent_bits 116545.03125

🔁 Stage-1 Training Candidate 4/7
Quantizer parameter: encoding gain  16
total pixel: 524288
Get Mod with shape torch.Size([1, 1, 8, 16]) at layer: 1
Get Mod with shape torch.Size([1, 1, 16, 32]) at layer: 2
Get Mod with shape torch.Size([1, 1, 32, 64]) at layer: 3
Get Mod with shape torch.Size([1, 1, 64, 128]) at layer: 4
Get Mod with shape torch.Size([1, 1, 128, 256]) at layer: 5
Get Mod with shape torch.Size([1, 1, 256, 512]) at layer: 6
Get Mod with shape torch.Size([1, 1, 512, 1024]) at layer: 7
start temperature: 0.3 noise parameter: 2.0
end temperature: 0.3 noise parameter: 2.0
********************Start from stage I
Step 400, BEST PSNR: 26.318904, Total loss 0.219575 with its rate 0.22907306253910065 latent_bits 120100.2578125

🔁 Stage-1 Training Candidate 5/7
Quantizer parameter: encoding gain  16
total pixel: 524288
Get Mod with shape torch.Size([1, 1, 8, 16]) at layer: 1
Get Mod with shape torch.Size([1, 1, 16, 32]) at layer: 2
Get Mod with shape torch.Size([1, 1, 32, 64]) at layer: 3
Get Mod with shape torch.Size([1, 1, 64, 128]) at layer: 4
Get Mod with shape torch.Size([1, 1, 128, 256]) at layer: 5
Get Mod with shape torch.Size([1, 1, 256, 512]) at layer: 6
Get Mod with shape torch.Size([1, 1, 512, 1024]) at layer: 7
start temperature: 0.3 noise parameter: 2.0
end temperature: 0.3 noise parameter: 2.0
********************Start from stage I
Step 400, BEST PSNR: 27.126864, Total loss 0.214267 with its rate 0.2276361584663391 latent_bits 119346.90625

🔁 Stage-1 Training Candidate 6/7
Quantizer parameter: encoding gain  16
total pixel: 524288
Get Mod with shape torch.Size([1, 1, 8, 16]) at layer: 1
Get Mod with shape torch.Size([1, 1, 16, 32]) at layer: 2
Get Mod with shape torch.Size([1, 1, 32, 64]) at layer: 3
Get Mod with shape torch.Size([1, 1, 64, 128]) at layer: 4
Get Mod with shape torch.Size([1, 1, 128, 256]) at layer: 5
Get Mod with shape torch.Size([1, 1, 256, 512]) at layer: 6
Get Mod with shape torch.Size([1, 1, 512, 1024]) at layer: 7
start temperature: 0.3 noise parameter: 2.0
end temperature: 0.3 noise parameter: 2.0
********************Start from stage I
Step 400, BEST PSNR: 27.124148, Total loss 0.213467 with its rate 0.2157820165157318 latent_bits 113131.921875

🔁 Stage-1 Training Candidate 7/7
Quantizer parameter: encoding gain  16
total pixel: 524288
Get Mod with shape torch.Size([1, 1, 8, 16]) at layer: 1
Get Mod with shape torch.Size([1, 1, 16, 32]) at layer: 2
Get Mod with shape torch.Size([1, 1, 32, 64]) at layer: 3
Get Mod with shape torch.Size([1, 1, 64, 128]) at layer: 4
Get Mod with shape torch.Size([1, 1, 128, 256]) at layer: 5
Get Mod with shape torch.Size([1, 1, 256, 512]) at layer: 6
Get Mod with shape torch.Size([1, 1, 512, 1024]) at layer: 7
start temperature: 0.3 noise parameter: 2.0
end temperature: 0.3 noise parameter: 2.0
********************Start from stage I
Step 400, BEST PSNR: 26.815137, Total loss 0.216296 with its rate 0.2216893434524536 latent_bits 116229.0625

🌟 Selected Top-3 Candidates by RD cost

🎯 Stage-2 Refining Candidate 1/3
start temperature: 0.3 noise parameter: 2.0
end temperature: 0.3 noise parameter: 2.0
********************Start from stage I
Step 400, BEST PSNR: 27.699515, Total loss 0.213108 with its rate 0.25177884101867676 latent_bits 132004.625

🎯 Stage-2 Refining Candidate 2/3
start temperature: 0.3 noise parameter: 2.0
end temperature: 0.3 noise parameter: 2.0
********************Start from stage I
Step 400, BEST PSNR: 27.952254, Total loss 0.213774 with its rate 0.2504631280899048 latent_bits 131314.8125

🎯 Stage-2 Refining Candidate 3/3
start temperature: 0.3 noise parameter: 2.0
end temperature: 0.3 noise parameter: 2.0
********************Start from stage I
Step 400, BEST PSNR: 28.131115, Total loss 0.209763 with its rate 0.2518332600593567 latent_bits 132033.15625

🏆 Best Candidate Final PSNR: 28.13, Rate: 0.2518
Masked_INR(
  (upsampling_2d): Upsampling(
    (conv_transpose2d): UpsamplingConvTranspose2d()
  )
  (arm): Arm(
    (mlp): Sequential(
      (0): ArmConv(
        (conv1_1): Conv1d(16, 16, kernel_size=(1,), stride=(1,))
      )
      (1): GELU(approximate='none')
      (2): ArmConv(
        (conv1_1): Conv1d(16, 16, kernel_size=(1,), stride=(1,))
      )
      (3): GELU(approximate='none')
      (4): ArmConv(
        (conv1_1): Conv1d(16, 2, kernel_size=(1,), stride=(1,))
      )
    )
  )
  (conv_mod): LocalGlobalBlock(
    (net): Sequential(
      (0): SynthesisLayer(
        (pad): Identity()
        (conv_layer): SWHDC(
          (conv): Conv2d(2, 3, kernel_size=(3, 3), stride=(1, 1))
        )
        (non_linearity): GELU(approximate='none')
      )
      (1): SynthesisResidualLayer(
        (pad): ReplicationPad2d((0, 0, 0, 0))
        (conv_layer): Conv2d(3, 3, kernel_size=(1, 1), stride=(1, 1))
        (non_linearity): GELU(approximate='none')
      )
      (2): SynthesisResidualLayer(
        (pad): ReplicationPad2d((0, 0, 0, 0))
        (conv_layer): Conv2d(3, 3, kernel_size=(1, 1), stride=(1, 1))
        (non_linearity): GELU(approximate='none')
      )
      (3): SynthesisResidualLayer(
        (pad): ReplicationPad2d((0, 0, 0, 0))
        (conv_layer): Conv2d(3, 3, kernel_size=(1, 1), stride=(1, 1))
        (non_linearity): Identity()
      )
    )
    (global_net): Sequential(
      (0): SynthesisLayer(
        (pad): Identity()
        (conv_layer): SWHDC(
          (conv): Conv2d(2, 3, kernel_size=(3, 3), stride=(1, 1))
        )
        (non_linearity): GELU(approximate='none')
      )
      (1): SynthesisResidualLayer(
        (pad): ReplicationPad2d((0, 0, 0, 0))
        (conv_layer): Conv2d(3, 3, kernel_size=(1, 1), stride=(1, 1))
        (non_linearity): GELU(approximate='none')
      )
      (2): SynthesisResidualLayer(
        (pad): ReplicationPad2d((0, 0, 0, 0))
        (conv_layer): Conv2d(3, 3, kernel_size=(1, 1), stride=(1, 1))
        (non_linearity): GELU(approximate='none')
      )
      (3): SynthesisResidualLayer(
        (pad): ReplicationPad2d((0, 0, 0, 0))
        (conv_layer): Conv2d(3, 3, kernel_size=(1, 1), stride=(1, 1))
        (non_linearity): Identity()
      )
    )
    (agg_func): Sequential(
      (0): SynthesisLayer(
        (pad): ReplicationPad2d((0, 0, 0, 0))
        (conv_layer): Conv2d(18, 3, kernel_size=(1, 1), stride=(1, 1))
        (non_linearity): GELU(approximate='none')
      )
      (1): SynthesisLayer(
        (pad): ReplicationPad2d((0, 0, 0, 0))
        (conv_layer): Conv2d(21, 3, kernel_size=(1, 1), stride=(1, 1))
        (non_linearity): GELU(approximate='none')
      )
      (2): SynthesisLayer(
        (pad): ReplicationPad2d((0, 0, 0, 0))
        (conv_layer): Conv2d(24, 3, kernel_size=(1, 1), stride=(1, 1))
        (non_linearity): GELU(approximate='none')
      )
    )
    (full_net): Sequential(
      (0): SynthesisLayer(
        (pad): ReplicationPad2d((0, 0, 0, 0))
        (conv_layer): Conv2d(7, 12, kernel_size=(1, 1), stride=(1, 1))
        (non_linearity): GELU(approximate='none')
      )
      (1): SynthesisLayer(
        (pad): ReplicationPad2d((0, 0, 0, 0))
        (conv_layer): Conv2d(12, 3, kernel_size=(1, 1), stride=(1, 1))
        (non_linearity): GELU(approximate='none')
      )
      (2): SynthesisResidualLayer(
        (conv_layer): Conv2d(3, 3, kernel_size=(3, 3), stride=(1, 1))
        (non_linearity): GELU(approximate='none')
      )
      (3): SynthesisResidualLayer(
        (conv_layer): Conv2d(3, 3, kernel_size=(3, 3), stride=(1, 1))
        (non_linearity): GELU(approximate='none')
      )
    )
  )
  (modulation_sf): ParameterList(
      (0): Parameter containing: [torch.float32 of size 1x1x8x16 (cuda:0)]
      (1): Parameter containing: [torch.float32 of size 1x1x16x32 (cuda:0)]
      (2): Parameter containing: [torch.float32 of size 1x1x32x64 (cuda:0)]
      (3): Parameter containing: [torch.float32 of size 1x1x64x128 (cuda:0)]
      (4): Parameter containing: [torch.float32 of size 1x1x128x256 (cuda:0)]
      (5): Parameter containing: [torch.float32 of size 1x1x256x512 (cuda:0)]
      (6): Parameter containing: [torch.float32 of size 1x1x512x1024 (cuda:0)]
  )
)
train the 12 -th image
start temperature: 0.3 noise parameter: 2.0
end temperature: 0.1 noise parameter: 1.0
********************Start from stage I
********************going into stage II
eval_object_psnr: 37.66072563252999
eval_background_psnr: 29.850883127803808
eval_background_psnr: 29.850883127803808
********************Evaluation the Image 12-th, after Step 999, BEST PSNR: 29.184187, Print rate 0.149231. *************************
Saved model at ./saved/modbase_7/context_16_arm_mod_16/sparity_0.0/inr_mod_16KODAK_ROI_Global_new_struture_7_12_3_33_orderconcat_operator_0_pw_0.4_img_object12.pth
Trained the image with PSNR: 29.184186649476896  latent bits 0.14923088252544403 latent bits number 78239.9609375
[28.114925448955784, 27.75344635449581, 28.104604897360105, 24.80622245686048, 26.096687175464595, 26.0869387216253, 28.602759262492118, 28.698035275313075, 28.724695467332477, 28.86936303082241, 28.781122710934838, 28.282628902398596, 29.184186649476896]
[0.19625774025917053, 0.20048120617866516, 0.2012585699558258, 0.3268035054206848, 0.30659914016723633, 0.29963308572769165, 0.14397549629211426, 0.1350162774324417, 0.14233466982841492, 0.19726350903511047, 0.21638348698616028, 0.23457299172878265, 0.14923088252544403]
[102895.578125, 105109.890625, 105517.453125, 171339.15625, 160746.25, 157094.03125, 75484.625, 70787.4140625, 74624.359375, 103422.890625, 113447.265625, 122983.8046875, 78239.9609375]
load the model: ./saved/modbase_7/context_16_arm_mod_16/sparity_0.0/inr_mod_16KODAK_ROI_Global_new_struture_7_12_3_33_orderconcat_operator_0_pw_0.4_img_object12.pth for the  12 -th image
********************Evalutation with quantization
********************Starting quantizing models
eval_object_psnr: 36.72879078906977
full_image_psnr: 28.50915572076316
object_psnr: 36.72879078906977
background_psnr: 29.221487160538384
********************Evaluation the Image 12-th, BEST PSNR: 28.509156, Print rate 0.149706, Network rate 0.017565. *************************
eval_wsssim: 0.893169
Decoded image saved to ./experiments/vcip_wssim_tunado_diegoPC/decoded_images/othim13_maskerp_wsmse0_swhdc1_erp1_lambda0.4.png
Evaluate the image: PSNR: 28.50915572076316 All bits: 0.1672709584236145  latent bits: 0.1497061848640442  network bits: 0.017564773559570312
Evaluate arm network bits: 0.008016586303710938 Evaluate synthesis network bits: 0.009103775024414062
Image All bits num: 87698.15625 latent bits num: 78489.15625 mlp bits num: 9209.0 border bits num:
arm bits num: 4203.0 synthesis bits num: 4773.0
[26.98496290731588, 26.914855757670068, 26.794346067269846, 24.505044114122843, 24.905289311296652, 26.01794850733637, 27.640481035631826, 28.249792959094236, 26.203673447321364, 27.12993714597319, 26.60013784437282, 26.955260398128285, 28.50915572076316]
[0.21442179381847382, 0.21952378749847412, 0.21920588612556458, 0.34355807304382324, 0.32367488741874695, 0.3186313509941101, 0.1611802875995636, 0.1541002094745636, 0.1595911681652069, 0.21465057134628296, 0.2338292896747589, 0.2521454095840454, 0.1672709584236145]
[112418.7734375, 115093.6875, 114927.015625, 180123.375, 169698.859375, 167054.59375, 84504.890625, 80792.890625, 83671.734375, 112538.71875, 122593.890625, 132196.8125, 87698.15625]
Metrics saved to ./experiments/vcip_wssim_tunado_diegoPC/results.csv
Current eval Ave PSNR: 26.72391424740743 Ave Bits 0.22936797485901758
Namespace(batch_size=1, lr=0.01, data='../data', sparsity=0.0, local_upsampling_kernel_size=8, upsampling_kernel_size=8, static_upsampling_kernel=False, latent_factor=1, mod_base=7, highest_flag=1, context_arm=16, dim_arm_mod=16, use_candidate=True, type='other', mod_hid_layer=0, sythesis_features=12, hidden_features=64, hidden_layer=2, scale=1, lambda_rate=0.4, lambda_rate_list=[0.4, 0.8], start_index=0, mask_type='erp', wsmse_tag=0, swhdc_tag=1, swhdc_dilations=[1, 2, 3, 4], erp_padding=1, workdir='./experiments/vcip_wssim_tunado_diegoPC', train_steps_1=5000, train_steps_2=1000, loss_type='combined', lambda_dist=0.0, lambda_percep=1.0, patch_h=512, patch_w=1024, all_pix_num=524288, eval_pix_num=524288)
Directory './saved/modbase_7/context_16_arm_mod_16' already exists.
Directory './saved/modbase_7/context_16_arm_mod_16/sparity_0.0' already exists.
top %: 0.0

🔁 Stage-1 Training Candidate 1/7
Quantizer parameter: encoding gain  16
total pixel: 524288
Get Mod with shape torch.Size([1, 1, 8, 16]) at layer: 1
Get Mod with shape torch.Size([1, 1, 16, 32]) at layer: 2
Get Mod with shape torch.Size([1, 1, 32, 64]) at layer: 3
Get Mod with shape torch.Size([1, 1, 64, 128]) at layer: 4
Get Mod with shape torch.Size([1, 1, 128, 256]) at layer: 5
Get Mod with shape torch.Size([1, 1, 256, 512]) at layer: 6
Get Mod with shape torch.Size([1, 1, 512, 1024]) at layer: 7
start temperature: 0.3 noise parameter: 2.0
end temperature: 0.3 noise parameter: 2.0
********************Start from stage I
Step 400, BEST PSNR: 26.897834, Total loss 0.214817 with its rate 0.22031453251838684 latent_bits 115508.265625

🔁 Stage-1 Training Candidate 2/7
Quantizer parameter: encoding gain  16
total pixel: 524288
Get Mod with shape torch.Size([1, 1, 8, 16]) at layer: 1
Get Mod with shape torch.Size([1, 1, 16, 32]) at layer: 2
Get Mod with shape torch.Size([1, 1, 32, 64]) at layer: 3
Get Mod with shape torch.Size([1, 1, 64, 128]) at layer: 4
Get Mod with shape torch.Size([1, 1, 128, 256]) at layer: 5
Get Mod with shape torch.Size([1, 1, 256, 512]) at layer: 6
Get Mod with shape torch.Size([1, 1, 512, 1024]) at layer: 7
start temperature: 0.3 noise parameter: 2.0
end temperature: 0.3 noise parameter: 2.0
********************Start from stage I
Step 400, BEST PSNR: 26.524498, Total loss 0.213394 with its rate 0.2230719029903412 latent_bits 116953.921875

🔁 Stage-1 Training Candidate 3/7
Quantizer parameter: encoding gain  16
total pixel: 524288
Get Mod with shape torch.Size([1, 1, 8, 16]) at layer: 1
Get Mod with shape torch.Size([1, 1, 16, 32]) at layer: 2
Get Mod with shape torch.Size([1, 1, 32, 64]) at layer: 3
Get Mod with shape torch.Size([1, 1, 64, 128]) at layer: 4
Get Mod with shape torch.Size([1, 1, 128, 256]) at layer: 5
Get Mod with shape torch.Size([1, 1, 256, 512]) at layer: 6
Get Mod with shape torch.Size([1, 1, 512, 1024]) at layer: 7
start temperature: 0.3 noise parameter: 2.0
end temperature: 0.3 noise parameter: 2.0
********************Start from stage I
Step 400, BEST PSNR: 26.088430, Total loss 0.220282 with its rate 0.21718177199363708 latent_bits 113865.796875

🔁 Stage-1 Training Candidate 4/7
Quantizer parameter: encoding gain  16
total pixel: 524288
Get Mod with shape torch.Size([1, 1, 8, 16]) at layer: 1
Get Mod with shape torch.Size([1, 1, 16, 32]) at layer: 2
Get Mod with shape torch.Size([1, 1, 32, 64]) at layer: 3
Get Mod with shape torch.Size([1, 1, 64, 128]) at layer: 4
Get Mod with shape torch.Size([1, 1, 128, 256]) at layer: 5
Get Mod with shape torch.Size([1, 1, 256, 512]) at layer: 6
Get Mod with shape torch.Size([1, 1, 512, 1024]) at layer: 7
start temperature: 0.3 noise parameter: 2.0
end temperature: 0.3 noise parameter: 2.0
********************Start from stage I
Step 400, BEST PSNR: 26.892206, Total loss 0.216969 with its rate 0.2315310835838318 latent_bits 121388.96875

🔁 Stage-1 Training Candidate 5/7
Quantizer parameter: encoding gain  16
total pixel: 524288
Get Mod with shape torch.Size([1, 1, 8, 16]) at layer: 1
Get Mod with shape torch.Size([1, 1, 16, 32]) at layer: 2
Get Mod with shape torch.Size([1, 1, 32, 64]) at layer: 3
Get Mod with shape torch.Size([1, 1, 64, 128]) at layer: 4
Get Mod with shape torch.Size([1, 1, 128, 256]) at layer: 5
Get Mod with shape torch.Size([1, 1, 256, 512]) at layer: 6
Get Mod with shape torch.Size([1, 1, 512, 1024]) at layer: 7
start temperature: 0.3 noise parameter: 2.0
end temperature: 0.3 noise parameter: 2.0
********************Start from stage I
Step 400, BEST PSNR: 26.114714, Total loss 0.216495 with its rate 0.21627676486968994 latent_bits 113391.3125

🔁 Stage-1 Training Candidate 6/7
Quantizer parameter: encoding gain  16
total pixel: 524288
Get Mod with shape torch.Size([1, 1, 8, 16]) at layer: 1
Get Mod with shape torch.Size([1, 1, 16, 32]) at layer: 2
Get Mod with shape torch.Size([1, 1, 32, 64]) at layer: 3
Get Mod with shape torch.Size([1, 1, 64, 128]) at layer: 4
Get Mod with shape torch.Size([1, 1, 128, 256]) at layer: 5
Get Mod with shape torch.Size([1, 1, 256, 512]) at layer: 6
Get Mod with shape torch.Size([1, 1, 512, 1024]) at layer: 7
start temperature: 0.3 noise parameter: 2.0
end temperature: 0.3 noise parameter: 2.0
********************Start from stage I
Step 400, BEST PSNR: 26.900322, Total loss 0.210851 with its rate 0.21290989220142365 latent_bits 111626.1015625

🔁 Stage-1 Training Candidate 7/7
Quantizer parameter: encoding gain  16
total pixel: 524288
Get Mod with shape torch.Size([1, 1, 8, 16]) at layer: 1
Get Mod with shape torch.Size([1, 1, 16, 32]) at layer: 2
Get Mod with shape torch.Size([1, 1, 32, 64]) at layer: 3
Get Mod with shape torch.Size([1, 1, 64, 128]) at layer: 4
Get Mod with shape torch.Size([1, 1, 128, 256]) at layer: 5
Get Mod with shape torch.Size([1, 1, 256, 512]) at layer: 6
Get Mod with shape torch.Size([1, 1, 512, 1024]) at layer: 7
start temperature: 0.3 noise parameter: 2.0
end temperature: 0.3 noise parameter: 2.0
********************Start from stage I
Step 400, BEST PSNR: 26.771844, Total loss 0.214325 with its rate 0.2255394011735916 latent_bits 118247.6015625

🌟 Selected Top-3 Candidates by RD cost

🎯 Stage-2 Refining Candidate 1/3
start temperature: 0.3 noise parameter: 2.0
end temperature: 0.3 noise parameter: 2.0
********************Start from stage I
Step 400, BEST PSNR: 27.787427, Total loss 0.215059 with its rate 0.2526293396949768 latent_bits 132450.53125

🎯 Stage-2 Refining Candidate 2/3
start temperature: 0.3 noise parameter: 2.0
end temperature: 0.3 noise parameter: 2.0
********************Start from stage I
Step 400, BEST PSNR: 27.719302, Total loss 0.213437 with its rate 0.25154024362564087 latent_bits 131879.53125

🎯 Stage-2 Refining Candidate 3/3
start temperature: 0.3 noise parameter: 2.0
end temperature: 0.3 noise parameter: 2.0
********************Start from stage I
Step 400, BEST PSNR: 27.373266, Total loss 0.215213 with its rate 0.2539217472076416 latent_bits 133128.125

🏆 Best Candidate Final PSNR: 27.72, Rate: 0.2515
Masked_INR(
  (upsampling_2d): Upsampling(
    (conv_transpose2d): UpsamplingConvTranspose2d()
  )
  (arm): Arm(
    (mlp): Sequential(
      (0): ArmConv(
        (conv1_1): Conv1d(16, 16, kernel_size=(1,), stride=(1,))
      )
      (1): GELU(approximate='none')
      (2): ArmConv(
        (conv1_1): Conv1d(16, 16, kernel_size=(1,), stride=(1,))
      )
      (3): GELU(approximate='none')
      (4): ArmConv(
        (conv1_1): Conv1d(16, 2, kernel_size=(1,), stride=(1,))
      )
    )
  )
  (conv_mod): LocalGlobalBlock(
    (net): Sequential(
      (0): SynthesisLayer(
        (pad): Identity()
        (conv_layer): SWHDC(
          (conv): Conv2d(2, 3, kernel_size=(3, 3), stride=(1, 1))
        )
        (non_linearity): GELU(approximate='none')
      )
      (1): SynthesisResidualLayer(
        (pad): ReplicationPad2d((0, 0, 0, 0))
        (conv_layer): Conv2d(3, 3, kernel_size=(1, 1), stride=(1, 1))
        (non_linearity): GELU(approximate='none')
      )
      (2): SynthesisResidualLayer(
        (pad): ReplicationPad2d((0, 0, 0, 0))
        (conv_layer): Conv2d(3, 3, kernel_size=(1, 1), stride=(1, 1))
        (non_linearity): GELU(approximate='none')
      )
      (3): SynthesisResidualLayer(
        (pad): ReplicationPad2d((0, 0, 0, 0))
        (conv_layer): Conv2d(3, 3, kernel_size=(1, 1), stride=(1, 1))
        (non_linearity): Identity()
      )
    )
    (global_net): Sequential(
      (0): SynthesisLayer(
        (pad): Identity()
        (conv_layer): SWHDC(
          (conv): Conv2d(2, 3, kernel_size=(3, 3), stride=(1, 1))
        )
        (non_linearity): GELU(approximate='none')
      )
      (1): SynthesisResidualLayer(
        (pad): ReplicationPad2d((0, 0, 0, 0))
        (conv_layer): Conv2d(3, 3, kernel_size=(1, 1), stride=(1, 1))
        (non_linearity): GELU(approximate='none')
      )
      (2): SynthesisResidualLayer(
        (pad): ReplicationPad2d((0, 0, 0, 0))
        (conv_layer): Conv2d(3, 3, kernel_size=(1, 1), stride=(1, 1))
        (non_linearity): GELU(approximate='none')
      )
      (3): SynthesisResidualLayer(
        (pad): ReplicationPad2d((0, 0, 0, 0))
        (conv_layer): Conv2d(3, 3, kernel_size=(1, 1), stride=(1, 1))
        (non_linearity): Identity()
      )
    )
    (agg_func): Sequential(
      (0): SynthesisLayer(
        (pad): ReplicationPad2d((0, 0, 0, 0))
        (conv_layer): Conv2d(18, 3, kernel_size=(1, 1), stride=(1, 1))
        (non_linearity): GELU(approximate='none')
      )
      (1): SynthesisLayer(
        (pad): ReplicationPad2d((0, 0, 0, 0))
        (conv_layer): Conv2d(21, 3, kernel_size=(1, 1), stride=(1, 1))
        (non_linearity): GELU(approximate='none')
      )
      (2): SynthesisLayer(
        (pad): ReplicationPad2d((0, 0, 0, 0))
        (conv_layer): Conv2d(24, 3, kernel_size=(1, 1), stride=(1, 1))
        (non_linearity): GELU(approximate='none')
      )
    )
    (full_net): Sequential(
      (0): SynthesisLayer(
        (pad): ReplicationPad2d((0, 0, 0, 0))
        (conv_layer): Conv2d(7, 12, kernel_size=(1, 1), stride=(1, 1))
        (non_linearity): GELU(approximate='none')
      )
      (1): SynthesisLayer(
        (pad): ReplicationPad2d((0, 0, 0, 0))
        (conv_layer): Conv2d(12, 3, kernel_size=(1, 1), stride=(1, 1))
        (non_linearity): GELU(approximate='none')
      )
      (2): SynthesisResidualLayer(
        (conv_layer): Conv2d(3, 3, kernel_size=(3, 3), stride=(1, 1))
        (non_linearity): GELU(approximate='none')
      )
      (3): SynthesisResidualLayer(
        (conv_layer): Conv2d(3, 3, kernel_size=(3, 3), stride=(1, 1))
        (non_linearity): GELU(approximate='none')
      )
    )
  )
  (modulation_sf): ParameterList(
      (0): Parameter containing: [torch.float32 of size 1x1x8x16 (cuda:0)]
      (1): Parameter containing: [torch.float32 of size 1x1x16x32 (cuda:0)]
      (2): Parameter containing: [torch.float32 of size 1x1x32x64 (cuda:0)]
      (3): Parameter containing: [torch.float32 of size 1x1x64x128 (cuda:0)]
      (4): Parameter containing: [torch.float32 of size 1x1x128x256 (cuda:0)]
      (5): Parameter containing: [torch.float32 of size 1x1x256x512 (cuda:0)]
      (6): Parameter containing: [torch.float32 of size 1x1x512x1024 (cuda:0)]
  )
)
train the 13 -th image
start temperature: 0.3 noise parameter: 2.0
end temperature: 0.1 noise parameter: 1.0
********************Start from stage I
********************going into stage II
eval_object_psnr: 37.15432537278722
eval_background_psnr: 29.65771576033981
eval_background_psnr: 29.65771576033981
********************Evaluation the Image 13-th, after Step 999, BEST PSNR: 28.941438, Print rate 0.148830. *************************
Saved model at ./saved/modbase_7/context_16_arm_mod_16/sparity_0.0/inr_mod_16KODAK_ROI_Global_new_struture_7_12_3_33_orderconcat_operator_0_pw_0.4_img_object13.pth
Trained the image with PSNR: 28.941437861342553  latent bits 0.14882956445217133 latent bits number 78029.5546875
[28.114925448955784, 27.75344635449581, 28.104604897360105, 24.80622245686048, 26.096687175464595, 26.0869387216253, 28.602759262492118, 28.698035275313075, 28.724695467332477, 28.86936303082241, 28.781122710934838, 28.282628902398596, 29.184186649476896, 28.941437861342553]
[0.19625774025917053, 0.20048120617866516, 0.2012585699558258, 0.3268035054206848, 0.30659914016723633, 0.29963308572769165, 0.14397549629211426, 0.1350162774324417, 0.14233466982841492, 0.19726350903511047, 0.21638348698616028, 0.23457299172878265, 0.14923088252544403, 0.14882956445217133]
[102895.578125, 105109.890625, 105517.453125, 171339.15625, 160746.25, 157094.03125, 75484.625, 70787.4140625, 74624.359375, 103422.890625, 113447.265625, 122983.8046875, 78239.9609375, 78029.5546875]
load the model: ./saved/modbase_7/context_16_arm_mod_16/sparity_0.0/inr_mod_16KODAK_ROI_Global_new_struture_7_12_3_33_orderconcat_operator_0_pw_0.4_img_object13.pth for the  13 -th image
********************Evalutation with quantization
********************Starting quantizing models
eval_object_psnr: 35.46055712836651
full_image_psnr: 27.445143896789556
object_psnr: 35.46055712836651
background_psnr: 28.202794582088007
********************Evaluation the Image 13-th, BEST PSNR: 27.445144, Print rate 0.149614, Network rate 0.016211. *************************
eval_wsssim: 0.879263
Decoded image saved to ./experiments/vcip_wssim_tunado_diegoPC/decoded_images/othim14_maskerp_wsmse0_swhdc1_erp1_lambda0.4.png
Evaluate the image: PSNR: 27.445143896789556 All bits: 0.16582432389259338  latent bits: 0.14961376786231995  network bits: 0.016210556030273438
Evaluate arm network bits: 0.0080413818359375 Evaluate synthesis network bits: 0.007852554321289062
Image All bits num: 86939.703125 latent bits num: 78440.703125 mlp bits num: 8499.0 border bits num:
arm bits num: 4216.0 synthesis bits num: 4117.0
[26.98496290731588, 26.914855757670068, 26.794346067269846, 24.505044114122843, 24.905289311296652, 26.01794850733637, 27.640481035631826, 28.249792959094236, 26.203673447321364, 27.12993714597319, 26.60013784437282, 26.955260398128285, 28.50915572076316, 27.445143896789556]
[0.21442179381847382, 0.21952378749847412, 0.21920588612556458, 0.34355807304382324, 0.32367488741874695, 0.3186313509941101, 0.1611802875995636, 0.1541002094745636, 0.1595911681652069, 0.21465057134628296, 0.2338292896747589, 0.2521454095840454, 0.1672709584236145, 0.16582432389259338]
[112418.7734375, 115093.6875, 114927.015625, 180123.375, 169698.859375, 167054.59375, 84504.890625, 80792.890625, 83671.734375, 112538.71875, 122593.890625, 132196.8125, 87698.15625, 86939.703125]
Metrics saved to ./experiments/vcip_wssim_tunado_diegoPC/results.csv
Current eval Ave PSNR: 26.77543065093472 Ave Bits 0.22482914264713014
Namespace(batch_size=1, lr=0.01, data='../data', sparsity=0.0, local_upsampling_kernel_size=8, upsampling_kernel_size=8, static_upsampling_kernel=False, latent_factor=1, mod_base=7, highest_flag=1, context_arm=16, dim_arm_mod=16, use_candidate=True, type='other', mod_hid_layer=0, sythesis_features=12, hidden_features=64, hidden_layer=2, scale=1, lambda_rate=0.4, lambda_rate_list=[0.4, 0.8], start_index=0, mask_type='erp', wsmse_tag=0, swhdc_tag=1, swhdc_dilations=[1, 2, 3, 4], erp_padding=1, workdir='./experiments/vcip_wssim_tunado_diegoPC', train_steps_1=5000, train_steps_2=1000, loss_type='combined', lambda_dist=0.0, lambda_percep=1.0, patch_h=512, patch_w=1024, all_pix_num=524288, eval_pix_num=524288)
Directory './saved/modbase_7/context_16_arm_mod_16' already exists.
Directory './saved/modbase_7/context_16_arm_mod_16/sparity_0.0' already exists.
top %: 0.0

🔁 Stage-1 Training Candidate 1/7
Quantizer parameter: encoding gain  16
total pixel: 524288
Get Mod with shape torch.Size([1, 1, 8, 16]) at layer: 1
Get Mod with shape torch.Size([1, 1, 16, 32]) at layer: 2
Get Mod with shape torch.Size([1, 1, 32, 64]) at layer: 3
Get Mod with shape torch.Size([1, 1, 64, 128]) at layer: 4
Get Mod with shape torch.Size([1, 1, 128, 256]) at layer: 5
Get Mod with shape torch.Size([1, 1, 256, 512]) at layer: 6
Get Mod with shape torch.Size([1, 1, 512, 1024]) at layer: 7
start temperature: 0.3 noise parameter: 2.0
end temperature: 0.3 noise parameter: 2.0
********************Start from stage I
Step 400, BEST PSNR: 27.262549, Total loss 0.210117 with its rate 0.229501873254776 latent_bits 120325.078125

🔁 Stage-1 Training Candidate 2/7
Quantizer parameter: encoding gain  16
total pixel: 524288
Get Mod with shape torch.Size([1, 1, 8, 16]) at layer: 1
Get Mod with shape torch.Size([1, 1, 16, 32]) at layer: 2
Get Mod with shape torch.Size([1, 1, 32, 64]) at layer: 3
Get Mod with shape torch.Size([1, 1, 64, 128]) at layer: 4
Get Mod with shape torch.Size([1, 1, 128, 256]) at layer: 5
Get Mod with shape torch.Size([1, 1, 256, 512]) at layer: 6
Get Mod with shape torch.Size([1, 1, 512, 1024]) at layer: 7
start temperature: 0.3 noise parameter: 2.0
end temperature: 0.3 noise parameter: 2.0
********************Start from stage I
Step 400, BEST PSNR: 26.794575, Total loss 0.215682 with its rate 0.22854158282279968 latent_bits 119821.609375

🔁 Stage-1 Training Candidate 3/7
Quantizer parameter: encoding gain  16
total pixel: 524288
Get Mod with shape torch.Size([1, 1, 8, 16]) at layer: 1
Get Mod with shape torch.Size([1, 1, 16, 32]) at layer: 2
Get Mod with shape torch.Size([1, 1, 32, 64]) at layer: 3
Get Mod with shape torch.Size([1, 1, 64, 128]) at layer: 4
Get Mod with shape torch.Size([1, 1, 128, 256]) at layer: 5
Get Mod with shape torch.Size([1, 1, 256, 512]) at layer: 6
Get Mod with shape torch.Size([1, 1, 512, 1024]) at layer: 7
start temperature: 0.3 noise parameter: 2.0
end temperature: 0.3 noise parameter: 2.0
********************Start from stage I
Step 400, BEST PSNR: 26.161831, Total loss 0.219938 with its rate 0.22533845901489258 latent_bits 118142.25

🔁 Stage-1 Training Candidate 4/7
Quantizer parameter: encoding gain  16
total pixel: 524288
Get Mod with shape torch.Size([1, 1, 8, 16]) at layer: 1
Get Mod with shape torch.Size([1, 1, 16, 32]) at layer: 2
Get Mod with shape torch.Size([1, 1, 32, 64]) at layer: 3
Get Mod with shape torch.Size([1, 1, 64, 128]) at layer: 4
Get Mod with shape torch.Size([1, 1, 128, 256]) at layer: 5
Get Mod with shape torch.Size([1, 1, 256, 512]) at layer: 6
Get Mod with shape torch.Size([1, 1, 512, 1024]) at layer: 7
start temperature: 0.3 noise parameter: 2.0
end temperature: 0.3 noise parameter: 2.0
********************Start from stage I
Step 400, BEST PSNR: 27.135287, Total loss 0.214448 with its rate 0.2244037687778473 latent_bits 117652.203125

🔁 Stage-1 Training Candidate 5/7
Quantizer parameter: encoding gain  16
total pixel: 524288
Get Mod with shape torch.Size([1, 1, 8, 16]) at layer: 1
Get Mod with shape torch.Size([1, 1, 16, 32]) at layer: 2
Get Mod with shape torch.Size([1, 1, 32, 64]) at layer: 3
Get Mod with shape torch.Size([1, 1, 64, 128]) at layer: 4
Get Mod with shape torch.Size([1, 1, 128, 256]) at layer: 5
Get Mod with shape torch.Size([1, 1, 256, 512]) at layer: 6
Get Mod with shape torch.Size([1, 1, 512, 1024]) at layer: 7
start temperature: 0.3 noise parameter: 2.0
end temperature: 0.3 noise parameter: 2.0
********************Start from stage I
Step 400, BEST PSNR: 27.268070, Total loss 0.215675 with its rate 0.22972014546394348 latent_bits 120439.515625

🔁 Stage-1 Training Candidate 6/7
Quantizer parameter: encoding gain  16
total pixel: 524288
Get Mod with shape torch.Size([1, 1, 8, 16]) at layer: 1
Get Mod with shape torch.Size([1, 1, 16, 32]) at layer: 2
Get Mod with shape torch.Size([1, 1, 32, 64]) at layer: 3
Get Mod with shape torch.Size([1, 1, 64, 128]) at layer: 4
Get Mod with shape torch.Size([1, 1, 128, 256]) at layer: 5
Get Mod with shape torch.Size([1, 1, 256, 512]) at layer: 6
Get Mod with shape torch.Size([1, 1, 512, 1024]) at layer: 7
start temperature: 0.3 noise parameter: 2.0
end temperature: 0.3 noise parameter: 2.0
********************Start from stage I
Step 400, BEST PSNR: 26.435158, Total loss 0.213425 with its rate 0.21618786454200745 latent_bits 113344.703125

🔁 Stage-1 Training Candidate 7/7
Quantizer parameter: encoding gain  16
total pixel: 524288
Get Mod with shape torch.Size([1, 1, 8, 16]) at layer: 1
Get Mod with shape torch.Size([1, 1, 16, 32]) at layer: 2
Get Mod with shape torch.Size([1, 1, 32, 64]) at layer: 3
Get Mod with shape torch.Size([1, 1, 64, 128]) at layer: 4
Get Mod with shape torch.Size([1, 1, 128, 256]) at layer: 5
Get Mod with shape torch.Size([1, 1, 256, 512]) at layer: 6
Get Mod with shape torch.Size([1, 1, 512, 1024]) at layer: 7
start temperature: 0.3 noise parameter: 2.0
end temperature: 0.3 noise parameter: 2.0
********************Start from stage I
Step 400, BEST PSNR: 26.628303, Total loss 0.215165 with its rate 0.22095513343811035 latent_bits 115844.125

🌟 Selected Top-3 Candidates by RD cost

🎯 Stage-2 Refining Candidate 1/3
start temperature: 0.3 noise parameter: 2.0
end temperature: 0.3 noise parameter: 2.0
********************Start from stage I
Step 400, BEST PSNR: 27.789257, Total loss 0.212605 with its rate 0.2641642689704895 latent_bits 138498.15625

🎯 Stage-2 Refining Candidate 2/3
start temperature: 0.3 noise parameter: 2.0
end temperature: 0.3 noise parameter: 2.0
********************Start from stage I
Step 400, BEST PSNR: 27.555950, Total loss 0.215579 with its rate 0.25689059495925903 latent_bits 134684.65625

🎯 Stage-2 Refining Candidate 3/3
start temperature: 0.3 noise parameter: 2.0
end temperature: 0.3 noise parameter: 2.0
********************Start from stage I
Step 400, BEST PSNR: 27.691415, Total loss 0.215718 with its rate 0.2531622648239136 latent_bits 132729.9375

🏆 Best Candidate Final PSNR: 27.79, Rate: 0.2642
Masked_INR(
  (upsampling_2d): Upsampling(
    (conv_transpose2d): UpsamplingConvTranspose2d()
  )
  (arm): Arm(
    (mlp): Sequential(
      (0): ArmConv(
        (conv1_1): Conv1d(16, 16, kernel_size=(1,), stride=(1,))
      )
      (1): GELU(approximate='none')
      (2): ArmConv(
        (conv1_1): Conv1d(16, 16, kernel_size=(1,), stride=(1,))
      )
      (3): GELU(approximate='none')
      (4): ArmConv(
        (conv1_1): Conv1d(16, 2, kernel_size=(1,), stride=(1,))
      )
    )
  )
  (conv_mod): LocalGlobalBlock(
    (net): Sequential(
      (0): SynthesisLayer(
        (pad): Identity()
        (conv_layer): SWHDC(
          (conv): Conv2d(2, 3, kernel_size=(3, 3), stride=(1, 1))
        )
        (non_linearity): GELU(approximate='none')
      )
      (1): SynthesisResidualLayer(
        (pad): ReplicationPad2d((0, 0, 0, 0))
        (conv_layer): Conv2d(3, 3, kernel_size=(1, 1), stride=(1, 1))
        (non_linearity): GELU(approximate='none')
      )
      (2): SynthesisResidualLayer(
        (pad): ReplicationPad2d((0, 0, 0, 0))
        (conv_layer): Conv2d(3, 3, kernel_size=(1, 1), stride=(1, 1))
        (non_linearity): GELU(approximate='none')
      )
      (3): SynthesisResidualLayer(
        (pad): ReplicationPad2d((0, 0, 0, 0))
        (conv_layer): Conv2d(3, 3, kernel_size=(1, 1), stride=(1, 1))
        (non_linearity): Identity()
      )
    )
    (global_net): Sequential(
      (0): SynthesisLayer(
        (pad): Identity()
        (conv_layer): SWHDC(
          (conv): Conv2d(2, 3, kernel_size=(3, 3), stride=(1, 1))
        )
        (non_linearity): GELU(approximate='none')
      )
      (1): SynthesisResidualLayer(
        (pad): ReplicationPad2d((0, 0, 0, 0))
        (conv_layer): Conv2d(3, 3, kernel_size=(1, 1), stride=(1, 1))
        (non_linearity): GELU(approximate='none')
      )
      (2): SynthesisResidualLayer(
        (pad): ReplicationPad2d((0, 0, 0, 0))
        (conv_layer): Conv2d(3, 3, kernel_size=(1, 1), stride=(1, 1))
        (non_linearity): GELU(approximate='none')
      )
      (3): SynthesisResidualLayer(
        (pad): ReplicationPad2d((0, 0, 0, 0))
        (conv_layer): Conv2d(3, 3, kernel_size=(1, 1), stride=(1, 1))
        (non_linearity): Identity()
      )
    )
    (agg_func): Sequential(
      (0): SynthesisLayer(
        (pad): ReplicationPad2d((0, 0, 0, 0))
        (conv_layer): Conv2d(18, 3, kernel_size=(1, 1), stride=(1, 1))
        (non_linearity): GELU(approximate='none')
      )
      (1): SynthesisLayer(
        (pad): ReplicationPad2d((0, 0, 0, 0))
        (conv_layer): Conv2d(21, 3, kernel_size=(1, 1), stride=(1, 1))
        (non_linearity): GELU(approximate='none')
      )
      (2): SynthesisLayer(
        (pad): ReplicationPad2d((0, 0, 0, 0))
        (conv_layer): Conv2d(24, 3, kernel_size=(1, 1), stride=(1, 1))
        (non_linearity): GELU(approximate='none')
      )
    )
    (full_net): Sequential(
      (0): SynthesisLayer(
        (pad): ReplicationPad2d((0, 0, 0, 0))
        (conv_layer): Conv2d(7, 12, kernel_size=(1, 1), stride=(1, 1))
        (non_linearity): GELU(approximate='none')
      )
      (1): SynthesisLayer(
        (pad): ReplicationPad2d((0, 0, 0, 0))
        (conv_layer): Conv2d(12, 3, kernel_size=(1, 1), stride=(1, 1))
        (non_linearity): GELU(approximate='none')
      )
      (2): SynthesisResidualLayer(
        (conv_layer): Conv2d(3, 3, kernel_size=(3, 3), stride=(1, 1))
        (non_linearity): GELU(approximate='none')
      )
      (3): SynthesisResidualLayer(
        (conv_layer): Conv2d(3, 3, kernel_size=(3, 3), stride=(1, 1))
        (non_linearity): GELU(approximate='none')
      )
    )
  )
  (modulation_sf): ParameterList(
      (0): Parameter containing: [torch.float32 of size 1x1x8x16 (cuda:0)]
      (1): Parameter containing: [torch.float32 of size 1x1x16x32 (cuda:0)]
      (2): Parameter containing: [torch.float32 of size 1x1x32x64 (cuda:0)]
      (3): Parameter containing: [torch.float32 of size 1x1x64x128 (cuda:0)]
      (4): Parameter containing: [torch.float32 of size 1x1x128x256 (cuda:0)]
      (5): Parameter containing: [torch.float32 of size 1x1x256x512 (cuda:0)]
      (6): Parameter containing: [torch.float32 of size 1x1x512x1024 (cuda:0)]
  )
)
train the 14 -th image
start temperature: 0.3 noise parameter: 2.0
end temperature: 0.1 noise parameter: 1.0
********************Start from stage I
********************going into stage II
eval_object_psnr: 37.286611089478455
eval_background_psnr: 29.612947657460893
eval_background_psnr: 29.612947657460893
********************Evaluation the Image 14-th, after Step 999, BEST PSNR: 28.925717, Print rate 0.152511. *************************
Saved model at ./saved/modbase_7/context_16_arm_mod_16/sparity_0.0/inr_mod_16KODAK_ROI_Global_new_struture_7_12_3_33_orderconcat_operator_0_pw_0.4_img_object14.pth
Trained the image with PSNR: 28.925716505673904  latent bits 0.15251144766807556 latent bits number 79959.921875
[28.114925448955784, 27.75344635449581, 28.104604897360105, 24.80622245686048, 26.096687175464595, 26.0869387216253, 28.602759262492118, 28.698035275313075, 28.724695467332477, 28.86936303082241, 28.781122710934838, 28.282628902398596, 29.184186649476896, 28.941437861342553, 28.925716505673904]
[0.19625774025917053, 0.20048120617866516, 0.2012585699558258, 0.3268035054206848, 0.30659914016723633, 0.29963308572769165, 0.14397549629211426, 0.1350162774324417, 0.14233466982841492, 0.19726350903511047, 0.21638348698616028, 0.23457299172878265, 0.14923088252544403, 0.14882956445217133, 0.15251144766807556]
[102895.578125, 105109.890625, 105517.453125, 171339.15625, 160746.25, 157094.03125, 75484.625, 70787.4140625, 74624.359375, 103422.890625, 113447.265625, 122983.8046875, 78239.9609375, 78029.5546875, 79959.921875]
load the model: ./saved/modbase_7/context_16_arm_mod_16/sparity_0.0/inr_mod_16KODAK_ROI_Global_new_struture_7_12_3_33_orderconcat_operator_0_pw_0.4_img_object14.pth for the  14 -th image
********************Evalutation with quantization
********************Starting quantizing models
eval_object_psnr: 36.37866026250947
full_image_psnr: 28.299929587681635
object_psnr: 36.37866026250947
background_psnr: 29.035943205213993
********************Evaluation the Image 14-th, BEST PSNR: 28.299930, Print rate 0.153844, Network rate 0.017374. *************************
eval_wsssim: 0.892817
Decoded image saved to ./experiments/vcip_wssim_tunado_diegoPC/decoded_images/othim15_maskerp_wsmse0_swhdc1_erp1_lambda0.4.png
Evaluate the image: PSNR: 28.299929587681635 All bits: 0.17121845483779907  latent bits: 0.15384441614151  network bits: 0.017374038696289062
Evaluate arm network bits: 0.007959365844726562 Evaluate synthesis network bits: 0.008947372436523438
Image All bits num: 89767.78125 latent bits num: 80658.78125 mlp bits num: 9109.0 border bits num:
arm bits num: 4173.0 synthesis bits num: 4691.0
[26.98496290731588, 26.914855757670068, 26.794346067269846, 24.505044114122843, 24.905289311296652, 26.01794850733637, 27.640481035631826, 28.249792959094236, 26.203673447321364, 27.12993714597319, 26.60013784437282, 26.955260398128285, 28.50915572076316, 27.445143896789556, 28.299929587681635]
[0.21442179381847382, 0.21952378749847412, 0.21920588612556458, 0.34355807304382324, 0.32367488741874695, 0.3186313509941101, 0.1611802875995636, 0.1541002094745636, 0.1595911681652069, 0.21465057134628296, 0.2338292896747589, 0.2521454095840454, 0.1672709584236145, 0.16582432389259338, 0.17121845483779907]
[112418.7734375, 115093.6875, 114927.015625, 180123.375, 169698.859375, 167054.59375, 84504.890625, 80792.890625, 83671.734375, 112538.71875, 122593.890625, 132196.8125, 87698.15625, 86939.703125, 89767.78125]
Metrics saved to ./experiments/vcip_wssim_tunado_diegoPC/results.csv
Current eval Ave PSNR: 26.877063913384514 Ave Bits 0.22125509679317473
Namespace(batch_size=1, lr=0.01, data='../data', sparsity=0.0, local_upsampling_kernel_size=8, upsampling_kernel_size=8, static_upsampling_kernel=False, latent_factor=1, mod_base=7, highest_flag=1, context_arm=16, dim_arm_mod=16, use_candidate=True, type='other', mod_hid_layer=0, sythesis_features=12, hidden_features=64, hidden_layer=2, scale=1, lambda_rate=0.4, lambda_rate_list=[0.4, 0.8], start_index=0, mask_type='erp', wsmse_tag=0, swhdc_tag=1, swhdc_dilations=[1, 2, 3, 4], erp_padding=1, workdir='./experiments/vcip_wssim_tunado_diegoPC', train_steps_1=5000, train_steps_2=1000, loss_type='combined', lambda_dist=0.0, lambda_percep=1.0, patch_h=512, patch_w=1024, all_pix_num=524288, eval_pix_num=524288)
Directory './saved/modbase_7/context_16_arm_mod_16' already exists.
Directory './saved/modbase_7/context_16_arm_mod_16/sparity_0.0' already exists.
top %: 0.0

🔁 Stage-1 Training Candidate 1/7
Quantizer parameter: encoding gain  16
total pixel: 524288
Get Mod with shape torch.Size([1, 1, 8, 16]) at layer: 1
Get Mod with shape torch.Size([1, 1, 16, 32]) at layer: 2
Get Mod with shape torch.Size([1, 1, 32, 64]) at layer: 3
Get Mod with shape torch.Size([1, 1, 64, 128]) at layer: 4
Get Mod with shape torch.Size([1, 1, 128, 256]) at layer: 5
Get Mod with shape torch.Size([1, 1, 256, 512]) at layer: 6
Get Mod with shape torch.Size([1, 1, 512, 1024]) at layer: 7
start temperature: 0.3 noise parameter: 2.0
end temperature: 0.3 noise parameter: 2.0
********************Start from stage I
Step 400, BEST PSNR: 27.116648, Total loss 0.185260 with its rate 0.19336284697055817 latent_bits 101377.8203125

🔁 Stage-1 Training Candidate 2/7
Quantizer parameter: encoding gain  16
total pixel: 524288
Get Mod with shape torch.Size([1, 1, 8, 16]) at layer: 1
Get Mod with shape torch.Size([1, 1, 16, 32]) at layer: 2
Get Mod with shape torch.Size([1, 1, 32, 64]) at layer: 3
Get Mod with shape torch.Size([1, 1, 64, 128]) at layer: 4
Get Mod with shape torch.Size([1, 1, 128, 256]) at layer: 5
Get Mod with shape torch.Size([1, 1, 256, 512]) at layer: 6
Get Mod with shape torch.Size([1, 1, 512, 1024]) at layer: 7
start temperature: 0.3 noise parameter: 2.0
end temperature: 0.3 noise parameter: 2.0
********************Start from stage I
Step 400, BEST PSNR: 27.315324, Total loss 0.189556 with its rate 0.21088111400604248 latent_bits 110562.4375

🔁 Stage-1 Training Candidate 3/7
Quantizer parameter: encoding gain  16
total pixel: 524288
Get Mod with shape torch.Size([1, 1, 8, 16]) at layer: 1
Get Mod with shape torch.Size([1, 1, 16, 32]) at layer: 2
Get Mod with shape torch.Size([1, 1, 32, 64]) at layer: 3
Get Mod with shape torch.Size([1, 1, 64, 128]) at layer: 4
Get Mod with shape torch.Size([1, 1, 128, 256]) at layer: 5
Get Mod with shape torch.Size([1, 1, 256, 512]) at layer: 6
Get Mod with shape torch.Size([1, 1, 512, 1024]) at layer: 7
start temperature: 0.3 noise parameter: 2.0
end temperature: 0.3 noise parameter: 2.0
********************Start from stage I
Step 400, BEST PSNR: 26.897056, Total loss 0.192104 with its rate 0.20817074179649353 latent_bits 109141.421875

🔁 Stage-1 Training Candidate 4/7
Quantizer parameter: encoding gain  16
total pixel: 524288
Get Mod with shape torch.Size([1, 1, 8, 16]) at layer: 1
Get Mod with shape torch.Size([1, 1, 16, 32]) at layer: 2
Get Mod with shape torch.Size([1, 1, 32, 64]) at layer: 3
Get Mod with shape torch.Size([1, 1, 64, 128]) at layer: 4
Get Mod with shape torch.Size([1, 1, 128, 256]) at layer: 5
Get Mod with shape torch.Size([1, 1, 256, 512]) at layer: 6
Get Mod with shape torch.Size([1, 1, 512, 1024]) at layer: 7
start temperature: 0.3 noise parameter: 2.0
end temperature: 0.3 noise parameter: 2.0
********************Start from stage I
Step 400, BEST PSNR: 26.305758, Total loss 0.192704 with its rate 0.21780230104923248 latent_bits 114191.1328125

🔁 Stage-1 Training Candidate 5/7
Quantizer parameter: encoding gain  16
total pixel: 524288
Get Mod with shape torch.Size([1, 1, 8, 16]) at layer: 1
Get Mod with shape torch.Size([1, 1, 16, 32]) at layer: 2
Get Mod with shape torch.Size([1, 1, 32, 64]) at layer: 3
Get Mod with shape torch.Size([1, 1, 64, 128]) at layer: 4
Get Mod with shape torch.Size([1, 1, 128, 256]) at layer: 5
Get Mod with shape torch.Size([1, 1, 256, 512]) at layer: 6
Get Mod with shape torch.Size([1, 1, 512, 1024]) at layer: 7
start temperature: 0.3 noise parameter: 2.0
end temperature: 0.3 noise parameter: 2.0
********************Start from stage I
Step 400, BEST PSNR: 27.475332, Total loss 0.190135 with its rate 0.21737606823444366 latent_bits 113967.6640625

🔁 Stage-1 Training Candidate 6/7
Quantizer parameter: encoding gain  16
total pixel: 524288
Get Mod with shape torch.Size([1, 1, 8, 16]) at layer: 1
Get Mod with shape torch.Size([1, 1, 16, 32]) at layer: 2
Get Mod with shape torch.Size([1, 1, 32, 64]) at layer: 3
Get Mod with shape torch.Size([1, 1, 64, 128]) at layer: 4
Get Mod with shape torch.Size([1, 1, 128, 256]) at layer: 5
Get Mod with shape torch.Size([1, 1, 256, 512]) at layer: 6
Get Mod with shape torch.Size([1, 1, 512, 1024]) at layer: 7
start temperature: 0.3 noise parameter: 2.0
end temperature: 0.3 noise parameter: 2.0
********************Start from stage I
Step 400, BEST PSNR: 26.912050, Total loss 0.190839 with its rate 0.20982913672924042 latent_bits 110010.8984375

🔁 Stage-1 Training Candidate 7/7
Quantizer parameter: encoding gain  16
total pixel: 524288
Get Mod with shape torch.Size([1, 1, 8, 16]) at layer: 1
Get Mod with shape torch.Size([1, 1, 16, 32]) at layer: 2
Get Mod with shape torch.Size([1, 1, 32, 64]) at layer: 3
Get Mod with shape torch.Size([1, 1, 64, 128]) at layer: 4
Get Mod with shape torch.Size([1, 1, 128, 256]) at layer: 5
Get Mod with shape torch.Size([1, 1, 256, 512]) at layer: 6
Get Mod with shape torch.Size([1, 1, 512, 1024]) at layer: 7
start temperature: 0.3 noise parameter: 2.0
end temperature: 0.3 noise parameter: 2.0
********************Start from stage I
Step 400, BEST PSNR: 27.150405, Total loss 0.188822 with its rate 0.2065732777118683 latent_bits 108303.890625

🌟 Selected Top-3 Candidates by RD cost

🎯 Stage-2 Refining Candidate 1/3
start temperature: 0.3 noise parameter: 2.0
end temperature: 0.3 noise parameter: 2.0
********************Start from stage I
Step 400, BEST PSNR: 27.928786, Total loss 0.191548 with its rate 0.2324402779340744 latent_bits 121865.6484375

🎯 Stage-2 Refining Candidate 2/3
start temperature: 0.3 noise parameter: 2.0
end temperature: 0.3 noise parameter: 2.0
********************Start from stage I
Step 400, BEST PSNR: 27.721222, Total loss 0.192724 with its rate 0.23693770170211792 latent_bits 124223.59375

🎯 Stage-2 Refining Candidate 3/3
start temperature: 0.3 noise parameter: 2.0
end temperature: 0.3 noise parameter: 2.0
********************Start from stage I
Step 400, BEST PSNR: 28.179281, Total loss 0.192273 with its rate 0.2428727000951767 latent_bits 127335.2421875

🏆 Best Candidate Final PSNR: 27.93, Rate: 0.2324
Masked_INR(
  (upsampling_2d): Upsampling(
    (conv_transpose2d): UpsamplingConvTranspose2d()
  )
  (arm): Arm(
    (mlp): Sequential(
      (0): ArmConv(
        (conv1_1): Conv1d(16, 16, kernel_size=(1,), stride=(1,))
      )
      (1): GELU(approximate='none')
      (2): ArmConv(
        (conv1_1): Conv1d(16, 16, kernel_size=(1,), stride=(1,))
      )
      (3): GELU(approximate='none')
      (4): ArmConv(
        (conv1_1): Conv1d(16, 2, kernel_size=(1,), stride=(1,))
      )
    )
  )
  (conv_mod): LocalGlobalBlock(
    (net): Sequential(
      (0): SynthesisLayer(
        (pad): Identity()
        (conv_layer): SWHDC(
          (conv): Conv2d(2, 3, kernel_size=(3, 3), stride=(1, 1))
        )
        (non_linearity): GELU(approximate='none')
      )
      (1): SynthesisResidualLayer(
        (pad): ReplicationPad2d((0, 0, 0, 0))
        (conv_layer): Conv2d(3, 3, kernel_size=(1, 1), stride=(1, 1))
        (non_linearity): GELU(approximate='none')
      )
      (2): SynthesisResidualLayer(
        (pad): ReplicationPad2d((0, 0, 0, 0))
        (conv_layer): Conv2d(3, 3, kernel_size=(1, 1), stride=(1, 1))
        (non_linearity): GELU(approximate='none')
      )
      (3): SynthesisResidualLayer(
        (pad): ReplicationPad2d((0, 0, 0, 0))
        (conv_layer): Conv2d(3, 3, kernel_size=(1, 1), stride=(1, 1))
        (non_linearity): Identity()
      )
    )
    (global_net): Sequential(
      (0): SynthesisLayer(
        (pad): Identity()
        (conv_layer): SWHDC(
          (conv): Conv2d(2, 3, kernel_size=(3, 3), stride=(1, 1))
        )
        (non_linearity): GELU(approximate='none')
      )
      (1): SynthesisResidualLayer(
        (pad): ReplicationPad2d((0, 0, 0, 0))
        (conv_layer): Conv2d(3, 3, kernel_size=(1, 1), stride=(1, 1))
        (non_linearity): GELU(approximate='none')
      )
      (2): SynthesisResidualLayer(
        (pad): ReplicationPad2d((0, 0, 0, 0))
        (conv_layer): Conv2d(3, 3, kernel_size=(1, 1), stride=(1, 1))
        (non_linearity): GELU(approximate='none')
      )
      (3): SynthesisResidualLayer(
        (pad): ReplicationPad2d((0, 0, 0, 0))
        (conv_layer): Conv2d(3, 3, kernel_size=(1, 1), stride=(1, 1))
        (non_linearity): Identity()
      )
    )
    (agg_func): Sequential(
      (0): SynthesisLayer(
        (pad): ReplicationPad2d((0, 0, 0, 0))
        (conv_layer): Conv2d(18, 3, kernel_size=(1, 1), stride=(1, 1))
        (non_linearity): GELU(approximate='none')
      )
      (1): SynthesisLayer(
        (pad): ReplicationPad2d((0, 0, 0, 0))
        (conv_layer): Conv2d(21, 3, kernel_size=(1, 1), stride=(1, 1))
        (non_linearity): GELU(approximate='none')
      )
      (2): SynthesisLayer(
        (pad): ReplicationPad2d((0, 0, 0, 0))
        (conv_layer): Conv2d(24, 3, kernel_size=(1, 1), stride=(1, 1))
        (non_linearity): GELU(approximate='none')
      )
    )
    (full_net): Sequential(
      (0): SynthesisLayer(
        (pad): ReplicationPad2d((0, 0, 0, 0))
        (conv_layer): Conv2d(7, 12, kernel_size=(1, 1), stride=(1, 1))
        (non_linearity): GELU(approximate='none')
      )
      (1): SynthesisLayer(
        (pad): ReplicationPad2d((0, 0, 0, 0))
        (conv_layer): Conv2d(12, 3, kernel_size=(1, 1), stride=(1, 1))
        (non_linearity): GELU(approximate='none')
      )
      (2): SynthesisResidualLayer(
        (conv_layer): Conv2d(3, 3, kernel_size=(3, 3), stride=(1, 1))
        (non_linearity): GELU(approximate='none')
      )
      (3): SynthesisResidualLayer(
        (conv_layer): Conv2d(3, 3, kernel_size=(3, 3), stride=(1, 1))
        (non_linearity): GELU(approximate='none')
      )
    )
  )
  (modulation_sf): ParameterList(
      (0): Parameter containing: [torch.float32 of size 1x1x8x16 (cuda:0)]
      (1): Parameter containing: [torch.float32 of size 1x1x16x32 (cuda:0)]
      (2): Parameter containing: [torch.float32 of size 1x1x32x64 (cuda:0)]
      (3): Parameter containing: [torch.float32 of size 1x1x64x128 (cuda:0)]
      (4): Parameter containing: [torch.float32 of size 1x1x128x256 (cuda:0)]
      (5): Parameter containing: [torch.float32 of size 1x1x256x512 (cuda:0)]
      (6): Parameter containing: [torch.float32 of size 1x1x512x1024 (cuda:0)]
  )
)
train the 15 -th image
start temperature: 0.3 noise parameter: 2.0
end temperature: 0.1 noise parameter: 1.0
********************Start from stage I
********************going into stage II
eval_object_psnr: 37.32132520231699
eval_background_psnr: 30.182473400513036
eval_background_psnr: 30.182473400513036
********************Evaluation the Image 15-th, after Step 999, BEST PSNR: 29.414385, Print rate 0.128848. *************************
Saved model at ./saved/modbase_7/context_16_arm_mod_16/sparity_0.0/inr_mod_16KODAK_ROI_Global_new_struture_7_12_3_33_orderconcat_operator_0_pw_0.4_img_object15.pth
Trained the image with PSNR: 29.41438464014571  latent bits 0.12884807586669922 latent bits number 67553.5
[28.114925448955784, 27.75344635449581, 28.104604897360105, 24.80622245686048, 26.096687175464595, 26.0869387216253, 28.602759262492118, 28.698035275313075, 28.724695467332477, 28.86936303082241, 28.781122710934838, 28.282628902398596, 29.184186649476896, 28.941437861342553, 28.925716505673904, 29.41438464014571]
[0.19625774025917053, 0.20048120617866516, 0.2012585699558258, 0.3268035054206848, 0.30659914016723633, 0.29963308572769165, 0.14397549629211426, 0.1350162774324417, 0.14233466982841492, 0.19726350903511047, 0.21638348698616028, 0.23457299172878265, 0.14923088252544403, 0.14882956445217133, 0.15251144766807556, 0.12884807586669922]
[102895.578125, 105109.890625, 105517.453125, 171339.15625, 160746.25, 157094.03125, 75484.625, 70787.4140625, 74624.359375, 103422.890625, 113447.265625, 122983.8046875, 78239.9609375, 78029.5546875, 79959.921875, 67553.5]
load the model: ./saved/modbase_7/context_16_arm_mod_16/sparity_0.0/inr_mod_16KODAK_ROI_Global_new_struture_7_12_3_33_orderconcat_operator_0_pw_0.4_img_object15.pth for the  15 -th image
********************Evalutation with quantization
********************Starting quantizing models
eval_object_psnr: 36.75215747390234
full_image_psnr: 28.921389483966834
object_psnr: 36.75215747390234
background_psnr: 29.712002165779108
********************Evaluation the Image 15-th, BEST PSNR: 28.921389, Print rate 0.129804, Network rate 0.017546. *************************
eval_wsssim: 0.910953
Decoded image saved to ./experiments/vcip_wssim_tunado_diegoPC/decoded_images/othim16_maskerp_wsmse0_swhdc1_erp1_lambda0.4.png
Evaluate the image: PSNR: 28.921389483966834 All bits: 0.14735010266304016  latent bits: 0.12980440258979797  network bits: 0.017545700073242188
Evaluate arm network bits: 0.008081436157226562 Evaluate synthesis network bits: 0.008893966674804688
Image All bits num: 77253.890625 latent bits num: 68054.890625 mlp bits num: 9199.0 border bits num:
arm bits num: 4237.0 synthesis bits num: 4663.0
[26.98496290731588, 26.914855757670068, 26.794346067269846, 24.505044114122843, 24.905289311296652, 26.01794850733637, 27.640481035631826, 28.249792959094236, 26.203673447321364, 27.12993714597319, 26.60013784437282, 26.955260398128285, 28.50915572076316, 27.445143896789556, 28.299929587681635, 28.921389483966834]
[0.21442179381847382, 0.21952378749847412, 0.21920588612556458, 0.34355807304382324, 0.32367488741874695, 0.3186313509941101, 0.1611802875995636, 0.1541002094745636, 0.1595911681652069, 0.21465057134628296, 0.2338292896747589, 0.2521454095840454, 0.1672709584236145, 0.16582432389259338, 0.17121845483779907, 0.14735010266304016]
[112418.7734375, 115093.6875, 114927.015625, 180123.375, 169698.859375, 167054.59375, 84504.890625, 80792.890625, 83671.734375, 112538.71875, 122593.890625, 132196.8125, 87698.15625, 86939.703125, 89767.78125, 77253.890625]
Metrics saved to ./experiments/vcip_wssim_tunado_diegoPC/results.csv
Current eval Ave PSNR: 27.00483426154591 Ave Bits 0.21663603466004133
Namespace(batch_size=1, lr=0.01, data='../data', sparsity=0.0, local_upsampling_kernel_size=8, upsampling_kernel_size=8, static_upsampling_kernel=False, latent_factor=1, mod_base=7, highest_flag=1, context_arm=16, dim_arm_mod=16, use_candidate=True, type='other', mod_hid_layer=0, sythesis_features=12, hidden_features=64, hidden_layer=2, scale=1, lambda_rate=0.4, lambda_rate_list=[0.4, 0.8], start_index=0, mask_type='erp', wsmse_tag=0, swhdc_tag=1, swhdc_dilations=[1, 2, 3, 4], erp_padding=1, workdir='./experiments/vcip_wssim_tunado_diegoPC', train_steps_1=5000, train_steps_2=1000, loss_type='combined', lambda_dist=0.0, lambda_percep=1.0, patch_h=512, patch_w=1024, all_pix_num=524288, eval_pix_num=524288)
Directory './saved/modbase_7/context_16_arm_mod_16' already exists.
Directory './saved/modbase_7/context_16_arm_mod_16/sparity_0.0' already exists.
top %: 0.0

🔁 Stage-1 Training Candidate 1/7
Quantizer parameter: encoding gain  16
total pixel: 524288
Get Mod with shape torch.Size([1, 1, 8, 16]) at layer: 1
Get Mod with shape torch.Size([1, 1, 16, 32]) at layer: 2
Get Mod with shape torch.Size([1, 1, 32, 64]) at layer: 3
Get Mod with shape torch.Size([1, 1, 64, 128]) at layer: 4
Get Mod with shape torch.Size([1, 1, 128, 256]) at layer: 5
Get Mod with shape torch.Size([1, 1, 256, 512]) at layer: 6
Get Mod with shape torch.Size([1, 1, 512, 1024]) at layer: 7
start temperature: 0.3 noise parameter: 2.0
end temperature: 0.3 noise parameter: 2.0
********************Start from stage I
Step 400, BEST PSNR: 27.966194, Total loss 0.191007 with its rate 0.22283922135829926 latent_bits 116831.9296875

🔁 Stage-1 Training Candidate 2/7
Quantizer parameter: encoding gain  16
total pixel: 524288
Get Mod with shape torch.Size([1, 1, 8, 16]) at layer: 1
Get Mod with shape torch.Size([1, 1, 16, 32]) at layer: 2
Get Mod with shape torch.Size([1, 1, 32, 64]) at layer: 3
Get Mod with shape torch.Size([1, 1, 64, 128]) at layer: 4
Get Mod with shape torch.Size([1, 1, 128, 256]) at layer: 5
Get Mod with shape torch.Size([1, 1, 256, 512]) at layer: 6
Get Mod with shape torch.Size([1, 1, 512, 1024]) at layer: 7
start temperature: 0.3 noise parameter: 2.0
end temperature: 0.3 noise parameter: 2.0
********************Start from stage I
Step 400, BEST PSNR: 26.717047, Total loss 0.191269 with its rate 0.21201172471046448 latent_bits 111155.203125

🔁 Stage-1 Training Candidate 3/7
Quantizer parameter: encoding gain  16
total pixel: 524288
Get Mod with shape torch.Size([1, 1, 8, 16]) at layer: 1
Get Mod with shape torch.Size([1, 1, 16, 32]) at layer: 2
Get Mod with shape torch.Size([1, 1, 32, 64]) at layer: 3
Get Mod with shape torch.Size([1, 1, 64, 128]) at layer: 4
Get Mod with shape torch.Size([1, 1, 128, 256]) at layer: 5
Get Mod with shape torch.Size([1, 1, 256, 512]) at layer: 6
Get Mod with shape torch.Size([1, 1, 512, 1024]) at layer: 7
start temperature: 0.3 noise parameter: 2.0
end temperature: 0.3 noise parameter: 2.0
********************Start from stage I
Step 400, BEST PSNR: 26.889938, Total loss 0.187840 with its rate 0.2002820074558258 latent_bits 105005.453125

🔁 Stage-1 Training Candidate 4/7
Quantizer parameter: encoding gain  16
total pixel: 524288
Get Mod with shape torch.Size([1, 1, 8, 16]) at layer: 1
Get Mod with shape torch.Size([1, 1, 16, 32]) at layer: 2
Get Mod with shape torch.Size([1, 1, 32, 64]) at layer: 3
Get Mod with shape torch.Size([1, 1, 64, 128]) at layer: 4
Get Mod with shape torch.Size([1, 1, 128, 256]) at layer: 5
Get Mod with shape torch.Size([1, 1, 256, 512]) at layer: 6
Get Mod with shape torch.Size([1, 1, 512, 1024]) at layer: 7
start temperature: 0.3 noise parameter: 2.0
end temperature: 0.3 noise parameter: 2.0
********************Start from stage I
Step 400, BEST PSNR: 27.430374, Total loss 0.190835 with its rate 0.2102413773536682 latent_bits 110227.03125

🔁 Stage-1 Training Candidate 5/7
Quantizer parameter: encoding gain  16
total pixel: 524288
Get Mod with shape torch.Size([1, 1, 8, 16]) at layer: 1
Get Mod with shape torch.Size([1, 1, 16, 32]) at layer: 2
Get Mod with shape torch.Size([1, 1, 32, 64]) at layer: 3
Get Mod with shape torch.Size([1, 1, 64, 128]) at layer: 4
Get Mod with shape torch.Size([1, 1, 128, 256]) at layer: 5
Get Mod with shape torch.Size([1, 1, 256, 512]) at layer: 6
Get Mod with shape torch.Size([1, 1, 512, 1024]) at layer: 7
start temperature: 0.3 noise parameter: 2.0
end temperature: 0.3 noise parameter: 2.0
********************Start from stage I
Step 400, BEST PSNR: 27.457117, Total loss 0.192425 with its rate 0.212545245885849 latent_bits 111434.921875

🔁 Stage-1 Training Candidate 6/7
Quantizer parameter: encoding gain  16
total pixel: 524288
Get Mod with shape torch.Size([1, 1, 8, 16]) at layer: 1
Get Mod with shape torch.Size([1, 1, 16, 32]) at layer: 2
Get Mod with shape torch.Size([1, 1, 32, 64]) at layer: 3
Get Mod with shape torch.Size([1, 1, 64, 128]) at layer: 4
Get Mod with shape torch.Size([1, 1, 128, 256]) at layer: 5
Get Mod with shape torch.Size([1, 1, 256, 512]) at layer: 6
Get Mod with shape torch.Size([1, 1, 512, 1024]) at layer: 7
start temperature: 0.3 noise parameter: 2.0
end temperature: 0.3 noise parameter: 2.0
********************Start from stage I
Step 400, BEST PSNR: 27.085586, Total loss 0.191414 with its rate 0.20699796080589294 latent_bits 108526.546875

🔁 Stage-1 Training Candidate 7/7
Quantizer parameter: encoding gain  16
total pixel: 524288
Get Mod with shape torch.Size([1, 1, 8, 16]) at layer: 1
Get Mod with shape torch.Size([1, 1, 16, 32]) at layer: 2
Get Mod with shape torch.Size([1, 1, 32, 64]) at layer: 3
Get Mod with shape torch.Size([1, 1, 64, 128]) at layer: 4
Get Mod with shape torch.Size([1, 1, 128, 256]) at layer: 5
Get Mod with shape torch.Size([1, 1, 256, 512]) at layer: 6
Get Mod with shape torch.Size([1, 1, 512, 1024]) at layer: 7
start temperature: 0.3 noise parameter: 2.0
end temperature: 0.3 noise parameter: 2.0
********************Start from stage I
Step 400, BEST PSNR: 27.118367, Total loss 0.190081 with its rate 0.19959373772144318 latent_bits 104644.6015625

🌟 Selected Top-3 Candidates by RD cost

🎯 Stage-2 Refining Candidate 1/3
start temperature: 0.3 noise parameter: 2.0
end temperature: 0.3 noise parameter: 2.0
********************Start from stage I
Step 400, BEST PSNR: 27.775491, Total loss 0.194219 with its rate 0.23753196001052856 latent_bits 124535.15625

🎯 Stage-2 Refining Candidate 2/3
start temperature: 0.3 noise parameter: 2.0
end temperature: 0.3 noise parameter: 2.0
********************Start from stage I
Step 400, BEST PSNR: 28.327471, Total loss 0.190194 with its rate 0.23165982961654663 latent_bits 121456.46875

🎯 Stage-2 Refining Candidate 3/3
start temperature: 0.3 noise parameter: 2.0
end temperature: 0.3 noise parameter: 2.0
********************Start from stage I
Step 400, BEST PSNR: 28.201160, Total loss 0.191647 with its rate 0.24053877592086792 latent_bits 126111.59375

🏆 Best Candidate Final PSNR: 28.33, Rate: 0.2317
Masked_INR(
  (upsampling_2d): Upsampling(
    (conv_transpose2d): UpsamplingConvTranspose2d()
  )
  (arm): Arm(
    (mlp): Sequential(
      (0): ArmConv(
        (conv1_1): Conv1d(16, 16, kernel_size=(1,), stride=(1,))
      )
      (1): GELU(approximate='none')
      (2): ArmConv(
        (conv1_1): Conv1d(16, 16, kernel_size=(1,), stride=(1,))
      )
      (3): GELU(approximate='none')
      (4): ArmConv(
        (conv1_1): Conv1d(16, 2, kernel_size=(1,), stride=(1,))
      )
    )
  )
  (conv_mod): LocalGlobalBlock(
    (net): Sequential(
      (0): SynthesisLayer(
        (pad): Identity()
        (conv_layer): SWHDC(
          (conv): Conv2d(2, 3, kernel_size=(3, 3), stride=(1, 1))
        )
        (non_linearity): GELU(approximate='none')
      )
      (1): SynthesisResidualLayer(
        (pad): ReplicationPad2d((0, 0, 0, 0))
        (conv_layer): Conv2d(3, 3, kernel_size=(1, 1), stride=(1, 1))
        (non_linearity): GELU(approximate='none')
      )
      (2): SynthesisResidualLayer(
        (pad): ReplicationPad2d((0, 0, 0, 0))
        (conv_layer): Conv2d(3, 3, kernel_size=(1, 1), stride=(1, 1))
        (non_linearity): GELU(approximate='none')
      )
      (3): SynthesisResidualLayer(
        (pad): ReplicationPad2d((0, 0, 0, 0))
        (conv_layer): Conv2d(3, 3, kernel_size=(1, 1), stride=(1, 1))
        (non_linearity): Identity()
      )
    )
    (global_net): Sequential(
      (0): SynthesisLayer(
        (pad): Identity()
        (conv_layer): SWHDC(
          (conv): Conv2d(2, 3, kernel_size=(3, 3), stride=(1, 1))
        )
        (non_linearity): GELU(approximate='none')
      )
      (1): SynthesisResidualLayer(
        (pad): ReplicationPad2d((0, 0, 0, 0))
        (conv_layer): Conv2d(3, 3, kernel_size=(1, 1), stride=(1, 1))
        (non_linearity): GELU(approximate='none')
      )
      (2): SynthesisResidualLayer(
        (pad): ReplicationPad2d((0, 0, 0, 0))
        (conv_layer): Conv2d(3, 3, kernel_size=(1, 1), stride=(1, 1))
        (non_linearity): GELU(approximate='none')
      )
      (3): SynthesisResidualLayer(
        (pad): ReplicationPad2d((0, 0, 0, 0))
        (conv_layer): Conv2d(3, 3, kernel_size=(1, 1), stride=(1, 1))
        (non_linearity): Identity()
      )
    )
    (agg_func): Sequential(
      (0): SynthesisLayer(
        (pad): ReplicationPad2d((0, 0, 0, 0))
        (conv_layer): Conv2d(18, 3, kernel_size=(1, 1), stride=(1, 1))
        (non_linearity): GELU(approximate='none')
      )
      (1): SynthesisLayer(
        (pad): ReplicationPad2d((0, 0, 0, 0))
        (conv_layer): Conv2d(21, 3, kernel_size=(1, 1), stride=(1, 1))
        (non_linearity): GELU(approximate='none')
      )
      (2): SynthesisLayer(
        (pad): ReplicationPad2d((0, 0, 0, 0))
        (conv_layer): Conv2d(24, 3, kernel_size=(1, 1), stride=(1, 1))
        (non_linearity): GELU(approximate='none')
      )
    )
    (full_net): Sequential(
      (0): SynthesisLayer(
        (pad): ReplicationPad2d((0, 0, 0, 0))
        (conv_layer): Conv2d(7, 12, kernel_size=(1, 1), stride=(1, 1))
        (non_linearity): GELU(approximate='none')
      )
      (1): SynthesisLayer(
        (pad): ReplicationPad2d((0, 0, 0, 0))
        (conv_layer): Conv2d(12, 3, kernel_size=(1, 1), stride=(1, 1))
        (non_linearity): GELU(approximate='none')
      )
      (2): SynthesisResidualLayer(
        (conv_layer): Conv2d(3, 3, kernel_size=(3, 3), stride=(1, 1))
        (non_linearity): GELU(approximate='none')
      )
      (3): SynthesisResidualLayer(
        (conv_layer): Conv2d(3, 3, kernel_size=(3, 3), stride=(1, 1))
        (non_linearity): GELU(approximate='none')
      )
    )
  )
  (modulation_sf): ParameterList(
      (0): Parameter containing: [torch.float32 of size 1x1x8x16 (cuda:0)]
      (1): Parameter containing: [torch.float32 of size 1x1x16x32 (cuda:0)]
      (2): Parameter containing: [torch.float32 of size 1x1x32x64 (cuda:0)]
      (3): Parameter containing: [torch.float32 of size 1x1x64x128 (cuda:0)]
      (4): Parameter containing: [torch.float32 of size 1x1x128x256 (cuda:0)]
      (5): Parameter containing: [torch.float32 of size 1x1x256x512 (cuda:0)]
      (6): Parameter containing: [torch.float32 of size 1x1x512x1024 (cuda:0)]
  )
)
train the 16 -th image
start temperature: 0.3 noise parameter: 2.0
end temperature: 0.1 noise parameter: 1.0
********************Start from stage I
********************going into stage II
eval_object_psnr: 37.79459378977139
eval_background_psnr: 30.436353442150573
eval_background_psnr: 30.436353442150573
********************Evaluation the Image 16-th, after Step 999, BEST PSNR: 29.702155, Print rate 0.126863. *************************
Saved model at ./saved/modbase_7/context_16_arm_mod_16/sparity_0.0/inr_mod_16KODAK_ROI_Global_new_struture_7_12_3_33_orderconcat_operator_0_pw_0.4_img_object16.pth
Trained the image with PSNR: 29.702154744810482  latent bits 0.12686321139335632 latent bits number 66512.859375
[28.114925448955784, 27.75344635449581, 28.104604897360105, 24.80622245686048, 26.096687175464595, 26.0869387216253, 28.602759262492118, 28.698035275313075, 28.724695467332477, 28.86936303082241, 28.781122710934838, 28.282628902398596, 29.184186649476896, 28.941437861342553, 28.925716505673904, 29.41438464014571, 29.702154744810482]
[0.19625774025917053, 0.20048120617866516, 0.2012585699558258, 0.3268035054206848, 0.30659914016723633, 0.29963308572769165, 0.14397549629211426, 0.1350162774324417, 0.14233466982841492, 0.19726350903511047, 0.21638348698616028, 0.23457299172878265, 0.14923088252544403, 0.14882956445217133, 0.15251144766807556, 0.12884807586669922, 0.12686321139335632]
[102895.578125, 105109.890625, 105517.453125, 171339.15625, 160746.25, 157094.03125, 75484.625, 70787.4140625, 74624.359375, 103422.890625, 113447.265625, 122983.8046875, 78239.9609375, 78029.5546875, 79959.921875, 67553.5, 66512.859375]
load the model: ./saved/modbase_7/context_16_arm_mod_16/sparity_0.0/inr_mod_16KODAK_ROI_Global_new_struture_7_12_3_33_orderconcat_operator_0_pw_0.4_img_object16.pth for the  16 -th image
********************Evalutation with quantization
********************Starting quantizing models
eval_object_psnr: 35.537697636894165
full_image_psnr: 28.122366251402894
object_psnr: 35.537697636894165
background_psnr: 29.018703976445966
********************Evaluation the Image 16-th, BEST PSNR: 28.122366, Print rate 0.129119, Network rate 0.015244. *************************
eval_wsssim: 0.907626
Decoded image saved to ./experiments/vcip_wssim_tunado_diegoPC/decoded_images/othim17_maskerp_wsmse0_swhdc1_erp1_lambda0.4.png
Evaluate the image: PSNR: 28.122366251402894 All bits: 0.14436210691928864  latent bits: 0.12911857664585114  network bits: 0.0152435302734375
Evaluate arm network bits: 0.007049560546875 Evaluate synthesis network bits: 0.007617950439453125
Image All bits num: 75687.3203125 latent bits num: 67695.3203125 mlp bits num: 7992.0 border bits num:
arm bits num: 3696.0 synthesis bits num: 3994.0
[26.98496290731588, 26.914855757670068, 26.794346067269846, 24.505044114122843, 24.905289311296652, 26.01794850733637, 27.640481035631826, 28.249792959094236, 26.203673447321364, 27.12993714597319, 26.60013784437282, 26.955260398128285, 28.50915572076316, 27.445143896789556, 28.299929587681635, 28.921389483966834, 28.122366251402894]
[0.21442179381847382, 0.21952378749847412, 0.21920588612556458, 0.34355807304382324, 0.32367488741874695, 0.3186313509941101, 0.1611802875995636, 0.1541002094745636, 0.1595911681652069, 0.21465057134628296, 0.2338292896747589, 0.2521454095840454, 0.1672709584236145, 0.16582432389259338, 0.17121845483779907, 0.14735010266304016, 0.14436210691928864]
[112418.7734375, 115093.6875, 114927.015625, 180123.375, 169698.859375, 167054.59375, 84504.890625, 80792.890625, 83671.734375, 112538.71875, 122593.890625, 132196.8125, 87698.15625, 86939.703125, 89767.78125, 77253.890625, 75687.3203125]
Metrics saved to ./experiments/vcip_wssim_tunado_diegoPC/results.csv
Current eval Ave PSNR: 27.07057143741985 Ave Bits 0.2123846271458794
Namespace(batch_size=1, lr=0.01, data='../data', sparsity=0.0, local_upsampling_kernel_size=8, upsampling_kernel_size=8, static_upsampling_kernel=False, latent_factor=1, mod_base=7, highest_flag=1, context_arm=16, dim_arm_mod=16, use_candidate=True, type='other', mod_hid_layer=0, sythesis_features=12, hidden_features=64, hidden_layer=2, scale=1, lambda_rate=0.4, lambda_rate_list=[0.4, 0.8], start_index=0, mask_type='erp', wsmse_tag=0, swhdc_tag=1, swhdc_dilations=[1, 2, 3, 4], erp_padding=1, workdir='./experiments/vcip_wssim_tunado_diegoPC', train_steps_1=5000, train_steps_2=1000, loss_type='combined', lambda_dist=0.0, lambda_percep=1.0, patch_h=512, patch_w=1024, all_pix_num=524288, eval_pix_num=524288)
Directory './saved/modbase_7/context_16_arm_mod_16' already exists.
Directory './saved/modbase_7/context_16_arm_mod_16/sparity_0.0' already exists.
top %: 0.0

🔁 Stage-1 Training Candidate 1/7
Quantizer parameter: encoding gain  16
total pixel: 524288
Get Mod with shape torch.Size([1, 1, 8, 16]) at layer: 1
Get Mod with shape torch.Size([1, 1, 16, 32]) at layer: 2
Get Mod with shape torch.Size([1, 1, 32, 64]) at layer: 3
Get Mod with shape torch.Size([1, 1, 64, 128]) at layer: 4
Get Mod with shape torch.Size([1, 1, 128, 256]) at layer: 5
Get Mod with shape torch.Size([1, 1, 256, 512]) at layer: 6
Get Mod with shape torch.Size([1, 1, 512, 1024]) at layer: 7
start temperature: 0.3 noise parameter: 2.0
end temperature: 0.3 noise parameter: 2.0
********************Start from stage I
Step 400, BEST PSNR: 27.014964, Total loss 0.185003 with its rate 0.19575966894626617 latent_bits 102634.4453125

🔁 Stage-1 Training Candidate 2/7
Quantizer parameter: encoding gain  16
total pixel: 524288
Get Mod with shape torch.Size([1, 1, 8, 16]) at layer: 1
Get Mod with shape torch.Size([1, 1, 16, 32]) at layer: 2
Get Mod with shape torch.Size([1, 1, 32, 64]) at layer: 3
Get Mod with shape torch.Size([1, 1, 64, 128]) at layer: 4
Get Mod with shape torch.Size([1, 1, 128, 256]) at layer: 5
Get Mod with shape torch.Size([1, 1, 256, 512]) at layer: 6
Get Mod with shape torch.Size([1, 1, 512, 1024]) at layer: 7
start temperature: 0.3 noise parameter: 2.0
end temperature: 0.3 noise parameter: 2.0
********************Start from stage I
Step 400, BEST PSNR: 27.189439, Total loss 0.187833 with its rate 0.19953399896621704 latent_bits 104613.28125

🔁 Stage-1 Training Candidate 3/7
Quantizer parameter: encoding gain  16
total pixel: 524288
Get Mod with shape torch.Size([1, 1, 8, 16]) at layer: 1
Get Mod with shape torch.Size([1, 1, 16, 32]) at layer: 2
Get Mod with shape torch.Size([1, 1, 32, 64]) at layer: 3
Get Mod with shape torch.Size([1, 1, 64, 128]) at layer: 4
Get Mod with shape torch.Size([1, 1, 128, 256]) at layer: 5
Get Mod with shape torch.Size([1, 1, 256, 512]) at layer: 6
Get Mod with shape torch.Size([1, 1, 512, 1024]) at layer: 7
start temperature: 0.3 noise parameter: 2.0
end temperature: 0.3 noise parameter: 2.0
********************Start from stage I
Step 400, BEST PSNR: 26.622863, Total loss 0.193175 with its rate 0.20783846080303192 latent_bits 108967.2109375

🔁 Stage-1 Training Candidate 4/7
Quantizer parameter: encoding gain  16
total pixel: 524288
Get Mod with shape torch.Size([1, 1, 8, 16]) at layer: 1
Get Mod with shape torch.Size([1, 1, 16, 32]) at layer: 2
Get Mod with shape torch.Size([1, 1, 32, 64]) at layer: 3
Get Mod with shape torch.Size([1, 1, 64, 128]) at layer: 4
Get Mod with shape torch.Size([1, 1, 128, 256]) at layer: 5
Get Mod with shape torch.Size([1, 1, 256, 512]) at layer: 6
Get Mod with shape torch.Size([1, 1, 512, 1024]) at layer: 7
start temperature: 0.3 noise parameter: 2.0
end temperature: 0.3 noise parameter: 2.0
********************Start from stage I
Step 400, BEST PSNR: 27.086617, Total loss 0.184494 with its rate 0.19455261528491974 latent_bits 102001.6015625

🔁 Stage-1 Training Candidate 5/7
Quantizer parameter: encoding gain  16
total pixel: 524288
Get Mod with shape torch.Size([1, 1, 8, 16]) at layer: 1
Get Mod with shape torch.Size([1, 1, 16, 32]) at layer: 2
Get Mod with shape torch.Size([1, 1, 32, 64]) at layer: 3
Get Mod with shape torch.Size([1, 1, 64, 128]) at layer: 4
Get Mod with shape torch.Size([1, 1, 128, 256]) at layer: 5
Get Mod with shape torch.Size([1, 1, 256, 512]) at layer: 6
Get Mod with shape torch.Size([1, 1, 512, 1024]) at layer: 7
start temperature: 0.3 noise parameter: 2.0
end temperature: 0.3 noise parameter: 2.0
********************Start from stage I
Step 400, BEST PSNR: 26.855227, Total loss 0.189716 with its rate 0.20850154757499695 latent_bits 109314.859375

🔁 Stage-1 Training Candidate 6/7
Quantizer parameter: encoding gain  16
total pixel: 524288
Get Mod with shape torch.Size([1, 1, 8, 16]) at layer: 1
Get Mod with shape torch.Size([1, 1, 16, 32]) at layer: 2
Get Mod with shape torch.Size([1, 1, 32, 64]) at layer: 3
Get Mod with shape torch.Size([1, 1, 64, 128]) at layer: 4
Get Mod with shape torch.Size([1, 1, 128, 256]) at layer: 5
Get Mod with shape torch.Size([1, 1, 256, 512]) at layer: 6
Get Mod with shape torch.Size([1, 1, 512, 1024]) at layer: 7
start temperature: 0.3 noise parameter: 2.0
end temperature: 0.3 noise parameter: 2.0
********************Start from stage I
Step 400, BEST PSNR: 27.846609, Total loss 0.190816 with its rate 0.2169938087463379 latent_bits 113767.25

🔁 Stage-1 Training Candidate 7/7
Quantizer parameter: encoding gain  16
total pixel: 524288
Get Mod with shape torch.Size([1, 1, 8, 16]) at layer: 1
Get Mod with shape torch.Size([1, 1, 16, 32]) at layer: 2
Get Mod with shape torch.Size([1, 1, 32, 64]) at layer: 3
Get Mod with shape torch.Size([1, 1, 64, 128]) at layer: 4
Get Mod with shape torch.Size([1, 1, 128, 256]) at layer: 5
Get Mod with shape torch.Size([1, 1, 256, 512]) at layer: 6
Get Mod with shape torch.Size([1, 1, 512, 1024]) at layer: 7
start temperature: 0.3 noise parameter: 2.0
end temperature: 0.3 noise parameter: 2.0
********************Start from stage I
Step 400, BEST PSNR: 27.066638, Total loss 0.188655 with its rate 0.20329439640045166 latent_bits 106584.8125

🌟 Selected Top-3 Candidates by RD cost

🎯 Stage-2 Refining Candidate 1/3
start temperature: 0.3 noise parameter: 2.0
end temperature: 0.3 noise parameter: 2.0
********************Start from stage I
Step 400, BEST PSNR: 28.721250, Total loss 0.191494 with its rate 0.234451025724411 latent_bits 122919.859375

🎯 Stage-2 Refining Candidate 2/3
start temperature: 0.3 noise parameter: 2.0
end temperature: 0.3 noise parameter: 2.0
********************Start from stage I
Step 400, BEST PSNR: 28.278303, Total loss 0.190238 with its rate 0.23263564705848694 latent_bits 121968.078125

🎯 Stage-2 Refining Candidate 3/3
start temperature: 0.3 noise parameter: 2.0
end temperature: 0.3 noise parameter: 2.0
********************Start from stage I
Step 400, BEST PSNR: 28.283517, Total loss 0.189885 with its rate 0.23205193877220154 latent_bits 121662.046875

🏆 Best Candidate Final PSNR: 28.28, Rate: 0.2321
Masked_INR(
  (upsampling_2d): Upsampling(
    (conv_transpose2d): UpsamplingConvTranspose2d()
  )
  (arm): Arm(
    (mlp): Sequential(
      (0): ArmConv(
        (conv1_1): Conv1d(16, 16, kernel_size=(1,), stride=(1,))
      )
      (1): GELU(approximate='none')
      (2): ArmConv(
        (conv1_1): Conv1d(16, 16, kernel_size=(1,), stride=(1,))
      )
      (3): GELU(approximate='none')
      (4): ArmConv(
        (conv1_1): Conv1d(16, 2, kernel_size=(1,), stride=(1,))
      )
    )
  )
  (conv_mod): LocalGlobalBlock(
    (net): Sequential(
      (0): SynthesisLayer(
        (pad): Identity()
        (conv_layer): SWHDC(
          (conv): Conv2d(2, 3, kernel_size=(3, 3), stride=(1, 1))
        )
        (non_linearity): GELU(approximate='none')
      )
      (1): SynthesisResidualLayer(
        (pad): ReplicationPad2d((0, 0, 0, 0))
        (conv_layer): Conv2d(3, 3, kernel_size=(1, 1), stride=(1, 1))
        (non_linearity): GELU(approximate='none')
      )
      (2): SynthesisResidualLayer(
        (pad): ReplicationPad2d((0, 0, 0, 0))
        (conv_layer): Conv2d(3, 3, kernel_size=(1, 1), stride=(1, 1))
        (non_linearity): GELU(approximate='none')
      )
      (3): SynthesisResidualLayer(
        (pad): ReplicationPad2d((0, 0, 0, 0))
        (conv_layer): Conv2d(3, 3, kernel_size=(1, 1), stride=(1, 1))
        (non_linearity): Identity()
      )
    )
    (global_net): Sequential(
      (0): SynthesisLayer(
        (pad): Identity()
        (conv_layer): SWHDC(
          (conv): Conv2d(2, 3, kernel_size=(3, 3), stride=(1, 1))
        )
        (non_linearity): GELU(approximate='none')
      )
      (1): SynthesisResidualLayer(
        (pad): ReplicationPad2d((0, 0, 0, 0))
        (conv_layer): Conv2d(3, 3, kernel_size=(1, 1), stride=(1, 1))
        (non_linearity): GELU(approximate='none')
      )
      (2): SynthesisResidualLayer(
        (pad): ReplicationPad2d((0, 0, 0, 0))
        (conv_layer): Conv2d(3, 3, kernel_size=(1, 1), stride=(1, 1))
        (non_linearity): GELU(approximate='none')
      )
      (3): SynthesisResidualLayer(
        (pad): ReplicationPad2d((0, 0, 0, 0))
        (conv_layer): Conv2d(3, 3, kernel_size=(1, 1), stride=(1, 1))
        (non_linearity): Identity()
      )
    )
    (agg_func): Sequential(
      (0): SynthesisLayer(
        (pad): ReplicationPad2d((0, 0, 0, 0))
        (conv_layer): Conv2d(18, 3, kernel_size=(1, 1), stride=(1, 1))
        (non_linearity): GELU(approximate='none')
      )
      (1): SynthesisLayer(
        (pad): ReplicationPad2d((0, 0, 0, 0))
        (conv_layer): Conv2d(21, 3, kernel_size=(1, 1), stride=(1, 1))
        (non_linearity): GELU(approximate='none')
      )
      (2): SynthesisLayer(
        (pad): ReplicationPad2d((0, 0, 0, 0))
        (conv_layer): Conv2d(24, 3, kernel_size=(1, 1), stride=(1, 1))
        (non_linearity): GELU(approximate='none')
      )
    )
    (full_net): Sequential(
      (0): SynthesisLayer(
        (pad): ReplicationPad2d((0, 0, 0, 0))
        (conv_layer): Conv2d(7, 12, kernel_size=(1, 1), stride=(1, 1))
        (non_linearity): GELU(approximate='none')
      )
      (1): SynthesisLayer(
        (pad): ReplicationPad2d((0, 0, 0, 0))
        (conv_layer): Conv2d(12, 3, kernel_size=(1, 1), stride=(1, 1))
        (non_linearity): GELU(approximate='none')
      )
      (2): SynthesisResidualLayer(
        (conv_layer): Conv2d(3, 3, kernel_size=(3, 3), stride=(1, 1))
        (non_linearity): GELU(approximate='none')
      )
      (3): SynthesisResidualLayer(
        (conv_layer): Conv2d(3, 3, kernel_size=(3, 3), stride=(1, 1))
        (non_linearity): GELU(approximate='none')
      )
    )
  )
  (modulation_sf): ParameterList(
      (0): Parameter containing: [torch.float32 of size 1x1x8x16 (cuda:0)]
      (1): Parameter containing: [torch.float32 of size 1x1x16x32 (cuda:0)]
      (2): Parameter containing: [torch.float32 of size 1x1x32x64 (cuda:0)]
      (3): Parameter containing: [torch.float32 of size 1x1x64x128 (cuda:0)]
      (4): Parameter containing: [torch.float32 of size 1x1x128x256 (cuda:0)]
      (5): Parameter containing: [torch.float32 of size 1x1x256x512 (cuda:0)]
      (6): Parameter containing: [torch.float32 of size 1x1x512x1024 (cuda:0)]
  )
)
train the 17 -th image
start temperature: 0.3 noise parameter: 2.0
end temperature: 0.1 noise parameter: 1.0
********************Start from stage I
********************going into stage II
eval_object_psnr: 37.34700084407138
eval_background_psnr: 30.39327697849876
eval_background_psnr: 30.39327697849876
********************Evaluation the Image 17-th, after Step 999, BEST PSNR: 29.594737, Print rate 0.128053. *************************
Saved model at ./saved/modbase_7/context_16_arm_mod_16/sparity_0.0/inr_mod_16KODAK_ROI_Global_new_struture_7_12_3_33_orderconcat_operator_0_pw_0.4_img_object17.pth
Trained the image with PSNR: 29.59473713422845  latent bits 0.12805309891700745 latent bits number 67136.703125
[28.114925448955784, 27.75344635449581, 28.104604897360105, 24.80622245686048, 26.096687175464595, 26.0869387216253, 28.602759262492118, 28.698035275313075, 28.724695467332477, 28.86936303082241, 28.781122710934838, 28.282628902398596, 29.184186649476896, 28.941437861342553, 28.925716505673904, 29.41438464014571, 29.702154744810482, 29.59473713422845]
[0.19625774025917053, 0.20048120617866516, 0.2012585699558258, 0.3268035054206848, 0.30659914016723633, 0.29963308572769165, 0.14397549629211426, 0.1350162774324417, 0.14233466982841492, 0.19726350903511047, 0.21638348698616028, 0.23457299172878265, 0.14923088252544403, 0.14882956445217133, 0.15251144766807556, 0.12884807586669922, 0.12686321139335632, 0.12805309891700745]
[102895.578125, 105109.890625, 105517.453125, 171339.15625, 160746.25, 157094.03125, 75484.625, 70787.4140625, 74624.359375, 103422.890625, 113447.265625, 122983.8046875, 78239.9609375, 78029.5546875, 79959.921875, 67553.5, 66512.859375, 67136.703125]
load the model: ./saved/modbase_7/context_16_arm_mod_16/sparity_0.0/inr_mod_16KODAK_ROI_Global_new_struture_7_12_3_33_orderconcat_operator_0_pw_0.4_img_object17.pth for the  17 -th image
********************Evalutation with quantization
********************Starting quantizing models
eval_object_psnr: 35.040194674666246
full_image_psnr: 27.985221085081786
object_psnr: 35.040194674666246
background_psnr: 28.951725994983722
********************Evaluation the Image 17-th, BEST PSNR: 27.985221, Print rate 0.130105, Network rate 0.015329. *************************
eval_wsssim: 0.905986
Decoded image saved to ./experiments/vcip_wssim_tunado_diegoPC/decoded_images/othim18_maskerp_wsmse0_swhdc1_erp1_lambda0.4.png
Evaluate the image: PSNR: 27.985221085081786 All bits: 0.1454346477985382  latent bits: 0.13010528683662415  network bits: 0.015329360961914062
Evaluate arm network bits: 0.0068111419677734375 Evaluate synthesis network bits: 0.008077621459960938
Image All bits num: 76249.640625 latent bits num: 68212.640625 mlp bits num: 8037.0 border bits num:
arm bits num: 3571.0 synthesis bits num: 4235.0
[26.98496290731588, 26.914855757670068, 26.794346067269846, 24.505044114122843, 24.905289311296652, 26.01794850733637, 27.640481035631826, 28.249792959094236, 26.203673447321364, 27.12993714597319, 26.60013784437282, 26.955260398128285, 28.50915572076316, 27.445143896789556, 28.299929587681635, 28.921389483966834, 28.122366251402894, 27.985221085081786]
[0.21442179381847382, 0.21952378749847412, 0.21920588612556458, 0.34355807304382324, 0.32367488741874695, 0.3186313509941101, 0.1611802875995636, 0.1541002094745636, 0.1595911681652069, 0.21465057134628296, 0.2338292896747589, 0.2521454095840454, 0.1672709584236145, 0.16582432389259338, 0.17121845483779907, 0.14735010266304016, 0.14436210691928864, 0.1454346477985382]
[112418.7734375, 115093.6875, 114927.015625, 180123.375, 169698.859375, 167054.59375, 84504.890625, 80792.890625, 83671.734375, 112538.71875, 122593.890625, 132196.8125, 87698.15625, 86939.703125, 89767.78125, 77253.890625, 75687.3203125, 76249.640625]
Metrics saved to ./experiments/vcip_wssim_tunado_diegoPC/results.csv
Current eval Ave PSNR: 27.121385306734403 Ave Bits 0.2086651838488049
Namespace(batch_size=1, lr=0.01, data='../data', sparsity=0.0, local_upsampling_kernel_size=8, upsampling_kernel_size=8, static_upsampling_kernel=False, latent_factor=1, mod_base=7, highest_flag=1, context_arm=16, dim_arm_mod=16, use_candidate=True, type='other', mod_hid_layer=0, sythesis_features=12, hidden_features=64, hidden_layer=2, scale=1, lambda_rate=0.4, lambda_rate_list=[0.4, 0.8], start_index=0, mask_type='erp', wsmse_tag=0, swhdc_tag=1, swhdc_dilations=[1, 2, 3, 4], erp_padding=1, workdir='./experiments/vcip_wssim_tunado_diegoPC', train_steps_1=5000, train_steps_2=1000, loss_type='combined', lambda_dist=0.0, lambda_percep=1.0, patch_h=512, patch_w=1024, all_pix_num=524288, eval_pix_num=524288)
Directory './saved/modbase_7/context_16_arm_mod_16' already exists.
Directory './saved/modbase_7/context_16_arm_mod_16/sparity_0.0' already exists.
top %: 0.0

🔁 Stage-1 Training Candidate 1/7
Quantizer parameter: encoding gain  16
total pixel: 524288
Get Mod with shape torch.Size([1, 1, 8, 16]) at layer: 1
Get Mod with shape torch.Size([1, 1, 16, 32]) at layer: 2
Get Mod with shape torch.Size([1, 1, 32, 64]) at layer: 3
Get Mod with shape torch.Size([1, 1, 64, 128]) at layer: 4
Get Mod with shape torch.Size([1, 1, 128, 256]) at layer: 5
Get Mod with shape torch.Size([1, 1, 256, 512]) at layer: 6
Get Mod with shape torch.Size([1, 1, 512, 1024]) at layer: 7
start temperature: 0.3 noise parameter: 2.0
end temperature: 0.3 noise parameter: 2.0
********************Start from stage I
Step 400, BEST PSNR: 24.290516, Total loss 0.315091 with its rate 0.37752068042755127 latent_bits 197929.5625

🔁 Stage-1 Training Candidate 2/7
Quantizer parameter: encoding gain  16
total pixel: 524288
Get Mod with shape torch.Size([1, 1, 8, 16]) at layer: 1
Get Mod with shape torch.Size([1, 1, 16, 32]) at layer: 2
Get Mod with shape torch.Size([1, 1, 32, 64]) at layer: 3
Get Mod with shape torch.Size([1, 1, 64, 128]) at layer: 4
Get Mod with shape torch.Size([1, 1, 128, 256]) at layer: 5
Get Mod with shape torch.Size([1, 1, 256, 512]) at layer: 6
Get Mod with shape torch.Size([1, 1, 512, 1024]) at layer: 7
start temperature: 0.3 noise parameter: 2.0
end temperature: 0.3 noise parameter: 2.0
********************Start from stage I
Step 400, BEST PSNR: 24.816125, Total loss 0.308813 with its rate 0.3796669840812683 latent_bits 199054.84375

🔁 Stage-1 Training Candidate 3/7
Quantizer parameter: encoding gain  16
total pixel: 524288
Get Mod with shape torch.Size([1, 1, 8, 16]) at layer: 1
Get Mod with shape torch.Size([1, 1, 16, 32]) at layer: 2
Get Mod with shape torch.Size([1, 1, 32, 64]) at layer: 3
Get Mod with shape torch.Size([1, 1, 64, 128]) at layer: 4
Get Mod with shape torch.Size([1, 1, 128, 256]) at layer: 5
Get Mod with shape torch.Size([1, 1, 256, 512]) at layer: 6
Get Mod with shape torch.Size([1, 1, 512, 1024]) at layer: 7
start temperature: 0.3 noise parameter: 2.0
end temperature: 0.3 noise parameter: 2.0
********************Start from stage I
Step 400, BEST PSNR: 25.078512, Total loss 0.307041 with its rate 0.3828088939189911 latent_bits 200702.109375

🔁 Stage-1 Training Candidate 4/7
Quantizer parameter: encoding gain  16
total pixel: 524288
Get Mod with shape torch.Size([1, 1, 8, 16]) at layer: 1
Get Mod with shape torch.Size([1, 1, 16, 32]) at layer: 2
Get Mod with shape torch.Size([1, 1, 32, 64]) at layer: 3
Get Mod with shape torch.Size([1, 1, 64, 128]) at layer: 4
Get Mod with shape torch.Size([1, 1, 128, 256]) at layer: 5
Get Mod with shape torch.Size([1, 1, 256, 512]) at layer: 6
Get Mod with shape torch.Size([1, 1, 512, 1024]) at layer: 7
start temperature: 0.3 noise parameter: 2.0
end temperature: 0.3 noise parameter: 2.0
********************Start from stage I
Step 400, BEST PSNR: 24.906087, Total loss 0.315711 with its rate 0.39899778366088867 latent_bits 209189.75

🔁 Stage-1 Training Candidate 5/7
Quantizer parameter: encoding gain  16
total pixel: 524288
Get Mod with shape torch.Size([1, 1, 8, 16]) at layer: 1
Get Mod with shape torch.Size([1, 1, 16, 32]) at layer: 2
Get Mod with shape torch.Size([1, 1, 32, 64]) at layer: 3
Get Mod with shape torch.Size([1, 1, 64, 128]) at layer: 4
Get Mod with shape torch.Size([1, 1, 128, 256]) at layer: 5
Get Mod with shape torch.Size([1, 1, 256, 512]) at layer: 6
Get Mod with shape torch.Size([1, 1, 512, 1024]) at layer: 7
start temperature: 0.3 noise parameter: 2.0
end temperature: 0.3 noise parameter: 2.0
********************Start from stage I
Step 400, BEST PSNR: 24.515080, Total loss 0.312840 with its rate 0.3845067620277405 latent_bits 201592.28125

🔁 Stage-1 Training Candidate 6/7
Quantizer parameter: encoding gain  16
total pixel: 524288
Get Mod with shape torch.Size([1, 1, 8, 16]) at layer: 1
Get Mod with shape torch.Size([1, 1, 16, 32]) at layer: 2
Get Mod with shape torch.Size([1, 1, 32, 64]) at layer: 3
Get Mod with shape torch.Size([1, 1, 64, 128]) at layer: 4
Get Mod with shape torch.Size([1, 1, 128, 256]) at layer: 5
Get Mod with shape torch.Size([1, 1, 256, 512]) at layer: 6
Get Mod with shape torch.Size([1, 1, 512, 1024]) at layer: 7
start temperature: 0.3 noise parameter: 2.0
end temperature: 0.3 noise parameter: 2.0
********************Start from stage I
Step 400, BEST PSNR: 25.330085, Total loss 0.308856 with its rate 0.38583073019981384 latent_bits 202286.421875

🔁 Stage-1 Training Candidate 7/7
Quantizer parameter: encoding gain  16
total pixel: 524288
Get Mod with shape torch.Size([1, 1, 8, 16]) at layer: 1
Get Mod with shape torch.Size([1, 1, 16, 32]) at layer: 2
Get Mod with shape torch.Size([1, 1, 32, 64]) at layer: 3
Get Mod with shape torch.Size([1, 1, 64, 128]) at layer: 4
Get Mod with shape torch.Size([1, 1, 128, 256]) at layer: 5
Get Mod with shape torch.Size([1, 1, 256, 512]) at layer: 6
Get Mod with shape torch.Size([1, 1, 512, 1024]) at layer: 7
start temperature: 0.3 noise parameter: 2.0
end temperature: 0.3 noise parameter: 2.0
********************Start from stage I
Step 400, BEST PSNR: 24.681517, Total loss 0.311463 with its rate 0.38124924898147583 latent_bits 199884.40625

🌟 Selected Top-3 Candidates by RD cost

🎯 Stage-2 Refining Candidate 1/3
start temperature: 0.3 noise parameter: 2.0
end temperature: 0.3 noise parameter: 2.0
********************Start from stage I
Step 400, BEST PSNR: 25.610015, Total loss 0.310656 with its rate 0.40925005078315735 latent_bits 214564.890625

🎯 Stage-2 Refining Candidate 2/3
start temperature: 0.3 noise parameter: 2.0
end temperature: 0.3 noise parameter: 2.0
********************Start from stage I
Step 400, BEST PSNR: 25.535184, Total loss 0.313001 with its rate 0.41131800413131714 latent_bits 215649.09375

🎯 Stage-2 Refining Candidate 3/3
start temperature: 0.3 noise parameter: 2.0
end temperature: 0.3 noise parameter: 2.0
********************Start from stage I
Step 400, BEST PSNR: 25.728059, Total loss 0.307655 with its rate 0.4056437611579895 latent_bits 212674.15625

🏆 Best Candidate Final PSNR: 25.73, Rate: 0.4056
Masked_INR(
  (upsampling_2d): Upsampling(
    (conv_transpose2d): UpsamplingConvTranspose2d()
  )
  (arm): Arm(
    (mlp): Sequential(
      (0): ArmConv(
        (conv1_1): Conv1d(16, 16, kernel_size=(1,), stride=(1,))
      )
      (1): GELU(approximate='none')
      (2): ArmConv(
        (conv1_1): Conv1d(16, 16, kernel_size=(1,), stride=(1,))
      )
      (3): GELU(approximate='none')
      (4): ArmConv(
        (conv1_1): Conv1d(16, 2, kernel_size=(1,), stride=(1,))
      )
    )
  )
  (conv_mod): LocalGlobalBlock(
    (net): Sequential(
      (0): SynthesisLayer(
        (pad): Identity()
        (conv_layer): SWHDC(
          (conv): Conv2d(2, 3, kernel_size=(3, 3), stride=(1, 1))
        )
        (non_linearity): GELU(approximate='none')
      )
      (1): SynthesisResidualLayer(
        (pad): ReplicationPad2d((0, 0, 0, 0))
        (conv_layer): Conv2d(3, 3, kernel_size=(1, 1), stride=(1, 1))
        (non_linearity): GELU(approximate='none')
      )
      (2): SynthesisResidualLayer(
        (pad): ReplicationPad2d((0, 0, 0, 0))
        (conv_layer): Conv2d(3, 3, kernel_size=(1, 1), stride=(1, 1))
        (non_linearity): GELU(approximate='none')
      )
      (3): SynthesisResidualLayer(
        (pad): ReplicationPad2d((0, 0, 0, 0))
        (conv_layer): Conv2d(3, 3, kernel_size=(1, 1), stride=(1, 1))
        (non_linearity): Identity()
      )
    )
    (global_net): Sequential(
      (0): SynthesisLayer(
        (pad): Identity()
        (conv_layer): SWHDC(
          (conv): Conv2d(2, 3, kernel_size=(3, 3), stride=(1, 1))
        )
        (non_linearity): GELU(approximate='none')
      )
      (1): SynthesisResidualLayer(
        (pad): ReplicationPad2d((0, 0, 0, 0))
        (conv_layer): Conv2d(3, 3, kernel_size=(1, 1), stride=(1, 1))
        (non_linearity): GELU(approximate='none')
      )
      (2): SynthesisResidualLayer(
        (pad): ReplicationPad2d((0, 0, 0, 0))
        (conv_layer): Conv2d(3, 3, kernel_size=(1, 1), stride=(1, 1))
        (non_linearity): GELU(approximate='none')
      )
      (3): SynthesisResidualLayer(
        (pad): ReplicationPad2d((0, 0, 0, 0))
        (conv_layer): Conv2d(3, 3, kernel_size=(1, 1), stride=(1, 1))
        (non_linearity): Identity()
      )
    )
    (agg_func): Sequential(
      (0): SynthesisLayer(
        (pad): ReplicationPad2d((0, 0, 0, 0))
        (conv_layer): Conv2d(18, 3, kernel_size=(1, 1), stride=(1, 1))
        (non_linearity): GELU(approximate='none')
      )
      (1): SynthesisLayer(
        (pad): ReplicationPad2d((0, 0, 0, 0))
        (conv_layer): Conv2d(21, 3, kernel_size=(1, 1), stride=(1, 1))
        (non_linearity): GELU(approximate='none')
      )
      (2): SynthesisLayer(
        (pad): ReplicationPad2d((0, 0, 0, 0))
        (conv_layer): Conv2d(24, 3, kernel_size=(1, 1), stride=(1, 1))
        (non_linearity): GELU(approximate='none')
      )
    )
    (full_net): Sequential(
      (0): SynthesisLayer(
        (pad): ReplicationPad2d((0, 0, 0, 0))
        (conv_layer): Conv2d(7, 12, kernel_size=(1, 1), stride=(1, 1))
        (non_linearity): GELU(approximate='none')
      )
      (1): SynthesisLayer(
        (pad): ReplicationPad2d((0, 0, 0, 0))
        (conv_layer): Conv2d(12, 3, kernel_size=(1, 1), stride=(1, 1))
        (non_linearity): GELU(approximate='none')
      )
      (2): SynthesisResidualLayer(
        (conv_layer): Conv2d(3, 3, kernel_size=(3, 3), stride=(1, 1))
        (non_linearity): GELU(approximate='none')
      )
      (3): SynthesisResidualLayer(
        (conv_layer): Conv2d(3, 3, kernel_size=(3, 3), stride=(1, 1))
        (non_linearity): GELU(approximate='none')
      )
    )
  )
  (modulation_sf): ParameterList(
      (0): Parameter containing: [torch.float32 of size 1x1x8x16 (cuda:0)]
      (1): Parameter containing: [torch.float32 of size 1x1x16x32 (cuda:0)]
      (2): Parameter containing: [torch.float32 of size 1x1x32x64 (cuda:0)]
      (3): Parameter containing: [torch.float32 of size 1x1x64x128 (cuda:0)]
      (4): Parameter containing: [torch.float32 of size 1x1x128x256 (cuda:0)]
      (5): Parameter containing: [torch.float32 of size 1x1x256x512 (cuda:0)]
      (6): Parameter containing: [torch.float32 of size 1x1x512x1024 (cuda:0)]
  )
)
train the 18 -th image
start temperature: 0.3 noise parameter: 2.0
end temperature: 0.1 noise parameter: 1.0
********************Start from stage I
********************going into stage II
eval_object_psnr: 31.785835325341623
eval_background_psnr: 27.627415535860155
eval_background_psnr: 27.627415535860155
********************Evaluation the Image 18-th, after Step 999, BEST PSNR: 26.215375, Print rate 0.289155. *************************
Saved model at ./saved/modbase_7/context_16_arm_mod_16/sparity_0.0/inr_mod_16KODAK_ROI_Global_new_struture_7_12_3_33_orderconcat_operator_0_pw_0.4_img_object18.pth
Trained the image with PSNR: 26.215374537965875  latent bits 0.2891550362110138 latent bits number 151600.515625
[28.114925448955784, 27.75344635449581, 28.104604897360105, 24.80622245686048, 26.096687175464595, 26.0869387216253, 28.602759262492118, 28.698035275313075, 28.724695467332477, 28.86936303082241, 28.781122710934838, 28.282628902398596, 29.184186649476896, 28.941437861342553, 28.925716505673904, 29.41438464014571, 29.702154744810482, 29.59473713422845, 26.215374537965875]
[0.19625774025917053, 0.20048120617866516, 0.2012585699558258, 0.3268035054206848, 0.30659914016723633, 0.29963308572769165, 0.14397549629211426, 0.1350162774324417, 0.14233466982841492, 0.19726350903511047, 0.21638348698616028, 0.23457299172878265, 0.14923088252544403, 0.14882956445217133, 0.15251144766807556, 0.12884807586669922, 0.12686321139335632, 0.12805309891700745, 0.2891550362110138]
[102895.578125, 105109.890625, 105517.453125, 171339.15625, 160746.25, 157094.03125, 75484.625, 70787.4140625, 74624.359375, 103422.890625, 113447.265625, 122983.8046875, 78239.9609375, 78029.5546875, 79959.921875, 67553.5, 66512.859375, 67136.703125, 151600.515625]
load the model: ./saved/modbase_7/context_16_arm_mod_16/sparity_0.0/inr_mod_16KODAK_ROI_Global_new_struture_7_12_3_33_orderconcat_operator_0_pw_0.4_img_object18.pth for the  18 -th image
********************Evalutation with quantization
********************Starting quantizing models
eval_object_psnr: 30.868728784549358
full_image_psnr: 25.560771307524863
object_psnr: 30.868728784549358
background_psnr: 27.08554157707648
********************Evaluation the Image 18-th, BEST PSNR: 25.560771, Print rate 0.289470, Network rate 0.017349. *************************
eval_wsssim: 0.857721
Decoded image saved to ./experiments/vcip_wssim_tunado_diegoPC/decoded_images/othim19_maskerp_wsmse0_swhdc1_erp1_lambda0.4.png
Evaluate the image: PSNR: 25.560771307524863 All bits: 0.3068193793296814  latent bits: 0.2894701361656189  network bits: 0.0173492431640625
Evaluate arm network bits: 0.008983612060546875 Evaluate synthesis network bits: 0.007781982421875
Image All bits num: 160861.71875 latent bits num: 151765.71875 mlp bits num: 9096.0 border bits num:
arm bits num: 4710.0 synthesis bits num: 4080.0
[26.98496290731588, 26.914855757670068, 26.794346067269846, 24.505044114122843, 24.905289311296652, 26.01794850733637, 27.640481035631826, 28.249792959094236, 26.203673447321364, 27.12993714597319, 26.60013784437282, 26.955260398128285, 28.50915572076316, 27.445143896789556, 28.299929587681635, 28.921389483966834, 28.122366251402894, 27.985221085081786, 25.560771307524863]
[0.21442179381847382, 0.21952378749847412, 0.21920588612556458, 0.34355807304382324, 0.32367488741874695, 0.3186313509941101, 0.1611802875995636, 0.1541002094745636, 0.1595911681652069, 0.21465057134628296, 0.2338292896747589, 0.2521454095840454, 0.1672709584236145, 0.16582432389259338, 0.17121845483779907, 0.14735010266304016, 0.14436210691928864, 0.1454346477985382, 0.3068193793296814]
[112418.7734375, 115093.6875, 114927.015625, 180123.375, 169698.859375, 167054.59375, 84504.890625, 80792.890625, 83671.734375, 112538.71875, 122593.890625, 132196.8125, 87698.15625, 86939.703125, 89767.78125, 77253.890625, 75687.3203125, 76249.640625, 160861.71875]
Metrics saved to ./experiments/vcip_wssim_tunado_diegoPC/results.csv
Current eval Ave PSNR: 27.039247727828638 Ave Bits 0.21383119413727208
Namespace(batch_size=1, lr=0.01, data='../data', sparsity=0.0, local_upsampling_kernel_size=8, upsampling_kernel_size=8, static_upsampling_kernel=False, latent_factor=1, mod_base=7, highest_flag=1, context_arm=16, dim_arm_mod=16, use_candidate=True, type='other', mod_hid_layer=0, sythesis_features=12, hidden_features=64, hidden_layer=2, scale=1, lambda_rate=0.4, lambda_rate_list=[0.4, 0.8], start_index=0, mask_type='erp', wsmse_tag=0, swhdc_tag=1, swhdc_dilations=[1, 2, 3, 4], erp_padding=1, workdir='./experiments/vcip_wssim_tunado_diegoPC', train_steps_1=5000, train_steps_2=1000, loss_type='combined', lambda_dist=0.0, lambda_percep=1.0, patch_h=512, patch_w=1024, all_pix_num=524288, eval_pix_num=524288)
Directory './saved/modbase_7/context_16_arm_mod_16' already exists.
Directory './saved/modbase_7/context_16_arm_mod_16/sparity_0.0' already exists.
top %: 0.0

🔁 Stage-1 Training Candidate 1/7
Quantizer parameter: encoding gain  16
total pixel: 524288
Get Mod with shape torch.Size([1, 1, 8, 16]) at layer: 1
Get Mod with shape torch.Size([1, 1, 16, 32]) at layer: 2
Get Mod with shape torch.Size([1, 1, 32, 64]) at layer: 3
Get Mod with shape torch.Size([1, 1, 64, 128]) at layer: 4
Get Mod with shape torch.Size([1, 1, 128, 256]) at layer: 5
Get Mod with shape torch.Size([1, 1, 256, 512]) at layer: 6
Get Mod with shape torch.Size([1, 1, 512, 1024]) at layer: 7
start temperature: 0.3 noise parameter: 2.0
end temperature: 0.3 noise parameter: 2.0
********************Start from stage I
Step 400, BEST PSNR: 25.299608, Total loss 0.312549 with its rate 0.3915824890136719 latent_bits 205302.0

🔁 Stage-1 Training Candidate 2/7
Quantizer parameter: encoding gain  16
total pixel: 524288
Get Mod with shape torch.Size([1, 1, 8, 16]) at layer: 1
Get Mod with shape torch.Size([1, 1, 16, 32]) at layer: 2
Get Mod with shape torch.Size([1, 1, 32, 64]) at layer: 3
Get Mod with shape torch.Size([1, 1, 64, 128]) at layer: 4
Get Mod with shape torch.Size([1, 1, 128, 256]) at layer: 5
Get Mod with shape torch.Size([1, 1, 256, 512]) at layer: 6
Get Mod with shape torch.Size([1, 1, 512, 1024]) at layer: 7
start temperature: 0.3 noise parameter: 2.0
end temperature: 0.3 noise parameter: 2.0
********************Start from stage I
Step 400, BEST PSNR: 24.936561, Total loss 0.317220 with its rate 0.3984907269477844 latent_bits 208923.90625

🔁 Stage-1 Training Candidate 3/7
Quantizer parameter: encoding gain  16
total pixel: 524288
Get Mod with shape torch.Size([1, 1, 8, 16]) at layer: 1
Get Mod with shape torch.Size([1, 1, 16, 32]) at layer: 2
Get Mod with shape torch.Size([1, 1, 32, 64]) at layer: 3
Get Mod with shape torch.Size([1, 1, 64, 128]) at layer: 4
Get Mod with shape torch.Size([1, 1, 128, 256]) at layer: 5
Get Mod with shape torch.Size([1, 1, 256, 512]) at layer: 6
Get Mod with shape torch.Size([1, 1, 512, 1024]) at layer: 7
start temperature: 0.3 noise parameter: 2.0
end temperature: 0.3 noise parameter: 2.0
********************Start from stage I
Step 400, BEST PSNR: 24.720696, Total loss 0.314146 with its rate 0.3891202211380005 latent_bits 204011.0625

🔁 Stage-1 Training Candidate 4/7
Quantizer parameter: encoding gain  16
total pixel: 524288
Get Mod with shape torch.Size([1, 1, 8, 16]) at layer: 1
Get Mod with shape torch.Size([1, 1, 16, 32]) at layer: 2
Get Mod with shape torch.Size([1, 1, 32, 64]) at layer: 3
Get Mod with shape torch.Size([1, 1, 64, 128]) at layer: 4
Get Mod with shape torch.Size([1, 1, 128, 256]) at layer: 5
Get Mod with shape torch.Size([1, 1, 256, 512]) at layer: 6
Get Mod with shape torch.Size([1, 1, 512, 1024]) at layer: 7
start temperature: 0.3 noise parameter: 2.0
end temperature: 0.3 noise parameter: 2.0
********************Start from stage I
Step 400, BEST PSNR: 24.719360, Total loss 0.324909 with its rate 0.39785605669021606 latent_bits 208591.15625

🔁 Stage-1 Training Candidate 5/7
Quantizer parameter: encoding gain  16
total pixel: 524288
Get Mod with shape torch.Size([1, 1, 8, 16]) at layer: 1
Get Mod with shape torch.Size([1, 1, 16, 32]) at layer: 2
Get Mod with shape torch.Size([1, 1, 32, 64]) at layer: 3
Get Mod with shape torch.Size([1, 1, 64, 128]) at layer: 4
Get Mod with shape torch.Size([1, 1, 128, 256]) at layer: 5
Get Mod with shape torch.Size([1, 1, 256, 512]) at layer: 6
Get Mod with shape torch.Size([1, 1, 512, 1024]) at layer: 7
start temperature: 0.3 noise parameter: 2.0
end temperature: 0.3 noise parameter: 2.0
********************Start from stage I
Step 400, BEST PSNR: 24.670709, Total loss 0.317266 with its rate 0.3833695650100708 latent_bits 200996.0625

🔁 Stage-1 Training Candidate 6/7
Quantizer parameter: encoding gain  16
total pixel: 524288
Get Mod with shape torch.Size([1, 1, 8, 16]) at layer: 1
Get Mod with shape torch.Size([1, 1, 16, 32]) at layer: 2
Get Mod with shape torch.Size([1, 1, 32, 64]) at layer: 3
Get Mod with shape torch.Size([1, 1, 64, 128]) at layer: 4
Get Mod with shape torch.Size([1, 1, 128, 256]) at layer: 5
Get Mod with shape torch.Size([1, 1, 256, 512]) at layer: 6
Get Mod with shape torch.Size([1, 1, 512, 1024]) at layer: 7
start temperature: 0.3 noise parameter: 2.0
end temperature: 0.3 noise parameter: 2.0
********************Start from stage I
Step 400, BEST PSNR: 25.021401, Total loss 0.314866 with its rate 0.3795952796936035 latent_bits 199017.25

🔁 Stage-1 Training Candidate 7/7
Quantizer parameter: encoding gain  16
total pixel: 524288
Get Mod with shape torch.Size([1, 1, 8, 16]) at layer: 1
Get Mod with shape torch.Size([1, 1, 16, 32]) at layer: 2
Get Mod with shape torch.Size([1, 1, 32, 64]) at layer: 3
Get Mod with shape torch.Size([1, 1, 64, 128]) at layer: 4
Get Mod with shape torch.Size([1, 1, 128, 256]) at layer: 5
Get Mod with shape torch.Size([1, 1, 256, 512]) at layer: 6
Get Mod with shape torch.Size([1, 1, 512, 1024]) at layer: 7
start temperature: 0.3 noise parameter: 2.0
end temperature: 0.3 noise parameter: 2.0
********************Start from stage I
Step 400, BEST PSNR: 25.068125, Total loss 0.312046 with its rate 0.3810915946960449 latent_bits 199801.75

🌟 Selected Top-3 Candidates by RD cost

🎯 Stage-2 Refining Candidate 1/3
start temperature: 0.3 noise parameter: 2.0
end temperature: 0.3 noise parameter: 2.0
********************Start from stage I
Step 400, BEST PSNR: 25.530451, Total loss 0.313837 with its rate 0.41423499584198 latent_bits 217178.4375

🎯 Stage-2 Refining Candidate 2/3
start temperature: 0.3 noise parameter: 2.0
end temperature: 0.3 noise parameter: 2.0
********************Start from stage I
Step 400, BEST PSNR: 25.756269, Total loss 0.313399 with its rate 0.41554874181747437 latent_bits 217867.21875

🎯 Stage-2 Refining Candidate 3/3
start temperature: 0.3 noise parameter: 2.0
end temperature: 0.3 noise parameter: 2.0
********************Start from stage I
Step 400, BEST PSNR: 25.533147, Total loss 0.314312 with its rate 0.41433244943618774 latent_bits 217229.53125

🏆 Best Candidate Final PSNR: 25.76, Rate: 0.4155
Masked_INR(
  (upsampling_2d): Upsampling(
    (conv_transpose2d): UpsamplingConvTranspose2d()
  )
  (arm): Arm(
    (mlp): Sequential(
      (0): ArmConv(
        (conv1_1): Conv1d(16, 16, kernel_size=(1,), stride=(1,))
      )
      (1): GELU(approximate='none')
      (2): ArmConv(
        (conv1_1): Conv1d(16, 16, kernel_size=(1,), stride=(1,))
      )
      (3): GELU(approximate='none')
      (4): ArmConv(
        (conv1_1): Conv1d(16, 2, kernel_size=(1,), stride=(1,))
      )
    )
  )
  (conv_mod): LocalGlobalBlock(
    (net): Sequential(
      (0): SynthesisLayer(
        (pad): Identity()
        (conv_layer): SWHDC(
          (conv): Conv2d(2, 3, kernel_size=(3, 3), stride=(1, 1))
        )
        (non_linearity): GELU(approximate='none')
      )
      (1): SynthesisResidualLayer(
        (pad): ReplicationPad2d((0, 0, 0, 0))
        (conv_layer): Conv2d(3, 3, kernel_size=(1, 1), stride=(1, 1))
        (non_linearity): GELU(approximate='none')
      )
      (2): SynthesisResidualLayer(
        (pad): ReplicationPad2d((0, 0, 0, 0))
        (conv_layer): Conv2d(3, 3, kernel_size=(1, 1), stride=(1, 1))
        (non_linearity): GELU(approximate='none')
      )
      (3): SynthesisResidualLayer(
        (pad): ReplicationPad2d((0, 0, 0, 0))
        (conv_layer): Conv2d(3, 3, kernel_size=(1, 1), stride=(1, 1))
        (non_linearity): Identity()
      )
    )
    (global_net): Sequential(
      (0): SynthesisLayer(
        (pad): Identity()
        (conv_layer): SWHDC(
          (conv): Conv2d(2, 3, kernel_size=(3, 3), stride=(1, 1))
        )
        (non_linearity): GELU(approximate='none')
      )
      (1): SynthesisResidualLayer(
        (pad): ReplicationPad2d((0, 0, 0, 0))
        (conv_layer): Conv2d(3, 3, kernel_size=(1, 1), stride=(1, 1))
        (non_linearity): GELU(approximate='none')
      )
      (2): SynthesisResidualLayer(
        (pad): ReplicationPad2d((0, 0, 0, 0))
        (conv_layer): Conv2d(3, 3, kernel_size=(1, 1), stride=(1, 1))
        (non_linearity): GELU(approximate='none')
      )
      (3): SynthesisResidualLayer(
        (pad): ReplicationPad2d((0, 0, 0, 0))
        (conv_layer): Conv2d(3, 3, kernel_size=(1, 1), stride=(1, 1))
        (non_linearity): Identity()
      )
    )
    (agg_func): Sequential(
      (0): SynthesisLayer(
        (pad): ReplicationPad2d((0, 0, 0, 0))
        (conv_layer): Conv2d(18, 3, kernel_size=(1, 1), stride=(1, 1))
        (non_linearity): GELU(approximate='none')
      )
      (1): SynthesisLayer(
        (pad): ReplicationPad2d((0, 0, 0, 0))
        (conv_layer): Conv2d(21, 3, kernel_size=(1, 1), stride=(1, 1))
        (non_linearity): GELU(approximate='none')
      )
      (2): SynthesisLayer(
        (pad): ReplicationPad2d((0, 0, 0, 0))
        (conv_layer): Conv2d(24, 3, kernel_size=(1, 1), stride=(1, 1))
        (non_linearity): GELU(approximate='none')
      )
    )
    (full_net): Sequential(
      (0): SynthesisLayer(
        (pad): ReplicationPad2d((0, 0, 0, 0))
        (conv_layer): Conv2d(7, 12, kernel_size=(1, 1), stride=(1, 1))
        (non_linearity): GELU(approximate='none')
      )
      (1): SynthesisLayer(
        (pad): ReplicationPad2d((0, 0, 0, 0))
        (conv_layer): Conv2d(12, 3, kernel_size=(1, 1), stride=(1, 1))
        (non_linearity): GELU(approximate='none')
      )
      (2): SynthesisResidualLayer(
        (conv_layer): Conv2d(3, 3, kernel_size=(3, 3), stride=(1, 1))
        (non_linearity): GELU(approximate='none')
      )
      (3): SynthesisResidualLayer(
        (conv_layer): Conv2d(3, 3, kernel_size=(3, 3), stride=(1, 1))
        (non_linearity): GELU(approximate='none')
      )
    )
  )
  (modulation_sf): ParameterList(
      (0): Parameter containing: [torch.float32 of size 1x1x8x16 (cuda:0)]
      (1): Parameter containing: [torch.float32 of size 1x1x16x32 (cuda:0)]
      (2): Parameter containing: [torch.float32 of size 1x1x32x64 (cuda:0)]
      (3): Parameter containing: [torch.float32 of size 1x1x64x128 (cuda:0)]
      (4): Parameter containing: [torch.float32 of size 1x1x128x256 (cuda:0)]
      (5): Parameter containing: [torch.float32 of size 1x1x256x512 (cuda:0)]
      (6): Parameter containing: [torch.float32 of size 1x1x512x1024 (cuda:0)]
  )
)
train the 19 -th image
start temperature: 0.3 noise parameter: 2.0
end temperature: 0.1 noise parameter: 1.0
********************Start from stage I
********************going into stage II
eval_object_psnr: 31.854392297279617
eval_background_psnr: 27.635608942487682
eval_background_psnr: 27.635608942487682
********************Evaluation the Image 19-th, after Step 999, BEST PSNR: 26.239135, Print rate 0.294110. *************************
Saved model at ./saved/modbase_7/context_16_arm_mod_16/sparity_0.0/inr_mod_16KODAK_ROI_Global_new_struture_7_12_3_33_orderconcat_operator_0_pw_0.4_img_object19.pth
Trained the image with PSNR: 26.239135180586633  latent bits 0.2941104471683502 latent bits number 154198.578125
[28.114925448955784, 27.75344635449581, 28.104604897360105, 24.80622245686048, 26.096687175464595, 26.0869387216253, 28.602759262492118, 28.698035275313075, 28.724695467332477, 28.86936303082241, 28.781122710934838, 28.282628902398596, 29.184186649476896, 28.941437861342553, 28.925716505673904, 29.41438464014571, 29.702154744810482, 29.59473713422845, 26.215374537965875, 26.239135180586633]
[0.19625774025917053, 0.20048120617866516, 0.2012585699558258, 0.3268035054206848, 0.30659914016723633, 0.29963308572769165, 0.14397549629211426, 0.1350162774324417, 0.14233466982841492, 0.19726350903511047, 0.21638348698616028, 0.23457299172878265, 0.14923088252544403, 0.14882956445217133, 0.15251144766807556, 0.12884807586669922, 0.12686321139335632, 0.12805309891700745, 0.2891550362110138, 0.2941104471683502]
[102895.578125, 105109.890625, 105517.453125, 171339.15625, 160746.25, 157094.03125, 75484.625, 70787.4140625, 74624.359375, 103422.890625, 113447.265625, 122983.8046875, 78239.9609375, 78029.5546875, 79959.921875, 67553.5, 66512.859375, 67136.703125, 151600.515625, 154198.578125]
load the model: ./saved/modbase_7/context_16_arm_mod_16/sparity_0.0/inr_mod_16KODAK_ROI_Global_new_struture_7_12_3_33_orderconcat_operator_0_pw_0.4_img_object19.pth for the  19 -th image
********************Evalutation with quantization
********************Starting quantizing models
eval_object_psnr: 30.661146100215415
full_image_psnr: 25.376369368048305
object_psnr: 30.661146100215415
background_psnr: 26.905018362799684
********************Evaluation the Image 19-th, BEST PSNR: 25.376369, Print rate 0.294444, Network rate 0.017408. *************************
eval_wsssim: 0.846540
Decoded image saved to ./experiments/vcip_wssim_tunado_diegoPC/decoded_images/othim20_maskerp_wsmse0_swhdc1_erp1_lambda0.4.png
Evaluate the image: PSNR: 25.376369368048305 All bits: 0.3118520975112915  latent bits: 0.2944437265396118  network bits: 0.017408370971679688
Evaluate arm network bits: 0.009035110473632812 Evaluate synthesis network bits: 0.007905960083007812
Image All bits num: 163500.3125 latent bits num: 154373.3125 mlp bits num: 9127.0 border bits num:
arm bits num: 4737.0 synthesis bits num: 4145.0
[26.98496290731588, 26.914855757670068, 26.794346067269846, 24.505044114122843, 24.905289311296652, 26.01794850733637, 27.640481035631826, 28.249792959094236, 26.203673447321364, 27.12993714597319, 26.60013784437282, 26.955260398128285, 28.50915572076316, 27.445143896789556, 28.299929587681635, 28.921389483966834, 28.122366251402894, 27.985221085081786, 25.560771307524863, 25.376369368048305]
[0.21442179381847382, 0.21952378749847412, 0.21920588612556458, 0.34355807304382324, 0.32367488741874695, 0.3186313509941101, 0.1611802875995636, 0.1541002094745636, 0.1595911681652069, 0.21465057134628296, 0.2338292896747589, 0.2521454095840454, 0.1672709584236145, 0.16582432389259338, 0.17121845483779907, 0.14735010266304016, 0.14436210691928864, 0.1454346477985382, 0.3068193793296814, 0.3118520975112915]
[112418.7734375, 115093.6875, 114927.015625, 180123.375, 169698.859375, 167054.59375, 84504.890625, 80792.890625, 83671.734375, 112538.71875, 122593.890625, 132196.8125, 87698.15625, 86939.703125, 89767.78125, 77253.890625, 75687.3203125, 76249.640625, 160861.71875, 163500.3125]
Metrics saved to ./experiments/vcip_wssim_tunado_diegoPC/results.csv
Current eval Ave PSNR: 26.956103809839625 Ave Bits 0.21873223930597305
Namespace(batch_size=1, lr=0.01, data='../data', sparsity=0.0, local_upsampling_kernel_size=8, upsampling_kernel_size=8, static_upsampling_kernel=False, latent_factor=1, mod_base=7, highest_flag=1, context_arm=16, dim_arm_mod=16, use_candidate=True, type='other', mod_hid_layer=0, sythesis_features=12, hidden_features=64, hidden_layer=2, scale=1, lambda_rate=0.4, lambda_rate_list=[0.4, 0.8], start_index=0, mask_type='erp', wsmse_tag=0, swhdc_tag=1, swhdc_dilations=[1, 2, 3, 4], erp_padding=1, workdir='./experiments/vcip_wssim_tunado_diegoPC', train_steps_1=5000, train_steps_2=1000, loss_type='combined', lambda_dist=0.0, lambda_percep=1.0, patch_h=512, patch_w=1024, all_pix_num=524288, eval_pix_num=524288)
Directory './saved/modbase_7/context_16_arm_mod_16' already exists.
Directory './saved/modbase_7/context_16_arm_mod_16/sparity_0.0' already exists.
top %: 0.0

🔁 Stage-1 Training Candidate 1/7
Quantizer parameter: encoding gain  16
total pixel: 524288
Get Mod with shape torch.Size([1, 1, 8, 16]) at layer: 1
Get Mod with shape torch.Size([1, 1, 16, 32]) at layer: 2
Get Mod with shape torch.Size([1, 1, 32, 64]) at layer: 3
Get Mod with shape torch.Size([1, 1, 64, 128]) at layer: 4
Get Mod with shape torch.Size([1, 1, 128, 256]) at layer: 5
Get Mod with shape torch.Size([1, 1, 256, 512]) at layer: 6
Get Mod with shape torch.Size([1, 1, 512, 1024]) at layer: 7
start temperature: 0.3 noise parameter: 2.0
end temperature: 0.3 noise parameter: 2.0
********************Start from stage I
Step 400, BEST PSNR: 24.191744, Total loss 0.322583 with its rate 0.39330190420150757 latent_bits 206203.46875

🔁 Stage-1 Training Candidate 2/7
Quantizer parameter: encoding gain  16
total pixel: 524288
Get Mod with shape torch.Size([1, 1, 8, 16]) at layer: 1
Get Mod with shape torch.Size([1, 1, 16, 32]) at layer: 2
Get Mod with shape torch.Size([1, 1, 32, 64]) at layer: 3
Get Mod with shape torch.Size([1, 1, 64, 128]) at layer: 4
Get Mod with shape torch.Size([1, 1, 128, 256]) at layer: 5
Get Mod with shape torch.Size([1, 1, 256, 512]) at layer: 6
Get Mod with shape torch.Size([1, 1, 512, 1024]) at layer: 7
start temperature: 0.3 noise parameter: 2.0
end temperature: 0.3 noise parameter: 2.0
********************Start from stage I
Step 400, BEST PSNR: 24.951339, Total loss 0.319501 with its rate 0.38515040278434753 latent_bits 201929.734375

🔁 Stage-1 Training Candidate 3/7
Quantizer parameter: encoding gain  16
total pixel: 524288
Get Mod with shape torch.Size([1, 1, 8, 16]) at layer: 1
Get Mod with shape torch.Size([1, 1, 16, 32]) at layer: 2
Get Mod with shape torch.Size([1, 1, 32, 64]) at layer: 3
Get Mod with shape torch.Size([1, 1, 64, 128]) at layer: 4
Get Mod with shape torch.Size([1, 1, 128, 256]) at layer: 5
Get Mod with shape torch.Size([1, 1, 256, 512]) at layer: 6
Get Mod with shape torch.Size([1, 1, 512, 1024]) at layer: 7
start temperature: 0.3 noise parameter: 2.0
end temperature: 0.3 noise parameter: 2.0
********************Start from stage I
Step 400, BEST PSNR: 25.142544, Total loss 0.314595 with its rate 0.39004164934158325 latent_bits 204494.15625

🔁 Stage-1 Training Candidate 4/7
Quantizer parameter: encoding gain  16
total pixel: 524288
Get Mod with shape torch.Size([1, 1, 8, 16]) at layer: 1
Get Mod with shape torch.Size([1, 1, 16, 32]) at layer: 2
Get Mod with shape torch.Size([1, 1, 32, 64]) at layer: 3
Get Mod with shape torch.Size([1, 1, 64, 128]) at layer: 4
Get Mod with shape torch.Size([1, 1, 128, 256]) at layer: 5
Get Mod with shape torch.Size([1, 1, 256, 512]) at layer: 6
Get Mod with shape torch.Size([1, 1, 512, 1024]) at layer: 7
start temperature: 0.3 noise parameter: 2.0
end temperature: 0.3 noise parameter: 2.0
********************Start from stage I
Step 400, BEST PSNR: 24.664570, Total loss 0.315448 with its rate 0.39860308170318604 latent_bits 208982.8125

🔁 Stage-1 Training Candidate 5/7
Quantizer parameter: encoding gain  16
total pixel: 524288
Get Mod with shape torch.Size([1, 1, 8, 16]) at layer: 1
Get Mod with shape torch.Size([1, 1, 16, 32]) at layer: 2
Get Mod with shape torch.Size([1, 1, 32, 64]) at layer: 3
Get Mod with shape torch.Size([1, 1, 64, 128]) at layer: 4
Get Mod with shape torch.Size([1, 1, 128, 256]) at layer: 5
Get Mod with shape torch.Size([1, 1, 256, 512]) at layer: 6
Get Mod with shape torch.Size([1, 1, 512, 1024]) at layer: 7
start temperature: 0.3 noise parameter: 2.0
end temperature: 0.3 noise parameter: 2.0
********************Start from stage I
Step 400, BEST PSNR: 24.274208, Total loss 0.316077 with its rate 0.38094189763069153 latent_bits 199723.265625

🔁 Stage-1 Training Candidate 6/7
Quantizer parameter: encoding gain  16
total pixel: 524288
Get Mod with shape torch.Size([1, 1, 8, 16]) at layer: 1
Get Mod with shape torch.Size([1, 1, 16, 32]) at layer: 2
Get Mod with shape torch.Size([1, 1, 32, 64]) at layer: 3
Get Mod with shape torch.Size([1, 1, 64, 128]) at layer: 4
Get Mod with shape torch.Size([1, 1, 128, 256]) at layer: 5
Get Mod with shape torch.Size([1, 1, 256, 512]) at layer: 6
Get Mod with shape torch.Size([1, 1, 512, 1024]) at layer: 7
start temperature: 0.3 noise parameter: 2.0
end temperature: 0.3 noise parameter: 2.0
********************Start from stage I
Step 400, BEST PSNR: 25.103455, Total loss 0.307541 with its rate 0.3795037865638733 latent_bits 198969.28125

🔁 Stage-1 Training Candidate 7/7
Quantizer parameter: encoding gain  16
total pixel: 524288
Get Mod with shape torch.Size([1, 1, 8, 16]) at layer: 1
Get Mod with shape torch.Size([1, 1, 16, 32]) at layer: 2
Get Mod with shape torch.Size([1, 1, 32, 64]) at layer: 3
Get Mod with shape torch.Size([1, 1, 64, 128]) at layer: 4
Get Mod with shape torch.Size([1, 1, 128, 256]) at layer: 5
Get Mod with shape torch.Size([1, 1, 256, 512]) at layer: 6
Get Mod with shape torch.Size([1, 1, 512, 1024]) at layer: 7
start temperature: 0.3 noise parameter: 2.0
end temperature: 0.3 noise parameter: 2.0
********************Start from stage I
Step 400, BEST PSNR: 24.875823, Total loss 0.311540 with its rate 0.37796786427497864 latent_bits 198164.015625

🌟 Selected Top-3 Candidates by RD cost

🎯 Stage-2 Refining Candidate 1/3
start temperature: 0.3 noise parameter: 2.0
end temperature: 0.3 noise parameter: 2.0
********************Start from stage I
Step 400, BEST PSNR: 25.718187, Total loss 0.314890 with its rate 0.41780009865760803 latent_bits 219047.578125

🎯 Stage-2 Refining Candidate 2/3
start temperature: 0.3 noise parameter: 2.0
end temperature: 0.3 noise parameter: 2.0
********************Start from stage I
Step 400, BEST PSNR: 25.436649, Total loss 0.316278 with its rate 0.4153989553451538 latent_bits 217788.6875

🎯 Stage-2 Refining Candidate 3/3
start temperature: 0.3 noise parameter: 2.0
end temperature: 0.3 noise parameter: 2.0
********************Start from stage I
Step 400, BEST PSNR: 25.599055, Total loss 0.315436 with its rate 0.4149242043495178 latent_bits 217539.78125

🏆 Best Candidate Final PSNR: 25.72, Rate: 0.4178
Masked_INR(
  (upsampling_2d): Upsampling(
    (conv_transpose2d): UpsamplingConvTranspose2d()
  )
  (arm): Arm(
    (mlp): Sequential(
      (0): ArmConv(
        (conv1_1): Conv1d(16, 16, kernel_size=(1,), stride=(1,))
      )
      (1): GELU(approximate='none')
      (2): ArmConv(
        (conv1_1): Conv1d(16, 16, kernel_size=(1,), stride=(1,))
      )
      (3): GELU(approximate='none')
      (4): ArmConv(
        (conv1_1): Conv1d(16, 2, kernel_size=(1,), stride=(1,))
      )
    )
  )
  (conv_mod): LocalGlobalBlock(
    (net): Sequential(
      (0): SynthesisLayer(
        (pad): Identity()
        (conv_layer): SWHDC(
          (conv): Conv2d(2, 3, kernel_size=(3, 3), stride=(1, 1))
        )
        (non_linearity): GELU(approximate='none')
      )
      (1): SynthesisResidualLayer(
        (pad): ReplicationPad2d((0, 0, 0, 0))
        (conv_layer): Conv2d(3, 3, kernel_size=(1, 1), stride=(1, 1))
        (non_linearity): GELU(approximate='none')
      )
      (2): SynthesisResidualLayer(
        (pad): ReplicationPad2d((0, 0, 0, 0))
        (conv_layer): Conv2d(3, 3, kernel_size=(1, 1), stride=(1, 1))
        (non_linearity): GELU(approximate='none')
      )
      (3): SynthesisResidualLayer(
        (pad): ReplicationPad2d((0, 0, 0, 0))
        (conv_layer): Conv2d(3, 3, kernel_size=(1, 1), stride=(1, 1))
        (non_linearity): Identity()
      )
    )
    (global_net): Sequential(
      (0): SynthesisLayer(
        (pad): Identity()
        (conv_layer): SWHDC(
          (conv): Conv2d(2, 3, kernel_size=(3, 3), stride=(1, 1))
        )
        (non_linearity): GELU(approximate='none')
      )
      (1): SynthesisResidualLayer(
        (pad): ReplicationPad2d((0, 0, 0, 0))
        (conv_layer): Conv2d(3, 3, kernel_size=(1, 1), stride=(1, 1))
        (non_linearity): GELU(approximate='none')
      )
      (2): SynthesisResidualLayer(
        (pad): ReplicationPad2d((0, 0, 0, 0))
        (conv_layer): Conv2d(3, 3, kernel_size=(1, 1), stride=(1, 1))
        (non_linearity): GELU(approximate='none')
      )
      (3): SynthesisResidualLayer(
        (pad): ReplicationPad2d((0, 0, 0, 0))
        (conv_layer): Conv2d(3, 3, kernel_size=(1, 1), stride=(1, 1))
        (non_linearity): Identity()
      )
    )
    (agg_func): Sequential(
      (0): SynthesisLayer(
        (pad): ReplicationPad2d((0, 0, 0, 0))
        (conv_layer): Conv2d(18, 3, kernel_size=(1, 1), stride=(1, 1))
        (non_linearity): GELU(approximate='none')
      )
      (1): SynthesisLayer(
        (pad): ReplicationPad2d((0, 0, 0, 0))
        (conv_layer): Conv2d(21, 3, kernel_size=(1, 1), stride=(1, 1))
        (non_linearity): GELU(approximate='none')
      )
      (2): SynthesisLayer(
        (pad): ReplicationPad2d((0, 0, 0, 0))
        (conv_layer): Conv2d(24, 3, kernel_size=(1, 1), stride=(1, 1))
        (non_linearity): GELU(approximate='none')
      )
    )
    (full_net): Sequential(
      (0): SynthesisLayer(
        (pad): ReplicationPad2d((0, 0, 0, 0))
        (conv_layer): Conv2d(7, 12, kernel_size=(1, 1), stride=(1, 1))
        (non_linearity): GELU(approximate='none')
      )
      (1): SynthesisLayer(
        (pad): ReplicationPad2d((0, 0, 0, 0))
        (conv_layer): Conv2d(12, 3, kernel_size=(1, 1), stride=(1, 1))
        (non_linearity): GELU(approximate='none')
      )
      (2): SynthesisResidualLayer(
        (conv_layer): Conv2d(3, 3, kernel_size=(3, 3), stride=(1, 1))
        (non_linearity): GELU(approximate='none')
      )
      (3): SynthesisResidualLayer(
        (conv_layer): Conv2d(3, 3, kernel_size=(3, 3), stride=(1, 1))
        (non_linearity): GELU(approximate='none')
      )
    )
  )
  (modulation_sf): ParameterList(
      (0): Parameter containing: [torch.float32 of size 1x1x8x16 (cuda:0)]
      (1): Parameter containing: [torch.float32 of size 1x1x16x32 (cuda:0)]
      (2): Parameter containing: [torch.float32 of size 1x1x32x64 (cuda:0)]
      (3): Parameter containing: [torch.float32 of size 1x1x64x128 (cuda:0)]
      (4): Parameter containing: [torch.float32 of size 1x1x128x256 (cuda:0)]
      (5): Parameter containing: [torch.float32 of size 1x1x256x512 (cuda:0)]
      (6): Parameter containing: [torch.float32 of size 1x1x512x1024 (cuda:0)]
  )
)
train the 20 -th image
start temperature: 0.3 noise parameter: 2.0
end temperature: 0.1 noise parameter: 1.0
********************Start from stage I
********************going into stage II
eval_object_psnr: 31.725115611956255
eval_background_psnr: 27.614192708347748
eval_background_psnr: 27.614192708347748
********************Evaluation the Image 20-th, after Step 999, BEST PSNR: 26.183814, Print rate 0.298063. *************************
Saved model at ./saved/modbase_7/context_16_arm_mod_16/sparity_0.0/inr_mod_16KODAK_ROI_Global_new_struture_7_12_3_33_orderconcat_operator_0_pw_0.4_img_object20.pth
Trained the image with PSNR: 26.18381407989028  latent bits 0.29806259274482727 latent bits number 156270.640625
[28.114925448955784, 27.75344635449581, 28.104604897360105, 24.80622245686048, 26.096687175464595, 26.0869387216253, 28.602759262492118, 28.698035275313075, 28.724695467332477, 28.86936303082241, 28.781122710934838, 28.282628902398596, 29.184186649476896, 28.941437861342553, 28.925716505673904, 29.41438464014571, 29.702154744810482, 29.59473713422845, 26.215374537965875, 26.239135180586633, 26.18381407989028]
[0.19625774025917053, 0.20048120617866516, 0.2012585699558258, 0.3268035054206848, 0.30659914016723633, 0.29963308572769165, 0.14397549629211426, 0.1350162774324417, 0.14233466982841492, 0.19726350903511047, 0.21638348698616028, 0.23457299172878265, 0.14923088252544403, 0.14882956445217133, 0.15251144766807556, 0.12884807586669922, 0.12686321139335632, 0.12805309891700745, 0.2891550362110138, 0.2941104471683502, 0.29806259274482727]
[102895.578125, 105109.890625, 105517.453125, 171339.15625, 160746.25, 157094.03125, 75484.625, 70787.4140625, 74624.359375, 103422.890625, 113447.265625, 122983.8046875, 78239.9609375, 78029.5546875, 79959.921875, 67553.5, 66512.859375, 67136.703125, 151600.515625, 154198.578125, 156270.640625]
load the model: ./saved/modbase_7/context_16_arm_mod_16/sparity_0.0/inr_mod_16KODAK_ROI_Global_new_struture_7_12_3_33_orderconcat_operator_0_pw_0.4_img_object20.pth for the  20 -th image
********************Evalutation with quantization
********************Starting quantizing models
eval_object_psnr: 30.335632255435797
full_image_psnr: 25.244716709507873
object_psnr: 30.335632255435797
background_psnr: 26.86000810345027
********************Evaluation the Image 20-th, BEST PSNR: 25.244717, Print rate 0.298678, Network rate 0.016327. *************************
eval_wsssim: 0.850852
Decoded image saved to ./experiments/vcip_wssim_tunado_diegoPC/decoded_images/othim21_maskerp_wsmse0_swhdc1_erp1_lambda0.4.png
Evaluate the image: PSNR: 25.244716709507873 All bits: 0.31500452756881714  latent bits: 0.29867762327194214  network bits: 0.016326904296875
Evaluate arm network bits: 0.008058547973632812 Evaluate synthesis network bits: 0.007701873779296875
Image All bits num: 165153.09375 latent bits num: 156593.09375 mlp bits num: 8560.0 border bits num:
arm bits num: 4225.0 synthesis bits num: 4038.0
[26.98496290731588, 26.914855757670068, 26.794346067269846, 24.505044114122843, 24.905289311296652, 26.01794850733637, 27.640481035631826, 28.249792959094236, 26.203673447321364, 27.12993714597319, 26.60013784437282, 26.955260398128285, 28.50915572076316, 27.445143896789556, 28.299929587681635, 28.921389483966834, 28.122366251402894, 27.985221085081786, 25.560771307524863, 25.376369368048305, 25.244716709507873]
[0.21442179381847382, 0.21952378749847412, 0.21920588612556458, 0.34355807304382324, 0.32367488741874695, 0.3186313509941101, 0.1611802875995636, 0.1541002094745636, 0.1595911681652069, 0.21465057134628296, 0.2338292896747589, 0.2521454095840454, 0.1672709584236145, 0.16582432389259338, 0.17121845483779907, 0.14735010266304016, 0.14436210691928864, 0.1454346477985382, 0.3068193793296814, 0.3118520975112915, 0.31500452756881714]
[112418.7734375, 115093.6875, 114927.015625, 180123.375, 169698.859375, 167054.59375, 84504.890625, 80792.890625, 83671.734375, 112538.71875, 122593.890625, 132196.8125, 87698.15625, 86939.703125, 89767.78125, 77253.890625, 75687.3203125, 76249.640625, 160861.71875, 163500.3125, 165153.09375]
Metrics saved to ./experiments/vcip_wssim_tunado_diegoPC/results.csv
Current eval Ave PSNR: 26.874609186014304 Ave Bits 0.2233166339851561
Namespace(batch_size=1, lr=0.01, data='../data', sparsity=0.0, local_upsampling_kernel_size=8, upsampling_kernel_size=8, static_upsampling_kernel=False, latent_factor=1, mod_base=7, highest_flag=1, context_arm=16, dim_arm_mod=16, use_candidate=True, type='other', mod_hid_layer=0, sythesis_features=12, hidden_features=64, hidden_layer=2, scale=1, lambda_rate=0.4, lambda_rate_list=[0.4, 0.8], start_index=0, mask_type='erp', wsmse_tag=0, swhdc_tag=1, swhdc_dilations=[1, 2, 3, 4], erp_padding=1, workdir='./experiments/vcip_wssim_tunado_diegoPC', train_steps_1=5000, train_steps_2=1000, loss_type='combined', lambda_dist=0.0, lambda_percep=1.0, patch_h=512, patch_w=1024, all_pix_num=524288, eval_pix_num=524288)
Directory './saved/modbase_7/context_16_arm_mod_16' already exists.
Directory './saved/modbase_7/context_16_arm_mod_16/sparity_0.0' already exists.
top %: 0.0

🔁 Stage-1 Training Candidate 1/7
Quantizer parameter: encoding gain  16
total pixel: 524288
Get Mod with shape torch.Size([1, 1, 8, 16]) at layer: 1
Get Mod with shape torch.Size([1, 1, 16, 32]) at layer: 2
Get Mod with shape torch.Size([1, 1, 32, 64]) at layer: 3
Get Mod with shape torch.Size([1, 1, 64, 128]) at layer: 4
Get Mod with shape torch.Size([1, 1, 128, 256]) at layer: 5
Get Mod with shape torch.Size([1, 1, 256, 512]) at layer: 6
Get Mod with shape torch.Size([1, 1, 512, 1024]) at layer: 7
start temperature: 0.3 noise parameter: 2.0
end temperature: 0.3 noise parameter: 2.0
********************Start from stage I
Step 400, BEST PSNR: 25.031551, Total loss 0.219024 with its rate 0.2276872992515564 latent_bits 119373.71875

🔁 Stage-1 Training Candidate 2/7
Quantizer parameter: encoding gain  16
total pixel: 524288
Get Mod with shape torch.Size([1, 1, 8, 16]) at layer: 1
Get Mod with shape torch.Size([1, 1, 16, 32]) at layer: 2
Get Mod with shape torch.Size([1, 1, 32, 64]) at layer: 3
Get Mod with shape torch.Size([1, 1, 64, 128]) at layer: 4
Get Mod with shape torch.Size([1, 1, 128, 256]) at layer: 5
Get Mod with shape torch.Size([1, 1, 256, 512]) at layer: 6
Get Mod with shape torch.Size([1, 1, 512, 1024]) at layer: 7
start temperature: 0.3 noise parameter: 2.0
end temperature: 0.3 noise parameter: 2.0
********************Start from stage I
Step 400, BEST PSNR: 25.394687, Total loss 0.217792 with its rate 0.22443526983261108 latent_bits 117668.71875

🔁 Stage-1 Training Candidate 3/7
Quantizer parameter: encoding gain  16
total pixel: 524288
Get Mod with shape torch.Size([1, 1, 8, 16]) at layer: 1
Get Mod with shape torch.Size([1, 1, 16, 32]) at layer: 2
Get Mod with shape torch.Size([1, 1, 32, 64]) at layer: 3
Get Mod with shape torch.Size([1, 1, 64, 128]) at layer: 4
Get Mod with shape torch.Size([1, 1, 128, 256]) at layer: 5
Get Mod with shape torch.Size([1, 1, 256, 512]) at layer: 6
Get Mod with shape torch.Size([1, 1, 512, 1024]) at layer: 7
start temperature: 0.3 noise parameter: 2.0
end temperature: 0.3 noise parameter: 2.0
********************Start from stage I
Step 400, BEST PSNR: 25.019838, Total loss 0.226071 with its rate 0.22990107536315918 latent_bits 120534.375

🔁 Stage-1 Training Candidate 4/7
Quantizer parameter: encoding gain  16
total pixel: 524288
Get Mod with shape torch.Size([1, 1, 8, 16]) at layer: 1
Get Mod with shape torch.Size([1, 1, 16, 32]) at layer: 2
Get Mod with shape torch.Size([1, 1, 32, 64]) at layer: 3
Get Mod with shape torch.Size([1, 1, 64, 128]) at layer: 4
Get Mod with shape torch.Size([1, 1, 128, 256]) at layer: 5
Get Mod with shape torch.Size([1, 1, 256, 512]) at layer: 6
Get Mod with shape torch.Size([1, 1, 512, 1024]) at layer: 7
start temperature: 0.3 noise parameter: 2.0
end temperature: 0.3 noise parameter: 2.0
********************Start from stage I
Step 400, BEST PSNR: 25.638033, Total loss 0.216841 with its rate 0.23301249742507935 latent_bits 122165.65625

🔁 Stage-1 Training Candidate 5/7
Quantizer parameter: encoding gain  16
total pixel: 524288
Get Mod with shape torch.Size([1, 1, 8, 16]) at layer: 1
Get Mod with shape torch.Size([1, 1, 16, 32]) at layer: 2
Get Mod with shape torch.Size([1, 1, 32, 64]) at layer: 3
Get Mod with shape torch.Size([1, 1, 64, 128]) at layer: 4
Get Mod with shape torch.Size([1, 1, 128, 256]) at layer: 5
Get Mod with shape torch.Size([1, 1, 256, 512]) at layer: 6
Get Mod with shape torch.Size([1, 1, 512, 1024]) at layer: 7
start temperature: 0.3 noise parameter: 2.0
end temperature: 0.3 noise parameter: 2.0
********************Start from stage I
Step 400, BEST PSNR: 25.339739, Total loss 0.219808 with its rate 0.23041951656341553 latent_bits 120806.1875

🔁 Stage-1 Training Candidate 6/7
Quantizer parameter: encoding gain  16
total pixel: 524288
Get Mod with shape torch.Size([1, 1, 8, 16]) at layer: 1
Get Mod with shape torch.Size([1, 1, 16, 32]) at layer: 2
Get Mod with shape torch.Size([1, 1, 32, 64]) at layer: 3
Get Mod with shape torch.Size([1, 1, 64, 128]) at layer: 4
Get Mod with shape torch.Size([1, 1, 128, 256]) at layer: 5
Get Mod with shape torch.Size([1, 1, 256, 512]) at layer: 6
Get Mod with shape torch.Size([1, 1, 512, 1024]) at layer: 7
start temperature: 0.3 noise parameter: 2.0
end temperature: 0.3 noise parameter: 2.0
********************Start from stage I
Step 400, BEST PSNR: 25.453179, Total loss 0.215814 with its rate 0.23203280568122864 latent_bits 121652.015625

🔁 Stage-1 Training Candidate 7/7
Quantizer parameter: encoding gain  16
total pixel: 524288
Get Mod with shape torch.Size([1, 1, 8, 16]) at layer: 1
Get Mod with shape torch.Size([1, 1, 16, 32]) at layer: 2
Get Mod with shape torch.Size([1, 1, 32, 64]) at layer: 3
Get Mod with shape torch.Size([1, 1, 64, 128]) at layer: 4
Get Mod with shape torch.Size([1, 1, 128, 256]) at layer: 5
Get Mod with shape torch.Size([1, 1, 256, 512]) at layer: 6
Get Mod with shape torch.Size([1, 1, 512, 1024]) at layer: 7
start temperature: 0.3 noise parameter: 2.0
end temperature: 0.3 noise parameter: 2.0
********************Start from stage I
Step 400, BEST PSNR: 24.889606, Total loss 0.217908 with its rate 0.21405759453773499 latent_bits 112227.828125

🌟 Selected Top-3 Candidates by RD cost

🎯 Stage-2 Refining Candidate 1/3
start temperature: 0.3 noise parameter: 2.0
end temperature: 0.3 noise parameter: 2.0
********************Start from stage I
Step 400, BEST PSNR: 26.465549, Total loss 0.210607 with its rate 0.25101587176322937 latent_bits 131604.609375

🎯 Stage-2 Refining Candidate 2/3
start temperature: 0.3 noise parameter: 2.0
end temperature: 0.3 noise parameter: 2.0
********************Start from stage I
Step 400, BEST PSNR: 26.498707, Total loss 0.213213 with its rate 0.2552900016307831 latent_bits 133845.484375

🎯 Stage-2 Refining Candidate 3/3
start temperature: 0.3 noise parameter: 2.0
end temperature: 0.3 noise parameter: 2.0
********************Start from stage I
Step 400, BEST PSNR: 25.952567, Total loss 0.213342 with its rate 0.2572025954723358 latent_bits 134848.234375

🏆 Best Candidate Final PSNR: 26.47, Rate: 0.2510
Masked_INR(
  (upsampling_2d): Upsampling(
    (conv_transpose2d): UpsamplingConvTranspose2d()
  )
  (arm): Arm(
    (mlp): Sequential(
      (0): ArmConv(
        (conv1_1): Conv1d(16, 16, kernel_size=(1,), stride=(1,))
      )
      (1): GELU(approximate='none')
      (2): ArmConv(
        (conv1_1): Conv1d(16, 16, kernel_size=(1,), stride=(1,))
      )
      (3): GELU(approximate='none')
      (4): ArmConv(
        (conv1_1): Conv1d(16, 2, kernel_size=(1,), stride=(1,))
      )
    )
  )
  (conv_mod): LocalGlobalBlock(
    (net): Sequential(
      (0): SynthesisLayer(
        (pad): Identity()
        (conv_layer): SWHDC(
          (conv): Conv2d(2, 3, kernel_size=(3, 3), stride=(1, 1))
        )
        (non_linearity): GELU(approximate='none')
      )
      (1): SynthesisResidualLayer(
        (pad): ReplicationPad2d((0, 0, 0, 0))
        (conv_layer): Conv2d(3, 3, kernel_size=(1, 1), stride=(1, 1))
        (non_linearity): GELU(approximate='none')
      )
      (2): SynthesisResidualLayer(
        (pad): ReplicationPad2d((0, 0, 0, 0))
        (conv_layer): Conv2d(3, 3, kernel_size=(1, 1), stride=(1, 1))
        (non_linearity): GELU(approximate='none')
      )
      (3): SynthesisResidualLayer(
        (pad): ReplicationPad2d((0, 0, 0, 0))
        (conv_layer): Conv2d(3, 3, kernel_size=(1, 1), stride=(1, 1))
        (non_linearity): Identity()
      )
    )
    (global_net): Sequential(
      (0): SynthesisLayer(
        (pad): Identity()
        (conv_layer): SWHDC(
          (conv): Conv2d(2, 3, kernel_size=(3, 3), stride=(1, 1))
        )
        (non_linearity): GELU(approximate='none')
      )
      (1): SynthesisResidualLayer(
        (pad): ReplicationPad2d((0, 0, 0, 0))
        (conv_layer): Conv2d(3, 3, kernel_size=(1, 1), stride=(1, 1))
        (non_linearity): GELU(approximate='none')
      )
      (2): SynthesisResidualLayer(
        (pad): ReplicationPad2d((0, 0, 0, 0))
        (conv_layer): Conv2d(3, 3, kernel_size=(1, 1), stride=(1, 1))
        (non_linearity): GELU(approximate='none')
      )
      (3): SynthesisResidualLayer(
        (pad): ReplicationPad2d((0, 0, 0, 0))
        (conv_layer): Conv2d(3, 3, kernel_size=(1, 1), stride=(1, 1))
        (non_linearity): Identity()
      )
    )
    (agg_func): Sequential(
      (0): SynthesisLayer(
        (pad): ReplicationPad2d((0, 0, 0, 0))
        (conv_layer): Conv2d(18, 3, kernel_size=(1, 1), stride=(1, 1))
        (non_linearity): GELU(approximate='none')
      )
      (1): SynthesisLayer(
        (pad): ReplicationPad2d((0, 0, 0, 0))
        (conv_layer): Conv2d(21, 3, kernel_size=(1, 1), stride=(1, 1))
        (non_linearity): GELU(approximate='none')
      )
      (2): SynthesisLayer(
        (pad): ReplicationPad2d((0, 0, 0, 0))
        (conv_layer): Conv2d(24, 3, kernel_size=(1, 1), stride=(1, 1))
        (non_linearity): GELU(approximate='none')
      )
    )
    (full_net): Sequential(
      (0): SynthesisLayer(
        (pad): ReplicationPad2d((0, 0, 0, 0))
        (conv_layer): Conv2d(7, 12, kernel_size=(1, 1), stride=(1, 1))
        (non_linearity): GELU(approximate='none')
      )
      (1): SynthesisLayer(
        (pad): ReplicationPad2d((0, 0, 0, 0))
        (conv_layer): Conv2d(12, 3, kernel_size=(1, 1), stride=(1, 1))
        (non_linearity): GELU(approximate='none')
      )
      (2): SynthesisResidualLayer(
        (conv_layer): Conv2d(3, 3, kernel_size=(3, 3), stride=(1, 1))
        (non_linearity): GELU(approximate='none')
      )
      (3): SynthesisResidualLayer(
        (conv_layer): Conv2d(3, 3, kernel_size=(3, 3), stride=(1, 1))
        (non_linearity): GELU(approximate='none')
      )
    )
  )
  (modulation_sf): ParameterList(
      (0): Parameter containing: [torch.float32 of size 1x1x8x16 (cuda:0)]
      (1): Parameter containing: [torch.float32 of size 1x1x16x32 (cuda:0)]
      (2): Parameter containing: [torch.float32 of size 1x1x32x64 (cuda:0)]
      (3): Parameter containing: [torch.float32 of size 1x1x64x128 (cuda:0)]
      (4): Parameter containing: [torch.float32 of size 1x1x128x256 (cuda:0)]
      (5): Parameter containing: [torch.float32 of size 1x1x256x512 (cuda:0)]
      (6): Parameter containing: [torch.float32 of size 1x1x512x1024 (cuda:0)]
  )
)
train the 21 -th image
start temperature: 0.3 noise parameter: 2.0
end temperature: 0.1 noise parameter: 1.0
********************Start from stage I
********************going into stage II
eval_object_psnr: 35.16287592531487
eval_background_psnr: 29.02710528604528
eval_background_psnr: 29.02710528604528
********************Evaluation the Image 21-th, after Step 999, BEST PSNR: 28.078144, Print rate 0.142153. *************************
Saved model at ./saved/modbase_7/context_16_arm_mod_16/sparity_0.0/inr_mod_16KODAK_ROI_Global_new_struture_7_12_3_33_orderconcat_operator_0_pw_0.4_img_object21.pth
Trained the image with PSNR: 28.0781444655685  latent bits 0.1421530693769455 latent bits number 74529.1484375
[28.114925448955784, 27.75344635449581, 28.104604897360105, 24.80622245686048, 26.096687175464595, 26.0869387216253, 28.602759262492118, 28.698035275313075, 28.724695467332477, 28.86936303082241, 28.781122710934838, 28.282628902398596, 29.184186649476896, 28.941437861342553, 28.925716505673904, 29.41438464014571, 29.702154744810482, 29.59473713422845, 26.215374537965875, 26.239135180586633, 26.18381407989028, 28.0781444655685]
[0.19625774025917053, 0.20048120617866516, 0.2012585699558258, 0.3268035054206848, 0.30659914016723633, 0.29963308572769165, 0.14397549629211426, 0.1350162774324417, 0.14233466982841492, 0.19726350903511047, 0.21638348698616028, 0.23457299172878265, 0.14923088252544403, 0.14882956445217133, 0.15251144766807556, 0.12884807586669922, 0.12686321139335632, 0.12805309891700745, 0.2891550362110138, 0.2941104471683502, 0.29806259274482727, 0.1421530693769455]
[102895.578125, 105109.890625, 105517.453125, 171339.15625, 160746.25, 157094.03125, 75484.625, 70787.4140625, 74624.359375, 103422.890625, 113447.265625, 122983.8046875, 78239.9609375, 78029.5546875, 79959.921875, 67553.5, 66512.859375, 67136.703125, 151600.515625, 154198.578125, 156270.640625, 74529.1484375]
load the model: ./saved/modbase_7/context_16_arm_mod_16/sparity_0.0/inr_mod_16KODAK_ROI_Global_new_struture_7_12_3_33_orderconcat_operator_0_pw_0.4_img_object21.pth for the  21 -th image
********************Evalutation with quantization
********************Starting quantizing models
eval_object_psnr: 33.95103954213675
full_image_psnr: 27.38765357344776
object_psnr: 33.95103954213675
background_psnr: 28.47268295143672
********************Evaluation the Image 21-th, BEST PSNR: 27.387654, Print rate 0.143743, Network rate 0.016863. *************************
eval_wsssim: 0.898741
Decoded image saved to ./experiments/vcip_wssim_tunado_diegoPC/decoded_images/othim22_maskerp_wsmse0_swhdc1_erp1_lambda0.4.png
Evaluate the image: PSNR: 27.38765357344776 All bits: 0.16060616075992584  latent bits: 0.14374329149723053  network bits: 0.016862869262695312
Evaluate arm network bits: 0.0069522857666015625 Evaluate synthesis network bits: 0.009204864501953125
Image All bits num: 84203.8828125 latent bits num: 75362.8828125 mlp bits num: 8841.0 border bits num:
arm bits num: 3645.0 synthesis bits num: 4826.0
[26.98496290731588, 26.914855757670068, 26.794346067269846, 24.505044114122843, 24.905289311296652, 26.01794850733637, 27.640481035631826, 28.249792959094236, 26.203673447321364, 27.12993714597319, 26.60013784437282, 26.955260398128285, 28.50915572076316, 27.445143896789556, 28.299929587681635, 28.921389483966834, 28.122366251402894, 27.985221085081786, 25.560771307524863, 25.376369368048305, 25.244716709507873, 27.38765357344776]
[0.21442179381847382, 0.21952378749847412, 0.21920588612556458, 0.34355807304382324, 0.32367488741874695, 0.3186313509941101, 0.1611802875995636, 0.1541002094745636, 0.1595911681652069, 0.21465057134628296, 0.2338292896747589, 0.2521454095840454, 0.1672709584236145, 0.16582432389259338, 0.17121845483779907, 0.14735010266304016, 0.14436210691928864, 0.1454346477985382, 0.3068193793296814, 0.3118520975112915, 0.31500452756881714, 0.16060616075992584]
[112418.7734375, 115093.6875, 114927.015625, 180123.375, 169698.859375, 167054.59375, 84504.890625, 80792.890625, 83671.734375, 112538.71875, 122593.890625, 132196.8125, 87698.15625, 86939.703125, 89767.78125, 77253.890625, 75687.3203125, 76249.640625, 160861.71875, 163500.3125, 165153.09375, 84203.8828125]
Metrics saved to ./experiments/vcip_wssim_tunado_diegoPC/results.csv
Current eval Ave PSNR: 26.897929385443096 Ave Bits 0.2204661579294638
Namespace(batch_size=1, lr=0.01, data='../data', sparsity=0.0, local_upsampling_kernel_size=8, upsampling_kernel_size=8, static_upsampling_kernel=False, latent_factor=1, mod_base=7, highest_flag=1, context_arm=16, dim_arm_mod=16, use_candidate=True, type='other', mod_hid_layer=0, sythesis_features=12, hidden_features=64, hidden_layer=2, scale=1, lambda_rate=0.4, lambda_rate_list=[0.4, 0.8], start_index=0, mask_type='erp', wsmse_tag=0, swhdc_tag=1, swhdc_dilations=[1, 2, 3, 4], erp_padding=1, workdir='./experiments/vcip_wssim_tunado_diegoPC', train_steps_1=5000, train_steps_2=1000, loss_type='combined', lambda_dist=0.0, lambda_percep=1.0, patch_h=512, patch_w=1024, all_pix_num=524288, eval_pix_num=524288)
Directory './saved/modbase_7/context_16_arm_mod_16' already exists.
Directory './saved/modbase_7/context_16_arm_mod_16/sparity_0.0' already exists.
top %: 0.0

🔁 Stage-1 Training Candidate 1/7
Quantizer parameter: encoding gain  16
total pixel: 524288
Get Mod with shape torch.Size([1, 1, 8, 16]) at layer: 1
Get Mod with shape torch.Size([1, 1, 16, 32]) at layer: 2
Get Mod with shape torch.Size([1, 1, 32, 64]) at layer: 3
Get Mod with shape torch.Size([1, 1, 64, 128]) at layer: 4
Get Mod with shape torch.Size([1, 1, 128, 256]) at layer: 5
Get Mod with shape torch.Size([1, 1, 256, 512]) at layer: 6
Get Mod with shape torch.Size([1, 1, 512, 1024]) at layer: 7
start temperature: 0.3 noise parameter: 2.0
end temperature: 0.3 noise parameter: 2.0
********************Start from stage I
Step 400, BEST PSNR: 24.557568, Total loss 0.223966 with its rate 0.24119111895561218 latent_bits 126453.609375

🔁 Stage-1 Training Candidate 2/7
Quantizer parameter: encoding gain  16
total pixel: 524288
Get Mod with shape torch.Size([1, 1, 8, 16]) at layer: 1
Get Mod with shape torch.Size([1, 1, 16, 32]) at layer: 2
Get Mod with shape torch.Size([1, 1, 32, 64]) at layer: 3
Get Mod with shape torch.Size([1, 1, 64, 128]) at layer: 4
Get Mod with shape torch.Size([1, 1, 128, 256]) at layer: 5
Get Mod with shape torch.Size([1, 1, 256, 512]) at layer: 6
Get Mod with shape torch.Size([1, 1, 512, 1024]) at layer: 7
start temperature: 0.3 noise parameter: 2.0
end temperature: 0.3 noise parameter: 2.0
********************Start from stage I
Step 400, BEST PSNR: 24.731539, Total loss 0.224292 with its rate 0.2430003583431244 latent_bits 127402.171875

🔁 Stage-1 Training Candidate 3/7
Quantizer parameter: encoding gain  16
total pixel: 524288
Get Mod with shape torch.Size([1, 1, 8, 16]) at layer: 1
Get Mod with shape torch.Size([1, 1, 16, 32]) at layer: 2
Get Mod with shape torch.Size([1, 1, 32, 64]) at layer: 3
Get Mod with shape torch.Size([1, 1, 64, 128]) at layer: 4
Get Mod with shape torch.Size([1, 1, 128, 256]) at layer: 5
Get Mod with shape torch.Size([1, 1, 256, 512]) at layer: 6
Get Mod with shape torch.Size([1, 1, 512, 1024]) at layer: 7
start temperature: 0.3 noise parameter: 2.0
end temperature: 0.3 noise parameter: 2.0
********************Start from stage I
Step 400, BEST PSNR: 23.803861, Total loss 0.232713 with its rate 0.24726064503192902 latent_bits 129635.7890625

🔁 Stage-1 Training Candidate 4/7
Quantizer parameter: encoding gain  16
total pixel: 524288
Get Mod with shape torch.Size([1, 1, 8, 16]) at layer: 1
Get Mod with shape torch.Size([1, 1, 16, 32]) at layer: 2
Get Mod with shape torch.Size([1, 1, 32, 64]) at layer: 3
Get Mod with shape torch.Size([1, 1, 64, 128]) at layer: 4
Get Mod with shape torch.Size([1, 1, 128, 256]) at layer: 5
Get Mod with shape torch.Size([1, 1, 256, 512]) at layer: 6
Get Mod with shape torch.Size([1, 1, 512, 1024]) at layer: 7
start temperature: 0.3 noise parameter: 2.0
end temperature: 0.3 noise parameter: 2.0
********************Start from stage I
Step 400, BEST PSNR: 25.512137, Total loss 0.225582 with its rate 0.2521393895149231 latent_bits 132193.65625

🔁 Stage-1 Training Candidate 5/7
Quantizer parameter: encoding gain  16
total pixel: 524288
Get Mod with shape torch.Size([1, 1, 8, 16]) at layer: 1
Get Mod with shape torch.Size([1, 1, 16, 32]) at layer: 2
Get Mod with shape torch.Size([1, 1, 32, 64]) at layer: 3
Get Mod with shape torch.Size([1, 1, 64, 128]) at layer: 4
Get Mod with shape torch.Size([1, 1, 128, 256]) at layer: 5
Get Mod with shape torch.Size([1, 1, 256, 512]) at layer: 6
Get Mod with shape torch.Size([1, 1, 512, 1024]) at layer: 7
start temperature: 0.3 noise parameter: 2.0
end temperature: 0.3 noise parameter: 2.0
********************Start from stage I
Step 400, BEST PSNR: 25.139203, Total loss 0.222527 with its rate 0.24488522112369537 latent_bits 128390.3828125

🔁 Stage-1 Training Candidate 6/7
Quantizer parameter: encoding gain  16
total pixel: 524288
Get Mod with shape torch.Size([1, 1, 8, 16]) at layer: 1
Get Mod with shape torch.Size([1, 1, 16, 32]) at layer: 2
Get Mod with shape torch.Size([1, 1, 32, 64]) at layer: 3
Get Mod with shape torch.Size([1, 1, 64, 128]) at layer: 4
Get Mod with shape torch.Size([1, 1, 128, 256]) at layer: 5
Get Mod with shape torch.Size([1, 1, 256, 512]) at layer: 6
Get Mod with shape torch.Size([1, 1, 512, 1024]) at layer: 7
start temperature: 0.3 noise parameter: 2.0
end temperature: 0.3 noise parameter: 2.0
********************Start from stage I
Step 400, BEST PSNR: 24.624541, Total loss 0.224665 with its rate 0.24248778820037842 latent_bits 127133.4375

🔁 Stage-1 Training Candidate 7/7
Quantizer parameter: encoding gain  16
total pixel: 524288
Get Mod with shape torch.Size([1, 1, 8, 16]) at layer: 1
Get Mod with shape torch.Size([1, 1, 16, 32]) at layer: 2
Get Mod with shape torch.Size([1, 1, 32, 64]) at layer: 3
Get Mod with shape torch.Size([1, 1, 64, 128]) at layer: 4
Get Mod with shape torch.Size([1, 1, 128, 256]) at layer: 5
Get Mod with shape torch.Size([1, 1, 256, 512]) at layer: 6
Get Mod with shape torch.Size([1, 1, 512, 1024]) at layer: 7
start temperature: 0.3 noise parameter: 2.0
end temperature: 0.3 noise parameter: 2.0
********************Start from stage I
Step 400, BEST PSNR: 25.140112, Total loss 0.225290 with its rate 0.25096967816352844 latent_bits 131580.390625

🌟 Selected Top-3 Candidates by RD cost

🎯 Stage-2 Refining Candidate 1/3
start temperature: 0.3 noise parameter: 2.0
end temperature: 0.3 noise parameter: 2.0
********************Start from stage I
Step 400, BEST PSNR: 26.755762, Total loss 0.221749 with its rate 0.26858600974082947 latent_bits 140816.421875

🎯 Stage-2 Refining Candidate 2/3
start temperature: 0.3 noise parameter: 2.0
end temperature: 0.3 noise parameter: 2.0
********************Start from stage I
Step 400, BEST PSNR: 26.122406, Total loss 0.225965 with its rate 0.26681190729141235 latent_bits 139886.28125

🎯 Stage-2 Refining Candidate 3/3
start temperature: 0.3 noise parameter: 2.0
end temperature: 0.3 noise parameter: 2.0
********************Start from stage I
Step 400, BEST PSNR: 25.866268, Total loss 0.227277 with its rate 0.2771015763282776 latent_bits 145281.03125

🏆 Best Candidate Final PSNR: 26.76, Rate: 0.2686
Masked_INR(
  (upsampling_2d): Upsampling(
    (conv_transpose2d): UpsamplingConvTranspose2d()
  )
  (arm): Arm(
    (mlp): Sequential(
      (0): ArmConv(
        (conv1_1): Conv1d(16, 16, kernel_size=(1,), stride=(1,))
      )
      (1): GELU(approximate='none')
      (2): ArmConv(
        (conv1_1): Conv1d(16, 16, kernel_size=(1,), stride=(1,))
      )
      (3): GELU(approximate='none')
      (4): ArmConv(
        (conv1_1): Conv1d(16, 2, kernel_size=(1,), stride=(1,))
      )
    )
  )
  (conv_mod): LocalGlobalBlock(
    (net): Sequential(
      (0): SynthesisLayer(
        (pad): Identity()
        (conv_layer): SWHDC(
          (conv): Conv2d(2, 3, kernel_size=(3, 3), stride=(1, 1))
        )
        (non_linearity): GELU(approximate='none')
      )
      (1): SynthesisResidualLayer(
        (pad): ReplicationPad2d((0, 0, 0, 0))
        (conv_layer): Conv2d(3, 3, kernel_size=(1, 1), stride=(1, 1))
        (non_linearity): GELU(approximate='none')
      )
      (2): SynthesisResidualLayer(
        (pad): ReplicationPad2d((0, 0, 0, 0))
        (conv_layer): Conv2d(3, 3, kernel_size=(1, 1), stride=(1, 1))
        (non_linearity): GELU(approximate='none')
      )
      (3): SynthesisResidualLayer(
        (pad): ReplicationPad2d((0, 0, 0, 0))
        (conv_layer): Conv2d(3, 3, kernel_size=(1, 1), stride=(1, 1))
        (non_linearity): Identity()
      )
    )
    (global_net): Sequential(
      (0): SynthesisLayer(
        (pad): Identity()
        (conv_layer): SWHDC(
          (conv): Conv2d(2, 3, kernel_size=(3, 3), stride=(1, 1))
        )
        (non_linearity): GELU(approximate='none')
      )
      (1): SynthesisResidualLayer(
        (pad): ReplicationPad2d((0, 0, 0, 0))
        (conv_layer): Conv2d(3, 3, kernel_size=(1, 1), stride=(1, 1))
        (non_linearity): GELU(approximate='none')
      )
      (2): SynthesisResidualLayer(
        (pad): ReplicationPad2d((0, 0, 0, 0))
        (conv_layer): Conv2d(3, 3, kernel_size=(1, 1), stride=(1, 1))
        (non_linearity): GELU(approximate='none')
      )
      (3): SynthesisResidualLayer(
        (pad): ReplicationPad2d((0, 0, 0, 0))
        (conv_layer): Conv2d(3, 3, kernel_size=(1, 1), stride=(1, 1))
        (non_linearity): Identity()
      )
    )
    (agg_func): Sequential(
      (0): SynthesisLayer(
        (pad): ReplicationPad2d((0, 0, 0, 0))
        (conv_layer): Conv2d(18, 3, kernel_size=(1, 1), stride=(1, 1))
        (non_linearity): GELU(approximate='none')
      )
      (1): SynthesisLayer(
        (pad): ReplicationPad2d((0, 0, 0, 0))
        (conv_layer): Conv2d(21, 3, kernel_size=(1, 1), stride=(1, 1))
        (non_linearity): GELU(approximate='none')
      )
      (2): SynthesisLayer(
        (pad): ReplicationPad2d((0, 0, 0, 0))
        (conv_layer): Conv2d(24, 3, kernel_size=(1, 1), stride=(1, 1))
        (non_linearity): GELU(approximate='none')
      )
    )
    (full_net): Sequential(
      (0): SynthesisLayer(
        (pad): ReplicationPad2d((0, 0, 0, 0))
        (conv_layer): Conv2d(7, 12, kernel_size=(1, 1), stride=(1, 1))
        (non_linearity): GELU(approximate='none')
      )
      (1): SynthesisLayer(
        (pad): ReplicationPad2d((0, 0, 0, 0))
        (conv_layer): Conv2d(12, 3, kernel_size=(1, 1), stride=(1, 1))
        (non_linearity): GELU(approximate='none')
      )
      (2): SynthesisResidualLayer(
        (conv_layer): Conv2d(3, 3, kernel_size=(3, 3), stride=(1, 1))
        (non_linearity): GELU(approximate='none')
      )
      (3): SynthesisResidualLayer(
        (conv_layer): Conv2d(3, 3, kernel_size=(3, 3), stride=(1, 1))
        (non_linearity): GELU(approximate='none')
      )
    )
  )
  (modulation_sf): ParameterList(
      (0): Parameter containing: [torch.float32 of size 1x1x8x16 (cuda:0)]
      (1): Parameter containing: [torch.float32 of size 1x1x16x32 (cuda:0)]
      (2): Parameter containing: [torch.float32 of size 1x1x32x64 (cuda:0)]
      (3): Parameter containing: [torch.float32 of size 1x1x64x128 (cuda:0)]
      (4): Parameter containing: [torch.float32 of size 1x1x128x256 (cuda:0)]
      (5): Parameter containing: [torch.float32 of size 1x1x256x512 (cuda:0)]
      (6): Parameter containing: [torch.float32 of size 1x1x512x1024 (cuda:0)]
  )
)
train the 22 -th image
start temperature: 0.3 noise parameter: 2.0
end temperature: 0.1 noise parameter: 1.0
********************Start from stage I
********************going into stage II
eval_object_psnr: 34.093219939415434
eval_background_psnr: 29.163140711922036
eval_background_psnr: 29.163140711922036
********************Evaluation the Image 22-th, after Step 999, BEST PSNR: 27.950032, Print rate 0.156774. *************************
Saved model at ./saved/modbase_7/context_16_arm_mod_16/sparity_0.0/inr_mod_16KODAK_ROI_Global_new_struture_7_12_3_33_orderconcat_operator_0_pw_0.4_img_object22.pth
Trained the image with PSNR: 27.950031698872028  latent bits 0.1567736566066742 latent bits number 82194.546875
[28.114925448955784, 27.75344635449581, 28.104604897360105, 24.80622245686048, 26.096687175464595, 26.0869387216253, 28.602759262492118, 28.698035275313075, 28.724695467332477, 28.86936303082241, 28.781122710934838, 28.282628902398596, 29.184186649476896, 28.941437861342553, 28.925716505673904, 29.41438464014571, 29.702154744810482, 29.59473713422845, 26.215374537965875, 26.239135180586633, 26.18381407989028, 28.0781444655685, 27.950031698872028]
[0.19625774025917053, 0.20048120617866516, 0.2012585699558258, 0.3268035054206848, 0.30659914016723633, 0.29963308572769165, 0.14397549629211426, 0.1350162774324417, 0.14233466982841492, 0.19726350903511047, 0.21638348698616028, 0.23457299172878265, 0.14923088252544403, 0.14882956445217133, 0.15251144766807556, 0.12884807586669922, 0.12686321139335632, 0.12805309891700745, 0.2891550362110138, 0.2941104471683502, 0.29806259274482727, 0.1421530693769455, 0.1567736566066742]
[102895.578125, 105109.890625, 105517.453125, 171339.15625, 160746.25, 157094.03125, 75484.625, 70787.4140625, 74624.359375, 103422.890625, 113447.265625, 122983.8046875, 78239.9609375, 78029.5546875, 79959.921875, 67553.5, 66512.859375, 67136.703125, 151600.515625, 154198.578125, 156270.640625, 74529.1484375, 82194.546875]
load the model: ./saved/modbase_7/context_16_arm_mod_16/sparity_0.0/inr_mod_16KODAK_ROI_Global_new_struture_7_12_3_33_orderconcat_operator_0_pw_0.4_img_object22.pth for the  22 -th image
********************Evalutation with quantization
********************Starting quantizing models
eval_object_psnr: 33.5315234961304
full_image_psnr: 27.196577304519405
object_psnr: 33.5315234961304
background_psnr: 28.346818309460776
********************Evaluation the Image 22-th, BEST PSNR: 27.196577, Print rate 0.157515, Network rate 0.017628. *************************
eval_wsssim: 0.889239
Decoded image saved to ./experiments/vcip_wssim_tunado_diegoPC/decoded_images/othim23_maskerp_wsmse0_swhdc1_erp1_lambda0.4.png
Evaluate the image: PSNR: 27.196577304519405 All bits: 0.17514273524284363  latent bits: 0.1575150191783905  network bits: 0.017627716064453125
Evaluate arm network bits: 0.007953643798828125 Evaluate synthesis network bits: 0.008983612060546875
Image All bits num: 91825.234375 latent bits num: 82583.234375 mlp bits num: 9242.0 border bits num:
arm bits num: 4170.0 synthesis bits num: 4710.0
[26.98496290731588, 26.914855757670068, 26.794346067269846, 24.505044114122843, 24.905289311296652, 26.01794850733637, 27.640481035631826, 28.249792959094236, 26.203673447321364, 27.12993714597319, 26.60013784437282, 26.955260398128285, 28.50915572076316, 27.445143896789556, 28.299929587681635, 28.921389483966834, 28.122366251402894, 27.985221085081786, 25.560771307524863, 25.376369368048305, 25.244716709507873, 27.38765357344776, 27.196577304519405]
[0.21442179381847382, 0.21952378749847412, 0.21920588612556458, 0.34355807304382324, 0.32367488741874695, 0.3186313509941101, 0.1611802875995636, 0.1541002094745636, 0.1595911681652069, 0.21465057134628296, 0.2338292896747589, 0.2521454095840454, 0.1672709584236145, 0.16582432389259338, 0.17121845483779907, 0.14735010266304016, 0.14436210691928864, 0.1454346477985382, 0.3068193793296814, 0.3118520975112915, 0.31500452756881714, 0.16060616075992584, 0.17514273524284363]
[112418.7734375, 115093.6875, 114927.015625, 180123.375, 169698.859375, 167054.59375, 84504.890625, 80792.890625, 83671.734375, 112538.71875, 122593.890625, 132196.8125, 87698.15625, 86939.703125, 89767.78125, 77253.890625, 75687.3203125, 76249.640625, 160861.71875, 163500.3125, 165153.09375, 84203.8828125, 91825.234375]
Metrics saved to ./experiments/vcip_wssim_tunado_diegoPC/results.csv
Current eval Ave PSNR: 26.91091407757685 Ave Bits 0.21849557433439337
Namespace(batch_size=1, lr=0.01, data='../data', sparsity=0.0, local_upsampling_kernel_size=8, upsampling_kernel_size=8, static_upsampling_kernel=False, latent_factor=1, mod_base=7, highest_flag=1, context_arm=16, dim_arm_mod=16, use_candidate=True, type='other', mod_hid_layer=0, sythesis_features=12, hidden_features=64, hidden_layer=2, scale=1, lambda_rate=0.4, lambda_rate_list=[0.4, 0.8], start_index=0, mask_type='erp', wsmse_tag=0, swhdc_tag=1, swhdc_dilations=[1, 2, 3, 4], erp_padding=1, workdir='./experiments/vcip_wssim_tunado_diegoPC', train_steps_1=5000, train_steps_2=1000, loss_type='combined', lambda_dist=0.0, lambda_percep=1.0, patch_h=512, patch_w=1024, all_pix_num=524288, eval_pix_num=524288)
Directory './saved/modbase_7/context_16_arm_mod_16' already exists.
Directory './saved/modbase_7/context_16_arm_mod_16/sparity_0.0' already exists.
top %: 0.0

🔁 Stage-1 Training Candidate 1/7
Quantizer parameter: encoding gain  16
total pixel: 524288
Get Mod with shape torch.Size([1, 1, 8, 16]) at layer: 1
Get Mod with shape torch.Size([1, 1, 16, 32]) at layer: 2
Get Mod with shape torch.Size([1, 1, 32, 64]) at layer: 3
Get Mod with shape torch.Size([1, 1, 64, 128]) at layer: 4
Get Mod with shape torch.Size([1, 1, 128, 256]) at layer: 5
Get Mod with shape torch.Size([1, 1, 256, 512]) at layer: 6
Get Mod with shape torch.Size([1, 1, 512, 1024]) at layer: 7
start temperature: 0.3 noise parameter: 2.0
end temperature: 0.3 noise parameter: 2.0
********************Start from stage I
Step 400, BEST PSNR: 24.500737, Total loss 0.257527 with its rate 0.2847369313240051 latent_bits 149284.15625

🔁 Stage-1 Training Candidate 2/7
Quantizer parameter: encoding gain  16
total pixel: 524288
Get Mod with shape torch.Size([1, 1, 8, 16]) at layer: 1
Get Mod with shape torch.Size([1, 1, 16, 32]) at layer: 2
Get Mod with shape torch.Size([1, 1, 32, 64]) at layer: 3
Get Mod with shape torch.Size([1, 1, 64, 128]) at layer: 4
Get Mod with shape torch.Size([1, 1, 128, 256]) at layer: 5
Get Mod with shape torch.Size([1, 1, 256, 512]) at layer: 6
Get Mod with shape torch.Size([1, 1, 512, 1024]) at layer: 7
start temperature: 0.3 noise parameter: 2.0
end temperature: 0.3 noise parameter: 2.0
********************Start from stage I
Step 400, BEST PSNR: 24.431823, Total loss 0.253747 with its rate 0.2719614505767822 latent_bits 142586.125

🔁 Stage-1 Training Candidate 3/7
Quantizer parameter: encoding gain  16
total pixel: 524288
Get Mod with shape torch.Size([1, 1, 8, 16]) at layer: 1
Get Mod with shape torch.Size([1, 1, 16, 32]) at layer: 2
Get Mod with shape torch.Size([1, 1, 32, 64]) at layer: 3
Get Mod with shape torch.Size([1, 1, 64, 128]) at layer: 4
Get Mod with shape torch.Size([1, 1, 128, 256]) at layer: 5
Get Mod with shape torch.Size([1, 1, 256, 512]) at layer: 6
Get Mod with shape torch.Size([1, 1, 512, 1024]) at layer: 7
start temperature: 0.3 noise parameter: 2.0
end temperature: 0.3 noise parameter: 2.0
********************Start from stage I
Step 400, BEST PSNR: 24.457370, Total loss 0.249342 with its rate 0.26234620809555054 latent_bits 137544.96875

🔁 Stage-1 Training Candidate 4/7
Quantizer parameter: encoding gain  16
total pixel: 524288
Get Mod with shape torch.Size([1, 1, 8, 16]) at layer: 1
Get Mod with shape torch.Size([1, 1, 16, 32]) at layer: 2
Get Mod with shape torch.Size([1, 1, 32, 64]) at layer: 3
Get Mod with shape torch.Size([1, 1, 64, 128]) at layer: 4
Get Mod with shape torch.Size([1, 1, 128, 256]) at layer: 5
Get Mod with shape torch.Size([1, 1, 256, 512]) at layer: 6
Get Mod with shape torch.Size([1, 1, 512, 1024]) at layer: 7
start temperature: 0.3 noise parameter: 2.0
end temperature: 0.3 noise parameter: 2.0
********************Start from stage I
Step 400, BEST PSNR: 24.604963, Total loss 0.250752 with its rate 0.2512437105178833 latent_bits 131724.0625

🔁 Stage-1 Training Candidate 5/7
Quantizer parameter: encoding gain  16
total pixel: 524288
Get Mod with shape torch.Size([1, 1, 8, 16]) at layer: 1
Get Mod with shape torch.Size([1, 1, 16, 32]) at layer: 2
Get Mod with shape torch.Size([1, 1, 32, 64]) at layer: 3
Get Mod with shape torch.Size([1, 1, 64, 128]) at layer: 4
Get Mod with shape torch.Size([1, 1, 128, 256]) at layer: 5
Get Mod with shape torch.Size([1, 1, 256, 512]) at layer: 6
Get Mod with shape torch.Size([1, 1, 512, 1024]) at layer: 7
start temperature: 0.3 noise parameter: 2.0
end temperature: 0.3 noise parameter: 2.0
********************Start from stage I
Step 400, BEST PSNR: 25.257891, Total loss 0.248293 with its rate 0.27939948439598083 latent_bits 146485.796875

🔁 Stage-1 Training Candidate 6/7
Quantizer parameter: encoding gain  16
total pixel: 524288
Get Mod with shape torch.Size([1, 1, 8, 16]) at layer: 1
Get Mod with shape torch.Size([1, 1, 16, 32]) at layer: 2
Get Mod with shape torch.Size([1, 1, 32, 64]) at layer: 3
Get Mod with shape torch.Size([1, 1, 64, 128]) at layer: 4
Get Mod with shape torch.Size([1, 1, 128, 256]) at layer: 5
Get Mod with shape torch.Size([1, 1, 256, 512]) at layer: 6
Get Mod with shape torch.Size([1, 1, 512, 1024]) at layer: 7
start temperature: 0.3 noise parameter: 2.0
end temperature: 0.3 noise parameter: 2.0
********************Start from stage I
Step 400, BEST PSNR: 24.654027, Total loss 0.253872 with its rate 0.27695807814598083 latent_bits 145205.796875

🔁 Stage-1 Training Candidate 7/7
Quantizer parameter: encoding gain  16
total pixel: 524288
Get Mod with shape torch.Size([1, 1, 8, 16]) at layer: 1
Get Mod with shape torch.Size([1, 1, 16, 32]) at layer: 2
Get Mod with shape torch.Size([1, 1, 32, 64]) at layer: 3
Get Mod with shape torch.Size([1, 1, 64, 128]) at layer: 4
Get Mod with shape torch.Size([1, 1, 128, 256]) at layer: 5
Get Mod with shape torch.Size([1, 1, 256, 512]) at layer: 6
Get Mod with shape torch.Size([1, 1, 512, 1024]) at layer: 7
start temperature: 0.3 noise parameter: 2.0
end temperature: 0.3 noise parameter: 2.0
********************Start from stage I
Step 400, BEST PSNR: 25.463202, Total loss 0.248429 with its rate 0.2811775207519531 latent_bits 147418.0

🌟 Selected Top-3 Candidates by RD cost

🎯 Stage-2 Refining Candidate 1/3
start temperature: 0.3 noise parameter: 2.0
end temperature: 0.3 noise parameter: 2.0
********************Start from stage I
Step 400, BEST PSNR: 24.732991, Total loss 0.250929 with its rate 0.30180415511131287 latent_bits 158232.296875

🎯 Stage-2 Refining Candidate 2/3
start temperature: 0.3 noise parameter: 2.0
end temperature: 0.3 noise parameter: 2.0
********************Start from stage I
Step 400, BEST PSNR: 26.074285, Total loss 0.248456 with its rate 0.3024730682373047 latent_bits 158583.0

🎯 Stage-2 Refining Candidate 3/3
start temperature: 0.3 noise parameter: 2.0
end temperature: 0.3 noise parameter: 2.0
********************Start from stage I
Step 400, BEST PSNR: 25.425791, Total loss 0.252999 with its rate 0.2953818440437317 latent_bits 154865.15625

🏆 Best Candidate Final PSNR: 26.07, Rate: 0.3025
Masked_INR(
  (upsampling_2d): Upsampling(
    (conv_transpose2d): UpsamplingConvTranspose2d()
  )
  (arm): Arm(
    (mlp): Sequential(
      (0): ArmConv(
        (conv1_1): Conv1d(16, 16, kernel_size=(1,), stride=(1,))
      )
      (1): GELU(approximate='none')
      (2): ArmConv(
        (conv1_1): Conv1d(16, 16, kernel_size=(1,), stride=(1,))
      )
      (3): GELU(approximate='none')
      (4): ArmConv(
        (conv1_1): Conv1d(16, 2, kernel_size=(1,), stride=(1,))
      )
    )
  )
  (conv_mod): LocalGlobalBlock(
    (net): Sequential(
      (0): SynthesisLayer(
        (pad): Identity()
        (conv_layer): SWHDC(
          (conv): Conv2d(2, 3, kernel_size=(3, 3), stride=(1, 1))
        )
        (non_linearity): GELU(approximate='none')
      )
      (1): SynthesisResidualLayer(
        (pad): ReplicationPad2d((0, 0, 0, 0))
        (conv_layer): Conv2d(3, 3, kernel_size=(1, 1), stride=(1, 1))
        (non_linearity): GELU(approximate='none')
      )
      (2): SynthesisResidualLayer(
        (pad): ReplicationPad2d((0, 0, 0, 0))
        (conv_layer): Conv2d(3, 3, kernel_size=(1, 1), stride=(1, 1))
        (non_linearity): GELU(approximate='none')
      )
      (3): SynthesisResidualLayer(
        (pad): ReplicationPad2d((0, 0, 0, 0))
        (conv_layer): Conv2d(3, 3, kernel_size=(1, 1), stride=(1, 1))
        (non_linearity): Identity()
      )
    )
    (global_net): Sequential(
      (0): SynthesisLayer(
        (pad): Identity()
        (conv_layer): SWHDC(
          (conv): Conv2d(2, 3, kernel_size=(3, 3), stride=(1, 1))
        )
        (non_linearity): GELU(approximate='none')
      )
      (1): SynthesisResidualLayer(
        (pad): ReplicationPad2d((0, 0, 0, 0))
        (conv_layer): Conv2d(3, 3, kernel_size=(1, 1), stride=(1, 1))
        (non_linearity): GELU(approximate='none')
      )
      (2): SynthesisResidualLayer(
        (pad): ReplicationPad2d((0, 0, 0, 0))
        (conv_layer): Conv2d(3, 3, kernel_size=(1, 1), stride=(1, 1))
        (non_linearity): GELU(approximate='none')
      )
      (3): SynthesisResidualLayer(
        (pad): ReplicationPad2d((0, 0, 0, 0))
        (conv_layer): Conv2d(3, 3, kernel_size=(1, 1), stride=(1, 1))
        (non_linearity): Identity()
      )
    )
    (agg_func): Sequential(
      (0): SynthesisLayer(
        (pad): ReplicationPad2d((0, 0, 0, 0))
        (conv_layer): Conv2d(18, 3, kernel_size=(1, 1), stride=(1, 1))
        (non_linearity): GELU(approximate='none')
      )
      (1): SynthesisLayer(
        (pad): ReplicationPad2d((0, 0, 0, 0))
        (conv_layer): Conv2d(21, 3, kernel_size=(1, 1), stride=(1, 1))
        (non_linearity): GELU(approximate='none')
      )
      (2): SynthesisLayer(
        (pad): ReplicationPad2d((0, 0, 0, 0))
        (conv_layer): Conv2d(24, 3, kernel_size=(1, 1), stride=(1, 1))
        (non_linearity): GELU(approximate='none')
      )
    )
    (full_net): Sequential(
      (0): SynthesisLayer(
        (pad): ReplicationPad2d((0, 0, 0, 0))
        (conv_layer): Conv2d(7, 12, kernel_size=(1, 1), stride=(1, 1))
        (non_linearity): GELU(approximate='none')
      )
      (1): SynthesisLayer(
        (pad): ReplicationPad2d((0, 0, 0, 0))
        (conv_layer): Conv2d(12, 3, kernel_size=(1, 1), stride=(1, 1))
        (non_linearity): GELU(approximate='none')
      )
      (2): SynthesisResidualLayer(
        (conv_layer): Conv2d(3, 3, kernel_size=(3, 3), stride=(1, 1))
        (non_linearity): GELU(approximate='none')
      )
      (3): SynthesisResidualLayer(
        (conv_layer): Conv2d(3, 3, kernel_size=(3, 3), stride=(1, 1))
        (non_linearity): GELU(approximate='none')
      )
    )
  )
  (modulation_sf): ParameterList(
      (0): Parameter containing: [torch.float32 of size 1x1x8x16 (cuda:0)]
      (1): Parameter containing: [torch.float32 of size 1x1x16x32 (cuda:0)]
      (2): Parameter containing: [torch.float32 of size 1x1x32x64 (cuda:0)]
      (3): Parameter containing: [torch.float32 of size 1x1x64x128 (cuda:0)]
      (4): Parameter containing: [torch.float32 of size 1x1x128x256 (cuda:0)]
      (5): Parameter containing: [torch.float32 of size 1x1x256x512 (cuda:0)]
      (6): Parameter containing: [torch.float32 of size 1x1x512x1024 (cuda:0)]
  )
)
train the 23 -th image
start temperature: 0.3 noise parameter: 2.0
end temperature: 0.1 noise parameter: 1.0
********************Start from stage I
********************going into stage II
eval_object_psnr: 32.1594454478576
eval_background_psnr: 28.314730794329886
eval_background_psnr: 28.314730794329886
********************Evaluation the Image 23-th, after Step 999, BEST PSNR: 26.812122, Print rate 0.184810. *************************
Saved model at ./saved/modbase_7/context_16_arm_mod_16/sparity_0.0/inr_mod_16KODAK_ROI_Global_new_struture_7_12_3_33_orderconcat_operator_0_pw_0.4_img_object23.pth
Trained the image with PSNR: 26.81212173862393  latent bits 0.18481005728244781 latent bits number 96893.6953125
[28.114925448955784, 27.75344635449581, 28.104604897360105, 24.80622245686048, 26.096687175464595, 26.0869387216253, 28.602759262492118, 28.698035275313075, 28.724695467332477, 28.86936303082241, 28.781122710934838, 28.282628902398596, 29.184186649476896, 28.941437861342553, 28.925716505673904, 29.41438464014571, 29.702154744810482, 29.59473713422845, 26.215374537965875, 26.239135180586633, 26.18381407989028, 28.0781444655685, 27.950031698872028, 26.81212173862393]
[0.19625774025917053, 0.20048120617866516, 0.2012585699558258, 0.3268035054206848, 0.30659914016723633, 0.29963308572769165, 0.14397549629211426, 0.1350162774324417, 0.14233466982841492, 0.19726350903511047, 0.21638348698616028, 0.23457299172878265, 0.14923088252544403, 0.14882956445217133, 0.15251144766807556, 0.12884807586669922, 0.12686321139335632, 0.12805309891700745, 0.2891550362110138, 0.2941104471683502, 0.29806259274482727, 0.1421530693769455, 0.1567736566066742, 0.18481005728244781]
[102895.578125, 105109.890625, 105517.453125, 171339.15625, 160746.25, 157094.03125, 75484.625, 70787.4140625, 74624.359375, 103422.890625, 113447.265625, 122983.8046875, 78239.9609375, 78029.5546875, 79959.921875, 67553.5, 66512.859375, 67136.703125, 151600.515625, 154198.578125, 156270.640625, 74529.1484375, 82194.546875, 96893.6953125]
load the model: ./saved/modbase_7/context_16_arm_mod_16/sparity_0.0/inr_mod_16KODAK_ROI_Global_new_struture_7_12_3_33_orderconcat_operator_0_pw_0.4_img_object23.pth for the  23 -th image
********************Evalutation with quantization
********************Starting quantizing models
eval_object_psnr: 31.4450975061921
full_image_psnr: 26.02375149466434
object_psnr: 31.4450975061921
background_psnr: 27.49291394127286
********************Evaluation the Image 23-th, BEST PSNR: 26.023751, Print rate 0.185559, Network rate 0.017735. *************************
eval_wsssim: 0.871167
Decoded image saved to ./experiments/vcip_wssim_tunado_diegoPC/decoded_images/othim24_maskerp_wsmse0_swhdc1_erp1_lambda0.4.png
Evaluate the image: PSNR: 26.02375149466434 All bits: 0.2032937854528427  latent bits: 0.1855592578649521  network bits: 0.017734527587890625
Evaluate arm network bits: 0.008001327514648438 Evaluate synthesis network bits: 0.00890350341796875
Image All bits num: 106584.4921875 latent bits num: 97286.4921875 mlp bits num: 9298.0 border bits num:
arm bits num: 4195.0 synthesis bits num: 4668.0
[26.98496290731588, 26.914855757670068, 26.794346067269846, 24.505044114122843, 24.905289311296652, 26.01794850733637, 27.640481035631826, 28.249792959094236, 26.203673447321364, 27.12993714597319, 26.60013784437282, 26.955260398128285, 28.50915572076316, 27.445143896789556, 28.299929587681635, 28.921389483966834, 28.122366251402894, 27.985221085081786, 25.560771307524863, 25.376369368048305, 25.244716709507873, 27.38765357344776, 27.196577304519405, 26.02375149466434]
[0.21442179381847382, 0.21952378749847412, 0.21920588612556458, 0.34355807304382324, 0.32367488741874695, 0.3186313509941101, 0.1611802875995636, 0.1541002094745636, 0.1595911681652069, 0.21465057134628296, 0.2338292896747589, 0.2521454095840454, 0.1672709584236145, 0.16582432389259338, 0.17121845483779907, 0.14735010266304016, 0.14436210691928864, 0.1454346477985382, 0.3068193793296814, 0.3118520975112915, 0.31500452756881714, 0.16060616075992584, 0.17514273524284363, 0.2032937854528427]
[112418.7734375, 115093.6875, 114927.015625, 180123.375, 169698.859375, 167054.59375, 84504.890625, 80792.890625, 83671.734375, 112538.71875, 122593.890625, 132196.8125, 87698.15625, 86939.703125, 89767.78125, 77253.890625, 75687.3203125, 76249.640625, 160861.71875, 163500.3125, 165153.09375, 84203.8828125, 91825.234375, 106584.4921875]
Metrics saved to ./experiments/vcip_wssim_tunado_diegoPC/results.csv
Current eval Ave PSNR: 26.873948969955492 Ave Bits 0.21786216646432877
Namespace(batch_size=1, lr=0.01, data='../data', sparsity=0.0, local_upsampling_kernel_size=8, upsampling_kernel_size=8, static_upsampling_kernel=False, latent_factor=1, mod_base=7, highest_flag=1, context_arm=16, dim_arm_mod=16, use_candidate=True, type='other', mod_hid_layer=0, sythesis_features=12, hidden_features=64, hidden_layer=2, scale=1, lambda_rate=0.4, lambda_rate_list=[0.4, 0.8], start_index=0, mask_type='erp', wsmse_tag=0, swhdc_tag=1, swhdc_dilations=[1, 2, 3, 4], erp_padding=1, workdir='./experiments/vcip_wssim_tunado_diegoPC', train_steps_1=5000, train_steps_2=1000, loss_type='combined', lambda_dist=0.0, lambda_percep=1.0, patch_h=512, patch_w=1024, all_pix_num=524288, eval_pix_num=524288)
Directory './saved/modbase_7/context_16_arm_mod_16' already exists.
Directory './saved/modbase_7/context_16_arm_mod_16/sparity_0.0' already exists.
top %: 0.0

🔁 Stage-1 Training Candidate 1/7
Quantizer parameter: encoding gain  16
total pixel: 524288
Get Mod with shape torch.Size([1, 1, 8, 16]) at layer: 1
Get Mod with shape torch.Size([1, 1, 16, 32]) at layer: 2
Get Mod with shape torch.Size([1, 1, 32, 64]) at layer: 3
Get Mod with shape torch.Size([1, 1, 64, 128]) at layer: 4
Get Mod with shape torch.Size([1, 1, 128, 256]) at layer: 5
Get Mod with shape torch.Size([1, 1, 256, 512]) at layer: 6
Get Mod with shape torch.Size([1, 1, 512, 1024]) at layer: 7
start temperature: 0.3 noise parameter: 2.0
end temperature: 0.3 noise parameter: 2.0
********************Start from stage I
Step 400, BEST PSNR: 22.992223, Total loss 0.311502 with its rate 0.33295080065727234 latent_bits 174562.109375

🔁 Stage-1 Training Candidate 2/7
Quantizer parameter: encoding gain  16
total pixel: 524288
Get Mod with shape torch.Size([1, 1, 8, 16]) at layer: 1
Get Mod with shape torch.Size([1, 1, 16, 32]) at layer: 2
Get Mod with shape torch.Size([1, 1, 32, 64]) at layer: 3
Get Mod with shape torch.Size([1, 1, 64, 128]) at layer: 4
Get Mod with shape torch.Size([1, 1, 128, 256]) at layer: 5
Get Mod with shape torch.Size([1, 1, 256, 512]) at layer: 6
Get Mod with shape torch.Size([1, 1, 512, 1024]) at layer: 7
start temperature: 0.3 noise parameter: 2.0
end temperature: 0.3 noise parameter: 2.0
********************Start from stage I
Step 400, BEST PSNR: 23.419202, Total loss 0.314876 with its rate 0.3445426821708679 latent_bits 180639.59375

🔁 Stage-1 Training Candidate 3/7
Quantizer parameter: encoding gain  16
total pixel: 524288
Get Mod with shape torch.Size([1, 1, 8, 16]) at layer: 1
Get Mod with shape torch.Size([1, 1, 16, 32]) at layer: 2
Get Mod with shape torch.Size([1, 1, 32, 64]) at layer: 3
Get Mod with shape torch.Size([1, 1, 64, 128]) at layer: 4
Get Mod with shape torch.Size([1, 1, 128, 256]) at layer: 5
Get Mod with shape torch.Size([1, 1, 256, 512]) at layer: 6
Get Mod with shape torch.Size([1, 1, 512, 1024]) at layer: 7
start temperature: 0.3 noise parameter: 2.0
end temperature: 0.3 noise parameter: 2.0
********************Start from stage I
Step 400, BEST PSNR: 23.328984, Total loss 0.313956 with its rate 0.3406814932823181 latent_bits 178615.21875

🔁 Stage-1 Training Candidate 4/7
Quantizer parameter: encoding gain  16
total pixel: 524288
Get Mod with shape torch.Size([1, 1, 8, 16]) at layer: 1
Get Mod with shape torch.Size([1, 1, 16, 32]) at layer: 2
Get Mod with shape torch.Size([1, 1, 32, 64]) at layer: 3
Get Mod with shape torch.Size([1, 1, 64, 128]) at layer: 4
Get Mod with shape torch.Size([1, 1, 128, 256]) at layer: 5
Get Mod with shape torch.Size([1, 1, 256, 512]) at layer: 6
Get Mod with shape torch.Size([1, 1, 512, 1024]) at layer: 7
start temperature: 0.3 noise parameter: 2.0
end temperature: 0.3 noise parameter: 2.0
********************Start from stage I
Step 400, BEST PSNR: 23.409595, Total loss 0.318066 with its rate 0.33991143107414246 latent_bits 178211.484375

🔁 Stage-1 Training Candidate 5/7
Quantizer parameter: encoding gain  16
total pixel: 524288
Get Mod with shape torch.Size([1, 1, 8, 16]) at layer: 1
Get Mod with shape torch.Size([1, 1, 16, 32]) at layer: 2
Get Mod with shape torch.Size([1, 1, 32, 64]) at layer: 3
Get Mod with shape torch.Size([1, 1, 64, 128]) at layer: 4
Get Mod with shape torch.Size([1, 1, 128, 256]) at layer: 5
Get Mod with shape torch.Size([1, 1, 256, 512]) at layer: 6
Get Mod with shape torch.Size([1, 1, 512, 1024]) at layer: 7
start temperature: 0.3 noise parameter: 2.0
end temperature: 0.3 noise parameter: 2.0
********************Start from stage I
Step 400, BEST PSNR: 23.200620, Total loss 0.321429 with its rate 0.3409750759601593 latent_bits 178769.140625

🔁 Stage-1 Training Candidate 6/7
Quantizer parameter: encoding gain  16
total pixel: 524288
Get Mod with shape torch.Size([1, 1, 8, 16]) at layer: 1
Get Mod with shape torch.Size([1, 1, 16, 32]) at layer: 2
Get Mod with shape torch.Size([1, 1, 32, 64]) at layer: 3
Get Mod with shape torch.Size([1, 1, 64, 128]) at layer: 4
Get Mod with shape torch.Size([1, 1, 128, 256]) at layer: 5
Get Mod with shape torch.Size([1, 1, 256, 512]) at layer: 6
Get Mod with shape torch.Size([1, 1, 512, 1024]) at layer: 7
start temperature: 0.3 noise parameter: 2.0
end temperature: 0.3 noise parameter: 2.0
********************Start from stage I
Step 400, BEST PSNR: 23.441136, Total loss 0.316158 with its rate 0.34317493438720703 latent_bits 179922.5

🔁 Stage-1 Training Candidate 7/7
Quantizer parameter: encoding gain  16
total pixel: 524288
Get Mod with shape torch.Size([1, 1, 8, 16]) at layer: 1
Get Mod with shape torch.Size([1, 1, 16, 32]) at layer: 2
Get Mod with shape torch.Size([1, 1, 32, 64]) at layer: 3
Get Mod with shape torch.Size([1, 1, 64, 128]) at layer: 4
Get Mod with shape torch.Size([1, 1, 128, 256]) at layer: 5
Get Mod with shape torch.Size([1, 1, 256, 512]) at layer: 6
Get Mod with shape torch.Size([1, 1, 512, 1024]) at layer: 7
start temperature: 0.3 noise parameter: 2.0
end temperature: 0.3 noise parameter: 2.0
********************Start from stage I
Step 400, BEST PSNR: 23.603725, Total loss 0.314695 with its rate 0.3469350039958954 latent_bits 181893.859375

🌟 Selected Top-3 Candidates by RD cost

🎯 Stage-2 Refining Candidate 1/3
start temperature: 0.3 noise parameter: 2.0
end temperature: 0.3 noise parameter: 2.0
********************Start from stage I
Step 400, BEST PSNR: 23.736951, Total loss 0.319046 with its rate 0.37840592861175537 latent_bits 198393.6875

🎯 Stage-2 Refining Candidate 2/3
start temperature: 0.3 noise parameter: 2.0
end temperature: 0.3 noise parameter: 2.0
********************Start from stage I
Step 400, BEST PSNR: 23.845469, Total loss 0.315047 with its rate 0.3714057207107544 latent_bits 194723.5625

🎯 Stage-2 Refining Candidate 3/3
start temperature: 0.3 noise parameter: 2.0
end temperature: 0.3 noise parameter: 2.0
********************Start from stage I
Step 400, BEST PSNR: 24.037019, Total loss 0.314396 with its rate 0.37138238549232483 latent_bits 194711.328125

🏆 Best Candidate Final PSNR: 24.04, Rate: 0.3714
Masked_INR(
  (upsampling_2d): Upsampling(
    (conv_transpose2d): UpsamplingConvTranspose2d()
  )
  (arm): Arm(
    (mlp): Sequential(
      (0): ArmConv(
        (conv1_1): Conv1d(16, 16, kernel_size=(1,), stride=(1,))
      )
      (1): GELU(approximate='none')
      (2): ArmConv(
        (conv1_1): Conv1d(16, 16, kernel_size=(1,), stride=(1,))
      )
      (3): GELU(approximate='none')
      (4): ArmConv(
        (conv1_1): Conv1d(16, 2, kernel_size=(1,), stride=(1,))
      )
    )
  )
  (conv_mod): LocalGlobalBlock(
    (net): Sequential(
      (0): SynthesisLayer(
        (pad): Identity()
        (conv_layer): SWHDC(
          (conv): Conv2d(2, 3, kernel_size=(3, 3), stride=(1, 1))
        )
        (non_linearity): GELU(approximate='none')
      )
      (1): SynthesisResidualLayer(
        (pad): ReplicationPad2d((0, 0, 0, 0))
        (conv_layer): Conv2d(3, 3, kernel_size=(1, 1), stride=(1, 1))
        (non_linearity): GELU(approximate='none')
      )
      (2): SynthesisResidualLayer(
        (pad): ReplicationPad2d((0, 0, 0, 0))
        (conv_layer): Conv2d(3, 3, kernel_size=(1, 1), stride=(1, 1))
        (non_linearity): GELU(approximate='none')
      )
      (3): SynthesisResidualLayer(
        (pad): ReplicationPad2d((0, 0, 0, 0))
        (conv_layer): Conv2d(3, 3, kernel_size=(1, 1), stride=(1, 1))
        (non_linearity): Identity()
      )
    )
    (global_net): Sequential(
      (0): SynthesisLayer(
        (pad): Identity()
        (conv_layer): SWHDC(
          (conv): Conv2d(2, 3, kernel_size=(3, 3), stride=(1, 1))
        )
        (non_linearity): GELU(approximate='none')
      )
      (1): SynthesisResidualLayer(
        (pad): ReplicationPad2d((0, 0, 0, 0))
        (conv_layer): Conv2d(3, 3, kernel_size=(1, 1), stride=(1, 1))
        (non_linearity): GELU(approximate='none')
      )
      (2): SynthesisResidualLayer(
        (pad): ReplicationPad2d((0, 0, 0, 0))
        (conv_layer): Conv2d(3, 3, kernel_size=(1, 1), stride=(1, 1))
        (non_linearity): GELU(approximate='none')
      )
      (3): SynthesisResidualLayer(
        (pad): ReplicationPad2d((0, 0, 0, 0))
        (conv_layer): Conv2d(3, 3, kernel_size=(1, 1), stride=(1, 1))
        (non_linearity): Identity()
      )
    )
    (agg_func): Sequential(
      (0): SynthesisLayer(
        (pad): ReplicationPad2d((0, 0, 0, 0))
        (conv_layer): Conv2d(18, 3, kernel_size=(1, 1), stride=(1, 1))
        (non_linearity): GELU(approximate='none')
      )
      (1): SynthesisLayer(
        (pad): ReplicationPad2d((0, 0, 0, 0))
        (conv_layer): Conv2d(21, 3, kernel_size=(1, 1), stride=(1, 1))
        (non_linearity): GELU(approximate='none')
      )
      (2): SynthesisLayer(
        (pad): ReplicationPad2d((0, 0, 0, 0))
        (conv_layer): Conv2d(24, 3, kernel_size=(1, 1), stride=(1, 1))
        (non_linearity): GELU(approximate='none')
      )
    )
    (full_net): Sequential(
      (0): SynthesisLayer(
        (pad): ReplicationPad2d((0, 0, 0, 0))
        (conv_layer): Conv2d(7, 12, kernel_size=(1, 1), stride=(1, 1))
        (non_linearity): GELU(approximate='none')
      )
      (1): SynthesisLayer(
        (pad): ReplicationPad2d((0, 0, 0, 0))
        (conv_layer): Conv2d(12, 3, kernel_size=(1, 1), stride=(1, 1))
        (non_linearity): GELU(approximate='none')
      )
      (2): SynthesisResidualLayer(
        (conv_layer): Conv2d(3, 3, kernel_size=(3, 3), stride=(1, 1))
        (non_linearity): GELU(approximate='none')
      )
      (3): SynthesisResidualLayer(
        (conv_layer): Conv2d(3, 3, kernel_size=(3, 3), stride=(1, 1))
        (non_linearity): GELU(approximate='none')
      )
    )
  )
  (modulation_sf): ParameterList(
      (0): Parameter containing: [torch.float32 of size 1x1x8x16 (cuda:0)]
      (1): Parameter containing: [torch.float32 of size 1x1x16x32 (cuda:0)]
      (2): Parameter containing: [torch.float32 of size 1x1x32x64 (cuda:0)]
      (3): Parameter containing: [torch.float32 of size 1x1x64x128 (cuda:0)]
      (4): Parameter containing: [torch.float32 of size 1x1x128x256 (cuda:0)]
      (5): Parameter containing: [torch.float32 of size 1x1x256x512 (cuda:0)]
      (6): Parameter containing: [torch.float32 of size 1x1x512x1024 (cuda:0)]
  )
)
train the 24 -th image
start temperature: 0.3 noise parameter: 2.0
end temperature: 0.1 noise parameter: 1.0
********************Start from stage I
********************going into stage II
eval_object_psnr: 31.984479730502102
eval_background_psnr: 25.469187624632465
eval_background_psnr: 25.469187624632465
********************Evaluation the Image 24-th, after Step 999, BEST PSNR: 24.594300, Print rate 0.258015. *************************
Saved model at ./saved/modbase_7/context_16_arm_mod_16/sparity_0.0/inr_mod_16KODAK_ROI_Global_new_struture_7_12_3_33_orderconcat_operator_0_pw_0.4_img_object24.pth
Trained the image with PSNR: 24.59429952444371  latent bits 0.2580149471759796 latent bits number 135274.140625
[28.114925448955784, 27.75344635449581, 28.104604897360105, 24.80622245686048, 26.096687175464595, 26.0869387216253, 28.602759262492118, 28.698035275313075, 28.724695467332477, 28.86936303082241, 28.781122710934838, 28.282628902398596, 29.184186649476896, 28.941437861342553, 28.925716505673904, 29.41438464014571, 29.702154744810482, 29.59473713422845, 26.215374537965875, 26.239135180586633, 26.18381407989028, 28.0781444655685, 27.950031698872028, 26.81212173862393, 24.59429952444371]
[0.19625774025917053, 0.20048120617866516, 0.2012585699558258, 0.3268035054206848, 0.30659914016723633, 0.29963308572769165, 0.14397549629211426, 0.1350162774324417, 0.14233466982841492, 0.19726350903511047, 0.21638348698616028, 0.23457299172878265, 0.14923088252544403, 0.14882956445217133, 0.15251144766807556, 0.12884807586669922, 0.12686321139335632, 0.12805309891700745, 0.2891550362110138, 0.2941104471683502, 0.29806259274482727, 0.1421530693769455, 0.1567736566066742, 0.18481005728244781, 0.2580149471759796]
[102895.578125, 105109.890625, 105517.453125, 171339.15625, 160746.25, 157094.03125, 75484.625, 70787.4140625, 74624.359375, 103422.890625, 113447.265625, 122983.8046875, 78239.9609375, 78029.5546875, 79959.921875, 67553.5, 66512.859375, 67136.703125, 151600.515625, 154198.578125, 156270.640625, 74529.1484375, 82194.546875, 96893.6953125, 135274.140625]
load the model: ./saved/modbase_7/context_16_arm_mod_16/sparity_0.0/inr_mod_16KODAK_ROI_Global_new_struture_7_12_3_33_orderconcat_operator_0_pw_0.4_img_object24.pth for the  24 -th image
********************Evalutation with quantization
********************Starting quantizing models
eval_object_psnr: 31.524864670466815
full_image_psnr: 23.92187864831619
object_psnr: 31.524864670466815
background_psnr: 24.75235284805804
********************Evaluation the Image 24-th, BEST PSNR: 23.921879, Print rate 0.258282, Network rate 0.017662. *************************
eval_wsssim: 0.834184
Decoded image saved to ./experiments/vcip_wssim_tunado_diegoPC/decoded_images/othim25_maskerp_wsmse0_swhdc1_erp1_lambda0.4.png
Evaluate the image: PSNR: 23.92187864831619 All bits: 0.2759440541267395  latent bits: 0.25828200578689575  network bits: 0.01766204833984375
Evaluate arm network bits: 0.009105682373046875 Evaluate synthesis network bits: 0.007978439331054688
Image All bits num: 144674.15625 latent bits num: 135414.15625 mlp bits num: 9260.0 border bits num:
arm bits num: 4774.0 synthesis bits num: 4183.0
[26.98496290731588, 26.914855757670068, 26.794346067269846, 24.505044114122843, 24.905289311296652, 26.01794850733637, 27.640481035631826, 28.249792959094236, 26.203673447321364, 27.12993714597319, 26.60013784437282, 26.955260398128285, 28.50915572076316, 27.445143896789556, 28.299929587681635, 28.921389483966834, 28.122366251402894, 27.985221085081786, 25.560771307524863, 25.376369368048305, 25.244716709507873, 27.38765357344776, 27.196577304519405, 26.02375149466434, 23.92187864831619]
[0.21442179381847382, 0.21952378749847412, 0.21920588612556458, 0.34355807304382324, 0.32367488741874695, 0.3186313509941101, 0.1611802875995636, 0.1541002094745636, 0.1595911681652069, 0.21465057134628296, 0.2338292896747589, 0.2521454095840454, 0.1672709584236145, 0.16582432389259338, 0.17121845483779907, 0.14735010266304016, 0.14436210691928864, 0.1454346477985382, 0.3068193793296814, 0.3118520975112915, 0.31500452756881714, 0.16060616075992584, 0.17514273524284363, 0.2032937854528427, 0.2759440541267395]
[112418.7734375, 115093.6875, 114927.015625, 180123.375, 169698.859375, 167054.59375, 84504.890625, 80792.890625, 83671.734375, 112538.71875, 122593.890625, 132196.8125, 87698.15625, 86939.703125, 89767.78125, 77253.890625, 75687.3203125, 76249.640625, 160861.71875, 163500.3125, 165153.09375, 84203.8828125, 91825.234375, 106584.4921875, 144674.15625]
Metrics saved to ./experiments/vcip_wssim_tunado_diegoPC/results.csv
Current eval Ave PSNR: 26.755866157089923 Ave Bits 0.2201854419708252
Namespace(batch_size=1, lr=0.01, data='../data', sparsity=0.0, local_upsampling_kernel_size=8, upsampling_kernel_size=8, static_upsampling_kernel=False, latent_factor=1, mod_base=7, highest_flag=1, context_arm=16, dim_arm_mod=16, use_candidate=True, type='other', mod_hid_layer=0, sythesis_features=12, hidden_features=64, hidden_layer=2, scale=1, lambda_rate=0.4, lambda_rate_list=[0.4, 0.8], start_index=0, mask_type='erp', wsmse_tag=0, swhdc_tag=1, swhdc_dilations=[1, 2, 3, 4], erp_padding=1, workdir='./experiments/vcip_wssim_tunado_diegoPC', train_steps_1=5000, train_steps_2=1000, loss_type='combined', lambda_dist=0.0, lambda_percep=1.0, patch_h=512, patch_w=1024, all_pix_num=524288, eval_pix_num=524288)
Directory './saved/modbase_7/context_16_arm_mod_16' already exists.
Directory './saved/modbase_7/context_16_arm_mod_16/sparity_0.0' already exists.
top %: 0.0

🔁 Stage-1 Training Candidate 1/7
Quantizer parameter: encoding gain  16
total pixel: 524288
Get Mod with shape torch.Size([1, 1, 8, 16]) at layer: 1
Get Mod with shape torch.Size([1, 1, 16, 32]) at layer: 2
Get Mod with shape torch.Size([1, 1, 32, 64]) at layer: 3
Get Mod with shape torch.Size([1, 1, 64, 128]) at layer: 4
Get Mod with shape torch.Size([1, 1, 128, 256]) at layer: 5
Get Mod with shape torch.Size([1, 1, 256, 512]) at layer: 6
Get Mod with shape torch.Size([1, 1, 512, 1024]) at layer: 7
start temperature: 0.3 noise parameter: 2.0
end temperature: 0.3 noise parameter: 2.0
********************Start from stage I
Step 400, BEST PSNR: 23.175661, Total loss 0.318934 with its rate 0.33017539978027344 latent_bits 173107.0

🔁 Stage-1 Training Candidate 2/7
Quantizer parameter: encoding gain  16
total pixel: 524288
Get Mod with shape torch.Size([1, 1, 8, 16]) at layer: 1
Get Mod with shape torch.Size([1, 1, 16, 32]) at layer: 2
Get Mod with shape torch.Size([1, 1, 32, 64]) at layer: 3
Get Mod with shape torch.Size([1, 1, 64, 128]) at layer: 4
Get Mod with shape torch.Size([1, 1, 128, 256]) at layer: 5
Get Mod with shape torch.Size([1, 1, 256, 512]) at layer: 6
Get Mod with shape torch.Size([1, 1, 512, 1024]) at layer: 7
start temperature: 0.3 noise parameter: 2.0
end temperature: 0.3 noise parameter: 2.0
********************Start from stage I
Step 400, BEST PSNR: 23.320665, Total loss 0.316068 with its rate 0.3402191698551178 latent_bits 178372.828125

🔁 Stage-1 Training Candidate 3/7
Quantizer parameter: encoding gain  16
total pixel: 524288
Get Mod with shape torch.Size([1, 1, 8, 16]) at layer: 1
Get Mod with shape torch.Size([1, 1, 16, 32]) at layer: 2
Get Mod with shape torch.Size([1, 1, 32, 64]) at layer: 3
Get Mod with shape torch.Size([1, 1, 64, 128]) at layer: 4
Get Mod with shape torch.Size([1, 1, 128, 256]) at layer: 5
Get Mod with shape torch.Size([1, 1, 256, 512]) at layer: 6
Get Mod with shape torch.Size([1, 1, 512, 1024]) at layer: 7
start temperature: 0.3 noise parameter: 2.0
end temperature: 0.3 noise parameter: 2.0
********************Start from stage I
Step 400, BEST PSNR: 23.299051, Total loss 0.314497 with its rate 0.34738045930862427 latent_bits 182127.40625

🔁 Stage-1 Training Candidate 4/7
Quantizer parameter: encoding gain  16
total pixel: 524288
Get Mod with shape torch.Size([1, 1, 8, 16]) at layer: 1
Get Mod with shape torch.Size([1, 1, 16, 32]) at layer: 2
Get Mod with shape torch.Size([1, 1, 32, 64]) at layer: 3
Get Mod with shape torch.Size([1, 1, 64, 128]) at layer: 4
Get Mod with shape torch.Size([1, 1, 128, 256]) at layer: 5
Get Mod with shape torch.Size([1, 1, 256, 512]) at layer: 6
Get Mod with shape torch.Size([1, 1, 512, 1024]) at layer: 7
start temperature: 0.3 noise parameter: 2.0
end temperature: 0.3 noise parameter: 2.0
********************Start from stage I
Step 400, BEST PSNR: 23.099354, Total loss 0.316316 with its rate 0.32853761315345764 latent_bits 172248.328125

🔁 Stage-1 Training Candidate 5/7
Quantizer parameter: encoding gain  16
total pixel: 524288
Get Mod with shape torch.Size([1, 1, 8, 16]) at layer: 1
Get Mod with shape torch.Size([1, 1, 16, 32]) at layer: 2
Get Mod with shape torch.Size([1, 1, 32, 64]) at layer: 3
Get Mod with shape torch.Size([1, 1, 64, 128]) at layer: 4
Get Mod with shape torch.Size([1, 1, 128, 256]) at layer: 5
Get Mod with shape torch.Size([1, 1, 256, 512]) at layer: 6
Get Mod with shape torch.Size([1, 1, 512, 1024]) at layer: 7
start temperature: 0.3 noise parameter: 2.0
end temperature: 0.3 noise parameter: 2.0
********************Start from stage I
Step 400, BEST PSNR: 23.081360, Total loss 0.315801 with its rate 0.3394474387168884 latent_bits 177968.21875

🔁 Stage-1 Training Candidate 6/7
Quantizer parameter: encoding gain  16
total pixel: 524288
Get Mod with shape torch.Size([1, 1, 8, 16]) at layer: 1
Get Mod with shape torch.Size([1, 1, 16, 32]) at layer: 2
Get Mod with shape torch.Size([1, 1, 32, 64]) at layer: 3
Get Mod with shape torch.Size([1, 1, 64, 128]) at layer: 4
Get Mod with shape torch.Size([1, 1, 128, 256]) at layer: 5
Get Mod with shape torch.Size([1, 1, 256, 512]) at layer: 6
Get Mod with shape torch.Size([1, 1, 512, 1024]) at layer: 7
start temperature: 0.3 noise parameter: 2.0
end temperature: 0.3 noise parameter: 2.0
********************Start from stage I
Step 400, BEST PSNR: 23.531292, Total loss 0.312292 with its rate 0.34500637650489807 latent_bits 180882.703125

🔁 Stage-1 Training Candidate 7/7
Quantizer parameter: encoding gain  16
total pixel: 524288
Get Mod with shape torch.Size([1, 1, 8, 16]) at layer: 1
Get Mod with shape torch.Size([1, 1, 16, 32]) at layer: 2
Get Mod with shape torch.Size([1, 1, 32, 64]) at layer: 3
Get Mod with shape torch.Size([1, 1, 64, 128]) at layer: 4
Get Mod with shape torch.Size([1, 1, 128, 256]) at layer: 5
Get Mod with shape torch.Size([1, 1, 256, 512]) at layer: 6
Get Mod with shape torch.Size([1, 1, 512, 1024]) at layer: 7
start temperature: 0.3 noise parameter: 2.0
end temperature: 0.3 noise parameter: 2.0
********************Start from stage I
Step 400, BEST PSNR: 22.999022, Total loss 0.316313 with its rate 0.33528944849967957 latent_bits 175788.234375

🌟 Selected Top-3 Candidates by RD cost

🎯 Stage-2 Refining Candidate 1/3
start temperature: 0.3 noise parameter: 2.0
end temperature: 0.3 noise parameter: 2.0
********************Start from stage I
Step 400, BEST PSNR: 23.913635, Total loss 0.313149 with its rate 0.3722657561302185 latent_bits 195174.46875

🎯 Stage-2 Refining Candidate 2/3
start temperature: 0.3 noise parameter: 2.0
end temperature: 0.3 noise parameter: 2.0
********************Start from stage I
Step 400, BEST PSNR: 23.858500, Total loss 0.316426 with its rate 0.37285691499710083 latent_bits 195484.40625

🎯 Stage-2 Refining Candidate 3/3
start temperature: 0.3 noise parameter: 2.0
end temperature: 0.3 noise parameter: 2.0
********************Start from stage I
Step 400, BEST PSNR: 23.713250, Total loss 0.319500 with its rate 0.3756103515625 latent_bits 196928.0

🏆 Best Candidate Final PSNR: 23.91, Rate: 0.3723
Masked_INR(
  (upsampling_2d): Upsampling(
    (conv_transpose2d): UpsamplingConvTranspose2d()
  )
  (arm): Arm(
    (mlp): Sequential(
      (0): ArmConv(
        (conv1_1): Conv1d(16, 16, kernel_size=(1,), stride=(1,))
      )
      (1): GELU(approximate='none')
      (2): ArmConv(
        (conv1_1): Conv1d(16, 16, kernel_size=(1,), stride=(1,))
      )
      (3): GELU(approximate='none')
      (4): ArmConv(
        (conv1_1): Conv1d(16, 2, kernel_size=(1,), stride=(1,))
      )
    )
  )
  (conv_mod): LocalGlobalBlock(
    (net): Sequential(
      (0): SynthesisLayer(
        (pad): Identity()
        (conv_layer): SWHDC(
          (conv): Conv2d(2, 3, kernel_size=(3, 3), stride=(1, 1))
        )
        (non_linearity): GELU(approximate='none')
      )
      (1): SynthesisResidualLayer(
        (pad): ReplicationPad2d((0, 0, 0, 0))
        (conv_layer): Conv2d(3, 3, kernel_size=(1, 1), stride=(1, 1))
        (non_linearity): GELU(approximate='none')
      )
      (2): SynthesisResidualLayer(
        (pad): ReplicationPad2d((0, 0, 0, 0))
        (conv_layer): Conv2d(3, 3, kernel_size=(1, 1), stride=(1, 1))
        (non_linearity): GELU(approximate='none')
      )
      (3): SynthesisResidualLayer(
        (pad): ReplicationPad2d((0, 0, 0, 0))
        (conv_layer): Conv2d(3, 3, kernel_size=(1, 1), stride=(1, 1))
        (non_linearity): Identity()
      )
    )
    (global_net): Sequential(
      (0): SynthesisLayer(
        (pad): Identity()
        (conv_layer): SWHDC(
          (conv): Conv2d(2, 3, kernel_size=(3, 3), stride=(1, 1))
        )
        (non_linearity): GELU(approximate='none')
      )
      (1): SynthesisResidualLayer(
        (pad): ReplicationPad2d((0, 0, 0, 0))
        (conv_layer): Conv2d(3, 3, kernel_size=(1, 1), stride=(1, 1))
        (non_linearity): GELU(approximate='none')
      )
      (2): SynthesisResidualLayer(
        (pad): ReplicationPad2d((0, 0, 0, 0))
        (conv_layer): Conv2d(3, 3, kernel_size=(1, 1), stride=(1, 1))
        (non_linearity): GELU(approximate='none')
      )
      (3): SynthesisResidualLayer(
        (pad): ReplicationPad2d((0, 0, 0, 0))
        (conv_layer): Conv2d(3, 3, kernel_size=(1, 1), stride=(1, 1))
        (non_linearity): Identity()
      )
    )
    (agg_func): Sequential(
      (0): SynthesisLayer(
        (pad): ReplicationPad2d((0, 0, 0, 0))
        (conv_layer): Conv2d(18, 3, kernel_size=(1, 1), stride=(1, 1))
        (non_linearity): GELU(approximate='none')
      )
      (1): SynthesisLayer(
        (pad): ReplicationPad2d((0, 0, 0, 0))
        (conv_layer): Conv2d(21, 3, kernel_size=(1, 1), stride=(1, 1))
        (non_linearity): GELU(approximate='none')
      )
      (2): SynthesisLayer(
        (pad): ReplicationPad2d((0, 0, 0, 0))
        (conv_layer): Conv2d(24, 3, kernel_size=(1, 1), stride=(1, 1))
        (non_linearity): GELU(approximate='none')
      )
    )
    (full_net): Sequential(
      (0): SynthesisLayer(
        (pad): ReplicationPad2d((0, 0, 0, 0))
        (conv_layer): Conv2d(7, 12, kernel_size=(1, 1), stride=(1, 1))
        (non_linearity): GELU(approximate='none')
      )
      (1): SynthesisLayer(
        (pad): ReplicationPad2d((0, 0, 0, 0))
        (conv_layer): Conv2d(12, 3, kernel_size=(1, 1), stride=(1, 1))
        (non_linearity): GELU(approximate='none')
      )
      (2): SynthesisResidualLayer(
        (conv_layer): Conv2d(3, 3, kernel_size=(3, 3), stride=(1, 1))
        (non_linearity): GELU(approximate='none')
      )
      (3): SynthesisResidualLayer(
        (conv_layer): Conv2d(3, 3, kernel_size=(3, 3), stride=(1, 1))
        (non_linearity): GELU(approximate='none')
      )
    )
  )
  (modulation_sf): ParameterList(
      (0): Parameter containing: [torch.float32 of size 1x1x8x16 (cuda:0)]
      (1): Parameter containing: [torch.float32 of size 1x1x16x32 (cuda:0)]
      (2): Parameter containing: [torch.float32 of size 1x1x32x64 (cuda:0)]
      (3): Parameter containing: [torch.float32 of size 1x1x64x128 (cuda:0)]
      (4): Parameter containing: [torch.float32 of size 1x1x128x256 (cuda:0)]
      (5): Parameter containing: [torch.float32 of size 1x1x256x512 (cuda:0)]
      (6): Parameter containing: [torch.float32 of size 1x1x512x1024 (cuda:0)]
  )
)
train the 25 -th image
start temperature: 0.3 noise parameter: 2.0
end temperature: 0.1 noise parameter: 1.0
********************Start from stage I
********************going into stage II
eval_object_psnr: 31.993783278736146
eval_background_psnr: 25.54197889053047
eval_background_psnr: 25.54197889053047
********************Evaluation the Image 25-th, after Step 999, BEST PSNR: 24.655450, Print rate 0.264301. *************************
Saved model at ./saved/modbase_7/context_16_arm_mod_16/sparity_0.0/inr_mod_16KODAK_ROI_Global_new_struture_7_12_3_33_orderconcat_operator_0_pw_0.4_img_object25.pth
Trained the image with PSNR: 24.655449820804467  latent bits 0.26430147886276245 latent bits number 138570.09375
[28.114925448955784, 27.75344635449581, 28.104604897360105, 24.80622245686048, 26.096687175464595, 26.0869387216253, 28.602759262492118, 28.698035275313075, 28.724695467332477, 28.86936303082241, 28.781122710934838, 28.282628902398596, 29.184186649476896, 28.941437861342553, 28.925716505673904, 29.41438464014571, 29.702154744810482, 29.59473713422845, 26.215374537965875, 26.239135180586633, 26.18381407989028, 28.0781444655685, 27.950031698872028, 26.81212173862393, 24.59429952444371, 24.655449820804467]
[0.19625774025917053, 0.20048120617866516, 0.2012585699558258, 0.3268035054206848, 0.30659914016723633, 0.29963308572769165, 0.14397549629211426, 0.1350162774324417, 0.14233466982841492, 0.19726350903511047, 0.21638348698616028, 0.23457299172878265, 0.14923088252544403, 0.14882956445217133, 0.15251144766807556, 0.12884807586669922, 0.12686321139335632, 0.12805309891700745, 0.2891550362110138, 0.2941104471683502, 0.29806259274482727, 0.1421530693769455, 0.1567736566066742, 0.18481005728244781, 0.2580149471759796, 0.26430147886276245]
[102895.578125, 105109.890625, 105517.453125, 171339.15625, 160746.25, 157094.03125, 75484.625, 70787.4140625, 74624.359375, 103422.890625, 113447.265625, 122983.8046875, 78239.9609375, 78029.5546875, 79959.921875, 67553.5, 66512.859375, 67136.703125, 151600.515625, 154198.578125, 156270.640625, 74529.1484375, 82194.546875, 96893.6953125, 135274.140625, 138570.09375]
load the model: ./saved/modbase_7/context_16_arm_mod_16/sparity_0.0/inr_mod_16KODAK_ROI_Global_new_struture_7_12_3_33_orderconcat_operator_0_pw_0.4_img_object25.pth for the  25 -th image
********************Evalutation with quantization
********************Starting quantizing models
eval_object_psnr: 31.88208238317169
full_image_psnr: 24.506363246537436
object_psnr: 31.88208238317169
background_psnr: 25.38462776329983
********************Evaluation the Image 25-th, BEST PSNR: 24.506363, Print rate 0.266554, Network rate 0.016911. *************************
eval_wsssim: 0.845150
Decoded image saved to ./experiments/vcip_wssim_tunado_diegoPC/decoded_images/othim26_maskerp_wsmse0_swhdc1_erp1_lambda0.4.png
Evaluate the image: PSNR: 24.506363246537436 All bits: 0.28346458077430725  latent bits: 0.2665540277957916  network bits: 0.016910552978515625
Evaluate arm network bits: 0.0071811676025390625 Evaluate synthesis network bits: 0.009138107299804688
Image All bits num: 148617.078125 latent bits num: 139751.078125 mlp bits num: 8866.0 border bits num:
arm bits num: 3765.0 synthesis bits num: 4791.0
[26.98496290731588, 26.914855757670068, 26.794346067269846, 24.505044114122843, 24.905289311296652, 26.01794850733637, 27.640481035631826, 28.249792959094236, 26.203673447321364, 27.12993714597319, 26.60013784437282, 26.955260398128285, 28.50915572076316, 27.445143896789556, 28.299929587681635, 28.921389483966834, 28.122366251402894, 27.985221085081786, 25.560771307524863, 25.376369368048305, 25.244716709507873, 27.38765357344776, 27.196577304519405, 26.02375149466434, 23.92187864831619, 24.506363246537436]
[0.21442179381847382, 0.21952378749847412, 0.21920588612556458, 0.34355807304382324, 0.32367488741874695, 0.3186313509941101, 0.1611802875995636, 0.1541002094745636, 0.1595911681652069, 0.21465057134628296, 0.2338292896747589, 0.2521454095840454, 0.1672709584236145, 0.16582432389259338, 0.17121845483779907, 0.14735010266304016, 0.14436210691928864, 0.1454346477985382, 0.3068193793296814, 0.3118520975112915, 0.31500452756881714, 0.16060616075992584, 0.17514273524284363, 0.2032937854528427, 0.2759440541267395, 0.28346458077430725]
[112418.7734375, 115093.6875, 114927.015625, 180123.375, 169698.859375, 167054.59375, 84504.890625, 80792.890625, 83671.734375, 112538.71875, 122593.890625, 132196.8125, 87698.15625, 86939.703125, 89767.78125, 77253.890625, 75687.3203125, 76249.640625, 160861.71875, 163500.3125, 165153.09375, 84203.8828125, 91825.234375, 106584.4921875, 144674.15625, 148617.078125]
Metrics saved to ./experiments/vcip_wssim_tunado_diegoPC/results.csv
Current eval Ave PSNR: 26.669346814376368 Ave Bits 0.22261925500172836
Namespace(batch_size=1, lr=0.01, data='../data', sparsity=0.0, local_upsampling_kernel_size=8, upsampling_kernel_size=8, static_upsampling_kernel=False, latent_factor=1, mod_base=7, highest_flag=1, context_arm=16, dim_arm_mod=16, use_candidate=True, type='other', mod_hid_layer=0, sythesis_features=12, hidden_features=64, hidden_layer=2, scale=1, lambda_rate=0.4, lambda_rate_list=[0.4, 0.8], start_index=0, mask_type='erp', wsmse_tag=0, swhdc_tag=1, swhdc_dilations=[1, 2, 3, 4], erp_padding=1, workdir='./experiments/vcip_wssim_tunado_diegoPC', train_steps_1=5000, train_steps_2=1000, loss_type='combined', lambda_dist=0.0, lambda_percep=1.0, patch_h=512, patch_w=1024, all_pix_num=524288, eval_pix_num=524288)
Directory './saved/modbase_7/context_16_arm_mod_16' already exists.
Directory './saved/modbase_7/context_16_arm_mod_16/sparity_0.0' already exists.
top %: 0.0

🔁 Stage-1 Training Candidate 1/7
Quantizer parameter: encoding gain  16
total pixel: 524288
Get Mod with shape torch.Size([1, 1, 8, 16]) at layer: 1
Get Mod with shape torch.Size([1, 1, 16, 32]) at layer: 2
Get Mod with shape torch.Size([1, 1, 32, 64]) at layer: 3
Get Mod with shape torch.Size([1, 1, 64, 128]) at layer: 4
Get Mod with shape torch.Size([1, 1, 128, 256]) at layer: 5
Get Mod with shape torch.Size([1, 1, 256, 512]) at layer: 6
Get Mod with shape torch.Size([1, 1, 512, 1024]) at layer: 7
start temperature: 0.3 noise parameter: 2.0
end temperature: 0.3 noise parameter: 2.0
********************Start from stage I
Step 400, BEST PSNR: 23.933203, Total loss 0.316730 with its rate 0.3165016174316406 latent_bits 165938.0

🔁 Stage-1 Training Candidate 2/7
Quantizer parameter: encoding gain  16
total pixel: 524288
Get Mod with shape torch.Size([1, 1, 8, 16]) at layer: 1
Get Mod with shape torch.Size([1, 1, 16, 32]) at layer: 2
Get Mod with shape torch.Size([1, 1, 32, 64]) at layer: 3
Get Mod with shape torch.Size([1, 1, 64, 128]) at layer: 4
Get Mod with shape torch.Size([1, 1, 128, 256]) at layer: 5
Get Mod with shape torch.Size([1, 1, 256, 512]) at layer: 6
Get Mod with shape torch.Size([1, 1, 512, 1024]) at layer: 7
start temperature: 0.3 noise parameter: 2.0
end temperature: 0.3 noise parameter: 2.0
********************Start from stage I
Step 400, BEST PSNR: 24.055921, Total loss 0.314459 with its rate 0.32608166337013245 latent_bits 170960.703125

🔁 Stage-1 Training Candidate 3/7
Quantizer parameter: encoding gain  16
total pixel: 524288
Get Mod with shape torch.Size([1, 1, 8, 16]) at layer: 1
Get Mod with shape torch.Size([1, 1, 16, 32]) at layer: 2
Get Mod with shape torch.Size([1, 1, 32, 64]) at layer: 3
Get Mod with shape torch.Size([1, 1, 64, 128]) at layer: 4
Get Mod with shape torch.Size([1, 1, 128, 256]) at layer: 5
Get Mod with shape torch.Size([1, 1, 256, 512]) at layer: 6
Get Mod with shape torch.Size([1, 1, 512, 1024]) at layer: 7
start temperature: 0.3 noise parameter: 2.0
end temperature: 0.3 noise parameter: 2.0
********************Start from stage I
Step 400, BEST PSNR: 24.102565, Total loss 0.312049 with its rate 0.31379979848861694 latent_bits 164521.46875

🔁 Stage-1 Training Candidate 4/7
Quantizer parameter: encoding gain  16
total pixel: 524288
Get Mod with shape torch.Size([1, 1, 8, 16]) at layer: 1
Get Mod with shape torch.Size([1, 1, 16, 32]) at layer: 2
Get Mod with shape torch.Size([1, 1, 32, 64]) at layer: 3
Get Mod with shape torch.Size([1, 1, 64, 128]) at layer: 4
Get Mod with shape torch.Size([1, 1, 128, 256]) at layer: 5
Get Mod with shape torch.Size([1, 1, 256, 512]) at layer: 6
Get Mod with shape torch.Size([1, 1, 512, 1024]) at layer: 7
start temperature: 0.3 noise parameter: 2.0
end temperature: 0.3 noise parameter: 2.0
********************Start from stage I
Step 400, BEST PSNR: 24.216118, Total loss 0.308422 with its rate 0.31990620493888855 latent_bits 167722.984375

🔁 Stage-1 Training Candidate 5/7
Quantizer parameter: encoding gain  16
total pixel: 524288
Get Mod with shape torch.Size([1, 1, 8, 16]) at layer: 1
Get Mod with shape torch.Size([1, 1, 16, 32]) at layer: 2
Get Mod with shape torch.Size([1, 1, 32, 64]) at layer: 3
Get Mod with shape torch.Size([1, 1, 64, 128]) at layer: 4
Get Mod with shape torch.Size([1, 1, 128, 256]) at layer: 5
Get Mod with shape torch.Size([1, 1, 256, 512]) at layer: 6
Get Mod with shape torch.Size([1, 1, 512, 1024]) at layer: 7
start temperature: 0.3 noise parameter: 2.0
end temperature: 0.3 noise parameter: 2.0
********************Start from stage I
Step 400, BEST PSNR: 24.016941, Total loss 0.315386 with its rate 0.32302308082580566 latent_bits 169357.125

🔁 Stage-1 Training Candidate 6/7
Quantizer parameter: encoding gain  16
total pixel: 524288
Get Mod with shape torch.Size([1, 1, 8, 16]) at layer: 1
Get Mod with shape torch.Size([1, 1, 16, 32]) at layer: 2
Get Mod with shape torch.Size([1, 1, 32, 64]) at layer: 3
Get Mod with shape torch.Size([1, 1, 64, 128]) at layer: 4
Get Mod with shape torch.Size([1, 1, 128, 256]) at layer: 5
Get Mod with shape torch.Size([1, 1, 256, 512]) at layer: 6
Get Mod with shape torch.Size([1, 1, 512, 1024]) at layer: 7
start temperature: 0.3 noise parameter: 2.0
end temperature: 0.3 noise parameter: 2.0
********************Start from stage I
Step 400, BEST PSNR: 24.293857, Total loss 0.315411 with its rate 0.33624976873397827 latent_bits 176291.71875

🔁 Stage-1 Training Candidate 7/7
Quantizer parameter: encoding gain  16
total pixel: 524288
Get Mod with shape torch.Size([1, 1, 8, 16]) at layer: 1
Get Mod with shape torch.Size([1, 1, 16, 32]) at layer: 2
Get Mod with shape torch.Size([1, 1, 32, 64]) at layer: 3
Get Mod with shape torch.Size([1, 1, 64, 128]) at layer: 4
Get Mod with shape torch.Size([1, 1, 128, 256]) at layer: 5
Get Mod with shape torch.Size([1, 1, 256, 512]) at layer: 6
Get Mod with shape torch.Size([1, 1, 512, 1024]) at layer: 7
start temperature: 0.3 noise parameter: 2.0
end temperature: 0.3 noise parameter: 2.0
********************Start from stage I
Step 400, BEST PSNR: 24.575724, Total loss 0.311073 with its rate 0.32930833101272583 latent_bits 172652.40625

🌟 Selected Top-3 Candidates by RD cost

🎯 Stage-2 Refining Candidate 1/3
start temperature: 0.3 noise parameter: 2.0
end temperature: 0.3 noise parameter: 2.0
********************Start from stage I
Step 400, BEST PSNR: 24.817587, Total loss 0.310659 with its rate 0.3535849452018738 latent_bits 185380.34375

🎯 Stage-2 Refining Candidate 2/3
start temperature: 0.3 noise parameter: 2.0
end temperature: 0.3 noise parameter: 2.0
********************Start from stage I
Step 400, BEST PSNR: 24.651538, Total loss 0.316341 with its rate 0.3674544095993042 latent_bits 192651.9375

🎯 Stage-2 Refining Candidate 3/3
start temperature: 0.3 noise parameter: 2.0
end temperature: 0.3 noise parameter: 2.0
********************Start from stage I
Step 400, BEST PSNR: 24.671650, Total loss 0.314953 with its rate 0.3535822033882141 latent_bits 185378.90625

🏆 Best Candidate Final PSNR: 24.82, Rate: 0.3536
Masked_INR(
  (upsampling_2d): Upsampling(
    (conv_transpose2d): UpsamplingConvTranspose2d()
  )
  (arm): Arm(
    (mlp): Sequential(
      (0): ArmConv(
        (conv1_1): Conv1d(16, 16, kernel_size=(1,), stride=(1,))
      )
      (1): GELU(approximate='none')
      (2): ArmConv(
        (conv1_1): Conv1d(16, 16, kernel_size=(1,), stride=(1,))
      )
      (3): GELU(approximate='none')
      (4): ArmConv(
        (conv1_1): Conv1d(16, 2, kernel_size=(1,), stride=(1,))
      )
    )
  )
  (conv_mod): LocalGlobalBlock(
    (net): Sequential(
      (0): SynthesisLayer(
        (pad): Identity()
        (conv_layer): SWHDC(
          (conv): Conv2d(2, 3, kernel_size=(3, 3), stride=(1, 1))
        )
        (non_linearity): GELU(approximate='none')
      )
      (1): SynthesisResidualLayer(
        (pad): ReplicationPad2d((0, 0, 0, 0))
        (conv_layer): Conv2d(3, 3, kernel_size=(1, 1), stride=(1, 1))
        (non_linearity): GELU(approximate='none')
      )
      (2): SynthesisResidualLayer(
        (pad): ReplicationPad2d((0, 0, 0, 0))
        (conv_layer): Conv2d(3, 3, kernel_size=(1, 1), stride=(1, 1))
        (non_linearity): GELU(approximate='none')
      )
      (3): SynthesisResidualLayer(
        (pad): ReplicationPad2d((0, 0, 0, 0))
        (conv_layer): Conv2d(3, 3, kernel_size=(1, 1), stride=(1, 1))
        (non_linearity): Identity()
      )
    )
    (global_net): Sequential(
      (0): SynthesisLayer(
        (pad): Identity()
        (conv_layer): SWHDC(
          (conv): Conv2d(2, 3, kernel_size=(3, 3), stride=(1, 1))
        )
        (non_linearity): GELU(approximate='none')
      )
      (1): SynthesisResidualLayer(
        (pad): ReplicationPad2d((0, 0, 0, 0))
        (conv_layer): Conv2d(3, 3, kernel_size=(1, 1), stride=(1, 1))
        (non_linearity): GELU(approximate='none')
      )
      (2): SynthesisResidualLayer(
        (pad): ReplicationPad2d((0, 0, 0, 0))
        (conv_layer): Conv2d(3, 3, kernel_size=(1, 1), stride=(1, 1))
        (non_linearity): GELU(approximate='none')
      )
      (3): SynthesisResidualLayer(
        (pad): ReplicationPad2d((0, 0, 0, 0))
        (conv_layer): Conv2d(3, 3, kernel_size=(1, 1), stride=(1, 1))
        (non_linearity): Identity()
      )
    )
    (agg_func): Sequential(
      (0): SynthesisLayer(
        (pad): ReplicationPad2d((0, 0, 0, 0))
        (conv_layer): Conv2d(18, 3, kernel_size=(1, 1), stride=(1, 1))
        (non_linearity): GELU(approximate='none')
      )
      (1): SynthesisLayer(
        (pad): ReplicationPad2d((0, 0, 0, 0))
        (conv_layer): Conv2d(21, 3, kernel_size=(1, 1), stride=(1, 1))
        (non_linearity): GELU(approximate='none')
      )
      (2): SynthesisLayer(
        (pad): ReplicationPad2d((0, 0, 0, 0))
        (conv_layer): Conv2d(24, 3, kernel_size=(1, 1), stride=(1, 1))
        (non_linearity): GELU(approximate='none')
      )
    )
    (full_net): Sequential(
      (0): SynthesisLayer(
        (pad): ReplicationPad2d((0, 0, 0, 0))
        (conv_layer): Conv2d(7, 12, kernel_size=(1, 1), stride=(1, 1))
        (non_linearity): GELU(approximate='none')
      )
      (1): SynthesisLayer(
        (pad): ReplicationPad2d((0, 0, 0, 0))
        (conv_layer): Conv2d(12, 3, kernel_size=(1, 1), stride=(1, 1))
        (non_linearity): GELU(approximate='none')
      )
      (2): SynthesisResidualLayer(
        (conv_layer): Conv2d(3, 3, kernel_size=(3, 3), stride=(1, 1))
        (non_linearity): GELU(approximate='none')
      )
      (3): SynthesisResidualLayer(
        (conv_layer): Conv2d(3, 3, kernel_size=(3, 3), stride=(1, 1))
        (non_linearity): GELU(approximate='none')
      )
    )
  )
  (modulation_sf): ParameterList(
      (0): Parameter containing: [torch.float32 of size 1x1x8x16 (cuda:0)]
      (1): Parameter containing: [torch.float32 of size 1x1x16x32 (cuda:0)]
      (2): Parameter containing: [torch.float32 of size 1x1x32x64 (cuda:0)]
      (3): Parameter containing: [torch.float32 of size 1x1x64x128 (cuda:0)]
      (4): Parameter containing: [torch.float32 of size 1x1x128x256 (cuda:0)]
      (5): Parameter containing: [torch.float32 of size 1x1x256x512 (cuda:0)]
      (6): Parameter containing: [torch.float32 of size 1x1x512x1024 (cuda:0)]
  )
)
train the 26 -th image
start temperature: 0.3 noise parameter: 2.0
end temperature: 0.1 noise parameter: 1.0
********************Start from stage I
********************going into stage II
eval_object_psnr: 33.70655699573303
eval_background_psnr: 26.477279598202728
eval_background_psnr: 26.477279598202728
********************Evaluation the Image 26-th, after Step 999, BEST PSNR: 25.723641, Print rate 0.248074. *************************
Saved model at ./saved/modbase_7/context_16_arm_mod_16/sparity_0.0/inr_mod_16KODAK_ROI_Global_new_struture_7_12_3_33_orderconcat_operator_0_pw_0.4_img_object26.pth
Trained the image with PSNR: 25.72364096005261  latent bits 0.24807435274124146 latent bits number 130062.40625
[28.114925448955784, 27.75344635449581, 28.104604897360105, 24.80622245686048, 26.096687175464595, 26.0869387216253, 28.602759262492118, 28.698035275313075, 28.724695467332477, 28.86936303082241, 28.781122710934838, 28.282628902398596, 29.184186649476896, 28.941437861342553, 28.925716505673904, 29.41438464014571, 29.702154744810482, 29.59473713422845, 26.215374537965875, 26.239135180586633, 26.18381407989028, 28.0781444655685, 27.950031698872028, 26.81212173862393, 24.59429952444371, 24.655449820804467, 25.72364096005261]
[0.19625774025917053, 0.20048120617866516, 0.2012585699558258, 0.3268035054206848, 0.30659914016723633, 0.29963308572769165, 0.14397549629211426, 0.1350162774324417, 0.14233466982841492, 0.19726350903511047, 0.21638348698616028, 0.23457299172878265, 0.14923088252544403, 0.14882956445217133, 0.15251144766807556, 0.12884807586669922, 0.12686321139335632, 0.12805309891700745, 0.2891550362110138, 0.2941104471683502, 0.29806259274482727, 0.1421530693769455, 0.1567736566066742, 0.18481005728244781, 0.2580149471759796, 0.26430147886276245, 0.24807435274124146]
[102895.578125, 105109.890625, 105517.453125, 171339.15625, 160746.25, 157094.03125, 75484.625, 70787.4140625, 74624.359375, 103422.890625, 113447.265625, 122983.8046875, 78239.9609375, 78029.5546875, 79959.921875, 67553.5, 66512.859375, 67136.703125, 151600.515625, 154198.578125, 156270.640625, 74529.1484375, 82194.546875, 96893.6953125, 135274.140625, 138570.09375, 130062.40625]
load the model: ./saved/modbase_7/context_16_arm_mod_16/sparity_0.0/inr_mod_16KODAK_ROI_Global_new_struture_7_12_3_33_orderconcat_operator_0_pw_0.4_img_object26.pth for the  26 -th image
********************Evalutation with quantization
********************Starting quantizing models
eval_object_psnr: 33.06379794019169
full_image_psnr: 25.287956701017382
object_psnr: 33.06379794019169
background_psnr: 26.080992235225064
********************Evaluation the Image 26-th, BEST PSNR: 25.287957, Print rate 0.248275, Network rate 0.018936. *************************
eval_wsssim: 0.839721
Decoded image saved to ./experiments/vcip_wssim_tunado_diegoPC/decoded_images/othim27_maskerp_wsmse0_swhdc1_erp1_lambda0.4.png
Evaluate the image: PSNR: 25.287956701017382 All bits: 0.26721081137657166  latent bits: 0.24827465415000916  network bits: 0.0189361572265625
Evaluate arm network bits: 0.009183883666992188 Evaluate synthesis network bits: 0.009286880493164062
Image All bits num: 140095.421875 latent bits num: 130167.421875 mlp bits num: 9928.0 border bits num:
arm bits num: 4815.0 synthesis bits num: 4869.0
[26.98496290731588, 26.914855757670068, 26.794346067269846, 24.505044114122843, 24.905289311296652, 26.01794850733637, 27.640481035631826, 28.249792959094236, 26.203673447321364, 27.12993714597319, 26.60013784437282, 26.955260398128285, 28.50915572076316, 27.445143896789556, 28.299929587681635, 28.921389483966834, 28.122366251402894, 27.985221085081786, 25.560771307524863, 25.376369368048305, 25.244716709507873, 27.38765357344776, 27.196577304519405, 26.02375149466434, 23.92187864831619, 24.506363246537436, 25.287956701017382]
[0.21442179381847382, 0.21952378749847412, 0.21920588612556458, 0.34355807304382324, 0.32367488741874695, 0.3186313509941101, 0.1611802875995636, 0.1541002094745636, 0.1595911681652069, 0.21465057134628296, 0.2338292896747589, 0.2521454095840454, 0.1672709584236145, 0.16582432389259338, 0.17121845483779907, 0.14735010266304016, 0.14436210691928864, 0.1454346477985382, 0.3068193793296814, 0.3118520975112915, 0.31500452756881714, 0.16060616075992584, 0.17514273524284363, 0.2032937854528427, 0.2759440541267395, 0.28346458077430725, 0.26721081137657166]
[112418.7734375, 115093.6875, 114927.015625, 180123.375, 169698.859375, 167054.59375, 84504.890625, 80792.890625, 83671.734375, 112538.71875, 122593.890625, 132196.8125, 87698.15625, 86939.703125, 89767.78125, 77253.890625, 75687.3203125, 76249.640625, 160861.71875, 163500.3125, 165153.09375, 84203.8828125, 91825.234375, 106584.4921875, 144674.15625, 148617.078125, 140095.421875]
Metrics saved to ./experiments/vcip_wssim_tunado_diegoPC/results.csv
Current eval Ave PSNR: 26.618184217585295 Ave Bits 0.22427079412672254
Namespace(batch_size=1, lr=0.01, data='../data', sparsity=0.0, local_upsampling_kernel_size=8, upsampling_kernel_size=8, static_upsampling_kernel=False, latent_factor=1, mod_base=7, highest_flag=1, context_arm=16, dim_arm_mod=16, use_candidate=True, type='other', mod_hid_layer=0, sythesis_features=12, hidden_features=64, hidden_layer=2, scale=1, lambda_rate=0.4, lambda_rate_list=[0.4, 0.8], start_index=0, mask_type='erp', wsmse_tag=0, swhdc_tag=1, swhdc_dilations=[1, 2, 3, 4], erp_padding=1, workdir='./experiments/vcip_wssim_tunado_diegoPC', train_steps_1=5000, train_steps_2=1000, loss_type='combined', lambda_dist=0.0, lambda_percep=1.0, patch_h=512, patch_w=1024, all_pix_num=524288, eval_pix_num=524288)
Directory './saved/modbase_7/context_16_arm_mod_16' already exists.
Directory './saved/modbase_7/context_16_arm_mod_16/sparity_0.0' already exists.
top %: 0.0

🔁 Stage-1 Training Candidate 1/7
Quantizer parameter: encoding gain  16
total pixel: 524288
Get Mod with shape torch.Size([1, 1, 8, 16]) at layer: 1
Get Mod with shape torch.Size([1, 1, 16, 32]) at layer: 2
Get Mod with shape torch.Size([1, 1, 32, 64]) at layer: 3
Get Mod with shape torch.Size([1, 1, 64, 128]) at layer: 4
Get Mod with shape torch.Size([1, 1, 128, 256]) at layer: 5
Get Mod with shape torch.Size([1, 1, 256, 512]) at layer: 6
Get Mod with shape torch.Size([1, 1, 512, 1024]) at layer: 7
start temperature: 0.3 noise parameter: 2.0
end temperature: 0.3 noise parameter: 2.0
********************Start from stage I
Step 400, BEST PSNR: 25.327039, Total loss 0.287135 with its rate 0.34607380628585815 latent_bits 181442.34375

🔁 Stage-1 Training Candidate 2/7
Quantizer parameter: encoding gain  16
total pixel: 524288
Get Mod with shape torch.Size([1, 1, 8, 16]) at layer: 1
Get Mod with shape torch.Size([1, 1, 16, 32]) at layer: 2
Get Mod with shape torch.Size([1, 1, 32, 64]) at layer: 3
Get Mod with shape torch.Size([1, 1, 64, 128]) at layer: 4
Get Mod with shape torch.Size([1, 1, 128, 256]) at layer: 5
Get Mod with shape torch.Size([1, 1, 256, 512]) at layer: 6
Get Mod with shape torch.Size([1, 1, 512, 1024]) at layer: 7
start temperature: 0.3 noise parameter: 2.0
end temperature: 0.3 noise parameter: 2.0
********************Start from stage I
Step 400, BEST PSNR: 25.332022, Total loss 0.277527 with its rate 0.32831594347953796 latent_bits 172132.109375

🔁 Stage-1 Training Candidate 3/7
Quantizer parameter: encoding gain  16
total pixel: 524288
Get Mod with shape torch.Size([1, 1, 8, 16]) at layer: 1
Get Mod with shape torch.Size([1, 1, 16, 32]) at layer: 2
Get Mod with shape torch.Size([1, 1, 32, 64]) at layer: 3
Get Mod with shape torch.Size([1, 1, 64, 128]) at layer: 4
Get Mod with shape torch.Size([1, 1, 128, 256]) at layer: 5
Get Mod with shape torch.Size([1, 1, 256, 512]) at layer: 6
Get Mod with shape torch.Size([1, 1, 512, 1024]) at layer: 7
start temperature: 0.3 noise parameter: 2.0
end temperature: 0.3 noise parameter: 2.0
********************Start from stage I
Step 400, BEST PSNR: 25.530159, Total loss 0.284163 with its rate 0.34221380949020386 latent_bits 179418.59375

🔁 Stage-1 Training Candidate 4/7
Quantizer parameter: encoding gain  16
total pixel: 524288
Get Mod with shape torch.Size([1, 1, 8, 16]) at layer: 1
Get Mod with shape torch.Size([1, 1, 16, 32]) at layer: 2
Get Mod with shape torch.Size([1, 1, 32, 64]) at layer: 3
Get Mod with shape torch.Size([1, 1, 64, 128]) at layer: 4
Get Mod with shape torch.Size([1, 1, 128, 256]) at layer: 5
Get Mod with shape torch.Size([1, 1, 256, 512]) at layer: 6
Get Mod with shape torch.Size([1, 1, 512, 1024]) at layer: 7
start temperature: 0.3 noise parameter: 2.0
end temperature: 0.3 noise parameter: 2.0
********************Start from stage I
Step 400, BEST PSNR: 25.553706, Total loss 0.281444 with its rate 0.3376440703868866 latent_bits 177022.734375

🔁 Stage-1 Training Candidate 5/7
Quantizer parameter: encoding gain  16
total pixel: 524288
Get Mod with shape torch.Size([1, 1, 8, 16]) at layer: 1
Get Mod with shape torch.Size([1, 1, 16, 32]) at layer: 2
Get Mod with shape torch.Size([1, 1, 32, 64]) at layer: 3
Get Mod with shape torch.Size([1, 1, 64, 128]) at layer: 4
Get Mod with shape torch.Size([1, 1, 128, 256]) at layer: 5
Get Mod with shape torch.Size([1, 1, 256, 512]) at layer: 6
Get Mod with shape torch.Size([1, 1, 512, 1024]) at layer: 7
start temperature: 0.3 noise parameter: 2.0
end temperature: 0.3 noise parameter: 2.0
********************Start from stage I
Step 400, BEST PSNR: 25.034328, Total loss 0.289267 with its rate 0.3473225235939026 latent_bits 182097.03125

🔁 Stage-1 Training Candidate 6/7
Quantizer parameter: encoding gain  16
total pixel: 524288
Get Mod with shape torch.Size([1, 1, 8, 16]) at layer: 1
Get Mod with shape torch.Size([1, 1, 16, 32]) at layer: 2
Get Mod with shape torch.Size([1, 1, 32, 64]) at layer: 3
Get Mod with shape torch.Size([1, 1, 64, 128]) at layer: 4
Get Mod with shape torch.Size([1, 1, 128, 256]) at layer: 5
Get Mod with shape torch.Size([1, 1, 256, 512]) at layer: 6
Get Mod with shape torch.Size([1, 1, 512, 1024]) at layer: 7
start temperature: 0.3 noise parameter: 2.0
end temperature: 0.3 noise parameter: 2.0
********************Start from stage I
Step 400, BEST PSNR: 25.735395, Total loss 0.281236 with its rate 0.34059444069862366 latent_bits 178569.578125

🔁 Stage-1 Training Candidate 7/7
Quantizer parameter: encoding gain  16
total pixel: 524288
Get Mod with shape torch.Size([1, 1, 8, 16]) at layer: 1
Get Mod with shape torch.Size([1, 1, 16, 32]) at layer: 2
Get Mod with shape torch.Size([1, 1, 32, 64]) at layer: 3
Get Mod with shape torch.Size([1, 1, 64, 128]) at layer: 4
Get Mod with shape torch.Size([1, 1, 128, 256]) at layer: 5
Get Mod with shape torch.Size([1, 1, 256, 512]) at layer: 6
Get Mod with shape torch.Size([1, 1, 512, 1024]) at layer: 7
start temperature: 0.3 noise parameter: 2.0
end temperature: 0.3 noise parameter: 2.0
********************Start from stage I
Step 400, BEST PSNR: 25.592473, Total loss 0.278116 with its rate 0.3358747959136963 latent_bits 176095.125

🌟 Selected Top-3 Candidates by RD cost

🎯 Stage-2 Refining Candidate 1/3
start temperature: 0.3 noise parameter: 2.0
end temperature: 0.3 noise parameter: 2.0
********************Start from stage I
Step 400, BEST PSNR: 25.838747, Total loss 0.285865 with its rate 0.36842232942581177 latent_bits 193159.40625

🎯 Stage-2 Refining Candidate 2/3
start temperature: 0.3 noise parameter: 2.0
end temperature: 0.3 noise parameter: 2.0
********************Start from stage I
Step 400, BEST PSNR: 26.002081, Total loss 0.283651 with its rate 0.3662792146205902 latent_bits 192035.796875

🎯 Stage-2 Refining Candidate 3/3
start temperature: 0.3 noise parameter: 2.0
end temperature: 0.3 noise parameter: 2.0
********************Start from stage I
Step 400, BEST PSNR: 26.103118, Total loss 0.284468 with its rate 0.36794590950012207 latent_bits 192909.625

🏆 Best Candidate Final PSNR: 26.00, Rate: 0.3663
Masked_INR(
  (upsampling_2d): Upsampling(
    (conv_transpose2d): UpsamplingConvTranspose2d()
  )
  (arm): Arm(
    (mlp): Sequential(
      (0): ArmConv(
        (conv1_1): Conv1d(16, 16, kernel_size=(1,), stride=(1,))
      )
      (1): GELU(approximate='none')
      (2): ArmConv(
        (conv1_1): Conv1d(16, 16, kernel_size=(1,), stride=(1,))
      )
      (3): GELU(approximate='none')
      (4): ArmConv(
        (conv1_1): Conv1d(16, 2, kernel_size=(1,), stride=(1,))
      )
    )
  )
  (conv_mod): LocalGlobalBlock(
    (net): Sequential(
      (0): SynthesisLayer(
        (pad): Identity()
        (conv_layer): SWHDC(
          (conv): Conv2d(2, 3, kernel_size=(3, 3), stride=(1, 1))
        )
        (non_linearity): GELU(approximate='none')
      )
      (1): SynthesisResidualLayer(
        (pad): ReplicationPad2d((0, 0, 0, 0))
        (conv_layer): Conv2d(3, 3, kernel_size=(1, 1), stride=(1, 1))
        (non_linearity): GELU(approximate='none')
      )
      (2): SynthesisResidualLayer(
        (pad): ReplicationPad2d((0, 0, 0, 0))
        (conv_layer): Conv2d(3, 3, kernel_size=(1, 1), stride=(1, 1))
        (non_linearity): GELU(approximate='none')
      )
      (3): SynthesisResidualLayer(
        (pad): ReplicationPad2d((0, 0, 0, 0))
        (conv_layer): Conv2d(3, 3, kernel_size=(1, 1), stride=(1, 1))
        (non_linearity): Identity()
      )
    )
    (global_net): Sequential(
      (0): SynthesisLayer(
        (pad): Identity()
        (conv_layer): SWHDC(
          (conv): Conv2d(2, 3, kernel_size=(3, 3), stride=(1, 1))
        )
        (non_linearity): GELU(approximate='none')
      )
      (1): SynthesisResidualLayer(
        (pad): ReplicationPad2d((0, 0, 0, 0))
        (conv_layer): Conv2d(3, 3, kernel_size=(1, 1), stride=(1, 1))
        (non_linearity): GELU(approximate='none')
      )
      (2): SynthesisResidualLayer(
        (pad): ReplicationPad2d((0, 0, 0, 0))
        (conv_layer): Conv2d(3, 3, kernel_size=(1, 1), stride=(1, 1))
        (non_linearity): GELU(approximate='none')
      )
      (3): SynthesisResidualLayer(
        (pad): ReplicationPad2d((0, 0, 0, 0))
        (conv_layer): Conv2d(3, 3, kernel_size=(1, 1), stride=(1, 1))
        (non_linearity): Identity()
      )
    )
    (agg_func): Sequential(
      (0): SynthesisLayer(
        (pad): ReplicationPad2d((0, 0, 0, 0))
        (conv_layer): Conv2d(18, 3, kernel_size=(1, 1), stride=(1, 1))
        (non_linearity): GELU(approximate='none')
      )
      (1): SynthesisLayer(
        (pad): ReplicationPad2d((0, 0, 0, 0))
        (conv_layer): Conv2d(21, 3, kernel_size=(1, 1), stride=(1, 1))
        (non_linearity): GELU(approximate='none')
      )
      (2): SynthesisLayer(
        (pad): ReplicationPad2d((0, 0, 0, 0))
        (conv_layer): Conv2d(24, 3, kernel_size=(1, 1), stride=(1, 1))
        (non_linearity): GELU(approximate='none')
      )
    )
    (full_net): Sequential(
      (0): SynthesisLayer(
        (pad): ReplicationPad2d((0, 0, 0, 0))
        (conv_layer): Conv2d(7, 12, kernel_size=(1, 1), stride=(1, 1))
        (non_linearity): GELU(approximate='none')
      )
      (1): SynthesisLayer(
        (pad): ReplicationPad2d((0, 0, 0, 0))
        (conv_layer): Conv2d(12, 3, kernel_size=(1, 1), stride=(1, 1))
        (non_linearity): GELU(approximate='none')
      )
      (2): SynthesisResidualLayer(
        (conv_layer): Conv2d(3, 3, kernel_size=(3, 3), stride=(1, 1))
        (non_linearity): GELU(approximate='none')
      )
      (3): SynthesisResidualLayer(
        (conv_layer): Conv2d(3, 3, kernel_size=(3, 3), stride=(1, 1))
        (non_linearity): GELU(approximate='none')
      )
    )
  )
  (modulation_sf): ParameterList(
      (0): Parameter containing: [torch.float32 of size 1x1x8x16 (cuda:0)]
      (1): Parameter containing: [torch.float32 of size 1x1x16x32 (cuda:0)]
      (2): Parameter containing: [torch.float32 of size 1x1x32x64 (cuda:0)]
      (3): Parameter containing: [torch.float32 of size 1x1x64x128 (cuda:0)]
      (4): Parameter containing: [torch.float32 of size 1x1x128x256 (cuda:0)]
      (5): Parameter containing: [torch.float32 of size 1x1x256x512 (cuda:0)]
      (6): Parameter containing: [torch.float32 of size 1x1x512x1024 (cuda:0)]
  )
)
train the 27 -th image
start temperature: 0.3 noise parameter: 2.0
end temperature: 0.1 noise parameter: 1.0
********************Start from stage I
********************going into stage II
eval_object_psnr: 31.36350747016739
eval_background_psnr: 28.30303367776538
eval_background_psnr: 28.30303367776538
********************Evaluation the Image 27-th, after Step 999, BEST PSNR: 26.558568, Print rate 0.248489. *************************
Saved model at ./saved/modbase_7/context_16_arm_mod_16/sparity_0.0/inr_mod_16KODAK_ROI_Global_new_struture_7_12_3_33_orderconcat_operator_0_pw_0.4_img_object27.pth
Trained the image with PSNR: 26.558568254402115  latent bits 0.2484886348247528 latent bits number 130279.609375
[28.114925448955784, 27.75344635449581, 28.104604897360105, 24.80622245686048, 26.096687175464595, 26.0869387216253, 28.602759262492118, 28.698035275313075, 28.724695467332477, 28.86936303082241, 28.781122710934838, 28.282628902398596, 29.184186649476896, 28.941437861342553, 28.925716505673904, 29.41438464014571, 29.702154744810482, 29.59473713422845, 26.215374537965875, 26.239135180586633, 26.18381407989028, 28.0781444655685, 27.950031698872028, 26.81212173862393, 24.59429952444371, 24.655449820804467, 25.72364096005261, 26.558568254402115]
[0.19625774025917053, 0.20048120617866516, 0.2012585699558258, 0.3268035054206848, 0.30659914016723633, 0.29963308572769165, 0.14397549629211426, 0.1350162774324417, 0.14233466982841492, 0.19726350903511047, 0.21638348698616028, 0.23457299172878265, 0.14923088252544403, 0.14882956445217133, 0.15251144766807556, 0.12884807586669922, 0.12686321139335632, 0.12805309891700745, 0.2891550362110138, 0.2941104471683502, 0.29806259274482727, 0.1421530693769455, 0.1567736566066742, 0.18481005728244781, 0.2580149471759796, 0.26430147886276245, 0.24807435274124146, 0.2484886348247528]
[102895.578125, 105109.890625, 105517.453125, 171339.15625, 160746.25, 157094.03125, 75484.625, 70787.4140625, 74624.359375, 103422.890625, 113447.265625, 122983.8046875, 78239.9609375, 78029.5546875, 79959.921875, 67553.5, 66512.859375, 67136.703125, 151600.515625, 154198.578125, 156270.640625, 74529.1484375, 82194.546875, 96893.6953125, 135274.140625, 138570.09375, 130062.40625, 130279.609375]
load the model: ./saved/modbase_7/context_16_arm_mod_16/sparity_0.0/inr_mod_16KODAK_ROI_Global_new_struture_7_12_3_33_orderconcat_operator_0_pw_0.4_img_object27.pth for the  27 -th image
********************Evalutation with quantization
********************Starting quantizing models
eval_object_psnr: 30.407602244341415
full_image_psnr: 25.862395093725222
object_psnr: 30.407602244341415
background_psnr: 27.749161366620353
********************Evaluation the Image 27-th, BEST PSNR: 25.862395, Print rate 0.248717, Network rate 0.018826. *************************
eval_wsssim: 0.860412
Decoded image saved to ./experiments/vcip_wssim_tunado_diegoPC/decoded_images/othim28_maskerp_wsmse0_swhdc1_erp1_lambda0.4.png
Evaluate the image: PSNR: 25.862395093725222 All bits: 0.2675427347421646  latent bits: 0.24871720373630524  network bits: 0.018825531005859375
Evaluate arm network bits: 0.009103775024414062 Evaluate synthesis network bits: 0.009281158447265625
Image All bits num: 140269.4453125 latent bits num: 130399.4453125 mlp bits num: 9870.0 border bits num:
arm bits num: 4773.0 synthesis bits num: 4866.0
[26.98496290731588, 26.914855757670068, 26.794346067269846, 24.505044114122843, 24.905289311296652, 26.01794850733637, 27.640481035631826, 28.249792959094236, 26.203673447321364, 27.12993714597319, 26.60013784437282, 26.955260398128285, 28.50915572076316, 27.445143896789556, 28.299929587681635, 28.921389483966834, 28.122366251402894, 27.985221085081786, 25.560771307524863, 25.376369368048305, 25.244716709507873, 27.38765357344776, 27.196577304519405, 26.02375149466434, 23.92187864831619, 24.506363246537436, 25.287956701017382, 25.862395093725222]
[0.21442179381847382, 0.21952378749847412, 0.21920588612556458, 0.34355807304382324, 0.32367488741874695, 0.3186313509941101, 0.1611802875995636, 0.1541002094745636, 0.1595911681652069, 0.21465057134628296, 0.2338292896747589, 0.2521454095840454, 0.1672709584236145, 0.16582432389259338, 0.17121845483779907, 0.14735010266304016, 0.14436210691928864, 0.1454346477985382, 0.3068193793296814, 0.3118520975112915, 0.31500452756881714, 0.16060616075992584, 0.17514273524284363, 0.2032937854528427, 0.2759440541267395, 0.28346458077430725, 0.26721081137657166, 0.2675427347421646]
[112418.7734375, 115093.6875, 114927.015625, 180123.375, 169698.859375, 167054.59375, 84504.890625, 80792.890625, 83671.734375, 112538.71875, 122593.890625, 132196.8125, 87698.15625, 86939.703125, 89767.78125, 77253.890625, 75687.3203125, 76249.640625, 160861.71875, 163500.3125, 165153.09375, 84203.8828125, 91825.234375, 106584.4921875, 144674.15625, 148617.078125, 140095.421875, 140269.4453125]
Metrics saved to ./experiments/vcip_wssim_tunado_diegoPC/results.csv
Current eval Ave PSNR: 26.591191748876007 Ave Bits 0.22581622057727405
Namespace(batch_size=1, lr=0.01, data='../data', sparsity=0.0, local_upsampling_kernel_size=8, upsampling_kernel_size=8, static_upsampling_kernel=False, latent_factor=1, mod_base=7, highest_flag=1, context_arm=16, dim_arm_mod=16, use_candidate=True, type='other', mod_hid_layer=0, sythesis_features=12, hidden_features=64, hidden_layer=2, scale=1, lambda_rate=0.4, lambda_rate_list=[0.4, 0.8], start_index=0, mask_type='erp', wsmse_tag=0, swhdc_tag=1, swhdc_dilations=[1, 2, 3, 4], erp_padding=1, workdir='./experiments/vcip_wssim_tunado_diegoPC', train_steps_1=5000, train_steps_2=1000, loss_type='combined', lambda_dist=0.0, lambda_percep=1.0, patch_h=512, patch_w=1024, all_pix_num=524288, eval_pix_num=524288)
Directory './saved/modbase_7/context_16_arm_mod_16' already exists.
Directory './saved/modbase_7/context_16_arm_mod_16/sparity_0.0' already exists.
top %: 0.0

🔁 Stage-1 Training Candidate 1/7
Quantizer parameter: encoding gain  16
total pixel: 524288
Get Mod with shape torch.Size([1, 1, 8, 16]) at layer: 1
Get Mod with shape torch.Size([1, 1, 16, 32]) at layer: 2
Get Mod with shape torch.Size([1, 1, 32, 64]) at layer: 3
Get Mod with shape torch.Size([1, 1, 64, 128]) at layer: 4
Get Mod with shape torch.Size([1, 1, 128, 256]) at layer: 5
Get Mod with shape torch.Size([1, 1, 256, 512]) at layer: 6
Get Mod with shape torch.Size([1, 1, 512, 1024]) at layer: 7
start temperature: 0.3 noise parameter: 2.0
end temperature: 0.3 noise parameter: 2.0
********************Start from stage I
Step 400, BEST PSNR: 25.681378, Total loss 0.278351 with its rate 0.3257676959037781 latent_bits 170796.09375

🔁 Stage-1 Training Candidate 2/7
Quantizer parameter: encoding gain  16
total pixel: 524288
Get Mod with shape torch.Size([1, 1, 8, 16]) at layer: 1
Get Mod with shape torch.Size([1, 1, 16, 32]) at layer: 2
Get Mod with shape torch.Size([1, 1, 32, 64]) at layer: 3
Get Mod with shape torch.Size([1, 1, 64, 128]) at layer: 4
Get Mod with shape torch.Size([1, 1, 128, 256]) at layer: 5
Get Mod with shape torch.Size([1, 1, 256, 512]) at layer: 6
Get Mod with shape torch.Size([1, 1, 512, 1024]) at layer: 7
start temperature: 0.3 noise parameter: 2.0
end temperature: 0.3 noise parameter: 2.0
********************Start from stage I
Step 400, BEST PSNR: 26.083061, Total loss 0.273949 with its rate 0.32652878761291504 latent_bits 171195.125

🔁 Stage-1 Training Candidate 3/7
Quantizer parameter: encoding gain  16
total pixel: 524288
Get Mod with shape torch.Size([1, 1, 8, 16]) at layer: 1
Get Mod with shape torch.Size([1, 1, 16, 32]) at layer: 2
Get Mod with shape torch.Size([1, 1, 32, 64]) at layer: 3
Get Mod with shape torch.Size([1, 1, 64, 128]) at layer: 4
Get Mod with shape torch.Size([1, 1, 128, 256]) at layer: 5
Get Mod with shape torch.Size([1, 1, 256, 512]) at layer: 6
Get Mod with shape torch.Size([1, 1, 512, 1024]) at layer: 7
start temperature: 0.3 noise parameter: 2.0
end temperature: 0.3 noise parameter: 2.0
********************Start from stage I
Step 400, BEST PSNR: 25.582503, Total loss 0.273294 with its rate 0.31986626982688904 latent_bits 167702.046875

🔁 Stage-1 Training Candidate 4/7
Quantizer parameter: encoding gain  16
total pixel: 524288
Get Mod with shape torch.Size([1, 1, 8, 16]) at layer: 1
Get Mod with shape torch.Size([1, 1, 16, 32]) at layer: 2
Get Mod with shape torch.Size([1, 1, 32, 64]) at layer: 3
Get Mod with shape torch.Size([1, 1, 64, 128]) at layer: 4
Get Mod with shape torch.Size([1, 1, 128, 256]) at layer: 5
Get Mod with shape torch.Size([1, 1, 256, 512]) at layer: 6
Get Mod with shape torch.Size([1, 1, 512, 1024]) at layer: 7
start temperature: 0.3 noise parameter: 2.0
end temperature: 0.3 noise parameter: 2.0
********************Start from stage I
Step 400, BEST PSNR: 24.672356, Total loss 0.280919 with its rate 0.3129427433013916 latent_bits 164072.125

🔁 Stage-1 Training Candidate 5/7
Quantizer parameter: encoding gain  16
total pixel: 524288
Get Mod with shape torch.Size([1, 1, 8, 16]) at layer: 1
Get Mod with shape torch.Size([1, 1, 16, 32]) at layer: 2
Get Mod with shape torch.Size([1, 1, 32, 64]) at layer: 3
Get Mod with shape torch.Size([1, 1, 64, 128]) at layer: 4
Get Mod with shape torch.Size([1, 1, 128, 256]) at layer: 5
Get Mod with shape torch.Size([1, 1, 256, 512]) at layer: 6
Get Mod with shape torch.Size([1, 1, 512, 1024]) at layer: 7
start temperature: 0.3 noise parameter: 2.0
end temperature: 0.3 noise parameter: 2.0
********************Start from stage I
Step 400, BEST PSNR: 25.334546, Total loss 0.278761 with its rate 0.3257589340209961 latent_bits 170791.5

🔁 Stage-1 Training Candidate 6/7
Quantizer parameter: encoding gain  16
total pixel: 524288
Get Mod with shape torch.Size([1, 1, 8, 16]) at layer: 1
Get Mod with shape torch.Size([1, 1, 16, 32]) at layer: 2
Get Mod with shape torch.Size([1, 1, 32, 64]) at layer: 3
Get Mod with shape torch.Size([1, 1, 64, 128]) at layer: 4
Get Mod with shape torch.Size([1, 1, 128, 256]) at layer: 5
Get Mod with shape torch.Size([1, 1, 256, 512]) at layer: 6
Get Mod with shape torch.Size([1, 1, 512, 1024]) at layer: 7
start temperature: 0.3 noise parameter: 2.0
end temperature: 0.3 noise parameter: 2.0
********************Start from stage I
Step 400, BEST PSNR: 25.634542, Total loss 0.270098 with its rate 0.3121049404144287 latent_bits 163632.875

🔁 Stage-1 Training Candidate 7/7
Quantizer parameter: encoding gain  16
total pixel: 524288
Get Mod with shape torch.Size([1, 1, 8, 16]) at layer: 1
Get Mod with shape torch.Size([1, 1, 16, 32]) at layer: 2
Get Mod with shape torch.Size([1, 1, 32, 64]) at layer: 3
Get Mod with shape torch.Size([1, 1, 64, 128]) at layer: 4
Get Mod with shape torch.Size([1, 1, 128, 256]) at layer: 5
Get Mod with shape torch.Size([1, 1, 256, 512]) at layer: 6
Get Mod with shape torch.Size([1, 1, 512, 1024]) at layer: 7
start temperature: 0.3 noise parameter: 2.0
end temperature: 0.3 noise parameter: 2.0
********************Start from stage I
Step 400, BEST PSNR: 25.548583, Total loss 0.278020 with its rate 0.3202476501464844 latent_bits 167902.0

🌟 Selected Top-3 Candidates by RD cost

🎯 Stage-2 Refining Candidate 1/3
start temperature: 0.3 noise parameter: 2.0
end temperature: 0.3 noise parameter: 2.0
********************Start from stage I
Step 400, BEST PSNR: 26.305676, Total loss 0.278870 with its rate 0.3541591763496399 latent_bits 185681.40625

🎯 Stage-2 Refining Candidate 2/3
start temperature: 0.3 noise parameter: 2.0
end temperature: 0.3 noise parameter: 2.0
********************Start from stage I
Step 400, BEST PSNR: 26.116744, Total loss 0.280955 with its rate 0.3552560806274414 latent_bits 186256.5

🎯 Stage-2 Refining Candidate 3/3
start temperature: 0.3 noise parameter: 2.0
end temperature: 0.3 noise parameter: 2.0
********************Start from stage I
Step 400, BEST PSNR: 26.295748, Total loss 0.277191 with its rate 0.3497343063354492 latent_bits 183361.5

🏆 Best Candidate Final PSNR: 26.30, Rate: 0.3497
Masked_INR(
  (upsampling_2d): Upsampling(
    (conv_transpose2d): UpsamplingConvTranspose2d()
  )
  (arm): Arm(
    (mlp): Sequential(
      (0): ArmConv(
        (conv1_1): Conv1d(16, 16, kernel_size=(1,), stride=(1,))
      )
      (1): GELU(approximate='none')
      (2): ArmConv(
        (conv1_1): Conv1d(16, 16, kernel_size=(1,), stride=(1,))
      )
      (3): GELU(approximate='none')
      (4): ArmConv(
        (conv1_1): Conv1d(16, 2, kernel_size=(1,), stride=(1,))
      )
    )
  )
  (conv_mod): LocalGlobalBlock(
    (net): Sequential(
      (0): SynthesisLayer(
        (pad): Identity()
        (conv_layer): SWHDC(
          (conv): Conv2d(2, 3, kernel_size=(3, 3), stride=(1, 1))
        )
        (non_linearity): GELU(approximate='none')
      )
      (1): SynthesisResidualLayer(
        (pad): ReplicationPad2d((0, 0, 0, 0))
        (conv_layer): Conv2d(3, 3, kernel_size=(1, 1), stride=(1, 1))
        (non_linearity): GELU(approximate='none')
      )
      (2): SynthesisResidualLayer(
        (pad): ReplicationPad2d((0, 0, 0, 0))
        (conv_layer): Conv2d(3, 3, kernel_size=(1, 1), stride=(1, 1))
        (non_linearity): GELU(approximate='none')
      )
      (3): SynthesisResidualLayer(
        (pad): ReplicationPad2d((0, 0, 0, 0))
        (conv_layer): Conv2d(3, 3, kernel_size=(1, 1), stride=(1, 1))
        (non_linearity): Identity()
      )
    )
    (global_net): Sequential(
      (0): SynthesisLayer(
        (pad): Identity()
        (conv_layer): SWHDC(
          (conv): Conv2d(2, 3, kernel_size=(3, 3), stride=(1, 1))
        )
        (non_linearity): GELU(approximate='none')
      )
      (1): SynthesisResidualLayer(
        (pad): ReplicationPad2d((0, 0, 0, 0))
        (conv_layer): Conv2d(3, 3, kernel_size=(1, 1), stride=(1, 1))
        (non_linearity): GELU(approximate='none')
      )
      (2): SynthesisResidualLayer(
        (pad): ReplicationPad2d((0, 0, 0, 0))
        (conv_layer): Conv2d(3, 3, kernel_size=(1, 1), stride=(1, 1))
        (non_linearity): GELU(approximate='none')
      )
      (3): SynthesisResidualLayer(
        (pad): ReplicationPad2d((0, 0, 0, 0))
        (conv_layer): Conv2d(3, 3, kernel_size=(1, 1), stride=(1, 1))
        (non_linearity): Identity()
      )
    )
    (agg_func): Sequential(
      (0): SynthesisLayer(
        (pad): ReplicationPad2d((0, 0, 0, 0))
        (conv_layer): Conv2d(18, 3, kernel_size=(1, 1), stride=(1, 1))
        (non_linearity): GELU(approximate='none')
      )
      (1): SynthesisLayer(
        (pad): ReplicationPad2d((0, 0, 0, 0))
        (conv_layer): Conv2d(21, 3, kernel_size=(1, 1), stride=(1, 1))
        (non_linearity): GELU(approximate='none')
      )
      (2): SynthesisLayer(
        (pad): ReplicationPad2d((0, 0, 0, 0))
        (conv_layer): Conv2d(24, 3, kernel_size=(1, 1), stride=(1, 1))
        (non_linearity): GELU(approximate='none')
      )
    )
    (full_net): Sequential(
      (0): SynthesisLayer(
        (pad): ReplicationPad2d((0, 0, 0, 0))
        (conv_layer): Conv2d(7, 12, kernel_size=(1, 1), stride=(1, 1))
        (non_linearity): GELU(approximate='none')
      )
      (1): SynthesisLayer(
        (pad): ReplicationPad2d((0, 0, 0, 0))
        (conv_layer): Conv2d(12, 3, kernel_size=(1, 1), stride=(1, 1))
        (non_linearity): GELU(approximate='none')
      )
      (2): SynthesisResidualLayer(
        (conv_layer): Conv2d(3, 3, kernel_size=(3, 3), stride=(1, 1))
        (non_linearity): GELU(approximate='none')
      )
      (3): SynthesisResidualLayer(
        (conv_layer): Conv2d(3, 3, kernel_size=(3, 3), stride=(1, 1))
        (non_linearity): GELU(approximate='none')
      )
    )
  )
  (modulation_sf): ParameterList(
      (0): Parameter containing: [torch.float32 of size 1x1x8x16 (cuda:0)]
      (1): Parameter containing: [torch.float32 of size 1x1x16x32 (cuda:0)]
      (2): Parameter containing: [torch.float32 of size 1x1x32x64 (cuda:0)]
      (3): Parameter containing: [torch.float32 of size 1x1x64x128 (cuda:0)]
      (4): Parameter containing: [torch.float32 of size 1x1x128x256 (cuda:0)]
      (5): Parameter containing: [torch.float32 of size 1x1x256x512 (cuda:0)]
      (6): Parameter containing: [torch.float32 of size 1x1x512x1024 (cuda:0)]
  )
)
train the 28 -th image
start temperature: 0.3 noise parameter: 2.0
end temperature: 0.1 noise parameter: 1.0
********************Start from stage I
********************going into stage II
eval_object_psnr: 30.86759593588201
eval_background_psnr: 28.962269570377444
eval_background_psnr: 28.962269570377444
********************Evaluation the Image 28-th, after Step 999, BEST PSNR: 26.800142, Print rate 0.236125. *************************
Saved model at ./saved/modbase_7/context_16_arm_mod_16/sparity_0.0/inr_mod_16KODAK_ROI_Global_new_struture_7_12_3_33_orderconcat_operator_0_pw_0.4_img_object28.pth
Trained the image with PSNR: 26.80014206350341  latent bits 0.23612460494041443 latent bits number 123797.296875
[28.114925448955784, 27.75344635449581, 28.104604897360105, 24.80622245686048, 26.096687175464595, 26.0869387216253, 28.602759262492118, 28.698035275313075, 28.724695467332477, 28.86936303082241, 28.781122710934838, 28.282628902398596, 29.184186649476896, 28.941437861342553, 28.925716505673904, 29.41438464014571, 29.702154744810482, 29.59473713422845, 26.215374537965875, 26.239135180586633, 26.18381407989028, 28.0781444655685, 27.950031698872028, 26.81212173862393, 24.59429952444371, 24.655449820804467, 25.72364096005261, 26.558568254402115, 26.80014206350341]
[0.19625774025917053, 0.20048120617866516, 0.2012585699558258, 0.3268035054206848, 0.30659914016723633, 0.29963308572769165, 0.14397549629211426, 0.1350162774324417, 0.14233466982841492, 0.19726350903511047, 0.21638348698616028, 0.23457299172878265, 0.14923088252544403, 0.14882956445217133, 0.15251144766807556, 0.12884807586669922, 0.12686321139335632, 0.12805309891700745, 0.2891550362110138, 0.2941104471683502, 0.29806259274482727, 0.1421530693769455, 0.1567736566066742, 0.18481005728244781, 0.2580149471759796, 0.26430147886276245, 0.24807435274124146, 0.2484886348247528, 0.23612460494041443]
[102895.578125, 105109.890625, 105517.453125, 171339.15625, 160746.25, 157094.03125, 75484.625, 70787.4140625, 74624.359375, 103422.890625, 113447.265625, 122983.8046875, 78239.9609375, 78029.5546875, 79959.921875, 67553.5, 66512.859375, 67136.703125, 151600.515625, 154198.578125, 156270.640625, 74529.1484375, 82194.546875, 96893.6953125, 135274.140625, 138570.09375, 130062.40625, 130279.609375, 123797.296875]
load the model: ./saved/modbase_7/context_16_arm_mod_16/sparity_0.0/inr_mod_16KODAK_ROI_Global_new_struture_7_12_3_33_orderconcat_operator_0_pw_0.4_img_object28.pth for the  28 -th image
********************Evalutation with quantization
********************Starting quantizing models
eval_object_psnr: 30.546882190216994
full_image_psnr: 26.45516430267611
object_psnr: 30.546882190216994
background_psnr: 28.60092169248988
********************Evaluation the Image 28-th, BEST PSNR: 26.455164, Print rate 0.236960, Network rate 0.016645. *************************
eval_wsssim: 0.866602
Decoded image saved to ./experiments/vcip_wssim_tunado_diegoPC/decoded_images/othim29_maskerp_wsmse0_swhdc1_erp1_lambda0.4.png
Evaluate the image: PSNR: 26.45516430267611 All bits: 0.25360533595085144  latent bits: 0.23695990443229675  network bits: 0.016645431518554688
Evaluate arm network bits: 0.0071506500244140625 Evaluate synthesis network bits: 0.00904083251953125
Image All bits num: 132962.234375 latent bits num: 124235.234375 mlp bits num: 8727.0 border bits num:
arm bits num: 3749.0 synthesis bits num: 4740.0
[26.98496290731588, 26.914855757670068, 26.794346067269846, 24.505044114122843, 24.905289311296652, 26.01794850733637, 27.640481035631826, 28.249792959094236, 26.203673447321364, 27.12993714597319, 26.60013784437282, 26.955260398128285, 28.50915572076316, 27.445143896789556, 28.299929587681635, 28.921389483966834, 28.122366251402894, 27.985221085081786, 25.560771307524863, 25.376369368048305, 25.244716709507873, 27.38765357344776, 27.196577304519405, 26.02375149466434, 23.92187864831619, 24.506363246537436, 25.287956701017382, 25.862395093725222, 26.45516430267611]
[0.21442179381847382, 0.21952378749847412, 0.21920588612556458, 0.34355807304382324, 0.32367488741874695, 0.3186313509941101, 0.1611802875995636, 0.1541002094745636, 0.1595911681652069, 0.21465057134628296, 0.2338292896747589, 0.2521454095840454, 0.1672709584236145, 0.16582432389259338, 0.17121845483779907, 0.14735010266304016, 0.14436210691928864, 0.1454346477985382, 0.3068193793296814, 0.3118520975112915, 0.31500452756881714, 0.16060616075992584, 0.17514273524284363, 0.2032937854528427, 0.2759440541267395, 0.28346458077430725, 0.26721081137657166, 0.2675427347421646, 0.25360533595085144]
[112418.7734375, 115093.6875, 114927.015625, 180123.375, 169698.859375, 167054.59375, 84504.890625, 80792.890625, 83671.734375, 112538.71875, 122593.890625, 132196.8125, 87698.15625, 86939.703125, 89767.78125, 77253.890625, 75687.3203125, 76249.640625, 160861.71875, 163500.3125, 165153.09375, 84203.8828125, 91825.234375, 106584.4921875, 144674.15625, 148617.078125, 140095.421875, 140269.4453125, 132962.234375]
Metrics saved to ./experiments/vcip_wssim_tunado_diegoPC/results.csv
Current eval Ave PSNR: 26.586501147282902 Ave Bits 0.22677446593498363
Namespace(batch_size=1, lr=0.01, data='../data', sparsity=0.0, local_upsampling_kernel_size=8, upsampling_kernel_size=8, static_upsampling_kernel=False, latent_factor=1, mod_base=7, highest_flag=1, context_arm=16, dim_arm_mod=16, use_candidate=True, type='other', mod_hid_layer=0, sythesis_features=12, hidden_features=64, hidden_layer=2, scale=1, lambda_rate=0.4, lambda_rate_list=[0.4, 0.8], start_index=0, mask_type='erp', wsmse_tag=0, swhdc_tag=1, swhdc_dilations=[1, 2, 3, 4], erp_padding=1, workdir='./experiments/vcip_wssim_tunado_diegoPC', train_steps_1=5000, train_steps_2=1000, loss_type='combined', lambda_dist=0.0, lambda_percep=1.0, patch_h=512, patch_w=1024, all_pix_num=524288, eval_pix_num=524288)
Directory './saved/modbase_7/context_16_arm_mod_16' already exists.
Directory './saved/modbase_7/context_16_arm_mod_16/sparity_0.0' already exists.
top %: 0.0

🔁 Stage-1 Training Candidate 1/7
Quantizer parameter: encoding gain  16
total pixel: 524288
Get Mod with shape torch.Size([1, 1, 8, 16]) at layer: 1
Get Mod with shape torch.Size([1, 1, 16, 32]) at layer: 2
Get Mod with shape torch.Size([1, 1, 32, 64]) at layer: 3
Get Mod with shape torch.Size([1, 1, 64, 128]) at layer: 4
Get Mod with shape torch.Size([1, 1, 128, 256]) at layer: 5
Get Mod with shape torch.Size([1, 1, 256, 512]) at layer: 6
Get Mod with shape torch.Size([1, 1, 512, 1024]) at layer: 7
start temperature: 0.3 noise parameter: 2.0
end temperature: 0.3 noise parameter: 2.0
********************Start from stage I
Step 400, BEST PSNR: 24.916265, Total loss 0.287632 with its rate 0.33989739418029785 latent_bits 178204.125

🔁 Stage-1 Training Candidate 2/7
Quantizer parameter: encoding gain  16
total pixel: 524288
Get Mod with shape torch.Size([1, 1, 8, 16]) at layer: 1
Get Mod with shape torch.Size([1, 1, 16, 32]) at layer: 2
Get Mod with shape torch.Size([1, 1, 32, 64]) at layer: 3
Get Mod with shape torch.Size([1, 1, 64, 128]) at layer: 4
Get Mod with shape torch.Size([1, 1, 128, 256]) at layer: 5
Get Mod with shape torch.Size([1, 1, 256, 512]) at layer: 6
Get Mod with shape torch.Size([1, 1, 512, 1024]) at layer: 7
start temperature: 0.3 noise parameter: 2.0
end temperature: 0.3 noise parameter: 2.0
********************Start from stage I
Step 400, BEST PSNR: 25.011210, Total loss 0.279535 with its rate 0.33117812871932983 latent_bits 173632.71875

🔁 Stage-1 Training Candidate 3/7
Quantizer parameter: encoding gain  16
total pixel: 524288
Get Mod with shape torch.Size([1, 1, 8, 16]) at layer: 1
Get Mod with shape torch.Size([1, 1, 16, 32]) at layer: 2
Get Mod with shape torch.Size([1, 1, 32, 64]) at layer: 3
Get Mod with shape torch.Size([1, 1, 64, 128]) at layer: 4
Get Mod with shape torch.Size([1, 1, 128, 256]) at layer: 5
Get Mod with shape torch.Size([1, 1, 256, 512]) at layer: 6
Get Mod with shape torch.Size([1, 1, 512, 1024]) at layer: 7
start temperature: 0.3 noise parameter: 2.0
end temperature: 0.3 noise parameter: 2.0
********************Start from stage I
Step 400, BEST PSNR: 25.468768, Total loss 0.278521 with its rate 0.32898014783859253 latent_bits 172480.34375

🔁 Stage-1 Training Candidate 4/7
Quantizer parameter: encoding gain  16
total pixel: 524288
Get Mod with shape torch.Size([1, 1, 8, 16]) at layer: 1
Get Mod with shape torch.Size([1, 1, 16, 32]) at layer: 2
Get Mod with shape torch.Size([1, 1, 32, 64]) at layer: 3
Get Mod with shape torch.Size([1, 1, 64, 128]) at layer: 4
Get Mod with shape torch.Size([1, 1, 128, 256]) at layer: 5
Get Mod with shape torch.Size([1, 1, 256, 512]) at layer: 6
Get Mod with shape torch.Size([1, 1, 512, 1024]) at layer: 7
start temperature: 0.3 noise parameter: 2.0
end temperature: 0.3 noise parameter: 2.0
********************Start from stage I
Step 400, BEST PSNR: 24.885953, Total loss 0.283015 with its rate 0.33394554257392883 latent_bits 175083.640625

🔁 Stage-1 Training Candidate 5/7
Quantizer parameter: encoding gain  16
total pixel: 524288
Get Mod with shape torch.Size([1, 1, 8, 16]) at layer: 1
Get Mod with shape torch.Size([1, 1, 16, 32]) at layer: 2
Get Mod with shape torch.Size([1, 1, 32, 64]) at layer: 3
Get Mod with shape torch.Size([1, 1, 64, 128]) at layer: 4
Get Mod with shape torch.Size([1, 1, 128, 256]) at layer: 5
Get Mod with shape torch.Size([1, 1, 256, 512]) at layer: 6
Get Mod with shape torch.Size([1, 1, 512, 1024]) at layer: 7
start temperature: 0.3 noise parameter: 2.0
end temperature: 0.3 noise parameter: 2.0
********************Start from stage I
Step 400, BEST PSNR: 25.005114, Total loss 0.283401 with its rate 0.33029821515083313 latent_bits 173171.390625

🔁 Stage-1 Training Candidate 6/7
Quantizer parameter: encoding gain  16
total pixel: 524288
Get Mod with shape torch.Size([1, 1, 8, 16]) at layer: 1
Get Mod with shape torch.Size([1, 1, 16, 32]) at layer: 2
Get Mod with shape torch.Size([1, 1, 32, 64]) at layer: 3
Get Mod with shape torch.Size([1, 1, 64, 128]) at layer: 4
Get Mod with shape torch.Size([1, 1, 128, 256]) at layer: 5
Get Mod with shape torch.Size([1, 1, 256, 512]) at layer: 6
Get Mod with shape torch.Size([1, 1, 512, 1024]) at layer: 7
start temperature: 0.3 noise parameter: 2.0
end temperature: 0.3 noise parameter: 2.0
********************Start from stage I
Step 400, BEST PSNR: 24.963562, Total loss 0.279572 with its rate 0.3247518837451935 latent_bits 170263.515625

🔁 Stage-1 Training Candidate 7/7
Quantizer parameter: encoding gain  16
total pixel: 524288
Get Mod with shape torch.Size([1, 1, 8, 16]) at layer: 1
Get Mod with shape torch.Size([1, 1, 16, 32]) at layer: 2
Get Mod with shape torch.Size([1, 1, 32, 64]) at layer: 3
Get Mod with shape torch.Size([1, 1, 64, 128]) at layer: 4
Get Mod with shape torch.Size([1, 1, 128, 256]) at layer: 5
Get Mod with shape torch.Size([1, 1, 256, 512]) at layer: 6
Get Mod with shape torch.Size([1, 1, 512, 1024]) at layer: 7
start temperature: 0.3 noise parameter: 2.0
end temperature: 0.3 noise parameter: 2.0
********************Start from stage I
Step 400, BEST PSNR: 24.818226, Total loss 0.281553 with its rate 0.33403754234313965 latent_bits 175131.875

🌟 Selected Top-3 Candidates by RD cost

🎯 Stage-2 Refining Candidate 1/3
start temperature: 0.3 noise parameter: 2.0
end temperature: 0.3 noise parameter: 2.0
********************Start from stage I
Step 400, BEST PSNR: 25.834654, Total loss 0.285955 with its rate 0.364949107170105 latent_bits 191338.4375

🎯 Stage-2 Refining Candidate 2/3
start temperature: 0.3 noise parameter: 2.0
end temperature: 0.3 noise parameter: 2.0
********************Start from stage I
Step 400, BEST PSNR: 25.569305, Total loss 0.284481 with its rate 0.3595007359981537 latent_bits 188481.921875

🎯 Stage-2 Refining Candidate 3/3
start temperature: 0.3 noise parameter: 2.0
end temperature: 0.3 noise parameter: 2.0
********************Start from stage I
Step 400, BEST PSNR: 25.481624, Total loss 0.285468 with its rate 0.3609783351421356 latent_bits 189256.609375

🏆 Best Candidate Final PSNR: 25.57, Rate: 0.3595
Masked_INR(
  (upsampling_2d): Upsampling(
    (conv_transpose2d): UpsamplingConvTranspose2d()
  )
  (arm): Arm(
    (mlp): Sequential(
      (0): ArmConv(
        (conv1_1): Conv1d(16, 16, kernel_size=(1,), stride=(1,))
      )
      (1): GELU(approximate='none')
      (2): ArmConv(
        (conv1_1): Conv1d(16, 16, kernel_size=(1,), stride=(1,))
      )
      (3): GELU(approximate='none')
      (4): ArmConv(
        (conv1_1): Conv1d(16, 2, kernel_size=(1,), stride=(1,))
      )
    )
  )
  (conv_mod): LocalGlobalBlock(
    (net): Sequential(
      (0): SynthesisLayer(
        (pad): Identity()
        (conv_layer): SWHDC(
          (conv): Conv2d(2, 3, kernel_size=(3, 3), stride=(1, 1))
        )
        (non_linearity): GELU(approximate='none')
      )
      (1): SynthesisResidualLayer(
        (pad): ReplicationPad2d((0, 0, 0, 0))
        (conv_layer): Conv2d(3, 3, kernel_size=(1, 1), stride=(1, 1))
        (non_linearity): GELU(approximate='none')
      )
      (2): SynthesisResidualLayer(
        (pad): ReplicationPad2d((0, 0, 0, 0))
        (conv_layer): Conv2d(3, 3, kernel_size=(1, 1), stride=(1, 1))
        (non_linearity): GELU(approximate='none')
      )
      (3): SynthesisResidualLayer(
        (pad): ReplicationPad2d((0, 0, 0, 0))
        (conv_layer): Conv2d(3, 3, kernel_size=(1, 1), stride=(1, 1))
        (non_linearity): Identity()
      )
    )
    (global_net): Sequential(
      (0): SynthesisLayer(
        (pad): Identity()
        (conv_layer): SWHDC(
          (conv): Conv2d(2, 3, kernel_size=(3, 3), stride=(1, 1))
        )
        (non_linearity): GELU(approximate='none')
      )
      (1): SynthesisResidualLayer(
        (pad): ReplicationPad2d((0, 0, 0, 0))
        (conv_layer): Conv2d(3, 3, kernel_size=(1, 1), stride=(1, 1))
        (non_linearity): GELU(approximate='none')
      )
      (2): SynthesisResidualLayer(
        (pad): ReplicationPad2d((0, 0, 0, 0))
        (conv_layer): Conv2d(3, 3, kernel_size=(1, 1), stride=(1, 1))
        (non_linearity): GELU(approximate='none')
      )
      (3): SynthesisResidualLayer(
        (pad): ReplicationPad2d((0, 0, 0, 0))
        (conv_layer): Conv2d(3, 3, kernel_size=(1, 1), stride=(1, 1))
        (non_linearity): Identity()
      )
    )
    (agg_func): Sequential(
      (0): SynthesisLayer(
        (pad): ReplicationPad2d((0, 0, 0, 0))
        (conv_layer): Conv2d(18, 3, kernel_size=(1, 1), stride=(1, 1))
        (non_linearity): GELU(approximate='none')
      )
      (1): SynthesisLayer(
        (pad): ReplicationPad2d((0, 0, 0, 0))
        (conv_layer): Conv2d(21, 3, kernel_size=(1, 1), stride=(1, 1))
        (non_linearity): GELU(approximate='none')
      )
      (2): SynthesisLayer(
        (pad): ReplicationPad2d((0, 0, 0, 0))
        (conv_layer): Conv2d(24, 3, kernel_size=(1, 1), stride=(1, 1))
        (non_linearity): GELU(approximate='none')
      )
    )
    (full_net): Sequential(
      (0): SynthesisLayer(
        (pad): ReplicationPad2d((0, 0, 0, 0))
        (conv_layer): Conv2d(7, 12, kernel_size=(1, 1), stride=(1, 1))
        (non_linearity): GELU(approximate='none')
      )
      (1): SynthesisLayer(
        (pad): ReplicationPad2d((0, 0, 0, 0))
        (conv_layer): Conv2d(12, 3, kernel_size=(1, 1), stride=(1, 1))
        (non_linearity): GELU(approximate='none')
      )
      (2): SynthesisResidualLayer(
        (conv_layer): Conv2d(3, 3, kernel_size=(3, 3), stride=(1, 1))
        (non_linearity): GELU(approximate='none')
      )
      (3): SynthesisResidualLayer(
        (conv_layer): Conv2d(3, 3, kernel_size=(3, 3), stride=(1, 1))
        (non_linearity): GELU(approximate='none')
      )
    )
  )
  (modulation_sf): ParameterList(
      (0): Parameter containing: [torch.float32 of size 1x1x8x16 (cuda:0)]
      (1): Parameter containing: [torch.float32 of size 1x1x16x32 (cuda:0)]
      (2): Parameter containing: [torch.float32 of size 1x1x32x64 (cuda:0)]
      (3): Parameter containing: [torch.float32 of size 1x1x64x128 (cuda:0)]
      (4): Parameter containing: [torch.float32 of size 1x1x128x256 (cuda:0)]
      (5): Parameter containing: [torch.float32 of size 1x1x256x512 (cuda:0)]
      (6): Parameter containing: [torch.float32 of size 1x1x512x1024 (cuda:0)]
  )
)
train the 29 -th image
start temperature: 0.3 noise parameter: 2.0
end temperature: 0.1 noise parameter: 1.0
********************Start from stage I
********************going into stage II
eval_object_psnr: 30.811507353213926
eval_background_psnr: 27.97567284431216
eval_background_psnr: 27.97567284431216
********************Evaluation the Image 29-th, after Step 999, BEST PSNR: 26.155061, Print rate 0.242253. *************************
Saved model at ./saved/modbase_7/context_16_arm_mod_16/sparity_0.0/inr_mod_16KODAK_ROI_Global_new_struture_7_12_3_33_orderconcat_operator_0_pw_0.4_img_object29.pth
Trained the image with PSNR: 26.155060672292965  latent bits 0.2422531247138977 latent bits number 127010.40625
[28.114925448955784, 27.75344635449581, 28.104604897360105, 24.80622245686048, 26.096687175464595, 26.0869387216253, 28.602759262492118, 28.698035275313075, 28.724695467332477, 28.86936303082241, 28.781122710934838, 28.282628902398596, 29.184186649476896, 28.941437861342553, 28.925716505673904, 29.41438464014571, 29.702154744810482, 29.59473713422845, 26.215374537965875, 26.239135180586633, 26.18381407989028, 28.0781444655685, 27.950031698872028, 26.81212173862393, 24.59429952444371, 24.655449820804467, 25.72364096005261, 26.558568254402115, 26.80014206350341, 26.155060672292965]
[0.19625774025917053, 0.20048120617866516, 0.2012585699558258, 0.3268035054206848, 0.30659914016723633, 0.29963308572769165, 0.14397549629211426, 0.1350162774324417, 0.14233466982841492, 0.19726350903511047, 0.21638348698616028, 0.23457299172878265, 0.14923088252544403, 0.14882956445217133, 0.15251144766807556, 0.12884807586669922, 0.12686321139335632, 0.12805309891700745, 0.2891550362110138, 0.2941104471683502, 0.29806259274482727, 0.1421530693769455, 0.1567736566066742, 0.18481005728244781, 0.2580149471759796, 0.26430147886276245, 0.24807435274124146, 0.2484886348247528, 0.23612460494041443, 0.2422531247138977]
[102895.578125, 105109.890625, 105517.453125, 171339.15625, 160746.25, 157094.03125, 75484.625, 70787.4140625, 74624.359375, 103422.890625, 113447.265625, 122983.8046875, 78239.9609375, 78029.5546875, 79959.921875, 67553.5, 66512.859375, 67136.703125, 151600.515625, 154198.578125, 156270.640625, 74529.1484375, 82194.546875, 96893.6953125, 135274.140625, 138570.09375, 130062.40625, 130279.609375, 123797.296875, 127010.40625]
load the model: ./saved/modbase_7/context_16_arm_mod_16/sparity_0.0/inr_mod_16KODAK_ROI_Global_new_struture_7_12_3_33_orderconcat_operator_0_pw_0.4_img_object29.pth for the  29 -th image
********************Evalutation with quantization
********************Starting quantizing models
eval_object_psnr: 30.029221303159634
full_image_psnr: 25.06086997490438
object_psnr: 30.029221303159634
background_psnr: 26.735593124798868
********************Evaluation the Image 29-th, BEST PSNR: 25.060870, Print rate 0.242691, Network rate 0.016052. *************************
eval_wsssim: 0.848317
Decoded image saved to ./experiments/vcip_wssim_tunado_diegoPC/decoded_images/othim30_maskerp_wsmse0_swhdc1_erp1_lambda0.4.png
Evaluate the image: PSNR: 25.06086997490438 All bits: 0.2587430626153946  latent bits: 0.2426908165216446  network bits: 0.01605224609375
Evaluate arm network bits: 0.007848739624023438 Evaluate synthesis network bits: 0.007863998413085938
Image All bits num: 135655.8828125 latent bits num: 127239.8828125 mlp bits num: 8416.0 border bits num:
arm bits num: 4115.0 synthesis bits num: 4123.0
[26.98496290731588, 26.914855757670068, 26.794346067269846, 24.505044114122843, 24.905289311296652, 26.01794850733637, 27.640481035631826, 28.249792959094236, 26.203673447321364, 27.12993714597319, 26.60013784437282, 26.955260398128285, 28.50915572076316, 27.445143896789556, 28.299929587681635, 28.921389483966834, 28.122366251402894, 27.985221085081786, 25.560771307524863, 25.376369368048305, 25.244716709507873, 27.38765357344776, 27.196577304519405, 26.02375149466434, 23.92187864831619, 24.506363246537436, 25.287956701017382, 25.862395093725222, 26.45516430267611, 25.06086997490438]
[0.21442179381847382, 0.21952378749847412, 0.21920588612556458, 0.34355807304382324, 0.32367488741874695, 0.3186313509941101, 0.1611802875995636, 0.1541002094745636, 0.1595911681652069, 0.21465057134628296, 0.2338292896747589, 0.2521454095840454, 0.1672709584236145, 0.16582432389259338, 0.17121845483779907, 0.14735010266304016, 0.14436210691928864, 0.1454346477985382, 0.3068193793296814, 0.3118520975112915, 0.31500452756881714, 0.16060616075992584, 0.17514273524284363, 0.2032937854528427, 0.2759440541267395, 0.28346458077430725, 0.26721081137657166, 0.2675427347421646, 0.25360533595085144, 0.2587430626153946]
[112418.7734375, 115093.6875, 114927.015625, 180123.375, 169698.859375, 167054.59375, 84504.890625, 80792.890625, 83671.734375, 112538.71875, 122593.890625, 132196.8125, 87698.15625, 86939.703125, 89767.78125, 77253.890625, 75687.3203125, 76249.640625, 160861.71875, 163500.3125, 165153.09375, 84203.8828125, 91825.234375, 106584.4921875, 144674.15625, 148617.078125, 140095.421875, 140269.4453125, 132962.234375, 135655.8828125]
Metrics saved to ./experiments/vcip_wssim_tunado_diegoPC/results.csv
Current eval Ave PSNR: 26.535646774870283 Ave Bits 0.22784008582433066
.......Copmlete all dataset training......
Ave Training PSNR: 27.488327674558 Ave Training Bits 0.209907932082812
Training PSNR: [28.114925448955784, 27.75344635449581, 28.104604897360105, 24.80622245686048, 26.096687175464595, 26.0869387216253, 28.602759262492118, 28.698035275313075, 28.724695467332477, 28.86936303082241, 28.781122710934838, 28.282628902398596, 29.184186649476896, 28.941437861342553, 28.925716505673904, 29.41438464014571, 29.702154744810482, 29.59473713422845, 26.215374537965875, 26.239135180586633, 26.18381407989028, 28.0781444655685, 27.950031698872028, 26.81212173862393, 24.59429952444371, 24.655449820804467, 25.72364096005261, 26.558568254402115, 26.80014206350341, 26.155060672292965]
Training rate: [0.19625774025917053, 0.20048120617866516, 0.2012585699558258, 0.3268035054206848, 0.30659914016723633, 0.29963308572769165, 0.14397549629211426, 0.1350162774324417, 0.14233466982841492, 0.19726350903511047, 0.21638348698616028, 0.23457299172878265, 0.14923088252544403, 0.14882956445217133, 0.15251144766807556, 0.12884807586669922, 0.12686321139335632, 0.12805309891700745, 0.2891550362110138, 0.2941104471683502, 0.29806259274482727, 0.1421530693769455, 0.1567736566066742, 0.18481005728244781, 0.2580149471759796, 0.26430147886276245, 0.24807435274124146, 0.2484886348247528, 0.23612460494041443, 0.2422531247138977]
Evalutation: Ave Eval PSNR: 26.535646774870283 Ave Eval all bits: 0.22784008582433066 Ave Eval Bits 0.21074375708897908 Ave Eval Network 0.017096328735351562
Eval All PSNR: [26.98496290731588, 26.914855757670068, 26.794346067269846, 24.505044114122843, 24.905289311296652, 26.01794850733637, 27.640481035631826, 28.249792959094236, 26.203673447321364, 27.12993714597319, 26.60013784437282, 26.955260398128285, 28.50915572076316, 27.445143896789556, 28.299929587681635, 28.921389483966834, 28.122366251402894, 27.985221085081786, 25.560771307524863, 25.376369368048305, 25.244716709507873, 27.38765357344776, 27.196577304519405, 26.02375149466434, 23.92187864831619, 24.506363246537436, 25.287956701017382, 25.862395093725222, 26.45516430267611, 25.06086997490438]
Eval All rate [0.21442179381847382, 0.21952378749847412, 0.21920588612556458, 0.34355807304382324, 0.32367488741874695, 0.3186313509941101, 0.1611802875995636, 0.1541002094745636, 0.1595911681652069, 0.21465057134628296, 0.2338292896747589, 0.2521454095840454, 0.1672709584236145, 0.16582432389259338, 0.17121845483779907, 0.14735010266304016, 0.14436210691928864, 0.1454346477985382, 0.3068193793296814, 0.3118520975112915, 0.31500452756881714, 0.16060616075992584, 0.17514273524284363, 0.2032937854528427, 0.2759440541267395, 0.28346458077430725, 0.26721081137657166, 0.2675427347421646, 0.25360533595085144, 0.2587430626153946]
Eval Latent rate [0.19647745788097382, 0.20156610012054443, 0.2026558220386505, 0.3287017345428467, 0.3073670566082001, 0.30084723234176636, 0.14495447278022766, 0.1354387104511261, 0.14249369502067566, 0.1974005103111267, 0.2165372669696808, 0.23479235172271729, 0.1497061848640442, 0.14961376786231995, 0.15384441614151, 0.12980440258979797, 0.12911857664585114, 0.13010528683662415, 0.2894701361656189, 0.2944437265396118, 0.29867762327194214, 0.14374329149723053, 0.1575150191783905, 0.1855592578649521, 0.25828200578689575, 0.2665540277957916, 0.24827465415000916, 0.24871720373630524, 0.23695990443229675, 0.2426908165216446]
Eval MLP rate [0.0179443359375, 0.017957687377929688, 0.016550064086914062, 0.014856338500976562, 0.016307830810546875, 0.01778411865234375, 0.016225814819335938, 0.0186614990234375, 0.01709747314453125, 0.01725006103515625, 0.017292022705078125, 0.017353057861328125, 0.017564773559570312, 0.016210556030273438, 0.017374038696289062, 0.017545700073242188, 0.0152435302734375, 0.015329360961914062, 0.0173492431640625, 0.017408370971679688, 0.016326904296875, 0.016862869262695312, 0.017627716064453125, 0.017734527587890625, 0.01766204833984375, 0.016910552978515625, 0.0189361572265625, 0.018825531005859375, 0.016645431518554688, 0.01605224609375]
Namespace(batch_size=1, lr=0.01, data='../data', sparsity=0.0, local_upsampling_kernel_size=8, upsampling_kernel_size=8, static_upsampling_kernel=False, latent_factor=1, mod_base=7, highest_flag=1, context_arm=16, dim_arm_mod=16, use_candidate=True, type='other', mod_hid_layer=0, sythesis_features=12, hidden_features=64, hidden_layer=2, scale=1, lambda_rate=0.8, lambda_rate_list=[0.4, 0.8], start_index=0, mask_type='erp', wsmse_tag=0, swhdc_tag=1, swhdc_dilations=[1, 2, 3, 4], erp_padding=1, workdir='./experiments/vcip_wssim_tunado_diegoPC', train_steps_1=5000, train_steps_2=1000, loss_type='combined', lambda_dist=0.0, lambda_percep=1.0, patch_h=512, patch_w=1024, all_pix_num=524288, eval_pix_num=524288)
Directory './saved/modbase_7/context_16_arm_mod_16' already exists.
Directory './saved/modbase_7/context_16_arm_mod_16/sparity_0.0' already exists.
top %: 0.0

🔁 Stage-1 Training Candidate 1/7
Quantizer parameter: encoding gain  16
total pixel: 524288
Get Mod with shape torch.Size([1, 1, 8, 16]) at layer: 1
Get Mod with shape torch.Size([1, 1, 16, 32]) at layer: 2
Get Mod with shape torch.Size([1, 1, 32, 64]) at layer: 3
Get Mod with shape torch.Size([1, 1, 64, 128]) at layer: 4
Get Mod with shape torch.Size([1, 1, 128, 256]) at layer: 5
Get Mod with shape torch.Size([1, 1, 256, 512]) at layer: 6
Get Mod with shape torch.Size([1, 1, 512, 1024]) at layer: 7
start temperature: 0.3 noise parameter: 2.0
end temperature: 0.3 noise parameter: 2.0
********************Start from stage I
Step 400, BEST PSNR: 24.367243, Total loss 0.334261 with its rate 0.17555177211761475 latent_bits 92039.6875

🔁 Stage-1 Training Candidate 2/7
Quantizer parameter: encoding gain  16
total pixel: 524288
Get Mod with shape torch.Size([1, 1, 8, 16]) at layer: 1
Get Mod with shape torch.Size([1, 1, 16, 32]) at layer: 2
Get Mod with shape torch.Size([1, 1, 32, 64]) at layer: 3
Get Mod with shape torch.Size([1, 1, 64, 128]) at layer: 4
Get Mod with shape torch.Size([1, 1, 128, 256]) at layer: 5
Get Mod with shape torch.Size([1, 1, 256, 512]) at layer: 6
Get Mod with shape torch.Size([1, 1, 512, 1024]) at layer: 7
start temperature: 0.3 noise parameter: 2.0
end temperature: 0.3 noise parameter: 2.0
********************Start from stage I
Step 400, BEST PSNR: 24.863203, Total loss 0.325988 with its rate 0.16300800442695618 latent_bits 85463.140625

🔁 Stage-1 Training Candidate 3/7
Quantizer parameter: encoding gain  16
total pixel: 524288
Get Mod with shape torch.Size([1, 1, 8, 16]) at layer: 1
Get Mod with shape torch.Size([1, 1, 16, 32]) at layer: 2
Get Mod with shape torch.Size([1, 1, 32, 64]) at layer: 3
Get Mod with shape torch.Size([1, 1, 64, 128]) at layer: 4
Get Mod with shape torch.Size([1, 1, 128, 256]) at layer: 5
Get Mod with shape torch.Size([1, 1, 256, 512]) at layer: 6
Get Mod with shape torch.Size([1, 1, 512, 1024]) at layer: 7
start temperature: 0.3 noise parameter: 2.0
end temperature: 0.3 noise parameter: 2.0
********************Start from stage I
Step 400, BEST PSNR: 24.594705, Total loss 0.333526 with its rate 0.16877664625644684 latent_bits 88487.5703125

🔁 Stage-1 Training Candidate 4/7
Quantizer parameter: encoding gain  16
total pixel: 524288
Get Mod with shape torch.Size([1, 1, 8, 16]) at layer: 1
Get Mod with shape torch.Size([1, 1, 16, 32]) at layer: 2
Get Mod with shape torch.Size([1, 1, 32, 64]) at layer: 3
Get Mod with shape torch.Size([1, 1, 64, 128]) at layer: 4
Get Mod with shape torch.Size([1, 1, 128, 256]) at layer: 5
Get Mod with shape torch.Size([1, 1, 256, 512]) at layer: 6
Get Mod with shape torch.Size([1, 1, 512, 1024]) at layer: 7
start temperature: 0.3 noise parameter: 2.0
end temperature: 0.3 noise parameter: 2.0
********************Start from stage I
Step 400, BEST PSNR: 24.655235, Total loss 0.336331 with its rate 0.18112632632255554 latent_bits 94962.359375

🔁 Stage-1 Training Candidate 5/7
Quantizer parameter: encoding gain  16
total pixel: 524288
Get Mod with shape torch.Size([1, 1, 8, 16]) at layer: 1
Get Mod with shape torch.Size([1, 1, 16, 32]) at layer: 2
Get Mod with shape torch.Size([1, 1, 32, 64]) at layer: 3
Get Mod with shape torch.Size([1, 1, 64, 128]) at layer: 4
Get Mod with shape torch.Size([1, 1, 128, 256]) at layer: 5
Get Mod with shape torch.Size([1, 1, 256, 512]) at layer: 6
Get Mod with shape torch.Size([1, 1, 512, 1024]) at layer: 7
start temperature: 0.3 noise parameter: 2.0
end temperature: 0.3 noise parameter: 2.0
********************Start from stage I
Step 400, BEST PSNR: 24.966939, Total loss 0.336304 with its rate 0.17878733575344086 latent_bits 93736.0546875

🔁 Stage-1 Training Candidate 6/7
Quantizer parameter: encoding gain  16
total pixel: 524288
Get Mod with shape torch.Size([1, 1, 8, 16]) at layer: 1
Get Mod with shape torch.Size([1, 1, 16, 32]) at layer: 2
Get Mod with shape torch.Size([1, 1, 32, 64]) at layer: 3
Get Mod with shape torch.Size([1, 1, 64, 128]) at layer: 4
Get Mod with shape torch.Size([1, 1, 128, 256]) at layer: 5
Get Mod with shape torch.Size([1, 1, 256, 512]) at layer: 6
Get Mod with shape torch.Size([1, 1, 512, 1024]) at layer: 7
start temperature: 0.3 noise parameter: 2.0
end temperature: 0.3 noise parameter: 2.0
********************Start from stage I
Step 400, BEST PSNR: 24.307347, Total loss 0.335958 with its rate 0.17680329084396362 latent_bits 92695.84375

🔁 Stage-1 Training Candidate 7/7
Quantizer parameter: encoding gain  16
total pixel: 524288
Get Mod with shape torch.Size([1, 1, 8, 16]) at layer: 1
Get Mod with shape torch.Size([1, 1, 16, 32]) at layer: 2
Get Mod with shape torch.Size([1, 1, 32, 64]) at layer: 3
Get Mod with shape torch.Size([1, 1, 64, 128]) at layer: 4
Get Mod with shape torch.Size([1, 1, 128, 256]) at layer: 5
Get Mod with shape torch.Size([1, 1, 256, 512]) at layer: 6
Get Mod with shape torch.Size([1, 1, 512, 1024]) at layer: 7
start temperature: 0.3 noise parameter: 2.0
end temperature: 0.3 noise parameter: 2.0
********************Start from stage I
Step 400, BEST PSNR: 24.619966, Total loss 0.338125 with its rate 0.18417340517044067 latent_bits 96559.90625

🌟 Selected Top-3 Candidates by RD cost

🎯 Stage-2 Refining Candidate 1/3
start temperature: 0.3 noise parameter: 2.0
end temperature: 0.3 noise parameter: 2.0
********************Start from stage I
Step 400, BEST PSNR: 25.486310, Total loss 0.353736 with its rate 0.21352040767669678 latent_bits 111946.1875

🎯 Stage-2 Refining Candidate 2/3
start temperature: 0.3 noise parameter: 2.0
end temperature: 0.3 noise parameter: 2.0
********************Start from stage I
Step 400, BEST PSNR: 25.023997, Total loss 0.357000 with its rate 0.21323701739311218 latent_bits 111797.609375

🎯 Stage-2 Refining Candidate 3/3
start temperature: 0.3 noise parameter: 2.0
end temperature: 0.3 noise parameter: 2.0
********************Start from stage I
Step 400, BEST PSNR: 25.406545, Total loss 0.352685 with its rate 0.21311543881893158 latent_bits 111733.8671875

🏆 Best Candidate Final PSNR: 25.41, Rate: 0.2131
Masked_INR(
  (upsampling_2d): Upsampling(
    (conv_transpose2d): UpsamplingConvTranspose2d()
  )
  (arm): Arm(
    (mlp): Sequential(
      (0): ArmConv(
        (conv1_1): Conv1d(16, 16, kernel_size=(1,), stride=(1,))
      )
      (1): GELU(approximate='none')
      (2): ArmConv(
        (conv1_1): Conv1d(16, 16, kernel_size=(1,), stride=(1,))
      )
      (3): GELU(approximate='none')
      (4): ArmConv(
        (conv1_1): Conv1d(16, 2, kernel_size=(1,), stride=(1,))
      )
    )
  )
  (conv_mod): LocalGlobalBlock(
    (net): Sequential(
      (0): SynthesisLayer(
        (pad): Identity()
        (conv_layer): SWHDC(
          (conv): Conv2d(2, 3, kernel_size=(3, 3), stride=(1, 1))
        )
        (non_linearity): GELU(approximate='none')
      )
      (1): SynthesisResidualLayer(
        (pad): ReplicationPad2d((0, 0, 0, 0))
        (conv_layer): Conv2d(3, 3, kernel_size=(1, 1), stride=(1, 1))
        (non_linearity): GELU(approximate='none')
      )
      (2): SynthesisResidualLayer(
        (pad): ReplicationPad2d((0, 0, 0, 0))
        (conv_layer): Conv2d(3, 3, kernel_size=(1, 1), stride=(1, 1))
        (non_linearity): GELU(approximate='none')
      )
      (3): SynthesisResidualLayer(
        (pad): ReplicationPad2d((0, 0, 0, 0))
        (conv_layer): Conv2d(3, 3, kernel_size=(1, 1), stride=(1, 1))
        (non_linearity): Identity()
      )
    )
    (global_net): Sequential(
      (0): SynthesisLayer(
        (pad): Identity()
        (conv_layer): SWHDC(
          (conv): Conv2d(2, 3, kernel_size=(3, 3), stride=(1, 1))
        )
        (non_linearity): GELU(approximate='none')
      )
      (1): SynthesisResidualLayer(
        (pad): ReplicationPad2d((0, 0, 0, 0))
        (conv_layer): Conv2d(3, 3, kernel_size=(1, 1), stride=(1, 1))
        (non_linearity): GELU(approximate='none')
      )
      (2): SynthesisResidualLayer(
        (pad): ReplicationPad2d((0, 0, 0, 0))
        (conv_layer): Conv2d(3, 3, kernel_size=(1, 1), stride=(1, 1))
        (non_linearity): GELU(approximate='none')
      )
      (3): SynthesisResidualLayer(
        (pad): ReplicationPad2d((0, 0, 0, 0))
        (conv_layer): Conv2d(3, 3, kernel_size=(1, 1), stride=(1, 1))
        (non_linearity): Identity()
      )
    )
    (agg_func): Sequential(
      (0): SynthesisLayer(
        (pad): ReplicationPad2d((0, 0, 0, 0))
        (conv_layer): Conv2d(18, 3, kernel_size=(1, 1), stride=(1, 1))
        (non_linearity): GELU(approximate='none')
      )
      (1): SynthesisLayer(
        (pad): ReplicationPad2d((0, 0, 0, 0))
        (conv_layer): Conv2d(21, 3, kernel_size=(1, 1), stride=(1, 1))
        (non_linearity): GELU(approximate='none')
      )
      (2): SynthesisLayer(
        (pad): ReplicationPad2d((0, 0, 0, 0))
        (conv_layer): Conv2d(24, 3, kernel_size=(1, 1), stride=(1, 1))
        (non_linearity): GELU(approximate='none')
      )
    )
    (full_net): Sequential(
      (0): SynthesisLayer(
        (pad): ReplicationPad2d((0, 0, 0, 0))
        (conv_layer): Conv2d(7, 12, kernel_size=(1, 1), stride=(1, 1))
        (non_linearity): GELU(approximate='none')
      )
      (1): SynthesisLayer(
        (pad): ReplicationPad2d((0, 0, 0, 0))
        (conv_layer): Conv2d(12, 3, kernel_size=(1, 1), stride=(1, 1))
        (non_linearity): GELU(approximate='none')
      )
      (2): SynthesisResidualLayer(
        (conv_layer): Conv2d(3, 3, kernel_size=(3, 3), stride=(1, 1))
        (non_linearity): GELU(approximate='none')
      )
      (3): SynthesisResidualLayer(
        (conv_layer): Conv2d(3, 3, kernel_size=(3, 3), stride=(1, 1))
        (non_linearity): GELU(approximate='none')
      )
    )
  )
  (modulation_sf): ParameterList(
      (0): Parameter containing: [torch.float32 of size 1x1x8x16 (cuda:0)]
      (1): Parameter containing: [torch.float32 of size 1x1x16x32 (cuda:0)]
      (2): Parameter containing: [torch.float32 of size 1x1x32x64 (cuda:0)]
      (3): Parameter containing: [torch.float32 of size 1x1x64x128 (cuda:0)]
      (4): Parameter containing: [torch.float32 of size 1x1x128x256 (cuda:0)]
      (5): Parameter containing: [torch.float32 of size 1x1x256x512 (cuda:0)]
      (6): Parameter containing: [torch.float32 of size 1x1x512x1024 (cuda:0)]
  )
)
train the 0 -th image
start temperature: 0.3 noise parameter: 2.0
end temperature: 0.1 noise parameter: 1.0
********************Start from stage I
********************going into stage II
eval_object_psnr: 32.630123165838825
eval_background_psnr: 27.40874865730089
eval_background_psnr: 27.40874865730089
********************Evaluation the Image 0-th, after Step 999, BEST PSNR: 26.266672, Print rate 0.109720. *************************
Saved model at ./saved/modbase_7/context_16_arm_mod_16/sparity_0.0/inr_mod_16KODAK_ROI_Global_new_struture_7_12_3_33_orderconcat_operator_0_pw_0.8_img_object0.pth
Trained the image with PSNR: 26.26667153969039  latent bits 0.10971970856189728 latent bits number 57524.7265625
[26.26667153969039]
[0.10971970856189728]
[57524.7265625]
load the model: ./saved/modbase_7/context_16_arm_mod_16/sparity_0.0/inr_mod_16KODAK_ROI_Global_new_struture_7_12_3_33_orderconcat_operator_0_pw_0.8_img_object0.pth for the  0 -th image
********************Evalutation with quantization
********************Starting quantizing models
eval_object_psnr: 32.0157790310494
full_image_psnr: 25.725005229269772
object_psnr: 32.0157790310494
background_psnr: 26.888737478404604
********************Evaluation the Image 0-th, BEST PSNR: 25.725005, Print rate 0.109842, Network rate 0.018681. *************************
eval_wsssim: 0.821061
Decoded image saved to ./experiments/vcip_wssim_tunado_diegoPC/decoded_images/othim01_maskerp_wsmse0_swhdc1_erp1_lambda0.8.png
Evaluate the image: PSNR: 25.725005229269772 All bits: 0.12852253019809723  latent bits: 0.1098419576883316  network bits: 0.018680572509765625
Evaluate arm network bits: 0.009130477905273438 Evaluate synthesis network bits: 0.009098052978515625
Image All bits num: 67382.8203125 latent bits num: 57588.8203125 mlp bits num: 9794.0 border bits num:
arm bits num: 4787.0 synthesis bits num: 4770.0
[25.725005229269772]
[0.12852253019809723]
[67382.8203125]
Metrics saved to ./experiments/vcip_wssim_tunado_diegoPC/results.csv
Current eval Ave PSNR: 25.725005229269772 Ave Bits 0.12852253019809723
Namespace(batch_size=1, lr=0.01, data='../data', sparsity=0.0, local_upsampling_kernel_size=8, upsampling_kernel_size=8, static_upsampling_kernel=False, latent_factor=1, mod_base=7, highest_flag=1, context_arm=16, dim_arm_mod=16, use_candidate=True, type='other', mod_hid_layer=0, sythesis_features=12, hidden_features=64, hidden_layer=2, scale=1, lambda_rate=0.8, lambda_rate_list=[0.4, 0.8], start_index=0, mask_type='erp', wsmse_tag=0, swhdc_tag=1, swhdc_dilations=[1, 2, 3, 4], erp_padding=1, workdir='./experiments/vcip_wssim_tunado_diegoPC', train_steps_1=5000, train_steps_2=1000, loss_type='combined', lambda_dist=0.0, lambda_percep=1.0, patch_h=512, patch_w=1024, all_pix_num=524288, eval_pix_num=524288)
Directory './saved/modbase_7/context_16_arm_mod_16' already exists.
Directory './saved/modbase_7/context_16_arm_mod_16/sparity_0.0' already exists.
top %: 0.0

🔁 Stage-1 Training Candidate 1/7
Quantizer parameter: encoding gain  16
total pixel: 524288
Get Mod with shape torch.Size([1, 1, 8, 16]) at layer: 1
Get Mod with shape torch.Size([1, 1, 16, 32]) at layer: 2
Get Mod with shape torch.Size([1, 1, 32, 64]) at layer: 3
Get Mod with shape torch.Size([1, 1, 64, 128]) at layer: 4
Get Mod with shape torch.Size([1, 1, 128, 256]) at layer: 5
Get Mod with shape torch.Size([1, 1, 256, 512]) at layer: 6
Get Mod with shape torch.Size([1, 1, 512, 1024]) at layer: 7
start temperature: 0.3 noise parameter: 2.0
end temperature: 0.3 noise parameter: 2.0
********************Start from stage I
Step 400, BEST PSNR: 24.651245, Total loss 0.346002 with its rate 0.1856834590435028 latent_bits 97351.609375

🔁 Stage-1 Training Candidate 2/7
Quantizer parameter: encoding gain  16
total pixel: 524288
Get Mod with shape torch.Size([1, 1, 8, 16]) at layer: 1
Get Mod with shape torch.Size([1, 1, 16, 32]) at layer: 2
Get Mod with shape torch.Size([1, 1, 32, 64]) at layer: 3
Get Mod with shape torch.Size([1, 1, 64, 128]) at layer: 4
Get Mod with shape torch.Size([1, 1, 128, 256]) at layer: 5
Get Mod with shape torch.Size([1, 1, 256, 512]) at layer: 6
Get Mod with shape torch.Size([1, 1, 512, 1024]) at layer: 7
start temperature: 0.3 noise parameter: 2.0
end temperature: 0.3 noise parameter: 2.0
********************Start from stage I
Step 400, BEST PSNR: 25.101241, Total loss 0.343280 with its rate 0.1905246526002884 latent_bits 99889.7890625

🔁 Stage-1 Training Candidate 3/7
Quantizer parameter: encoding gain  16
total pixel: 524288
Get Mod with shape torch.Size([1, 1, 8, 16]) at layer: 1
Get Mod with shape torch.Size([1, 1, 16, 32]) at layer: 2
Get Mod with shape torch.Size([1, 1, 32, 64]) at layer: 3
Get Mod with shape torch.Size([1, 1, 64, 128]) at layer: 4
Get Mod with shape torch.Size([1, 1, 128, 256]) at layer: 5
Get Mod with shape torch.Size([1, 1, 256, 512]) at layer: 6
Get Mod with shape torch.Size([1, 1, 512, 1024]) at layer: 7
start temperature: 0.3 noise parameter: 2.0
end temperature: 0.3 noise parameter: 2.0
********************Start from stage I
Step 400, BEST PSNR: 24.928650, Total loss 0.341646 with its rate 0.18473446369171143 latent_bits 96854.0625

🔁 Stage-1 Training Candidate 4/7
Quantizer parameter: encoding gain  16
total pixel: 524288
Get Mod with shape torch.Size([1, 1, 8, 16]) at layer: 1
Get Mod with shape torch.Size([1, 1, 16, 32]) at layer: 2
Get Mod with shape torch.Size([1, 1, 32, 64]) at layer: 3
Get Mod with shape torch.Size([1, 1, 64, 128]) at layer: 4
Get Mod with shape torch.Size([1, 1, 128, 256]) at layer: 5
Get Mod with shape torch.Size([1, 1, 256, 512]) at layer: 6
Get Mod with shape torch.Size([1, 1, 512, 1024]) at layer: 7
start temperature: 0.3 noise parameter: 2.0
end temperature: 0.3 noise parameter: 2.0
********************Start from stage I
Step 400, BEST PSNR: 24.373416, Total loss 0.347701 with its rate 0.18950282037258148 latent_bits 99354.0546875

🔁 Stage-1 Training Candidate 5/7
Quantizer parameter: encoding gain  16
total pixel: 524288
Get Mod with shape torch.Size([1, 1, 8, 16]) at layer: 1
Get Mod with shape torch.Size([1, 1, 16, 32]) at layer: 2
Get Mod with shape torch.Size([1, 1, 32, 64]) at layer: 3
Get Mod with shape torch.Size([1, 1, 64, 128]) at layer: 4
Get Mod with shape torch.Size([1, 1, 128, 256]) at layer: 5
Get Mod with shape torch.Size([1, 1, 256, 512]) at layer: 6
Get Mod with shape torch.Size([1, 1, 512, 1024]) at layer: 7
start temperature: 0.3 noise parameter: 2.0
end temperature: 0.3 noise parameter: 2.0
********************Start from stage I
Step 400, BEST PSNR: 24.439558, Total loss 0.333395 with its rate 0.1688743680715561 latent_bits 88538.8046875

🔁 Stage-1 Training Candidate 6/7
Quantizer parameter: encoding gain  16
total pixel: 524288
Get Mod with shape torch.Size([1, 1, 8, 16]) at layer: 1
Get Mod with shape torch.Size([1, 1, 16, 32]) at layer: 2
Get Mod with shape torch.Size([1, 1, 32, 64]) at layer: 3
Get Mod with shape torch.Size([1, 1, 64, 128]) at layer: 4
Get Mod with shape torch.Size([1, 1, 128, 256]) at layer: 5
Get Mod with shape torch.Size([1, 1, 256, 512]) at layer: 6
Get Mod with shape torch.Size([1, 1, 512, 1024]) at layer: 7
start temperature: 0.3 noise parameter: 2.0
end temperature: 0.3 noise parameter: 2.0
********************Start from stage I
Step 400, BEST PSNR: 24.655463, Total loss 0.343254 with its rate 0.18393434584140778 latent_bits 96434.5703125

🔁 Stage-1 Training Candidate 7/7
Quantizer parameter: encoding gain  16
total pixel: 524288
Get Mod with shape torch.Size([1, 1, 8, 16]) at layer: 1
Get Mod with shape torch.Size([1, 1, 16, 32]) at layer: 2
Get Mod with shape torch.Size([1, 1, 32, 64]) at layer: 3
Get Mod with shape torch.Size([1, 1, 64, 128]) at layer: 4
Get Mod with shape torch.Size([1, 1, 128, 256]) at layer: 5
Get Mod with shape torch.Size([1, 1, 256, 512]) at layer: 6
Get Mod with shape torch.Size([1, 1, 512, 1024]) at layer: 7
start temperature: 0.3 noise parameter: 2.0
end temperature: 0.3 noise parameter: 2.0
********************Start from stage I
Step 400, BEST PSNR: 24.770796, Total loss 0.351445 with its rate 0.193156436085701 latent_bits 101269.6015625

🌟 Selected Top-3 Candidates by RD cost

🎯 Stage-2 Refining Candidate 1/3
start temperature: 0.3 noise parameter: 2.0
end temperature: 0.3 noise parameter: 2.0
********************Start from stage I
Step 400, BEST PSNR: 24.891424, Total loss 0.357729 with its rate 0.21225854754447937 latent_bits 111284.609375

🎯 Stage-2 Refining Candidate 2/3
start temperature: 0.3 noise parameter: 2.0
end temperature: 0.3 noise parameter: 2.0
********************Start from stage I
Step 400, BEST PSNR: 25.374026, Total loss 0.356441 with its rate 0.2159014344215393 latent_bits 113194.53125

🎯 Stage-2 Refining Candidate 3/3
start temperature: 0.3 noise parameter: 2.0
end temperature: 0.3 noise parameter: 2.0
********************Start from stage I
Step 400, BEST PSNR: 25.060163, Total loss 0.355502 with its rate 0.20936188101768494 latent_bits 109765.921875

🏆 Best Candidate Final PSNR: 25.06, Rate: 0.2094
Masked_INR(
  (upsampling_2d): Upsampling(
    (conv_transpose2d): UpsamplingConvTranspose2d()
  )
  (arm): Arm(
    (mlp): Sequential(
      (0): ArmConv(
        (conv1_1): Conv1d(16, 16, kernel_size=(1,), stride=(1,))
      )
      (1): GELU(approximate='none')
      (2): ArmConv(
        (conv1_1): Conv1d(16, 16, kernel_size=(1,), stride=(1,))
      )
      (3): GELU(approximate='none')
      (4): ArmConv(
        (conv1_1): Conv1d(16, 2, kernel_size=(1,), stride=(1,))
      )
    )
  )
  (conv_mod): LocalGlobalBlock(
    (net): Sequential(
      (0): SynthesisLayer(
        (pad): Identity()
        (conv_layer): SWHDC(
          (conv): Conv2d(2, 3, kernel_size=(3, 3), stride=(1, 1))
        )
        (non_linearity): GELU(approximate='none')
      )
      (1): SynthesisResidualLayer(
        (pad): ReplicationPad2d((0, 0, 0, 0))
        (conv_layer): Conv2d(3, 3, kernel_size=(1, 1), stride=(1, 1))
        (non_linearity): GELU(approximate='none')
      )
      (2): SynthesisResidualLayer(
        (pad): ReplicationPad2d((0, 0, 0, 0))
        (conv_layer): Conv2d(3, 3, kernel_size=(1, 1), stride=(1, 1))
        (non_linearity): GELU(approximate='none')
      )
      (3): SynthesisResidualLayer(
        (pad): ReplicationPad2d((0, 0, 0, 0))
        (conv_layer): Conv2d(3, 3, kernel_size=(1, 1), stride=(1, 1))
        (non_linearity): Identity()
      )
    )
    (global_net): Sequential(
      (0): SynthesisLayer(
        (pad): Identity()
        (conv_layer): SWHDC(
          (conv): Conv2d(2, 3, kernel_size=(3, 3), stride=(1, 1))
        )
        (non_linearity): GELU(approximate='none')
      )
      (1): SynthesisResidualLayer(
        (pad): ReplicationPad2d((0, 0, 0, 0))
        (conv_layer): Conv2d(3, 3, kernel_size=(1, 1), stride=(1, 1))
        (non_linearity): GELU(approximate='none')
      )
      (2): SynthesisResidualLayer(
        (pad): ReplicationPad2d((0, 0, 0, 0))
        (conv_layer): Conv2d(3, 3, kernel_size=(1, 1), stride=(1, 1))
        (non_linearity): GELU(approximate='none')
      )
      (3): SynthesisResidualLayer(
        (pad): ReplicationPad2d((0, 0, 0, 0))
        (conv_layer): Conv2d(3, 3, kernel_size=(1, 1), stride=(1, 1))
        (non_linearity): Identity()
      )
    )
    (agg_func): Sequential(
      (0): SynthesisLayer(
        (pad): ReplicationPad2d((0, 0, 0, 0))
        (conv_layer): Conv2d(18, 3, kernel_size=(1, 1), stride=(1, 1))
        (non_linearity): GELU(approximate='none')
      )
      (1): SynthesisLayer(
        (pad): ReplicationPad2d((0, 0, 0, 0))
        (conv_layer): Conv2d(21, 3, kernel_size=(1, 1), stride=(1, 1))
        (non_linearity): GELU(approximate='none')
      )
      (2): SynthesisLayer(
        (pad): ReplicationPad2d((0, 0, 0, 0))
        (conv_layer): Conv2d(24, 3, kernel_size=(1, 1), stride=(1, 1))
        (non_linearity): GELU(approximate='none')
      )
    )
    (full_net): Sequential(
      (0): SynthesisLayer(
        (pad): ReplicationPad2d((0, 0, 0, 0))
        (conv_layer): Conv2d(7, 12, kernel_size=(1, 1), stride=(1, 1))
        (non_linearity): GELU(approximate='none')
      )
      (1): SynthesisLayer(
        (pad): ReplicationPad2d((0, 0, 0, 0))
        (conv_layer): Conv2d(12, 3, kernel_size=(1, 1), stride=(1, 1))
        (non_linearity): GELU(approximate='none')
      )
      (2): SynthesisResidualLayer(
        (conv_layer): Conv2d(3, 3, kernel_size=(3, 3), stride=(1, 1))
        (non_linearity): GELU(approximate='none')
      )
      (3): SynthesisResidualLayer(
        (conv_layer): Conv2d(3, 3, kernel_size=(3, 3), stride=(1, 1))
        (non_linearity): GELU(approximate='none')
      )
    )
  )
  (modulation_sf): ParameterList(
      (0): Parameter containing: [torch.float32 of size 1x1x8x16 (cuda:0)]
      (1): Parameter containing: [torch.float32 of size 1x1x16x32 (cuda:0)]
      (2): Parameter containing: [torch.float32 of size 1x1x32x64 (cuda:0)]
      (3): Parameter containing: [torch.float32 of size 1x1x64x128 (cuda:0)]
      (4): Parameter containing: [torch.float32 of size 1x1x128x256 (cuda:0)]
      (5): Parameter containing: [torch.float32 of size 1x1x256x512 (cuda:0)]
      (6): Parameter containing: [torch.float32 of size 1x1x512x1024 (cuda:0)]
  )
)
train the 1 -th image
start temperature: 0.3 noise parameter: 2.0
end temperature: 0.1 noise parameter: 1.0
********************Start from stage I
********************going into stage II
eval_object_psnr: 31.687073730121938
eval_background_psnr: 27.391596871885895
eval_background_psnr: 27.391596871885895
********************Evaluation the Image 1-th, after Step 999, BEST PSNR: 25.990574, Print rate 0.107327. *************************
Saved model at ./saved/modbase_7/context_16_arm_mod_16/sparity_0.0/inr_mod_16KODAK_ROI_Global_new_struture_7_12_3_33_orderconcat_operator_0_pw_0.8_img_object1.pth
Trained the image with PSNR: 25.99057383617314  latent bits 0.10732713341712952 latent bits number 56270.328125
[26.26667153969039, 25.99057383617314]
[0.10971970856189728, 0.10732713341712952]
[57524.7265625, 56270.328125]
load the model: ./saved/modbase_7/context_16_arm_mod_16/sparity_0.0/inr_mod_16KODAK_ROI_Global_new_struture_7_12_3_33_orderconcat_operator_0_pw_0.8_img_object1.pth for the  1 -th image
********************Evalutation with quantization
********************Starting quantizing models
eval_object_psnr: 30.406823844508708
full_image_psnr: 25.084490369571522
object_psnr: 30.406823844508708
background_psnr: 26.611127650953705
********************Evaluation the Image 1-th, BEST PSNR: 25.084490, Print rate 0.107669, Network rate 0.017178. *************************
eval_wsssim: 0.808232
Decoded image saved to ./experiments/vcip_wssim_tunado_diegoPC/decoded_images/othim02_maskerp_wsmse0_swhdc1_erp1_lambda0.8.png
Evaluate the image: PSNR: 25.084490369571522 All bits: 0.12484615296125412  latent bits: 0.10766857117414474  network bits: 0.017177581787109375
Evaluate arm network bits: 0.008924484252929688 Evaluate synthesis network bits: 0.007785797119140625
Image All bits num: 65455.33984375 latent bits num: 56449.33984375 mlp bits num: 9006.0 border bits num:
arm bits num: 4679.0 synthesis bits num: 4082.0
[25.725005229269772, 25.084490369571522]
[0.12852253019809723, 0.12484615296125412]
[67382.8203125, 65455.33984375]
Metrics saved to ./experiments/vcip_wssim_tunado_diegoPC/results.csv
Current eval Ave PSNR: 25.404747799420647 Ave Bits 0.12668434157967567
Namespace(batch_size=1, lr=0.01, data='../data', sparsity=0.0, local_upsampling_kernel_size=8, upsampling_kernel_size=8, static_upsampling_kernel=False, latent_factor=1, mod_base=7, highest_flag=1, context_arm=16, dim_arm_mod=16, use_candidate=True, type='other', mod_hid_layer=0, sythesis_features=12, hidden_features=64, hidden_layer=2, scale=1, lambda_rate=0.8, lambda_rate_list=[0.4, 0.8], start_index=0, mask_type='erp', wsmse_tag=0, swhdc_tag=1, swhdc_dilations=[1, 2, 3, 4], erp_padding=1, workdir='./experiments/vcip_wssim_tunado_diegoPC', train_steps_1=5000, train_steps_2=1000, loss_type='combined', lambda_dist=0.0, lambda_percep=1.0, patch_h=512, patch_w=1024, all_pix_num=524288, eval_pix_num=524288)
Directory './saved/modbase_7/context_16_arm_mod_16' already exists.
Directory './saved/modbase_7/context_16_arm_mod_16/sparity_0.0' already exists.
top %: 0.0

🔁 Stage-1 Training Candidate 1/7
Quantizer parameter: encoding gain  16
total pixel: 524288
Get Mod with shape torch.Size([1, 1, 8, 16]) at layer: 1
Get Mod with shape torch.Size([1, 1, 16, 32]) at layer: 2
Get Mod with shape torch.Size([1, 1, 32, 64]) at layer: 3
Get Mod with shape torch.Size([1, 1, 64, 128]) at layer: 4
Get Mod with shape torch.Size([1, 1, 128, 256]) at layer: 5
Get Mod with shape torch.Size([1, 1, 256, 512]) at layer: 6
Get Mod with shape torch.Size([1, 1, 512, 1024]) at layer: 7
start temperature: 0.3 noise parameter: 2.0
end temperature: 0.3 noise parameter: 2.0
********************Start from stage I
Step 400, BEST PSNR: 24.602238, Total loss 0.348659 with its rate 0.18391528725624084 latent_bits 96424.578125

🔁 Stage-1 Training Candidate 2/7
Quantizer parameter: encoding gain  16
total pixel: 524288
Get Mod with shape torch.Size([1, 1, 8, 16]) at layer: 1
Get Mod with shape torch.Size([1, 1, 16, 32]) at layer: 2
Get Mod with shape torch.Size([1, 1, 32, 64]) at layer: 3
Get Mod with shape torch.Size([1, 1, 64, 128]) at layer: 4
Get Mod with shape torch.Size([1, 1, 128, 256]) at layer: 5
Get Mod with shape torch.Size([1, 1, 256, 512]) at layer: 6
Get Mod with shape torch.Size([1, 1, 512, 1024]) at layer: 7
start temperature: 0.3 noise parameter: 2.0
end temperature: 0.3 noise parameter: 2.0
********************Start from stage I
Step 400, BEST PSNR: 24.733555, Total loss 0.346694 with its rate 0.18592336773872375 latent_bits 97477.390625

🔁 Stage-1 Training Candidate 3/7
Quantizer parameter: encoding gain  16
total pixel: 524288
Get Mod with shape torch.Size([1, 1, 8, 16]) at layer: 1
Get Mod with shape torch.Size([1, 1, 16, 32]) at layer: 2
Get Mod with shape torch.Size([1, 1, 32, 64]) at layer: 3
Get Mod with shape torch.Size([1, 1, 64, 128]) at layer: 4
Get Mod with shape torch.Size([1, 1, 128, 256]) at layer: 5
Get Mod with shape torch.Size([1, 1, 256, 512]) at layer: 6
Get Mod with shape torch.Size([1, 1, 512, 1024]) at layer: 7
start temperature: 0.3 noise parameter: 2.0
end temperature: 0.3 noise parameter: 2.0
********************Start from stage I
Step 400, BEST PSNR: 24.756195, Total loss 0.341131 with its rate 0.18328098952770233 latent_bits 96092.0234375

🔁 Stage-1 Training Candidate 4/7
Quantizer parameter: encoding gain  16
total pixel: 524288
Get Mod with shape torch.Size([1, 1, 8, 16]) at layer: 1
Get Mod with shape torch.Size([1, 1, 16, 32]) at layer: 2
Get Mod with shape torch.Size([1, 1, 32, 64]) at layer: 3
Get Mod with shape torch.Size([1, 1, 64, 128]) at layer: 4
Get Mod with shape torch.Size([1, 1, 128, 256]) at layer: 5
Get Mod with shape torch.Size([1, 1, 256, 512]) at layer: 6
Get Mod with shape torch.Size([1, 1, 512, 1024]) at layer: 7
start temperature: 0.3 noise parameter: 2.0
end temperature: 0.3 noise parameter: 2.0
********************Start from stage I
Step 400, BEST PSNR: 24.980778, Total loss 0.345276 with its rate 0.18302130699157715 latent_bits 95955.875

🔁 Stage-1 Training Candidate 5/7
Quantizer parameter: encoding gain  16
total pixel: 524288
Get Mod with shape torch.Size([1, 1, 8, 16]) at layer: 1
Get Mod with shape torch.Size([1, 1, 16, 32]) at layer: 2
Get Mod with shape torch.Size([1, 1, 32, 64]) at layer: 3
Get Mod with shape torch.Size([1, 1, 64, 128]) at layer: 4
Get Mod with shape torch.Size([1, 1, 128, 256]) at layer: 5
Get Mod with shape torch.Size([1, 1, 256, 512]) at layer: 6
Get Mod with shape torch.Size([1, 1, 512, 1024]) at layer: 7
start temperature: 0.3 noise parameter: 2.0
end temperature: 0.3 noise parameter: 2.0
********************Start from stage I
Step 400, BEST PSNR: 24.830135, Total loss 0.348025 with its rate 0.187982439994812 latent_bits 98556.9375

🔁 Stage-1 Training Candidate 6/7
Quantizer parameter: encoding gain  16
total pixel: 524288
Get Mod with shape torch.Size([1, 1, 8, 16]) at layer: 1
Get Mod with shape torch.Size([1, 1, 16, 32]) at layer: 2
Get Mod with shape torch.Size([1, 1, 32, 64]) at layer: 3
Get Mod with shape torch.Size([1, 1, 64, 128]) at layer: 4
Get Mod with shape torch.Size([1, 1, 128, 256]) at layer: 5
Get Mod with shape torch.Size([1, 1, 256, 512]) at layer: 6
Get Mod with shape torch.Size([1, 1, 512, 1024]) at layer: 7
start temperature: 0.3 noise parameter: 2.0
end temperature: 0.3 noise parameter: 2.0
********************Start from stage I
Step 400, BEST PSNR: 24.706701, Total loss 0.330862 with its rate 0.16821251809597015 latent_bits 88191.8046875

🔁 Stage-1 Training Candidate 7/7
Quantizer parameter: encoding gain  16
total pixel: 524288
Get Mod with shape torch.Size([1, 1, 8, 16]) at layer: 1
Get Mod with shape torch.Size([1, 1, 16, 32]) at layer: 2
Get Mod with shape torch.Size([1, 1, 32, 64]) at layer: 3
Get Mod with shape torch.Size([1, 1, 64, 128]) at layer: 4
Get Mod with shape torch.Size([1, 1, 128, 256]) at layer: 5
Get Mod with shape torch.Size([1, 1, 256, 512]) at layer: 6
Get Mod with shape torch.Size([1, 1, 512, 1024]) at layer: 7
start temperature: 0.3 noise parameter: 2.0
end temperature: 0.3 noise parameter: 2.0
********************Start from stage I
Step 400, BEST PSNR: 24.573335, Total loss 0.347827 with its rate 0.18648089468479156 latent_bits 97769.6953125

🌟 Selected Top-3 Candidates by RD cost

🎯 Stage-2 Refining Candidate 1/3
start temperature: 0.3 noise parameter: 2.0
end temperature: 0.3 noise parameter: 2.0
********************Start from stage I
Step 400, BEST PSNR: 24.953152, Total loss 0.362995 with its rate 0.21713289618492126 latent_bits 113840.171875

🎯 Stage-2 Refining Candidate 2/3
start temperature: 0.3 noise parameter: 2.0
end temperature: 0.3 noise parameter: 2.0
********************Start from stage I
Step 400, BEST PSNR: 25.079625, Total loss 0.359455 with its rate 0.21549579501152039 latent_bits 112981.859375

🎯 Stage-2 Refining Candidate 3/3
start temperature: 0.3 noise parameter: 2.0
end temperature: 0.3 noise parameter: 2.0
********************Start from stage I
Step 400, BEST PSNR: 25.625758, Total loss 0.358019 with its rate 0.21846869587898254 latent_bits 114540.515625

🏆 Best Candidate Final PSNR: 25.63, Rate: 0.2185
Masked_INR(
  (upsampling_2d): Upsampling(
    (conv_transpose2d): UpsamplingConvTranspose2d()
  )
  (arm): Arm(
    (mlp): Sequential(
      (0): ArmConv(
        (conv1_1): Conv1d(16, 16, kernel_size=(1,), stride=(1,))
      )
      (1): GELU(approximate='none')
      (2): ArmConv(
        (conv1_1): Conv1d(16, 16, kernel_size=(1,), stride=(1,))
      )
      (3): GELU(approximate='none')
      (4): ArmConv(
        (conv1_1): Conv1d(16, 2, kernel_size=(1,), stride=(1,))
      )
    )
  )
  (conv_mod): LocalGlobalBlock(
    (net): Sequential(
      (0): SynthesisLayer(
        (pad): Identity()
        (conv_layer): SWHDC(
          (conv): Conv2d(2, 3, kernel_size=(3, 3), stride=(1, 1))
        )
        (non_linearity): GELU(approximate='none')
      )
      (1): SynthesisResidualLayer(
        (pad): ReplicationPad2d((0, 0, 0, 0))
        (conv_layer): Conv2d(3, 3, kernel_size=(1, 1), stride=(1, 1))
        (non_linearity): GELU(approximate='none')
      )
      (2): SynthesisResidualLayer(
        (pad): ReplicationPad2d((0, 0, 0, 0))
        (conv_layer): Conv2d(3, 3, kernel_size=(1, 1), stride=(1, 1))
        (non_linearity): GELU(approximate='none')
      )
      (3): SynthesisResidualLayer(
        (pad): ReplicationPad2d((0, 0, 0, 0))
        (conv_layer): Conv2d(3, 3, kernel_size=(1, 1), stride=(1, 1))
        (non_linearity): Identity()
      )
    )
    (global_net): Sequential(
      (0): SynthesisLayer(
        (pad): Identity()
        (conv_layer): SWHDC(
          (conv): Conv2d(2, 3, kernel_size=(3, 3), stride=(1, 1))
        )
        (non_linearity): GELU(approximate='none')
      )
      (1): SynthesisResidualLayer(
        (pad): ReplicationPad2d((0, 0, 0, 0))
        (conv_layer): Conv2d(3, 3, kernel_size=(1, 1), stride=(1, 1))
        (non_linearity): GELU(approximate='none')
      )
      (2): SynthesisResidualLayer(
        (pad): ReplicationPad2d((0, 0, 0, 0))
        (conv_layer): Conv2d(3, 3, kernel_size=(1, 1), stride=(1, 1))
        (non_linearity): GELU(approximate='none')
      )
      (3): SynthesisResidualLayer(
        (pad): ReplicationPad2d((0, 0, 0, 0))
        (conv_layer): Conv2d(3, 3, kernel_size=(1, 1), stride=(1, 1))
        (non_linearity): Identity()
      )
    )
    (agg_func): Sequential(
      (0): SynthesisLayer(
        (pad): ReplicationPad2d((0, 0, 0, 0))
        (conv_layer): Conv2d(18, 3, kernel_size=(1, 1), stride=(1, 1))
        (non_linearity): GELU(approximate='none')
      )
      (1): SynthesisLayer(
        (pad): ReplicationPad2d((0, 0, 0, 0))
        (conv_layer): Conv2d(21, 3, kernel_size=(1, 1), stride=(1, 1))
        (non_linearity): GELU(approximate='none')
      )
      (2): SynthesisLayer(
        (pad): ReplicationPad2d((0, 0, 0, 0))
        (conv_layer): Conv2d(24, 3, kernel_size=(1, 1), stride=(1, 1))
        (non_linearity): GELU(approximate='none')
      )
    )
    (full_net): Sequential(
      (0): SynthesisLayer(
        (pad): ReplicationPad2d((0, 0, 0, 0))
        (conv_layer): Conv2d(7, 12, kernel_size=(1, 1), stride=(1, 1))
        (non_linearity): GELU(approximate='none')
      )
      (1): SynthesisLayer(
        (pad): ReplicationPad2d((0, 0, 0, 0))
        (conv_layer): Conv2d(12, 3, kernel_size=(1, 1), stride=(1, 1))
        (non_linearity): GELU(approximate='none')
      )
      (2): SynthesisResidualLayer(
        (conv_layer): Conv2d(3, 3, kernel_size=(3, 3), stride=(1, 1))
        (non_linearity): GELU(approximate='none')
      )
      (3): SynthesisResidualLayer(
        (conv_layer): Conv2d(3, 3, kernel_size=(3, 3), stride=(1, 1))
        (non_linearity): GELU(approximate='none')
      )
    )
  )
  (modulation_sf): ParameterList(
      (0): Parameter containing: [torch.float32 of size 1x1x8x16 (cuda:0)]
      (1): Parameter containing: [torch.float32 of size 1x1x16x32 (cuda:0)]
      (2): Parameter containing: [torch.float32 of size 1x1x32x64 (cuda:0)]
      (3): Parameter containing: [torch.float32 of size 1x1x64x128 (cuda:0)]
      (4): Parameter containing: [torch.float32 of size 1x1x128x256 (cuda:0)]
      (5): Parameter containing: [torch.float32 of size 1x1x256x512 (cuda:0)]
      (6): Parameter containing: [torch.float32 of size 1x1x512x1024 (cuda:0)]
  )
)
train the 2 -th image
start temperature: 0.3 noise parameter: 2.0
end temperature: 0.1 noise parameter: 1.0
********************Start from stage I
********************going into stage II
eval_object_psnr: 32.40452998459213
eval_background_psnr: 27.516798715399815
eval_background_psnr: 27.516798715399815
********************Evaluation the Image 2-th, after Step 999, BEST PSNR: 26.289848, Print rate 0.111808. *************************
Saved model at ./saved/modbase_7/context_16_arm_mod_16/sparity_0.0/inr_mod_16KODAK_ROI_Global_new_struture_7_12_3_33_orderconcat_operator_0_pw_0.8_img_object2.pth
Trained the image with PSNR: 26.28984751399874  latent bits 0.11180776357650757 latent bits number 58619.46875
[26.26667153969039, 25.99057383617314, 26.28984751399874]
[0.10971970856189728, 0.10732713341712952, 0.11180776357650757]
[57524.7265625, 56270.328125, 58619.46875]
load the model: ./saved/modbase_7/context_16_arm_mod_16/sparity_0.0/inr_mod_16KODAK_ROI_Global_new_struture_7_12_3_33_orderconcat_operator_0_pw_0.8_img_object2.pth for the  2 -th image
********************Evalutation with quantization
********************Starting quantizing models
eval_object_psnr: 32.07671835424025
full_image_psnr: 26.126108564653624
object_psnr: 32.07671835424025
background_psnr: 27.407812988061938
********************Evaluation the Image 2-th, BEST PSNR: 26.126109, Print rate 0.112744, Network rate 0.017523. *************************
eval_wsssim: 0.823983
Decoded image saved to ./experiments/vcip_wssim_tunado_diegoPC/decoded_images/othim03_maskerp_wsmse0_swhdc1_erp1_lambda0.8.png
Evaluate the image: PSNR: 26.126108564653624 All bits: 0.13026711344718933  latent bits: 0.1127443015575409  network bits: 0.017522811889648438
Evaluate arm network bits: 0.007959365844726562 Evaluate synthesis network bits: 0.00897216796875
Image All bits num: 68297.484375 latent bits num: 59110.484375 mlp bits num: 9187.0 border bits num:
arm bits num: 4173.0 synthesis bits num: 4704.0
[25.725005229269772, 25.084490369571522, 26.126108564653624]
[0.12852253019809723, 0.12484615296125412, 0.13026711344718933]
[67382.8203125, 65455.33984375, 68297.484375]
Metrics saved to ./experiments/vcip_wssim_tunado_diegoPC/results.csv
Current eval Ave PSNR: 25.645201387831637 Ave Bits 0.1278785988688469
Namespace(batch_size=1, lr=0.01, data='../data', sparsity=0.0, local_upsampling_kernel_size=8, upsampling_kernel_size=8, static_upsampling_kernel=False, latent_factor=1, mod_base=7, highest_flag=1, context_arm=16, dim_arm_mod=16, use_candidate=True, type='other', mod_hid_layer=0, sythesis_features=12, hidden_features=64, hidden_layer=2, scale=1, lambda_rate=0.8, lambda_rate_list=[0.4, 0.8], start_index=0, mask_type='erp', wsmse_tag=0, swhdc_tag=1, swhdc_dilations=[1, 2, 3, 4], erp_padding=1, workdir='./experiments/vcip_wssim_tunado_diegoPC', train_steps_1=5000, train_steps_2=1000, loss_type='combined', lambda_dist=0.0, lambda_percep=1.0, patch_h=512, patch_w=1024, all_pix_num=524288, eval_pix_num=524288)
Directory './saved/modbase_7/context_16_arm_mod_16' already exists.
Directory './saved/modbase_7/context_16_arm_mod_16/sparity_0.0' already exists.
top %: 0.0

🔁 Stage-1 Training Candidate 1/7
Quantizer parameter: encoding gain  16
total pixel: 524288
Get Mod with shape torch.Size([1, 1, 8, 16]) at layer: 1
Get Mod with shape torch.Size([1, 1, 16, 32]) at layer: 2
Get Mod with shape torch.Size([1, 1, 32, 64]) at layer: 3
Get Mod with shape torch.Size([1, 1, 64, 128]) at layer: 4
Get Mod with shape torch.Size([1, 1, 128, 256]) at layer: 5
Get Mod with shape torch.Size([1, 1, 256, 512]) at layer: 6
Get Mod with shape torch.Size([1, 1, 512, 1024]) at layer: 7
start temperature: 0.3 noise parameter: 2.0
end temperature: 0.3 noise parameter: 2.0
********************Start from stage I
Step 400, BEST PSNR: 22.244262, Total loss 0.481657 with its rate 0.27158963680267334 latent_bits 142391.1875

🔁 Stage-1 Training Candidate 2/7
Quantizer parameter: encoding gain  16
total pixel: 524288
Get Mod with shape torch.Size([1, 1, 8, 16]) at layer: 1
Get Mod with shape torch.Size([1, 1, 16, 32]) at layer: 2
Get Mod with shape torch.Size([1, 1, 32, 64]) at layer: 3
Get Mod with shape torch.Size([1, 1, 64, 128]) at layer: 4
Get Mod with shape torch.Size([1, 1, 128, 256]) at layer: 5
Get Mod with shape torch.Size([1, 1, 256, 512]) at layer: 6
Get Mod with shape torch.Size([1, 1, 512, 1024]) at layer: 7
start temperature: 0.3 noise parameter: 2.0
end temperature: 0.3 noise parameter: 2.0
********************Start from stage I
Step 400, BEST PSNR: 22.258521, Total loss 0.482194 with its rate 0.2745627164840698 latent_bits 143949.9375

🔁 Stage-1 Training Candidate 3/7
Quantizer parameter: encoding gain  16
total pixel: 524288
Get Mod with shape torch.Size([1, 1, 8, 16]) at layer: 1
Get Mod with shape torch.Size([1, 1, 16, 32]) at layer: 2
Get Mod with shape torch.Size([1, 1, 32, 64]) at layer: 3
Get Mod with shape torch.Size([1, 1, 64, 128]) at layer: 4
Get Mod with shape torch.Size([1, 1, 128, 256]) at layer: 5
Get Mod with shape torch.Size([1, 1, 256, 512]) at layer: 6
Get Mod with shape torch.Size([1, 1, 512, 1024]) at layer: 7
start temperature: 0.3 noise parameter: 2.0
end temperature: 0.3 noise parameter: 2.0
********************Start from stage I
Step 400, BEST PSNR: 21.861603, Total loss 0.486804 with its rate 0.2808851897716522 latent_bits 147264.734375

🔁 Stage-1 Training Candidate 4/7
Quantizer parameter: encoding gain  16
total pixel: 524288
Get Mod with shape torch.Size([1, 1, 8, 16]) at layer: 1
Get Mod with shape torch.Size([1, 1, 16, 32]) at layer: 2
Get Mod with shape torch.Size([1, 1, 32, 64]) at layer: 3
Get Mod with shape torch.Size([1, 1, 64, 128]) at layer: 4
Get Mod with shape torch.Size([1, 1, 128, 256]) at layer: 5
Get Mod with shape torch.Size([1, 1, 256, 512]) at layer: 6
Get Mod with shape torch.Size([1, 1, 512, 1024]) at layer: 7
start temperature: 0.3 noise parameter: 2.0
end temperature: 0.3 noise parameter: 2.0
********************Start from stage I
Step 400, BEST PSNR: 21.518998, Total loss 0.484623 with its rate 0.27300721406936646 latent_bits 143134.40625

🔁 Stage-1 Training Candidate 5/7
Quantizer parameter: encoding gain  16
total pixel: 524288
Get Mod with shape torch.Size([1, 1, 8, 16]) at layer: 1
Get Mod with shape torch.Size([1, 1, 16, 32]) at layer: 2
Get Mod with shape torch.Size([1, 1, 32, 64]) at layer: 3
Get Mod with shape torch.Size([1, 1, 64, 128]) at layer: 4
Get Mod with shape torch.Size([1, 1, 128, 256]) at layer: 5
Get Mod with shape torch.Size([1, 1, 256, 512]) at layer: 6
Get Mod with shape torch.Size([1, 1, 512, 1024]) at layer: 7
start temperature: 0.3 noise parameter: 2.0
end temperature: 0.3 noise parameter: 2.0
********************Start from stage I
Step 400, BEST PSNR: 21.825378, Total loss 0.491036 with its rate 0.2862122654914856 latent_bits 150057.65625

🔁 Stage-1 Training Candidate 6/7
Quantizer parameter: encoding gain  16
total pixel: 524288
Get Mod with shape torch.Size([1, 1, 8, 16]) at layer: 1
Get Mod with shape torch.Size([1, 1, 16, 32]) at layer: 2
Get Mod with shape torch.Size([1, 1, 32, 64]) at layer: 3
Get Mod with shape torch.Size([1, 1, 64, 128]) at layer: 4
Get Mod with shape torch.Size([1, 1, 128, 256]) at layer: 5
Get Mod with shape torch.Size([1, 1, 256, 512]) at layer: 6
Get Mod with shape torch.Size([1, 1, 512, 1024]) at layer: 7
start temperature: 0.3 noise parameter: 2.0
end temperature: 0.3 noise parameter: 2.0
********************Start from stage I
Step 400, BEST PSNR: 22.196295, Total loss 0.486031 with its rate 0.2821647524833679 latent_bits 147935.59375

🔁 Stage-1 Training Candidate 7/7
Quantizer parameter: encoding gain  16
total pixel: 524288
Get Mod with shape torch.Size([1, 1, 8, 16]) at layer: 1
Get Mod with shape torch.Size([1, 1, 16, 32]) at layer: 2
Get Mod with shape torch.Size([1, 1, 32, 64]) at layer: 3
Get Mod with shape torch.Size([1, 1, 64, 128]) at layer: 4
Get Mod with shape torch.Size([1, 1, 128, 256]) at layer: 5
Get Mod with shape torch.Size([1, 1, 256, 512]) at layer: 6
Get Mod with shape torch.Size([1, 1, 512, 1024]) at layer: 7
start temperature: 0.3 noise parameter: 2.0
end temperature: 0.3 noise parameter: 2.0
********************Start from stage I
Step 400, BEST PSNR: 22.012358, Total loss 0.487158 with its rate 0.27382561564445496 latent_bits 143563.484375

🌟 Selected Top-3 Candidates by RD cost

🎯 Stage-2 Refining Candidate 1/3
start temperature: 0.3 noise parameter: 2.0
end temperature: 0.3 noise parameter: 2.0
********************Start from stage I
Step 400, BEST PSNR: 22.442790, Total loss 0.495466 with its rate 0.3036579489707947 latent_bits 159204.21875

🎯 Stage-2 Refining Candidate 2/3
start temperature: 0.3 noise parameter: 2.0
end temperature: 0.3 noise parameter: 2.0
********************Start from stage I
Step 400, BEST PSNR: 22.486691, Total loss 0.497648 with its rate 0.30577361583709717 latent_bits 160313.4375

🎯 Stage-2 Refining Candidate 3/3
start temperature: 0.3 noise parameter: 2.0
end temperature: 0.3 noise parameter: 2.0
********************Start from stage I
Step 400, BEST PSNR: 22.463556, Total loss 0.493052 with its rate 0.2995680272579193 latent_bits 157059.921875

🏆 Best Candidate Final PSNR: 22.46, Rate: 0.2996
Masked_INR(
  (upsampling_2d): Upsampling(
    (conv_transpose2d): UpsamplingConvTranspose2d()
  )
  (arm): Arm(
    (mlp): Sequential(
      (0): ArmConv(
        (conv1_1): Conv1d(16, 16, kernel_size=(1,), stride=(1,))
      )
      (1): GELU(approximate='none')
      (2): ArmConv(
        (conv1_1): Conv1d(16, 16, kernel_size=(1,), stride=(1,))
      )
      (3): GELU(approximate='none')
      (4): ArmConv(
        (conv1_1): Conv1d(16, 2, kernel_size=(1,), stride=(1,))
      )
    )
  )
  (conv_mod): LocalGlobalBlock(
    (net): Sequential(
      (0): SynthesisLayer(
        (pad): Identity()
        (conv_layer): SWHDC(
          (conv): Conv2d(2, 3, kernel_size=(3, 3), stride=(1, 1))
        )
        (non_linearity): GELU(approximate='none')
      )
      (1): SynthesisResidualLayer(
        (pad): ReplicationPad2d((0, 0, 0, 0))
        (conv_layer): Conv2d(3, 3, kernel_size=(1, 1), stride=(1, 1))
        (non_linearity): GELU(approximate='none')
      )
      (2): SynthesisResidualLayer(
        (pad): ReplicationPad2d((0, 0, 0, 0))
        (conv_layer): Conv2d(3, 3, kernel_size=(1, 1), stride=(1, 1))
        (non_linearity): GELU(approximate='none')
      )
      (3): SynthesisResidualLayer(
        (pad): ReplicationPad2d((0, 0, 0, 0))
        (conv_layer): Conv2d(3, 3, kernel_size=(1, 1), stride=(1, 1))
        (non_linearity): Identity()
      )
    )
    (global_net): Sequential(
      (0): SynthesisLayer(
        (pad): Identity()
        (conv_layer): SWHDC(
          (conv): Conv2d(2, 3, kernel_size=(3, 3), stride=(1, 1))
        )
        (non_linearity): GELU(approximate='none')
      )
      (1): SynthesisResidualLayer(
        (pad): ReplicationPad2d((0, 0, 0, 0))
        (conv_layer): Conv2d(3, 3, kernel_size=(1, 1), stride=(1, 1))
        (non_linearity): GELU(approximate='none')
      )
      (2): SynthesisResidualLayer(
        (pad): ReplicationPad2d((0, 0, 0, 0))
        (conv_layer): Conv2d(3, 3, kernel_size=(1, 1), stride=(1, 1))
        (non_linearity): GELU(approximate='none')
      )
      (3): SynthesisResidualLayer(
        (pad): ReplicationPad2d((0, 0, 0, 0))
        (conv_layer): Conv2d(3, 3, kernel_size=(1, 1), stride=(1, 1))
        (non_linearity): Identity()
      )
    )
    (agg_func): Sequential(
      (0): SynthesisLayer(
        (pad): ReplicationPad2d((0, 0, 0, 0))
        (conv_layer): Conv2d(18, 3, kernel_size=(1, 1), stride=(1, 1))
        (non_linearity): GELU(approximate='none')
      )
      (1): SynthesisLayer(
        (pad): ReplicationPad2d((0, 0, 0, 0))
        (conv_layer): Conv2d(21, 3, kernel_size=(1, 1), stride=(1, 1))
        (non_linearity): GELU(approximate='none')
      )
      (2): SynthesisLayer(
        (pad): ReplicationPad2d((0, 0, 0, 0))
        (conv_layer): Conv2d(24, 3, kernel_size=(1, 1), stride=(1, 1))
        (non_linearity): GELU(approximate='none')
      )
    )
    (full_net): Sequential(
      (0): SynthesisLayer(
        (pad): ReplicationPad2d((0, 0, 0, 0))
        (conv_layer): Conv2d(7, 12, kernel_size=(1, 1), stride=(1, 1))
        (non_linearity): GELU(approximate='none')
      )
      (1): SynthesisLayer(
        (pad): ReplicationPad2d((0, 0, 0, 0))
        (conv_layer): Conv2d(12, 3, kernel_size=(1, 1), stride=(1, 1))
        (non_linearity): GELU(approximate='none')
      )
      (2): SynthesisResidualLayer(
        (conv_layer): Conv2d(3, 3, kernel_size=(3, 3), stride=(1, 1))
        (non_linearity): GELU(approximate='none')
      )
      (3): SynthesisResidualLayer(
        (conv_layer): Conv2d(3, 3, kernel_size=(3, 3), stride=(1, 1))
        (non_linearity): GELU(approximate='none')
      )
    )
  )
  (modulation_sf): ParameterList(
      (0): Parameter containing: [torch.float32 of size 1x1x8x16 (cuda:0)]
      (1): Parameter containing: [torch.float32 of size 1x1x16x32 (cuda:0)]
      (2): Parameter containing: [torch.float32 of size 1x1x32x64 (cuda:0)]
      (3): Parameter containing: [torch.float32 of size 1x1x64x128 (cuda:0)]
      (4): Parameter containing: [torch.float32 of size 1x1x128x256 (cuda:0)]
      (5): Parameter containing: [torch.float32 of size 1x1x256x512 (cuda:0)]
      (6): Parameter containing: [torch.float32 of size 1x1x512x1024 (cuda:0)]
  )
)
train the 3 -th image
start temperature: 0.3 noise parameter: 2.0
end temperature: 0.1 noise parameter: 1.0
********************Start from stage I
********************going into stage II
eval_object_psnr: 27.760413448270313
eval_background_psnr: 24.689948504817735
eval_background_psnr: 24.689948504817735
********************Evaluation the Image 3-th, after Step 999, BEST PSNR: 22.947319, Print rate 0.193200. *************************
Saved model at ./saved/modbase_7/context_16_arm_mod_16/sparity_0.0/inr_mod_16KODAK_ROI_Global_new_struture_7_12_3_33_orderconcat_operator_0_pw_0.8_img_object3.pth
Trained the image with PSNR: 22.947318639606546  latent bits 0.19319993257522583 latent bits number 101292.40625
[26.26667153969039, 25.99057383617314, 26.28984751399874, 22.947318639606546]
[0.10971970856189728, 0.10732713341712952, 0.11180776357650757, 0.19319993257522583]
[57524.7265625, 56270.328125, 58619.46875, 101292.40625]
load the model: ./saved/modbase_7/context_16_arm_mod_16/sparity_0.0/inr_mod_16KODAK_ROI_Global_new_struture_7_12_3_33_orderconcat_operator_0_pw_0.8_img_object3.pth for the  3 -th image
********************Evalutation with quantization
********************Starting quantizing models
eval_object_psnr: 27.60960629487909
full_image_psnr: 22.74168690510335
object_psnr: 27.60960629487909
background_psnr: 24.45508544253157
********************Evaluation the Image 3-th, BEST PSNR: 22.741687, Print rate 0.193550, Network rate 0.017826. *************************
eval_wsssim: 0.762915
Decoded image saved to ./experiments/vcip_wssim_tunado_diegoPC/decoded_images/othim04_maskerp_wsmse0_swhdc1_erp1_lambda0.8.png
Evaluate the image: PSNR: 22.74168690510335 All bits: 0.21137559413909912  latent bits: 0.1935495138168335  network bits: 0.017826080322265625
Evaluate arm network bits: 0.008167266845703125 Evaluate synthesis network bits: 0.009044647216796875
Image All bits num: 110821.6875 latent bits num: 101475.6875 mlp bits num: 9346.0 border bits num:
arm bits num: 4282.0 synthesis bits num: 4742.0
[25.725005229269772, 25.084490369571522, 26.126108564653624, 22.74168690510335]
[0.12852253019809723, 0.12484615296125412, 0.13026711344718933, 0.21137559413909912]
[67382.8203125, 65455.33984375, 68297.484375, 110821.6875]
Metrics saved to ./experiments/vcip_wssim_tunado_diegoPC/results.csv
Current eval Ave PSNR: 24.919322767149566 Ave Bits 0.14875284768640995
Namespace(batch_size=1, lr=0.01, data='../data', sparsity=0.0, local_upsampling_kernel_size=8, upsampling_kernel_size=8, static_upsampling_kernel=False, latent_factor=1, mod_base=7, highest_flag=1, context_arm=16, dim_arm_mod=16, use_candidate=True, type='other', mod_hid_layer=0, sythesis_features=12, hidden_features=64, hidden_layer=2, scale=1, lambda_rate=0.8, lambda_rate_list=[0.4, 0.8], start_index=0, mask_type='erp', wsmse_tag=0, swhdc_tag=1, swhdc_dilations=[1, 2, 3, 4], erp_padding=1, workdir='./experiments/vcip_wssim_tunado_diegoPC', train_steps_1=5000, train_steps_2=1000, loss_type='combined', lambda_dist=0.0, lambda_percep=1.0, patch_h=512, patch_w=1024, all_pix_num=524288, eval_pix_num=524288)
Directory './saved/modbase_7/context_16_arm_mod_16' already exists.
Directory './saved/modbase_7/context_16_arm_mod_16/sparity_0.0' already exists.
top %: 0.0

🔁 Stage-1 Training Candidate 1/7
Quantizer parameter: encoding gain  16
total pixel: 524288
Get Mod with shape torch.Size([1, 1, 8, 16]) at layer: 1
Get Mod with shape torch.Size([1, 1, 16, 32]) at layer: 2
Get Mod with shape torch.Size([1, 1, 32, 64]) at layer: 3
Get Mod with shape torch.Size([1, 1, 64, 128]) at layer: 4
Get Mod with shape torch.Size([1, 1, 128, 256]) at layer: 5
Get Mod with shape torch.Size([1, 1, 256, 512]) at layer: 6
Get Mod with shape torch.Size([1, 1, 512, 1024]) at layer: 7
start temperature: 0.3 noise parameter: 2.0
end temperature: 0.3 noise parameter: 2.0
********************Start from stage I
Step 400, BEST PSNR: 23.347710, Total loss 0.450415 with its rate 0.25407034158706665 latent_bits 133206.03125

🔁 Stage-1 Training Candidate 2/7
Quantizer parameter: encoding gain  16
total pixel: 524288
Get Mod with shape torch.Size([1, 1, 8, 16]) at layer: 1
Get Mod with shape torch.Size([1, 1, 16, 32]) at layer: 2
Get Mod with shape torch.Size([1, 1, 32, 64]) at layer: 3
Get Mod with shape torch.Size([1, 1, 64, 128]) at layer: 4
Get Mod with shape torch.Size([1, 1, 128, 256]) at layer: 5
Get Mod with shape torch.Size([1, 1, 256, 512]) at layer: 6
Get Mod with shape torch.Size([1, 1, 512, 1024]) at layer: 7
start temperature: 0.3 noise parameter: 2.0
end temperature: 0.3 noise parameter: 2.0
********************Start from stage I
Step 400, BEST PSNR: 23.236990, Total loss 0.447540 with its rate 0.24662023782730103 latent_bits 129300.03125

🔁 Stage-1 Training Candidate 3/7
Quantizer parameter: encoding gain  16
total pixel: 524288
Get Mod with shape torch.Size([1, 1, 8, 16]) at layer: 1
Get Mod with shape torch.Size([1, 1, 16, 32]) at layer: 2
Get Mod with shape torch.Size([1, 1, 32, 64]) at layer: 3
Get Mod with shape torch.Size([1, 1, 64, 128]) at layer: 4
Get Mod with shape torch.Size([1, 1, 128, 256]) at layer: 5
Get Mod with shape torch.Size([1, 1, 256, 512]) at layer: 6
Get Mod with shape torch.Size([1, 1, 512, 1024]) at layer: 7
start temperature: 0.3 noise parameter: 2.0
end temperature: 0.3 noise parameter: 2.0
********************Start from stage I
Step 400, BEST PSNR: 23.126461, Total loss 0.449120 with its rate 0.25410082936286926 latent_bits 133222.015625

🔁 Stage-1 Training Candidate 4/7
Quantizer parameter: encoding gain  16
total pixel: 524288
Get Mod with shape torch.Size([1, 1, 8, 16]) at layer: 1
Get Mod with shape torch.Size([1, 1, 16, 32]) at layer: 2
Get Mod with shape torch.Size([1, 1, 32, 64]) at layer: 3
Get Mod with shape torch.Size([1, 1, 64, 128]) at layer: 4
Get Mod with shape torch.Size([1, 1, 128, 256]) at layer: 5
Get Mod with shape torch.Size([1, 1, 256, 512]) at layer: 6
Get Mod with shape torch.Size([1, 1, 512, 1024]) at layer: 7
start temperature: 0.3 noise parameter: 2.0
end temperature: 0.3 noise parameter: 2.0
********************Start from stage I
Step 400, BEST PSNR: 23.132117, Total loss 0.444074 with its rate 0.24557451903820038 latent_bits 128751.7734375

🔁 Stage-1 Training Candidate 5/7
Quantizer parameter: encoding gain  16
total pixel: 524288
Get Mod with shape torch.Size([1, 1, 8, 16]) at layer: 1
Get Mod with shape torch.Size([1, 1, 16, 32]) at layer: 2
Get Mod with shape torch.Size([1, 1, 32, 64]) at layer: 3
Get Mod with shape torch.Size([1, 1, 64, 128]) at layer: 4
Get Mod with shape torch.Size([1, 1, 128, 256]) at layer: 5
Get Mod with shape torch.Size([1, 1, 256, 512]) at layer: 6
Get Mod with shape torch.Size([1, 1, 512, 1024]) at layer: 7
start temperature: 0.3 noise parameter: 2.0
end temperature: 0.3 noise parameter: 2.0
********************Start from stage I
Step 400, BEST PSNR: 23.328478, Total loss 0.458024 with its rate 0.26479750871658325 latent_bits 138830.15625

🔁 Stage-1 Training Candidate 6/7
Quantizer parameter: encoding gain  16
total pixel: 524288
Get Mod with shape torch.Size([1, 1, 8, 16]) at layer: 1
Get Mod with shape torch.Size([1, 1, 16, 32]) at layer: 2
Get Mod with shape torch.Size([1, 1, 32, 64]) at layer: 3
Get Mod with shape torch.Size([1, 1, 64, 128]) at layer: 4
Get Mod with shape torch.Size([1, 1, 128, 256]) at layer: 5
Get Mod with shape torch.Size([1, 1, 256, 512]) at layer: 6
Get Mod with shape torch.Size([1, 1, 512, 1024]) at layer: 7
start temperature: 0.3 noise parameter: 2.0
end temperature: 0.3 noise parameter: 2.0
********************Start from stage I
Step 400, BEST PSNR: 23.160784, Total loss 0.452990 with its rate 0.256894588470459 latent_bits 134686.75

🔁 Stage-1 Training Candidate 7/7
Quantizer parameter: encoding gain  16
total pixel: 524288
Get Mod with shape torch.Size([1, 1, 8, 16]) at layer: 1
Get Mod with shape torch.Size([1, 1, 16, 32]) at layer: 2
Get Mod with shape torch.Size([1, 1, 32, 64]) at layer: 3
Get Mod with shape torch.Size([1, 1, 64, 128]) at layer: 4
Get Mod with shape torch.Size([1, 1, 128, 256]) at layer: 5
Get Mod with shape torch.Size([1, 1, 256, 512]) at layer: 6
Get Mod with shape torch.Size([1, 1, 512, 1024]) at layer: 7
start temperature: 0.3 noise parameter: 2.0
end temperature: 0.3 noise parameter: 2.0
********************Start from stage I
Step 400, BEST PSNR: 23.096386, Total loss 0.454750 with its rate 0.25793328881263733 latent_bits 135231.328125

🌟 Selected Top-3 Candidates by RD cost

🎯 Stage-2 Refining Candidate 1/3
start temperature: 0.3 noise parameter: 2.0
end temperature: 0.3 noise parameter: 2.0
********************Start from stage I
Step 400, BEST PSNR: 23.635990, Total loss 0.463788 with its rate 0.28273212909698486 latent_bits 148233.0625

🎯 Stage-2 Refining Candidate 2/3
start temperature: 0.3 noise parameter: 2.0
end temperature: 0.3 noise parameter: 2.0
********************Start from stage I
Step 400, BEST PSNR: 23.574783, Total loss 0.468678 with its rate 0.2877734303474426 latent_bits 150876.15625

🎯 Stage-2 Refining Candidate 3/3
start temperature: 0.3 noise parameter: 2.0
end temperature: 0.3 noise parameter: 2.0
********************Start from stage I
Step 400, BEST PSNR: 23.638600, Total loss 0.462665 with its rate 0.2858896851539612 latent_bits 149888.53125

🏆 Best Candidate Final PSNR: 23.64, Rate: 0.2859
Masked_INR(
  (upsampling_2d): Upsampling(
    (conv_transpose2d): UpsamplingConvTranspose2d()
  )
  (arm): Arm(
    (mlp): Sequential(
      (0): ArmConv(
        (conv1_1): Conv1d(16, 16, kernel_size=(1,), stride=(1,))
      )
      (1): GELU(approximate='none')
      (2): ArmConv(
        (conv1_1): Conv1d(16, 16, kernel_size=(1,), stride=(1,))
      )
      (3): GELU(approximate='none')
      (4): ArmConv(
        (conv1_1): Conv1d(16, 2, kernel_size=(1,), stride=(1,))
      )
    )
  )
  (conv_mod): LocalGlobalBlock(
    (net): Sequential(
      (0): SynthesisLayer(
        (pad): Identity()
        (conv_layer): SWHDC(
          (conv): Conv2d(2, 3, kernel_size=(3, 3), stride=(1, 1))
        )
        (non_linearity): GELU(approximate='none')
      )
      (1): SynthesisResidualLayer(
        (pad): ReplicationPad2d((0, 0, 0, 0))
        (conv_layer): Conv2d(3, 3, kernel_size=(1, 1), stride=(1, 1))
        (non_linearity): GELU(approximate='none')
      )
      (2): SynthesisResidualLayer(
        (pad): ReplicationPad2d((0, 0, 0, 0))
        (conv_layer): Conv2d(3, 3, kernel_size=(1, 1), stride=(1, 1))
        (non_linearity): GELU(approximate='none')
      )
      (3): SynthesisResidualLayer(
        (pad): ReplicationPad2d((0, 0, 0, 0))
        (conv_layer): Conv2d(3, 3, kernel_size=(1, 1), stride=(1, 1))
        (non_linearity): Identity()
      )
    )
    (global_net): Sequential(
      (0): SynthesisLayer(
        (pad): Identity()
        (conv_layer): SWHDC(
          (conv): Conv2d(2, 3, kernel_size=(3, 3), stride=(1, 1))
        )
        (non_linearity): GELU(approximate='none')
      )
      (1): SynthesisResidualLayer(
        (pad): ReplicationPad2d((0, 0, 0, 0))
        (conv_layer): Conv2d(3, 3, kernel_size=(1, 1), stride=(1, 1))
        (non_linearity): GELU(approximate='none')
      )
      (2): SynthesisResidualLayer(
        (pad): ReplicationPad2d((0, 0, 0, 0))
        (conv_layer): Conv2d(3, 3, kernel_size=(1, 1), stride=(1, 1))
        (non_linearity): GELU(approximate='none')
      )
      (3): SynthesisResidualLayer(
        (pad): ReplicationPad2d((0, 0, 0, 0))
        (conv_layer): Conv2d(3, 3, kernel_size=(1, 1), stride=(1, 1))
        (non_linearity): Identity()
      )
    )
    (agg_func): Sequential(
      (0): SynthesisLayer(
        (pad): ReplicationPad2d((0, 0, 0, 0))
        (conv_layer): Conv2d(18, 3, kernel_size=(1, 1), stride=(1, 1))
        (non_linearity): GELU(approximate='none')
      )
      (1): SynthesisLayer(
        (pad): ReplicationPad2d((0, 0, 0, 0))
        (conv_layer): Conv2d(21, 3, kernel_size=(1, 1), stride=(1, 1))
        (non_linearity): GELU(approximate='none')
      )
      (2): SynthesisLayer(
        (pad): ReplicationPad2d((0, 0, 0, 0))
        (conv_layer): Conv2d(24, 3, kernel_size=(1, 1), stride=(1, 1))
        (non_linearity): GELU(approximate='none')
      )
    )
    (full_net): Sequential(
      (0): SynthesisLayer(
        (pad): ReplicationPad2d((0, 0, 0, 0))
        (conv_layer): Conv2d(7, 12, kernel_size=(1, 1), stride=(1, 1))
        (non_linearity): GELU(approximate='none')
      )
      (1): SynthesisLayer(
        (pad): ReplicationPad2d((0, 0, 0, 0))
        (conv_layer): Conv2d(12, 3, kernel_size=(1, 1), stride=(1, 1))
        (non_linearity): GELU(approximate='none')
      )
      (2): SynthesisResidualLayer(
        (conv_layer): Conv2d(3, 3, kernel_size=(3, 3), stride=(1, 1))
        (non_linearity): GELU(approximate='none')
      )
      (3): SynthesisResidualLayer(
        (conv_layer): Conv2d(3, 3, kernel_size=(3, 3), stride=(1, 1))
        (non_linearity): GELU(approximate='none')
      )
    )
  )
  (modulation_sf): ParameterList(
      (0): Parameter containing: [torch.float32 of size 1x1x8x16 (cuda:0)]
      (1): Parameter containing: [torch.float32 of size 1x1x16x32 (cuda:0)]
      (2): Parameter containing: [torch.float32 of size 1x1x32x64 (cuda:0)]
      (3): Parameter containing: [torch.float32 of size 1x1x64x128 (cuda:0)]
      (4): Parameter containing: [torch.float32 of size 1x1x128x256 (cuda:0)]
      (5): Parameter containing: [torch.float32 of size 1x1x256x512 (cuda:0)]
      (6): Parameter containing: [torch.float32 of size 1x1x512x1024 (cuda:0)]
  )
)
train the 4 -th image
start temperature: 0.3 noise parameter: 2.0
end temperature: 0.1 noise parameter: 1.0
********************Start from stage I
********************going into stage II
eval_object_psnr: 29.460668673304358
eval_background_psnr: 25.871848346484473
eval_background_psnr: 25.871848346484473
********************Evaluation the Image 4-th, after Step 999, BEST PSNR: 24.294414, Print rate 0.176622. *************************
Saved model at ./saved/modbase_7/context_16_arm_mod_16/sparity_0.0/inr_mod_16KODAK_ROI_Global_new_struture_7_12_3_33_orderconcat_operator_0_pw_0.8_img_object4.pth
Trained the image with PSNR: 24.29441434572143  latent bits 0.1766223907470703 latent bits number 92601.0
[26.26667153969039, 25.99057383617314, 26.28984751399874, 22.947318639606546, 24.29441434572143]
[0.10971970856189728, 0.10732713341712952, 0.11180776357650757, 0.19319993257522583, 0.1766223907470703]
[57524.7265625, 56270.328125, 58619.46875, 101292.40625, 92601.0]
load the model: ./saved/modbase_7/context_16_arm_mod_16/sparity_0.0/inr_mod_16KODAK_ROI_Global_new_struture_7_12_3_33_orderconcat_operator_0_pw_0.8_img_object4.pth for the  4 -th image
********************Evalutation with quantization
********************Starting quantizing models
eval_object_psnr: 29.14581033732784
full_image_psnr: 23.87970493444533
object_psnr: 29.14581033732784
background_psnr: 25.417705295989208
********************Evaluation the Image 4-th, BEST PSNR: 23.879705, Print rate 0.176822, Network rate 0.018518. *************************
eval_wsssim: 0.759058
Decoded image saved to ./experiments/vcip_wssim_tunado_diegoPC/decoded_images/othim05_maskerp_wsmse0_swhdc1_erp1_lambda0.8.png
Evaluate the image: PSNR: 23.87970493444533 All bits: 0.19534045457839966  latent bits: 0.1768220067024231  network bits: 0.018518447875976562
Evaluate arm network bits: 0.010227203369140625 Evaluate synthesis network bits: 0.007833480834960938
Image All bits num: 102414.65625 latent bits num: 92705.65625 mlp bits num: 9709.0 border bits num:
arm bits num: 5362.0 synthesis bits num: 4107.0
[25.725005229269772, 25.084490369571522, 26.126108564653624, 22.74168690510335, 23.87970493444533]
[0.12852253019809723, 0.12484615296125412, 0.13026711344718933, 0.21137559413909912, 0.19534045457839966]
[67382.8203125, 65455.33984375, 68297.484375, 110821.6875, 102414.65625]
Metrics saved to ./experiments/vcip_wssim_tunado_diegoPC/results.csv
Current eval Ave PSNR: 24.711399200608717 Ave Bits 0.1580703690648079
Namespace(batch_size=1, lr=0.01, data='../data', sparsity=0.0, local_upsampling_kernel_size=8, upsampling_kernel_size=8, static_upsampling_kernel=False, latent_factor=1, mod_base=7, highest_flag=1, context_arm=16, dim_arm_mod=16, use_candidate=True, type='other', mod_hid_layer=0, sythesis_features=12, hidden_features=64, hidden_layer=2, scale=1, lambda_rate=0.8, lambda_rate_list=[0.4, 0.8], start_index=0, mask_type='erp', wsmse_tag=0, swhdc_tag=1, swhdc_dilations=[1, 2, 3, 4], erp_padding=1, workdir='./experiments/vcip_wssim_tunado_diegoPC', train_steps_1=5000, train_steps_2=1000, loss_type='combined', lambda_dist=0.0, lambda_percep=1.0, patch_h=512, patch_w=1024, all_pix_num=524288, eval_pix_num=524288)
Directory './saved/modbase_7/context_16_arm_mod_16' already exists.
Directory './saved/modbase_7/context_16_arm_mod_16/sparity_0.0' already exists.
top %: 0.0

🔁 Stage-1 Training Candidate 1/7
Quantizer parameter: encoding gain  16
total pixel: 524288
Get Mod with shape torch.Size([1, 1, 8, 16]) at layer: 1
Get Mod with shape torch.Size([1, 1, 16, 32]) at layer: 2
Get Mod with shape torch.Size([1, 1, 32, 64]) at layer: 3
Get Mod with shape torch.Size([1, 1, 64, 128]) at layer: 4
Get Mod with shape torch.Size([1, 1, 128, 256]) at layer: 5
Get Mod with shape torch.Size([1, 1, 256, 512]) at layer: 6
Get Mod with shape torch.Size([1, 1, 512, 1024]) at layer: 7
start temperature: 0.3 noise parameter: 2.0
end temperature: 0.3 noise parameter: 2.0
********************Start from stage I
Step 400, BEST PSNR: 22.930477, Total loss 0.439149 with its rate 0.24507002532482147 latent_bits 128487.2734375

🔁 Stage-1 Training Candidate 2/7
Quantizer parameter: encoding gain  16
total pixel: 524288
Get Mod with shape torch.Size([1, 1, 8, 16]) at layer: 1
Get Mod with shape torch.Size([1, 1, 16, 32]) at layer: 2
Get Mod with shape torch.Size([1, 1, 32, 64]) at layer: 3
Get Mod with shape torch.Size([1, 1, 64, 128]) at layer: 4
Get Mod with shape torch.Size([1, 1, 128, 256]) at layer: 5
Get Mod with shape torch.Size([1, 1, 256, 512]) at layer: 6
Get Mod with shape torch.Size([1, 1, 512, 1024]) at layer: 7
start temperature: 0.3 noise parameter: 2.0
end temperature: 0.3 noise parameter: 2.0
********************Start from stage I
Step 400, BEST PSNR: 23.003488, Total loss 0.447879 with its rate 0.2552392780780792 latent_bits 133818.890625

🔁 Stage-1 Training Candidate 3/7
Quantizer parameter: encoding gain  16
total pixel: 524288
Get Mod with shape torch.Size([1, 1, 8, 16]) at layer: 1
Get Mod with shape torch.Size([1, 1, 16, 32]) at layer: 2
Get Mod with shape torch.Size([1, 1, 32, 64]) at layer: 3
Get Mod with shape torch.Size([1, 1, 64, 128]) at layer: 4
Get Mod with shape torch.Size([1, 1, 128, 256]) at layer: 5
Get Mod with shape torch.Size([1, 1, 256, 512]) at layer: 6
Get Mod with shape torch.Size([1, 1, 512, 1024]) at layer: 7
start temperature: 0.3 noise parameter: 2.0
end temperature: 0.3 noise parameter: 2.0
********************Start from stage I
Step 400, BEST PSNR: 23.042946, Total loss 0.440701 with its rate 0.2551807165145874 latent_bits 133788.1875

🔁 Stage-1 Training Candidate 4/7
Quantizer parameter: encoding gain  16
total pixel: 524288
Get Mod with shape torch.Size([1, 1, 8, 16]) at layer: 1
Get Mod with shape torch.Size([1, 1, 16, 32]) at layer: 2
Get Mod with shape torch.Size([1, 1, 32, 64]) at layer: 3
Get Mod with shape torch.Size([1, 1, 64, 128]) at layer: 4
Get Mod with shape torch.Size([1, 1, 128, 256]) at layer: 5
Get Mod with shape torch.Size([1, 1, 256, 512]) at layer: 6
Get Mod with shape torch.Size([1, 1, 512, 1024]) at layer: 7
start temperature: 0.3 noise parameter: 2.0
end temperature: 0.3 noise parameter: 2.0
********************Start from stage I
Step 400, BEST PSNR: 23.111249, Total loss 0.440028 with its rate 0.2523389458656311 latent_bits 132298.28125

🔁 Stage-1 Training Candidate 5/7
Quantizer parameter: encoding gain  16
total pixel: 524288
Get Mod with shape torch.Size([1, 1, 8, 16]) at layer: 1
Get Mod with shape torch.Size([1, 1, 16, 32]) at layer: 2
Get Mod with shape torch.Size([1, 1, 32, 64]) at layer: 3
Get Mod with shape torch.Size([1, 1, 64, 128]) at layer: 4
Get Mod with shape torch.Size([1, 1, 128, 256]) at layer: 5
Get Mod with shape torch.Size([1, 1, 256, 512]) at layer: 6
Get Mod with shape torch.Size([1, 1, 512, 1024]) at layer: 7
start temperature: 0.3 noise parameter: 2.0
end temperature: 0.3 noise parameter: 2.0
********************Start from stage I
Step 400, BEST PSNR: 23.245250, Total loss 0.436170 with its rate 0.24943435192108154 latent_bits 130775.4375

🔁 Stage-1 Training Candidate 6/7
Quantizer parameter: encoding gain  16
total pixel: 524288
Get Mod with shape torch.Size([1, 1, 8, 16]) at layer: 1
Get Mod with shape torch.Size([1, 1, 16, 32]) at layer: 2
Get Mod with shape torch.Size([1, 1, 32, 64]) at layer: 3
Get Mod with shape torch.Size([1, 1, 64, 128]) at layer: 4
Get Mod with shape torch.Size([1, 1, 128, 256]) at layer: 5
Get Mod with shape torch.Size([1, 1, 256, 512]) at layer: 6
Get Mod with shape torch.Size([1, 1, 512, 1024]) at layer: 7
start temperature: 0.3 noise parameter: 2.0
end temperature: 0.3 noise parameter: 2.0
********************Start from stage I
Step 400, BEST PSNR: 22.971314, Total loss 0.448473 with its rate 0.25840550661087036 latent_bits 135478.90625

🔁 Stage-1 Training Candidate 7/7
Quantizer parameter: encoding gain  16
total pixel: 524288
Get Mod with shape torch.Size([1, 1, 8, 16]) at layer: 1
Get Mod with shape torch.Size([1, 1, 16, 32]) at layer: 2
Get Mod with shape torch.Size([1, 1, 32, 64]) at layer: 3
Get Mod with shape torch.Size([1, 1, 64, 128]) at layer: 4
Get Mod with shape torch.Size([1, 1, 128, 256]) at layer: 5
Get Mod with shape torch.Size([1, 1, 256, 512]) at layer: 6
Get Mod with shape torch.Size([1, 1, 512, 1024]) at layer: 7
start temperature: 0.3 noise parameter: 2.0
end temperature: 0.3 noise parameter: 2.0
********************Start from stage I
Step 400, BEST PSNR: 22.793754, Total loss 0.447006 with its rate 0.26211845874786377 latent_bits 137425.5625

🌟 Selected Top-3 Candidates by RD cost

🎯 Stage-2 Refining Candidate 1/3
start temperature: 0.3 noise parameter: 2.0
end temperature: 0.3 noise parameter: 2.0
********************Start from stage I
Step 400, BEST PSNR: 23.668886, Total loss 0.450305 with its rate 0.2808569669723511 latent_bits 147249.9375

🎯 Stage-2 Refining Candidate 2/3
start temperature: 0.3 noise parameter: 2.0
end temperature: 0.3 noise parameter: 2.0
********************Start from stage I
Step 400, BEST PSNR: 23.393657, Total loss 0.447748 with its rate 0.274929940700531 latent_bits 144142.46875

🎯 Stage-2 Refining Candidate 3/3
start temperature: 0.3 noise parameter: 2.0
end temperature: 0.3 noise parameter: 2.0
********************Start from stage I
Step 400, BEST PSNR: 23.449818, Total loss 0.453861 with its rate 0.2814367115497589 latent_bits 147553.890625

🏆 Best Candidate Final PSNR: 23.39, Rate: 0.2749
Masked_INR(
  (upsampling_2d): Upsampling(
    (conv_transpose2d): UpsamplingConvTranspose2d()
  )
  (arm): Arm(
    (mlp): Sequential(
      (0): ArmConv(
        (conv1_1): Conv1d(16, 16, kernel_size=(1,), stride=(1,))
      )
      (1): GELU(approximate='none')
      (2): ArmConv(
        (conv1_1): Conv1d(16, 16, kernel_size=(1,), stride=(1,))
      )
      (3): GELU(approximate='none')
      (4): ArmConv(
        (conv1_1): Conv1d(16, 2, kernel_size=(1,), stride=(1,))
      )
    )
  )
  (conv_mod): LocalGlobalBlock(
    (net): Sequential(
      (0): SynthesisLayer(
        (pad): Identity()
        (conv_layer): SWHDC(
          (conv): Conv2d(2, 3, kernel_size=(3, 3), stride=(1, 1))
        )
        (non_linearity): GELU(approximate='none')
      )
      (1): SynthesisResidualLayer(
        (pad): ReplicationPad2d((0, 0, 0, 0))
        (conv_layer): Conv2d(3, 3, kernel_size=(1, 1), stride=(1, 1))
        (non_linearity): GELU(approximate='none')
      )
      (2): SynthesisResidualLayer(
        (pad): ReplicationPad2d((0, 0, 0, 0))
        (conv_layer): Conv2d(3, 3, kernel_size=(1, 1), stride=(1, 1))
        (non_linearity): GELU(approximate='none')
      )
      (3): SynthesisResidualLayer(
        (pad): ReplicationPad2d((0, 0, 0, 0))
        (conv_layer): Conv2d(3, 3, kernel_size=(1, 1), stride=(1, 1))
        (non_linearity): Identity()
      )
    )
    (global_net): Sequential(
      (0): SynthesisLayer(
        (pad): Identity()
        (conv_layer): SWHDC(
          (conv): Conv2d(2, 3, kernel_size=(3, 3), stride=(1, 1))
        )
        (non_linearity): GELU(approximate='none')
      )
      (1): SynthesisResidualLayer(
        (pad): ReplicationPad2d((0, 0, 0, 0))
        (conv_layer): Conv2d(3, 3, kernel_size=(1, 1), stride=(1, 1))
        (non_linearity): GELU(approximate='none')
      )
      (2): SynthesisResidualLayer(
        (pad): ReplicationPad2d((0, 0, 0, 0))
        (conv_layer): Conv2d(3, 3, kernel_size=(1, 1), stride=(1, 1))
        (non_linearity): GELU(approximate='none')
      )
      (3): SynthesisResidualLayer(
        (pad): ReplicationPad2d((0, 0, 0, 0))
        (conv_layer): Conv2d(3, 3, kernel_size=(1, 1), stride=(1, 1))
        (non_linearity): Identity()
      )
    )
    (agg_func): Sequential(
      (0): SynthesisLayer(
        (pad): ReplicationPad2d((0, 0, 0, 0))
        (conv_layer): Conv2d(18, 3, kernel_size=(1, 1), stride=(1, 1))
        (non_linearity): GELU(approximate='none')
      )
      (1): SynthesisLayer(
        (pad): ReplicationPad2d((0, 0, 0, 0))
        (conv_layer): Conv2d(21, 3, kernel_size=(1, 1), stride=(1, 1))
        (non_linearity): GELU(approximate='none')
      )
      (2): SynthesisLayer(
        (pad): ReplicationPad2d((0, 0, 0, 0))
        (conv_layer): Conv2d(24, 3, kernel_size=(1, 1), stride=(1, 1))
        (non_linearity): GELU(approximate='none')
      )
    )
    (full_net): Sequential(
      (0): SynthesisLayer(
        (pad): ReplicationPad2d((0, 0, 0, 0))
        (conv_layer): Conv2d(7, 12, kernel_size=(1, 1), stride=(1, 1))
        (non_linearity): GELU(approximate='none')
      )
      (1): SynthesisLayer(
        (pad): ReplicationPad2d((0, 0, 0, 0))
        (conv_layer): Conv2d(12, 3, kernel_size=(1, 1), stride=(1, 1))
        (non_linearity): GELU(approximate='none')
      )
      (2): SynthesisResidualLayer(
        (conv_layer): Conv2d(3, 3, kernel_size=(3, 3), stride=(1, 1))
        (non_linearity): GELU(approximate='none')
      )
      (3): SynthesisResidualLayer(
        (conv_layer): Conv2d(3, 3, kernel_size=(3, 3), stride=(1, 1))
        (non_linearity): GELU(approximate='none')
      )
    )
  )
  (modulation_sf): ParameterList(
      (0): Parameter containing: [torch.float32 of size 1x1x8x16 (cuda:0)]
      (1): Parameter containing: [torch.float32 of size 1x1x16x32 (cuda:0)]
      (2): Parameter containing: [torch.float32 of size 1x1x32x64 (cuda:0)]
      (3): Parameter containing: [torch.float32 of size 1x1x64x128 (cuda:0)]
      (4): Parameter containing: [torch.float32 of size 1x1x128x256 (cuda:0)]
      (5): Parameter containing: [torch.float32 of size 1x1x256x512 (cuda:0)]
      (6): Parameter containing: [torch.float32 of size 1x1x512x1024 (cuda:0)]
  )
)
train the 5 -th image
start temperature: 0.3 noise parameter: 2.0
end temperature: 0.1 noise parameter: 1.0
********************Start from stage I
********************going into stage II
eval_object_psnr: 29.187502236586614
eval_background_psnr: 25.756781054513848
eval_background_psnr: 25.756781054513848
********************Evaluation the Image 5-th, after Step 999, BEST PSNR: 24.131407, Print rate 0.167748. *************************
Saved model at ./saved/modbase_7/context_16_arm_mod_16/sparity_0.0/inr_mod_16KODAK_ROI_Global_new_struture_7_12_3_33_orderconcat_operator_0_pw_0.8_img_object5.pth
Trained the image with PSNR: 24.13140701196215  latent bits 0.1677476167678833 latent bits number 87948.0625
[26.26667153969039, 25.99057383617314, 26.28984751399874, 22.947318639606546, 24.29441434572143, 24.13140701196215]
[0.10971970856189728, 0.10732713341712952, 0.11180776357650757, 0.19319993257522583, 0.1766223907470703, 0.1677476167678833]
[57524.7265625, 56270.328125, 58619.46875, 101292.40625, 92601.0, 87948.0625]
load the model: ./saved/modbase_7/context_16_arm_mod_16/sparity_0.0/inr_mod_16KODAK_ROI_Global_new_struture_7_12_3_33_orderconcat_operator_0_pw_0.8_img_object5.pth for the  5 -th image
********************Evalutation with quantization
********************Starting quantizing models
eval_object_psnr: 28.319546370945485
full_image_psnr: 23.496738437492905
object_psnr: 28.319546370945485
background_psnr: 25.238063202084646
********************Evaluation the Image 5-th, BEST PSNR: 23.496738, Print rate 0.168278, Network rate 0.016451. *************************
eval_wsssim: 0.779701
Decoded image saved to ./experiments/vcip_wssim_tunado_diegoPC/decoded_images/othim06_maskerp_wsmse0_swhdc1_erp1_lambda0.8.png
Evaluate the image: PSNR: 23.496738437492905 All bits: 0.18472929298877716  latent bits: 0.16827841103076935  network bits: 0.016450881958007812
Evaluate arm network bits: 0.00806427001953125 Evaluate synthesis network bits: 0.00791168212890625
Image All bits num: 96851.3515625 latent bits num: 88226.3515625 mlp bits num: 8625.0 border bits num:
arm bits num: 4228.0 synthesis bits num: 4148.0
[25.725005229269772, 25.084490369571522, 26.126108564653624, 22.74168690510335, 23.87970493444533, 23.496738437492905]
[0.12852253019809723, 0.12484615296125412, 0.13026711344718933, 0.21137559413909912, 0.19534045457839966, 0.18472929298877716]
[67382.8203125, 65455.33984375, 68297.484375, 110821.6875, 102414.65625, 96851.3515625]
Metrics saved to ./experiments/vcip_wssim_tunado_diegoPC/results.csv
Current eval Ave PSNR: 24.508955740089416 Ave Bits 0.1625135230521361
Namespace(batch_size=1, lr=0.01, data='../data', sparsity=0.0, local_upsampling_kernel_size=8, upsampling_kernel_size=8, static_upsampling_kernel=False, latent_factor=1, mod_base=7, highest_flag=1, context_arm=16, dim_arm_mod=16, use_candidate=True, type='other', mod_hid_layer=0, sythesis_features=12, hidden_features=64, hidden_layer=2, scale=1, lambda_rate=0.8, lambda_rate_list=[0.4, 0.8], start_index=0, mask_type='erp', wsmse_tag=0, swhdc_tag=1, swhdc_dilations=[1, 2, 3, 4], erp_padding=1, workdir='./experiments/vcip_wssim_tunado_diegoPC', train_steps_1=5000, train_steps_2=1000, loss_type='combined', lambda_dist=0.0, lambda_percep=1.0, patch_h=512, patch_w=1024, all_pix_num=524288, eval_pix_num=524288)
Directory './saved/modbase_7/context_16_arm_mod_16' already exists.
Directory './saved/modbase_7/context_16_arm_mod_16/sparity_0.0' already exists.
top %: 0.0

🔁 Stage-1 Training Candidate 1/7
Quantizer parameter: encoding gain  16
total pixel: 524288
Get Mod with shape torch.Size([1, 1, 8, 16]) at layer: 1
Get Mod with shape torch.Size([1, 1, 16, 32]) at layer: 2
Get Mod with shape torch.Size([1, 1, 32, 64]) at layer: 3
Get Mod with shape torch.Size([1, 1, 64, 128]) at layer: 4
Get Mod with shape torch.Size([1, 1, 128, 256]) at layer: 5
Get Mod with shape torch.Size([1, 1, 256, 512]) at layer: 6
Get Mod with shape torch.Size([1, 1, 512, 1024]) at layer: 7
start temperature: 0.3 noise parameter: 2.0
end temperature: 0.3 noise parameter: 2.0
********************Start from stage I
Step 400, BEST PSNR: 24.258476, Total loss 0.285376 with its rate 0.15214639902114868 latent_bits 79768.53125

🔁 Stage-1 Training Candidate 2/7
Quantizer parameter: encoding gain  16
total pixel: 524288
Get Mod with shape torch.Size([1, 1, 8, 16]) at layer: 1
Get Mod with shape torch.Size([1, 1, 16, 32]) at layer: 2
Get Mod with shape torch.Size([1, 1, 32, 64]) at layer: 3
Get Mod with shape torch.Size([1, 1, 64, 128]) at layer: 4
Get Mod with shape torch.Size([1, 1, 128, 256]) at layer: 5
Get Mod with shape torch.Size([1, 1, 256, 512]) at layer: 6
Get Mod with shape torch.Size([1, 1, 512, 1024]) at layer: 7
start temperature: 0.3 noise parameter: 2.0
end temperature: 0.3 noise parameter: 2.0
********************Start from stage I
Step 400, BEST PSNR: 24.193380, Total loss 0.275869 with its rate 0.14274227619171143 latent_bits 74838.0625

🔁 Stage-1 Training Candidate 3/7
Quantizer parameter: encoding gain  16
total pixel: 524288
Get Mod with shape torch.Size([1, 1, 8, 16]) at layer: 1
Get Mod with shape torch.Size([1, 1, 16, 32]) at layer: 2
Get Mod with shape torch.Size([1, 1, 32, 64]) at layer: 3
Get Mod with shape torch.Size([1, 1, 64, 128]) at layer: 4
Get Mod with shape torch.Size([1, 1, 128, 256]) at layer: 5
Get Mod with shape torch.Size([1, 1, 256, 512]) at layer: 6
Get Mod with shape torch.Size([1, 1, 512, 1024]) at layer: 7
start temperature: 0.3 noise parameter: 2.0
end temperature: 0.3 noise parameter: 2.0
********************Start from stage I
Step 400, BEST PSNR: 23.649855, Total loss 0.283818 with its rate 0.13863639533519745 latent_bits 72685.3984375

🔁 Stage-1 Training Candidate 4/7
Quantizer parameter: encoding gain  16
total pixel: 524288
Get Mod with shape torch.Size([1, 1, 8, 16]) at layer: 1
Get Mod with shape torch.Size([1, 1, 16, 32]) at layer: 2
Get Mod with shape torch.Size([1, 1, 32, 64]) at layer: 3
Get Mod with shape torch.Size([1, 1, 64, 128]) at layer: 4
Get Mod with shape torch.Size([1, 1, 128, 256]) at layer: 5
Get Mod with shape torch.Size([1, 1, 256, 512]) at layer: 6
Get Mod with shape torch.Size([1, 1, 512, 1024]) at layer: 7
start temperature: 0.3 noise parameter: 2.0
end temperature: 0.3 noise parameter: 2.0
********************Start from stage I
Step 400, BEST PSNR: 24.244755, Total loss 0.290719 with its rate 0.14278286695480347 latent_bits 74859.34375

🔁 Stage-1 Training Candidate 5/7
Quantizer parameter: encoding gain  16
total pixel: 524288
Get Mod with shape torch.Size([1, 1, 8, 16]) at layer: 1
Get Mod with shape torch.Size([1, 1, 16, 32]) at layer: 2
Get Mod with shape torch.Size([1, 1, 32, 64]) at layer: 3
Get Mod with shape torch.Size([1, 1, 64, 128]) at layer: 4
Get Mod with shape torch.Size([1, 1, 128, 256]) at layer: 5
Get Mod with shape torch.Size([1, 1, 256, 512]) at layer: 6
Get Mod with shape torch.Size([1, 1, 512, 1024]) at layer: 7
start temperature: 0.3 noise parameter: 2.0
end temperature: 0.3 noise parameter: 2.0
********************Start from stage I
Step 400, BEST PSNR: 24.474665, Total loss 0.282796 with its rate 0.15219977498054504 latent_bits 79796.515625

🔁 Stage-1 Training Candidate 6/7
Quantizer parameter: encoding gain  16
total pixel: 524288
Get Mod with shape torch.Size([1, 1, 8, 16]) at layer: 1
Get Mod with shape torch.Size([1, 1, 16, 32]) at layer: 2
Get Mod with shape torch.Size([1, 1, 32, 64]) at layer: 3
Get Mod with shape torch.Size([1, 1, 64, 128]) at layer: 4
Get Mod with shape torch.Size([1, 1, 128, 256]) at layer: 5
Get Mod with shape torch.Size([1, 1, 256, 512]) at layer: 6
Get Mod with shape torch.Size([1, 1, 512, 1024]) at layer: 7
start temperature: 0.3 noise parameter: 2.0
end temperature: 0.3 noise parameter: 2.0
********************Start from stage I
Step 400, BEST PSNR: 23.942990, Total loss 0.280677 with its rate 0.13744273781776428 latent_bits 72059.578125

🔁 Stage-1 Training Candidate 7/7
Quantizer parameter: encoding gain  16
total pixel: 524288
Get Mod with shape torch.Size([1, 1, 8, 16]) at layer: 1
Get Mod with shape torch.Size([1, 1, 16, 32]) at layer: 2
Get Mod with shape torch.Size([1, 1, 32, 64]) at layer: 3
Get Mod with shape torch.Size([1, 1, 64, 128]) at layer: 4
Get Mod with shape torch.Size([1, 1, 128, 256]) at layer: 5
Get Mod with shape torch.Size([1, 1, 256, 512]) at layer: 6
Get Mod with shape torch.Size([1, 1, 512, 1024]) at layer: 7
start temperature: 0.3 noise parameter: 2.0
end temperature: 0.3 noise parameter: 2.0
********************Start from stage I
Step 400, BEST PSNR: 24.451041, Total loss 0.283411 with its rate 0.14442983269691467 latent_bits 75722.828125

🌟 Selected Top-3 Candidates by RD cost

🎯 Stage-2 Refining Candidate 1/3
start temperature: 0.3 noise parameter: 2.0
end temperature: 0.3 noise parameter: 2.0
********************Start from stage I
Step 400, BEST PSNR: 25.306075, Total loss 0.289187 with its rate 0.18588228523731232 latent_bits 97455.8515625

🎯 Stage-2 Refining Candidate 2/3
start temperature: 0.3 noise parameter: 2.0
end temperature: 0.3 noise parameter: 2.0
********************Start from stage I
Step 400, BEST PSNR: 25.088437, Total loss 0.293884 with its rate 0.1816195696592331 latent_bits 95220.9609375

🎯 Stage-2 Refining Candidate 3/3
start temperature: 0.3 noise parameter: 2.0
end temperature: 0.3 noise parameter: 2.0
********************Start from stage I
Step 400, BEST PSNR: 25.461030, Total loss 0.289820 with its rate 0.18378418684005737 latent_bits 96355.84375

🏆 Best Candidate Final PSNR: 25.31, Rate: 0.1859
Masked_INR(
  (upsampling_2d): Upsampling(
    (conv_transpose2d): UpsamplingConvTranspose2d()
  )
  (arm): Arm(
    (mlp): Sequential(
      (0): ArmConv(
        (conv1_1): Conv1d(16, 16, kernel_size=(1,), stride=(1,))
      )
      (1): GELU(approximate='none')
      (2): ArmConv(
        (conv1_1): Conv1d(16, 16, kernel_size=(1,), stride=(1,))
      )
      (3): GELU(approximate='none')
      (4): ArmConv(
        (conv1_1): Conv1d(16, 2, kernel_size=(1,), stride=(1,))
      )
    )
  )
  (conv_mod): LocalGlobalBlock(
    (net): Sequential(
      (0): SynthesisLayer(
        (pad): Identity()
        (conv_layer): SWHDC(
          (conv): Conv2d(2, 3, kernel_size=(3, 3), stride=(1, 1))
        )
        (non_linearity): GELU(approximate='none')
      )
      (1): SynthesisResidualLayer(
        (pad): ReplicationPad2d((0, 0, 0, 0))
        (conv_layer): Conv2d(3, 3, kernel_size=(1, 1), stride=(1, 1))
        (non_linearity): GELU(approximate='none')
      )
      (2): SynthesisResidualLayer(
        (pad): ReplicationPad2d((0, 0, 0, 0))
        (conv_layer): Conv2d(3, 3, kernel_size=(1, 1), stride=(1, 1))
        (non_linearity): GELU(approximate='none')
      )
      (3): SynthesisResidualLayer(
        (pad): ReplicationPad2d((0, 0, 0, 0))
        (conv_layer): Conv2d(3, 3, kernel_size=(1, 1), stride=(1, 1))
        (non_linearity): Identity()
      )
    )
    (global_net): Sequential(
      (0): SynthesisLayer(
        (pad): Identity()
        (conv_layer): SWHDC(
          (conv): Conv2d(2, 3, kernel_size=(3, 3), stride=(1, 1))
        )
        (non_linearity): GELU(approximate='none')
      )
      (1): SynthesisResidualLayer(
        (pad): ReplicationPad2d((0, 0, 0, 0))
        (conv_layer): Conv2d(3, 3, kernel_size=(1, 1), stride=(1, 1))
        (non_linearity): GELU(approximate='none')
      )
      (2): SynthesisResidualLayer(
        (pad): ReplicationPad2d((0, 0, 0, 0))
        (conv_layer): Conv2d(3, 3, kernel_size=(1, 1), stride=(1, 1))
        (non_linearity): GELU(approximate='none')
      )
      (3): SynthesisResidualLayer(
        (pad): ReplicationPad2d((0, 0, 0, 0))
        (conv_layer): Conv2d(3, 3, kernel_size=(1, 1), stride=(1, 1))
        (non_linearity): Identity()
      )
    )
    (agg_func): Sequential(
      (0): SynthesisLayer(
        (pad): ReplicationPad2d((0, 0, 0, 0))
        (conv_layer): Conv2d(18, 3, kernel_size=(1, 1), stride=(1, 1))
        (non_linearity): GELU(approximate='none')
      )
      (1): SynthesisLayer(
        (pad): ReplicationPad2d((0, 0, 0, 0))
        (conv_layer): Conv2d(21, 3, kernel_size=(1, 1), stride=(1, 1))
        (non_linearity): GELU(approximate='none')
      )
      (2): SynthesisLayer(
        (pad): ReplicationPad2d((0, 0, 0, 0))
        (conv_layer): Conv2d(24, 3, kernel_size=(1, 1), stride=(1, 1))
        (non_linearity): GELU(approximate='none')
      )
    )
    (full_net): Sequential(
      (0): SynthesisLayer(
        (pad): ReplicationPad2d((0, 0, 0, 0))
        (conv_layer): Conv2d(7, 12, kernel_size=(1, 1), stride=(1, 1))
        (non_linearity): GELU(approximate='none')
      )
      (1): SynthesisLayer(
        (pad): ReplicationPad2d((0, 0, 0, 0))
        (conv_layer): Conv2d(12, 3, kernel_size=(1, 1), stride=(1, 1))
        (non_linearity): GELU(approximate='none')
      )
      (2): SynthesisResidualLayer(
        (conv_layer): Conv2d(3, 3, kernel_size=(3, 3), stride=(1, 1))
        (non_linearity): GELU(approximate='none')
      )
      (3): SynthesisResidualLayer(
        (conv_layer): Conv2d(3, 3, kernel_size=(3, 3), stride=(1, 1))
        (non_linearity): GELU(approximate='none')
      )
    )
  )
  (modulation_sf): ParameterList(
      (0): Parameter containing: [torch.float32 of size 1x1x8x16 (cuda:0)]
      (1): Parameter containing: [torch.float32 of size 1x1x16x32 (cuda:0)]
      (2): Parameter containing: [torch.float32 of size 1x1x32x64 (cuda:0)]
      (3): Parameter containing: [torch.float32 of size 1x1x64x128 (cuda:0)]
      (4): Parameter containing: [torch.float32 of size 1x1x128x256 (cuda:0)]
      (5): Parameter containing: [torch.float32 of size 1x1x256x512 (cuda:0)]
      (6): Parameter containing: [torch.float32 of size 1x1x512x1024 (cuda:0)]
  )
)
train the 6 -th image
start temperature: 0.3 noise parameter: 2.0
end temperature: 0.1 noise parameter: 1.0
********************Start from stage I
********************going into stage II
eval_object_psnr: 34.89829809005659
eval_background_psnr: 27.260012893830137
eval_background_psnr: 27.260012893830137
********************Evaluation the Image 6-th, after Step 999, BEST PSNR: 26.564282, Print rate 0.083032. *************************
Saved model at ./saved/modbase_7/context_16_arm_mod_16/sparity_0.0/inr_mod_16KODAK_ROI_Global_new_struture_7_12_3_33_orderconcat_operator_0_pw_0.8_img_object6.pth
Trained the image with PSNR: 26.564282149928285  latent bits 0.08303212374448776 latent bits number 43532.74609375
[26.26667153969039, 25.99057383617314, 26.28984751399874, 22.947318639606546, 24.29441434572143, 24.13140701196215, 26.564282149928285]
[0.10971970856189728, 0.10732713341712952, 0.11180776357650757, 0.19319993257522583, 0.1766223907470703, 0.1677476167678833, 0.08303212374448776]
[57524.7265625, 56270.328125, 58619.46875, 101292.40625, 92601.0, 87948.0625, 43532.74609375]
load the model: ./saved/modbase_7/context_16_arm_mod_16/sparity_0.0/inr_mod_16KODAK_ROI_Global_new_struture_7_12_3_33_orderconcat_operator_0_pw_0.8_img_object6.pth for the  6 -th image
********************Evalutation with quantization
********************Starting quantizing models
eval_object_psnr: 32.767693471052674
full_image_psnr: 25.208951654408963
object_psnr: 32.767693471052674
background_psnr: 26.046876463114188
********************Evaluation the Image 6-th, BEST PSNR: 25.208952, Print rate 0.084112, Network rate 0.015202. *************************
eval_wsssim: 0.865863
Decoded image saved to ./experiments/vcip_wssim_tunado_diegoPC/decoded_images/othim07_maskerp_wsmse0_swhdc1_erp1_lambda0.8.png
Evaluate the image: PSNR: 25.208951654408963 All bits: 0.09931357949972153  latent bits: 0.0841120108962059  network bits: 0.015201568603515625
Evaluate arm network bits: 0.006809234619140625 Evaluate synthesis network bits: 0.0077762603759765625
Image All bits num: 52068.91796875 latent bits num: 44098.91796875 mlp bits num: 7970.0 border bits num:
arm bits num: 3570.0 synthesis bits num: 4077.0
[25.725005229269772, 25.084490369571522, 26.126108564653624, 22.74168690510335, 23.87970493444533, 23.496738437492905, 25.208951654408963]
[0.12852253019809723, 0.12484615296125412, 0.13026711344718933, 0.21137559413909912, 0.19534045457839966, 0.18472929298877716, 0.09931357949972153]
[67382.8203125, 65455.33984375, 68297.484375, 110821.6875, 102414.65625, 96851.3515625, 52068.91796875]
Metrics saved to ./experiments/vcip_wssim_tunado_diegoPC/results.csv
Current eval Ave PSNR: 24.60895515642078 Ave Bits 0.15348495968750545
Namespace(batch_size=1, lr=0.01, data='../data', sparsity=0.0, local_upsampling_kernel_size=8, upsampling_kernel_size=8, static_upsampling_kernel=False, latent_factor=1, mod_base=7, highest_flag=1, context_arm=16, dim_arm_mod=16, use_candidate=True, type='other', mod_hid_layer=0, sythesis_features=12, hidden_features=64, hidden_layer=2, scale=1, lambda_rate=0.8, lambda_rate_list=[0.4, 0.8], start_index=0, mask_type='erp', wsmse_tag=0, swhdc_tag=1, swhdc_dilations=[1, 2, 3, 4], erp_padding=1, workdir='./experiments/vcip_wssim_tunado_diegoPC', train_steps_1=5000, train_steps_2=1000, loss_type='combined', lambda_dist=0.0, lambda_percep=1.0, patch_h=512, patch_w=1024, all_pix_num=524288, eval_pix_num=524288)
Directory './saved/modbase_7/context_16_arm_mod_16' already exists.
Directory './saved/modbase_7/context_16_arm_mod_16/sparity_0.0' already exists.
top %: 0.0

🔁 Stage-1 Training Candidate 1/7
Quantizer parameter: encoding gain  16
total pixel: 524288
Get Mod with shape torch.Size([1, 1, 8, 16]) at layer: 1
Get Mod with shape torch.Size([1, 1, 16, 32]) at layer: 2
Get Mod with shape torch.Size([1, 1, 32, 64]) at layer: 3
Get Mod with shape torch.Size([1, 1, 64, 128]) at layer: 4
Get Mod with shape torch.Size([1, 1, 128, 256]) at layer: 5
Get Mod with shape torch.Size([1, 1, 256, 512]) at layer: 6
Get Mod with shape torch.Size([1, 1, 512, 1024]) at layer: 7
start temperature: 0.3 noise parameter: 2.0
end temperature: 0.3 noise parameter: 2.0
********************Start from stage I
Step 400, BEST PSNR: 25.056171, Total loss 0.276459 with its rate 0.13930480182170868 latent_bits 73035.8359375

🔁 Stage-1 Training Candidate 2/7
Quantizer parameter: encoding gain  16
total pixel: 524288
Get Mod with shape torch.Size([1, 1, 8, 16]) at layer: 1
Get Mod with shape torch.Size([1, 1, 16, 32]) at layer: 2
Get Mod with shape torch.Size([1, 1, 32, 64]) at layer: 3
Get Mod with shape torch.Size([1, 1, 64, 128]) at layer: 4
Get Mod with shape torch.Size([1, 1, 128, 256]) at layer: 5
Get Mod with shape torch.Size([1, 1, 256, 512]) at layer: 6
Get Mod with shape torch.Size([1, 1, 512, 1024]) at layer: 7
start temperature: 0.3 noise parameter: 2.0
end temperature: 0.3 noise parameter: 2.0
********************Start from stage I
Step 400, BEST PSNR: 24.996516, Total loss 0.276214 with its rate 0.1516909897327423 latent_bits 79529.765625

🔁 Stage-1 Training Candidate 3/7
Quantizer parameter: encoding gain  16
total pixel: 524288
Get Mod with shape torch.Size([1, 1, 8, 16]) at layer: 1
Get Mod with shape torch.Size([1, 1, 16, 32]) at layer: 2
Get Mod with shape torch.Size([1, 1, 32, 64]) at layer: 3
Get Mod with shape torch.Size([1, 1, 64, 128]) at layer: 4
Get Mod with shape torch.Size([1, 1, 128, 256]) at layer: 5
Get Mod with shape torch.Size([1, 1, 256, 512]) at layer: 6
Get Mod with shape torch.Size([1, 1, 512, 1024]) at layer: 7
start temperature: 0.3 noise parameter: 2.0
end temperature: 0.3 noise parameter: 2.0
********************Start from stage I
Step 400, BEST PSNR: 24.806781, Total loss 0.276342 with its rate 0.14815688133239746 latent_bits 77676.875

🔁 Stage-1 Training Candidate 4/7
Quantizer parameter: encoding gain  16
total pixel: 524288
Get Mod with shape torch.Size([1, 1, 8, 16]) at layer: 1
Get Mod with shape torch.Size([1, 1, 16, 32]) at layer: 2
Get Mod with shape torch.Size([1, 1, 32, 64]) at layer: 3
Get Mod with shape torch.Size([1, 1, 64, 128]) at layer: 4
Get Mod with shape torch.Size([1, 1, 128, 256]) at layer: 5
Get Mod with shape torch.Size([1, 1, 256, 512]) at layer: 6
Get Mod with shape torch.Size([1, 1, 512, 1024]) at layer: 7
start temperature: 0.3 noise parameter: 2.0
end temperature: 0.3 noise parameter: 2.0
********************Start from stage I
Step 400, BEST PSNR: 24.785269, Total loss 0.278004 with its rate 0.14737823605537415 latent_bits 77268.640625

🔁 Stage-1 Training Candidate 5/7
Quantizer parameter: encoding gain  16
total pixel: 524288
Get Mod with shape torch.Size([1, 1, 8, 16]) at layer: 1
Get Mod with shape torch.Size([1, 1, 16, 32]) at layer: 2
Get Mod with shape torch.Size([1, 1, 32, 64]) at layer: 3
Get Mod with shape torch.Size([1, 1, 64, 128]) at layer: 4
Get Mod with shape torch.Size([1, 1, 128, 256]) at layer: 5
Get Mod with shape torch.Size([1, 1, 256, 512]) at layer: 6
Get Mod with shape torch.Size([1, 1, 512, 1024]) at layer: 7
start temperature: 0.3 noise parameter: 2.0
end temperature: 0.3 noise parameter: 2.0
********************Start from stage I
Step 400, BEST PSNR: 24.713275, Total loss 0.264631 with its rate 0.14083072543144226 latent_bits 73835.859375

🔁 Stage-1 Training Candidate 6/7
Quantizer parameter: encoding gain  16
total pixel: 524288
Get Mod with shape torch.Size([1, 1, 8, 16]) at layer: 1
Get Mod with shape torch.Size([1, 1, 16, 32]) at layer: 2
Get Mod with shape torch.Size([1, 1, 32, 64]) at layer: 3
Get Mod with shape torch.Size([1, 1, 64, 128]) at layer: 4
Get Mod with shape torch.Size([1, 1, 128, 256]) at layer: 5
Get Mod with shape torch.Size([1, 1, 256, 512]) at layer: 6
Get Mod with shape torch.Size([1, 1, 512, 1024]) at layer: 7
start temperature: 0.3 noise parameter: 2.0
end temperature: 0.3 noise parameter: 2.0
********************Start from stage I
Step 400, BEST PSNR: 25.334123, Total loss 0.258920 with its rate 0.13022200763225555 latent_bits 68273.8359375

🔁 Stage-1 Training Candidate 7/7
Quantizer parameter: encoding gain  16
total pixel: 524288
Get Mod with shape torch.Size([1, 1, 8, 16]) at layer: 1
Get Mod with shape torch.Size([1, 1, 16, 32]) at layer: 2
Get Mod with shape torch.Size([1, 1, 32, 64]) at layer: 3
Get Mod with shape torch.Size([1, 1, 64, 128]) at layer: 4
Get Mod with shape torch.Size([1, 1, 128, 256]) at layer: 5
Get Mod with shape torch.Size([1, 1, 256, 512]) at layer: 6
Get Mod with shape torch.Size([1, 1, 512, 1024]) at layer: 7
start temperature: 0.3 noise parameter: 2.0
end temperature: 0.3 noise parameter: 2.0
********************Start from stage I
Step 400, BEST PSNR: 25.570570, Total loss 0.268337 with its rate 0.1506548672914505 latent_bits 78986.5390625

🌟 Selected Top-3 Candidates by RD cost

🎯 Stage-2 Refining Candidate 1/3
start temperature: 0.3 noise parameter: 2.0
end temperature: 0.3 noise parameter: 2.0
********************Start from stage I
Step 400, BEST PSNR: 26.437291, Total loss 0.282685 with its rate 0.18246829509735107 latent_bits 95665.9375

🎯 Stage-2 Refining Candidate 2/3
start temperature: 0.3 noise parameter: 2.0
end temperature: 0.3 noise parameter: 2.0
********************Start from stage I
Step 400, BEST PSNR: 25.956568, Total loss 0.282054 with its rate 0.18379798531532288 latent_bits 96363.078125

🎯 Stage-2 Refining Candidate 3/3
start temperature: 0.3 noise parameter: 2.0
end temperature: 0.3 noise parameter: 2.0
********************Start from stage I
Step 400, BEST PSNR: 26.603583, Total loss 0.277641 with its rate 0.18244300782680511 latent_bits 95652.6796875

🏆 Best Candidate Final PSNR: 26.60, Rate: 0.1824
Masked_INR(
  (upsampling_2d): Upsampling(
    (conv_transpose2d): UpsamplingConvTranspose2d()
  )
  (arm): Arm(
    (mlp): Sequential(
      (0): ArmConv(
        (conv1_1): Conv1d(16, 16, kernel_size=(1,), stride=(1,))
      )
      (1): GELU(approximate='none')
      (2): ArmConv(
        (conv1_1): Conv1d(16, 16, kernel_size=(1,), stride=(1,))
      )
      (3): GELU(approximate='none')
      (4): ArmConv(
        (conv1_1): Conv1d(16, 2, kernel_size=(1,), stride=(1,))
      )
    )
  )
  (conv_mod): LocalGlobalBlock(
    (net): Sequential(
      (0): SynthesisLayer(
        (pad): Identity()
        (conv_layer): SWHDC(
          (conv): Conv2d(2, 3, kernel_size=(3, 3), stride=(1, 1))
        )
        (non_linearity): GELU(approximate='none')
      )
      (1): SynthesisResidualLayer(
        (pad): ReplicationPad2d((0, 0, 0, 0))
        (conv_layer): Conv2d(3, 3, kernel_size=(1, 1), stride=(1, 1))
        (non_linearity): GELU(approximate='none')
      )
      (2): SynthesisResidualLayer(
        (pad): ReplicationPad2d((0, 0, 0, 0))
        (conv_layer): Conv2d(3, 3, kernel_size=(1, 1), stride=(1, 1))
        (non_linearity): GELU(approximate='none')
      )
      (3): SynthesisResidualLayer(
        (pad): ReplicationPad2d((0, 0, 0, 0))
        (conv_layer): Conv2d(3, 3, kernel_size=(1, 1), stride=(1, 1))
        (non_linearity): Identity()
      )
    )
    (global_net): Sequential(
      (0): SynthesisLayer(
        (pad): Identity()
        (conv_layer): SWHDC(
          (conv): Conv2d(2, 3, kernel_size=(3, 3), stride=(1, 1))
        )
        (non_linearity): GELU(approximate='none')
      )
      (1): SynthesisResidualLayer(
        (pad): ReplicationPad2d((0, 0, 0, 0))
        (conv_layer): Conv2d(3, 3, kernel_size=(1, 1), stride=(1, 1))
        (non_linearity): GELU(approximate='none')
      )
      (2): SynthesisResidualLayer(
        (pad): ReplicationPad2d((0, 0, 0, 0))
        (conv_layer): Conv2d(3, 3, kernel_size=(1, 1), stride=(1, 1))
        (non_linearity): GELU(approximate='none')
      )
      (3): SynthesisResidualLayer(
        (pad): ReplicationPad2d((0, 0, 0, 0))
        (conv_layer): Conv2d(3, 3, kernel_size=(1, 1), stride=(1, 1))
        (non_linearity): Identity()
      )
    )
    (agg_func): Sequential(
      (0): SynthesisLayer(
        (pad): ReplicationPad2d((0, 0, 0, 0))
        (conv_layer): Conv2d(18, 3, kernel_size=(1, 1), stride=(1, 1))
        (non_linearity): GELU(approximate='none')
      )
      (1): SynthesisLayer(
        (pad): ReplicationPad2d((0, 0, 0, 0))
        (conv_layer): Conv2d(21, 3, kernel_size=(1, 1), stride=(1, 1))
        (non_linearity): GELU(approximate='none')
      )
      (2): SynthesisLayer(
        (pad): ReplicationPad2d((0, 0, 0, 0))
        (conv_layer): Conv2d(24, 3, kernel_size=(1, 1), stride=(1, 1))
        (non_linearity): GELU(approximate='none')
      )
    )
    (full_net): Sequential(
      (0): SynthesisLayer(
        (pad): ReplicationPad2d((0, 0, 0, 0))
        (conv_layer): Conv2d(7, 12, kernel_size=(1, 1), stride=(1, 1))
        (non_linearity): GELU(approximate='none')
      )
      (1): SynthesisLayer(
        (pad): ReplicationPad2d((0, 0, 0, 0))
        (conv_layer): Conv2d(12, 3, kernel_size=(1, 1), stride=(1, 1))
        (non_linearity): GELU(approximate='none')
      )
      (2): SynthesisResidualLayer(
        (conv_layer): Conv2d(3, 3, kernel_size=(3, 3), stride=(1, 1))
        (non_linearity): GELU(approximate='none')
      )
      (3): SynthesisResidualLayer(
        (conv_layer): Conv2d(3, 3, kernel_size=(3, 3), stride=(1, 1))
        (non_linearity): GELU(approximate='none')
      )
    )
  )
  (modulation_sf): ParameterList(
      (0): Parameter containing: [torch.float32 of size 1x1x8x16 (cuda:0)]
      (1): Parameter containing: [torch.float32 of size 1x1x16x32 (cuda:0)]
      (2): Parameter containing: [torch.float32 of size 1x1x32x64 (cuda:0)]
      (3): Parameter containing: [torch.float32 of size 1x1x64x128 (cuda:0)]
      (4): Parameter containing: [torch.float32 of size 1x1x128x256 (cuda:0)]
      (5): Parameter containing: [torch.float32 of size 1x1x256x512 (cuda:0)]
      (6): Parameter containing: [torch.float32 of size 1x1x512x1024 (cuda:0)]
  )
)
train the 7 -th image
start temperature: 0.3 noise parameter: 2.0
end temperature: 0.1 noise parameter: 1.0
********************Start from stage I
********************going into stage II
eval_object_psnr: 36.27713773426759
eval_background_psnr: 28.2324787557867
eval_background_psnr: 28.2324787557867
********************Evaluation the Image 7-th, after Step 999, BEST PSNR: 27.594176, Print rate 0.079876. *************************
Saved model at ./saved/modbase_7/context_16_arm_mod_16/sparity_0.0/inr_mod_16KODAK_ROI_Global_new_struture_7_12_3_33_orderconcat_operator_0_pw_0.8_img_object7.pth
Trained the image with PSNR: 27.594175708404567  latent bits 0.07987571507692337 latent bits number 41877.87890625
[26.26667153969039, 25.99057383617314, 26.28984751399874, 22.947318639606546, 24.29441434572143, 24.13140701196215, 26.564282149928285, 27.594175708404567]
[0.10971970856189728, 0.10732713341712952, 0.11180776357650757, 0.19319993257522583, 0.1766223907470703, 0.1677476167678833, 0.08303212374448776, 0.07987571507692337]
[57524.7265625, 56270.328125, 58619.46875, 101292.40625, 92601.0, 87948.0625, 43532.74609375, 41877.87890625]
load the model: ./saved/modbase_7/context_16_arm_mod_16/sparity_0.0/inr_mod_16KODAK_ROI_Global_new_struture_7_12_3_33_orderconcat_operator_0_pw_0.8_img_object7.pth for the  7 -th image
********************Evalutation with quantization
********************Starting quantizing models
eval_object_psnr: 33.281753118255146
full_image_psnr: 25.77196140367265
object_psnr: 33.281753118255146
background_psnr: 26.62870208028526
********************Evaluation the Image 7-th, BEST PSNR: 25.771961, Print rate 0.080684, Network rate 0.016029. *************************
eval_wsssim: 0.849239
Decoded image saved to ./experiments/vcip_wssim_tunado_diegoPC/decoded_images/othim08_maskerp_wsmse0_swhdc1_erp1_lambda0.8.png
Evaluate the image: PSNR: 25.77196140367265 All bits: 0.09671350568532944  latent bits: 0.08068414777517319  network bits: 0.01602935791015625
Evaluate arm network bits: 0.007898330688476562 Evaluate synthesis network bits: 0.00775909423828125
Image All bits num: 50705.73046875 latent bits num: 42301.73046875 mlp bits num: 8404.0 border bits num:
arm bits num: 4141.0 synthesis bits num: 4068.0
[25.725005229269772, 25.084490369571522, 26.126108564653624, 22.74168690510335, 23.87970493444533, 23.496738437492905, 25.208951654408963, 25.77196140367265]
[0.12852253019809723, 0.12484615296125412, 0.13026711344718933, 0.21137559413909912, 0.19534045457839966, 0.18472929298877716, 0.09931357949972153, 0.09671350568532944]
[67382.8203125, 65455.33984375, 68297.484375, 110821.6875, 102414.65625, 96851.3515625, 52068.91796875, 50705.73046875]
Metrics saved to ./experiments/vcip_wssim_tunado_diegoPC/results.csv
Current eval Ave PSNR: 24.754330937327264 Ave Bits 0.14638852793723345
Namespace(batch_size=1, lr=0.01, data='../data', sparsity=0.0, local_upsampling_kernel_size=8, upsampling_kernel_size=8, static_upsampling_kernel=False, latent_factor=1, mod_base=7, highest_flag=1, context_arm=16, dim_arm_mod=16, use_candidate=True, type='other', mod_hid_layer=0, sythesis_features=12, hidden_features=64, hidden_layer=2, scale=1, lambda_rate=0.8, lambda_rate_list=[0.4, 0.8], start_index=0, mask_type='erp', wsmse_tag=0, swhdc_tag=1, swhdc_dilations=[1, 2, 3, 4], erp_padding=1, workdir='./experiments/vcip_wssim_tunado_diegoPC', train_steps_1=5000, train_steps_2=1000, loss_type='combined', lambda_dist=0.0, lambda_percep=1.0, patch_h=512, patch_w=1024, all_pix_num=524288, eval_pix_num=524288)
Directory './saved/modbase_7/context_16_arm_mod_16' already exists.
Directory './saved/modbase_7/context_16_arm_mod_16/sparity_0.0' already exists.
top %: 0.0

🔁 Stage-1 Training Candidate 1/7
Quantizer parameter: encoding gain  16
total pixel: 524288
Get Mod with shape torch.Size([1, 1, 8, 16]) at layer: 1
Get Mod with shape torch.Size([1, 1, 16, 32]) at layer: 2
Get Mod with shape torch.Size([1, 1, 32, 64]) at layer: 3
Get Mod with shape torch.Size([1, 1, 64, 128]) at layer: 4
Get Mod with shape torch.Size([1, 1, 128, 256]) at layer: 5
Get Mod with shape torch.Size([1, 1, 256, 512]) at layer: 6
Get Mod with shape torch.Size([1, 1, 512, 1024]) at layer: 7
start temperature: 0.3 noise parameter: 2.0
end temperature: 0.3 noise parameter: 2.0
********************Start from stage I
Step 400, BEST PSNR: 25.161781, Total loss 0.275105 with its rate 0.15334182977676392 latent_bits 80395.28125

🔁 Stage-1 Training Candidate 2/7
Quantizer parameter: encoding gain  16
total pixel: 524288
Get Mod with shape torch.Size([1, 1, 8, 16]) at layer: 1
Get Mod with shape torch.Size([1, 1, 16, 32]) at layer: 2
Get Mod with shape torch.Size([1, 1, 32, 64]) at layer: 3
Get Mod with shape torch.Size([1, 1, 64, 128]) at layer: 4
Get Mod with shape torch.Size([1, 1, 128, 256]) at layer: 5
Get Mod with shape torch.Size([1, 1, 256, 512]) at layer: 6
Get Mod with shape torch.Size([1, 1, 512, 1024]) at layer: 7
start temperature: 0.3 noise parameter: 2.0
end temperature: 0.3 noise parameter: 2.0
********************Start from stage I
Step 400, BEST PSNR: 24.257473, Total loss 0.291460 with its rate 0.14757557213306427 latent_bits 77372.1015625

🔁 Stage-1 Training Candidate 3/7
Quantizer parameter: encoding gain  16
total pixel: 524288
Get Mod with shape torch.Size([1, 1, 8, 16]) at layer: 1
Get Mod with shape torch.Size([1, 1, 16, 32]) at layer: 2
Get Mod with shape torch.Size([1, 1, 32, 64]) at layer: 3
Get Mod with shape torch.Size([1, 1, 64, 128]) at layer: 4
Get Mod with shape torch.Size([1, 1, 128, 256]) at layer: 5
Get Mod with shape torch.Size([1, 1, 256, 512]) at layer: 6
Get Mod with shape torch.Size([1, 1, 512, 1024]) at layer: 7
start temperature: 0.3 noise parameter: 2.0
end temperature: 0.3 noise parameter: 2.0
********************Start from stage I
Step 400, BEST PSNR: 25.296521, Total loss 0.287340 with its rate 0.16524246335029602 latent_bits 86634.640625

🔁 Stage-1 Training Candidate 4/7
Quantizer parameter: encoding gain  16
total pixel: 524288
Get Mod with shape torch.Size([1, 1, 8, 16]) at layer: 1
Get Mod with shape torch.Size([1, 1, 16, 32]) at layer: 2
Get Mod with shape torch.Size([1, 1, 32, 64]) at layer: 3
Get Mod with shape torch.Size([1, 1, 64, 128]) at layer: 4
Get Mod with shape torch.Size([1, 1, 128, 256]) at layer: 5
Get Mod with shape torch.Size([1, 1, 256, 512]) at layer: 6
Get Mod with shape torch.Size([1, 1, 512, 1024]) at layer: 7
start temperature: 0.3 noise parameter: 2.0
end temperature: 0.3 noise parameter: 2.0
********************Start from stage I
Step 400, BEST PSNR: 25.470417, Total loss 0.276908 with its rate 0.1556936502456665 latent_bits 81628.3125

🔁 Stage-1 Training Candidate 5/7
Quantizer parameter: encoding gain  16
total pixel: 524288
Get Mod with shape torch.Size([1, 1, 8, 16]) at layer: 1
Get Mod with shape torch.Size([1, 1, 16, 32]) at layer: 2
Get Mod with shape torch.Size([1, 1, 32, 64]) at layer: 3
Get Mod with shape torch.Size([1, 1, 64, 128]) at layer: 4
Get Mod with shape torch.Size([1, 1, 128, 256]) at layer: 5
Get Mod with shape torch.Size([1, 1, 256, 512]) at layer: 6
Get Mod with shape torch.Size([1, 1, 512, 1024]) at layer: 7
start temperature: 0.3 noise parameter: 2.0
end temperature: 0.3 noise parameter: 2.0
********************Start from stage I
Step 400, BEST PSNR: 24.950057, Total loss 0.284456 with its rate 0.15479937195777893 latent_bits 81159.453125

🔁 Stage-1 Training Candidate 6/7
Quantizer parameter: encoding gain  16
total pixel: 524288
Get Mod with shape torch.Size([1, 1, 8, 16]) at layer: 1
Get Mod with shape torch.Size([1, 1, 16, 32]) at layer: 2
Get Mod with shape torch.Size([1, 1, 32, 64]) at layer: 3
Get Mod with shape torch.Size([1, 1, 64, 128]) at layer: 4
Get Mod with shape torch.Size([1, 1, 128, 256]) at layer: 5
Get Mod with shape torch.Size([1, 1, 256, 512]) at layer: 6
Get Mod with shape torch.Size([1, 1, 512, 1024]) at layer: 7
start temperature: 0.3 noise parameter: 2.0
end temperature: 0.3 noise parameter: 2.0
********************Start from stage I
Step 400, BEST PSNR: 25.076930, Total loss 0.275864 with its rate 0.14962564408779144 latent_bits 78446.9296875

🔁 Stage-1 Training Candidate 7/7
Quantizer parameter: encoding gain  16
total pixel: 524288
Get Mod with shape torch.Size([1, 1, 8, 16]) at layer: 1
Get Mod with shape torch.Size([1, 1, 16, 32]) at layer: 2
Get Mod with shape torch.Size([1, 1, 32, 64]) at layer: 3
Get Mod with shape torch.Size([1, 1, 64, 128]) at layer: 4
Get Mod with shape torch.Size([1, 1, 128, 256]) at layer: 5
Get Mod with shape torch.Size([1, 1, 256, 512]) at layer: 6
Get Mod with shape torch.Size([1, 1, 512, 1024]) at layer: 7
start temperature: 0.3 noise parameter: 2.0
end temperature: 0.3 noise parameter: 2.0
********************Start from stage I
Step 400, BEST PSNR: 25.155741, Total loss 0.275844 with its rate 0.14825257658958435 latent_bits 77727.046875

🌟 Selected Top-3 Candidates by RD cost

🎯 Stage-2 Refining Candidate 1/3
start temperature: 0.3 noise parameter: 2.0
end temperature: 0.3 noise parameter: 2.0
********************Start from stage I
Step 400, BEST PSNR: 25.967728, Total loss 0.291854 with its rate 0.18876178562641144 latent_bits 98965.5390625

🎯 Stage-2 Refining Candidate 2/3
start temperature: 0.3 noise parameter: 2.0
end temperature: 0.3 noise parameter: 2.0
********************Start from stage I
Step 400, BEST PSNR: 26.477834, Total loss 0.288200 with its rate 0.18794125318527222 latent_bits 98535.34375

🎯 Stage-2 Refining Candidate 3/3
start temperature: 0.3 noise parameter: 2.0
end temperature: 0.3 noise parameter: 2.0
********************Start from stage I
Step 400, BEST PSNR: 25.701007, Total loss 0.295941 with its rate 0.192631334066391 latent_bits 100994.296875

🏆 Best Candidate Final PSNR: 26.48, Rate: 0.1879
Masked_INR(
  (upsampling_2d): Upsampling(
    (conv_transpose2d): UpsamplingConvTranspose2d()
  )
  (arm): Arm(
    (mlp): Sequential(
      (0): ArmConv(
        (conv1_1): Conv1d(16, 16, kernel_size=(1,), stride=(1,))
      )
      (1): GELU(approximate='none')
      (2): ArmConv(
        (conv1_1): Conv1d(16, 16, kernel_size=(1,), stride=(1,))
      )
      (3): GELU(approximate='none')
      (4): ArmConv(
        (conv1_1): Conv1d(16, 2, kernel_size=(1,), stride=(1,))
      )
    )
  )
  (conv_mod): LocalGlobalBlock(
    (net): Sequential(
      (0): SynthesisLayer(
        (pad): Identity()
        (conv_layer): SWHDC(
          (conv): Conv2d(2, 3, kernel_size=(3, 3), stride=(1, 1))
        )
        (non_linearity): GELU(approximate='none')
      )
      (1): SynthesisResidualLayer(
        (pad): ReplicationPad2d((0, 0, 0, 0))
        (conv_layer): Conv2d(3, 3, kernel_size=(1, 1), stride=(1, 1))
        (non_linearity): GELU(approximate='none')
      )
      (2): SynthesisResidualLayer(
        (pad): ReplicationPad2d((0, 0, 0, 0))
        (conv_layer): Conv2d(3, 3, kernel_size=(1, 1), stride=(1, 1))
        (non_linearity): GELU(approximate='none')
      )
      (3): SynthesisResidualLayer(
        (pad): ReplicationPad2d((0, 0, 0, 0))
        (conv_layer): Conv2d(3, 3, kernel_size=(1, 1), stride=(1, 1))
        (non_linearity): Identity()
      )
    )
    (global_net): Sequential(
      (0): SynthesisLayer(
        (pad): Identity()
        (conv_layer): SWHDC(
          (conv): Conv2d(2, 3, kernel_size=(3, 3), stride=(1, 1))
        )
        (non_linearity): GELU(approximate='none')
      )
      (1): SynthesisResidualLayer(
        (pad): ReplicationPad2d((0, 0, 0, 0))
        (conv_layer): Conv2d(3, 3, kernel_size=(1, 1), stride=(1, 1))
        (non_linearity): GELU(approximate='none')
      )
      (2): SynthesisResidualLayer(
        (pad): ReplicationPad2d((0, 0, 0, 0))
        (conv_layer): Conv2d(3, 3, kernel_size=(1, 1), stride=(1, 1))
        (non_linearity): GELU(approximate='none')
      )
      (3): SynthesisResidualLayer(
        (pad): ReplicationPad2d((0, 0, 0, 0))
        (conv_layer): Conv2d(3, 3, kernel_size=(1, 1), stride=(1, 1))
        (non_linearity): Identity()
      )
    )
    (agg_func): Sequential(
      (0): SynthesisLayer(
        (pad): ReplicationPad2d((0, 0, 0, 0))
        (conv_layer): Conv2d(18, 3, kernel_size=(1, 1), stride=(1, 1))
        (non_linearity): GELU(approximate='none')
      )
      (1): SynthesisLayer(
        (pad): ReplicationPad2d((0, 0, 0, 0))
        (conv_layer): Conv2d(21, 3, kernel_size=(1, 1), stride=(1, 1))
        (non_linearity): GELU(approximate='none')
      )
      (2): SynthesisLayer(
        (pad): ReplicationPad2d((0, 0, 0, 0))
        (conv_layer): Conv2d(24, 3, kernel_size=(1, 1), stride=(1, 1))
        (non_linearity): GELU(approximate='none')
      )
    )
    (full_net): Sequential(
      (0): SynthesisLayer(
        (pad): ReplicationPad2d((0, 0, 0, 0))
        (conv_layer): Conv2d(7, 12, kernel_size=(1, 1), stride=(1, 1))
        (non_linearity): GELU(approximate='none')
      )
      (1): SynthesisLayer(
        (pad): ReplicationPad2d((0, 0, 0, 0))
        (conv_layer): Conv2d(12, 3, kernel_size=(1, 1), stride=(1, 1))
        (non_linearity): GELU(approximate='none')
      )
      (2): SynthesisResidualLayer(
        (conv_layer): Conv2d(3, 3, kernel_size=(3, 3), stride=(1, 1))
        (non_linearity): GELU(approximate='none')
      )
      (3): SynthesisResidualLayer(
        (conv_layer): Conv2d(3, 3, kernel_size=(3, 3), stride=(1, 1))
        (non_linearity): GELU(approximate='none')
      )
    )
  )
  (modulation_sf): ParameterList(
      (0): Parameter containing: [torch.float32 of size 1x1x8x16 (cuda:0)]
      (1): Parameter containing: [torch.float32 of size 1x1x16x32 (cuda:0)]
      (2): Parameter containing: [torch.float32 of size 1x1x32x64 (cuda:0)]
      (3): Parameter containing: [torch.float32 of size 1x1x64x128 (cuda:0)]
      (4): Parameter containing: [torch.float32 of size 1x1x128x256 (cuda:0)]
      (5): Parameter containing: [torch.float32 of size 1x1x256x512 (cuda:0)]
      (6): Parameter containing: [torch.float32 of size 1x1x512x1024 (cuda:0)]
  )
)
train the 8 -th image
start temperature: 0.3 noise parameter: 2.0
end temperature: 0.1 noise parameter: 1.0
********************Start from stage I
********************going into stage II
eval_object_psnr: 35.62749403310462
eval_background_psnr: 27.858309571462144
eval_background_psnr: 27.858309571462144
********************Evaluation the Image 8-th, after Step 999, BEST PSNR: 27.185076, Print rate 0.085538. *************************
Saved model at ./saved/modbase_7/context_16_arm_mod_16/sparity_0.0/inr_mod_16KODAK_ROI_Global_new_struture_7_12_3_33_orderconcat_operator_0_pw_0.8_img_object8.pth
Trained the image with PSNR: 27.185075567101137  latent bits 0.08553820103406906 latent bits number 44846.65234375
[26.26667153969039, 25.99057383617314, 26.28984751399874, 22.947318639606546, 24.29441434572143, 24.13140701196215, 26.564282149928285, 27.594175708404567, 27.185075567101137]
[0.10971970856189728, 0.10732713341712952, 0.11180776357650757, 0.19319993257522583, 0.1766223907470703, 0.1677476167678833, 0.08303212374448776, 0.07987571507692337, 0.08553820103406906]
[57524.7265625, 56270.328125, 58619.46875, 101292.40625, 92601.0, 87948.0625, 43532.74609375, 41877.87890625, 44846.65234375]
load the model: ./saved/modbase_7/context_16_arm_mod_16/sparity_0.0/inr_mod_16KODAK_ROI_Global_new_struture_7_12_3_33_orderconcat_operator_0_pw_0.8_img_object8.pth for the  8 -th image
********************Evalutation with quantization
********************Starting quantizing models
eval_object_psnr: 33.77319121017967
full_image_psnr: 26.052715971668807
object_psnr: 33.77319121017967
background_psnr: 26.858563524833468
********************Evaluation the Image 8-th, BEST PSNR: 26.052716, Print rate 0.085836, Network rate 0.017164. *************************
eval_wsssim: 0.864338
Decoded image saved to ./experiments/vcip_wssim_tunado_diegoPC/decoded_images/othim09_maskerp_wsmse0_swhdc1_erp1_lambda0.8.png
Evaluate the image: PSNR: 26.052715971668807 All bits: 0.10299995541572571  latent bits: 0.08583572506904602  network bits: 0.017164230346679688
Evaluate arm network bits: 0.00905609130859375 Evaluate synthesis network bits: 0.0074939727783203125
Image All bits num: 54001.640625 latent bits num: 45002.640625 mlp bits num: 8999.0 border bits num:
arm bits num: 4748.0 synthesis bits num: 3929.0
[25.725005229269772, 25.084490369571522, 26.126108564653624, 22.74168690510335, 23.87970493444533, 23.496738437492905, 25.208951654408963, 25.77196140367265, 26.052715971668807]
[0.12852253019809723, 0.12484615296125412, 0.13026711344718933, 0.21137559413909912, 0.19534045457839966, 0.18472929298877716, 0.09931357949972153, 0.09671350568532944, 0.10299995541572571]
[67382.8203125, 65455.33984375, 68297.484375, 110821.6875, 102414.65625, 96851.3515625, 52068.91796875, 50705.73046875, 54001.640625]
Metrics saved to ./experiments/vcip_wssim_tunado_diegoPC/results.csv
Current eval Ave PSNR: 24.898595941142993 Ave Bits 0.1415675754348437
Namespace(batch_size=1, lr=0.01, data='../data', sparsity=0.0, local_upsampling_kernel_size=8, upsampling_kernel_size=8, static_upsampling_kernel=False, latent_factor=1, mod_base=7, highest_flag=1, context_arm=16, dim_arm_mod=16, use_candidate=True, type='other', mod_hid_layer=0, sythesis_features=12, hidden_features=64, hidden_layer=2, scale=1, lambda_rate=0.8, lambda_rate_list=[0.4, 0.8], start_index=0, mask_type='erp', wsmse_tag=0, swhdc_tag=1, swhdc_dilations=[1, 2, 3, 4], erp_padding=1, workdir='./experiments/vcip_wssim_tunado_diegoPC', train_steps_1=5000, train_steps_2=1000, loss_type='combined', lambda_dist=0.0, lambda_percep=1.0, patch_h=512, patch_w=1024, all_pix_num=524288, eval_pix_num=524288)
Directory './saved/modbase_7/context_16_arm_mod_16' already exists.
Directory './saved/modbase_7/context_16_arm_mod_16/sparity_0.0' already exists.
top %: 0.0

🔁 Stage-1 Training Candidate 1/7
Quantizer parameter: encoding gain  16
total pixel: 524288
Get Mod with shape torch.Size([1, 1, 8, 16]) at layer: 1
Get Mod with shape torch.Size([1, 1, 16, 32]) at layer: 2
Get Mod with shape torch.Size([1, 1, 32, 64]) at layer: 3
Get Mod with shape torch.Size([1, 1, 64, 128]) at layer: 4
Get Mod with shape torch.Size([1, 1, 128, 256]) at layer: 5
Get Mod with shape torch.Size([1, 1, 256, 512]) at layer: 6
Get Mod with shape torch.Size([1, 1, 512, 1024]) at layer: 7
start temperature: 0.3 noise parameter: 2.0
end temperature: 0.3 noise parameter: 2.0
********************Start from stage I
Step 400, BEST PSNR: 25.176091, Total loss 0.339291 with its rate 0.17492535710334778 latent_bits 91711.265625

🔁 Stage-1 Training Candidate 2/7
Quantizer parameter: encoding gain  16
total pixel: 524288
Get Mod with shape torch.Size([1, 1, 8, 16]) at layer: 1
Get Mod with shape torch.Size([1, 1, 16, 32]) at layer: 2
Get Mod with shape torch.Size([1, 1, 32, 64]) at layer: 3
Get Mod with shape torch.Size([1, 1, 64, 128]) at layer: 4
Get Mod with shape torch.Size([1, 1, 128, 256]) at layer: 5
Get Mod with shape torch.Size([1, 1, 256, 512]) at layer: 6
Get Mod with shape torch.Size([1, 1, 512, 1024]) at layer: 7
start temperature: 0.3 noise parameter: 2.0
end temperature: 0.3 noise parameter: 2.0
********************Start from stage I
Step 400, BEST PSNR: 25.610013, Total loss 0.349422 with its rate 0.18986757099628448 latent_bits 99545.2890625

🔁 Stage-1 Training Candidate 3/7
Quantizer parameter: encoding gain  16
total pixel: 524288
Get Mod with shape torch.Size([1, 1, 8, 16]) at layer: 1
Get Mod with shape torch.Size([1, 1, 16, 32]) at layer: 2
Get Mod with shape torch.Size([1, 1, 32, 64]) at layer: 3
Get Mod with shape torch.Size([1, 1, 64, 128]) at layer: 4
Get Mod with shape torch.Size([1, 1, 128, 256]) at layer: 5
Get Mod with shape torch.Size([1, 1, 256, 512]) at layer: 6
Get Mod with shape torch.Size([1, 1, 512, 1024]) at layer: 7
start temperature: 0.3 noise parameter: 2.0
end temperature: 0.3 noise parameter: 2.0
********************Start from stage I
Step 400, BEST PSNR: 25.393637, Total loss 0.343435 with its rate 0.1790931671857834 latent_bits 93896.3984375

🔁 Stage-1 Training Candidate 4/7
Quantizer parameter: encoding gain  16
total pixel: 524288
Get Mod with shape torch.Size([1, 1, 8, 16]) at layer: 1
Get Mod with shape torch.Size([1, 1, 16, 32]) at layer: 2
Get Mod with shape torch.Size([1, 1, 32, 64]) at layer: 3
Get Mod with shape torch.Size([1, 1, 64, 128]) at layer: 4
Get Mod with shape torch.Size([1, 1, 128, 256]) at layer: 5
Get Mod with shape torch.Size([1, 1, 256, 512]) at layer: 6
Get Mod with shape torch.Size([1, 1, 512, 1024]) at layer: 7
start temperature: 0.3 noise parameter: 2.0
end temperature: 0.3 noise parameter: 2.0
********************Start from stage I
Step 400, BEST PSNR: 25.393604, Total loss 0.338309 with its rate 0.1767394244670868 latent_bits 92662.359375

🔁 Stage-1 Training Candidate 5/7
Quantizer parameter: encoding gain  16
total pixel: 524288
Get Mod with shape torch.Size([1, 1, 8, 16]) at layer: 1
Get Mod with shape torch.Size([1, 1, 16, 32]) at layer: 2
Get Mod with shape torch.Size([1, 1, 32, 64]) at layer: 3
Get Mod with shape torch.Size([1, 1, 64, 128]) at layer: 4
Get Mod with shape torch.Size([1, 1, 128, 256]) at layer: 5
Get Mod with shape torch.Size([1, 1, 256, 512]) at layer: 6
Get Mod with shape torch.Size([1, 1, 512, 1024]) at layer: 7
start temperature: 0.3 noise parameter: 2.0
end temperature: 0.3 noise parameter: 2.0
********************Start from stage I
Step 400, BEST PSNR: 25.699331, Total loss 0.341657 with its rate 0.18262208998203278 latent_bits 95746.5703125

🔁 Stage-1 Training Candidate 6/7
Quantizer parameter: encoding gain  16
total pixel: 524288
Get Mod with shape torch.Size([1, 1, 8, 16]) at layer: 1
Get Mod with shape torch.Size([1, 1, 16, 32]) at layer: 2
Get Mod with shape torch.Size([1, 1, 32, 64]) at layer: 3
Get Mod with shape torch.Size([1, 1, 64, 128]) at layer: 4
Get Mod with shape torch.Size([1, 1, 128, 256]) at layer: 5
Get Mod with shape torch.Size([1, 1, 256, 512]) at layer: 6
Get Mod with shape torch.Size([1, 1, 512, 1024]) at layer: 7
start temperature: 0.3 noise parameter: 2.0
end temperature: 0.3 noise parameter: 2.0
********************Start from stage I
Step 400, BEST PSNR: 25.519129, Total loss 0.338915 with its rate 0.17756158113479614 latent_bits 93093.40625

🔁 Stage-1 Training Candidate 7/7
Quantizer parameter: encoding gain  16
total pixel: 524288
Get Mod with shape torch.Size([1, 1, 8, 16]) at layer: 1
Get Mod with shape torch.Size([1, 1, 16, 32]) at layer: 2
Get Mod with shape torch.Size([1, 1, 32, 64]) at layer: 3
Get Mod with shape torch.Size([1, 1, 64, 128]) at layer: 4
Get Mod with shape torch.Size([1, 1, 128, 256]) at layer: 5
Get Mod with shape torch.Size([1, 1, 256, 512]) at layer: 6
Get Mod with shape torch.Size([1, 1, 512, 1024]) at layer: 7
start temperature: 0.3 noise parameter: 2.0
end temperature: 0.3 noise parameter: 2.0
********************Start from stage I
Step 400, BEST PSNR: 25.337677, Total loss 0.332869 with its rate 0.16934722661972046 latent_bits 88786.71875

🌟 Selected Top-3 Candidates by RD cost

🎯 Stage-2 Refining Candidate 1/3
start temperature: 0.3 noise parameter: 2.0
end temperature: 0.3 noise parameter: 2.0
********************Start from stage I
Step 400, BEST PSNR: 26.009163, Total loss 0.354904 with its rate 0.20558252930641174 latent_bits 107784.453125

🎯 Stage-2 Refining Candidate 2/3
start temperature: 0.3 noise parameter: 2.0
end temperature: 0.3 noise parameter: 2.0
********************Start from stage I
Step 400, BEST PSNR: 26.147441, Total loss 0.356516 with its rate 0.20865434408187866 latent_bits 109394.96875

🎯 Stage-2 Refining Candidate 3/3
start temperature: 0.3 noise parameter: 2.0
end temperature: 0.3 noise parameter: 2.0
********************Start from stage I
Step 400, BEST PSNR: 26.145554, Total loss 0.359323 with its rate 0.21039967238903046 latent_bits 110310.0234375

🏆 Best Candidate Final PSNR: 26.01, Rate: 0.2056
Masked_INR(
  (upsampling_2d): Upsampling(
    (conv_transpose2d): UpsamplingConvTranspose2d()
  )
  (arm): Arm(
    (mlp): Sequential(
      (0): ArmConv(
        (conv1_1): Conv1d(16, 16, kernel_size=(1,), stride=(1,))
      )
      (1): GELU(approximate='none')
      (2): ArmConv(
        (conv1_1): Conv1d(16, 16, kernel_size=(1,), stride=(1,))
      )
      (3): GELU(approximate='none')
      (4): ArmConv(
        (conv1_1): Conv1d(16, 2, kernel_size=(1,), stride=(1,))
      )
    )
  )
  (conv_mod): LocalGlobalBlock(
    (net): Sequential(
      (0): SynthesisLayer(
        (pad): Identity()
        (conv_layer): SWHDC(
          (conv): Conv2d(2, 3, kernel_size=(3, 3), stride=(1, 1))
        )
        (non_linearity): GELU(approximate='none')
      )
      (1): SynthesisResidualLayer(
        (pad): ReplicationPad2d((0, 0, 0, 0))
        (conv_layer): Conv2d(3, 3, kernel_size=(1, 1), stride=(1, 1))
        (non_linearity): GELU(approximate='none')
      )
      (2): SynthesisResidualLayer(
        (pad): ReplicationPad2d((0, 0, 0, 0))
        (conv_layer): Conv2d(3, 3, kernel_size=(1, 1), stride=(1, 1))
        (non_linearity): GELU(approximate='none')
      )
      (3): SynthesisResidualLayer(
        (pad): ReplicationPad2d((0, 0, 0, 0))
        (conv_layer): Conv2d(3, 3, kernel_size=(1, 1), stride=(1, 1))
        (non_linearity): Identity()
      )
    )
    (global_net): Sequential(
      (0): SynthesisLayer(
        (pad): Identity()
        (conv_layer): SWHDC(
          (conv): Conv2d(2, 3, kernel_size=(3, 3), stride=(1, 1))
        )
        (non_linearity): GELU(approximate='none')
      )
      (1): SynthesisResidualLayer(
        (pad): ReplicationPad2d((0, 0, 0, 0))
        (conv_layer): Conv2d(3, 3, kernel_size=(1, 1), stride=(1, 1))
        (non_linearity): GELU(approximate='none')
      )
      (2): SynthesisResidualLayer(
        (pad): ReplicationPad2d((0, 0, 0, 0))
        (conv_layer): Conv2d(3, 3, kernel_size=(1, 1), stride=(1, 1))
        (non_linearity): GELU(approximate='none')
      )
      (3): SynthesisResidualLayer(
        (pad): ReplicationPad2d((0, 0, 0, 0))
        (conv_layer): Conv2d(3, 3, kernel_size=(1, 1), stride=(1, 1))
        (non_linearity): Identity()
      )
    )
    (agg_func): Sequential(
      (0): SynthesisLayer(
        (pad): ReplicationPad2d((0, 0, 0, 0))
        (conv_layer): Conv2d(18, 3, kernel_size=(1, 1), stride=(1, 1))
        (non_linearity): GELU(approximate='none')
      )
      (1): SynthesisLayer(
        (pad): ReplicationPad2d((0, 0, 0, 0))
        (conv_layer): Conv2d(21, 3, kernel_size=(1, 1), stride=(1, 1))
        (non_linearity): GELU(approximate='none')
      )
      (2): SynthesisLayer(
        (pad): ReplicationPad2d((0, 0, 0, 0))
        (conv_layer): Conv2d(24, 3, kernel_size=(1, 1), stride=(1, 1))
        (non_linearity): GELU(approximate='none')
      )
    )
    (full_net): Sequential(
      (0): SynthesisLayer(
        (pad): ReplicationPad2d((0, 0, 0, 0))
        (conv_layer): Conv2d(7, 12, kernel_size=(1, 1), stride=(1, 1))
        (non_linearity): GELU(approximate='none')
      )
      (1): SynthesisLayer(
        (pad): ReplicationPad2d((0, 0, 0, 0))
        (conv_layer): Conv2d(12, 3, kernel_size=(1, 1), stride=(1, 1))
        (non_linearity): GELU(approximate='none')
      )
      (2): SynthesisResidualLayer(
        (conv_layer): Conv2d(3, 3, kernel_size=(3, 3), stride=(1, 1))
        (non_linearity): GELU(approximate='none')
      )
      (3): SynthesisResidualLayer(
        (conv_layer): Conv2d(3, 3, kernel_size=(3, 3), stride=(1, 1))
        (non_linearity): GELU(approximate='none')
      )
    )
  )
  (modulation_sf): ParameterList(
      (0): Parameter containing: [torch.float32 of size 1x1x8x16 (cuda:0)]
      (1): Parameter containing: [torch.float32 of size 1x1x16x32 (cuda:0)]
      (2): Parameter containing: [torch.float32 of size 1x1x32x64 (cuda:0)]
      (3): Parameter containing: [torch.float32 of size 1x1x64x128 (cuda:0)]
      (4): Parameter containing: [torch.float32 of size 1x1x128x256 (cuda:0)]
      (5): Parameter containing: [torch.float32 of size 1x1x256x512 (cuda:0)]
      (6): Parameter containing: [torch.float32 of size 1x1x512x1024 (cuda:0)]
  )
)
train the 9 -th image
start temperature: 0.3 noise parameter: 2.0
end temperature: 0.1 noise parameter: 1.0
********************Start from stage I
********************going into stage II
eval_object_psnr: 33.66673260888191
eval_background_psnr: 28.163273505858072
eval_background_psnr: 28.163273505858072
********************Evaluation the Image 9-th, after Step 999, BEST PSNR: 27.085247, Print rate 0.103998. *************************
Saved model at ./saved/modbase_7/context_16_arm_mod_16/sparity_0.0/inr_mod_16KODAK_ROI_Global_new_struture_7_12_3_33_orderconcat_operator_0_pw_0.8_img_object9.pth
Trained the image with PSNR: 27.085246870301955  latent bits 0.10399775207042694 latent bits number 54524.7734375
[26.26667153969039, 25.99057383617314, 26.28984751399874, 22.947318639606546, 24.29441434572143, 24.13140701196215, 26.564282149928285, 27.594175708404567, 27.185075567101137, 27.085246870301955]
[0.10971970856189728, 0.10732713341712952, 0.11180776357650757, 0.19319993257522583, 0.1766223907470703, 0.1677476167678833, 0.08303212374448776, 0.07987571507692337, 0.08553820103406906, 0.10399775207042694]
[57524.7265625, 56270.328125, 58619.46875, 101292.40625, 92601.0, 87948.0625, 43532.74609375, 41877.87890625, 44846.65234375, 54524.7734375]
load the model: ./saved/modbase_7/context_16_arm_mod_16/sparity_0.0/inr_mod_16KODAK_ROI_Global_new_struture_7_12_3_33_orderconcat_operator_0_pw_0.8_img_object9.pth for the  9 -th image
********************Evalutation with quantization
********************Starting quantizing models
eval_object_psnr: 33.4675948622347
full_image_psnr: 26.672117971893368
object_psnr: 33.4675948622347
background_psnr: 27.69706397486243
********************Evaluation the Image 9-th, BEST PSNR: 26.672118, Print rate 0.104488, Network rate 0.017506. *************************
eval_wsssim: 0.818657
Decoded image saved to ./experiments/vcip_wssim_tunado_diegoPC/decoded_images/othim10_maskerp_wsmse0_swhdc1_erp1_lambda0.8.png
Evaluate the image: PSNR: 26.672117971893368 All bits: 0.12199412286281586  latent bits: 0.10448847711086273  network bits: 0.017505645751953125
Evaluate arm network bits: 0.008077621459960938 Evaluate synthesis network bits: 0.008844375610351562
Image All bits num: 63960.0546875 latent bits num: 54782.0546875 mlp bits num: 9178.0 border bits num:
arm bits num: 4235.0 synthesis bits num: 4637.0
[25.725005229269772, 25.084490369571522, 26.126108564653624, 22.74168690510335, 23.87970493444533, 23.496738437492905, 25.208951654408963, 25.77196140367265, 26.052715971668807, 26.672117971893368]
[0.12852253019809723, 0.12484615296125412, 0.13026711344718933, 0.21137559413909912, 0.19534045457839966, 0.18472929298877716, 0.09931357949972153, 0.09671350568532944, 0.10299995541572571, 0.12199412286281586]
[67382.8203125, 65455.33984375, 68297.484375, 110821.6875, 102414.65625, 96851.3515625, 52068.91796875, 50705.73046875, 54001.640625, 63960.0546875]
Metrics saved to ./experiments/vcip_wssim_tunado_diegoPC/results.csv
Current eval Ave PSNR: 25.075948144218028 Ave Bits 0.1396102301776409
Namespace(batch_size=1, lr=0.01, data='../data', sparsity=0.0, local_upsampling_kernel_size=8, upsampling_kernel_size=8, static_upsampling_kernel=False, latent_factor=1, mod_base=7, highest_flag=1, context_arm=16, dim_arm_mod=16, use_candidate=True, type='other', mod_hid_layer=0, sythesis_features=12, hidden_features=64, hidden_layer=2, scale=1, lambda_rate=0.8, lambda_rate_list=[0.4, 0.8], start_index=0, mask_type='erp', wsmse_tag=0, swhdc_tag=1, swhdc_dilations=[1, 2, 3, 4], erp_padding=1, workdir='./experiments/vcip_wssim_tunado_diegoPC', train_steps_1=5000, train_steps_2=1000, loss_type='combined', lambda_dist=0.0, lambda_percep=1.0, patch_h=512, patch_w=1024, all_pix_num=524288, eval_pix_num=524288)
Directory './saved/modbase_7/context_16_arm_mod_16' already exists.
Directory './saved/modbase_7/context_16_arm_mod_16/sparity_0.0' already exists.
top %: 0.0

🔁 Stage-1 Training Candidate 1/7
Quantizer parameter: encoding gain  16
total pixel: 524288
Get Mod with shape torch.Size([1, 1, 8, 16]) at layer: 1
Get Mod with shape torch.Size([1, 1, 16, 32]) at layer: 2
Get Mod with shape torch.Size([1, 1, 32, 64]) at layer: 3
Get Mod with shape torch.Size([1, 1, 64, 128]) at layer: 4
Get Mod with shape torch.Size([1, 1, 128, 256]) at layer: 5
Get Mod with shape torch.Size([1, 1, 256, 512]) at layer: 6
Get Mod with shape torch.Size([1, 1, 512, 1024]) at layer: 7
start temperature: 0.3 noise parameter: 2.0
end temperature: 0.3 noise parameter: 2.0
********************Start from stage I
Step 400, BEST PSNR: 25.119539, Total loss 0.353206 with its rate 0.1874535083770752 latent_bits 98279.625

🔁 Stage-1 Training Candidate 2/7
Quantizer parameter: encoding gain  16
total pixel: 524288
Get Mod with shape torch.Size([1, 1, 8, 16]) at layer: 1
Get Mod with shape torch.Size([1, 1, 16, 32]) at layer: 2
Get Mod with shape torch.Size([1, 1, 32, 64]) at layer: 3
Get Mod with shape torch.Size([1, 1, 64, 128]) at layer: 4
Get Mod with shape torch.Size([1, 1, 128, 256]) at layer: 5
Get Mod with shape torch.Size([1, 1, 256, 512]) at layer: 6
Get Mod with shape torch.Size([1, 1, 512, 1024]) at layer: 7
start temperature: 0.3 noise parameter: 2.0
end temperature: 0.3 noise parameter: 2.0
********************Start from stage I
Step 400, BEST PSNR: 25.439751, Total loss 0.352062 with its rate 0.1890266239643097 latent_bits 99104.390625

🔁 Stage-1 Training Candidate 3/7
Quantizer parameter: encoding gain  16
total pixel: 524288
Get Mod with shape torch.Size([1, 1, 8, 16]) at layer: 1
Get Mod with shape torch.Size([1, 1, 16, 32]) at layer: 2
Get Mod with shape torch.Size([1, 1, 32, 64]) at layer: 3
Get Mod with shape torch.Size([1, 1, 64, 128]) at layer: 4
Get Mod with shape torch.Size([1, 1, 128, 256]) at layer: 5
Get Mod with shape torch.Size([1, 1, 256, 512]) at layer: 6
Get Mod with shape torch.Size([1, 1, 512, 1024]) at layer: 7
start temperature: 0.3 noise parameter: 2.0
end temperature: 0.3 noise parameter: 2.0
********************Start from stage I
Step 400, BEST PSNR: 24.956769, Total loss 0.353245 with its rate 0.1861625611782074 latent_bits 97602.796875

🔁 Stage-1 Training Candidate 4/7
Quantizer parameter: encoding gain  16
total pixel: 524288
Get Mod with shape torch.Size([1, 1, 8, 16]) at layer: 1
Get Mod with shape torch.Size([1, 1, 16, 32]) at layer: 2
Get Mod with shape torch.Size([1, 1, 32, 64]) at layer: 3
Get Mod with shape torch.Size([1, 1, 64, 128]) at layer: 4
Get Mod with shape torch.Size([1, 1, 128, 256]) at layer: 5
Get Mod with shape torch.Size([1, 1, 256, 512]) at layer: 6
Get Mod with shape torch.Size([1, 1, 512, 1024]) at layer: 7
start temperature: 0.3 noise parameter: 2.0
end temperature: 0.3 noise parameter: 2.0
********************Start from stage I
Step 400, BEST PSNR: 24.907442, Total loss 0.358033 with its rate 0.19013971090316772 latent_bits 99687.96875

🔁 Stage-1 Training Candidate 5/7
Quantizer parameter: encoding gain  16
total pixel: 524288
Get Mod with shape torch.Size([1, 1, 8, 16]) at layer: 1
Get Mod with shape torch.Size([1, 1, 16, 32]) at layer: 2
Get Mod with shape torch.Size([1, 1, 32, 64]) at layer: 3
Get Mod with shape torch.Size([1, 1, 64, 128]) at layer: 4
Get Mod with shape torch.Size([1, 1, 128, 256]) at layer: 5
Get Mod with shape torch.Size([1, 1, 256, 512]) at layer: 6
Get Mod with shape torch.Size([1, 1, 512, 1024]) at layer: 7
start temperature: 0.3 noise parameter: 2.0
end temperature: 0.3 noise parameter: 2.0
********************Start from stage I
Step 400, BEST PSNR: 25.005403, Total loss 0.359524 with its rate 0.19486738741397858 latent_bits 102166.6328125

🔁 Stage-1 Training Candidate 6/7
Quantizer parameter: encoding gain  16
total pixel: 524288
Get Mod with shape torch.Size([1, 1, 8, 16]) at layer: 1
Get Mod with shape torch.Size([1, 1, 16, 32]) at layer: 2
Get Mod with shape torch.Size([1, 1, 32, 64]) at layer: 3
Get Mod with shape torch.Size([1, 1, 64, 128]) at layer: 4
Get Mod with shape torch.Size([1, 1, 128, 256]) at layer: 5
Get Mod with shape torch.Size([1, 1, 256, 512]) at layer: 6
Get Mod with shape torch.Size([1, 1, 512, 1024]) at layer: 7
start temperature: 0.3 noise parameter: 2.0
end temperature: 0.3 noise parameter: 2.0
********************Start from stage I
Step 400, BEST PSNR: 25.216611, Total loss 0.356220 with its rate 0.1902693808078766 latent_bits 99755.953125

🔁 Stage-1 Training Candidate 7/7
Quantizer parameter: encoding gain  16
total pixel: 524288
Get Mod with shape torch.Size([1, 1, 8, 16]) at layer: 1
Get Mod with shape torch.Size([1, 1, 16, 32]) at layer: 2
Get Mod with shape torch.Size([1, 1, 32, 64]) at layer: 3
Get Mod with shape torch.Size([1, 1, 64, 128]) at layer: 4
Get Mod with shape torch.Size([1, 1, 128, 256]) at layer: 5
Get Mod with shape torch.Size([1, 1, 256, 512]) at layer: 6
Get Mod with shape torch.Size([1, 1, 512, 1024]) at layer: 7
start temperature: 0.3 noise parameter: 2.0
end temperature: 0.3 noise parameter: 2.0
********************Start from stage I
Step 400, BEST PSNR: 25.458519, Total loss 0.357745 with its rate 0.193603053689003 latent_bits 101503.7578125

🌟 Selected Top-3 Candidates by RD cost

🎯 Stage-2 Refining Candidate 1/3
start temperature: 0.3 noise parameter: 2.0
end temperature: 0.3 noise parameter: 2.0
********************Start from stage I
Step 400, BEST PSNR: 26.106253, Total loss 0.370920 with its rate 0.2195575088262558 latent_bits 115111.3671875

🎯 Stage-2 Refining Candidate 2/3
start temperature: 0.3 noise parameter: 2.0
end temperature: 0.3 noise parameter: 2.0
********************Start from stage I
Step 400, BEST PSNR: 25.731992, Total loss 0.370900 with its rate 0.21753302216529846 latent_bits 114049.953125

🎯 Stage-2 Refining Candidate 3/3
start temperature: 0.3 noise parameter: 2.0
end temperature: 0.3 noise parameter: 2.0
********************Start from stage I
Step 400, BEST PSNR: 25.985950, Total loss 0.371612 with its rate 0.21897438168525696 latent_bits 114805.640625

🏆 Best Candidate Final PSNR: 25.73, Rate: 0.2175
Masked_INR(
  (upsampling_2d): Upsampling(
    (conv_transpose2d): UpsamplingConvTranspose2d()
  )
  (arm): Arm(
    (mlp): Sequential(
      (0): ArmConv(
        (conv1_1): Conv1d(16, 16, kernel_size=(1,), stride=(1,))
      )
      (1): GELU(approximate='none')
      (2): ArmConv(
        (conv1_1): Conv1d(16, 16, kernel_size=(1,), stride=(1,))
      )
      (3): GELU(approximate='none')
      (4): ArmConv(
        (conv1_1): Conv1d(16, 2, kernel_size=(1,), stride=(1,))
      )
    )
  )
  (conv_mod): LocalGlobalBlock(
    (net): Sequential(
      (0): SynthesisLayer(
        (pad): Identity()
        (conv_layer): SWHDC(
          (conv): Conv2d(2, 3, kernel_size=(3, 3), stride=(1, 1))
        )
        (non_linearity): GELU(approximate='none')
      )
      (1): SynthesisResidualLayer(
        (pad): ReplicationPad2d((0, 0, 0, 0))
        (conv_layer): Conv2d(3, 3, kernel_size=(1, 1), stride=(1, 1))
        (non_linearity): GELU(approximate='none')
      )
      (2): SynthesisResidualLayer(
        (pad): ReplicationPad2d((0, 0, 0, 0))
        (conv_layer): Conv2d(3, 3, kernel_size=(1, 1), stride=(1, 1))
        (non_linearity): GELU(approximate='none')
      )
      (3): SynthesisResidualLayer(
        (pad): ReplicationPad2d((0, 0, 0, 0))
        (conv_layer): Conv2d(3, 3, kernel_size=(1, 1), stride=(1, 1))
        (non_linearity): Identity()
      )
    )
    (global_net): Sequential(
      (0): SynthesisLayer(
        (pad): Identity()
        (conv_layer): SWHDC(
          (conv): Conv2d(2, 3, kernel_size=(3, 3), stride=(1, 1))
        )
        (non_linearity): GELU(approximate='none')
      )
      (1): SynthesisResidualLayer(
        (pad): ReplicationPad2d((0, 0, 0, 0))
        (conv_layer): Conv2d(3, 3, kernel_size=(1, 1), stride=(1, 1))
        (non_linearity): GELU(approximate='none')
      )
      (2): SynthesisResidualLayer(
        (pad): ReplicationPad2d((0, 0, 0, 0))
        (conv_layer): Conv2d(3, 3, kernel_size=(1, 1), stride=(1, 1))
        (non_linearity): GELU(approximate='none')
      )
      (3): SynthesisResidualLayer(
        (pad): ReplicationPad2d((0, 0, 0, 0))
        (conv_layer): Conv2d(3, 3, kernel_size=(1, 1), stride=(1, 1))
        (non_linearity): Identity()
      )
    )
    (agg_func): Sequential(
      (0): SynthesisLayer(
        (pad): ReplicationPad2d((0, 0, 0, 0))
        (conv_layer): Conv2d(18, 3, kernel_size=(1, 1), stride=(1, 1))
        (non_linearity): GELU(approximate='none')
      )
      (1): SynthesisLayer(
        (pad): ReplicationPad2d((0, 0, 0, 0))
        (conv_layer): Conv2d(21, 3, kernel_size=(1, 1), stride=(1, 1))
        (non_linearity): GELU(approximate='none')
      )
      (2): SynthesisLayer(
        (pad): ReplicationPad2d((0, 0, 0, 0))
        (conv_layer): Conv2d(24, 3, kernel_size=(1, 1), stride=(1, 1))
        (non_linearity): GELU(approximate='none')
      )
    )
    (full_net): Sequential(
      (0): SynthesisLayer(
        (pad): ReplicationPad2d((0, 0, 0, 0))
        (conv_layer): Conv2d(7, 12, kernel_size=(1, 1), stride=(1, 1))
        (non_linearity): GELU(approximate='none')
      )
      (1): SynthesisLayer(
        (pad): ReplicationPad2d((0, 0, 0, 0))
        (conv_layer): Conv2d(12, 3, kernel_size=(1, 1), stride=(1, 1))
        (non_linearity): GELU(approximate='none')
      )
      (2): SynthesisResidualLayer(
        (conv_layer): Conv2d(3, 3, kernel_size=(3, 3), stride=(1, 1))
        (non_linearity): GELU(approximate='none')
      )
      (3): SynthesisResidualLayer(
        (conv_layer): Conv2d(3, 3, kernel_size=(3, 3), stride=(1, 1))
        (non_linearity): GELU(approximate='none')
      )
    )
  )
  (modulation_sf): ParameterList(
      (0): Parameter containing: [torch.float32 of size 1x1x8x16 (cuda:0)]
      (1): Parameter containing: [torch.float32 of size 1x1x16x32 (cuda:0)]
      (2): Parameter containing: [torch.float32 of size 1x1x32x64 (cuda:0)]
      (3): Parameter containing: [torch.float32 of size 1x1x64x128 (cuda:0)]
      (4): Parameter containing: [torch.float32 of size 1x1x128x256 (cuda:0)]
      (5): Parameter containing: [torch.float32 of size 1x1x256x512 (cuda:0)]
      (6): Parameter containing: [torch.float32 of size 1x1x512x1024 (cuda:0)]
  )
)
train the 10 -th image
start temperature: 0.3 noise parameter: 2.0
end temperature: 0.1 noise parameter: 1.0
********************Start from stage I
********************going into stage II
eval_object_psnr: 32.79884775791851
eval_background_psnr: 27.899560593536794
eval_background_psnr: 27.899560593536794
********************Evaluation the Image 10-th, after Step 999, BEST PSNR: 26.676181, Print rate 0.111346. *************************
Saved model at ./saved/modbase_7/context_16_arm_mod_16/sparity_0.0/inr_mod_16KODAK_ROI_Global_new_struture_7_12_3_33_orderconcat_operator_0_pw_0.8_img_object10.pth
Trained the image with PSNR: 26.676181294648444  latent bits 0.1113455593585968 latent bits number 58377.140625
[26.26667153969039, 25.99057383617314, 26.28984751399874, 22.947318639606546, 24.29441434572143, 24.13140701196215, 26.564282149928285, 27.594175708404567, 27.185075567101137, 27.085246870301955, 26.676181294648444]
[0.10971970856189728, 0.10732713341712952, 0.11180776357650757, 0.19319993257522583, 0.1766223907470703, 0.1677476167678833, 0.08303212374448776, 0.07987571507692337, 0.08553820103406906, 0.10399775207042694, 0.1113455593585968]
[57524.7265625, 56270.328125, 58619.46875, 101292.40625, 92601.0, 87948.0625, 43532.74609375, 41877.87890625, 44846.65234375, 54524.7734375, 58377.140625]
load the model: ./saved/modbase_7/context_16_arm_mod_16/sparity_0.0/inr_mod_16KODAK_ROI_Global_new_struture_7_12_3_33_orderconcat_operator_0_pw_0.8_img_object10.pth for the  10 -th image
********************Evalutation with quantization
********************Starting quantizing models
eval_object_psnr: 31.338747885173532
full_image_psnr: 25.43757771009635
object_psnr: 31.338747885173532
background_psnr: 26.781181088558643
********************Evaluation the Image 10-th, BEST PSNR: 25.437578, Print rate 0.112306, Network rate 0.016434. *************************
eval_wsssim: 0.800527
Decoded image saved to ./experiments/vcip_wssim_tunado_diegoPC/decoded_images/othim11_maskerp_wsmse0_swhdc1_erp1_lambda0.8.png
Evaluate the image: PSNR: 25.43757771009635 All bits: 0.1287393867969513  latent bits: 0.1123056709766388  network bits: 0.0164337158203125
Evaluate arm network bits: 0.008054733276367188 Evaluate synthesis network bits: 0.007890701293945312
Image All bits num: 67496.515625 latent bits num: 58880.515625 mlp bits num: 8616.0 border bits num:
arm bits num: 4223.0 synthesis bits num: 4137.0
[25.725005229269772, 25.084490369571522, 26.126108564653624, 22.74168690510335, 23.87970493444533, 23.496738437492905, 25.208951654408963, 25.77196140367265, 26.052715971668807, 26.672117971893368, 25.43757771009635]
[0.12852253019809723, 0.12484615296125412, 0.13026711344718933, 0.21137559413909912, 0.19534045457839966, 0.18472929298877716, 0.09931357949972153, 0.09671350568532944, 0.10299995541572571, 0.12199412286281586, 0.1287393867969513]
[67382.8203125, 65455.33984375, 68297.484375, 110821.6875, 102414.65625, 96851.3515625, 52068.91796875, 50705.73046875, 54001.640625, 63960.0546875, 67496.515625]
Metrics saved to ./experiments/vcip_wssim_tunado_diegoPC/results.csv
Current eval Ave PSNR: 25.10882355929788 Ave Bits 0.1386219716884873
Namespace(batch_size=1, lr=0.01, data='../data', sparsity=0.0, local_upsampling_kernel_size=8, upsampling_kernel_size=8, static_upsampling_kernel=False, latent_factor=1, mod_base=7, highest_flag=1, context_arm=16, dim_arm_mod=16, use_candidate=True, type='other', mod_hid_layer=0, sythesis_features=12, hidden_features=64, hidden_layer=2, scale=1, lambda_rate=0.8, lambda_rate_list=[0.4, 0.8], start_index=0, mask_type='erp', wsmse_tag=0, swhdc_tag=1, swhdc_dilations=[1, 2, 3, 4], erp_padding=1, workdir='./experiments/vcip_wssim_tunado_diegoPC', train_steps_1=5000, train_steps_2=1000, loss_type='combined', lambda_dist=0.0, lambda_percep=1.0, patch_h=512, patch_w=1024, all_pix_num=524288, eval_pix_num=524288)
Directory './saved/modbase_7/context_16_arm_mod_16' already exists.
Directory './saved/modbase_7/context_16_arm_mod_16/sparity_0.0' already exists.
top %: 0.0

🔁 Stage-1 Training Candidate 1/7
Quantizer parameter: encoding gain  16
total pixel: 524288
Get Mod with shape torch.Size([1, 1, 8, 16]) at layer: 1
Get Mod with shape torch.Size([1, 1, 16, 32]) at layer: 2
Get Mod with shape torch.Size([1, 1, 32, 64]) at layer: 3
Get Mod with shape torch.Size([1, 1, 64, 128]) at layer: 4
Get Mod with shape torch.Size([1, 1, 128, 256]) at layer: 5
Get Mod with shape torch.Size([1, 1, 256, 512]) at layer: 6
Get Mod with shape torch.Size([1, 1, 512, 1024]) at layer: 7
start temperature: 0.3 noise parameter: 2.0
end temperature: 0.3 noise parameter: 2.0
********************Start from stage I
Step 400, BEST PSNR: 24.025239, Total loss 0.371220 with its rate 0.1952444165945053 latent_bits 102364.3046875

🔁 Stage-1 Training Candidate 2/7
Quantizer parameter: encoding gain  16
total pixel: 524288
Get Mod with shape torch.Size([1, 1, 8, 16]) at layer: 1
Get Mod with shape torch.Size([1, 1, 16, 32]) at layer: 2
Get Mod with shape torch.Size([1, 1, 32, 64]) at layer: 3
Get Mod with shape torch.Size([1, 1, 64, 128]) at layer: 4
Get Mod with shape torch.Size([1, 1, 128, 256]) at layer: 5
Get Mod with shape torch.Size([1, 1, 256, 512]) at layer: 6
Get Mod with shape torch.Size([1, 1, 512, 1024]) at layer: 7
start temperature: 0.3 noise parameter: 2.0
end temperature: 0.3 noise parameter: 2.0
********************Start from stage I
Step 400, BEST PSNR: 24.883179, Total loss 0.367173 with its rate 0.19376574456691742 latent_bits 101589.0546875

🔁 Stage-1 Training Candidate 3/7
Quantizer parameter: encoding gain  16
total pixel: 524288
Get Mod with shape torch.Size([1, 1, 8, 16]) at layer: 1
Get Mod with shape torch.Size([1, 1, 16, 32]) at layer: 2
Get Mod with shape torch.Size([1, 1, 32, 64]) at layer: 3
Get Mod with shape torch.Size([1, 1, 64, 128]) at layer: 4
Get Mod with shape torch.Size([1, 1, 128, 256]) at layer: 5
Get Mod with shape torch.Size([1, 1, 256, 512]) at layer: 6
Get Mod with shape torch.Size([1, 1, 512, 1024]) at layer: 7
start temperature: 0.3 noise parameter: 2.0
end temperature: 0.3 noise parameter: 2.0
********************Start from stage I
Step 400, BEST PSNR: 24.849612, Total loss 0.367511 with its rate 0.19214662909507751 latent_bits 100740.171875

🔁 Stage-1 Training Candidate 4/7
Quantizer parameter: encoding gain  16
total pixel: 524288
Get Mod with shape torch.Size([1, 1, 8, 16]) at layer: 1
Get Mod with shape torch.Size([1, 1, 16, 32]) at layer: 2
Get Mod with shape torch.Size([1, 1, 32, 64]) at layer: 3
Get Mod with shape torch.Size([1, 1, 64, 128]) at layer: 4
Get Mod with shape torch.Size([1, 1, 128, 256]) at layer: 5
Get Mod with shape torch.Size([1, 1, 256, 512]) at layer: 6
Get Mod with shape torch.Size([1, 1, 512, 1024]) at layer: 7
start temperature: 0.3 noise parameter: 2.0
end temperature: 0.3 noise parameter: 2.0
********************Start from stage I
Step 400, BEST PSNR: 25.028654, Total loss 0.366541 with its rate 0.19166335463523865 latent_bits 100486.796875

🔁 Stage-1 Training Candidate 5/7
Quantizer parameter: encoding gain  16
total pixel: 524288
Get Mod with shape torch.Size([1, 1, 8, 16]) at layer: 1
Get Mod with shape torch.Size([1, 1, 16, 32]) at layer: 2
Get Mod with shape torch.Size([1, 1, 32, 64]) at layer: 3
Get Mod with shape torch.Size([1, 1, 64, 128]) at layer: 4
Get Mod with shape torch.Size([1, 1, 128, 256]) at layer: 5
Get Mod with shape torch.Size([1, 1, 256, 512]) at layer: 6
Get Mod with shape torch.Size([1, 1, 512, 1024]) at layer: 7
start temperature: 0.3 noise parameter: 2.0
end temperature: 0.3 noise parameter: 2.0
********************Start from stage I
Step 400, BEST PSNR: 25.280236, Total loss 0.377081 with its rate 0.2135983407497406 latent_bits 111987.046875

🔁 Stage-1 Training Candidate 6/7
Quantizer parameter: encoding gain  16
total pixel: 524288
Get Mod with shape torch.Size([1, 1, 8, 16]) at layer: 1
Get Mod with shape torch.Size([1, 1, 16, 32]) at layer: 2
Get Mod with shape torch.Size([1, 1, 32, 64]) at layer: 3
Get Mod with shape torch.Size([1, 1, 64, 128]) at layer: 4
Get Mod with shape torch.Size([1, 1, 128, 256]) at layer: 5
Get Mod with shape torch.Size([1, 1, 256, 512]) at layer: 6
Get Mod with shape torch.Size([1, 1, 512, 1024]) at layer: 7
start temperature: 0.3 noise parameter: 2.0
end temperature: 0.3 noise parameter: 2.0
********************Start from stage I
Step 400, BEST PSNR: 24.726040, Total loss 0.377345 with its rate 0.2046419233083725 latent_bits 107291.3046875

🔁 Stage-1 Training Candidate 7/7
Quantizer parameter: encoding gain  16
total pixel: 524288
Get Mod with shape torch.Size([1, 1, 8, 16]) at layer: 1
Get Mod with shape torch.Size([1, 1, 16, 32]) at layer: 2
Get Mod with shape torch.Size([1, 1, 32, 64]) at layer: 3
Get Mod with shape torch.Size([1, 1, 64, 128]) at layer: 4
Get Mod with shape torch.Size([1, 1, 128, 256]) at layer: 5
Get Mod with shape torch.Size([1, 1, 256, 512]) at layer: 6
Get Mod with shape torch.Size([1, 1, 512, 1024]) at layer: 7
start temperature: 0.3 noise parameter: 2.0
end temperature: 0.3 noise parameter: 2.0
********************Start from stage I
Step 400, BEST PSNR: 24.809690, Total loss 0.375269 with its rate 0.20395487546920776 latent_bits 106931.09375

🌟 Selected Top-3 Candidates by RD cost

🎯 Stage-2 Refining Candidate 1/3
start temperature: 0.3 noise parameter: 2.0
end temperature: 0.3 noise parameter: 2.0
********************Start from stage I
Step 400, BEST PSNR: 25.446010, Total loss 0.383912 with its rate 0.22190432250499725 latent_bits 116341.7734375

🎯 Stage-2 Refining Candidate 2/3
start temperature: 0.3 noise parameter: 2.0
end temperature: 0.3 noise parameter: 2.0
********************Start from stage I
Step 400, BEST PSNR: 25.457282, Total loss 0.382913 with its rate 0.221330463886261 latent_bits 116040.90625

🎯 Stage-2 Refining Candidate 3/3
start temperature: 0.3 noise parameter: 2.0
end temperature: 0.3 noise parameter: 2.0
********************Start from stage I
Step 400, BEST PSNR: 25.424109, Total loss 0.386720 with its rate 0.22613605856895447 latent_bits 118560.421875

🏆 Best Candidate Final PSNR: 25.46, Rate: 0.2213
Masked_INR(
  (upsampling_2d): Upsampling(
    (conv_transpose2d): UpsamplingConvTranspose2d()
  )
  (arm): Arm(
    (mlp): Sequential(
      (0): ArmConv(
        (conv1_1): Conv1d(16, 16, kernel_size=(1,), stride=(1,))
      )
      (1): GELU(approximate='none')
      (2): ArmConv(
        (conv1_1): Conv1d(16, 16, kernel_size=(1,), stride=(1,))
      )
      (3): GELU(approximate='none')
      (4): ArmConv(
        (conv1_1): Conv1d(16, 2, kernel_size=(1,), stride=(1,))
      )
    )
  )
  (conv_mod): LocalGlobalBlock(
    (net): Sequential(
      (0): SynthesisLayer(
        (pad): Identity()
        (conv_layer): SWHDC(
          (conv): Conv2d(2, 3, kernel_size=(3, 3), stride=(1, 1))
        )
        (non_linearity): GELU(approximate='none')
      )
      (1): SynthesisResidualLayer(
        (pad): ReplicationPad2d((0, 0, 0, 0))
        (conv_layer): Conv2d(3, 3, kernel_size=(1, 1), stride=(1, 1))
        (non_linearity): GELU(approximate='none')
      )
      (2): SynthesisResidualLayer(
        (pad): ReplicationPad2d((0, 0, 0, 0))
        (conv_layer): Conv2d(3, 3, kernel_size=(1, 1), stride=(1, 1))
        (non_linearity): GELU(approximate='none')
      )
      (3): SynthesisResidualLayer(
        (pad): ReplicationPad2d((0, 0, 0, 0))
        (conv_layer): Conv2d(3, 3, kernel_size=(1, 1), stride=(1, 1))
        (non_linearity): Identity()
      )
    )
    (global_net): Sequential(
      (0): SynthesisLayer(
        (pad): Identity()
        (conv_layer): SWHDC(
          (conv): Conv2d(2, 3, kernel_size=(3, 3), stride=(1, 1))
        )
        (non_linearity): GELU(approximate='none')
      )
      (1): SynthesisResidualLayer(
        (pad): ReplicationPad2d((0, 0, 0, 0))
        (conv_layer): Conv2d(3, 3, kernel_size=(1, 1), stride=(1, 1))
        (non_linearity): GELU(approximate='none')
      )
      (2): SynthesisResidualLayer(
        (pad): ReplicationPad2d((0, 0, 0, 0))
        (conv_layer): Conv2d(3, 3, kernel_size=(1, 1), stride=(1, 1))
        (non_linearity): GELU(approximate='none')
      )
      (3): SynthesisResidualLayer(
        (pad): ReplicationPad2d((0, 0, 0, 0))
        (conv_layer): Conv2d(3, 3, kernel_size=(1, 1), stride=(1, 1))
        (non_linearity): Identity()
      )
    )
    (agg_func): Sequential(
      (0): SynthesisLayer(
        (pad): ReplicationPad2d((0, 0, 0, 0))
        (conv_layer): Conv2d(18, 3, kernel_size=(1, 1), stride=(1, 1))
        (non_linearity): GELU(approximate='none')
      )
      (1): SynthesisLayer(
        (pad): ReplicationPad2d((0, 0, 0, 0))
        (conv_layer): Conv2d(21, 3, kernel_size=(1, 1), stride=(1, 1))
        (non_linearity): GELU(approximate='none')
      )
      (2): SynthesisLayer(
        (pad): ReplicationPad2d((0, 0, 0, 0))
        (conv_layer): Conv2d(24, 3, kernel_size=(1, 1), stride=(1, 1))
        (non_linearity): GELU(approximate='none')
      )
    )
    (full_net): Sequential(
      (0): SynthesisLayer(
        (pad): ReplicationPad2d((0, 0, 0, 0))
        (conv_layer): Conv2d(7, 12, kernel_size=(1, 1), stride=(1, 1))
        (non_linearity): GELU(approximate='none')
      )
      (1): SynthesisLayer(
        (pad): ReplicationPad2d((0, 0, 0, 0))
        (conv_layer): Conv2d(12, 3, kernel_size=(1, 1), stride=(1, 1))
        (non_linearity): GELU(approximate='none')
      )
      (2): SynthesisResidualLayer(
        (conv_layer): Conv2d(3, 3, kernel_size=(3, 3), stride=(1, 1))
        (non_linearity): GELU(approximate='none')
      )
      (3): SynthesisResidualLayer(
        (conv_layer): Conv2d(3, 3, kernel_size=(3, 3), stride=(1, 1))
        (non_linearity): GELU(approximate='none')
      )
    )
  )
  (modulation_sf): ParameterList(
      (0): Parameter containing: [torch.float32 of size 1x1x8x16 (cuda:0)]
      (1): Parameter containing: [torch.float32 of size 1x1x16x32 (cuda:0)]
      (2): Parameter containing: [torch.float32 of size 1x1x32x64 (cuda:0)]
      (3): Parameter containing: [torch.float32 of size 1x1x64x128 (cuda:0)]
      (4): Parameter containing: [torch.float32 of size 1x1x128x256 (cuda:0)]
      (5): Parameter containing: [torch.float32 of size 1x1x256x512 (cuda:0)]
      (6): Parameter containing: [torch.float32 of size 1x1x512x1024 (cuda:0)]
  )
)
train the 11 -th image
start temperature: 0.3 noise parameter: 2.0
end temperature: 0.1 noise parameter: 1.0
********************Start from stage I
********************going into stage II
eval_object_psnr: 31.9774127563748
eval_background_psnr: 27.760004110868525
eval_background_psnr: 27.760004110868525
********************Evaluation the Image 11-th, after Step 999, BEST PSNR: 26.362167, Print rate 0.123034. *************************
Saved model at ./saved/modbase_7/context_16_arm_mod_16/sparity_0.0/inr_mod_16KODAK_ROI_Global_new_struture_7_12_3_33_orderconcat_operator_0_pw_0.8_img_object11.pth
Trained the image with PSNR: 26.362167343962373  latent bits 0.12303438782691956 latent bits number 64505.453125
[26.26667153969039, 25.99057383617314, 26.28984751399874, 22.947318639606546, 24.29441434572143, 24.13140701196215, 26.564282149928285, 27.594175708404567, 27.185075567101137, 27.085246870301955, 26.676181294648444, 26.362167343962373]
[0.10971970856189728, 0.10732713341712952, 0.11180776357650757, 0.19319993257522583, 0.1766223907470703, 0.1677476167678833, 0.08303212374448776, 0.07987571507692337, 0.08553820103406906, 0.10399775207042694, 0.1113455593585968, 0.12303438782691956]
[57524.7265625, 56270.328125, 58619.46875, 101292.40625, 92601.0, 87948.0625, 43532.74609375, 41877.87890625, 44846.65234375, 54524.7734375, 58377.140625, 64505.453125]
load the model: ./saved/modbase_7/context_16_arm_mod_16/sparity_0.0/inr_mod_16KODAK_ROI_Global_new_struture_7_12_3_33_orderconcat_operator_0_pw_0.8_img_object11.pth for the  11 -th image
********************Evalutation with quantization
********************Starting quantizing models
eval_object_psnr: 30.498595930979878
full_image_psnr: 25.10468872503732
object_psnr: 30.498595930979878
background_psnr: 26.604506544982826
********************Evaluation the Image 11-th, BEST PSNR: 25.104689, Print rate 0.123642, Network rate 0.016312. *************************
eval_wsssim: 0.791842
Decoded image saved to ./experiments/vcip_wssim_tunado_diegoPC/decoded_images/othim12_maskerp_wsmse0_swhdc1_erp1_lambda0.8.png
Evaluate the image: PSNR: 25.10468872503732 All bits: 0.13995394855737686  latent bits: 0.12364230304956436  network bits: 0.0163116455078125
Evaluate arm network bits: 0.007841110229492188 Evaluate synthesis network bits: 0.007982254028320312
Image All bits num: 73376.17578125 latent bits num: 64824.17578125 mlp bits num: 8552.0 border bits num:
arm bits num: 4111.0 synthesis bits num: 4185.0
[25.725005229269772, 25.084490369571522, 26.126108564653624, 22.74168690510335, 23.87970493444533, 23.496738437492905, 25.208951654408963, 25.77196140367265, 26.052715971668807, 26.672117971893368, 25.43757771009635, 25.10468872503732]
[0.12852253019809723, 0.12484615296125412, 0.13026711344718933, 0.21137559413909912, 0.19534045457839966, 0.18472929298877716, 0.09931357949972153, 0.09671350568532944, 0.10299995541572571, 0.12199412286281586, 0.1287393867969513, 0.13995394855737686]
[67382.8203125, 65455.33984375, 68297.484375, 110821.6875, 102414.65625, 96851.3515625, 52068.91796875, 50705.73046875, 54001.640625, 63960.0546875, 67496.515625, 73376.17578125]
Metrics saved to ./experiments/vcip_wssim_tunado_diegoPC/results.csv
Current eval Ave PSNR: 25.108478989776163 Ave Bits 0.13873296976089478
Namespace(batch_size=1, lr=0.01, data='../data', sparsity=0.0, local_upsampling_kernel_size=8, upsampling_kernel_size=8, static_upsampling_kernel=False, latent_factor=1, mod_base=7, highest_flag=1, context_arm=16, dim_arm_mod=16, use_candidate=True, type='other', mod_hid_layer=0, sythesis_features=12, hidden_features=64, hidden_layer=2, scale=1, lambda_rate=0.8, lambda_rate_list=[0.4, 0.8], start_index=0, mask_type='erp', wsmse_tag=0, swhdc_tag=1, swhdc_dilations=[1, 2, 3, 4], erp_padding=1, workdir='./experiments/vcip_wssim_tunado_diegoPC', train_steps_1=5000, train_steps_2=1000, loss_type='combined', lambda_dist=0.0, lambda_percep=1.0, patch_h=512, patch_w=1024, all_pix_num=524288, eval_pix_num=524288)
Directory './saved/modbase_7/context_16_arm_mod_16' already exists.
Directory './saved/modbase_7/context_16_arm_mod_16/sparity_0.0' already exists.
top %: 0.0

🔁 Stage-1 Training Candidate 1/7
Quantizer parameter: encoding gain  16
total pixel: 524288
Get Mod with shape torch.Size([1, 1, 8, 16]) at layer: 1
Get Mod with shape torch.Size([1, 1, 16, 32]) at layer: 2
Get Mod with shape torch.Size([1, 1, 32, 64]) at layer: 3
Get Mod with shape torch.Size([1, 1, 64, 128]) at layer: 4
Get Mod with shape torch.Size([1, 1, 128, 256]) at layer: 5
Get Mod with shape torch.Size([1, 1, 256, 512]) at layer: 6
Get Mod with shape torch.Size([1, 1, 512, 1024]) at layer: 7
start temperature: 0.3 noise parameter: 2.0
end temperature: 0.3 noise parameter: 2.0
********************Start from stage I
Step 400, BEST PSNR: 24.723394, Total loss 0.288619 with its rate 0.14937764406204224 latent_bits 78316.90625

🔁 Stage-1 Training Candidate 2/7
Quantizer parameter: encoding gain  16
total pixel: 524288
Get Mod with shape torch.Size([1, 1, 8, 16]) at layer: 1
Get Mod with shape torch.Size([1, 1, 16, 32]) at layer: 2
Get Mod with shape torch.Size([1, 1, 32, 64]) at layer: 3
Get Mod with shape torch.Size([1, 1, 64, 128]) at layer: 4
Get Mod with shape torch.Size([1, 1, 128, 256]) at layer: 5
Get Mod with shape torch.Size([1, 1, 256, 512]) at layer: 6
Get Mod with shape torch.Size([1, 1, 512, 1024]) at layer: 7
start temperature: 0.3 noise parameter: 2.0
end temperature: 0.3 noise parameter: 2.0
********************Start from stage I
Step 400, BEST PSNR: 24.732809, Total loss 0.286529 with its rate 0.13808538019657135 latent_bits 72396.5078125

🔁 Stage-1 Training Candidate 3/7
Quantizer parameter: encoding gain  16
total pixel: 524288
Get Mod with shape torch.Size([1, 1, 8, 16]) at layer: 1
Get Mod with shape torch.Size([1, 1, 16, 32]) at layer: 2
Get Mod with shape torch.Size([1, 1, 32, 64]) at layer: 3
Get Mod with shape torch.Size([1, 1, 64, 128]) at layer: 4
Get Mod with shape torch.Size([1, 1, 128, 256]) at layer: 5
Get Mod with shape torch.Size([1, 1, 256, 512]) at layer: 6
Get Mod with shape torch.Size([1, 1, 512, 1024]) at layer: 7
start temperature: 0.3 noise parameter: 2.0
end temperature: 0.3 noise parameter: 2.0
********************Start from stage I
Step 400, BEST PSNR: 24.518247, Total loss 0.299399 with its rate 0.1583021879196167 latent_bits 82995.9375

🔁 Stage-1 Training Candidate 4/7
Quantizer parameter: encoding gain  16
total pixel: 524288
Get Mod with shape torch.Size([1, 1, 8, 16]) at layer: 1
Get Mod with shape torch.Size([1, 1, 16, 32]) at layer: 2
Get Mod with shape torch.Size([1, 1, 32, 64]) at layer: 3
Get Mod with shape torch.Size([1, 1, 64, 128]) at layer: 4
Get Mod with shape torch.Size([1, 1, 128, 256]) at layer: 5
Get Mod with shape torch.Size([1, 1, 256, 512]) at layer: 6
Get Mod with shape torch.Size([1, 1, 512, 1024]) at layer: 7
start temperature: 0.3 noise parameter: 2.0
end temperature: 0.3 noise parameter: 2.0
********************Start from stage I
Step 400, BEST PSNR: 24.997164, Total loss 0.297947 with its rate 0.15747088193893433 latent_bits 82560.09375

🔁 Stage-1 Training Candidate 5/7
Quantizer parameter: encoding gain  16
total pixel: 524288
Get Mod with shape torch.Size([1, 1, 8, 16]) at layer: 1
Get Mod with shape torch.Size([1, 1, 16, 32]) at layer: 2
Get Mod with shape torch.Size([1, 1, 32, 64]) at layer: 3
Get Mod with shape torch.Size([1, 1, 64, 128]) at layer: 4
Get Mod with shape torch.Size([1, 1, 128, 256]) at layer: 5
Get Mod with shape torch.Size([1, 1, 256, 512]) at layer: 6
Get Mod with shape torch.Size([1, 1, 512, 1024]) at layer: 7
start temperature: 0.3 noise parameter: 2.0
end temperature: 0.3 noise parameter: 2.0
********************Start from stage I
Step 400, BEST PSNR: 24.774685, Total loss 0.290036 with its rate 0.1537998914718628 latent_bits 80635.4375

🔁 Stage-1 Training Candidate 6/7
Quantizer parameter: encoding gain  16
total pixel: 524288
Get Mod with shape torch.Size([1, 1, 8, 16]) at layer: 1
Get Mod with shape torch.Size([1, 1, 16, 32]) at layer: 2
Get Mod with shape torch.Size([1, 1, 32, 64]) at layer: 3
Get Mod with shape torch.Size([1, 1, 64, 128]) at layer: 4
Get Mod with shape torch.Size([1, 1, 128, 256]) at layer: 5
Get Mod with shape torch.Size([1, 1, 256, 512]) at layer: 6
Get Mod with shape torch.Size([1, 1, 512, 1024]) at layer: 7
start temperature: 0.3 noise parameter: 2.0
end temperature: 0.3 noise parameter: 2.0
********************Start from stage I
Step 400, BEST PSNR: 25.557791, Total loss 0.281144 with its rate 0.14425073564052582 latent_bits 75628.9296875

🔁 Stage-1 Training Candidate 7/7
Quantizer parameter: encoding gain  16
total pixel: 524288
Get Mod with shape torch.Size([1, 1, 8, 16]) at layer: 1
Get Mod with shape torch.Size([1, 1, 16, 32]) at layer: 2
Get Mod with shape torch.Size([1, 1, 32, 64]) at layer: 3
Get Mod with shape torch.Size([1, 1, 64, 128]) at layer: 4
Get Mod with shape torch.Size([1, 1, 128, 256]) at layer: 5
Get Mod with shape torch.Size([1, 1, 256, 512]) at layer: 6
Get Mod with shape torch.Size([1, 1, 512, 1024]) at layer: 7
start temperature: 0.3 noise parameter: 2.0
end temperature: 0.3 noise parameter: 2.0
********************Start from stage I
Step 400, BEST PSNR: 24.727816, Total loss 0.288369 with its rate 0.15273869037628174 latent_bits 80079.0625

🌟 Selected Top-3 Candidates by RD cost

🎯 Stage-2 Refining Candidate 1/3
start temperature: 0.3 noise parameter: 2.0
end temperature: 0.3 noise parameter: 2.0
********************Start from stage I
Step 400, BEST PSNR: 26.182467, Total loss 0.299339 with its rate 0.18217265605926514 latent_bits 95510.9375

🎯 Stage-2 Refining Candidate 2/3
start temperature: 0.3 noise parameter: 2.0
end temperature: 0.3 noise parameter: 2.0
********************Start from stage I
Step 400, BEST PSNR: 25.759673, Total loss 0.301626 with its rate 0.18395522236824036 latent_bits 96445.515625

🎯 Stage-2 Refining Candidate 3/3
start temperature: 0.3 noise parameter: 2.0
end temperature: 0.3 noise parameter: 2.0
********************Start from stage I
Step 400, BEST PSNR: 26.188834, Total loss 0.300198 with its rate 0.18227553367614746 latent_bits 95564.875

🏆 Best Candidate Final PSNR: 26.18, Rate: 0.1822
Masked_INR(
  (upsampling_2d): Upsampling(
    (conv_transpose2d): UpsamplingConvTranspose2d()
  )
  (arm): Arm(
    (mlp): Sequential(
      (0): ArmConv(
        (conv1_1): Conv1d(16, 16, kernel_size=(1,), stride=(1,))
      )
      (1): GELU(approximate='none')
      (2): ArmConv(
        (conv1_1): Conv1d(16, 16, kernel_size=(1,), stride=(1,))
      )
      (3): GELU(approximate='none')
      (4): ArmConv(
        (conv1_1): Conv1d(16, 2, kernel_size=(1,), stride=(1,))
      )
    )
  )
  (conv_mod): LocalGlobalBlock(
    (net): Sequential(
      (0): SynthesisLayer(
        (pad): Identity()
        (conv_layer): SWHDC(
          (conv): Conv2d(2, 3, kernel_size=(3, 3), stride=(1, 1))
        )
        (non_linearity): GELU(approximate='none')
      )
      (1): SynthesisResidualLayer(
        (pad): ReplicationPad2d((0, 0, 0, 0))
        (conv_layer): Conv2d(3, 3, kernel_size=(1, 1), stride=(1, 1))
        (non_linearity): GELU(approximate='none')
      )
      (2): SynthesisResidualLayer(
        (pad): ReplicationPad2d((0, 0, 0, 0))
        (conv_layer): Conv2d(3, 3, kernel_size=(1, 1), stride=(1, 1))
        (non_linearity): GELU(approximate='none')
      )
      (3): SynthesisResidualLayer(
        (pad): ReplicationPad2d((0, 0, 0, 0))
        (conv_layer): Conv2d(3, 3, kernel_size=(1, 1), stride=(1, 1))
        (non_linearity): Identity()
      )
    )
    (global_net): Sequential(
      (0): SynthesisLayer(
        (pad): Identity()
        (conv_layer): SWHDC(
          (conv): Conv2d(2, 3, kernel_size=(3, 3), stride=(1, 1))
        )
        (non_linearity): GELU(approximate='none')
      )
      (1): SynthesisResidualLayer(
        (pad): ReplicationPad2d((0, 0, 0, 0))
        (conv_layer): Conv2d(3, 3, kernel_size=(1, 1), stride=(1, 1))
        (non_linearity): GELU(approximate='none')
      )
      (2): SynthesisResidualLayer(
        (pad): ReplicationPad2d((0, 0, 0, 0))
        (conv_layer): Conv2d(3, 3, kernel_size=(1, 1), stride=(1, 1))
        (non_linearity): GELU(approximate='none')
      )
      (3): SynthesisResidualLayer(
        (pad): ReplicationPad2d((0, 0, 0, 0))
        (conv_layer): Conv2d(3, 3, kernel_size=(1, 1), stride=(1, 1))
        (non_linearity): Identity()
      )
    )
    (agg_func): Sequential(
      (0): SynthesisLayer(
        (pad): ReplicationPad2d((0, 0, 0, 0))
        (conv_layer): Conv2d(18, 3, kernel_size=(1, 1), stride=(1, 1))
        (non_linearity): GELU(approximate='none')
      )
      (1): SynthesisLayer(
        (pad): ReplicationPad2d((0, 0, 0, 0))
        (conv_layer): Conv2d(21, 3, kernel_size=(1, 1), stride=(1, 1))
        (non_linearity): GELU(approximate='none')
      )
      (2): SynthesisLayer(
        (pad): ReplicationPad2d((0, 0, 0, 0))
        (conv_layer): Conv2d(24, 3, kernel_size=(1, 1), stride=(1, 1))
        (non_linearity): GELU(approximate='none')
      )
    )
    (full_net): Sequential(
      (0): SynthesisLayer(
        (pad): ReplicationPad2d((0, 0, 0, 0))
        (conv_layer): Conv2d(7, 12, kernel_size=(1, 1), stride=(1, 1))
        (non_linearity): GELU(approximate='none')
      )
      (1): SynthesisLayer(
        (pad): ReplicationPad2d((0, 0, 0, 0))
        (conv_layer): Conv2d(12, 3, kernel_size=(1, 1), stride=(1, 1))
        (non_linearity): GELU(approximate='none')
      )
      (2): SynthesisResidualLayer(
        (conv_layer): Conv2d(3, 3, kernel_size=(3, 3), stride=(1, 1))
        (non_linearity): GELU(approximate='none')
      )
      (3): SynthesisResidualLayer(
        (conv_layer): Conv2d(3, 3, kernel_size=(3, 3), stride=(1, 1))
        (non_linearity): GELU(approximate='none')
      )
    )
  )
  (modulation_sf): ParameterList(
      (0): Parameter containing: [torch.float32 of size 1x1x8x16 (cuda:0)]
      (1): Parameter containing: [torch.float32 of size 1x1x16x32 (cuda:0)]
      (2): Parameter containing: [torch.float32 of size 1x1x32x64 (cuda:0)]
      (3): Parameter containing: [torch.float32 of size 1x1x64x128 (cuda:0)]
      (4): Parameter containing: [torch.float32 of size 1x1x128x256 (cuda:0)]
      (5): Parameter containing: [torch.float32 of size 1x1x256x512 (cuda:0)]
      (6): Parameter containing: [torch.float32 of size 1x1x512x1024 (cuda:0)]
  )
)
train the 12 -th image
start temperature: 0.3 noise parameter: 2.0
end temperature: 0.1 noise parameter: 1.0
********************Start from stage I
********************going into stage II
eval_object_psnr: 34.80775364977907
eval_background_psnr: 28.022965027328812
eval_background_psnr: 28.022965027328812
********************Evaluation the Image 12-th, after Step 999, BEST PSNR: 27.191135, Print rate 0.079395. *************************
Saved model at ./saved/modbase_7/context_16_arm_mod_16/sparity_0.0/inr_mod_16KODAK_ROI_Global_new_struture_7_12_3_33_orderconcat_operator_0_pw_0.8_img_object12.pth
Trained the image with PSNR: 27.19113515385744  latent bits 0.07939546555280685 latent bits number 41626.08984375
[26.26667153969039, 25.99057383617314, 26.28984751399874, 22.947318639606546, 24.29441434572143, 24.13140701196215, 26.564282149928285, 27.594175708404567, 27.185075567101137, 27.085246870301955, 26.676181294648444, 26.362167343962373, 27.19113515385744]
[0.10971970856189728, 0.10732713341712952, 0.11180776357650757, 0.19319993257522583, 0.1766223907470703, 0.1677476167678833, 0.08303212374448776, 0.07987571507692337, 0.08553820103406906, 0.10399775207042694, 0.1113455593585968, 0.12303438782691956, 0.07939546555280685]
[57524.7265625, 56270.328125, 58619.46875, 101292.40625, 92601.0, 87948.0625, 43532.74609375, 41877.87890625, 44846.65234375, 54524.7734375, 58377.140625, 64505.453125, 41626.08984375]
load the model: ./saved/modbase_7/context_16_arm_mod_16/sparity_0.0/inr_mod_16KODAK_ROI_Global_new_struture_7_12_3_33_orderconcat_operator_0_pw_0.8_img_object12.pth for the  12 -th image
********************Evalutation with quantization
********************Starting quantizing models
eval_object_psnr: 33.978923666795495
full_image_psnr: 26.728425483544964
object_psnr: 33.978923666795495
background_psnr: 27.64548354741125
********************Evaluation the Image 12-th, BEST PSNR: 26.728425, Print rate 0.081287, Network rate 0.016678. *************************
eval_wsssim: 0.853573
Decoded image saved to ./experiments/vcip_wssim_tunado_diegoPC/decoded_images/othim13_maskerp_wsmse0_swhdc1_erp1_lambda0.8.png
Evaluate the image: PSNR: 26.728425483544964 All bits: 0.09796439111232758  latent bits: 0.08128653466701508  network bits: 0.0166778564453125
Evaluate arm network bits: 0.007160186767578125 Evaluate synthesis network bits: 0.009016036987304688
Image All bits num: 51361.5546875 latent bits num: 42617.5546875 mlp bits num: 8744.0 border bits num:
arm bits num: 3754.0 synthesis bits num: 4727.0
[25.725005229269772, 25.084490369571522, 26.126108564653624, 22.74168690510335, 23.87970493444533, 23.496738437492905, 25.208951654408963, 25.77196140367265, 26.052715971668807, 26.672117971893368, 25.43757771009635, 25.10468872503732, 26.728425483544964]
[0.12852253019809723, 0.12484615296125412, 0.13026711344718933, 0.21137559413909912, 0.19534045457839966, 0.18472929298877716, 0.09931357949972153, 0.09671350568532944, 0.10299995541572571, 0.12199412286281586, 0.1287393867969513, 0.13995394855737686, 0.09796439111232758]
[67382.8203125, 65455.33984375, 68297.484375, 110821.6875, 102414.65625, 96851.3515625, 52068.91796875, 50705.73046875, 54001.640625, 63960.0546875, 67496.515625, 73376.17578125, 51361.5546875]
Metrics saved to ./experiments/vcip_wssim_tunado_diegoPC/results.csv
Current eval Ave PSNR: 25.23309025852761 Ave Bits 0.13559692524946654
Namespace(batch_size=1, lr=0.01, data='../data', sparsity=0.0, local_upsampling_kernel_size=8, upsampling_kernel_size=8, static_upsampling_kernel=False, latent_factor=1, mod_base=7, highest_flag=1, context_arm=16, dim_arm_mod=16, use_candidate=True, type='other', mod_hid_layer=0, sythesis_features=12, hidden_features=64, hidden_layer=2, scale=1, lambda_rate=0.8, lambda_rate_list=[0.4, 0.8], start_index=0, mask_type='erp', wsmse_tag=0, swhdc_tag=1, swhdc_dilations=[1, 2, 3, 4], erp_padding=1, workdir='./experiments/vcip_wssim_tunado_diegoPC', train_steps_1=5000, train_steps_2=1000, loss_type='combined', lambda_dist=0.0, lambda_percep=1.0, patch_h=512, patch_w=1024, all_pix_num=524288, eval_pix_num=524288)
Directory './saved/modbase_7/context_16_arm_mod_16' already exists.
Directory './saved/modbase_7/context_16_arm_mod_16/sparity_0.0' already exists.
top %: 0.0

🔁 Stage-1 Training Candidate 1/7
Quantizer parameter: encoding gain  16
total pixel: 524288
Get Mod with shape torch.Size([1, 1, 8, 16]) at layer: 1
Get Mod with shape torch.Size([1, 1, 16, 32]) at layer: 2
Get Mod with shape torch.Size([1, 1, 32, 64]) at layer: 3
Get Mod with shape torch.Size([1, 1, 64, 128]) at layer: 4
Get Mod with shape torch.Size([1, 1, 128, 256]) at layer: 5
Get Mod with shape torch.Size([1, 1, 256, 512]) at layer: 6
Get Mod with shape torch.Size([1, 1, 512, 1024]) at layer: 7
start temperature: 0.3 noise parameter: 2.0
end temperature: 0.3 noise parameter: 2.0
********************Start from stage I
Step 400, BEST PSNR: 25.025013, Total loss 0.282077 with its rate 0.14478284120559692 latent_bits 75907.90625

🔁 Stage-1 Training Candidate 2/7
Quantizer parameter: encoding gain  16
total pixel: 524288
Get Mod with shape torch.Size([1, 1, 8, 16]) at layer: 1
Get Mod with shape torch.Size([1, 1, 16, 32]) at layer: 2
Get Mod with shape torch.Size([1, 1, 32, 64]) at layer: 3
Get Mod with shape torch.Size([1, 1, 64, 128]) at layer: 4
Get Mod with shape torch.Size([1, 1, 128, 256]) at layer: 5
Get Mod with shape torch.Size([1, 1, 256, 512]) at layer: 6
Get Mod with shape torch.Size([1, 1, 512, 1024]) at layer: 7
start temperature: 0.3 noise parameter: 2.0
end temperature: 0.3 noise parameter: 2.0
********************Start from stage I
Step 400, BEST PSNR: 24.975291, Total loss 0.282037 with its rate 0.1481057107448578 latent_bits 77650.046875

🔁 Stage-1 Training Candidate 3/7
Quantizer parameter: encoding gain  16
total pixel: 524288
Get Mod with shape torch.Size([1, 1, 8, 16]) at layer: 1
Get Mod with shape torch.Size([1, 1, 16, 32]) at layer: 2
Get Mod with shape torch.Size([1, 1, 32, 64]) at layer: 3
Get Mod with shape torch.Size([1, 1, 64, 128]) at layer: 4
Get Mod with shape torch.Size([1, 1, 128, 256]) at layer: 5
Get Mod with shape torch.Size([1, 1, 256, 512]) at layer: 6
Get Mod with shape torch.Size([1, 1, 512, 1024]) at layer: 7
start temperature: 0.3 noise parameter: 2.0
end temperature: 0.3 noise parameter: 2.0
********************Start from stage I
Step 400, BEST PSNR: 24.652683, Total loss 0.285824 with its rate 0.14043016731739044 latent_bits 73625.8515625

🔁 Stage-1 Training Candidate 4/7
Quantizer parameter: encoding gain  16
total pixel: 524288
Get Mod with shape torch.Size([1, 1, 8, 16]) at layer: 1
Get Mod with shape torch.Size([1, 1, 16, 32]) at layer: 2
Get Mod with shape torch.Size([1, 1, 32, 64]) at layer: 3
Get Mod with shape torch.Size([1, 1, 64, 128]) at layer: 4
Get Mod with shape torch.Size([1, 1, 128, 256]) at layer: 5
Get Mod with shape torch.Size([1, 1, 256, 512]) at layer: 6
Get Mod with shape torch.Size([1, 1, 512, 1024]) at layer: 7
start temperature: 0.3 noise parameter: 2.0
end temperature: 0.3 noise parameter: 2.0
********************Start from stage I
Step 400, BEST PSNR: 24.909695, Total loss 0.289420 with its rate 0.15432773530483246 latent_bits 80912.1796875

🔁 Stage-1 Training Candidate 5/7
Quantizer parameter: encoding gain  16
total pixel: 524288
Get Mod with shape torch.Size([1, 1, 8, 16]) at layer: 1
Get Mod with shape torch.Size([1, 1, 16, 32]) at layer: 2
Get Mod with shape torch.Size([1, 1, 32, 64]) at layer: 3
Get Mod with shape torch.Size([1, 1, 64, 128]) at layer: 4
Get Mod with shape torch.Size([1, 1, 128, 256]) at layer: 5
Get Mod with shape torch.Size([1, 1, 256, 512]) at layer: 6
Get Mod with shape torch.Size([1, 1, 512, 1024]) at layer: 7
start temperature: 0.3 noise parameter: 2.0
end temperature: 0.3 noise parameter: 2.0
********************Start from stage I
Step 400, BEST PSNR: 24.249287, Total loss 0.289926 with its rate 0.1426466703414917 latent_bits 74787.9375

🔁 Stage-1 Training Candidate 6/7
Quantizer parameter: encoding gain  16
total pixel: 524288
Get Mod with shape torch.Size([1, 1, 8, 16]) at layer: 1
Get Mod with shape torch.Size([1, 1, 16, 32]) at layer: 2
Get Mod with shape torch.Size([1, 1, 32, 64]) at layer: 3
Get Mod with shape torch.Size([1, 1, 64, 128]) at layer: 4
Get Mod with shape torch.Size([1, 1, 128, 256]) at layer: 5
Get Mod with shape torch.Size([1, 1, 256, 512]) at layer: 6
Get Mod with shape torch.Size([1, 1, 512, 1024]) at layer: 7
start temperature: 0.3 noise parameter: 2.0
end temperature: 0.3 noise parameter: 2.0
********************Start from stage I
Step 400, BEST PSNR: 24.991850, Total loss 0.284745 with its rate 0.1435026228427887 latent_bits 75236.703125

🔁 Stage-1 Training Candidate 7/7
Quantizer parameter: encoding gain  16
total pixel: 524288
Get Mod with shape torch.Size([1, 1, 8, 16]) at layer: 1
Get Mod with shape torch.Size([1, 1, 16, 32]) at layer: 2
Get Mod with shape torch.Size([1, 1, 32, 64]) at layer: 3
Get Mod with shape torch.Size([1, 1, 64, 128]) at layer: 4
Get Mod with shape torch.Size([1, 1, 128, 256]) at layer: 5
Get Mod with shape torch.Size([1, 1, 256, 512]) at layer: 6
Get Mod with shape torch.Size([1, 1, 512, 1024]) at layer: 7
start temperature: 0.3 noise parameter: 2.0
end temperature: 0.3 noise parameter: 2.0
********************Start from stage I
Step 400, BEST PSNR: 25.731897, Total loss 0.285292 with its rate 0.14734825491905212 latent_bits 77252.921875

🌟 Selected Top-3 Candidates by RD cost

🎯 Stage-2 Refining Candidate 1/3
start temperature: 0.3 noise parameter: 2.0
end temperature: 0.3 noise parameter: 2.0
********************Start from stage I
Step 400, BEST PSNR: 25.516314, Total loss 0.294155 with its rate 0.1776628941297531 latent_bits 93146.5234375

🎯 Stage-2 Refining Candidate 2/3
start temperature: 0.3 noise parameter: 2.0
end temperature: 0.3 noise parameter: 2.0
********************Start from stage I
Step 400, BEST PSNR: 25.798911, Total loss 0.297036 with its rate 0.17811226844787598 latent_bits 93382.125

🎯 Stage-2 Refining Candidate 3/3
start temperature: 0.3 noise parameter: 2.0
end temperature: 0.3 noise parameter: 2.0
********************Start from stage I
Step 400, BEST PSNR: 25.619811, Total loss 0.302101 with its rate 0.1787896752357483 latent_bits 93737.28125

🏆 Best Candidate Final PSNR: 25.52, Rate: 0.1777
Masked_INR(
  (upsampling_2d): Upsampling(
    (conv_transpose2d): UpsamplingConvTranspose2d()
  )
  (arm): Arm(
    (mlp): Sequential(
      (0): ArmConv(
        (conv1_1): Conv1d(16, 16, kernel_size=(1,), stride=(1,))
      )
      (1): GELU(approximate='none')
      (2): ArmConv(
        (conv1_1): Conv1d(16, 16, kernel_size=(1,), stride=(1,))
      )
      (3): GELU(approximate='none')
      (4): ArmConv(
        (conv1_1): Conv1d(16, 2, kernel_size=(1,), stride=(1,))
      )
    )
  )
  (conv_mod): LocalGlobalBlock(
    (net): Sequential(
      (0): SynthesisLayer(
        (pad): Identity()
        (conv_layer): SWHDC(
          (conv): Conv2d(2, 3, kernel_size=(3, 3), stride=(1, 1))
        )
        (non_linearity): GELU(approximate='none')
      )
      (1): SynthesisResidualLayer(
        (pad): ReplicationPad2d((0, 0, 0, 0))
        (conv_layer): Conv2d(3, 3, kernel_size=(1, 1), stride=(1, 1))
        (non_linearity): GELU(approximate='none')
      )
      (2): SynthesisResidualLayer(
        (pad): ReplicationPad2d((0, 0, 0, 0))
        (conv_layer): Conv2d(3, 3, kernel_size=(1, 1), stride=(1, 1))
        (non_linearity): GELU(approximate='none')
      )
      (3): SynthesisResidualLayer(
        (pad): ReplicationPad2d((0, 0, 0, 0))
        (conv_layer): Conv2d(3, 3, kernel_size=(1, 1), stride=(1, 1))
        (non_linearity): Identity()
      )
    )
    (global_net): Sequential(
      (0): SynthesisLayer(
        (pad): Identity()
        (conv_layer): SWHDC(
          (conv): Conv2d(2, 3, kernel_size=(3, 3), stride=(1, 1))
        )
        (non_linearity): GELU(approximate='none')
      )
      (1): SynthesisResidualLayer(
        (pad): ReplicationPad2d((0, 0, 0, 0))
        (conv_layer): Conv2d(3, 3, kernel_size=(1, 1), stride=(1, 1))
        (non_linearity): GELU(approximate='none')
      )
      (2): SynthesisResidualLayer(
        (pad): ReplicationPad2d((0, 0, 0, 0))
        (conv_layer): Conv2d(3, 3, kernel_size=(1, 1), stride=(1, 1))
        (non_linearity): GELU(approximate='none')
      )
      (3): SynthesisResidualLayer(
        (pad): ReplicationPad2d((0, 0, 0, 0))
        (conv_layer): Conv2d(3, 3, kernel_size=(1, 1), stride=(1, 1))
        (non_linearity): Identity()
      )
    )
    (agg_func): Sequential(
      (0): SynthesisLayer(
        (pad): ReplicationPad2d((0, 0, 0, 0))
        (conv_layer): Conv2d(18, 3, kernel_size=(1, 1), stride=(1, 1))
        (non_linearity): GELU(approximate='none')
      )
      (1): SynthesisLayer(
        (pad): ReplicationPad2d((0, 0, 0, 0))
        (conv_layer): Conv2d(21, 3, kernel_size=(1, 1), stride=(1, 1))
        (non_linearity): GELU(approximate='none')
      )
      (2): SynthesisLayer(
        (pad): ReplicationPad2d((0, 0, 0, 0))
        (conv_layer): Conv2d(24, 3, kernel_size=(1, 1), stride=(1, 1))
        (non_linearity): GELU(approximate='none')
      )
    )
    (full_net): Sequential(
      (0): SynthesisLayer(
        (pad): ReplicationPad2d((0, 0, 0, 0))
        (conv_layer): Conv2d(7, 12, kernel_size=(1, 1), stride=(1, 1))
        (non_linearity): GELU(approximate='none')
      )
      (1): SynthesisLayer(
        (pad): ReplicationPad2d((0, 0, 0, 0))
        (conv_layer): Conv2d(12, 3, kernel_size=(1, 1), stride=(1, 1))
        (non_linearity): GELU(approximate='none')
      )
      (2): SynthesisResidualLayer(
        (conv_layer): Conv2d(3, 3, kernel_size=(3, 3), stride=(1, 1))
        (non_linearity): GELU(approximate='none')
      )
      (3): SynthesisResidualLayer(
        (conv_layer): Conv2d(3, 3, kernel_size=(3, 3), stride=(1, 1))
        (non_linearity): GELU(approximate='none')
      )
    )
  )
  (modulation_sf): ParameterList(
      (0): Parameter containing: [torch.float32 of size 1x1x8x16 (cuda:0)]
      (1): Parameter containing: [torch.float32 of size 1x1x16x32 (cuda:0)]
      (2): Parameter containing: [torch.float32 of size 1x1x32x64 (cuda:0)]
      (3): Parameter containing: [torch.float32 of size 1x1x64x128 (cuda:0)]
      (4): Parameter containing: [torch.float32 of size 1x1x128x256 (cuda:0)]
      (5): Parameter containing: [torch.float32 of size 1x1x256x512 (cuda:0)]
      (6): Parameter containing: [torch.float32 of size 1x1x512x1024 (cuda:0)]
  )
)
train the 13 -th image
start temperature: 0.3 noise parameter: 2.0
end temperature: 0.1 noise parameter: 1.0
********************Start from stage I
********************going into stage II
eval_object_psnr: 33.76924376229602
eval_background_psnr: 27.667042651409627
eval_background_psnr: 27.667042651409627
********************Evaluation the Image 13-th, after Step 999, BEST PSNR: 26.697534, Print rate 0.079749. *************************
Saved model at ./saved/modbase_7/context_16_arm_mod_16/sparity_0.0/inr_mod_16KODAK_ROI_Global_new_struture_7_12_3_33_orderconcat_operator_0_pw_0.8_img_object13.pth
Trained the image with PSNR: 26.69753357879426  latent bits 0.0797487199306488 latent bits number 41811.296875
[26.26667153969039, 25.99057383617314, 26.28984751399874, 22.947318639606546, 24.29441434572143, 24.13140701196215, 26.564282149928285, 27.594175708404567, 27.185075567101137, 27.085246870301955, 26.676181294648444, 26.362167343962373, 27.19113515385744, 26.69753357879426]
[0.10971970856189728, 0.10732713341712952, 0.11180776357650757, 0.19319993257522583, 0.1766223907470703, 0.1677476167678833, 0.08303212374448776, 0.07987571507692337, 0.08553820103406906, 0.10399775207042694, 0.1113455593585968, 0.12303438782691956, 0.07939546555280685, 0.0797487199306488]
[57524.7265625, 56270.328125, 58619.46875, 101292.40625, 92601.0, 87948.0625, 43532.74609375, 41877.87890625, 44846.65234375, 54524.7734375, 58377.140625, 64505.453125, 41626.08984375, 41811.296875]
load the model: ./saved/modbase_7/context_16_arm_mod_16/sparity_0.0/inr_mod_16KODAK_ROI_Global_new_struture_7_12_3_33_orderconcat_operator_0_pw_0.8_img_object13.pth for the  13 -th image
********************Evalutation with quantization
********************Starting quantizing models
eval_object_psnr: 30.90080680423564
full_image_psnr: 24.76948801016424
object_psnr: 30.90080680423564
background_psnr: 26.02577148468134
********************Evaluation the Image 13-th, BEST PSNR: 24.769488, Print rate 0.081427, Network rate 0.014013. *************************
eval_wsssim: 0.824629
Decoded image saved to ./experiments/vcip_wssim_tunado_diegoPC/decoded_images/othim14_maskerp_wsmse0_swhdc1_erp1_lambda0.8.png
Evaluate the image: PSNR: 24.76948801016424 All bits: 0.09543980658054352  latent bits: 0.08142651617527008  network bits: 0.014013290405273438
Evaluate arm network bits: 0.0068416595458984375 Evaluate synthesis network bits: 0.006710052490234375
Image All bits num: 50037.9453125 latent bits num: 42690.9453125 mlp bits num: 7347.0 border bits num:
arm bits num: 3587.0 synthesis bits num: 3518.0
[25.725005229269772, 25.084490369571522, 26.126108564653624, 22.74168690510335, 23.87970493444533, 23.496738437492905, 25.208951654408963, 25.77196140367265, 26.052715971668807, 26.672117971893368, 25.43757771009635, 25.10468872503732, 26.728425483544964, 24.76948801016424]
[0.12852253019809723, 0.12484615296125412, 0.13026711344718933, 0.21137559413909912, 0.19534045457839966, 0.18472929298877716, 0.09931357949972153, 0.09671350568532944, 0.10299995541572571, 0.12199412286281586, 0.1287393867969513, 0.13995394855737686, 0.09796439111232758, 0.09543980658054352]
[67382.8203125, 65455.33984375, 68297.484375, 110821.6875, 102414.65625, 96851.3515625, 52068.91796875, 50705.73046875, 54001.640625, 63960.0546875, 67496.515625, 73376.17578125, 51361.5546875, 50037.9453125]
Metrics saved to ./experiments/vcip_wssim_tunado_diegoPC/results.csv
Current eval Ave PSNR: 25.199975812215943 Ave Bits 0.13272855963025773
Namespace(batch_size=1, lr=0.01, data='../data', sparsity=0.0, local_upsampling_kernel_size=8, upsampling_kernel_size=8, static_upsampling_kernel=False, latent_factor=1, mod_base=7, highest_flag=1, context_arm=16, dim_arm_mod=16, use_candidate=True, type='other', mod_hid_layer=0, sythesis_features=12, hidden_features=64, hidden_layer=2, scale=1, lambda_rate=0.8, lambda_rate_list=[0.4, 0.8], start_index=0, mask_type='erp', wsmse_tag=0, swhdc_tag=1, swhdc_dilations=[1, 2, 3, 4], erp_padding=1, workdir='./experiments/vcip_wssim_tunado_diegoPC', train_steps_1=5000, train_steps_2=1000, loss_type='combined', lambda_dist=0.0, lambda_percep=1.0, patch_h=512, patch_w=1024, all_pix_num=524288, eval_pix_num=524288)
Directory './saved/modbase_7/context_16_arm_mod_16' already exists.
Directory './saved/modbase_7/context_16_arm_mod_16/sparity_0.0' already exists.
top %: 0.0

🔁 Stage-1 Training Candidate 1/7
Quantizer parameter: encoding gain  16
total pixel: 524288
Get Mod with shape torch.Size([1, 1, 8, 16]) at layer: 1
Get Mod with shape torch.Size([1, 1, 16, 32]) at layer: 2
Get Mod with shape torch.Size([1, 1, 32, 64]) at layer: 3
Get Mod with shape torch.Size([1, 1, 64, 128]) at layer: 4
Get Mod with shape torch.Size([1, 1, 128, 256]) at layer: 5
Get Mod with shape torch.Size([1, 1, 256, 512]) at layer: 6
Get Mod with shape torch.Size([1, 1, 512, 1024]) at layer: 7
start temperature: 0.3 noise parameter: 2.0
end temperature: 0.3 noise parameter: 2.0
********************Start from stage I
Step 400, BEST PSNR: 25.155175, Total loss 0.284133 with its rate 0.14917409420013428 latent_bits 78210.1875

🔁 Stage-1 Training Candidate 2/7
Quantizer parameter: encoding gain  16
total pixel: 524288
Get Mod with shape torch.Size([1, 1, 8, 16]) at layer: 1
Get Mod with shape torch.Size([1, 1, 16, 32]) at layer: 2
Get Mod with shape torch.Size([1, 1, 32, 64]) at layer: 3
Get Mod with shape torch.Size([1, 1, 64, 128]) at layer: 4
Get Mod with shape torch.Size([1, 1, 128, 256]) at layer: 5
Get Mod with shape torch.Size([1, 1, 256, 512]) at layer: 6
Get Mod with shape torch.Size([1, 1, 512, 1024]) at layer: 7
start temperature: 0.3 noise parameter: 2.0
end temperature: 0.3 noise parameter: 2.0
********************Start from stage I
Step 400, BEST PSNR: 24.880490, Total loss 0.288385 with its rate 0.15213949978351593 latent_bits 79764.9140625

🔁 Stage-1 Training Candidate 3/7
Quantizer parameter: encoding gain  16
total pixel: 524288
Get Mod with shape torch.Size([1, 1, 8, 16]) at layer: 1
Get Mod with shape torch.Size([1, 1, 16, 32]) at layer: 2
Get Mod with shape torch.Size([1, 1, 32, 64]) at layer: 3
Get Mod with shape torch.Size([1, 1, 64, 128]) at layer: 4
Get Mod with shape torch.Size([1, 1, 128, 256]) at layer: 5
Get Mod with shape torch.Size([1, 1, 256, 512]) at layer: 6
Get Mod with shape torch.Size([1, 1, 512, 1024]) at layer: 7
start temperature: 0.3 noise parameter: 2.0
end temperature: 0.3 noise parameter: 2.0
********************Start from stage I
Step 400, BEST PSNR: 24.974994, Total loss 0.290745 with its rate 0.149662047624588 latent_bits 78466.015625

🔁 Stage-1 Training Candidate 4/7
Quantizer parameter: encoding gain  16
total pixel: 524288
Get Mod with shape torch.Size([1, 1, 8, 16]) at layer: 1
Get Mod with shape torch.Size([1, 1, 16, 32]) at layer: 2
Get Mod with shape torch.Size([1, 1, 32, 64]) at layer: 3
Get Mod with shape torch.Size([1, 1, 64, 128]) at layer: 4
Get Mod with shape torch.Size([1, 1, 128, 256]) at layer: 5
Get Mod with shape torch.Size([1, 1, 256, 512]) at layer: 6
Get Mod with shape torch.Size([1, 1, 512, 1024]) at layer: 7
start temperature: 0.3 noise parameter: 2.0
end temperature: 0.3 noise parameter: 2.0
********************Start from stage I
Step 400, BEST PSNR: 25.411459, Total loss 0.291194 with its rate 0.15430346131324768 latent_bits 80899.453125

🔁 Stage-1 Training Candidate 5/7
Quantizer parameter: encoding gain  16
total pixel: 524288
Get Mod with shape torch.Size([1, 1, 8, 16]) at layer: 1
Get Mod with shape torch.Size([1, 1, 16, 32]) at layer: 2
Get Mod with shape torch.Size([1, 1, 32, 64]) at layer: 3
Get Mod with shape torch.Size([1, 1, 64, 128]) at layer: 4
Get Mod with shape torch.Size([1, 1, 128, 256]) at layer: 5
Get Mod with shape torch.Size([1, 1, 256, 512]) at layer: 6
Get Mod with shape torch.Size([1, 1, 512, 1024]) at layer: 7
start temperature: 0.3 noise parameter: 2.0
end temperature: 0.3 noise parameter: 2.0
********************Start from stage I
Step 400, BEST PSNR: 25.527776, Total loss 0.289417 with its rate 0.15416014194488525 latent_bits 80824.3125

🔁 Stage-1 Training Candidate 6/7
Quantizer parameter: encoding gain  16
total pixel: 524288
Get Mod with shape torch.Size([1, 1, 8, 16]) at layer: 1
Get Mod with shape torch.Size([1, 1, 16, 32]) at layer: 2
Get Mod with shape torch.Size([1, 1, 32, 64]) at layer: 3
Get Mod with shape torch.Size([1, 1, 64, 128]) at layer: 4
Get Mod with shape torch.Size([1, 1, 128, 256]) at layer: 5
Get Mod with shape torch.Size([1, 1, 256, 512]) at layer: 6
Get Mod with shape torch.Size([1, 1, 512, 1024]) at layer: 7
start temperature: 0.3 noise parameter: 2.0
end temperature: 0.3 noise parameter: 2.0
********************Start from stage I
Step 400, BEST PSNR: 23.889506, Total loss 0.286173 with its rate 0.14098817110061646 latent_bits 73918.40625

🔁 Stage-1 Training Candidate 7/7
Quantizer parameter: encoding gain  16
total pixel: 524288
Get Mod with shape torch.Size([1, 1, 8, 16]) at layer: 1
Get Mod with shape torch.Size([1, 1, 16, 32]) at layer: 2
Get Mod with shape torch.Size([1, 1, 32, 64]) at layer: 3
Get Mod with shape torch.Size([1, 1, 64, 128]) at layer: 4
Get Mod with shape torch.Size([1, 1, 128, 256]) at layer: 5
Get Mod with shape torch.Size([1, 1, 256, 512]) at layer: 6
Get Mod with shape torch.Size([1, 1, 512, 1024]) at layer: 7
start temperature: 0.3 noise parameter: 2.0
end temperature: 0.3 noise parameter: 2.0
********************Start from stage I
Step 400, BEST PSNR: 25.143802, Total loss 0.291725 with its rate 0.14315670728683472 latent_bits 75055.34375

🌟 Selected Top-3 Candidates by RD cost

🎯 Stage-2 Refining Candidate 1/3
start temperature: 0.3 noise parameter: 2.0
end temperature: 0.3 noise parameter: 2.0
********************Start from stage I
Step 400, BEST PSNR: 26.190218, Total loss 0.298321 with its rate 0.1799980103969574 latent_bits 94370.796875

🎯 Stage-2 Refining Candidate 2/3
start temperature: 0.3 noise parameter: 2.0
end temperature: 0.3 noise parameter: 2.0
********************Start from stage I
Step 400, BEST PSNR: 25.232739, Total loss 0.302658 with its rate 0.18431693315505981 latent_bits 96635.15625

🎯 Stage-2 Refining Candidate 3/3
start temperature: 0.3 noise parameter: 2.0
end temperature: 0.3 noise parameter: 2.0
********************Start from stage I
Step 400, BEST PSNR: 26.055816, Total loss 0.298800 with its rate 0.18340788781642914 latent_bits 96158.5546875

🏆 Best Candidate Final PSNR: 26.19, Rate: 0.1800
Masked_INR(
  (upsampling_2d): Upsampling(
    (conv_transpose2d): UpsamplingConvTranspose2d()
  )
  (arm): Arm(
    (mlp): Sequential(
      (0): ArmConv(
        (conv1_1): Conv1d(16, 16, kernel_size=(1,), stride=(1,))
      )
      (1): GELU(approximate='none')
      (2): ArmConv(
        (conv1_1): Conv1d(16, 16, kernel_size=(1,), stride=(1,))
      )
      (3): GELU(approximate='none')
      (4): ArmConv(
        (conv1_1): Conv1d(16, 2, kernel_size=(1,), stride=(1,))
      )
    )
  )
  (conv_mod): LocalGlobalBlock(
    (net): Sequential(
      (0): SynthesisLayer(
        (pad): Identity()
        (conv_layer): SWHDC(
          (conv): Conv2d(2, 3, kernel_size=(3, 3), stride=(1, 1))
        )
        (non_linearity): GELU(approximate='none')
      )
      (1): SynthesisResidualLayer(
        (pad): ReplicationPad2d((0, 0, 0, 0))
        (conv_layer): Conv2d(3, 3, kernel_size=(1, 1), stride=(1, 1))
        (non_linearity): GELU(approximate='none')
      )
      (2): SynthesisResidualLayer(
        (pad): ReplicationPad2d((0, 0, 0, 0))
        (conv_layer): Conv2d(3, 3, kernel_size=(1, 1), stride=(1, 1))
        (non_linearity): GELU(approximate='none')
      )
      (3): SynthesisResidualLayer(
        (pad): ReplicationPad2d((0, 0, 0, 0))
        (conv_layer): Conv2d(3, 3, kernel_size=(1, 1), stride=(1, 1))
        (non_linearity): Identity()
      )
    )
    (global_net): Sequential(
      (0): SynthesisLayer(
        (pad): Identity()
        (conv_layer): SWHDC(
          (conv): Conv2d(2, 3, kernel_size=(3, 3), stride=(1, 1))
        )
        (non_linearity): GELU(approximate='none')
      )
      (1): SynthesisResidualLayer(
        (pad): ReplicationPad2d((0, 0, 0, 0))
        (conv_layer): Conv2d(3, 3, kernel_size=(1, 1), stride=(1, 1))
        (non_linearity): GELU(approximate='none')
      )
      (2): SynthesisResidualLayer(
        (pad): ReplicationPad2d((0, 0, 0, 0))
        (conv_layer): Conv2d(3, 3, kernel_size=(1, 1), stride=(1, 1))
        (non_linearity): GELU(approximate='none')
      )
      (3): SynthesisResidualLayer(
        (pad): ReplicationPad2d((0, 0, 0, 0))
        (conv_layer): Conv2d(3, 3, kernel_size=(1, 1), stride=(1, 1))
        (non_linearity): Identity()
      )
    )
    (agg_func): Sequential(
      (0): SynthesisLayer(
        (pad): ReplicationPad2d((0, 0, 0, 0))
        (conv_layer): Conv2d(18, 3, kernel_size=(1, 1), stride=(1, 1))
        (non_linearity): GELU(approximate='none')
      )
      (1): SynthesisLayer(
        (pad): ReplicationPad2d((0, 0, 0, 0))
        (conv_layer): Conv2d(21, 3, kernel_size=(1, 1), stride=(1, 1))
        (non_linearity): GELU(approximate='none')
      )
      (2): SynthesisLayer(
        (pad): ReplicationPad2d((0, 0, 0, 0))
        (conv_layer): Conv2d(24, 3, kernel_size=(1, 1), stride=(1, 1))
        (non_linearity): GELU(approximate='none')
      )
    )
    (full_net): Sequential(
      (0): SynthesisLayer(
        (pad): ReplicationPad2d((0, 0, 0, 0))
        (conv_layer): Conv2d(7, 12, kernel_size=(1, 1), stride=(1, 1))
        (non_linearity): GELU(approximate='none')
      )
      (1): SynthesisLayer(
        (pad): ReplicationPad2d((0, 0, 0, 0))
        (conv_layer): Conv2d(12, 3, kernel_size=(1, 1), stride=(1, 1))
        (non_linearity): GELU(approximate='none')
      )
      (2): SynthesisResidualLayer(
        (conv_layer): Conv2d(3, 3, kernel_size=(3, 3), stride=(1, 1))
        (non_linearity): GELU(approximate='none')
      )
      (3): SynthesisResidualLayer(
        (conv_layer): Conv2d(3, 3, kernel_size=(3, 3), stride=(1, 1))
        (non_linearity): GELU(approximate='none')
      )
    )
  )
  (modulation_sf): ParameterList(
      (0): Parameter containing: [torch.float32 of size 1x1x8x16 (cuda:0)]
      (1): Parameter containing: [torch.float32 of size 1x1x16x32 (cuda:0)]
      (2): Parameter containing: [torch.float32 of size 1x1x32x64 (cuda:0)]
      (3): Parameter containing: [torch.float32 of size 1x1x64x128 (cuda:0)]
      (4): Parameter containing: [torch.float32 of size 1x1x128x256 (cuda:0)]
      (5): Parameter containing: [torch.float32 of size 1x1x256x512 (cuda:0)]
      (6): Parameter containing: [torch.float32 of size 1x1x512x1024 (cuda:0)]
  )
)
train the 14 -th image
start temperature: 0.3 noise parameter: 2.0
end temperature: 0.1 noise parameter: 1.0
********************Start from stage I
********************going into stage II
eval_object_psnr: 35.28970755538548
eval_background_psnr: 28.080214020061486
eval_background_psnr: 28.080214020061486
********************Evaluation the Image 14-th, after Step 999, BEST PSNR: 27.322924, Print rate 0.081322. *************************
Saved model at ./saved/modbase_7/context_16_arm_mod_16/sparity_0.0/inr_mod_16KODAK_ROI_Global_new_struture_7_12_3_33_orderconcat_operator_0_pw_0.8_img_object14.pth
Trained the image with PSNR: 27.322924083639382  latent bits 0.08132244646549225 latent bits number 42636.3828125
[26.26667153969039, 25.99057383617314, 26.28984751399874, 22.947318639606546, 24.29441434572143, 24.13140701196215, 26.564282149928285, 27.594175708404567, 27.185075567101137, 27.085246870301955, 26.676181294648444, 26.362167343962373, 27.19113515385744, 26.69753357879426, 27.322924083639382]
[0.10971970856189728, 0.10732713341712952, 0.11180776357650757, 0.19319993257522583, 0.1766223907470703, 0.1677476167678833, 0.08303212374448776, 0.07987571507692337, 0.08553820103406906, 0.10399775207042694, 0.1113455593585968, 0.12303438782691956, 0.07939546555280685, 0.0797487199306488, 0.08132244646549225]
[57524.7265625, 56270.328125, 58619.46875, 101292.40625, 92601.0, 87948.0625, 43532.74609375, 41877.87890625, 44846.65234375, 54524.7734375, 58377.140625, 64505.453125, 41626.08984375, 41811.296875, 42636.3828125]
load the model: ./saved/modbase_7/context_16_arm_mod_16/sparity_0.0/inr_mod_16KODAK_ROI_Global_new_struture_7_12_3_33_orderconcat_operator_0_pw_0.8_img_object14.pth for the  14 -th image
********************Evalutation with quantization
********************Starting quantizing models
eval_object_psnr: 32.76824103948371
full_image_psnr: 26.038130375350335
object_psnr: 32.76824103948371
background_psnr: 27.124376381879305
********************Evaluation the Image 14-th, BEST PSNR: 26.038130, Print rate 0.082110, Network rate 0.016359. *************************
eval_wsssim: 0.849980
Decoded image saved to ./experiments/vcip_wssim_tunado_diegoPC/decoded_images/othim15_maskerp_wsmse0_swhdc1_erp1_lambda0.8.png
Evaluate the image: PSNR: 26.038130375350335 All bits: 0.09846967458724976  latent bits: 0.08211034536361694  network bits: 0.016359329223632812
Evaluate arm network bits: 0.007892608642578125 Evaluate synthesis network bits: 0.007867813110351562
Image All bits num: 51626.46875 latent bits num: 43049.46875 mlp bits num: 8577.0 border bits num:
arm bits num: 4138.0 synthesis bits num: 4125.0
[25.725005229269772, 25.084490369571522, 26.126108564653624, 22.74168690510335, 23.87970493444533, 23.496738437492905, 25.208951654408963, 25.77196140367265, 26.052715971668807, 26.672117971893368, 25.43757771009635, 25.10468872503732, 26.728425483544964, 24.76948801016424, 26.038130375350335]
[0.12852253019809723, 0.12484615296125412, 0.13026711344718933, 0.21137559413909912, 0.19534045457839966, 0.18472929298877716, 0.09931357949972153, 0.09671350568532944, 0.10299995541572571, 0.12199412286281586, 0.1287393867969513, 0.13995394855737686, 0.09796439111232758, 0.09543980658054352, 0.09846967458724976]
[67382.8203125, 65455.33984375, 68297.484375, 110821.6875, 102414.65625, 96851.3515625, 52068.91796875, 50705.73046875, 54001.640625, 63960.0546875, 67496.515625, 73376.17578125, 51361.5546875, 50037.9453125, 51626.46875]
Metrics saved to ./experiments/vcip_wssim_tunado_diegoPC/results.csv
Current eval Ave PSNR: 25.255852783091573 Ave Bits 0.13044463396072387
Namespace(batch_size=1, lr=0.01, data='../data', sparsity=0.0, local_upsampling_kernel_size=8, upsampling_kernel_size=8, static_upsampling_kernel=False, latent_factor=1, mod_base=7, highest_flag=1, context_arm=16, dim_arm_mod=16, use_candidate=True, type='other', mod_hid_layer=0, sythesis_features=12, hidden_features=64, hidden_layer=2, scale=1, lambda_rate=0.8, lambda_rate_list=[0.4, 0.8], start_index=0, mask_type='erp', wsmse_tag=0, swhdc_tag=1, swhdc_dilations=[1, 2, 3, 4], erp_padding=1, workdir='./experiments/vcip_wssim_tunado_diegoPC', train_steps_1=5000, train_steps_2=1000, loss_type='combined', lambda_dist=0.0, lambda_percep=1.0, patch_h=512, patch_w=1024, all_pix_num=524288, eval_pix_num=524288)
Directory './saved/modbase_7/context_16_arm_mod_16' already exists.
Directory './saved/modbase_7/context_16_arm_mod_16/sparity_0.0' already exists.
top %: 0.0

🔁 Stage-1 Training Candidate 1/7
Quantizer parameter: encoding gain  16
total pixel: 524288
Get Mod with shape torch.Size([1, 1, 8, 16]) at layer: 1
Get Mod with shape torch.Size([1, 1, 16, 32]) at layer: 2
Get Mod with shape torch.Size([1, 1, 32, 64]) at layer: 3
Get Mod with shape torch.Size([1, 1, 64, 128]) at layer: 4
Get Mod with shape torch.Size([1, 1, 128, 256]) at layer: 5
Get Mod with shape torch.Size([1, 1, 256, 512]) at layer: 6
Get Mod with shape torch.Size([1, 1, 512, 1024]) at layer: 7
start temperature: 0.3 noise parameter: 2.0
end temperature: 0.3 noise parameter: 2.0
********************Start from stage I
Step 400, BEST PSNR: 25.648286, Total loss 0.247089 with its rate 0.13194434344768524 latent_bits 69176.8359375

🔁 Stage-1 Training Candidate 2/7
Quantizer parameter: encoding gain  16
total pixel: 524288
Get Mod with shape torch.Size([1, 1, 8, 16]) at layer: 1
Get Mod with shape torch.Size([1, 1, 16, 32]) at layer: 2
Get Mod with shape torch.Size([1, 1, 32, 64]) at layer: 3
Get Mod with shape torch.Size([1, 1, 64, 128]) at layer: 4
Get Mod with shape torch.Size([1, 1, 128, 256]) at layer: 5
Get Mod with shape torch.Size([1, 1, 256, 512]) at layer: 6
Get Mod with shape torch.Size([1, 1, 512, 1024]) at layer: 7
start temperature: 0.3 noise parameter: 2.0
end temperature: 0.3 noise parameter: 2.0
********************Start from stage I
Step 400, BEST PSNR: 24.980937, Total loss 0.253537 with its rate 0.1350570023059845 latent_bits 70808.765625

🔁 Stage-1 Training Candidate 3/7
Quantizer parameter: encoding gain  16
total pixel: 524288
Get Mod with shape torch.Size([1, 1, 8, 16]) at layer: 1
Get Mod with shape torch.Size([1, 1, 16, 32]) at layer: 2
Get Mod with shape torch.Size([1, 1, 32, 64]) at layer: 3
Get Mod with shape torch.Size([1, 1, 64, 128]) at layer: 4
Get Mod with shape torch.Size([1, 1, 128, 256]) at layer: 5
Get Mod with shape torch.Size([1, 1, 256, 512]) at layer: 6
Get Mod with shape torch.Size([1, 1, 512, 1024]) at layer: 7
start temperature: 0.3 noise parameter: 2.0
end temperature: 0.3 noise parameter: 2.0
********************Start from stage I
Step 400, BEST PSNR: 25.484003, Total loss 0.259561 with its rate 0.149385005235672 latent_bits 78320.765625

🔁 Stage-1 Training Candidate 4/7
Quantizer parameter: encoding gain  16
total pixel: 524288
Get Mod with shape torch.Size([1, 1, 8, 16]) at layer: 1
Get Mod with shape torch.Size([1, 1, 16, 32]) at layer: 2
Get Mod with shape torch.Size([1, 1, 32, 64]) at layer: 3
Get Mod with shape torch.Size([1, 1, 64, 128]) at layer: 4
Get Mod with shape torch.Size([1, 1, 128, 256]) at layer: 5
Get Mod with shape torch.Size([1, 1, 256, 512]) at layer: 6
Get Mod with shape torch.Size([1, 1, 512, 1024]) at layer: 7
start temperature: 0.3 noise parameter: 2.0
end temperature: 0.3 noise parameter: 2.0
********************Start from stage I
Step 400, BEST PSNR: 25.304071, Total loss 0.259238 with its rate 0.14423868060112 latent_bits 75622.609375

🔁 Stage-1 Training Candidate 5/7
Quantizer parameter: encoding gain  16
total pixel: 524288
Get Mod with shape torch.Size([1, 1, 8, 16]) at layer: 1
Get Mod with shape torch.Size([1, 1, 16, 32]) at layer: 2
Get Mod with shape torch.Size([1, 1, 32, 64]) at layer: 3
Get Mod with shape torch.Size([1, 1, 64, 128]) at layer: 4
Get Mod with shape torch.Size([1, 1, 128, 256]) at layer: 5
Get Mod with shape torch.Size([1, 1, 256, 512]) at layer: 6
Get Mod with shape torch.Size([1, 1, 512, 1024]) at layer: 7
start temperature: 0.3 noise parameter: 2.0
end temperature: 0.3 noise parameter: 2.0
********************Start from stage I
Step 400, BEST PSNR: 25.118316, Total loss 0.261869 with its rate 0.14261655509471893 latent_bits 74772.1484375

🔁 Stage-1 Training Candidate 6/7
Quantizer parameter: encoding gain  16
total pixel: 524288
Get Mod with shape torch.Size([1, 1, 8, 16]) at layer: 1
Get Mod with shape torch.Size([1, 1, 16, 32]) at layer: 2
Get Mod with shape torch.Size([1, 1, 32, 64]) at layer: 3
Get Mod with shape torch.Size([1, 1, 64, 128]) at layer: 4
Get Mod with shape torch.Size([1, 1, 128, 256]) at layer: 5
Get Mod with shape torch.Size([1, 1, 256, 512]) at layer: 6
Get Mod with shape torch.Size([1, 1, 512, 1024]) at layer: 7
start temperature: 0.3 noise parameter: 2.0
end temperature: 0.3 noise parameter: 2.0
********************Start from stage I
Step 400, BEST PSNR: 25.277682, Total loss 0.265585 with its rate 0.1435580998659134 latent_bits 75265.7890625

🔁 Stage-1 Training Candidate 7/7
Quantizer parameter: encoding gain  16
total pixel: 524288
Get Mod with shape torch.Size([1, 1, 8, 16]) at layer: 1
Get Mod with shape torch.Size([1, 1, 16, 32]) at layer: 2
Get Mod with shape torch.Size([1, 1, 32, 64]) at layer: 3
Get Mod with shape torch.Size([1, 1, 64, 128]) at layer: 4
Get Mod with shape torch.Size([1, 1, 128, 256]) at layer: 5
Get Mod with shape torch.Size([1, 1, 256, 512]) at layer: 6
Get Mod with shape torch.Size([1, 1, 512, 1024]) at layer: 7
start temperature: 0.3 noise parameter: 2.0
end temperature: 0.3 noise parameter: 2.0
********************Start from stage I
Step 400, BEST PSNR: 24.910852, Total loss 0.262347 with its rate 0.14246994256973267 latent_bits 74695.28125

🌟 Selected Top-3 Candidates by RD cost

🎯 Stage-2 Refining Candidate 1/3
start temperature: 0.3 noise parameter: 2.0
end temperature: 0.3 noise parameter: 2.0
********************Start from stage I
Step 400, BEST PSNR: 26.760208, Total loss 0.270990 with its rate 0.17645162343978882 latent_bits 92511.46875

🎯 Stage-2 Refining Candidate 2/3
start temperature: 0.3 noise parameter: 2.0
end temperature: 0.3 noise parameter: 2.0
********************Start from stage I
Step 400, BEST PSNR: 25.648302, Total loss 0.274778 with its rate 0.17695941030979156 latent_bits 92777.6953125

🎯 Stage-2 Refining Candidate 3/3
start temperature: 0.3 noise parameter: 2.0
end temperature: 0.3 noise parameter: 2.0
********************Start from stage I
Step 400, BEST PSNR: 26.224833, Total loss 0.270766 with its rate 0.1733866184949875 latent_bits 90904.5234375

🏆 Best Candidate Final PSNR: 26.22, Rate: 0.1734
Masked_INR(
  (upsampling_2d): Upsampling(
    (conv_transpose2d): UpsamplingConvTranspose2d()
  )
  (arm): Arm(
    (mlp): Sequential(
      (0): ArmConv(
        (conv1_1): Conv1d(16, 16, kernel_size=(1,), stride=(1,))
      )
      (1): GELU(approximate='none')
      (2): ArmConv(
        (conv1_1): Conv1d(16, 16, kernel_size=(1,), stride=(1,))
      )
      (3): GELU(approximate='none')
      (4): ArmConv(
        (conv1_1): Conv1d(16, 2, kernel_size=(1,), stride=(1,))
      )
    )
  )
  (conv_mod): LocalGlobalBlock(
    (net): Sequential(
      (0): SynthesisLayer(
        (pad): Identity()
        (conv_layer): SWHDC(
          (conv): Conv2d(2, 3, kernel_size=(3, 3), stride=(1, 1))
        )
        (non_linearity): GELU(approximate='none')
      )
      (1): SynthesisResidualLayer(
        (pad): ReplicationPad2d((0, 0, 0, 0))
        (conv_layer): Conv2d(3, 3, kernel_size=(1, 1), stride=(1, 1))
        (non_linearity): GELU(approximate='none')
      )
      (2): SynthesisResidualLayer(
        (pad): ReplicationPad2d((0, 0, 0, 0))
        (conv_layer): Conv2d(3, 3, kernel_size=(1, 1), stride=(1, 1))
        (non_linearity): GELU(approximate='none')
      )
      (3): SynthesisResidualLayer(
        (pad): ReplicationPad2d((0, 0, 0, 0))
        (conv_layer): Conv2d(3, 3, kernel_size=(1, 1), stride=(1, 1))
        (non_linearity): Identity()
      )
    )
    (global_net): Sequential(
      (0): SynthesisLayer(
        (pad): Identity()
        (conv_layer): SWHDC(
          (conv): Conv2d(2, 3, kernel_size=(3, 3), stride=(1, 1))
        )
        (non_linearity): GELU(approximate='none')
      )
      (1): SynthesisResidualLayer(
        (pad): ReplicationPad2d((0, 0, 0, 0))
        (conv_layer): Conv2d(3, 3, kernel_size=(1, 1), stride=(1, 1))
        (non_linearity): GELU(approximate='none')
      )
      (2): SynthesisResidualLayer(
        (pad): ReplicationPad2d((0, 0, 0, 0))
        (conv_layer): Conv2d(3, 3, kernel_size=(1, 1), stride=(1, 1))
        (non_linearity): GELU(approximate='none')
      )
      (3): SynthesisResidualLayer(
        (pad): ReplicationPad2d((0, 0, 0, 0))
        (conv_layer): Conv2d(3, 3, kernel_size=(1, 1), stride=(1, 1))
        (non_linearity): Identity()
      )
    )
    (agg_func): Sequential(
      (0): SynthesisLayer(
        (pad): ReplicationPad2d((0, 0, 0, 0))
        (conv_layer): Conv2d(18, 3, kernel_size=(1, 1), stride=(1, 1))
        (non_linearity): GELU(approximate='none')
      )
      (1): SynthesisLayer(
        (pad): ReplicationPad2d((0, 0, 0, 0))
        (conv_layer): Conv2d(21, 3, kernel_size=(1, 1), stride=(1, 1))
        (non_linearity): GELU(approximate='none')
      )
      (2): SynthesisLayer(
        (pad): ReplicationPad2d((0, 0, 0, 0))
        (conv_layer): Conv2d(24, 3, kernel_size=(1, 1), stride=(1, 1))
        (non_linearity): GELU(approximate='none')
      )
    )
    (full_net): Sequential(
      (0): SynthesisLayer(
        (pad): ReplicationPad2d((0, 0, 0, 0))
        (conv_layer): Conv2d(7, 12, kernel_size=(1, 1), stride=(1, 1))
        (non_linearity): GELU(approximate='none')
      )
      (1): SynthesisLayer(
        (pad): ReplicationPad2d((0, 0, 0, 0))
        (conv_layer): Conv2d(12, 3, kernel_size=(1, 1), stride=(1, 1))
        (non_linearity): GELU(approximate='none')
      )
      (2): SynthesisResidualLayer(
        (conv_layer): Conv2d(3, 3, kernel_size=(3, 3), stride=(1, 1))
        (non_linearity): GELU(approximate='none')
      )
      (3): SynthesisResidualLayer(
        (conv_layer): Conv2d(3, 3, kernel_size=(3, 3), stride=(1, 1))
        (non_linearity): GELU(approximate='none')
      )
    )
  )
  (modulation_sf): ParameterList(
      (0): Parameter containing: [torch.float32 of size 1x1x8x16 (cuda:0)]
      (1): Parameter containing: [torch.float32 of size 1x1x16x32 (cuda:0)]
      (2): Parameter containing: [torch.float32 of size 1x1x32x64 (cuda:0)]
      (3): Parameter containing: [torch.float32 of size 1x1x64x128 (cuda:0)]
      (4): Parameter containing: [torch.float32 of size 1x1x128x256 (cuda:0)]
      (5): Parameter containing: [torch.float32 of size 1x1x256x512 (cuda:0)]
      (6): Parameter containing: [torch.float32 of size 1x1x512x1024 (cuda:0)]
  )
)
train the 15 -th image
start temperature: 0.3 noise parameter: 2.0
end temperature: 0.1 noise parameter: 1.0
********************Start from stage I
********************going into stage II
eval_object_psnr: 35.382307892969834
eval_background_psnr: 28.24448354464141
eval_background_psnr: 28.24448354464141
********************Evaluation the Image 15-th, after Step 999, BEST PSNR: 27.475076, Print rate 0.072525. *************************
Saved model at ./saved/modbase_7/context_16_arm_mod_16/sparity_0.0/inr_mod_16KODAK_ROI_Global_new_struture_7_12_3_33_orderconcat_operator_0_pw_0.8_img_object15.pth
Trained the image with PSNR: 27.475075668224196  latent bits 0.07252471148967743 latent bits number 38023.8359375
[26.26667153969039, 25.99057383617314, 26.28984751399874, 22.947318639606546, 24.29441434572143, 24.13140701196215, 26.564282149928285, 27.594175708404567, 27.185075567101137, 27.085246870301955, 26.676181294648444, 26.362167343962373, 27.19113515385744, 26.69753357879426, 27.322924083639382, 27.475075668224196]
[0.10971970856189728, 0.10732713341712952, 0.11180776357650757, 0.19319993257522583, 0.1766223907470703, 0.1677476167678833, 0.08303212374448776, 0.07987571507692337, 0.08553820103406906, 0.10399775207042694, 0.1113455593585968, 0.12303438782691956, 0.07939546555280685, 0.0797487199306488, 0.08132244646549225, 0.07252471148967743]
[57524.7265625, 56270.328125, 58619.46875, 101292.40625, 92601.0, 87948.0625, 43532.74609375, 41877.87890625, 44846.65234375, 54524.7734375, 58377.140625, 64505.453125, 41626.08984375, 41811.296875, 42636.3828125, 38023.8359375]
load the model: ./saved/modbase_7/context_16_arm_mod_16/sparity_0.0/inr_mod_16KODAK_ROI_Global_new_struture_7_12_3_33_orderconcat_operator_0_pw_0.8_img_object15.pth for the  15 -th image
********************Evalutation with quantization
********************Starting quantizing models
eval_object_psnr: 35.18133626723766
full_image_psnr: 26.847126866985548
object_psnr: 35.18133626723766
background_psnr: 27.53997077529014
********************Evaluation the Image 15-th, BEST PSNR: 26.847127, Print rate 0.073474, Network rate 0.016582. *************************
eval_wsssim: 0.876872
Decoded image saved to ./experiments/vcip_wssim_tunado_diegoPC/decoded_images/othim16_maskerp_wsmse0_swhdc1_erp1_lambda0.8.png
Evaluate the image: PSNR: 26.847126866985548 All bits: 0.09005653858184814  latent bits: 0.07347404956817627  network bits: 0.016582489013671875
Evaluate arm network bits: 0.008039474487304688 Evaluate synthesis network bits: 0.007966995239257812
Image All bits num: 47215.5625 latent bits num: 38521.5625 mlp bits num: 8694.0 border bits num:
arm bits num: 4215.0 synthesis bits num: 4177.0
[25.725005229269772, 25.084490369571522, 26.126108564653624, 22.74168690510335, 23.87970493444533, 23.496738437492905, 25.208951654408963, 25.77196140367265, 26.052715971668807, 26.672117971893368, 25.43757771009635, 25.10468872503732, 26.728425483544964, 24.76948801016424, 26.038130375350335, 26.847126866985548]
[0.12852253019809723, 0.12484615296125412, 0.13026711344718933, 0.21137559413909912, 0.19534045457839966, 0.18472929298877716, 0.09931357949972153, 0.09671350568532944, 0.10299995541572571, 0.12199412286281586, 0.1287393867969513, 0.13995394855737686, 0.09796439111232758, 0.09543980658054352, 0.09846967458724976, 0.09005653858184814]
[67382.8203125, 65455.33984375, 68297.484375, 110821.6875, 102414.65625, 96851.3515625, 52068.91796875, 50705.73046875, 54001.640625, 63960.0546875, 67496.515625, 73376.17578125, 51361.5546875, 50037.9453125, 51626.46875, 47215.5625]
Metrics saved to ./experiments/vcip_wssim_tunado_diegoPC/results.csv
Current eval Ave PSNR: 25.35530741333494 Ave Bits 0.12792037799954414
Namespace(batch_size=1, lr=0.01, data='../data', sparsity=0.0, local_upsampling_kernel_size=8, upsampling_kernel_size=8, static_upsampling_kernel=False, latent_factor=1, mod_base=7, highest_flag=1, context_arm=16, dim_arm_mod=16, use_candidate=True, type='other', mod_hid_layer=0, sythesis_features=12, hidden_features=64, hidden_layer=2, scale=1, lambda_rate=0.8, lambda_rate_list=[0.4, 0.8], start_index=0, mask_type='erp', wsmse_tag=0, swhdc_tag=1, swhdc_dilations=[1, 2, 3, 4], erp_padding=1, workdir='./experiments/vcip_wssim_tunado_diegoPC', train_steps_1=5000, train_steps_2=1000, loss_type='combined', lambda_dist=0.0, lambda_percep=1.0, patch_h=512, patch_w=1024, all_pix_num=524288, eval_pix_num=524288)
Directory './saved/modbase_7/context_16_arm_mod_16' already exists.
Directory './saved/modbase_7/context_16_arm_mod_16/sparity_0.0' already exists.
top %: 0.0

🔁 Stage-1 Training Candidate 1/7
Quantizer parameter: encoding gain  16
total pixel: 524288
Get Mod with shape torch.Size([1, 1, 8, 16]) at layer: 1
Get Mod with shape torch.Size([1, 1, 16, 32]) at layer: 2
Get Mod with shape torch.Size([1, 1, 32, 64]) at layer: 3
Get Mod with shape torch.Size([1, 1, 64, 128]) at layer: 4
Get Mod with shape torch.Size([1, 1, 128, 256]) at layer: 5
Get Mod with shape torch.Size([1, 1, 256, 512]) at layer: 6
Get Mod with shape torch.Size([1, 1, 512, 1024]) at layer: 7
start temperature: 0.3 noise parameter: 2.0
end temperature: 0.3 noise parameter: 2.0
********************Start from stage I
Step 400, BEST PSNR: 25.956771, Total loss 0.266014 with its rate 0.1514892727136612 latent_bits 79424.0078125

🔁 Stage-1 Training Candidate 2/7
Quantizer parameter: encoding gain  16
total pixel: 524288
Get Mod with shape torch.Size([1, 1, 8, 16]) at layer: 1
Get Mod with shape torch.Size([1, 1, 16, 32]) at layer: 2
Get Mod with shape torch.Size([1, 1, 32, 64]) at layer: 3
Get Mod with shape torch.Size([1, 1, 64, 128]) at layer: 4
Get Mod with shape torch.Size([1, 1, 128, 256]) at layer: 5
Get Mod with shape torch.Size([1, 1, 256, 512]) at layer: 6
Get Mod with shape torch.Size([1, 1, 512, 1024]) at layer: 7
start temperature: 0.3 noise parameter: 2.0
end temperature: 0.3 noise parameter: 2.0
********************Start from stage I
Step 400, BEST PSNR: 25.501276, Total loss 0.253971 with its rate 0.1382463276386261 latent_bits 72480.890625

🔁 Stage-1 Training Candidate 3/7
Quantizer parameter: encoding gain  16
total pixel: 524288
Get Mod with shape torch.Size([1, 1, 8, 16]) at layer: 1
Get Mod with shape torch.Size([1, 1, 16, 32]) at layer: 2
Get Mod with shape torch.Size([1, 1, 32, 64]) at layer: 3
Get Mod with shape torch.Size([1, 1, 64, 128]) at layer: 4
Get Mod with shape torch.Size([1, 1, 128, 256]) at layer: 5
Get Mod with shape torch.Size([1, 1, 256, 512]) at layer: 6
Get Mod with shape torch.Size([1, 1, 512, 1024]) at layer: 7
start temperature: 0.3 noise parameter: 2.0
end temperature: 0.3 noise parameter: 2.0
********************Start from stage I
Step 400, BEST PSNR: 25.437786, Total loss 0.252502 with its rate 0.13387319445610046 latent_bits 70188.109375

🔁 Stage-1 Training Candidate 4/7
Quantizer parameter: encoding gain  16
total pixel: 524288
Get Mod with shape torch.Size([1, 1, 8, 16]) at layer: 1
Get Mod with shape torch.Size([1, 1, 16, 32]) at layer: 2
Get Mod with shape torch.Size([1, 1, 32, 64]) at layer: 3
Get Mod with shape torch.Size([1, 1, 64, 128]) at layer: 4
Get Mod with shape torch.Size([1, 1, 128, 256]) at layer: 5
Get Mod with shape torch.Size([1, 1, 256, 512]) at layer: 6
Get Mod with shape torch.Size([1, 1, 512, 1024]) at layer: 7
start temperature: 0.3 noise parameter: 2.0
end temperature: 0.3 noise parameter: 2.0
********************Start from stage I
Step 400, BEST PSNR: 25.405917, Total loss 0.262457 with its rate 0.1346602439880371 latent_bits 70600.75

🔁 Stage-1 Training Candidate 5/7
Quantizer parameter: encoding gain  16
total pixel: 524288
Get Mod with shape torch.Size([1, 1, 8, 16]) at layer: 1
Get Mod with shape torch.Size([1, 1, 16, 32]) at layer: 2
Get Mod with shape torch.Size([1, 1, 32, 64]) at layer: 3
Get Mod with shape torch.Size([1, 1, 64, 128]) at layer: 4
Get Mod with shape torch.Size([1, 1, 128, 256]) at layer: 5
Get Mod with shape torch.Size([1, 1, 256, 512]) at layer: 6
Get Mod with shape torch.Size([1, 1, 512, 1024]) at layer: 7
start temperature: 0.3 noise parameter: 2.0
end temperature: 0.3 noise parameter: 2.0
********************Start from stage I
Step 400, BEST PSNR: 25.694723, Total loss 0.261567 with its rate 0.13943475484848022 latent_bits 73103.96875

🔁 Stage-1 Training Candidate 6/7
Quantizer parameter: encoding gain  16
total pixel: 524288
Get Mod with shape torch.Size([1, 1, 8, 16]) at layer: 1
Get Mod with shape torch.Size([1, 1, 16, 32]) at layer: 2
Get Mod with shape torch.Size([1, 1, 32, 64]) at layer: 3
Get Mod with shape torch.Size([1, 1, 64, 128]) at layer: 4
Get Mod with shape torch.Size([1, 1, 128, 256]) at layer: 5
Get Mod with shape torch.Size([1, 1, 256, 512]) at layer: 6
Get Mod with shape torch.Size([1, 1, 512, 1024]) at layer: 7
start temperature: 0.3 noise parameter: 2.0
end temperature: 0.3 noise parameter: 2.0
********************Start from stage I
Step 400, BEST PSNR: 25.654339, Total loss 0.261376 with its rate 0.14714676141738892 latent_bits 77147.28125

🔁 Stage-1 Training Candidate 7/7
Quantizer parameter: encoding gain  16
total pixel: 524288
Get Mod with shape torch.Size([1, 1, 8, 16]) at layer: 1
Get Mod with shape torch.Size([1, 1, 16, 32]) at layer: 2
Get Mod with shape torch.Size([1, 1, 32, 64]) at layer: 3
Get Mod with shape torch.Size([1, 1, 64, 128]) at layer: 4
Get Mod with shape torch.Size([1, 1, 128, 256]) at layer: 5
Get Mod with shape torch.Size([1, 1, 256, 512]) at layer: 6
Get Mod with shape torch.Size([1, 1, 512, 1024]) at layer: 7
start temperature: 0.3 noise parameter: 2.0
end temperature: 0.3 noise parameter: 2.0
********************Start from stage I
Step 400, BEST PSNR: 25.645119, Total loss 0.260605 with its rate 0.14116141200065613 latent_bits 74009.234375

🌟 Selected Top-3 Candidates by RD cost

🎯 Stage-2 Refining Candidate 1/3
start temperature: 0.3 noise parameter: 2.0
end temperature: 0.3 noise parameter: 2.0
********************Start from stage I
Step 400, BEST PSNR: 26.360890, Total loss 0.272628 with its rate 0.17406687140464783 latent_bits 91261.171875

🎯 Stage-2 Refining Candidate 2/3
start temperature: 0.3 noise parameter: 2.0
end temperature: 0.3 noise parameter: 2.0
********************Start from stage I
Step 400, BEST PSNR: 26.437678, Total loss 0.269295 with its rate 0.1739424467086792 latent_bits 91195.9375

🎯 Stage-2 Refining Candidate 3/3
start temperature: 0.3 noise parameter: 2.0
end temperature: 0.3 noise parameter: 2.0
********************Start from stage I
Step 400, BEST PSNR: 26.446066, Total loss 0.272448 with its rate 0.173665851354599 latent_bits 91050.921875

🏆 Best Candidate Final PSNR: 26.44, Rate: 0.1739
Masked_INR(
  (upsampling_2d): Upsampling(
    (conv_transpose2d): UpsamplingConvTranspose2d()
  )
  (arm): Arm(
    (mlp): Sequential(
      (0): ArmConv(
        (conv1_1): Conv1d(16, 16, kernel_size=(1,), stride=(1,))
      )
      (1): GELU(approximate='none')
      (2): ArmConv(
        (conv1_1): Conv1d(16, 16, kernel_size=(1,), stride=(1,))
      )
      (3): GELU(approximate='none')
      (4): ArmConv(
        (conv1_1): Conv1d(16, 2, kernel_size=(1,), stride=(1,))
      )
    )
  )
  (conv_mod): LocalGlobalBlock(
    (net): Sequential(
      (0): SynthesisLayer(
        (pad): Identity()
        (conv_layer): SWHDC(
          (conv): Conv2d(2, 3, kernel_size=(3, 3), stride=(1, 1))
        )
        (non_linearity): GELU(approximate='none')
      )
      (1): SynthesisResidualLayer(
        (pad): ReplicationPad2d((0, 0, 0, 0))
        (conv_layer): Conv2d(3, 3, kernel_size=(1, 1), stride=(1, 1))
        (non_linearity): GELU(approximate='none')
      )
      (2): SynthesisResidualLayer(
        (pad): ReplicationPad2d((0, 0, 0, 0))
        (conv_layer): Conv2d(3, 3, kernel_size=(1, 1), stride=(1, 1))
        (non_linearity): GELU(approximate='none')
      )
      (3): SynthesisResidualLayer(
        (pad): ReplicationPad2d((0, 0, 0, 0))
        (conv_layer): Conv2d(3, 3, kernel_size=(1, 1), stride=(1, 1))
        (non_linearity): Identity()
      )
    )
    (global_net): Sequential(
      (0): SynthesisLayer(
        (pad): Identity()
        (conv_layer): SWHDC(
          (conv): Conv2d(2, 3, kernel_size=(3, 3), stride=(1, 1))
        )
        (non_linearity): GELU(approximate='none')
      )
      (1): SynthesisResidualLayer(
        (pad): ReplicationPad2d((0, 0, 0, 0))
        (conv_layer): Conv2d(3, 3, kernel_size=(1, 1), stride=(1, 1))
        (non_linearity): GELU(approximate='none')
      )
      (2): SynthesisResidualLayer(
        (pad): ReplicationPad2d((0, 0, 0, 0))
        (conv_layer): Conv2d(3, 3, kernel_size=(1, 1), stride=(1, 1))
        (non_linearity): GELU(approximate='none')
      )
      (3): SynthesisResidualLayer(
        (pad): ReplicationPad2d((0, 0, 0, 0))
        (conv_layer): Conv2d(3, 3, kernel_size=(1, 1), stride=(1, 1))
        (non_linearity): Identity()
      )
    )
    (agg_func): Sequential(
      (0): SynthesisLayer(
        (pad): ReplicationPad2d((0, 0, 0, 0))
        (conv_layer): Conv2d(18, 3, kernel_size=(1, 1), stride=(1, 1))
        (non_linearity): GELU(approximate='none')
      )
      (1): SynthesisLayer(
        (pad): ReplicationPad2d((0, 0, 0, 0))
        (conv_layer): Conv2d(21, 3, kernel_size=(1, 1), stride=(1, 1))
        (non_linearity): GELU(approximate='none')
      )
      (2): SynthesisLayer(
        (pad): ReplicationPad2d((0, 0, 0, 0))
        (conv_layer): Conv2d(24, 3, kernel_size=(1, 1), stride=(1, 1))
        (non_linearity): GELU(approximate='none')
      )
    )
    (full_net): Sequential(
      (0): SynthesisLayer(
        (pad): ReplicationPad2d((0, 0, 0, 0))
        (conv_layer): Conv2d(7, 12, kernel_size=(1, 1), stride=(1, 1))
        (non_linearity): GELU(approximate='none')
      )
      (1): SynthesisLayer(
        (pad): ReplicationPad2d((0, 0, 0, 0))
        (conv_layer): Conv2d(12, 3, kernel_size=(1, 1), stride=(1, 1))
        (non_linearity): GELU(approximate='none')
      )
      (2): SynthesisResidualLayer(
        (conv_layer): Conv2d(3, 3, kernel_size=(3, 3), stride=(1, 1))
        (non_linearity): GELU(approximate='none')
      )
      (3): SynthesisResidualLayer(
        (conv_layer): Conv2d(3, 3, kernel_size=(3, 3), stride=(1, 1))
        (non_linearity): GELU(approximate='none')
      )
    )
  )
  (modulation_sf): ParameterList(
      (0): Parameter containing: [torch.float32 of size 1x1x8x16 (cuda:0)]
      (1): Parameter containing: [torch.float32 of size 1x1x16x32 (cuda:0)]
      (2): Parameter containing: [torch.float32 of size 1x1x32x64 (cuda:0)]
      (3): Parameter containing: [torch.float32 of size 1x1x64x128 (cuda:0)]
      (4): Parameter containing: [torch.float32 of size 1x1x128x256 (cuda:0)]
      (5): Parameter containing: [torch.float32 of size 1x1x256x512 (cuda:0)]
      (6): Parameter containing: [torch.float32 of size 1x1x512x1024 (cuda:0)]
  )
)
train the 16 -th image
start temperature: 0.3 noise parameter: 2.0
end temperature: 0.1 noise parameter: 1.0
********************Start from stage I
********************going into stage II
eval_object_psnr: 35.05874113249808
eval_background_psnr: 28.304412727911124
eval_background_psnr: 28.304412727911124
********************Evaluation the Image 16-th, after Step 999, BEST PSNR: 27.466513, Print rate 0.072190. *************************
Saved model at ./saved/modbase_7/context_16_arm_mod_16/sparity_0.0/inr_mod_16KODAK_ROI_Global_new_struture_7_12_3_33_orderconcat_operator_0_pw_0.8_img_object16.pth
Trained the image with PSNR: 27.46651306444708  latent bits 0.07219014316797256 latent bits number 37848.42578125
[26.26667153969039, 25.99057383617314, 26.28984751399874, 22.947318639606546, 24.29441434572143, 24.13140701196215, 26.564282149928285, 27.594175708404567, 27.185075567101137, 27.085246870301955, 26.676181294648444, 26.362167343962373, 27.19113515385744, 26.69753357879426, 27.322924083639382, 27.475075668224196, 27.46651306444708]
[0.10971970856189728, 0.10732713341712952, 0.11180776357650757, 0.19319993257522583, 0.1766223907470703, 0.1677476167678833, 0.08303212374448776, 0.07987571507692337, 0.08553820103406906, 0.10399775207042694, 0.1113455593585968, 0.12303438782691956, 0.07939546555280685, 0.0797487199306488, 0.08132244646549225, 0.07252471148967743, 0.07219014316797256]
[57524.7265625, 56270.328125, 58619.46875, 101292.40625, 92601.0, 87948.0625, 43532.74609375, 41877.87890625, 44846.65234375, 54524.7734375, 58377.140625, 64505.453125, 41626.08984375, 41811.296875, 42636.3828125, 38023.8359375, 37848.42578125]
load the model: ./saved/modbase_7/context_16_arm_mod_16/sparity_0.0/inr_mod_16KODAK_ROI_Global_new_struture_7_12_3_33_orderconcat_operator_0_pw_0.8_img_object16.pth for the  16 -th image
********************Evalutation with quantization
********************Starting quantizing models
eval_object_psnr: 32.32887164678929
full_image_psnr: 25.548671165682507
object_psnr: 32.32887164678929
background_psnr: 26.590560138385342
********************Evaluation the Image 16-th, BEST PSNR: 25.548671, Print rate 0.072977, Network rate 0.015169. *************************
eval_wsssim: 0.863718
Decoded image saved to ./experiments/vcip_wssim_tunado_diegoPC/decoded_images/othim17_maskerp_wsmse0_swhdc1_erp1_lambda0.8.png
Evaluate the image: PSNR: 25.548671165682507 All bits: 0.088145911693573  latent bits: 0.07297676801681519  network bits: 0.015169143676757812
Evaluate arm network bits: 0.007997512817382812 Evaluate synthesis network bits: 0.00670623779296875
Image All bits num: 46213.84375 latent bits num: 38260.84375 mlp bits num: 7953.0 border bits num:
arm bits num: 4193.0 synthesis bits num: 3516.0
[25.725005229269772, 25.084490369571522, 26.126108564653624, 22.74168690510335, 23.87970493444533, 23.496738437492905, 25.208951654408963, 25.77196140367265, 26.052715971668807, 26.672117971893368, 25.43757771009635, 25.10468872503732, 26.728425483544964, 24.76948801016424, 26.038130375350335, 26.847126866985548, 25.548671165682507]
[0.12852253019809723, 0.12484615296125412, 0.13026711344718933, 0.21137559413909912, 0.19534045457839966, 0.18472929298877716, 0.09931357949972153, 0.09671350568532944, 0.10299995541572571, 0.12199412286281586, 0.1287393867969513, 0.13995394855737686, 0.09796439111232758, 0.09543980658054352, 0.09846967458724976, 0.09005653858184814, 0.088145911693573]
[67382.8203125, 65455.33984375, 68297.484375, 110821.6875, 102414.65625, 96851.3515625, 52068.91796875, 50705.73046875, 54001.640625, 63960.0546875, 67496.515625, 73376.17578125, 51361.5546875, 50037.9453125, 51626.46875, 47215.5625, 46213.84375]
Metrics saved to ./experiments/vcip_wssim_tunado_diegoPC/results.csv
Current eval Ave PSNR: 25.366681751708327 Ave Bits 0.1255807035109576
Namespace(batch_size=1, lr=0.01, data='../data', sparsity=0.0, local_upsampling_kernel_size=8, upsampling_kernel_size=8, static_upsampling_kernel=False, latent_factor=1, mod_base=7, highest_flag=1, context_arm=16, dim_arm_mod=16, use_candidate=True, type='other', mod_hid_layer=0, sythesis_features=12, hidden_features=64, hidden_layer=2, scale=1, lambda_rate=0.8, lambda_rate_list=[0.4, 0.8], start_index=0, mask_type='erp', wsmse_tag=0, swhdc_tag=1, swhdc_dilations=[1, 2, 3, 4], erp_padding=1, workdir='./experiments/vcip_wssim_tunado_diegoPC', train_steps_1=5000, train_steps_2=1000, loss_type='combined', lambda_dist=0.0, lambda_percep=1.0, patch_h=512, patch_w=1024, all_pix_num=524288, eval_pix_num=524288)
Directory './saved/modbase_7/context_16_arm_mod_16' already exists.
Directory './saved/modbase_7/context_16_arm_mod_16/sparity_0.0' already exists.
top %: 0.0

🔁 Stage-1 Training Candidate 1/7
Quantizer parameter: encoding gain  16
total pixel: 524288
Get Mod with shape torch.Size([1, 1, 8, 16]) at layer: 1
Get Mod with shape torch.Size([1, 1, 16, 32]) at layer: 2
Get Mod with shape torch.Size([1, 1, 32, 64]) at layer: 3
Get Mod with shape torch.Size([1, 1, 64, 128]) at layer: 4
Get Mod with shape torch.Size([1, 1, 128, 256]) at layer: 5
Get Mod with shape torch.Size([1, 1, 256, 512]) at layer: 6
Get Mod with shape torch.Size([1, 1, 512, 1024]) at layer: 7
start temperature: 0.3 noise parameter: 2.0
end temperature: 0.3 noise parameter: 2.0
********************Start from stage I
Step 400, BEST PSNR: 25.493364, Total loss 0.250355 with its rate 0.1338375210762024 latent_bits 70169.40625

🔁 Stage-1 Training Candidate 2/7
Quantizer parameter: encoding gain  16
total pixel: 524288
Get Mod with shape torch.Size([1, 1, 8, 16]) at layer: 1
Get Mod with shape torch.Size([1, 1, 16, 32]) at layer: 2
Get Mod with shape torch.Size([1, 1, 32, 64]) at layer: 3
Get Mod with shape torch.Size([1, 1, 64, 128]) at layer: 4
Get Mod with shape torch.Size([1, 1, 128, 256]) at layer: 5
Get Mod with shape torch.Size([1, 1, 256, 512]) at layer: 6
Get Mod with shape torch.Size([1, 1, 512, 1024]) at layer: 7
start temperature: 0.3 noise parameter: 2.0
end temperature: 0.3 noise parameter: 2.0
********************Start from stage I
Step 400, BEST PSNR: 26.035444, Total loss 0.254589 with its rate 0.14228606224060059 latent_bits 74598.875

🔁 Stage-1 Training Candidate 3/7
Quantizer parameter: encoding gain  16
total pixel: 524288
Get Mod with shape torch.Size([1, 1, 8, 16]) at layer: 1
Get Mod with shape torch.Size([1, 1, 16, 32]) at layer: 2
Get Mod with shape torch.Size([1, 1, 32, 64]) at layer: 3
Get Mod with shape torch.Size([1, 1, 64, 128]) at layer: 4
Get Mod with shape torch.Size([1, 1, 128, 256]) at layer: 5
Get Mod with shape torch.Size([1, 1, 256, 512]) at layer: 6
Get Mod with shape torch.Size([1, 1, 512, 1024]) at layer: 7
start temperature: 0.3 noise parameter: 2.0
end temperature: 0.3 noise parameter: 2.0
********************Start from stage I
Step 400, BEST PSNR: 24.669372, Total loss 0.271410 with its rate 0.14515000581741333 latent_bits 76100.40625

🔁 Stage-1 Training Candidate 4/7
Quantizer parameter: encoding gain  16
total pixel: 524288
Get Mod with shape torch.Size([1, 1, 8, 16]) at layer: 1
Get Mod with shape torch.Size([1, 1, 16, 32]) at layer: 2
Get Mod with shape torch.Size([1, 1, 32, 64]) at layer: 3
Get Mod with shape torch.Size([1, 1, 64, 128]) at layer: 4
Get Mod with shape torch.Size([1, 1, 128, 256]) at layer: 5
Get Mod with shape torch.Size([1, 1, 256, 512]) at layer: 6
Get Mod with shape torch.Size([1, 1, 512, 1024]) at layer: 7
start temperature: 0.3 noise parameter: 2.0
end temperature: 0.3 noise parameter: 2.0
********************Start from stage I
Step 400, BEST PSNR: 25.087937, Total loss 0.254921 with its rate 0.12653848528862 latent_bits 66342.609375

🔁 Stage-1 Training Candidate 5/7
Quantizer parameter: encoding gain  16
total pixel: 524288
Get Mod with shape torch.Size([1, 1, 8, 16]) at layer: 1
Get Mod with shape torch.Size([1, 1, 16, 32]) at layer: 2
Get Mod with shape torch.Size([1, 1, 32, 64]) at layer: 3
Get Mod with shape torch.Size([1, 1, 64, 128]) at layer: 4
Get Mod with shape torch.Size([1, 1, 128, 256]) at layer: 5
Get Mod with shape torch.Size([1, 1, 256, 512]) at layer: 6
Get Mod with shape torch.Size([1, 1, 512, 1024]) at layer: 7
start temperature: 0.3 noise parameter: 2.0
end temperature: 0.3 noise parameter: 2.0
********************Start from stage I
Step 400, BEST PSNR: 25.147961, Total loss 0.259165 with its rate 0.14240425825119019 latent_bits 74660.84375

🔁 Stage-1 Training Candidate 6/7
Quantizer parameter: encoding gain  16
total pixel: 524288
Get Mod with shape torch.Size([1, 1, 8, 16]) at layer: 1
Get Mod with shape torch.Size([1, 1, 16, 32]) at layer: 2
Get Mod with shape torch.Size([1, 1, 32, 64]) at layer: 3
Get Mod with shape torch.Size([1, 1, 64, 128]) at layer: 4
Get Mod with shape torch.Size([1, 1, 128, 256]) at layer: 5
Get Mod with shape torch.Size([1, 1, 256, 512]) at layer: 6
Get Mod with shape torch.Size([1, 1, 512, 1024]) at layer: 7
start temperature: 0.3 noise parameter: 2.0
end temperature: 0.3 noise parameter: 2.0
********************Start from stage I
Step 400, BEST PSNR: 26.051075, Total loss 0.261591 with its rate 0.1471780389547348 latent_bits 77163.6796875

🔁 Stage-1 Training Candidate 7/7
Quantizer parameter: encoding gain  16
total pixel: 524288
Get Mod with shape torch.Size([1, 1, 8, 16]) at layer: 1
Get Mod with shape torch.Size([1, 1, 16, 32]) at layer: 2
Get Mod with shape torch.Size([1, 1, 32, 64]) at layer: 3
Get Mod with shape torch.Size([1, 1, 64, 128]) at layer: 4
Get Mod with shape torch.Size([1, 1, 128, 256]) at layer: 5
Get Mod with shape torch.Size([1, 1, 256, 512]) at layer: 6
Get Mod with shape torch.Size([1, 1, 512, 1024]) at layer: 7
start temperature: 0.3 noise parameter: 2.0
end temperature: 0.3 noise parameter: 2.0
********************Start from stage I
Step 400, BEST PSNR: 24.884487, Total loss 0.264362 with its rate 0.13286080956459045 latent_bits 69657.328125

🌟 Selected Top-3 Candidates by RD cost

🎯 Stage-2 Refining Candidate 1/3
start temperature: 0.3 noise parameter: 2.0
end temperature: 0.3 noise parameter: 2.0
********************Start from stage I
Step 400, BEST PSNR: 26.655224, Total loss 0.272415 with its rate 0.1749316304922104 latent_bits 91714.5546875

🎯 Stage-2 Refining Candidate 2/3
start temperature: 0.3 noise parameter: 2.0
end temperature: 0.3 noise parameter: 2.0
********************Start from stage I
Step 400, BEST PSNR: 26.919052, Total loss 0.272930 with its rate 0.17731916904449463 latent_bits 92966.3125

🎯 Stage-2 Refining Candidate 3/3
start temperature: 0.3 noise parameter: 2.0
end temperature: 0.3 noise parameter: 2.0
********************Start from stage I
Step 400, BEST PSNR: 26.161193, Total loss 0.278494 with its rate 0.17903216183185577 latent_bits 93864.4140625

🏆 Best Candidate Final PSNR: 26.66, Rate: 0.1749
Masked_INR(
  (upsampling_2d): Upsampling(
    (conv_transpose2d): UpsamplingConvTranspose2d()
  )
  (arm): Arm(
    (mlp): Sequential(
      (0): ArmConv(
        (conv1_1): Conv1d(16, 16, kernel_size=(1,), stride=(1,))
      )
      (1): GELU(approximate='none')
      (2): ArmConv(
        (conv1_1): Conv1d(16, 16, kernel_size=(1,), stride=(1,))
      )
      (3): GELU(approximate='none')
      (4): ArmConv(
        (conv1_1): Conv1d(16, 2, kernel_size=(1,), stride=(1,))
      )
    )
  )
  (conv_mod): LocalGlobalBlock(
    (net): Sequential(
      (0): SynthesisLayer(
        (pad): Identity()
        (conv_layer): SWHDC(
          (conv): Conv2d(2, 3, kernel_size=(3, 3), stride=(1, 1))
        )
        (non_linearity): GELU(approximate='none')
      )
      (1): SynthesisResidualLayer(
        (pad): ReplicationPad2d((0, 0, 0, 0))
        (conv_layer): Conv2d(3, 3, kernel_size=(1, 1), stride=(1, 1))
        (non_linearity): GELU(approximate='none')
      )
      (2): SynthesisResidualLayer(
        (pad): ReplicationPad2d((0, 0, 0, 0))
        (conv_layer): Conv2d(3, 3, kernel_size=(1, 1), stride=(1, 1))
        (non_linearity): GELU(approximate='none')
      )
      (3): SynthesisResidualLayer(
        (pad): ReplicationPad2d((0, 0, 0, 0))
        (conv_layer): Conv2d(3, 3, kernel_size=(1, 1), stride=(1, 1))
        (non_linearity): Identity()
      )
    )
    (global_net): Sequential(
      (0): SynthesisLayer(
        (pad): Identity()
        (conv_layer): SWHDC(
          (conv): Conv2d(2, 3, kernel_size=(3, 3), stride=(1, 1))
        )
        (non_linearity): GELU(approximate='none')
      )
      (1): SynthesisResidualLayer(
        (pad): ReplicationPad2d((0, 0, 0, 0))
        (conv_layer): Conv2d(3, 3, kernel_size=(1, 1), stride=(1, 1))
        (non_linearity): GELU(approximate='none')
      )
      (2): SynthesisResidualLayer(
        (pad): ReplicationPad2d((0, 0, 0, 0))
        (conv_layer): Conv2d(3, 3, kernel_size=(1, 1), stride=(1, 1))
        (non_linearity): GELU(approximate='none')
      )
      (3): SynthesisResidualLayer(
        (pad): ReplicationPad2d((0, 0, 0, 0))
        (conv_layer): Conv2d(3, 3, kernel_size=(1, 1), stride=(1, 1))
        (non_linearity): Identity()
      )
    )
    (agg_func): Sequential(
      (0): SynthesisLayer(
        (pad): ReplicationPad2d((0, 0, 0, 0))
        (conv_layer): Conv2d(18, 3, kernel_size=(1, 1), stride=(1, 1))
        (non_linearity): GELU(approximate='none')
      )
      (1): SynthesisLayer(
        (pad): ReplicationPad2d((0, 0, 0, 0))
        (conv_layer): Conv2d(21, 3, kernel_size=(1, 1), stride=(1, 1))
        (non_linearity): GELU(approximate='none')
      )
      (2): SynthesisLayer(
        (pad): ReplicationPad2d((0, 0, 0, 0))
        (conv_layer): Conv2d(24, 3, kernel_size=(1, 1), stride=(1, 1))
        (non_linearity): GELU(approximate='none')
      )
    )
    (full_net): Sequential(
      (0): SynthesisLayer(
        (pad): ReplicationPad2d((0, 0, 0, 0))
        (conv_layer): Conv2d(7, 12, kernel_size=(1, 1), stride=(1, 1))
        (non_linearity): GELU(approximate='none')
      )
      (1): SynthesisLayer(
        (pad): ReplicationPad2d((0, 0, 0, 0))
        (conv_layer): Conv2d(12, 3, kernel_size=(1, 1), stride=(1, 1))
        (non_linearity): GELU(approximate='none')
      )
      (2): SynthesisResidualLayer(
        (conv_layer): Conv2d(3, 3, kernel_size=(3, 3), stride=(1, 1))
        (non_linearity): GELU(approximate='none')
      )
      (3): SynthesisResidualLayer(
        (conv_layer): Conv2d(3, 3, kernel_size=(3, 3), stride=(1, 1))
        (non_linearity): GELU(approximate='none')
      )
    )
  )
  (modulation_sf): ParameterList(
      (0): Parameter containing: [torch.float32 of size 1x1x8x16 (cuda:0)]
      (1): Parameter containing: [torch.float32 of size 1x1x16x32 (cuda:0)]
      (2): Parameter containing: [torch.float32 of size 1x1x32x64 (cuda:0)]
      (3): Parameter containing: [torch.float32 of size 1x1x64x128 (cuda:0)]
      (4): Parameter containing: [torch.float32 of size 1x1x128x256 (cuda:0)]
      (5): Parameter containing: [torch.float32 of size 1x1x256x512 (cuda:0)]
      (6): Parameter containing: [torch.float32 of size 1x1x512x1024 (cuda:0)]
  )
)
train the 17 -th image
start temperature: 0.3 noise parameter: 2.0
end temperature: 0.1 noise parameter: 1.0
********************Start from stage I
********************going into stage II
eval_object_psnr: 35.600572819653586
eval_background_psnr: 28.65903446641472
eval_background_psnr: 28.65903446641472
********************Evaluation the Image 17-th, after Step 999, BEST PSNR: 27.858803, Print rate 0.071280. *************************
Saved model at ./saved/modbase_7/context_16_arm_mod_16/sparity_0.0/inr_mod_16KODAK_ROI_Global_new_struture_7_12_3_33_orderconcat_operator_0_pw_0.8_img_object17.pth
Trained the image with PSNR: 27.858802799197772  latent bits 0.07127999514341354 latent bits number 37371.24609375
[26.26667153969039, 25.99057383617314, 26.28984751399874, 22.947318639606546, 24.29441434572143, 24.13140701196215, 26.564282149928285, 27.594175708404567, 27.185075567101137, 27.085246870301955, 26.676181294648444, 26.362167343962373, 27.19113515385744, 26.69753357879426, 27.322924083639382, 27.475075668224196, 27.46651306444708, 27.858802799197772]
[0.10971970856189728, 0.10732713341712952, 0.11180776357650757, 0.19319993257522583, 0.1766223907470703, 0.1677476167678833, 0.08303212374448776, 0.07987571507692337, 0.08553820103406906, 0.10399775207042694, 0.1113455593585968, 0.12303438782691956, 0.07939546555280685, 0.0797487199306488, 0.08132244646549225, 0.07252471148967743, 0.07219014316797256, 0.07127999514341354]
[57524.7265625, 56270.328125, 58619.46875, 101292.40625, 92601.0, 87948.0625, 43532.74609375, 41877.87890625, 44846.65234375, 54524.7734375, 58377.140625, 64505.453125, 41626.08984375, 41811.296875, 42636.3828125, 38023.8359375, 37848.42578125, 37371.24609375]
load the model: ./saved/modbase_7/context_16_arm_mod_16/sparity_0.0/inr_mod_16KODAK_ROI_Global_new_struture_7_12_3_33_orderconcat_operator_0_pw_0.8_img_object17.pth for the  17 -th image
********************Evalutation with quantization
********************Starting quantizing models
eval_object_psnr: 33.70267413575186
full_image_psnr: 25.70670883575488
object_psnr: 33.70267413575186
background_psnr: 26.459926146804786
********************Evaluation the Image 17-th, BEST PSNR: 25.706709, Print rate 0.072291, Network rate 0.016088. *************************
eval_wsssim: 0.859239
Decoded image saved to ./experiments/vcip_wssim_tunado_diegoPC/decoded_images/othim18_maskerp_wsmse0_swhdc1_erp1_lambda0.8.png
Evaluate the image: PSNR: 25.70670883575488 All bits: 0.0883798599243164  latent bits: 0.07229137420654297  network bits: 0.016088485717773438
Evaluate arm network bits: 0.00801849365234375 Evaluate synthesis network bits: 0.0076045989990234375
Image All bits num: 46336.5 latent bits num: 37901.5 mlp bits num: 8435.0 border bits num:
arm bits num: 4204.0 synthesis bits num: 3987.0
[25.725005229269772, 25.084490369571522, 26.126108564653624, 22.74168690510335, 23.87970493444533, 23.496738437492905, 25.208951654408963, 25.77196140367265, 26.052715971668807, 26.672117971893368, 25.43757771009635, 25.10468872503732, 26.728425483544964, 24.76948801016424, 26.038130375350335, 26.847126866985548, 25.548671165682507, 25.70670883575488]
[0.12852253019809723, 0.12484615296125412, 0.13026711344718933, 0.21137559413909912, 0.19534045457839966, 0.18472929298877716, 0.09931357949972153, 0.09671350568532944, 0.10299995541572571, 0.12199412286281586, 0.1287393867969513, 0.13995394855737686, 0.09796439111232758, 0.09543980658054352, 0.09846967458724976, 0.09005653858184814, 0.088145911693573, 0.0883798599243164]
[67382.8203125, 65455.33984375, 68297.484375, 110821.6875, 102414.65625, 96851.3515625, 52068.91796875, 50705.73046875, 54001.640625, 63960.0546875, 67496.515625, 73376.17578125, 51361.5546875, 50037.9453125, 51626.46875, 47215.5625, 46213.84375, 46336.5]
Metrics saved to ./experiments/vcip_wssim_tunado_diegoPC/results.csv
Current eval Ave PSNR: 25.38557214526647 Ave Bits 0.12351398997836643
Namespace(batch_size=1, lr=0.01, data='../data', sparsity=0.0, local_upsampling_kernel_size=8, upsampling_kernel_size=8, static_upsampling_kernel=False, latent_factor=1, mod_base=7, highest_flag=1, context_arm=16, dim_arm_mod=16, use_candidate=True, type='other', mod_hid_layer=0, sythesis_features=12, hidden_features=64, hidden_layer=2, scale=1, lambda_rate=0.8, lambda_rate_list=[0.4, 0.8], start_index=0, mask_type='erp', wsmse_tag=0, swhdc_tag=1, swhdc_dilations=[1, 2, 3, 4], erp_padding=1, workdir='./experiments/vcip_wssim_tunado_diegoPC', train_steps_1=5000, train_steps_2=1000, loss_type='combined', lambda_dist=0.0, lambda_percep=1.0, patch_h=512, patch_w=1024, all_pix_num=524288, eval_pix_num=524288)
Directory './saved/modbase_7/context_16_arm_mod_16' already exists.
Directory './saved/modbase_7/context_16_arm_mod_16/sparity_0.0' already exists.
top %: 0.0

🔁 Stage-1 Training Candidate 1/7
Quantizer parameter: encoding gain  16
total pixel: 524288
Get Mod with shape torch.Size([1, 1, 8, 16]) at layer: 1
Get Mod with shape torch.Size([1, 1, 16, 32]) at layer: 2
Get Mod with shape torch.Size([1, 1, 32, 64]) at layer: 3
Get Mod with shape torch.Size([1, 1, 64, 128]) at layer: 4
Get Mod with shape torch.Size([1, 1, 128, 256]) at layer: 5
Get Mod with shape torch.Size([1, 1, 256, 512]) at layer: 6
Get Mod with shape torch.Size([1, 1, 512, 1024]) at layer: 7
start temperature: 0.3 noise parameter: 2.0
end temperature: 0.3 noise parameter: 2.0
********************Start from stage I
Step 400, BEST PSNR: 22.875295, Total loss 0.427533 with its rate 0.2388354390859604 latent_bits 125218.5546875

🔁 Stage-1 Training Candidate 2/7
Quantizer parameter: encoding gain  16
total pixel: 524288
Get Mod with shape torch.Size([1, 1, 8, 16]) at layer: 1
Get Mod with shape torch.Size([1, 1, 16, 32]) at layer: 2
Get Mod with shape torch.Size([1, 1, 32, 64]) at layer: 3
Get Mod with shape torch.Size([1, 1, 64, 128]) at layer: 4
Get Mod with shape torch.Size([1, 1, 128, 256]) at layer: 5
Get Mod with shape torch.Size([1, 1, 256, 512]) at layer: 6
Get Mod with shape torch.Size([1, 1, 512, 1024]) at layer: 7
start temperature: 0.3 noise parameter: 2.0
end temperature: 0.3 noise parameter: 2.0
********************Start from stage I
Step 400, BEST PSNR: 22.936465, Total loss 0.426307 with its rate 0.2381235659122467 latent_bits 124845.328125

🔁 Stage-1 Training Candidate 3/7
Quantizer parameter: encoding gain  16
total pixel: 524288
Get Mod with shape torch.Size([1, 1, 8, 16]) at layer: 1
Get Mod with shape torch.Size([1, 1, 16, 32]) at layer: 2
Get Mod with shape torch.Size([1, 1, 32, 64]) at layer: 3
Get Mod with shape torch.Size([1, 1, 64, 128]) at layer: 4
Get Mod with shape torch.Size([1, 1, 128, 256]) at layer: 5
Get Mod with shape torch.Size([1, 1, 256, 512]) at layer: 6
Get Mod with shape torch.Size([1, 1, 512, 1024]) at layer: 7
start temperature: 0.3 noise parameter: 2.0
end temperature: 0.3 noise parameter: 2.0
********************Start from stage I
Step 400, BEST PSNR: 23.291640, Total loss 0.434642 with its rate 0.25380510091781616 latent_bits 133066.96875

🔁 Stage-1 Training Candidate 4/7
Quantizer parameter: encoding gain  16
total pixel: 524288
Get Mod with shape torch.Size([1, 1, 8, 16]) at layer: 1
Get Mod with shape torch.Size([1, 1, 16, 32]) at layer: 2
Get Mod with shape torch.Size([1, 1, 32, 64]) at layer: 3
Get Mod with shape torch.Size([1, 1, 64, 128]) at layer: 4
Get Mod with shape torch.Size([1, 1, 128, 256]) at layer: 5
Get Mod with shape torch.Size([1, 1, 256, 512]) at layer: 6
Get Mod with shape torch.Size([1, 1, 512, 1024]) at layer: 7
start temperature: 0.3 noise parameter: 2.0
end temperature: 0.3 noise parameter: 2.0
********************Start from stage I
Step 400, BEST PSNR: 22.613566, Total loss 0.429768 with its rate 0.24316823482513428 latent_bits 127490.1875

🔁 Stage-1 Training Candidate 5/7
Quantizer parameter: encoding gain  16
total pixel: 524288
Get Mod with shape torch.Size([1, 1, 8, 16]) at layer: 1
Get Mod with shape torch.Size([1, 1, 16, 32]) at layer: 2
Get Mod with shape torch.Size([1, 1, 32, 64]) at layer: 3
Get Mod with shape torch.Size([1, 1, 64, 128]) at layer: 4
Get Mod with shape torch.Size([1, 1, 128, 256]) at layer: 5
Get Mod with shape torch.Size([1, 1, 256, 512]) at layer: 6
Get Mod with shape torch.Size([1, 1, 512, 1024]) at layer: 7
start temperature: 0.3 noise parameter: 2.0
end temperature: 0.3 noise parameter: 2.0
********************Start from stage I
Step 400, BEST PSNR: 23.068891, Total loss 0.433646 with its rate 0.2464907169342041 latent_bits 129232.125

🔁 Stage-1 Training Candidate 6/7
Quantizer parameter: encoding gain  16
total pixel: 524288
Get Mod with shape torch.Size([1, 1, 8, 16]) at layer: 1
Get Mod with shape torch.Size([1, 1, 16, 32]) at layer: 2
Get Mod with shape torch.Size([1, 1, 32, 64]) at layer: 3
Get Mod with shape torch.Size([1, 1, 64, 128]) at layer: 4
Get Mod with shape torch.Size([1, 1, 128, 256]) at layer: 5
Get Mod with shape torch.Size([1, 1, 256, 512]) at layer: 6
Get Mod with shape torch.Size([1, 1, 512, 1024]) at layer: 7
start temperature: 0.3 noise parameter: 2.0
end temperature: 0.3 noise parameter: 2.0
********************Start from stage I
Step 400, BEST PSNR: 23.529394, Total loss 0.428033 with its rate 0.2482081949710846 latent_bits 130132.578125

🔁 Stage-1 Training Candidate 7/7
Quantizer parameter: encoding gain  16
total pixel: 524288
Get Mod with shape torch.Size([1, 1, 8, 16]) at layer: 1
Get Mod with shape torch.Size([1, 1, 16, 32]) at layer: 2
Get Mod with shape torch.Size([1, 1, 32, 64]) at layer: 3
Get Mod with shape torch.Size([1, 1, 64, 128]) at layer: 4
Get Mod with shape torch.Size([1, 1, 128, 256]) at layer: 5
Get Mod with shape torch.Size([1, 1, 256, 512]) at layer: 6
Get Mod with shape torch.Size([1, 1, 512, 1024]) at layer: 7
start temperature: 0.3 noise parameter: 2.0
end temperature: 0.3 noise parameter: 2.0
********************Start from stage I
Step 400, BEST PSNR: 23.006470, Total loss 0.427652 with its rate 0.24343442916870117 latent_bits 127629.75

🌟 Selected Top-3 Candidates by RD cost

🎯 Stage-2 Refining Candidate 1/3
start temperature: 0.3 noise parameter: 2.0
end temperature: 0.3 noise parameter: 2.0
********************Start from stage I
Step 400, BEST PSNR: 23.640034, Total loss 0.438992 with its rate 0.2728100121021271 latent_bits 143031.015625

🎯 Stage-2 Refining Candidate 2/3
start temperature: 0.3 noise parameter: 2.0
end temperature: 0.3 noise parameter: 2.0
********************Start from stage I
Step 400, BEST PSNR: 23.591059, Total loss 0.442073 with its rate 0.2728404402732849 latent_bits 143046.96875

🎯 Stage-2 Refining Candidate 3/3
start temperature: 0.3 noise parameter: 2.0
end temperature: 0.3 noise parameter: 2.0
********************Start from stage I
Step 400, BEST PSNR: 23.435359, Total loss 0.444607 with its rate 0.275078684091568 latent_bits 144220.453125

🏆 Best Candidate Final PSNR: 23.64, Rate: 0.2728
Masked_INR(
  (upsampling_2d): Upsampling(
    (conv_transpose2d): UpsamplingConvTranspose2d()
  )
  (arm): Arm(
    (mlp): Sequential(
      (0): ArmConv(
        (conv1_1): Conv1d(16, 16, kernel_size=(1,), stride=(1,))
      )
      (1): GELU(approximate='none')
      (2): ArmConv(
        (conv1_1): Conv1d(16, 16, kernel_size=(1,), stride=(1,))
      )
      (3): GELU(approximate='none')
      (4): ArmConv(
        (conv1_1): Conv1d(16, 2, kernel_size=(1,), stride=(1,))
      )
    )
  )
  (conv_mod): LocalGlobalBlock(
    (net): Sequential(
      (0): SynthesisLayer(
        (pad): Identity()
        (conv_layer): SWHDC(
          (conv): Conv2d(2, 3, kernel_size=(3, 3), stride=(1, 1))
        )
        (non_linearity): GELU(approximate='none')
      )
      (1): SynthesisResidualLayer(
        (pad): ReplicationPad2d((0, 0, 0, 0))
        (conv_layer): Conv2d(3, 3, kernel_size=(1, 1), stride=(1, 1))
        (non_linearity): GELU(approximate='none')
      )
      (2): SynthesisResidualLayer(
        (pad): ReplicationPad2d((0, 0, 0, 0))
        (conv_layer): Conv2d(3, 3, kernel_size=(1, 1), stride=(1, 1))
        (non_linearity): GELU(approximate='none')
      )
      (3): SynthesisResidualLayer(
        (pad): ReplicationPad2d((0, 0, 0, 0))
        (conv_layer): Conv2d(3, 3, kernel_size=(1, 1), stride=(1, 1))
        (non_linearity): Identity()
      )
    )
    (global_net): Sequential(
      (0): SynthesisLayer(
        (pad): Identity()
        (conv_layer): SWHDC(
          (conv): Conv2d(2, 3, kernel_size=(3, 3), stride=(1, 1))
        )
        (non_linearity): GELU(approximate='none')
      )
      (1): SynthesisResidualLayer(
        (pad): ReplicationPad2d((0, 0, 0, 0))
        (conv_layer): Conv2d(3, 3, kernel_size=(1, 1), stride=(1, 1))
        (non_linearity): GELU(approximate='none')
      )
      (2): SynthesisResidualLayer(
        (pad): ReplicationPad2d((0, 0, 0, 0))
        (conv_layer): Conv2d(3, 3, kernel_size=(1, 1), stride=(1, 1))
        (non_linearity): GELU(approximate='none')
      )
      (3): SynthesisResidualLayer(
        (pad): ReplicationPad2d((0, 0, 0, 0))
        (conv_layer): Conv2d(3, 3, kernel_size=(1, 1), stride=(1, 1))
        (non_linearity): Identity()
      )
    )
    (agg_func): Sequential(
      (0): SynthesisLayer(
        (pad): ReplicationPad2d((0, 0, 0, 0))
        (conv_layer): Conv2d(18, 3, kernel_size=(1, 1), stride=(1, 1))
        (non_linearity): GELU(approximate='none')
      )
      (1): SynthesisLayer(
        (pad): ReplicationPad2d((0, 0, 0, 0))
        (conv_layer): Conv2d(21, 3, kernel_size=(1, 1), stride=(1, 1))
        (non_linearity): GELU(approximate='none')
      )
      (2): SynthesisLayer(
        (pad): ReplicationPad2d((0, 0, 0, 0))
        (conv_layer): Conv2d(24, 3, kernel_size=(1, 1), stride=(1, 1))
        (non_linearity): GELU(approximate='none')
      )
    )
    (full_net): Sequential(
      (0): SynthesisLayer(
        (pad): ReplicationPad2d((0, 0, 0, 0))
        (conv_layer): Conv2d(7, 12, kernel_size=(1, 1), stride=(1, 1))
        (non_linearity): GELU(approximate='none')
      )
      (1): SynthesisLayer(
        (pad): ReplicationPad2d((0, 0, 0, 0))
        (conv_layer): Conv2d(12, 3, kernel_size=(1, 1), stride=(1, 1))
        (non_linearity): GELU(approximate='none')
      )
      (2): SynthesisResidualLayer(
        (conv_layer): Conv2d(3, 3, kernel_size=(3, 3), stride=(1, 1))
        (non_linearity): GELU(approximate='none')
      )
      (3): SynthesisResidualLayer(
        (conv_layer): Conv2d(3, 3, kernel_size=(3, 3), stride=(1, 1))
        (non_linearity): GELU(approximate='none')
      )
    )
  )
  (modulation_sf): ParameterList(
      (0): Parameter containing: [torch.float32 of size 1x1x8x16 (cuda:0)]
      (1): Parameter containing: [torch.float32 of size 1x1x16x32 (cuda:0)]
      (2): Parameter containing: [torch.float32 of size 1x1x32x64 (cuda:0)]
      (3): Parameter containing: [torch.float32 of size 1x1x64x128 (cuda:0)]
      (4): Parameter containing: [torch.float32 of size 1x1x128x256 (cuda:0)]
      (5): Parameter containing: [torch.float32 of size 1x1x256x512 (cuda:0)]
      (6): Parameter containing: [torch.float32 of size 1x1x512x1024 (cuda:0)]
  )
)
train the 18 -th image
start temperature: 0.3 noise parameter: 2.0
end temperature: 0.1 noise parameter: 1.0
********************Start from stage I
********************going into stage II
eval_object_psnr: 29.99065219807922
eval_background_psnr: 25.68353606303437
eval_background_psnr: 25.68353606303437
********************Evaluation the Image 18-th, after Step 999, BEST PSNR: 24.311488, Print rate 0.166017. *************************
Saved model at ./saved/modbase_7/context_16_arm_mod_16/sparity_0.0/inr_mod_16KODAK_ROI_Global_new_struture_7_12_3_33_orderconcat_operator_0_pw_0.8_img_object18.pth
Trained the image with PSNR: 24.311488369172228  latent bits 0.16601738333702087 latent bits number 87040.921875
[26.26667153969039, 25.99057383617314, 26.28984751399874, 22.947318639606546, 24.29441434572143, 24.13140701196215, 26.564282149928285, 27.594175708404567, 27.185075567101137, 27.085246870301955, 26.676181294648444, 26.362167343962373, 27.19113515385744, 26.69753357879426, 27.322924083639382, 27.475075668224196, 27.46651306444708, 27.858802799197772, 24.311488369172228]
[0.10971970856189728, 0.10732713341712952, 0.11180776357650757, 0.19319993257522583, 0.1766223907470703, 0.1677476167678833, 0.08303212374448776, 0.07987571507692337, 0.08553820103406906, 0.10399775207042694, 0.1113455593585968, 0.12303438782691956, 0.07939546555280685, 0.0797487199306488, 0.08132244646549225, 0.07252471148967743, 0.07219014316797256, 0.07127999514341354, 0.16601738333702087]
[57524.7265625, 56270.328125, 58619.46875, 101292.40625, 92601.0, 87948.0625, 43532.74609375, 41877.87890625, 44846.65234375, 54524.7734375, 58377.140625, 64505.453125, 41626.08984375, 41811.296875, 42636.3828125, 38023.8359375, 37848.42578125, 37371.24609375, 87040.921875]
load the model: ./saved/modbase_7/context_16_arm_mod_16/sparity_0.0/inr_mod_16KODAK_ROI_Global_new_struture_7_12_3_33_orderconcat_operator_0_pw_0.8_img_object18.pth for the  18 -th image
********************Evalutation with quantization
********************Starting quantizing models
eval_object_psnr: 28.41003862053505
full_image_psnr: 23.138650212636747
object_psnr: 28.41003862053505
background_psnr: 24.679779581256124
********************Evaluation the Image 18-th, BEST PSNR: 23.138650, Print rate 0.166414, Network rate 0.016626. *************************
eval_wsssim: 0.770767
Decoded image saved to ./experiments/vcip_wssim_tunado_diegoPC/decoded_images/othim19_maskerp_wsmse0_swhdc1_erp1_lambda0.8.png
Evaluate the image: PSNR: 23.138650212636747 All bits: 0.18304041028022766  latent bits: 0.1664140522480011  network bits: 0.016626358032226562
Evaluate arm network bits: 0.009290695190429688 Evaluate synthesis network bits: 0.0068531036376953125
Image All bits num: 95965.890625 latent bits num: 87248.890625 mlp bits num: 8717.0 border bits num:
arm bits num: 4871.0 synthesis bits num: 3593.0
[25.725005229269772, 25.084490369571522, 26.126108564653624, 22.74168690510335, 23.87970493444533, 23.496738437492905, 25.208951654408963, 25.77196140367265, 26.052715971668807, 26.672117971893368, 25.43757771009635, 25.10468872503732, 26.728425483544964, 24.76948801016424, 26.038130375350335, 26.847126866985548, 25.548671165682507, 25.70670883575488, 23.138650212636747]
[0.12852253019809723, 0.12484615296125412, 0.13026711344718933, 0.21137559413909912, 0.19534045457839966, 0.18472929298877716, 0.09931357949972153, 0.09671350568532944, 0.10299995541572571, 0.12199412286281586, 0.1287393867969513, 0.13995394855737686, 0.09796439111232758, 0.09543980658054352, 0.09846967458724976, 0.09005653858184814, 0.088145911693573, 0.0883798599243164, 0.18304041028022766]
[67382.8203125, 65455.33984375, 68297.484375, 110821.6875, 102414.65625, 96851.3515625, 52068.91796875, 50705.73046875, 54001.640625, 63960.0546875, 67496.515625, 73376.17578125, 51361.5546875, 50037.9453125, 51626.46875, 47215.5625, 46213.84375, 46336.5, 95965.890625]
Metrics saved to ./experiments/vcip_wssim_tunado_diegoPC/results.csv
Current eval Ave PSNR: 25.267313096180697 Ave Bits 0.12664695946793808
Namespace(batch_size=1, lr=0.01, data='../data', sparsity=0.0, local_upsampling_kernel_size=8, upsampling_kernel_size=8, static_upsampling_kernel=False, latent_factor=1, mod_base=7, highest_flag=1, context_arm=16, dim_arm_mod=16, use_candidate=True, type='other', mod_hid_layer=0, sythesis_features=12, hidden_features=64, hidden_layer=2, scale=1, lambda_rate=0.8, lambda_rate_list=[0.4, 0.8], start_index=0, mask_type='erp', wsmse_tag=0, swhdc_tag=1, swhdc_dilations=[1, 2, 3, 4], erp_padding=1, workdir='./experiments/vcip_wssim_tunado_diegoPC', train_steps_1=5000, train_steps_2=1000, loss_type='combined', lambda_dist=0.0, lambda_percep=1.0, patch_h=512, patch_w=1024, all_pix_num=524288, eval_pix_num=524288)
Directory './saved/modbase_7/context_16_arm_mod_16' already exists.
Directory './saved/modbase_7/context_16_arm_mod_16/sparity_0.0' already exists.
top %: 0.0

🔁 Stage-1 Training Candidate 1/7
Quantizer parameter: encoding gain  16
total pixel: 524288
Get Mod with shape torch.Size([1, 1, 8, 16]) at layer: 1
Get Mod with shape torch.Size([1, 1, 16, 32]) at layer: 2
Get Mod with shape torch.Size([1, 1, 32, 64]) at layer: 3
Get Mod with shape torch.Size([1, 1, 64, 128]) at layer: 4
Get Mod with shape torch.Size([1, 1, 128, 256]) at layer: 5
Get Mod with shape torch.Size([1, 1, 256, 512]) at layer: 6
Get Mod with shape torch.Size([1, 1, 512, 1024]) at layer: 7
start temperature: 0.3 noise parameter: 2.0
end temperature: 0.3 noise parameter: 2.0
********************Start from stage I
Step 400, BEST PSNR: 23.087386, Total loss 0.437428 with its rate 0.253764808177948 latent_bits 133045.84375

🔁 Stage-1 Training Candidate 2/7
Quantizer parameter: encoding gain  16
total pixel: 524288
Get Mod with shape torch.Size([1, 1, 8, 16]) at layer: 1
Get Mod with shape torch.Size([1, 1, 16, 32]) at layer: 2
Get Mod with shape torch.Size([1, 1, 32, 64]) at layer: 3
Get Mod with shape torch.Size([1, 1, 64, 128]) at layer: 4
Get Mod with shape torch.Size([1, 1, 128, 256]) at layer: 5
Get Mod with shape torch.Size([1, 1, 256, 512]) at layer: 6
Get Mod with shape torch.Size([1, 1, 512, 1024]) at layer: 7
start temperature: 0.3 noise parameter: 2.0
end temperature: 0.3 noise parameter: 2.0
********************Start from stage I
Step 400, BEST PSNR: 23.022582, Total loss 0.436695 with its rate 0.25398051738739014 latent_bits 133158.9375

🔁 Stage-1 Training Candidate 3/7
Quantizer parameter: encoding gain  16
total pixel: 524288
Get Mod with shape torch.Size([1, 1, 8, 16]) at layer: 1
Get Mod with shape torch.Size([1, 1, 16, 32]) at layer: 2
Get Mod with shape torch.Size([1, 1, 32, 64]) at layer: 3
Get Mod with shape torch.Size([1, 1, 64, 128]) at layer: 4
Get Mod with shape torch.Size([1, 1, 128, 256]) at layer: 5
Get Mod with shape torch.Size([1, 1, 256, 512]) at layer: 6
Get Mod with shape torch.Size([1, 1, 512, 1024]) at layer: 7
start temperature: 0.3 noise parameter: 2.0
end temperature: 0.3 noise parameter: 2.0
********************Start from stage I
Step 400, BEST PSNR: 23.059181, Total loss 0.430658 with its rate 0.2484547197818756 latent_bits 130261.828125

🔁 Stage-1 Training Candidate 4/7
Quantizer parameter: encoding gain  16
total pixel: 524288
Get Mod with shape torch.Size([1, 1, 8, 16]) at layer: 1
Get Mod with shape torch.Size([1, 1, 16, 32]) at layer: 2
Get Mod with shape torch.Size([1, 1, 32, 64]) at layer: 3
Get Mod with shape torch.Size([1, 1, 64, 128]) at layer: 4
Get Mod with shape torch.Size([1, 1, 128, 256]) at layer: 5
Get Mod with shape torch.Size([1, 1, 256, 512]) at layer: 6
Get Mod with shape torch.Size([1, 1, 512, 1024]) at layer: 7
start temperature: 0.3 noise parameter: 2.0
end temperature: 0.3 noise parameter: 2.0
********************Start from stage I
Step 400, BEST PSNR: 23.020429, Total loss 0.441138 with its rate 0.25874024629592896 latent_bits 135654.40625

🔁 Stage-1 Training Candidate 5/7
Quantizer parameter: encoding gain  16
total pixel: 524288
Get Mod with shape torch.Size([1, 1, 8, 16]) at layer: 1
Get Mod with shape torch.Size([1, 1, 16, 32]) at layer: 2
Get Mod with shape torch.Size([1, 1, 32, 64]) at layer: 3
Get Mod with shape torch.Size([1, 1, 64, 128]) at layer: 4
Get Mod with shape torch.Size([1, 1, 128, 256]) at layer: 5
Get Mod with shape torch.Size([1, 1, 256, 512]) at layer: 6
Get Mod with shape torch.Size([1, 1, 512, 1024]) at layer: 7
start temperature: 0.3 noise parameter: 2.0
end temperature: 0.3 noise parameter: 2.0
********************Start from stage I
Step 400, BEST PSNR: 22.954492, Total loss 0.429226 with its rate 0.2381080687046051 latent_bits 124837.203125

🔁 Stage-1 Training Candidate 6/7
Quantizer parameter: encoding gain  16
total pixel: 524288
Get Mod with shape torch.Size([1, 1, 8, 16]) at layer: 1
Get Mod with shape torch.Size([1, 1, 16, 32]) at layer: 2
Get Mod with shape torch.Size([1, 1, 32, 64]) at layer: 3
Get Mod with shape torch.Size([1, 1, 64, 128]) at layer: 4
Get Mod with shape torch.Size([1, 1, 128, 256]) at layer: 5
Get Mod with shape torch.Size([1, 1, 256, 512]) at layer: 6
Get Mod with shape torch.Size([1, 1, 512, 1024]) at layer: 7
start temperature: 0.3 noise parameter: 2.0
end temperature: 0.3 noise parameter: 2.0
********************Start from stage I
Step 400, BEST PSNR: 22.969758, Total loss 0.430794 with its rate 0.2409757524728775 latent_bits 126340.6953125

🔁 Stage-1 Training Candidate 7/7
Quantizer parameter: encoding gain  16
total pixel: 524288
Get Mod with shape torch.Size([1, 1, 8, 16]) at layer: 1
Get Mod with shape torch.Size([1, 1, 16, 32]) at layer: 2
Get Mod with shape torch.Size([1, 1, 32, 64]) at layer: 3
Get Mod with shape torch.Size([1, 1, 64, 128]) at layer: 4
Get Mod with shape torch.Size([1, 1, 128, 256]) at layer: 5
Get Mod with shape torch.Size([1, 1, 256, 512]) at layer: 6
Get Mod with shape torch.Size([1, 1, 512, 1024]) at layer: 7
start temperature: 0.3 noise parameter: 2.0
end temperature: 0.3 noise parameter: 2.0
********************Start from stage I
Step 400, BEST PSNR: 23.240608, Total loss 0.430981 with its rate 0.24650359153747559 latent_bits 129238.875

🌟 Selected Top-3 Candidates by RD cost

🎯 Stage-2 Refining Candidate 1/3
start temperature: 0.3 noise parameter: 2.0
end temperature: 0.3 noise parameter: 2.0
********************Start from stage I
Step 400, BEST PSNR: 23.551518, Total loss 0.444666 with its rate 0.2771345376968384 latent_bits 145298.3125

🎯 Stage-2 Refining Candidate 2/3
start temperature: 0.3 noise parameter: 2.0
end temperature: 0.3 noise parameter: 2.0
********************Start from stage I
Step 400, BEST PSNR: 23.833639, Total loss 0.443223 with its rate 0.2769206166267395 latent_bits 145186.15625

🎯 Stage-2 Refining Candidate 3/3
start temperature: 0.3 noise parameter: 2.0
end temperature: 0.3 noise parameter: 2.0
********************Start from stage I
Step 400, BEST PSNR: 23.285332, Total loss 0.445326 with its rate 0.27499622106552124 latent_bits 144177.21875

🏆 Best Candidate Final PSNR: 23.83, Rate: 0.2769
Masked_INR(
  (upsampling_2d): Upsampling(
    (conv_transpose2d): UpsamplingConvTranspose2d()
  )
  (arm): Arm(
    (mlp): Sequential(
      (0): ArmConv(
        (conv1_1): Conv1d(16, 16, kernel_size=(1,), stride=(1,))
      )
      (1): GELU(approximate='none')
      (2): ArmConv(
        (conv1_1): Conv1d(16, 16, kernel_size=(1,), stride=(1,))
      )
      (3): GELU(approximate='none')
      (4): ArmConv(
        (conv1_1): Conv1d(16, 2, kernel_size=(1,), stride=(1,))
      )
    )
  )
  (conv_mod): LocalGlobalBlock(
    (net): Sequential(
      (0): SynthesisLayer(
        (pad): Identity()
        (conv_layer): SWHDC(
          (conv): Conv2d(2, 3, kernel_size=(3, 3), stride=(1, 1))
        )
        (non_linearity): GELU(approximate='none')
      )
      (1): SynthesisResidualLayer(
        (pad): ReplicationPad2d((0, 0, 0, 0))
        (conv_layer): Conv2d(3, 3, kernel_size=(1, 1), stride=(1, 1))
        (non_linearity): GELU(approximate='none')
      )
      (2): SynthesisResidualLayer(
        (pad): ReplicationPad2d((0, 0, 0, 0))
        (conv_layer): Conv2d(3, 3, kernel_size=(1, 1), stride=(1, 1))
        (non_linearity): GELU(approximate='none')
      )
      (3): SynthesisResidualLayer(
        (pad): ReplicationPad2d((0, 0, 0, 0))
        (conv_layer): Conv2d(3, 3, kernel_size=(1, 1), stride=(1, 1))
        (non_linearity): Identity()
      )
    )
    (global_net): Sequential(
      (0): SynthesisLayer(
        (pad): Identity()
        (conv_layer): SWHDC(
          (conv): Conv2d(2, 3, kernel_size=(3, 3), stride=(1, 1))
        )
        (non_linearity): GELU(approximate='none')
      )
      (1): SynthesisResidualLayer(
        (pad): ReplicationPad2d((0, 0, 0, 0))
        (conv_layer): Conv2d(3, 3, kernel_size=(1, 1), stride=(1, 1))
        (non_linearity): GELU(approximate='none')
      )
      (2): SynthesisResidualLayer(
        (pad): ReplicationPad2d((0, 0, 0, 0))
        (conv_layer): Conv2d(3, 3, kernel_size=(1, 1), stride=(1, 1))
        (non_linearity): GELU(approximate='none')
      )
      (3): SynthesisResidualLayer(
        (pad): ReplicationPad2d((0, 0, 0, 0))
        (conv_layer): Conv2d(3, 3, kernel_size=(1, 1), stride=(1, 1))
        (non_linearity): Identity()
      )
    )
    (agg_func): Sequential(
      (0): SynthesisLayer(
        (pad): ReplicationPad2d((0, 0, 0, 0))
        (conv_layer): Conv2d(18, 3, kernel_size=(1, 1), stride=(1, 1))
        (non_linearity): GELU(approximate='none')
      )
      (1): SynthesisLayer(
        (pad): ReplicationPad2d((0, 0, 0, 0))
        (conv_layer): Conv2d(21, 3, kernel_size=(1, 1), stride=(1, 1))
        (non_linearity): GELU(approximate='none')
      )
      (2): SynthesisLayer(
        (pad): ReplicationPad2d((0, 0, 0, 0))
        (conv_layer): Conv2d(24, 3, kernel_size=(1, 1), stride=(1, 1))
        (non_linearity): GELU(approximate='none')
      )
    )
    (full_net): Sequential(
      (0): SynthesisLayer(
        (pad): ReplicationPad2d((0, 0, 0, 0))
        (conv_layer): Conv2d(7, 12, kernel_size=(1, 1), stride=(1, 1))
        (non_linearity): GELU(approximate='none')
      )
      (1): SynthesisLayer(
        (pad): ReplicationPad2d((0, 0, 0, 0))
        (conv_layer): Conv2d(12, 3, kernel_size=(1, 1), stride=(1, 1))
        (non_linearity): GELU(approximate='none')
      )
      (2): SynthesisResidualLayer(
        (conv_layer): Conv2d(3, 3, kernel_size=(3, 3), stride=(1, 1))
        (non_linearity): GELU(approximate='none')
      )
      (3): SynthesisResidualLayer(
        (conv_layer): Conv2d(3, 3, kernel_size=(3, 3), stride=(1, 1))
        (non_linearity): GELU(approximate='none')
      )
    )
  )
  (modulation_sf): ParameterList(
      (0): Parameter containing: [torch.float32 of size 1x1x8x16 (cuda:0)]
      (1): Parameter containing: [torch.float32 of size 1x1x16x32 (cuda:0)]
      (2): Parameter containing: [torch.float32 of size 1x1x32x64 (cuda:0)]
      (3): Parameter containing: [torch.float32 of size 1x1x64x128 (cuda:0)]
      (4): Parameter containing: [torch.float32 of size 1x1x128x256 (cuda:0)]
      (5): Parameter containing: [torch.float32 of size 1x1x256x512 (cuda:0)]
      (6): Parameter containing: [torch.float32 of size 1x1x512x1024 (cuda:0)]
  )
)
train the 19 -th image
start temperature: 0.3 noise parameter: 2.0
end temperature: 0.1 noise parameter: 1.0
********************Start from stage I
********************going into stage II
eval_object_psnr: 30.00632790974152
eval_background_psnr: 25.768464682671112
eval_background_psnr: 25.768464682671112
********************Evaluation the Image 19-th, after Step 999, BEST PSNR: 24.375874, Print rate 0.171394. *************************
Saved model at ./saved/modbase_7/context_16_arm_mod_16/sparity_0.0/inr_mod_16KODAK_ROI_Global_new_struture_7_12_3_33_orderconcat_operator_0_pw_0.8_img_object19.pth
Trained the image with PSNR: 24.375873519284344  latent bits 0.1713944524526596 latent bits number 89860.0546875
[26.26667153969039, 25.99057383617314, 26.28984751399874, 22.947318639606546, 24.29441434572143, 24.13140701196215, 26.564282149928285, 27.594175708404567, 27.185075567101137, 27.085246870301955, 26.676181294648444, 26.362167343962373, 27.19113515385744, 26.69753357879426, 27.322924083639382, 27.475075668224196, 27.46651306444708, 27.858802799197772, 24.311488369172228, 24.375873519284344]
[0.10971970856189728, 0.10732713341712952, 0.11180776357650757, 0.19319993257522583, 0.1766223907470703, 0.1677476167678833, 0.08303212374448776, 0.07987571507692337, 0.08553820103406906, 0.10399775207042694, 0.1113455593585968, 0.12303438782691956, 0.07939546555280685, 0.0797487199306488, 0.08132244646549225, 0.07252471148967743, 0.07219014316797256, 0.07127999514341354, 0.16601738333702087, 0.1713944524526596]
[57524.7265625, 56270.328125, 58619.46875, 101292.40625, 92601.0, 87948.0625, 43532.74609375, 41877.87890625, 44846.65234375, 54524.7734375, 58377.140625, 64505.453125, 41626.08984375, 41811.296875, 42636.3828125, 38023.8359375, 37848.42578125, 37371.24609375, 87040.921875, 89860.0546875]
load the model: ./saved/modbase_7/context_16_arm_mod_16/sparity_0.0/inr_mod_16KODAK_ROI_Global_new_struture_7_12_3_33_orderconcat_operator_0_pw_0.8_img_object19.pth for the  19 -th image
********************Evalutation with quantization
********************Starting quantizing models
eval_object_psnr: 29.287679635875264
full_image_psnr: 23.2115962825533
object_psnr: 29.287679635875264
background_psnr: 24.468544825709852
********************Evaluation the Image 19-th, BEST PSNR: 23.211596, Print rate 0.171751, Network rate 0.016455. *************************
eval_wsssim: 0.781354
Decoded image saved to ./experiments/vcip_wssim_tunado_diegoPC/decoded_images/othim20_maskerp_wsmse0_swhdc1_erp1_lambda0.8.png
Evaluate the image: PSNR: 23.2115962825533 All bits: 0.1882058084011078  latent bits: 0.17175111174583435  network bits: 0.016454696655273438
Evaluate arm network bits: 0.008157730102539062 Evaluate synthesis network bits: 0.00782012939453125
Image All bits num: 98674.046875 latent bits num: 90047.046875 mlp bits num: 8627.0 border bits num:
arm bits num: 4277.0 synthesis bits num: 4100.0
[25.725005229269772, 25.084490369571522, 26.126108564653624, 22.74168690510335, 23.87970493444533, 23.496738437492905, 25.208951654408963, 25.77196140367265, 26.052715971668807, 26.672117971893368, 25.43757771009635, 25.10468872503732, 26.728425483544964, 24.76948801016424, 26.038130375350335, 26.847126866985548, 25.548671165682507, 25.70670883575488, 23.138650212636747, 23.2115962825533]
[0.12852253019809723, 0.12484615296125412, 0.13026711344718933, 0.21137559413909912, 0.19534045457839966, 0.18472929298877716, 0.09931357949972153, 0.09671350568532944, 0.10299995541572571, 0.12199412286281586, 0.1287393867969513, 0.13995394855737686, 0.09796439111232758, 0.09543980658054352, 0.09846967458724976, 0.09005653858184814, 0.088145911693573, 0.0883798599243164, 0.18304041028022766, 0.1882058084011078]
[67382.8203125, 65455.33984375, 68297.484375, 110821.6875, 102414.65625, 96851.3515625, 52068.91796875, 50705.73046875, 54001.640625, 63960.0546875, 67496.515625, 73376.17578125, 51361.5546875, 50037.9453125, 51626.46875, 47215.5625, 46213.84375, 46336.5, 95965.890625, 98674.046875]
Metrics saved to ./experiments/vcip_wssim_tunado_diegoPC/results.csv
Current eval Ave PSNR: 25.164527255499326 Ave Bits 0.12972490191459657
Namespace(batch_size=1, lr=0.01, data='../data', sparsity=0.0, local_upsampling_kernel_size=8, upsampling_kernel_size=8, static_upsampling_kernel=False, latent_factor=1, mod_base=7, highest_flag=1, context_arm=16, dim_arm_mod=16, use_candidate=True, type='other', mod_hid_layer=0, sythesis_features=12, hidden_features=64, hidden_layer=2, scale=1, lambda_rate=0.8, lambda_rate_list=[0.4, 0.8], start_index=0, mask_type='erp', wsmse_tag=0, swhdc_tag=1, swhdc_dilations=[1, 2, 3, 4], erp_padding=1, workdir='./experiments/vcip_wssim_tunado_diegoPC', train_steps_1=5000, train_steps_2=1000, loss_type='combined', lambda_dist=0.0, lambda_percep=1.0, patch_h=512, patch_w=1024, all_pix_num=524288, eval_pix_num=524288)
Directory './saved/modbase_7/context_16_arm_mod_16' already exists.
Directory './saved/modbase_7/context_16_arm_mod_16/sparity_0.0' already exists.
top %: 0.0

🔁 Stage-1 Training Candidate 1/7
Quantizer parameter: encoding gain  16
total pixel: 524288
Get Mod with shape torch.Size([1, 1, 8, 16]) at layer: 1
Get Mod with shape torch.Size([1, 1, 16, 32]) at layer: 2
Get Mod with shape torch.Size([1, 1, 32, 64]) at layer: 3
Get Mod with shape torch.Size([1, 1, 64, 128]) at layer: 4
Get Mod with shape torch.Size([1, 1, 128, 256]) at layer: 5
Get Mod with shape torch.Size([1, 1, 256, 512]) at layer: 6
Get Mod with shape torch.Size([1, 1, 512, 1024]) at layer: 7
start temperature: 0.3 noise parameter: 2.0
end temperature: 0.3 noise parameter: 2.0
********************Start from stage I
Step 400, BEST PSNR: 21.929851, Total loss 0.438175 with its rate 0.24270756542682648 latent_bits 127248.6640625

🔁 Stage-1 Training Candidate 2/7
Quantizer parameter: encoding gain  16
total pixel: 524288
Get Mod with shape torch.Size([1, 1, 8, 16]) at layer: 1
Get Mod with shape torch.Size([1, 1, 16, 32]) at layer: 2
Get Mod with shape torch.Size([1, 1, 32, 64]) at layer: 3
Get Mod with shape torch.Size([1, 1, 64, 128]) at layer: 4
Get Mod with shape torch.Size([1, 1, 128, 256]) at layer: 5
Get Mod with shape torch.Size([1, 1, 256, 512]) at layer: 6
Get Mod with shape torch.Size([1, 1, 512, 1024]) at layer: 7
start temperature: 0.3 noise parameter: 2.0
end temperature: 0.3 noise parameter: 2.0
********************Start from stage I
Step 400, BEST PSNR: 23.168464, Total loss 0.437830 with its rate 0.24909257888793945 latent_bits 130596.25

🔁 Stage-1 Training Candidate 3/7
Quantizer parameter: encoding gain  16
total pixel: 524288
Get Mod with shape torch.Size([1, 1, 8, 16]) at layer: 1
Get Mod with shape torch.Size([1, 1, 16, 32]) at layer: 2
Get Mod with shape torch.Size([1, 1, 32, 64]) at layer: 3
Get Mod with shape torch.Size([1, 1, 64, 128]) at layer: 4
Get Mod with shape torch.Size([1, 1, 128, 256]) at layer: 5
Get Mod with shape torch.Size([1, 1, 256, 512]) at layer: 6
Get Mod with shape torch.Size([1, 1, 512, 1024]) at layer: 7
start temperature: 0.3 noise parameter: 2.0
end temperature: 0.3 noise parameter: 2.0
********************Start from stage I
Step 400, BEST PSNR: 23.371908, Total loss 0.433870 with its rate 0.24635794758796692 latent_bits 129162.515625

🔁 Stage-1 Training Candidate 4/7
Quantizer parameter: encoding gain  16
total pixel: 524288
Get Mod with shape torch.Size([1, 1, 8, 16]) at layer: 1
Get Mod with shape torch.Size([1, 1, 16, 32]) at layer: 2
Get Mod with shape torch.Size([1, 1, 32, 64]) at layer: 3
Get Mod with shape torch.Size([1, 1, 64, 128]) at layer: 4
Get Mod with shape torch.Size([1, 1, 128, 256]) at layer: 5
Get Mod with shape torch.Size([1, 1, 256, 512]) at layer: 6
Get Mod with shape torch.Size([1, 1, 512, 1024]) at layer: 7
start temperature: 0.3 noise parameter: 2.0
end temperature: 0.3 noise parameter: 2.0
********************Start from stage I
Step 400, BEST PSNR: 22.877293, Total loss 0.434544 with its rate 0.24899014830589294 latent_bits 130542.546875

🔁 Stage-1 Training Candidate 5/7
Quantizer parameter: encoding gain  16
total pixel: 524288
Get Mod with shape torch.Size([1, 1, 8, 16]) at layer: 1
Get Mod with shape torch.Size([1, 1, 16, 32]) at layer: 2
Get Mod with shape torch.Size([1, 1, 32, 64]) at layer: 3
Get Mod with shape torch.Size([1, 1, 64, 128]) at layer: 4
Get Mod with shape torch.Size([1, 1, 128, 256]) at layer: 5
Get Mod with shape torch.Size([1, 1, 256, 512]) at layer: 6
Get Mod with shape torch.Size([1, 1, 512, 1024]) at layer: 7
start temperature: 0.3 noise parameter: 2.0
end temperature: 0.3 noise parameter: 2.0
********************Start from stage I
Step 400, BEST PSNR: 22.290157, Total loss 0.430332 with its rate 0.2328697144985199 latent_bits 122090.796875

🔁 Stage-1 Training Candidate 6/7
Quantizer parameter: encoding gain  16
total pixel: 524288
Get Mod with shape torch.Size([1, 1, 8, 16]) at layer: 1
Get Mod with shape torch.Size([1, 1, 16, 32]) at layer: 2
Get Mod with shape torch.Size([1, 1, 32, 64]) at layer: 3
Get Mod with shape torch.Size([1, 1, 64, 128]) at layer: 4
Get Mod with shape torch.Size([1, 1, 128, 256]) at layer: 5
Get Mod with shape torch.Size([1, 1, 256, 512]) at layer: 6
Get Mod with shape torch.Size([1, 1, 512, 1024]) at layer: 7
start temperature: 0.3 noise parameter: 2.0
end temperature: 0.3 noise parameter: 2.0
********************Start from stage I
Step 400, BEST PSNR: 23.190924, Total loss 0.428558 with its rate 0.241402730345726 latent_bits 126564.5546875

🔁 Stage-1 Training Candidate 7/7
Quantizer parameter: encoding gain  16
total pixel: 524288
Get Mod with shape torch.Size([1, 1, 8, 16]) at layer: 1
Get Mod with shape torch.Size([1, 1, 16, 32]) at layer: 2
Get Mod with shape torch.Size([1, 1, 32, 64]) at layer: 3
Get Mod with shape torch.Size([1, 1, 64, 128]) at layer: 4
Get Mod with shape torch.Size([1, 1, 128, 256]) at layer: 5
Get Mod with shape torch.Size([1, 1, 256, 512]) at layer: 6
Get Mod with shape torch.Size([1, 1, 512, 1024]) at layer: 7
start temperature: 0.3 noise parameter: 2.0
end temperature: 0.3 noise parameter: 2.0
********************Start from stage I
Step 400, BEST PSNR: 23.035520, Total loss 0.427706 with its rate 0.24278299510478973 latent_bits 127288.2109375

🌟 Selected Top-3 Candidates by RD cost

🎯 Stage-2 Refining Candidate 1/3
start temperature: 0.3 noise parameter: 2.0
end temperature: 0.3 noise parameter: 2.0
********************Start from stage I
Step 400, BEST PSNR: 23.631402, Total loss 0.446393 with its rate 0.28275758028030396 latent_bits 148246.40625

🎯 Stage-2 Refining Candidate 2/3
start temperature: 0.3 noise parameter: 2.0
end temperature: 0.3 noise parameter: 2.0
********************Start from stage I
Step 400, BEST PSNR: 23.689633, Total loss 0.448222 with its rate 0.2833532392978668 latent_bits 148558.703125

🎯 Stage-2 Refining Candidate 3/3
start temperature: 0.3 noise parameter: 2.0
end temperature: 0.3 noise parameter: 2.0
********************Start from stage I
Step 400, BEST PSNR: 23.428298, Total loss 0.445206 with its rate 0.2704787254333496 latent_bits 141808.75

🏆 Best Candidate Final PSNR: 23.43, Rate: 0.2705
Masked_INR(
  (upsampling_2d): Upsampling(
    (conv_transpose2d): UpsamplingConvTranspose2d()
  )
  (arm): Arm(
    (mlp): Sequential(
      (0): ArmConv(
        (conv1_1): Conv1d(16, 16, kernel_size=(1,), stride=(1,))
      )
      (1): GELU(approximate='none')
      (2): ArmConv(
        (conv1_1): Conv1d(16, 16, kernel_size=(1,), stride=(1,))
      )
      (3): GELU(approximate='none')
      (4): ArmConv(
        (conv1_1): Conv1d(16, 2, kernel_size=(1,), stride=(1,))
      )
    )
  )
  (conv_mod): LocalGlobalBlock(
    (net): Sequential(
      (0): SynthesisLayer(
        (pad): Identity()
        (conv_layer): SWHDC(
          (conv): Conv2d(2, 3, kernel_size=(3, 3), stride=(1, 1))
        )
        (non_linearity): GELU(approximate='none')
      )
      (1): SynthesisResidualLayer(
        (pad): ReplicationPad2d((0, 0, 0, 0))
        (conv_layer): Conv2d(3, 3, kernel_size=(1, 1), stride=(1, 1))
        (non_linearity): GELU(approximate='none')
      )
      (2): SynthesisResidualLayer(
        (pad): ReplicationPad2d((0, 0, 0, 0))
        (conv_layer): Conv2d(3, 3, kernel_size=(1, 1), stride=(1, 1))
        (non_linearity): GELU(approximate='none')
      )
      (3): SynthesisResidualLayer(
        (pad): ReplicationPad2d((0, 0, 0, 0))
        (conv_layer): Conv2d(3, 3, kernel_size=(1, 1), stride=(1, 1))
        (non_linearity): Identity()
      )
    )
    (global_net): Sequential(
      (0): SynthesisLayer(
        (pad): Identity()
        (conv_layer): SWHDC(
          (conv): Conv2d(2, 3, kernel_size=(3, 3), stride=(1, 1))
        )
        (non_linearity): GELU(approximate='none')
      )
      (1): SynthesisResidualLayer(
        (pad): ReplicationPad2d((0, 0, 0, 0))
        (conv_layer): Conv2d(3, 3, kernel_size=(1, 1), stride=(1, 1))
        (non_linearity): GELU(approximate='none')
      )
      (2): SynthesisResidualLayer(
        (pad): ReplicationPad2d((0, 0, 0, 0))
        (conv_layer): Conv2d(3, 3, kernel_size=(1, 1), stride=(1, 1))
        (non_linearity): GELU(approximate='none')
      )
      (3): SynthesisResidualLayer(
        (pad): ReplicationPad2d((0, 0, 0, 0))
        (conv_layer): Conv2d(3, 3, kernel_size=(1, 1), stride=(1, 1))
        (non_linearity): Identity()
      )
    )
    (agg_func): Sequential(
      (0): SynthesisLayer(
        (pad): ReplicationPad2d((0, 0, 0, 0))
        (conv_layer): Conv2d(18, 3, kernel_size=(1, 1), stride=(1, 1))
        (non_linearity): GELU(approximate='none')
      )
      (1): SynthesisLayer(
        (pad): ReplicationPad2d((0, 0, 0, 0))
        (conv_layer): Conv2d(21, 3, kernel_size=(1, 1), stride=(1, 1))
        (non_linearity): GELU(approximate='none')
      )
      (2): SynthesisLayer(
        (pad): ReplicationPad2d((0, 0, 0, 0))
        (conv_layer): Conv2d(24, 3, kernel_size=(1, 1), stride=(1, 1))
        (non_linearity): GELU(approximate='none')
      )
    )
    (full_net): Sequential(
      (0): SynthesisLayer(
        (pad): ReplicationPad2d((0, 0, 0, 0))
        (conv_layer): Conv2d(7, 12, kernel_size=(1, 1), stride=(1, 1))
        (non_linearity): GELU(approximate='none')
      )
      (1): SynthesisLayer(
        (pad): ReplicationPad2d((0, 0, 0, 0))
        (conv_layer): Conv2d(12, 3, kernel_size=(1, 1), stride=(1, 1))
        (non_linearity): GELU(approximate='none')
      )
      (2): SynthesisResidualLayer(
        (conv_layer): Conv2d(3, 3, kernel_size=(3, 3), stride=(1, 1))
        (non_linearity): GELU(approximate='none')
      )
      (3): SynthesisResidualLayer(
        (conv_layer): Conv2d(3, 3, kernel_size=(3, 3), stride=(1, 1))
        (non_linearity): GELU(approximate='none')
      )
    )
  )
  (modulation_sf): ParameterList(
      (0): Parameter containing: [torch.float32 of size 1x1x8x16 (cuda:0)]
      (1): Parameter containing: [torch.float32 of size 1x1x16x32 (cuda:0)]
      (2): Parameter containing: [torch.float32 of size 1x1x32x64 (cuda:0)]
      (3): Parameter containing: [torch.float32 of size 1x1x64x128 (cuda:0)]
      (4): Parameter containing: [torch.float32 of size 1x1x128x256 (cuda:0)]
      (5): Parameter containing: [torch.float32 of size 1x1x256x512 (cuda:0)]
      (6): Parameter containing: [torch.float32 of size 1x1x512x1024 (cuda:0)]
  )
)
train the 20 -th image
start temperature: 0.3 noise parameter: 2.0
end temperature: 0.1 noise parameter: 1.0
********************Start from stage I
********************going into stage II
eval_object_psnr: 29.64740194776503
eval_background_psnr: 25.597103767741412
eval_background_psnr: 25.597103767741412
********************Evaluation the Image 20-th, after Step 999, BEST PSNR: 24.152950, Print rate 0.167042. *************************
Saved model at ./saved/modbase_7/context_16_arm_mod_16/sparity_0.0/inr_mod_16KODAK_ROI_Global_new_struture_7_12_3_33_orderconcat_operator_0_pw_0.8_img_object20.pth
Trained the image with PSNR: 24.15294994882635  latent bits 0.16704174876213074 latent bits number 87577.984375
[26.26667153969039, 25.99057383617314, 26.28984751399874, 22.947318639606546, 24.29441434572143, 24.13140701196215, 26.564282149928285, 27.594175708404567, 27.185075567101137, 27.085246870301955, 26.676181294648444, 26.362167343962373, 27.19113515385744, 26.69753357879426, 27.322924083639382, 27.475075668224196, 27.46651306444708, 27.858802799197772, 24.311488369172228, 24.375873519284344, 24.15294994882635]
[0.10971970856189728, 0.10732713341712952, 0.11180776357650757, 0.19319993257522583, 0.1766223907470703, 0.1677476167678833, 0.08303212374448776, 0.07987571507692337, 0.08553820103406906, 0.10399775207042694, 0.1113455593585968, 0.12303438782691956, 0.07939546555280685, 0.0797487199306488, 0.08132244646549225, 0.07252471148967743, 0.07219014316797256, 0.07127999514341354, 0.16601738333702087, 0.1713944524526596, 0.16704174876213074]
[57524.7265625, 56270.328125, 58619.46875, 101292.40625, 92601.0, 87948.0625, 43532.74609375, 41877.87890625, 44846.65234375, 54524.7734375, 58377.140625, 64505.453125, 41626.08984375, 41811.296875, 42636.3828125, 38023.8359375, 37848.42578125, 37371.24609375, 87040.921875, 89860.0546875, 87577.984375]
load the model: ./saved/modbase_7/context_16_arm_mod_16/sparity_0.0/inr_mod_16KODAK_ROI_Global_new_struture_7_12_3_33_orderconcat_operator_0_pw_0.8_img_object20.pth for the  20 -th image
********************Evalutation with quantization
********************Starting quantizing models
eval_object_psnr: 29.317485936059132
full_image_psnr: 23.614036712838203
object_psnr: 29.317485936059132
background_psnr: 24.97878765664592
********************Evaluation the Image 20-th, BEST PSNR: 23.614037, Print rate 0.167944, Network rate 0.014944. *************************
eval_wsssim: 0.784319
Decoded image saved to ./experiments/vcip_wssim_tunado_diegoPC/decoded_images/othim21_maskerp_wsmse0_swhdc1_erp1_lambda0.8.png
Evaluate the image: PSNR: 23.614036712838203 All bits: 0.1828884482383728  latent bits: 0.16794437170028687  network bits: 0.014944076538085938
Evaluate arm network bits: 0.006771087646484375 Evaluate synthesis network bits: 0.007694244384765625
Image All bits num: 95886.21875 latent bits num: 88051.21875 mlp bits num: 7835.0 border bits num:
arm bits num: 3550.0 synthesis bits num: 4034.0
[25.725005229269772, 25.084490369571522, 26.126108564653624, 22.74168690510335, 23.87970493444533, 23.496738437492905, 25.208951654408963, 25.77196140367265, 26.052715971668807, 26.672117971893368, 25.43757771009635, 25.10468872503732, 26.728425483544964, 24.76948801016424, 26.038130375350335, 26.847126866985548, 25.548671165682507, 25.70670883575488, 23.138650212636747, 23.2115962825533, 23.614036712838203]
[0.12852253019809723, 0.12484615296125412, 0.13026711344718933, 0.21137559413909912, 0.19534045457839966, 0.18472929298877716, 0.09931357949972153, 0.09671350568532944, 0.10299995541572571, 0.12199412286281586, 0.1287393867969513, 0.13995394855737686, 0.09796439111232758, 0.09543980658054352, 0.09846967458724976, 0.09005653858184814, 0.088145911693573, 0.0883798599243164, 0.18304041028022766, 0.1882058084011078, 0.1828884482383728]
[67382.8203125, 65455.33984375, 68297.484375, 110821.6875, 102414.65625, 96851.3515625, 52068.91796875, 50705.73046875, 54001.640625, 63960.0546875, 67496.515625, 73376.17578125, 51361.5546875, 50037.9453125, 51626.46875, 47215.5625, 46213.84375, 46336.5, 95965.890625, 98674.046875, 95886.21875]
Metrics saved to ./experiments/vcip_wssim_tunado_diegoPC/results.csv
Current eval Ave PSNR: 25.090694372515465 Ave Bits 0.1322564993585859
Namespace(batch_size=1, lr=0.01, data='../data', sparsity=0.0, local_upsampling_kernel_size=8, upsampling_kernel_size=8, static_upsampling_kernel=False, latent_factor=1, mod_base=7, highest_flag=1, context_arm=16, dim_arm_mod=16, use_candidate=True, type='other', mod_hid_layer=0, sythesis_features=12, hidden_features=64, hidden_layer=2, scale=1, lambda_rate=0.8, lambda_rate_list=[0.4, 0.8], start_index=0, mask_type='erp', wsmse_tag=0, swhdc_tag=1, swhdc_dilations=[1, 2, 3, 4], erp_padding=1, workdir='./experiments/vcip_wssim_tunado_diegoPC', train_steps_1=5000, train_steps_2=1000, loss_type='combined', lambda_dist=0.0, lambda_percep=1.0, patch_h=512, patch_w=1024, all_pix_num=524288, eval_pix_num=524288)
Directory './saved/modbase_7/context_16_arm_mod_16' already exists.
Directory './saved/modbase_7/context_16_arm_mod_16/sparity_0.0' already exists.
top %: 0.0

🔁 Stage-1 Training Candidate 1/7
Quantizer parameter: encoding gain  16
total pixel: 524288
Get Mod with shape torch.Size([1, 1, 8, 16]) at layer: 1
Get Mod with shape torch.Size([1, 1, 16, 32]) at layer: 2
Get Mod with shape torch.Size([1, 1, 32, 64]) at layer: 3
Get Mod with shape torch.Size([1, 1, 64, 128]) at layer: 4
Get Mod with shape torch.Size([1, 1, 128, 256]) at layer: 5
Get Mod with shape torch.Size([1, 1, 256, 512]) at layer: 6
Get Mod with shape torch.Size([1, 1, 512, 1024]) at layer: 7
start temperature: 0.3 noise parameter: 2.0
end temperature: 0.3 noise parameter: 2.0
********************Start from stage I
Step 400, BEST PSNR: 23.722204, Total loss 0.294300 with its rate 0.15389907360076904 latent_bits 80687.4375

🔁 Stage-1 Training Candidate 2/7
Quantizer parameter: encoding gain  16
total pixel: 524288
Get Mod with shape torch.Size([1, 1, 8, 16]) at layer: 1
Get Mod with shape torch.Size([1, 1, 16, 32]) at layer: 2
Get Mod with shape torch.Size([1, 1, 32, 64]) at layer: 3
Get Mod with shape torch.Size([1, 1, 64, 128]) at layer: 4
Get Mod with shape torch.Size([1, 1, 128, 256]) at layer: 5
Get Mod with shape torch.Size([1, 1, 256, 512]) at layer: 6
Get Mod with shape torch.Size([1, 1, 512, 1024]) at layer: 7
start temperature: 0.3 noise parameter: 2.0
end temperature: 0.3 noise parameter: 2.0
********************Start from stage I
Step 400, BEST PSNR: 23.636661, Total loss 0.295380 with its rate 0.14867135882377625 latent_bits 77946.609375

🔁 Stage-1 Training Candidate 3/7
Quantizer parameter: encoding gain  16
total pixel: 524288
Get Mod with shape torch.Size([1, 1, 8, 16]) at layer: 1
Get Mod with shape torch.Size([1, 1, 16, 32]) at layer: 2
Get Mod with shape torch.Size([1, 1, 32, 64]) at layer: 3
Get Mod with shape torch.Size([1, 1, 64, 128]) at layer: 4
Get Mod with shape torch.Size([1, 1, 128, 256]) at layer: 5
Get Mod with shape torch.Size([1, 1, 256, 512]) at layer: 6
Get Mod with shape torch.Size([1, 1, 512, 1024]) at layer: 7
start temperature: 0.3 noise parameter: 2.0
end temperature: 0.3 noise parameter: 2.0
********************Start from stage I
Step 400, BEST PSNR: 23.303848, Total loss 0.304715 with its rate 0.14993035793304443 latent_bits 78606.6875

🔁 Stage-1 Training Candidate 4/7
Quantizer parameter: encoding gain  16
total pixel: 524288
Get Mod with shape torch.Size([1, 1, 8, 16]) at layer: 1
Get Mod with shape torch.Size([1, 1, 16, 32]) at layer: 2
Get Mod with shape torch.Size([1, 1, 32, 64]) at layer: 3
Get Mod with shape torch.Size([1, 1, 64, 128]) at layer: 4
Get Mod with shape torch.Size([1, 1, 128, 256]) at layer: 5
Get Mod with shape torch.Size([1, 1, 256, 512]) at layer: 6
Get Mod with shape torch.Size([1, 1, 512, 1024]) at layer: 7
start temperature: 0.3 noise parameter: 2.0
end temperature: 0.3 noise parameter: 2.0
********************Start from stage I
Step 400, BEST PSNR: 23.352817, Total loss 0.296698 with its rate 0.15331968665122986 latent_bits 80383.671875

🔁 Stage-1 Training Candidate 5/7
Quantizer parameter: encoding gain  16
total pixel: 524288
Get Mod with shape torch.Size([1, 1, 8, 16]) at layer: 1
Get Mod with shape torch.Size([1, 1, 16, 32]) at layer: 2
Get Mod with shape torch.Size([1, 1, 32, 64]) at layer: 3
Get Mod with shape torch.Size([1, 1, 64, 128]) at layer: 4
Get Mod with shape torch.Size([1, 1, 128, 256]) at layer: 5
Get Mod with shape torch.Size([1, 1, 256, 512]) at layer: 6
Get Mod with shape torch.Size([1, 1, 512, 1024]) at layer: 7
start temperature: 0.3 noise parameter: 2.0
end temperature: 0.3 noise parameter: 2.0
********************Start from stage I
Step 400, BEST PSNR: 23.317944, Total loss 0.297663 with its rate 0.15184286236763 latent_bits 79609.390625

🔁 Stage-1 Training Candidate 6/7
Quantizer parameter: encoding gain  16
total pixel: 524288
Get Mod with shape torch.Size([1, 1, 8, 16]) at layer: 1
Get Mod with shape torch.Size([1, 1, 16, 32]) at layer: 2
Get Mod with shape torch.Size([1, 1, 32, 64]) at layer: 3
Get Mod with shape torch.Size([1, 1, 64, 128]) at layer: 4
Get Mod with shape torch.Size([1, 1, 128, 256]) at layer: 5
Get Mod with shape torch.Size([1, 1, 256, 512]) at layer: 6
Get Mod with shape torch.Size([1, 1, 512, 1024]) at layer: 7
start temperature: 0.3 noise parameter: 2.0
end temperature: 0.3 noise parameter: 2.0
********************Start from stage I
Step 400, BEST PSNR: 23.452096, Total loss 0.305889 with its rate 0.16522806882858276 latent_bits 86627.09375

🔁 Stage-1 Training Candidate 7/7
Quantizer parameter: encoding gain  16
total pixel: 524288
Get Mod with shape torch.Size([1, 1, 8, 16]) at layer: 1
Get Mod with shape torch.Size([1, 1, 16, 32]) at layer: 2
Get Mod with shape torch.Size([1, 1, 32, 64]) at layer: 3
Get Mod with shape torch.Size([1, 1, 64, 128]) at layer: 4
Get Mod with shape torch.Size([1, 1, 128, 256]) at layer: 5
Get Mod with shape torch.Size([1, 1, 256, 512]) at layer: 6
Get Mod with shape torch.Size([1, 1, 512, 1024]) at layer: 7
start temperature: 0.3 noise parameter: 2.0
end temperature: 0.3 noise parameter: 2.0
********************Start from stage I
Step 400, BEST PSNR: 22.888874, Total loss 0.294439 with its rate 0.13378795981407166 latent_bits 70143.421875

🌟 Selected Top-3 Candidates by RD cost

🎯 Stage-2 Refining Candidate 1/3
start temperature: 0.3 noise parameter: 2.0
end temperature: 0.3 noise parameter: 2.0
********************Start from stage I
Step 400, BEST PSNR: 24.471395, Total loss 0.306650 with its rate 0.18590432405471802 latent_bits 97467.40625

🎯 Stage-2 Refining Candidate 2/3
start temperature: 0.3 noise parameter: 2.0
end temperature: 0.3 noise parameter: 2.0
********************Start from stage I
Step 400, BEST PSNR: 24.133097, Total loss 0.308345 with its rate 0.18661260604858398 latent_bits 97838.75

🎯 Stage-2 Refining Candidate 3/3
start temperature: 0.3 noise parameter: 2.0
end temperature: 0.3 noise parameter: 2.0
********************Start from stage I
Step 400, BEST PSNR: 24.178661, Total loss 0.299830 with its rate 0.18302206695079803 latent_bits 95956.2734375

🏆 Best Candidate Final PSNR: 24.18, Rate: 0.1830
Masked_INR(
  (upsampling_2d): Upsampling(
    (conv_transpose2d): UpsamplingConvTranspose2d()
  )
  (arm): Arm(
    (mlp): Sequential(
      (0): ArmConv(
        (conv1_1): Conv1d(16, 16, kernel_size=(1,), stride=(1,))
      )
      (1): GELU(approximate='none')
      (2): ArmConv(
        (conv1_1): Conv1d(16, 16, kernel_size=(1,), stride=(1,))
      )
      (3): GELU(approximate='none')
      (4): ArmConv(
        (conv1_1): Conv1d(16, 2, kernel_size=(1,), stride=(1,))
      )
    )
  )
  (conv_mod): LocalGlobalBlock(
    (net): Sequential(
      (0): SynthesisLayer(
        (pad): Identity()
        (conv_layer): SWHDC(
          (conv): Conv2d(2, 3, kernel_size=(3, 3), stride=(1, 1))
        )
        (non_linearity): GELU(approximate='none')
      )
      (1): SynthesisResidualLayer(
        (pad): ReplicationPad2d((0, 0, 0, 0))
        (conv_layer): Conv2d(3, 3, kernel_size=(1, 1), stride=(1, 1))
        (non_linearity): GELU(approximate='none')
      )
      (2): SynthesisResidualLayer(
        (pad): ReplicationPad2d((0, 0, 0, 0))
        (conv_layer): Conv2d(3, 3, kernel_size=(1, 1), stride=(1, 1))
        (non_linearity): GELU(approximate='none')
      )
      (3): SynthesisResidualLayer(
        (pad): ReplicationPad2d((0, 0, 0, 0))
        (conv_layer): Conv2d(3, 3, kernel_size=(1, 1), stride=(1, 1))
        (non_linearity): Identity()
      )
    )
    (global_net): Sequential(
      (0): SynthesisLayer(
        (pad): Identity()
        (conv_layer): SWHDC(
          (conv): Conv2d(2, 3, kernel_size=(3, 3), stride=(1, 1))
        )
        (non_linearity): GELU(approximate='none')
      )
      (1): SynthesisResidualLayer(
        (pad): ReplicationPad2d((0, 0, 0, 0))
        (conv_layer): Conv2d(3, 3, kernel_size=(1, 1), stride=(1, 1))
        (non_linearity): GELU(approximate='none')
      )
      (2): SynthesisResidualLayer(
        (pad): ReplicationPad2d((0, 0, 0, 0))
        (conv_layer): Conv2d(3, 3, kernel_size=(1, 1), stride=(1, 1))
        (non_linearity): GELU(approximate='none')
      )
      (3): SynthesisResidualLayer(
        (pad): ReplicationPad2d((0, 0, 0, 0))
        (conv_layer): Conv2d(3, 3, kernel_size=(1, 1), stride=(1, 1))
        (non_linearity): Identity()
      )
    )
    (agg_func): Sequential(
      (0): SynthesisLayer(
        (pad): ReplicationPad2d((0, 0, 0, 0))
        (conv_layer): Conv2d(18, 3, kernel_size=(1, 1), stride=(1, 1))
        (non_linearity): GELU(approximate='none')
      )
      (1): SynthesisLayer(
        (pad): ReplicationPad2d((0, 0, 0, 0))
        (conv_layer): Conv2d(21, 3, kernel_size=(1, 1), stride=(1, 1))
        (non_linearity): GELU(approximate='none')
      )
      (2): SynthesisLayer(
        (pad): ReplicationPad2d((0, 0, 0, 0))
        (conv_layer): Conv2d(24, 3, kernel_size=(1, 1), stride=(1, 1))
        (non_linearity): GELU(approximate='none')
      )
    )
    (full_net): Sequential(
      (0): SynthesisLayer(
        (pad): ReplicationPad2d((0, 0, 0, 0))
        (conv_layer): Conv2d(7, 12, kernel_size=(1, 1), stride=(1, 1))
        (non_linearity): GELU(approximate='none')
      )
      (1): SynthesisLayer(
        (pad): ReplicationPad2d((0, 0, 0, 0))
        (conv_layer): Conv2d(12, 3, kernel_size=(1, 1), stride=(1, 1))
        (non_linearity): GELU(approximate='none')
      )
      (2): SynthesisResidualLayer(
        (conv_layer): Conv2d(3, 3, kernel_size=(3, 3), stride=(1, 1))
        (non_linearity): GELU(approximate='none')
      )
      (3): SynthesisResidualLayer(
        (conv_layer): Conv2d(3, 3, kernel_size=(3, 3), stride=(1, 1))
        (non_linearity): GELU(approximate='none')
      )
    )
  )
  (modulation_sf): ParameterList(
      (0): Parameter containing: [torch.float32 of size 1x1x8x16 (cuda:0)]
      (1): Parameter containing: [torch.float32 of size 1x1x16x32 (cuda:0)]
      (2): Parameter containing: [torch.float32 of size 1x1x32x64 (cuda:0)]
      (3): Parameter containing: [torch.float32 of size 1x1x64x128 (cuda:0)]
      (4): Parameter containing: [torch.float32 of size 1x1x128x256 (cuda:0)]
      (5): Parameter containing: [torch.float32 of size 1x1x256x512 (cuda:0)]
      (6): Parameter containing: [torch.float32 of size 1x1x512x1024 (cuda:0)]
  )
)
train the 21 -th image
start temperature: 0.3 noise parameter: 2.0
end temperature: 0.1 noise parameter: 1.0
********************Start from stage I
********************going into stage II
eval_object_psnr: 29.945693576382407
eval_background_psnr: 27.240933184976956
eval_background_psnr: 27.240933184976956
********************Evaluation the Image 21-th, after Step 999, BEST PSNR: 25.369594, Print rate 0.082508. *************************
Saved model at ./saved/modbase_7/context_16_arm_mod_16/sparity_0.0/inr_mod_16KODAK_ROI_Global_new_struture_7_12_3_33_orderconcat_operator_0_pw_0.8_img_object21.pth
Trained the image with PSNR: 25.369593728706324  latent bits 0.0825081393122673 latent bits number 43258.02734375
[26.26667153969039, 25.99057383617314, 26.28984751399874, 22.947318639606546, 24.29441434572143, 24.13140701196215, 26.564282149928285, 27.594175708404567, 27.185075567101137, 27.085246870301955, 26.676181294648444, 26.362167343962373, 27.19113515385744, 26.69753357879426, 27.322924083639382, 27.475075668224196, 27.46651306444708, 27.858802799197772, 24.311488369172228, 24.375873519284344, 24.15294994882635, 25.369593728706324]
[0.10971970856189728, 0.10732713341712952, 0.11180776357650757, 0.19319993257522583, 0.1766223907470703, 0.1677476167678833, 0.08303212374448776, 0.07987571507692337, 0.08553820103406906, 0.10399775207042694, 0.1113455593585968, 0.12303438782691956, 0.07939546555280685, 0.0797487199306488, 0.08132244646549225, 0.07252471148967743, 0.07219014316797256, 0.07127999514341354, 0.16601738333702087, 0.1713944524526596, 0.16704174876213074, 0.0825081393122673]
[57524.7265625, 56270.328125, 58619.46875, 101292.40625, 92601.0, 87948.0625, 43532.74609375, 41877.87890625, 44846.65234375, 54524.7734375, 58377.140625, 64505.453125, 41626.08984375, 41811.296875, 42636.3828125, 38023.8359375, 37848.42578125, 37371.24609375, 87040.921875, 89860.0546875, 87577.984375, 43258.02734375]
load the model: ./saved/modbase_7/context_16_arm_mod_16/sparity_0.0/inr_mod_16KODAK_ROI_Global_new_struture_7_12_3_33_orderconcat_operator_0_pw_0.8_img_object21.pth for the  21 -th image
********************Evalutation with quantization
********************Starting quantizing models
eval_object_psnr: 28.72976153173919
full_image_psnr: 23.805999687068
object_psnr: 28.72976153173919
background_psnr: 25.52404054300224
********************Evaluation the Image 21-th, BEST PSNR: 23.806000, Print rate 0.083015, Network rate 0.016817. *************************
eval_wsssim: 0.851957
Decoded image saved to ./experiments/vcip_wssim_tunado_diegoPC/decoded_images/othim22_maskerp_wsmse0_swhdc1_erp1_lambda0.8.png
Evaluate the image: PSNR: 23.805999687068 All bits: 0.09983251988887787  latent bits: 0.08301542699337006  network bits: 0.016817092895507812
Evaluate arm network bits: 0.00804901123046875 Evaluate synthesis network bits: 0.00806427001953125
Image All bits num: 52340.9921875 latent bits num: 43523.9921875 mlp bits num: 8817.0 border bits num:
arm bits num: 4220.0 synthesis bits num: 4228.0
[25.725005229269772, 25.084490369571522, 26.126108564653624, 22.74168690510335, 23.87970493444533, 23.496738437492905, 25.208951654408963, 25.77196140367265, 26.052715971668807, 26.672117971893368, 25.43757771009635, 25.10468872503732, 26.728425483544964, 24.76948801016424, 26.038130375350335, 26.847126866985548, 25.548671165682507, 25.70670883575488, 23.138650212636747, 23.2115962825533, 23.614036712838203, 23.805999687068]
[0.12852253019809723, 0.12484615296125412, 0.13026711344718933, 0.21137559413909912, 0.19534045457839966, 0.18472929298877716, 0.09931357949972153, 0.09671350568532944, 0.10299995541572571, 0.12199412286281586, 0.1287393867969513, 0.13995394855737686, 0.09796439111232758, 0.09543980658054352, 0.09846967458724976, 0.09005653858184814, 0.088145911693573, 0.0883798599243164, 0.18304041028022766, 0.1882058084011078, 0.1828884482383728, 0.09983251988887787]
[67382.8203125, 65455.33984375, 68297.484375, 110821.6875, 102414.65625, 96851.3515625, 52068.91796875, 50705.73046875, 54001.640625, 63960.0546875, 67496.515625, 73376.17578125, 51361.5546875, 50037.9453125, 51626.46875, 47215.5625, 46213.84375, 46336.5, 95965.890625, 98674.046875, 95886.21875, 52340.9921875]
Metrics saved to ./experiments/vcip_wssim_tunado_diegoPC/results.csv
Current eval Ave PSNR: 25.03229915954058 Ave Bits 0.1307826821099628
Namespace(batch_size=1, lr=0.01, data='../data', sparsity=0.0, local_upsampling_kernel_size=8, upsampling_kernel_size=8, static_upsampling_kernel=False, latent_factor=1, mod_base=7, highest_flag=1, context_arm=16, dim_arm_mod=16, use_candidate=True, type='other', mod_hid_layer=0, sythesis_features=12, hidden_features=64, hidden_layer=2, scale=1, lambda_rate=0.8, lambda_rate_list=[0.4, 0.8], start_index=0, mask_type='erp', wsmse_tag=0, swhdc_tag=1, swhdc_dilations=[1, 2, 3, 4], erp_padding=1, workdir='./experiments/vcip_wssim_tunado_diegoPC', train_steps_1=5000, train_steps_2=1000, loss_type='combined', lambda_dist=0.0, lambda_percep=1.0, patch_h=512, patch_w=1024, all_pix_num=524288, eval_pix_num=524288)
Directory './saved/modbase_7/context_16_arm_mod_16' already exists.
Directory './saved/modbase_7/context_16_arm_mod_16/sparity_0.0' already exists.
top %: 0.0

🔁 Stage-1 Training Candidate 1/7
Quantizer parameter: encoding gain  16
total pixel: 524288
Get Mod with shape torch.Size([1, 1, 8, 16]) at layer: 1
Get Mod with shape torch.Size([1, 1, 16, 32]) at layer: 2
Get Mod with shape torch.Size([1, 1, 32, 64]) at layer: 3
Get Mod with shape torch.Size([1, 1, 64, 128]) at layer: 4
Get Mod with shape torch.Size([1, 1, 128, 256]) at layer: 5
Get Mod with shape torch.Size([1, 1, 256, 512]) at layer: 6
Get Mod with shape torch.Size([1, 1, 512, 1024]) at layer: 7
start temperature: 0.3 noise parameter: 2.0
end temperature: 0.3 noise parameter: 2.0
********************Start from stage I
Step 400, BEST PSNR: 22.404260, Total loss 0.309120 with its rate 0.1732451468706131 latent_bits 90830.3515625

🔁 Stage-1 Training Candidate 2/7
Quantizer parameter: encoding gain  16
total pixel: 524288
Get Mod with shape torch.Size([1, 1, 8, 16]) at layer: 1
Get Mod with shape torch.Size([1, 1, 16, 32]) at layer: 2
Get Mod with shape torch.Size([1, 1, 32, 64]) at layer: 3
Get Mod with shape torch.Size([1, 1, 64, 128]) at layer: 4
Get Mod with shape torch.Size([1, 1, 128, 256]) at layer: 5
Get Mod with shape torch.Size([1, 1, 256, 512]) at layer: 6
Get Mod with shape torch.Size([1, 1, 512, 1024]) at layer: 7
start temperature: 0.3 noise parameter: 2.0
end temperature: 0.3 noise parameter: 2.0
********************Start from stage I
Step 400, BEST PSNR: 22.789811, Total loss 0.308692 with its rate 0.16873951256275177 latent_bits 88468.1015625

🔁 Stage-1 Training Candidate 3/7
Quantizer parameter: encoding gain  16
total pixel: 524288
Get Mod with shape torch.Size([1, 1, 8, 16]) at layer: 1
Get Mod with shape torch.Size([1, 1, 16, 32]) at layer: 2
Get Mod with shape torch.Size([1, 1, 32, 64]) at layer: 3
Get Mod with shape torch.Size([1, 1, 64, 128]) at layer: 4
Get Mod with shape torch.Size([1, 1, 128, 256]) at layer: 5
Get Mod with shape torch.Size([1, 1, 256, 512]) at layer: 6
Get Mod with shape torch.Size([1, 1, 512, 1024]) at layer: 7
start temperature: 0.3 noise parameter: 2.0
end temperature: 0.3 noise parameter: 2.0
********************Start from stage I
Step 400, BEST PSNR: 22.007697, Total loss 0.309783 with its rate 0.17306499183177948 latent_bits 90735.8984375

🔁 Stage-1 Training Candidate 4/7
Quantizer parameter: encoding gain  16
total pixel: 524288
Get Mod with shape torch.Size([1, 1, 8, 16]) at layer: 1
Get Mod with shape torch.Size([1, 1, 16, 32]) at layer: 2
Get Mod with shape torch.Size([1, 1, 32, 64]) at layer: 3
Get Mod with shape torch.Size([1, 1, 64, 128]) at layer: 4
Get Mod with shape torch.Size([1, 1, 128, 256]) at layer: 5
Get Mod with shape torch.Size([1, 1, 256, 512]) at layer: 6
Get Mod with shape torch.Size([1, 1, 512, 1024]) at layer: 7
start temperature: 0.3 noise parameter: 2.0
end temperature: 0.3 noise parameter: 2.0
********************Start from stage I
Step 400, BEST PSNR: 22.881042, Total loss 0.310725 with its rate 0.16676440834999084 latent_bits 87432.578125

🔁 Stage-1 Training Candidate 5/7
Quantizer parameter: encoding gain  16
total pixel: 524288
Get Mod with shape torch.Size([1, 1, 8, 16]) at layer: 1
Get Mod with shape torch.Size([1, 1, 16, 32]) at layer: 2
Get Mod with shape torch.Size([1, 1, 32, 64]) at layer: 3
Get Mod with shape torch.Size([1, 1, 64, 128]) at layer: 4
Get Mod with shape torch.Size([1, 1, 128, 256]) at layer: 5
Get Mod with shape torch.Size([1, 1, 256, 512]) at layer: 6
Get Mod with shape torch.Size([1, 1, 512, 1024]) at layer: 7
start temperature: 0.3 noise parameter: 2.0
end temperature: 0.3 noise parameter: 2.0
********************Start from stage I
Step 400, BEST PSNR: 22.266937, Total loss 0.306574 with its rate 0.1691829264163971 latent_bits 88700.578125

🔁 Stage-1 Training Candidate 6/7
Quantizer parameter: encoding gain  16
total pixel: 524288
Get Mod with shape torch.Size([1, 1, 8, 16]) at layer: 1
Get Mod with shape torch.Size([1, 1, 16, 32]) at layer: 2
Get Mod with shape torch.Size([1, 1, 32, 64]) at layer: 3
Get Mod with shape torch.Size([1, 1, 64, 128]) at layer: 4
Get Mod with shape torch.Size([1, 1, 128, 256]) at layer: 5
Get Mod with shape torch.Size([1, 1, 256, 512]) at layer: 6
Get Mod with shape torch.Size([1, 1, 512, 1024]) at layer: 7
start temperature: 0.3 noise parameter: 2.0
end temperature: 0.3 noise parameter: 2.0
********************Start from stage I
Step 400, BEST PSNR: 24.193509, Total loss 0.300496 with its rate 0.1767246276140213 latent_bits 92654.6015625

🔁 Stage-1 Training Candidate 7/7
Quantizer parameter: encoding gain  16
total pixel: 524288
Get Mod with shape torch.Size([1, 1, 8, 16]) at layer: 1
Get Mod with shape torch.Size([1, 1, 16, 32]) at layer: 2
Get Mod with shape torch.Size([1, 1, 32, 64]) at layer: 3
Get Mod with shape torch.Size([1, 1, 64, 128]) at layer: 4
Get Mod with shape torch.Size([1, 1, 128, 256]) at layer: 5
Get Mod with shape torch.Size([1, 1, 256, 512]) at layer: 6
Get Mod with shape torch.Size([1, 1, 512, 1024]) at layer: 7
start temperature: 0.3 noise parameter: 2.0
end temperature: 0.3 noise parameter: 2.0
********************Start from stage I
Step 400, BEST PSNR: 23.406400, Total loss 0.305414 with its rate 0.17078083753585815 latent_bits 89538.34375

🌟 Selected Top-3 Candidates by RD cost

🎯 Stage-2 Refining Candidate 1/3
start temperature: 0.3 noise parameter: 2.0
end temperature: 0.3 noise parameter: 2.0
********************Start from stage I
Step 400, BEST PSNR: 24.830268, Total loss 0.309384 with its rate 0.1966802477836609 latent_bits 103117.09375

🎯 Stage-2 Refining Candidate 2/3
start temperature: 0.3 noise parameter: 2.0
end temperature: 0.3 noise parameter: 2.0
********************Start from stage I
Step 400, BEST PSNR: 24.079301, Total loss 0.315255 with its rate 0.19606900215148926 latent_bits 102796.625

🎯 Stage-2 Refining Candidate 3/3
start temperature: 0.3 noise parameter: 2.0
end temperature: 0.3 noise parameter: 2.0
********************Start from stage I
Step 400, BEST PSNR: 25.165383, Total loss 0.312757 with its rate 0.19941815733909607 latent_bits 104552.546875

🏆 Best Candidate Final PSNR: 24.83, Rate: 0.1967
Masked_INR(
  (upsampling_2d): Upsampling(
    (conv_transpose2d): UpsamplingConvTranspose2d()
  )
  (arm): Arm(
    (mlp): Sequential(
      (0): ArmConv(
        (conv1_1): Conv1d(16, 16, kernel_size=(1,), stride=(1,))
      )
      (1): GELU(approximate='none')
      (2): ArmConv(
        (conv1_1): Conv1d(16, 16, kernel_size=(1,), stride=(1,))
      )
      (3): GELU(approximate='none')
      (4): ArmConv(
        (conv1_1): Conv1d(16, 2, kernel_size=(1,), stride=(1,))
      )
    )
  )
  (conv_mod): LocalGlobalBlock(
    (net): Sequential(
      (0): SynthesisLayer(
        (pad): Identity()
        (conv_layer): SWHDC(
          (conv): Conv2d(2, 3, kernel_size=(3, 3), stride=(1, 1))
        )
        (non_linearity): GELU(approximate='none')
      )
      (1): SynthesisResidualLayer(
        (pad): ReplicationPad2d((0, 0, 0, 0))
        (conv_layer): Conv2d(3, 3, kernel_size=(1, 1), stride=(1, 1))
        (non_linearity): GELU(approximate='none')
      )
      (2): SynthesisResidualLayer(
        (pad): ReplicationPad2d((0, 0, 0, 0))
        (conv_layer): Conv2d(3, 3, kernel_size=(1, 1), stride=(1, 1))
        (non_linearity): GELU(approximate='none')
      )
      (3): SynthesisResidualLayer(
        (pad): ReplicationPad2d((0, 0, 0, 0))
        (conv_layer): Conv2d(3, 3, kernel_size=(1, 1), stride=(1, 1))
        (non_linearity): Identity()
      )
    )
    (global_net): Sequential(
      (0): SynthesisLayer(
        (pad): Identity()
        (conv_layer): SWHDC(
          (conv): Conv2d(2, 3, kernel_size=(3, 3), stride=(1, 1))
        )
        (non_linearity): GELU(approximate='none')
      )
      (1): SynthesisResidualLayer(
        (pad): ReplicationPad2d((0, 0, 0, 0))
        (conv_layer): Conv2d(3, 3, kernel_size=(1, 1), stride=(1, 1))
        (non_linearity): GELU(approximate='none')
      )
      (2): SynthesisResidualLayer(
        (pad): ReplicationPad2d((0, 0, 0, 0))
        (conv_layer): Conv2d(3, 3, kernel_size=(1, 1), stride=(1, 1))
        (non_linearity): GELU(approximate='none')
      )
      (3): SynthesisResidualLayer(
        (pad): ReplicationPad2d((0, 0, 0, 0))
        (conv_layer): Conv2d(3, 3, kernel_size=(1, 1), stride=(1, 1))
        (non_linearity): Identity()
      )
    )
    (agg_func): Sequential(
      (0): SynthesisLayer(
        (pad): ReplicationPad2d((0, 0, 0, 0))
        (conv_layer): Conv2d(18, 3, kernel_size=(1, 1), stride=(1, 1))
        (non_linearity): GELU(approximate='none')
      )
      (1): SynthesisLayer(
        (pad): ReplicationPad2d((0, 0, 0, 0))
        (conv_layer): Conv2d(21, 3, kernel_size=(1, 1), stride=(1, 1))
        (non_linearity): GELU(approximate='none')
      )
      (2): SynthesisLayer(
        (pad): ReplicationPad2d((0, 0, 0, 0))
        (conv_layer): Conv2d(24, 3, kernel_size=(1, 1), stride=(1, 1))
        (non_linearity): GELU(approximate='none')
      )
    )
    (full_net): Sequential(
      (0): SynthesisLayer(
        (pad): ReplicationPad2d((0, 0, 0, 0))
        (conv_layer): Conv2d(7, 12, kernel_size=(1, 1), stride=(1, 1))
        (non_linearity): GELU(approximate='none')
      )
      (1): SynthesisLayer(
        (pad): ReplicationPad2d((0, 0, 0, 0))
        (conv_layer): Conv2d(12, 3, kernel_size=(1, 1), stride=(1, 1))
        (non_linearity): GELU(approximate='none')
      )
      (2): SynthesisResidualLayer(
        (conv_layer): Conv2d(3, 3, kernel_size=(3, 3), stride=(1, 1))
        (non_linearity): GELU(approximate='none')
      )
      (3): SynthesisResidualLayer(
        (conv_layer): Conv2d(3, 3, kernel_size=(3, 3), stride=(1, 1))
        (non_linearity): GELU(approximate='none')
      )
    )
  )
  (modulation_sf): ParameterList(
      (0): Parameter containing: [torch.float32 of size 1x1x8x16 (cuda:0)]
      (1): Parameter containing: [torch.float32 of size 1x1x16x32 (cuda:0)]
      (2): Parameter containing: [torch.float32 of size 1x1x32x64 (cuda:0)]
      (3): Parameter containing: [torch.float32 of size 1x1x64x128 (cuda:0)]
      (4): Parameter containing: [torch.float32 of size 1x1x128x256 (cuda:0)]
      (5): Parameter containing: [torch.float32 of size 1x1x256x512 (cuda:0)]
      (6): Parameter containing: [torch.float32 of size 1x1x512x1024 (cuda:0)]
  )
)
train the 22 -th image
start temperature: 0.3 noise parameter: 2.0
end temperature: 0.1 noise parameter: 1.0
********************Start from stage I
********************going into stage II
eval_object_psnr: 31.410285160651966
eval_background_psnr: 27.569797564140234
eval_background_psnr: 27.569797564140234
********************Evaluation the Image 22-th, after Step 999, BEST PSNR: 26.055567, Print rate 0.095193. *************************
Saved model at ./saved/modbase_7/context_16_arm_mod_16/sparity_0.0/inr_mod_16KODAK_ROI_Global_new_struture_7_12_3_33_orderconcat_operator_0_pw_0.8_img_object22.pth
Trained the image with PSNR: 26.055566904334103  latent bits 0.09519340097904205 latent bits number 49908.7578125
[26.26667153969039, 25.99057383617314, 26.28984751399874, 22.947318639606546, 24.29441434572143, 24.13140701196215, 26.564282149928285, 27.594175708404567, 27.185075567101137, 27.085246870301955, 26.676181294648444, 26.362167343962373, 27.19113515385744, 26.69753357879426, 27.322924083639382, 27.475075668224196, 27.46651306444708, 27.858802799197772, 24.311488369172228, 24.375873519284344, 24.15294994882635, 25.369593728706324, 26.055566904334103]
[0.10971970856189728, 0.10732713341712952, 0.11180776357650757, 0.19319993257522583, 0.1766223907470703, 0.1677476167678833, 0.08303212374448776, 0.07987571507692337, 0.08553820103406906, 0.10399775207042694, 0.1113455593585968, 0.12303438782691956, 0.07939546555280685, 0.0797487199306488, 0.08132244646549225, 0.07252471148967743, 0.07219014316797256, 0.07127999514341354, 0.16601738333702087, 0.1713944524526596, 0.16704174876213074, 0.0825081393122673, 0.09519340097904205]
[57524.7265625, 56270.328125, 58619.46875, 101292.40625, 92601.0, 87948.0625, 43532.74609375, 41877.87890625, 44846.65234375, 54524.7734375, 58377.140625, 64505.453125, 41626.08984375, 41811.296875, 42636.3828125, 38023.8359375, 37848.42578125, 37371.24609375, 87040.921875, 89860.0546875, 87577.984375, 43258.02734375, 49908.7578125]
load the model: ./saved/modbase_7/context_16_arm_mod_16/sparity_0.0/inr_mod_16KODAK_ROI_Global_new_struture_7_12_3_33_orderconcat_operator_0_pw_0.8_img_object22.pth for the  22 -th image
********************Evalutation with quantization
********************Starting quantizing models
eval_object_psnr: 31.232645044104164
full_image_psnr: 25.776882125525844
object_psnr: 31.232645044104164
background_psnr: 27.250474147733645
********************Evaluation the Image 22-th, BEST PSNR: 25.776882, Print rate 0.095827, Network rate 0.018057. *************************
eval_wsssim: 0.858859
Decoded image saved to ./experiments/vcip_wssim_tunado_diegoPC/decoded_images/othim23_maskerp_wsmse0_swhdc1_erp1_lambda0.8.png
Evaluate the image: PSNR: 25.776882125525844 All bits: 0.1138836219906807  latent bits: 0.09582675248384476  network bits: 0.018056869506835938
Evaluate arm network bits: 0.007831573486328125 Evaluate synthesis network bits: 0.00948333740234375
Image All bits num: 59707.81640625 latent bits num: 50240.81640625 mlp bits num: 9467.0 border bits num:
arm bits num: 4106.0 synthesis bits num: 4972.0
[25.725005229269772, 25.084490369571522, 26.126108564653624, 22.74168690510335, 23.87970493444533, 23.496738437492905, 25.208951654408963, 25.77196140367265, 26.052715971668807, 26.672117971893368, 25.43757771009635, 25.10468872503732, 26.728425483544964, 24.76948801016424, 26.038130375350335, 26.847126866985548, 25.548671165682507, 25.70670883575488, 23.138650212636747, 23.2115962825533, 23.614036712838203, 23.805999687068, 25.776882125525844]
[0.12852253019809723, 0.12484615296125412, 0.13026711344718933, 0.21137559413909912, 0.19534045457839966, 0.18472929298877716, 0.09931357949972153, 0.09671350568532944, 0.10299995541572571, 0.12199412286281586, 0.1287393867969513, 0.13995394855737686, 0.09796439111232758, 0.09543980658054352, 0.09846967458724976, 0.09005653858184814, 0.088145911693573, 0.0883798599243164, 0.18304041028022766, 0.1882058084011078, 0.1828884482383728, 0.09983251988887787, 0.1138836219906807]
[67382.8203125, 65455.33984375, 68297.484375, 110821.6875, 102414.65625, 96851.3515625, 52068.91796875, 50705.73046875, 54001.640625, 63960.0546875, 67496.515625, 73376.17578125, 51361.5546875, 50037.9453125, 51626.46875, 47215.5625, 46213.84375, 46336.5, 95965.890625, 98674.046875, 95886.21875, 52340.9921875, 59707.81640625]
Metrics saved to ./experiments/vcip_wssim_tunado_diegoPC/results.csv
Current eval Ave PSNR: 25.064672331974723 Ave Bits 0.1300479403656462
Namespace(batch_size=1, lr=0.01, data='../data', sparsity=0.0, local_upsampling_kernel_size=8, upsampling_kernel_size=8, static_upsampling_kernel=False, latent_factor=1, mod_base=7, highest_flag=1, context_arm=16, dim_arm_mod=16, use_candidate=True, type='other', mod_hid_layer=0, sythesis_features=12, hidden_features=64, hidden_layer=2, scale=1, lambda_rate=0.8, lambda_rate_list=[0.4, 0.8], start_index=0, mask_type='erp', wsmse_tag=0, swhdc_tag=1, swhdc_dilations=[1, 2, 3, 4], erp_padding=1, workdir='./experiments/vcip_wssim_tunado_diegoPC', train_steps_1=5000, train_steps_2=1000, loss_type='combined', lambda_dist=0.0, lambda_percep=1.0, patch_h=512, patch_w=1024, all_pix_num=524288, eval_pix_num=524288)
Directory './saved/modbase_7/context_16_arm_mod_16' already exists.
Directory './saved/modbase_7/context_16_arm_mod_16/sparity_0.0' already exists.
top %: 0.0

🔁 Stage-1 Training Candidate 1/7
Quantizer parameter: encoding gain  16
total pixel: 524288
Get Mod with shape torch.Size([1, 1, 8, 16]) at layer: 1
Get Mod with shape torch.Size([1, 1, 16, 32]) at layer: 2
Get Mod with shape torch.Size([1, 1, 32, 64]) at layer: 3
Get Mod with shape torch.Size([1, 1, 64, 128]) at layer: 4
Get Mod with shape torch.Size([1, 1, 128, 256]) at layer: 5
Get Mod with shape torch.Size([1, 1, 256, 512]) at layer: 6
Get Mod with shape torch.Size([1, 1, 512, 1024]) at layer: 7
start temperature: 0.3 noise parameter: 2.0
end temperature: 0.3 noise parameter: 2.0
********************Start from stage I
Step 400, BEST PSNR: 22.396870, Total loss 0.341738 with its rate 0.18141686916351318 latent_bits 95114.6875

🔁 Stage-1 Training Candidate 2/7
Quantizer parameter: encoding gain  16
total pixel: 524288
Get Mod with shape torch.Size([1, 1, 8, 16]) at layer: 1
Get Mod with shape torch.Size([1, 1, 16, 32]) at layer: 2
Get Mod with shape torch.Size([1, 1, 32, 64]) at layer: 3
Get Mod with shape torch.Size([1, 1, 64, 128]) at layer: 4
Get Mod with shape torch.Size([1, 1, 128, 256]) at layer: 5
Get Mod with shape torch.Size([1, 1, 256, 512]) at layer: 6
Get Mod with shape torch.Size([1, 1, 512, 1024]) at layer: 7
start temperature: 0.3 noise parameter: 2.0
end temperature: 0.3 noise parameter: 2.0
********************Start from stage I
Step 400, BEST PSNR: 22.106752, Total loss 0.339539 with its rate 0.17367777228355408 latent_bits 91057.171875

🔁 Stage-1 Training Candidate 3/7
Quantizer parameter: encoding gain  16
total pixel: 524288
Get Mod with shape torch.Size([1, 1, 8, 16]) at layer: 1
Get Mod with shape torch.Size([1, 1, 16, 32]) at layer: 2
Get Mod with shape torch.Size([1, 1, 32, 64]) at layer: 3
Get Mod with shape torch.Size([1, 1, 64, 128]) at layer: 4
Get Mod with shape torch.Size([1, 1, 128, 256]) at layer: 5
Get Mod with shape torch.Size([1, 1, 256, 512]) at layer: 6
Get Mod with shape torch.Size([1, 1, 512, 1024]) at layer: 7
start temperature: 0.3 noise parameter: 2.0
end temperature: 0.3 noise parameter: 2.0
********************Start from stage I
Step 400, BEST PSNR: 21.369662, Total loss 0.337347 with its rate 0.16647964715957642 latent_bits 87283.28125

🔁 Stage-1 Training Candidate 4/7
Quantizer parameter: encoding gain  16
total pixel: 524288
Get Mod with shape torch.Size([1, 1, 8, 16]) at layer: 1
Get Mod with shape torch.Size([1, 1, 16, 32]) at layer: 2
Get Mod with shape torch.Size([1, 1, 32, 64]) at layer: 3
Get Mod with shape torch.Size([1, 1, 64, 128]) at layer: 4
Get Mod with shape torch.Size([1, 1, 128, 256]) at layer: 5
Get Mod with shape torch.Size([1, 1, 256, 512]) at layer: 6
Get Mod with shape torch.Size([1, 1, 512, 1024]) at layer: 7
start temperature: 0.3 noise parameter: 2.0
end temperature: 0.3 noise parameter: 2.0
********************Start from stage I
Step 400, BEST PSNR: 23.137657, Total loss 0.329449 with its rate 0.16836430132389069 latent_bits 88271.3828125

🔁 Stage-1 Training Candidate 5/7
Quantizer parameter: encoding gain  16
total pixel: 524288
Get Mod with shape torch.Size([1, 1, 8, 16]) at layer: 1
Get Mod with shape torch.Size([1, 1, 16, 32]) at layer: 2
Get Mod with shape torch.Size([1, 1, 32, 64]) at layer: 3
Get Mod with shape torch.Size([1, 1, 64, 128]) at layer: 4
Get Mod with shape torch.Size([1, 1, 128, 256]) at layer: 5
Get Mod with shape torch.Size([1, 1, 256, 512]) at layer: 6
Get Mod with shape torch.Size([1, 1, 512, 1024]) at layer: 7
start temperature: 0.3 noise parameter: 2.0
end temperature: 0.3 noise parameter: 2.0
********************Start from stage I
Step 400, BEST PSNR: 23.373600, Total loss 0.331596 with its rate 0.1773727387189865 latent_bits 92994.3984375

🔁 Stage-1 Training Candidate 6/7
Quantizer parameter: encoding gain  16
total pixel: 524288
Get Mod with shape torch.Size([1, 1, 8, 16]) at layer: 1
Get Mod with shape torch.Size([1, 1, 16, 32]) at layer: 2
Get Mod with shape torch.Size([1, 1, 32, 64]) at layer: 3
Get Mod with shape torch.Size([1, 1, 64, 128]) at layer: 4
Get Mod with shape torch.Size([1, 1, 128, 256]) at layer: 5
Get Mod with shape torch.Size([1, 1, 256, 512]) at layer: 6
Get Mod with shape torch.Size([1, 1, 512, 1024]) at layer: 7
start temperature: 0.3 noise parameter: 2.0
end temperature: 0.3 noise parameter: 2.0
********************Start from stage I
Step 400, BEST PSNR: 23.711191, Total loss 0.330471 with its rate 0.17626291513442993 latent_bits 92412.53125

🔁 Stage-1 Training Candidate 7/7
Quantizer parameter: encoding gain  16
total pixel: 524288
Get Mod with shape torch.Size([1, 1, 8, 16]) at layer: 1
Get Mod with shape torch.Size([1, 1, 16, 32]) at layer: 2
Get Mod with shape torch.Size([1, 1, 32, 64]) at layer: 3
Get Mod with shape torch.Size([1, 1, 64, 128]) at layer: 4
Get Mod with shape torch.Size([1, 1, 128, 256]) at layer: 5
Get Mod with shape torch.Size([1, 1, 256, 512]) at layer: 6
Get Mod with shape torch.Size([1, 1, 512, 1024]) at layer: 7
start temperature: 0.3 noise parameter: 2.0
end temperature: 0.3 noise parameter: 2.0
********************Start from stage I
Step 400, BEST PSNR: 20.932756, Total loss 0.341140 with its rate 0.17661988735198975 latent_bits 92599.6875

🌟 Selected Top-3 Candidates by RD cost

🎯 Stage-2 Refining Candidate 1/3
start temperature: 0.3 noise parameter: 2.0
end temperature: 0.3 noise parameter: 2.0
********************Start from stage I
Step 400, BEST PSNR: 23.742748, Total loss 0.345505 with its rate 0.1985057294368744 latent_bits 104074.171875

🎯 Stage-2 Refining Candidate 2/3
start temperature: 0.3 noise parameter: 2.0
end temperature: 0.3 noise parameter: 2.0
********************Start from stage I
Step 400, BEST PSNR: 24.237138, Total loss 0.344862 with its rate 0.2046934962272644 latent_bits 107318.34375

🎯 Stage-2 Refining Candidate 3/3
start temperature: 0.3 noise parameter: 2.0
end temperature: 0.3 noise parameter: 2.0
********************Start from stage I
Step 400, BEST PSNR: 24.067519, Total loss 0.346055 with its rate 0.20708635449409485 latent_bits 108572.890625

🏆 Best Candidate Final PSNR: 24.24, Rate: 0.2047
Masked_INR(
  (upsampling_2d): Upsampling(
    (conv_transpose2d): UpsamplingConvTranspose2d()
  )
  (arm): Arm(
    (mlp): Sequential(
      (0): ArmConv(
        (conv1_1): Conv1d(16, 16, kernel_size=(1,), stride=(1,))
      )
      (1): GELU(approximate='none')
      (2): ArmConv(
        (conv1_1): Conv1d(16, 16, kernel_size=(1,), stride=(1,))
      )
      (3): GELU(approximate='none')
      (4): ArmConv(
        (conv1_1): Conv1d(16, 2, kernel_size=(1,), stride=(1,))
      )
    )
  )
  (conv_mod): LocalGlobalBlock(
    (net): Sequential(
      (0): SynthesisLayer(
        (pad): Identity()
        (conv_layer): SWHDC(
          (conv): Conv2d(2, 3, kernel_size=(3, 3), stride=(1, 1))
        )
        (non_linearity): GELU(approximate='none')
      )
      (1): SynthesisResidualLayer(
        (pad): ReplicationPad2d((0, 0, 0, 0))
        (conv_layer): Conv2d(3, 3, kernel_size=(1, 1), stride=(1, 1))
        (non_linearity): GELU(approximate='none')
      )
      (2): SynthesisResidualLayer(
        (pad): ReplicationPad2d((0, 0, 0, 0))
        (conv_layer): Conv2d(3, 3, kernel_size=(1, 1), stride=(1, 1))
        (non_linearity): GELU(approximate='none')
      )
      (3): SynthesisResidualLayer(
        (pad): ReplicationPad2d((0, 0, 0, 0))
        (conv_layer): Conv2d(3, 3, kernel_size=(1, 1), stride=(1, 1))
        (non_linearity): Identity()
      )
    )
    (global_net): Sequential(
      (0): SynthesisLayer(
        (pad): Identity()
        (conv_layer): SWHDC(
          (conv): Conv2d(2, 3, kernel_size=(3, 3), stride=(1, 1))
        )
        (non_linearity): GELU(approximate='none')
      )
      (1): SynthesisResidualLayer(
        (pad): ReplicationPad2d((0, 0, 0, 0))
        (conv_layer): Conv2d(3, 3, kernel_size=(1, 1), stride=(1, 1))
        (non_linearity): GELU(approximate='none')
      )
      (2): SynthesisResidualLayer(
        (pad): ReplicationPad2d((0, 0, 0, 0))
        (conv_layer): Conv2d(3, 3, kernel_size=(1, 1), stride=(1, 1))
        (non_linearity): GELU(approximate='none')
      )
      (3): SynthesisResidualLayer(
        (pad): ReplicationPad2d((0, 0, 0, 0))
        (conv_layer): Conv2d(3, 3, kernel_size=(1, 1), stride=(1, 1))
        (non_linearity): Identity()
      )
    )
    (agg_func): Sequential(
      (0): SynthesisLayer(
        (pad): ReplicationPad2d((0, 0, 0, 0))
        (conv_layer): Conv2d(18, 3, kernel_size=(1, 1), stride=(1, 1))
        (non_linearity): GELU(approximate='none')
      )
      (1): SynthesisLayer(
        (pad): ReplicationPad2d((0, 0, 0, 0))
        (conv_layer): Conv2d(21, 3, kernel_size=(1, 1), stride=(1, 1))
        (non_linearity): GELU(approximate='none')
      )
      (2): SynthesisLayer(
        (pad): ReplicationPad2d((0, 0, 0, 0))
        (conv_layer): Conv2d(24, 3, kernel_size=(1, 1), stride=(1, 1))
        (non_linearity): GELU(approximate='none')
      )
    )
    (full_net): Sequential(
      (0): SynthesisLayer(
        (pad): ReplicationPad2d((0, 0, 0, 0))
        (conv_layer): Conv2d(7, 12, kernel_size=(1, 1), stride=(1, 1))
        (non_linearity): GELU(approximate='none')
      )
      (1): SynthesisLayer(
        (pad): ReplicationPad2d((0, 0, 0, 0))
        (conv_layer): Conv2d(12, 3, kernel_size=(1, 1), stride=(1, 1))
        (non_linearity): GELU(approximate='none')
      )
      (2): SynthesisResidualLayer(
        (conv_layer): Conv2d(3, 3, kernel_size=(3, 3), stride=(1, 1))
        (non_linearity): GELU(approximate='none')
      )
      (3): SynthesisResidualLayer(
        (conv_layer): Conv2d(3, 3, kernel_size=(3, 3), stride=(1, 1))
        (non_linearity): GELU(approximate='none')
      )
    )
  )
  (modulation_sf): ParameterList(
      (0): Parameter containing: [torch.float32 of size 1x1x8x16 (cuda:0)]
      (1): Parameter containing: [torch.float32 of size 1x1x16x32 (cuda:0)]
      (2): Parameter containing: [torch.float32 of size 1x1x32x64 (cuda:0)]
      (3): Parameter containing: [torch.float32 of size 1x1x64x128 (cuda:0)]
      (4): Parameter containing: [torch.float32 of size 1x1x128x256 (cuda:0)]
      (5): Parameter containing: [torch.float32 of size 1x1x256x512 (cuda:0)]
      (6): Parameter containing: [torch.float32 of size 1x1x512x1024 (cuda:0)]
  )
)
train the 23 -th image
start temperature: 0.3 noise parameter: 2.0
end temperature: 0.1 noise parameter: 1.0
********************Start from stage I
********************going into stage II
eval_object_psnr: 30.279350461129514
eval_background_psnr: 26.407844257365188
eval_background_psnr: 26.407844257365188
********************Evaluation the Image 23-th, after Step 999, BEST PSNR: 24.913416, Print rate 0.102888. *************************
Saved model at ./saved/modbase_7/context_16_arm_mod_16/sparity_0.0/inr_mod_16KODAK_ROI_Global_new_struture_7_12_3_33_orderconcat_operator_0_pw_0.8_img_object23.pth
Trained the image with PSNR: 24.913415832595586  latent bits 0.10288791358470917 latent bits number 53942.8984375
[26.26667153969039, 25.99057383617314, 26.28984751399874, 22.947318639606546, 24.29441434572143, 24.13140701196215, 26.564282149928285, 27.594175708404567, 27.185075567101137, 27.085246870301955, 26.676181294648444, 26.362167343962373, 27.19113515385744, 26.69753357879426, 27.322924083639382, 27.475075668224196, 27.46651306444708, 27.858802799197772, 24.311488369172228, 24.375873519284344, 24.15294994882635, 25.369593728706324, 26.055566904334103, 24.913415832595586]
[0.10971970856189728, 0.10732713341712952, 0.11180776357650757, 0.19319993257522583, 0.1766223907470703, 0.1677476167678833, 0.08303212374448776, 0.07987571507692337, 0.08553820103406906, 0.10399775207042694, 0.1113455593585968, 0.12303438782691956, 0.07939546555280685, 0.0797487199306488, 0.08132244646549225, 0.07252471148967743, 0.07219014316797256, 0.07127999514341354, 0.16601738333702087, 0.1713944524526596, 0.16704174876213074, 0.0825081393122673, 0.09519340097904205, 0.10288791358470917]
[57524.7265625, 56270.328125, 58619.46875, 101292.40625, 92601.0, 87948.0625, 43532.74609375, 41877.87890625, 44846.65234375, 54524.7734375, 58377.140625, 64505.453125, 41626.08984375, 41811.296875, 42636.3828125, 38023.8359375, 37848.42578125, 37371.24609375, 87040.921875, 89860.0546875, 87577.984375, 43258.02734375, 49908.7578125, 53942.8984375]
load the model: ./saved/modbase_7/context_16_arm_mod_16/sparity_0.0/inr_mod_16KODAK_ROI_Global_new_struture_7_12_3_33_orderconcat_operator_0_pw_0.8_img_object23.pth for the  23 -th image
********************Evalutation with quantization
********************Starting quantizing models
eval_object_psnr: 29.372416587712223
full_image_psnr: 24.105780661350934
object_psnr: 29.372416587712223
background_psnr: 25.640244496263136
********************Evaluation the Image 23-th, BEST PSNR: 24.105781, Print rate 0.103200, Network rate 0.016569. *************************
eval_wsssim: 0.823673
Decoded image saved to ./experiments/vcip_wssim_tunado_diegoPC/decoded_images/othim24_maskerp_wsmse0_swhdc1_erp1_lambda0.8.png
Evaluate the image: PSNR: 24.105780661350934 All bits: 0.11976869404315948  latent bits: 0.1031995564699173  network bits: 0.016569137573242188
Evaluate arm network bits: 0.008108139038085938 Evaluate synthesis network bits: 0.007860183715820312
Image All bits num: 62793.2890625 latent bits num: 54106.2890625 mlp bits num: 8687.0 border bits num:
arm bits num: 4251.0 synthesis bits num: 4121.0
[25.725005229269772, 25.084490369571522, 26.126108564653624, 22.74168690510335, 23.87970493444533, 23.496738437492905, 25.208951654408963, 25.77196140367265, 26.052715971668807, 26.672117971893368, 25.43757771009635, 25.10468872503732, 26.728425483544964, 24.76948801016424, 26.038130375350335, 26.847126866985548, 25.548671165682507, 25.70670883575488, 23.138650212636747, 23.2115962825533, 23.614036712838203, 23.805999687068, 25.776882125525844, 24.105780661350934]
[0.12852253019809723, 0.12484615296125412, 0.13026711344718933, 0.21137559413909912, 0.19534045457839966, 0.18472929298877716, 0.09931357949972153, 0.09671350568532944, 0.10299995541572571, 0.12199412286281586, 0.1287393867969513, 0.13995394855737686, 0.09796439111232758, 0.09543980658054352, 0.09846967458724976, 0.09005653858184814, 0.088145911693573, 0.0883798599243164, 0.18304041028022766, 0.1882058084011078, 0.1828884482383728, 0.09983251988887787, 0.1138836219906807, 0.11976869404315948]
[67382.8203125, 65455.33984375, 68297.484375, 110821.6875, 102414.65625, 96851.3515625, 52068.91796875, 50705.73046875, 54001.640625, 63960.0546875, 67496.515625, 73376.17578125, 51361.5546875, 50037.9453125, 51626.46875, 47215.5625, 46213.84375, 46336.5, 95965.890625, 98674.046875, 95886.21875, 52340.9921875, 59707.81640625, 62793.2890625]
Metrics saved to ./experiments/vcip_wssim_tunado_diegoPC/results.csv
Current eval Ave PSNR: 25.024718512365396 Ave Bits 0.12961963843554258
Namespace(batch_size=1, lr=0.01, data='../data', sparsity=0.0, local_upsampling_kernel_size=8, upsampling_kernel_size=8, static_upsampling_kernel=False, latent_factor=1, mod_base=7, highest_flag=1, context_arm=16, dim_arm_mod=16, use_candidate=True, type='other', mod_hid_layer=0, sythesis_features=12, hidden_features=64, hidden_layer=2, scale=1, lambda_rate=0.8, lambda_rate_list=[0.4, 0.8], start_index=0, mask_type='erp', wsmse_tag=0, swhdc_tag=1, swhdc_dilations=[1, 2, 3, 4], erp_padding=1, workdir='./experiments/vcip_wssim_tunado_diegoPC', train_steps_1=5000, train_steps_2=1000, loss_type='combined', lambda_dist=0.0, lambda_percep=1.0, patch_h=512, patch_w=1024, all_pix_num=524288, eval_pix_num=524288)
Directory './saved/modbase_7/context_16_arm_mod_16' already exists.
Directory './saved/modbase_7/context_16_arm_mod_16/sparity_0.0' already exists.
top %: 0.0

🔁 Stage-1 Training Candidate 1/7
Quantizer parameter: encoding gain  16
total pixel: 524288
Get Mod with shape torch.Size([1, 1, 8, 16]) at layer: 1
Get Mod with shape torch.Size([1, 1, 16, 32]) at layer: 2
Get Mod with shape torch.Size([1, 1, 32, 64]) at layer: 3
Get Mod with shape torch.Size([1, 1, 64, 128]) at layer: 4
Get Mod with shape torch.Size([1, 1, 128, 256]) at layer: 5
Get Mod with shape torch.Size([1, 1, 256, 512]) at layer: 6
Get Mod with shape torch.Size([1, 1, 512, 1024]) at layer: 7
start temperature: 0.3 noise parameter: 2.0
end temperature: 0.3 noise parameter: 2.0
********************Start from stage I
Step 400, BEST PSNR: 21.797554, Total loss 0.409627 with its rate 0.2091817408800125 latent_bits 109671.4765625

🔁 Stage-1 Training Candidate 2/7
Quantizer parameter: encoding gain  16
total pixel: 524288
Get Mod with shape torch.Size([1, 1, 8, 16]) at layer: 1
Get Mod with shape torch.Size([1, 1, 16, 32]) at layer: 2
Get Mod with shape torch.Size([1, 1, 32, 64]) at layer: 3
Get Mod with shape torch.Size([1, 1, 64, 128]) at layer: 4
Get Mod with shape torch.Size([1, 1, 128, 256]) at layer: 5
Get Mod with shape torch.Size([1, 1, 256, 512]) at layer: 6
Get Mod with shape torch.Size([1, 1, 512, 1024]) at layer: 7
start temperature: 0.3 noise parameter: 2.0
end temperature: 0.3 noise parameter: 2.0
********************Start from stage I
Step 400, BEST PSNR: 21.995376, Total loss 0.418586 with its rate 0.22390560805797577 latent_bits 117391.0234375

🔁 Stage-1 Training Candidate 3/7
Quantizer parameter: encoding gain  16
total pixel: 524288
Get Mod with shape torch.Size([1, 1, 8, 16]) at layer: 1
Get Mod with shape torch.Size([1, 1, 16, 32]) at layer: 2
Get Mod with shape torch.Size([1, 1, 32, 64]) at layer: 3
Get Mod with shape torch.Size([1, 1, 64, 128]) at layer: 4
Get Mod with shape torch.Size([1, 1, 128, 256]) at layer: 5
Get Mod with shape torch.Size([1, 1, 256, 512]) at layer: 6
Get Mod with shape torch.Size([1, 1, 512, 1024]) at layer: 7
start temperature: 0.3 noise parameter: 2.0
end temperature: 0.3 noise parameter: 2.0
********************Start from stage I
Step 400, BEST PSNR: 21.837716, Total loss 0.414793 with its rate 0.21703889966011047 latent_bits 113790.890625

🔁 Stage-1 Training Candidate 4/7
Quantizer parameter: encoding gain  16
total pixel: 524288
Get Mod with shape torch.Size([1, 1, 8, 16]) at layer: 1
Get Mod with shape torch.Size([1, 1, 16, 32]) at layer: 2
Get Mod with shape torch.Size([1, 1, 32, 64]) at layer: 3
Get Mod with shape torch.Size([1, 1, 64, 128]) at layer: 4
Get Mod with shape torch.Size([1, 1, 128, 256]) at layer: 5
Get Mod with shape torch.Size([1, 1, 256, 512]) at layer: 6
Get Mod with shape torch.Size([1, 1, 512, 1024]) at layer: 7
start temperature: 0.3 noise parameter: 2.0
end temperature: 0.3 noise parameter: 2.0
********************Start from stage I
Step 400, BEST PSNR: 21.885179, Total loss 0.420207 with its rate 0.22657135128974915 latent_bits 118788.640625

🔁 Stage-1 Training Candidate 5/7
Quantizer parameter: encoding gain  16
total pixel: 524288
Get Mod with shape torch.Size([1, 1, 8, 16]) at layer: 1
Get Mod with shape torch.Size([1, 1, 16, 32]) at layer: 2
Get Mod with shape torch.Size([1, 1, 32, 64]) at layer: 3
Get Mod with shape torch.Size([1, 1, 64, 128]) at layer: 4
Get Mod with shape torch.Size([1, 1, 128, 256]) at layer: 5
Get Mod with shape torch.Size([1, 1, 256, 512]) at layer: 6
Get Mod with shape torch.Size([1, 1, 512, 1024]) at layer: 7
start temperature: 0.3 noise parameter: 2.0
end temperature: 0.3 noise parameter: 2.0
********************Start from stage I
Step 400, BEST PSNR: 21.875574, Total loss 0.424155 with its rate 0.228171706199646 latent_bits 119627.6875

🔁 Stage-1 Training Candidate 6/7
Quantizer parameter: encoding gain  16
total pixel: 524288
Get Mod with shape torch.Size([1, 1, 8, 16]) at layer: 1
Get Mod with shape torch.Size([1, 1, 16, 32]) at layer: 2
Get Mod with shape torch.Size([1, 1, 32, 64]) at layer: 3
Get Mod with shape torch.Size([1, 1, 64, 128]) at layer: 4
Get Mod with shape torch.Size([1, 1, 128, 256]) at layer: 5
Get Mod with shape torch.Size([1, 1, 256, 512]) at layer: 6
Get Mod with shape torch.Size([1, 1, 512, 1024]) at layer: 7
start temperature: 0.3 noise parameter: 2.0
end temperature: 0.3 noise parameter: 2.0
********************Start from stage I
Step 400, BEST PSNR: 21.849946, Total loss 0.422648 with its rate 0.23104245960712433 latent_bits 121132.7890625

🔁 Stage-1 Training Candidate 7/7
Quantizer parameter: encoding gain  16
total pixel: 524288
Get Mod with shape torch.Size([1, 1, 8, 16]) at layer: 1
Get Mod with shape torch.Size([1, 1, 16, 32]) at layer: 2
Get Mod with shape torch.Size([1, 1, 32, 64]) at layer: 3
Get Mod with shape torch.Size([1, 1, 64, 128]) at layer: 4
Get Mod with shape torch.Size([1, 1, 128, 256]) at layer: 5
Get Mod with shape torch.Size([1, 1, 256, 512]) at layer: 6
Get Mod with shape torch.Size([1, 1, 512, 1024]) at layer: 7
start temperature: 0.3 noise parameter: 2.0
end temperature: 0.3 noise parameter: 2.0
********************Start from stage I
Step 400, BEST PSNR: 22.032991, Total loss 0.417871 with its rate 0.22416768968105316 latent_bits 117528.4296875

🌟 Selected Top-3 Candidates by RD cost

🎯 Stage-2 Refining Candidate 1/3
start temperature: 0.3 noise parameter: 2.0
end temperature: 0.3 noise parameter: 2.0
********************Start from stage I
Step 400, BEST PSNR: 22.146531, Total loss 0.433889 with its rate 0.25000160932540894 latent_bits 131072.84375

🎯 Stage-2 Refining Candidate 2/3
start temperature: 0.3 noise parameter: 2.0
end temperature: 0.3 noise parameter: 2.0
********************Start from stage I
Step 400, BEST PSNR: 22.189425, Total loss 0.431022 with its rate 0.24952057003974915 latent_bits 130820.640625

🎯 Stage-2 Refining Candidate 3/3
start temperature: 0.3 noise parameter: 2.0
end temperature: 0.3 noise parameter: 2.0
********************Start from stage I
Step 400, BEST PSNR: 22.064081, Total loss 0.432378 with its rate 0.254006028175354 latent_bits 133172.3125

🏆 Best Candidate Final PSNR: 22.19, Rate: 0.2495
Masked_INR(
  (upsampling_2d): Upsampling(
    (conv_transpose2d): UpsamplingConvTranspose2d()
  )
  (arm): Arm(
    (mlp): Sequential(
      (0): ArmConv(
        (conv1_1): Conv1d(16, 16, kernel_size=(1,), stride=(1,))
      )
      (1): GELU(approximate='none')
      (2): ArmConv(
        (conv1_1): Conv1d(16, 16, kernel_size=(1,), stride=(1,))
      )
      (3): GELU(approximate='none')
      (4): ArmConv(
        (conv1_1): Conv1d(16, 2, kernel_size=(1,), stride=(1,))
      )
    )
  )
  (conv_mod): LocalGlobalBlock(
    (net): Sequential(
      (0): SynthesisLayer(
        (pad): Identity()
        (conv_layer): SWHDC(
          (conv): Conv2d(2, 3, kernel_size=(3, 3), stride=(1, 1))
        )
        (non_linearity): GELU(approximate='none')
      )
      (1): SynthesisResidualLayer(
        (pad): ReplicationPad2d((0, 0, 0, 0))
        (conv_layer): Conv2d(3, 3, kernel_size=(1, 1), stride=(1, 1))
        (non_linearity): GELU(approximate='none')
      )
      (2): SynthesisResidualLayer(
        (pad): ReplicationPad2d((0, 0, 0, 0))
        (conv_layer): Conv2d(3, 3, kernel_size=(1, 1), stride=(1, 1))
        (non_linearity): GELU(approximate='none')
      )
      (3): SynthesisResidualLayer(
        (pad): ReplicationPad2d((0, 0, 0, 0))
        (conv_layer): Conv2d(3, 3, kernel_size=(1, 1), stride=(1, 1))
        (non_linearity): Identity()
      )
    )
    (global_net): Sequential(
      (0): SynthesisLayer(
        (pad): Identity()
        (conv_layer): SWHDC(
          (conv): Conv2d(2, 3, kernel_size=(3, 3), stride=(1, 1))
        )
        (non_linearity): GELU(approximate='none')
      )
      (1): SynthesisResidualLayer(
        (pad): ReplicationPad2d((0, 0, 0, 0))
        (conv_layer): Conv2d(3, 3, kernel_size=(1, 1), stride=(1, 1))
        (non_linearity): GELU(approximate='none')
      )
      (2): SynthesisResidualLayer(
        (pad): ReplicationPad2d((0, 0, 0, 0))
        (conv_layer): Conv2d(3, 3, kernel_size=(1, 1), stride=(1, 1))
        (non_linearity): GELU(approximate='none')
      )
      (3): SynthesisResidualLayer(
        (pad): ReplicationPad2d((0, 0, 0, 0))
        (conv_layer): Conv2d(3, 3, kernel_size=(1, 1), stride=(1, 1))
        (non_linearity): Identity()
      )
    )
    (agg_func): Sequential(
      (0): SynthesisLayer(
        (pad): ReplicationPad2d((0, 0, 0, 0))
        (conv_layer): Conv2d(18, 3, kernel_size=(1, 1), stride=(1, 1))
        (non_linearity): GELU(approximate='none')
      )
      (1): SynthesisLayer(
        (pad): ReplicationPad2d((0, 0, 0, 0))
        (conv_layer): Conv2d(21, 3, kernel_size=(1, 1), stride=(1, 1))
        (non_linearity): GELU(approximate='none')
      )
      (2): SynthesisLayer(
        (pad): ReplicationPad2d((0, 0, 0, 0))
        (conv_layer): Conv2d(24, 3, kernel_size=(1, 1), stride=(1, 1))
        (non_linearity): GELU(approximate='none')
      )
    )
    (full_net): Sequential(
      (0): SynthesisLayer(
        (pad): ReplicationPad2d((0, 0, 0, 0))
        (conv_layer): Conv2d(7, 12, kernel_size=(1, 1), stride=(1, 1))
        (non_linearity): GELU(approximate='none')
      )
      (1): SynthesisLayer(
        (pad): ReplicationPad2d((0, 0, 0, 0))
        (conv_layer): Conv2d(12, 3, kernel_size=(1, 1), stride=(1, 1))
        (non_linearity): GELU(approximate='none')
      )
      (2): SynthesisResidualLayer(
        (conv_layer): Conv2d(3, 3, kernel_size=(3, 3), stride=(1, 1))
        (non_linearity): GELU(approximate='none')
      )
      (3): SynthesisResidualLayer(
        (conv_layer): Conv2d(3, 3, kernel_size=(3, 3), stride=(1, 1))
        (non_linearity): GELU(approximate='none')
      )
    )
  )
  (modulation_sf): ParameterList(
      (0): Parameter containing: [torch.float32 of size 1x1x8x16 (cuda:0)]
      (1): Parameter containing: [torch.float32 of size 1x1x16x32 (cuda:0)]
      (2): Parameter containing: [torch.float32 of size 1x1x32x64 (cuda:0)]
      (3): Parameter containing: [torch.float32 of size 1x1x64x128 (cuda:0)]
      (4): Parameter containing: [torch.float32 of size 1x1x128x256 (cuda:0)]
      (5): Parameter containing: [torch.float32 of size 1x1x256x512 (cuda:0)]
      (6): Parameter containing: [torch.float32 of size 1x1x512x1024 (cuda:0)]
  )
)
train the 24 -th image
start temperature: 0.3 noise parameter: 2.0
end temperature: 0.1 noise parameter: 1.0
********************Start from stage I
********************going into stage II
eval_object_psnr: 29.82773306070514
eval_background_psnr: 23.67846823701424
eval_background_psnr: 23.67846823701424
********************Evaluation the Image 24-th, after Step 999, BEST PSNR: 22.734373, Print rate 0.146438. *************************
Saved model at ./saved/modbase_7/context_16_arm_mod_16/sparity_0.0/inr_mod_16KODAK_ROI_Global_new_struture_7_12_3_33_orderconcat_operator_0_pw_0.8_img_object24.pth
Trained the image with PSNR: 22.734372551596962  latent bits 0.14643754065036774 latent bits number 76775.4453125
[26.26667153969039, 25.99057383617314, 26.28984751399874, 22.947318639606546, 24.29441434572143, 24.13140701196215, 26.564282149928285, 27.594175708404567, 27.185075567101137, 27.085246870301955, 26.676181294648444, 26.362167343962373, 27.19113515385744, 26.69753357879426, 27.322924083639382, 27.475075668224196, 27.46651306444708, 27.858802799197772, 24.311488369172228, 24.375873519284344, 24.15294994882635, 25.369593728706324, 26.055566904334103, 24.913415832595586, 22.734372551596962]
[0.10971970856189728, 0.10732713341712952, 0.11180776357650757, 0.19319993257522583, 0.1766223907470703, 0.1677476167678833, 0.08303212374448776, 0.07987571507692337, 0.08553820103406906, 0.10399775207042694, 0.1113455593585968, 0.12303438782691956, 0.07939546555280685, 0.0797487199306488, 0.08132244646549225, 0.07252471148967743, 0.07219014316797256, 0.07127999514341354, 0.16601738333702087, 0.1713944524526596, 0.16704174876213074, 0.0825081393122673, 0.09519340097904205, 0.10288791358470917, 0.14643754065036774]
[57524.7265625, 56270.328125, 58619.46875, 101292.40625, 92601.0, 87948.0625, 43532.74609375, 41877.87890625, 44846.65234375, 54524.7734375, 58377.140625, 64505.453125, 41626.08984375, 41811.296875, 42636.3828125, 38023.8359375, 37848.42578125, 37371.24609375, 87040.921875, 89860.0546875, 87577.984375, 43258.02734375, 49908.7578125, 53942.8984375, 76775.4453125]
load the model: ./saved/modbase_7/context_16_arm_mod_16/sparity_0.0/inr_mod_16KODAK_ROI_Global_new_struture_7_12_3_33_orderconcat_operator_0_pw_0.8_img_object24.pth for the  24 -th image
********************Evalutation with quantization
********************Starting quantizing models
eval_object_psnr: 27.59634306260563
full_image_psnr: 21.042345395772838
object_psnr: 27.59634306260563
background_psnr: 22.130566570126266
********************Evaluation the Image 24-th, BEST PSNR: 21.042345, Print rate 0.147297, Network rate 0.013908. *************************
eval_wsssim: 0.742667
Decoded image saved to ./experiments/vcip_wssim_tunado_diegoPC/decoded_images/othim25_maskerp_wsmse0_swhdc1_erp1_lambda0.8.png
Evaluate the image: PSNR: 21.042345395772838 All bits: 0.16120578348636627  latent bits: 0.14729739725589752  network bits: 0.01390838623046875
Evaluate arm network bits: 0.00704193115234375 Evaluate synthesis network bits: 0.006389617919921875
Image All bits num: 84518.2578125 latent bits num: 77226.2578125 mlp bits num: 7292.0 border bits num:
arm bits num: 3692.0 synthesis bits num: 3350.0
[25.725005229269772, 25.084490369571522, 26.126108564653624, 22.74168690510335, 23.87970493444533, 23.496738437492905, 25.208951654408963, 25.77196140367265, 26.052715971668807, 26.672117971893368, 25.43757771009635, 25.10468872503732, 26.728425483544964, 24.76948801016424, 26.038130375350335, 26.847126866985548, 25.548671165682507, 25.70670883575488, 23.138650212636747, 23.2115962825533, 23.614036712838203, 23.805999687068, 25.776882125525844, 24.105780661350934, 21.042345395772838]
[0.12852253019809723, 0.12484615296125412, 0.13026711344718933, 0.21137559413909912, 0.19534045457839966, 0.18472929298877716, 0.09931357949972153, 0.09671350568532944, 0.10299995541572571, 0.12199412286281586, 0.1287393867969513, 0.13995394855737686, 0.09796439111232758, 0.09543980658054352, 0.09846967458724976, 0.09005653858184814, 0.088145911693573, 0.0883798599243164, 0.18304041028022766, 0.1882058084011078, 0.1828884482383728, 0.09983251988887787, 0.1138836219906807, 0.11976869404315948, 0.16120578348636627]
[67382.8203125, 65455.33984375, 68297.484375, 110821.6875, 102414.65625, 96851.3515625, 52068.91796875, 50705.73046875, 54001.640625, 63960.0546875, 67496.515625, 73376.17578125, 51361.5546875, 50037.9453125, 51626.46875, 47215.5625, 46213.84375, 46336.5, 95965.890625, 98674.046875, 95886.21875, 52340.9921875, 59707.81640625, 62793.2890625, 84518.2578125]
Metrics saved to ./experiments/vcip_wssim_tunado_diegoPC/results.csv
Current eval Ave PSNR: 24.865423587701695 Ave Bits 0.13088308423757553
Namespace(batch_size=1, lr=0.01, data='../data', sparsity=0.0, local_upsampling_kernel_size=8, upsampling_kernel_size=8, static_upsampling_kernel=False, latent_factor=1, mod_base=7, highest_flag=1, context_arm=16, dim_arm_mod=16, use_candidate=True, type='other', mod_hid_layer=0, sythesis_features=12, hidden_features=64, hidden_layer=2, scale=1, lambda_rate=0.8, lambda_rate_list=[0.4, 0.8], start_index=0, mask_type='erp', wsmse_tag=0, swhdc_tag=1, swhdc_dilations=[1, 2, 3, 4], erp_padding=1, workdir='./experiments/vcip_wssim_tunado_diegoPC', train_steps_1=5000, train_steps_2=1000, loss_type='combined', lambda_dist=0.0, lambda_percep=1.0, patch_h=512, patch_w=1024, all_pix_num=524288, eval_pix_num=524288)
Directory './saved/modbase_7/context_16_arm_mod_16' already exists.
Directory './saved/modbase_7/context_16_arm_mod_16/sparity_0.0' already exists.
top %: 0.0

🔁 Stage-1 Training Candidate 1/7
Quantizer parameter: encoding gain  16
total pixel: 524288
Get Mod with shape torch.Size([1, 1, 8, 16]) at layer: 1
Get Mod with shape torch.Size([1, 1, 16, 32]) at layer: 2
Get Mod with shape torch.Size([1, 1, 32, 64]) at layer: 3
Get Mod with shape torch.Size([1, 1, 64, 128]) at layer: 4
Get Mod with shape torch.Size([1, 1, 128, 256]) at layer: 5
Get Mod with shape torch.Size([1, 1, 256, 512]) at layer: 6
Get Mod with shape torch.Size([1, 1, 512, 1024]) at layer: 7
start temperature: 0.3 noise parameter: 2.0
end temperature: 0.3 noise parameter: 2.0
********************Start from stage I
Step 400, BEST PSNR: 21.689735, Total loss 0.423360 with its rate 0.22310829162597656 latent_bits 116973.0

🔁 Stage-1 Training Candidate 2/7
Quantizer parameter: encoding gain  16
total pixel: 524288
Get Mod with shape torch.Size([1, 1, 8, 16]) at layer: 1
Get Mod with shape torch.Size([1, 1, 16, 32]) at layer: 2
Get Mod with shape torch.Size([1, 1, 32, 64]) at layer: 3
Get Mod with shape torch.Size([1, 1, 64, 128]) at layer: 4
Get Mod with shape torch.Size([1, 1, 128, 256]) at layer: 5
Get Mod with shape torch.Size([1, 1, 256, 512]) at layer: 6
Get Mod with shape torch.Size([1, 1, 512, 1024]) at layer: 7
start temperature: 0.3 noise parameter: 2.0
end temperature: 0.3 noise parameter: 2.0
********************Start from stage I
Step 400, BEST PSNR: 21.373472, Total loss 0.423373 with its rate 0.21636629104614258 latent_bits 113438.25

🔁 Stage-1 Training Candidate 3/7
Quantizer parameter: encoding gain  16
total pixel: 524288
Get Mod with shape torch.Size([1, 1, 8, 16]) at layer: 1
Get Mod with shape torch.Size([1, 1, 16, 32]) at layer: 2
Get Mod with shape torch.Size([1, 1, 32, 64]) at layer: 3
Get Mod with shape torch.Size([1, 1, 64, 128]) at layer: 4
Get Mod with shape torch.Size([1, 1, 128, 256]) at layer: 5
Get Mod with shape torch.Size([1, 1, 256, 512]) at layer: 6
Get Mod with shape torch.Size([1, 1, 512, 1024]) at layer: 7
start temperature: 0.3 noise parameter: 2.0
end temperature: 0.3 noise parameter: 2.0
********************Start from stage I
Step 400, BEST PSNR: 21.872268, Total loss 0.421023 with its rate 0.22802729904651642 latent_bits 119551.9765625

🔁 Stage-1 Training Candidate 4/7
Quantizer parameter: encoding gain  16
total pixel: 524288
Get Mod with shape torch.Size([1, 1, 8, 16]) at layer: 1
Get Mod with shape torch.Size([1, 1, 16, 32]) at layer: 2
Get Mod with shape torch.Size([1, 1, 32, 64]) at layer: 3
Get Mod with shape torch.Size([1, 1, 64, 128]) at layer: 4
Get Mod with shape torch.Size([1, 1, 128, 256]) at layer: 5
Get Mod with shape torch.Size([1, 1, 256, 512]) at layer: 6
Get Mod with shape torch.Size([1, 1, 512, 1024]) at layer: 7
start temperature: 0.3 noise parameter: 2.0
end temperature: 0.3 noise parameter: 2.0
********************Start from stage I
Step 400, BEST PSNR: 21.879147, Total loss 0.419901 with its rate 0.2225266993045807 latent_bits 116668.078125

🔁 Stage-1 Training Candidate 5/7
Quantizer parameter: encoding gain  16
total pixel: 524288
Get Mod with shape torch.Size([1, 1, 8, 16]) at layer: 1
Get Mod with shape torch.Size([1, 1, 16, 32]) at layer: 2
Get Mod with shape torch.Size([1, 1, 32, 64]) at layer: 3
Get Mod with shape torch.Size([1, 1, 64, 128]) at layer: 4
Get Mod with shape torch.Size([1, 1, 128, 256]) at layer: 5
Get Mod with shape torch.Size([1, 1, 256, 512]) at layer: 6
Get Mod with shape torch.Size([1, 1, 512, 1024]) at layer: 7
start temperature: 0.3 noise parameter: 2.0
end temperature: 0.3 noise parameter: 2.0
********************Start from stage I
Step 400, BEST PSNR: 21.501404, Total loss 0.421199 with its rate 0.2176070511341095 latent_bits 114088.765625

🔁 Stage-1 Training Candidate 6/7
Quantizer parameter: encoding gain  16
total pixel: 524288
Get Mod with shape torch.Size([1, 1, 8, 16]) at layer: 1
Get Mod with shape torch.Size([1, 1, 16, 32]) at layer: 2
Get Mod with shape torch.Size([1, 1, 32, 64]) at layer: 3
Get Mod with shape torch.Size([1, 1, 64, 128]) at layer: 4
Get Mod with shape torch.Size([1, 1, 128, 256]) at layer: 5
Get Mod with shape torch.Size([1, 1, 256, 512]) at layer: 6
Get Mod with shape torch.Size([1, 1, 512, 1024]) at layer: 7
start temperature: 0.3 noise parameter: 2.0
end temperature: 0.3 noise parameter: 2.0
********************Start from stage I
Step 400, BEST PSNR: 22.078752, Total loss 0.412177 with its rate 0.21816134452819824 latent_bits 114379.375

🔁 Stage-1 Training Candidate 7/7
Quantizer parameter: encoding gain  16
total pixel: 524288
Get Mod with shape torch.Size([1, 1, 8, 16]) at layer: 1
Get Mod with shape torch.Size([1, 1, 16, 32]) at layer: 2
Get Mod with shape torch.Size([1, 1, 32, 64]) at layer: 3
Get Mod with shape torch.Size([1, 1, 64, 128]) at layer: 4
Get Mod with shape torch.Size([1, 1, 128, 256]) at layer: 5
Get Mod with shape torch.Size([1, 1, 256, 512]) at layer: 6
Get Mod with shape torch.Size([1, 1, 512, 1024]) at layer: 7
start temperature: 0.3 noise parameter: 2.0
end temperature: 0.3 noise parameter: 2.0
********************Start from stage I
Step 400, BEST PSNR: 21.662500, Total loss 0.417623 with its rate 0.21726205945014954 latent_bits 113907.890625

🌟 Selected Top-3 Candidates by RD cost

🎯 Stage-2 Refining Candidate 1/3
start temperature: 0.3 noise parameter: 2.0
end temperature: 0.3 noise parameter: 2.0
********************Start from stage I
Step 400, BEST PSNR: 22.376481, Total loss 0.430514 with its rate 0.2526562213897705 latent_bits 132464.625

🎯 Stage-2 Refining Candidate 2/3
start temperature: 0.3 noise parameter: 2.0
end temperature: 0.3 noise parameter: 2.0
********************Start from stage I
Step 400, BEST PSNR: 22.182363, Total loss 0.432423 with its rate 0.2510617971420288 latent_bits 131628.6875

🎯 Stage-2 Refining Candidate 3/3
start temperature: 0.3 noise parameter: 2.0
end temperature: 0.3 noise parameter: 2.0
********************Start from stage I
Step 400, BEST PSNR: 22.192585, Total loss 0.434830 with its rate 0.2524200975894928 latent_bits 132340.828125

🏆 Best Candidate Final PSNR: 22.38, Rate: 0.2527
Masked_INR(
  (upsampling_2d): Upsampling(
    (conv_transpose2d): UpsamplingConvTranspose2d()
  )
  (arm): Arm(
    (mlp): Sequential(
      (0): ArmConv(
        (conv1_1): Conv1d(16, 16, kernel_size=(1,), stride=(1,))
      )
      (1): GELU(approximate='none')
      (2): ArmConv(
        (conv1_1): Conv1d(16, 16, kernel_size=(1,), stride=(1,))
      )
      (3): GELU(approximate='none')
      (4): ArmConv(
        (conv1_1): Conv1d(16, 2, kernel_size=(1,), stride=(1,))
      )
    )
  )
  (conv_mod): LocalGlobalBlock(
    (net): Sequential(
      (0): SynthesisLayer(
        (pad): Identity()
        (conv_layer): SWHDC(
          (conv): Conv2d(2, 3, kernel_size=(3, 3), stride=(1, 1))
        )
        (non_linearity): GELU(approximate='none')
      )
      (1): SynthesisResidualLayer(
        (pad): ReplicationPad2d((0, 0, 0, 0))
        (conv_layer): Conv2d(3, 3, kernel_size=(1, 1), stride=(1, 1))
        (non_linearity): GELU(approximate='none')
      )
      (2): SynthesisResidualLayer(
        (pad): ReplicationPad2d((0, 0, 0, 0))
        (conv_layer): Conv2d(3, 3, kernel_size=(1, 1), stride=(1, 1))
        (non_linearity): GELU(approximate='none')
      )
      (3): SynthesisResidualLayer(
        (pad): ReplicationPad2d((0, 0, 0, 0))
        (conv_layer): Conv2d(3, 3, kernel_size=(1, 1), stride=(1, 1))
        (non_linearity): Identity()
      )
    )
    (global_net): Sequential(
      (0): SynthesisLayer(
        (pad): Identity()
        (conv_layer): SWHDC(
          (conv): Conv2d(2, 3, kernel_size=(3, 3), stride=(1, 1))
        )
        (non_linearity): GELU(approximate='none')
      )
      (1): SynthesisResidualLayer(
        (pad): ReplicationPad2d((0, 0, 0, 0))
        (conv_layer): Conv2d(3, 3, kernel_size=(1, 1), stride=(1, 1))
        (non_linearity): GELU(approximate='none')
      )
      (2): SynthesisResidualLayer(
        (pad): ReplicationPad2d((0, 0, 0, 0))
        (conv_layer): Conv2d(3, 3, kernel_size=(1, 1), stride=(1, 1))
        (non_linearity): GELU(approximate='none')
      )
      (3): SynthesisResidualLayer(
        (pad): ReplicationPad2d((0, 0, 0, 0))
        (conv_layer): Conv2d(3, 3, kernel_size=(1, 1), stride=(1, 1))
        (non_linearity): Identity()
      )
    )
    (agg_func): Sequential(
      (0): SynthesisLayer(
        (pad): ReplicationPad2d((0, 0, 0, 0))
        (conv_layer): Conv2d(18, 3, kernel_size=(1, 1), stride=(1, 1))
        (non_linearity): GELU(approximate='none')
      )
      (1): SynthesisLayer(
        (pad): ReplicationPad2d((0, 0, 0, 0))
        (conv_layer): Conv2d(21, 3, kernel_size=(1, 1), stride=(1, 1))
        (non_linearity): GELU(approximate='none')
      )
      (2): SynthesisLayer(
        (pad): ReplicationPad2d((0, 0, 0, 0))
        (conv_layer): Conv2d(24, 3, kernel_size=(1, 1), stride=(1, 1))
        (non_linearity): GELU(approximate='none')
      )
    )
    (full_net): Sequential(
      (0): SynthesisLayer(
        (pad): ReplicationPad2d((0, 0, 0, 0))
        (conv_layer): Conv2d(7, 12, kernel_size=(1, 1), stride=(1, 1))
        (non_linearity): GELU(approximate='none')
      )
      (1): SynthesisLayer(
        (pad): ReplicationPad2d((0, 0, 0, 0))
        (conv_layer): Conv2d(12, 3, kernel_size=(1, 1), stride=(1, 1))
        (non_linearity): GELU(approximate='none')
      )
      (2): SynthesisResidualLayer(
        (conv_layer): Conv2d(3, 3, kernel_size=(3, 3), stride=(1, 1))
        (non_linearity): GELU(approximate='none')
      )
      (3): SynthesisResidualLayer(
        (conv_layer): Conv2d(3, 3, kernel_size=(3, 3), stride=(1, 1))
        (non_linearity): GELU(approximate='none')
      )
    )
  )
  (modulation_sf): ParameterList(
      (0): Parameter containing: [torch.float32 of size 1x1x8x16 (cuda:0)]
      (1): Parameter containing: [torch.float32 of size 1x1x16x32 (cuda:0)]
      (2): Parameter containing: [torch.float32 of size 1x1x32x64 (cuda:0)]
      (3): Parameter containing: [torch.float32 of size 1x1x64x128 (cuda:0)]
      (4): Parameter containing: [torch.float32 of size 1x1x128x256 (cuda:0)]
      (5): Parameter containing: [torch.float32 of size 1x1x256x512 (cuda:0)]
      (6): Parameter containing: [torch.float32 of size 1x1x512x1024 (cuda:0)]
  )
)
train the 25 -th image
start temperature: 0.3 noise parameter: 2.0
end temperature: 0.1 noise parameter: 1.0
********************Start from stage I
********************going into stage II
eval_object_psnr: 30.31139260903925
eval_background_psnr: 23.835703077826235
eval_background_psnr: 23.835703077826235
********************Evaluation the Image 25-th, after Step 999, BEST PSNR: 22.953856, Print rate 0.149188. *************************
Saved model at ./saved/modbase_7/context_16_arm_mod_16/sparity_0.0/inr_mod_16KODAK_ROI_Global_new_struture_7_12_3_33_orderconcat_operator_0_pw_0.8_img_object25.pth
Trained the image with PSNR: 22.953856402117065  latent bits 0.14918828010559082 latent bits number 78217.625
[26.26667153969039, 25.99057383617314, 26.28984751399874, 22.947318639606546, 24.29441434572143, 24.13140701196215, 26.564282149928285, 27.594175708404567, 27.185075567101137, 27.085246870301955, 26.676181294648444, 26.362167343962373, 27.19113515385744, 26.69753357879426, 27.322924083639382, 27.475075668224196, 27.46651306444708, 27.858802799197772, 24.311488369172228, 24.375873519284344, 24.15294994882635, 25.369593728706324, 26.055566904334103, 24.913415832595586, 22.734372551596962, 22.953856402117065]
[0.10971970856189728, 0.10732713341712952, 0.11180776357650757, 0.19319993257522583, 0.1766223907470703, 0.1677476167678833, 0.08303212374448776, 0.07987571507692337, 0.08553820103406906, 0.10399775207042694, 0.1113455593585968, 0.12303438782691956, 0.07939546555280685, 0.0797487199306488, 0.08132244646549225, 0.07252471148967743, 0.07219014316797256, 0.07127999514341354, 0.16601738333702087, 0.1713944524526596, 0.16704174876213074, 0.0825081393122673, 0.09519340097904205, 0.10288791358470917, 0.14643754065036774, 0.14918828010559082]
[57524.7265625, 56270.328125, 58619.46875, 101292.40625, 92601.0, 87948.0625, 43532.74609375, 41877.87890625, 44846.65234375, 54524.7734375, 58377.140625, 64505.453125, 41626.08984375, 41811.296875, 42636.3828125, 38023.8359375, 37848.42578125, 37371.24609375, 87040.921875, 89860.0546875, 87577.984375, 43258.02734375, 49908.7578125, 53942.8984375, 76775.4453125, 78217.625]
load the model: ./saved/modbase_7/context_16_arm_mod_16/sparity_0.0/inr_mod_16KODAK_ROI_Global_new_struture_7_12_3_33_orderconcat_operator_0_pw_0.8_img_object25.pth for the  25 -th image
********************Evalutation with quantization
********************Starting quantizing models
eval_object_psnr: 29.806328561697665
full_image_psnr: 22.299569282161276
object_psnr: 29.806328561697665
background_psnr: 23.15095868443228
********************Evaluation the Image 25-th, BEST PSNR: 22.299569, Print rate 0.149446, Network rate 0.016901. *************************
eval_wsssim: 0.775973
Decoded image saved to ./experiments/vcip_wssim_tunado_diegoPC/decoded_images/othim26_maskerp_wsmse0_swhdc1_erp1_lambda0.8.png
Evaluate the image: PSNR: 22.299569282161276 All bits: 0.16634663939476013  latent bits: 0.14944562315940857  network bits: 0.016901016235351562
Evaluate arm network bits: 0.008241653442382812 Evaluate synthesis network bits: 0.008031845092773438
Image All bits num: 87213.546875 latent bits num: 78352.546875 mlp bits num: 8861.0 border bits num:
arm bits num: 4321.0 synthesis bits num: 4211.0
[25.725005229269772, 25.084490369571522, 26.126108564653624, 22.74168690510335, 23.87970493444533, 23.496738437492905, 25.208951654408963, 25.77196140367265, 26.052715971668807, 26.672117971893368, 25.43757771009635, 25.10468872503732, 26.728425483544964, 24.76948801016424, 26.038130375350335, 26.847126866985548, 25.548671165682507, 25.70670883575488, 23.138650212636747, 23.2115962825533, 23.614036712838203, 23.805999687068, 25.776882125525844, 24.105780661350934, 21.042345395772838, 22.299569282161276]
[0.12852253019809723, 0.12484615296125412, 0.13026711344718933, 0.21137559413909912, 0.19534045457839966, 0.18472929298877716, 0.09931357949972153, 0.09671350568532944, 0.10299995541572571, 0.12199412286281586, 0.1287393867969513, 0.13995394855737686, 0.09796439111232758, 0.09543980658054352, 0.09846967458724976, 0.09005653858184814, 0.088145911693573, 0.0883798599243164, 0.18304041028022766, 0.1882058084011078, 0.1828884482383728, 0.09983251988887787, 0.1138836219906807, 0.11976869404315948, 0.16120578348636627, 0.16634663939476013]
[67382.8203125, 65455.33984375, 68297.484375, 110821.6875, 102414.65625, 96851.3515625, 52068.91796875, 50705.73046875, 54001.640625, 63960.0546875, 67496.515625, 73376.17578125, 51361.5546875, 50037.9453125, 51626.46875, 47215.5625, 46213.84375, 46336.5, 95965.890625, 98674.046875, 95886.21875, 52340.9921875, 59707.81640625, 62793.2890625, 84518.2578125, 87213.546875]
Metrics saved to ./experiments/vcip_wssim_tunado_diegoPC/results.csv
Current eval Ave PSNR: 24.766736883642448 Ave Bits 0.13224706712823647
Namespace(batch_size=1, lr=0.01, data='../data', sparsity=0.0, local_upsampling_kernel_size=8, upsampling_kernel_size=8, static_upsampling_kernel=False, latent_factor=1, mod_base=7, highest_flag=1, context_arm=16, dim_arm_mod=16, use_candidate=True, type='other', mod_hid_layer=0, sythesis_features=12, hidden_features=64, hidden_layer=2, scale=1, lambda_rate=0.8, lambda_rate_list=[0.4, 0.8], start_index=0, mask_type='erp', wsmse_tag=0, swhdc_tag=1, swhdc_dilations=[1, 2, 3, 4], erp_padding=1, workdir='./experiments/vcip_wssim_tunado_diegoPC', train_steps_1=5000, train_steps_2=1000, loss_type='combined', lambda_dist=0.0, lambda_percep=1.0, patch_h=512, patch_w=1024, all_pix_num=524288, eval_pix_num=524288)
Directory './saved/modbase_7/context_16_arm_mod_16' already exists.
Directory './saved/modbase_7/context_16_arm_mod_16/sparity_0.0' already exists.
top %: 0.0

🔁 Stage-1 Training Candidate 1/7
Quantizer parameter: encoding gain  16
total pixel: 524288
Get Mod with shape torch.Size([1, 1, 8, 16]) at layer: 1
Get Mod with shape torch.Size([1, 1, 16, 32]) at layer: 2
Get Mod with shape torch.Size([1, 1, 32, 64]) at layer: 3
Get Mod with shape torch.Size([1, 1, 64, 128]) at layer: 4
Get Mod with shape torch.Size([1, 1, 128, 256]) at layer: 5
Get Mod with shape torch.Size([1, 1, 256, 512]) at layer: 6
Get Mod with shape torch.Size([1, 1, 512, 1024]) at layer: 7
start temperature: 0.3 noise parameter: 2.0
end temperature: 0.3 noise parameter: 2.0
********************Start from stage I
Step 400, BEST PSNR: 22.524897, Total loss 0.413571 with its rate 0.19971615076065063 latent_bits 104708.78125

🔁 Stage-1 Training Candidate 2/7
Quantizer parameter: encoding gain  16
total pixel: 524288
Get Mod with shape torch.Size([1, 1, 8, 16]) at layer: 1
Get Mod with shape torch.Size([1, 1, 16, 32]) at layer: 2
Get Mod with shape torch.Size([1, 1, 32, 64]) at layer: 3
Get Mod with shape torch.Size([1, 1, 64, 128]) at layer: 4
Get Mod with shape torch.Size([1, 1, 128, 256]) at layer: 5
Get Mod with shape torch.Size([1, 1, 256, 512]) at layer: 6
Get Mod with shape torch.Size([1, 1, 512, 1024]) at layer: 7
start temperature: 0.3 noise parameter: 2.0
end temperature: 0.3 noise parameter: 2.0
********************Start from stage I
Step 400, BEST PSNR: 22.741830, Total loss 0.415483 with its rate 0.21684372425079346 latent_bits 113688.5625

🔁 Stage-1 Training Candidate 3/7
Quantizer parameter: encoding gain  16
total pixel: 524288
Get Mod with shape torch.Size([1, 1, 8, 16]) at layer: 1
Get Mod with shape torch.Size([1, 1, 16, 32]) at layer: 2
Get Mod with shape torch.Size([1, 1, 32, 64]) at layer: 3
Get Mod with shape torch.Size([1, 1, 64, 128]) at layer: 4
Get Mod with shape torch.Size([1, 1, 128, 256]) at layer: 5
Get Mod with shape torch.Size([1, 1, 256, 512]) at layer: 6
Get Mod with shape torch.Size([1, 1, 512, 1024]) at layer: 7
start temperature: 0.3 noise parameter: 2.0
end temperature: 0.3 noise parameter: 2.0
********************Start from stage I
Step 400, BEST PSNR: 22.758414, Total loss 0.408167 with its rate 0.20661352574825287 latent_bits 108324.9921875

🔁 Stage-1 Training Candidate 4/7
Quantizer parameter: encoding gain  16
total pixel: 524288
Get Mod with shape torch.Size([1, 1, 8, 16]) at layer: 1
Get Mod with shape torch.Size([1, 1, 16, 32]) at layer: 2
Get Mod with shape torch.Size([1, 1, 32, 64]) at layer: 3
Get Mod with shape torch.Size([1, 1, 64, 128]) at layer: 4
Get Mod with shape torch.Size([1, 1, 128, 256]) at layer: 5
Get Mod with shape torch.Size([1, 1, 256, 512]) at layer: 6
Get Mod with shape torch.Size([1, 1, 512, 1024]) at layer: 7
start temperature: 0.3 noise parameter: 2.0
end temperature: 0.3 noise parameter: 2.0
********************Start from stage I
Step 400, BEST PSNR: 22.452089, Total loss 0.417909 with its rate 0.2087516486644745 latent_bits 109445.984375

🔁 Stage-1 Training Candidate 5/7
Quantizer parameter: encoding gain  16
total pixel: 524288
Get Mod with shape torch.Size([1, 1, 8, 16]) at layer: 1
Get Mod with shape torch.Size([1, 1, 16, 32]) at layer: 2
Get Mod with shape torch.Size([1, 1, 32, 64]) at layer: 3
Get Mod with shape torch.Size([1, 1, 64, 128]) at layer: 4
Get Mod with shape torch.Size([1, 1, 128, 256]) at layer: 5
Get Mod with shape torch.Size([1, 1, 256, 512]) at layer: 6
Get Mod with shape torch.Size([1, 1, 512, 1024]) at layer: 7
start temperature: 0.3 noise parameter: 2.0
end temperature: 0.3 noise parameter: 2.0
********************Start from stage I
Step 400, BEST PSNR: 22.945638, Total loss 0.413884 with its rate 0.21560367941856384 latent_bits 113038.421875

🔁 Stage-1 Training Candidate 6/7
Quantizer parameter: encoding gain  16
total pixel: 524288
Get Mod with shape torch.Size([1, 1, 8, 16]) at layer: 1
Get Mod with shape torch.Size([1, 1, 16, 32]) at layer: 2
Get Mod with shape torch.Size([1, 1, 32, 64]) at layer: 3
Get Mod with shape torch.Size([1, 1, 64, 128]) at layer: 4
Get Mod with shape torch.Size([1, 1, 128, 256]) at layer: 5
Get Mod with shape torch.Size([1, 1, 256, 512]) at layer: 6
Get Mod with shape torch.Size([1, 1, 512, 1024]) at layer: 7
start temperature: 0.3 noise parameter: 2.0
end temperature: 0.3 noise parameter: 2.0
********************Start from stage I
Step 400, BEST PSNR: 22.872812, Total loss 0.420175 with its rate 0.21708935499191284 latent_bits 113817.34375

🔁 Stage-1 Training Candidate 7/7
Quantizer parameter: encoding gain  16
total pixel: 524288
Get Mod with shape torch.Size([1, 1, 8, 16]) at layer: 1
Get Mod with shape torch.Size([1, 1, 16, 32]) at layer: 2
Get Mod with shape torch.Size([1, 1, 32, 64]) at layer: 3
Get Mod with shape torch.Size([1, 1, 64, 128]) at layer: 4
Get Mod with shape torch.Size([1, 1, 128, 256]) at layer: 5
Get Mod with shape torch.Size([1, 1, 256, 512]) at layer: 6
Get Mod with shape torch.Size([1, 1, 512, 1024]) at layer: 7
start temperature: 0.3 noise parameter: 2.0
end temperature: 0.3 noise parameter: 2.0
********************Start from stage I
Step 400, BEST PSNR: 23.164420, Total loss 0.406355 with its rate 0.21176043152809143 latent_bits 111023.453125

🌟 Selected Top-3 Candidates by RD cost

🎯 Stage-2 Refining Candidate 1/3
start temperature: 0.3 noise parameter: 2.0
end temperature: 0.3 noise parameter: 2.0
********************Start from stage I
Step 400, BEST PSNR: 23.266265, Total loss 0.430681 with its rate 0.2520245909690857 latent_bits 132133.46875

🎯 Stage-2 Refining Candidate 2/3
start temperature: 0.3 noise parameter: 2.0
end temperature: 0.3 noise parameter: 2.0
********************Start from stage I
Step 400, BEST PSNR: 23.228525, Total loss 0.428765 with its rate 0.24510200321674347 latent_bits 128504.0390625

🎯 Stage-2 Refining Candidate 3/3
start temperature: 0.3 noise parameter: 2.0
end temperature: 0.3 noise parameter: 2.0
********************Start from stage I
Step 400, BEST PSNR: 23.118099, Total loss 0.430249 with its rate 0.2457350492477417 latent_bits 128835.9375

🏆 Best Candidate Final PSNR: 23.23, Rate: 0.2451
Masked_INR(
  (upsampling_2d): Upsampling(
    (conv_transpose2d): UpsamplingConvTranspose2d()
  )
  (arm): Arm(
    (mlp): Sequential(
      (0): ArmConv(
        (conv1_1): Conv1d(16, 16, kernel_size=(1,), stride=(1,))
      )
      (1): GELU(approximate='none')
      (2): ArmConv(
        (conv1_1): Conv1d(16, 16, kernel_size=(1,), stride=(1,))
      )
      (3): GELU(approximate='none')
      (4): ArmConv(
        (conv1_1): Conv1d(16, 2, kernel_size=(1,), stride=(1,))
      )
    )
  )
  (conv_mod): LocalGlobalBlock(
    (net): Sequential(
      (0): SynthesisLayer(
        (pad): Identity()
        (conv_layer): SWHDC(
          (conv): Conv2d(2, 3, kernel_size=(3, 3), stride=(1, 1))
        )
        (non_linearity): GELU(approximate='none')
      )
      (1): SynthesisResidualLayer(
        (pad): ReplicationPad2d((0, 0, 0, 0))
        (conv_layer): Conv2d(3, 3, kernel_size=(1, 1), stride=(1, 1))
        (non_linearity): GELU(approximate='none')
      )
      (2): SynthesisResidualLayer(
        (pad): ReplicationPad2d((0, 0, 0, 0))
        (conv_layer): Conv2d(3, 3, kernel_size=(1, 1), stride=(1, 1))
        (non_linearity): GELU(approximate='none')
      )
      (3): SynthesisResidualLayer(
        (pad): ReplicationPad2d((0, 0, 0, 0))
        (conv_layer): Conv2d(3, 3, kernel_size=(1, 1), stride=(1, 1))
        (non_linearity): Identity()
      )
    )
    (global_net): Sequential(
      (0): SynthesisLayer(
        (pad): Identity()
        (conv_layer): SWHDC(
          (conv): Conv2d(2, 3, kernel_size=(3, 3), stride=(1, 1))
        )
        (non_linearity): GELU(approximate='none')
      )
      (1): SynthesisResidualLayer(
        (pad): ReplicationPad2d((0, 0, 0, 0))
        (conv_layer): Conv2d(3, 3, kernel_size=(1, 1), stride=(1, 1))
        (non_linearity): GELU(approximate='none')
      )
      (2): SynthesisResidualLayer(
        (pad): ReplicationPad2d((0, 0, 0, 0))
        (conv_layer): Conv2d(3, 3, kernel_size=(1, 1), stride=(1, 1))
        (non_linearity): GELU(approximate='none')
      )
      (3): SynthesisResidualLayer(
        (pad): ReplicationPad2d((0, 0, 0, 0))
        (conv_layer): Conv2d(3, 3, kernel_size=(1, 1), stride=(1, 1))
        (non_linearity): Identity()
      )
    )
    (agg_func): Sequential(
      (0): SynthesisLayer(
        (pad): ReplicationPad2d((0, 0, 0, 0))
        (conv_layer): Conv2d(18, 3, kernel_size=(1, 1), stride=(1, 1))
        (non_linearity): GELU(approximate='none')
      )
      (1): SynthesisLayer(
        (pad): ReplicationPad2d((0, 0, 0, 0))
        (conv_layer): Conv2d(21, 3, kernel_size=(1, 1), stride=(1, 1))
        (non_linearity): GELU(approximate='none')
      )
      (2): SynthesisLayer(
        (pad): ReplicationPad2d((0, 0, 0, 0))
        (conv_layer): Conv2d(24, 3, kernel_size=(1, 1), stride=(1, 1))
        (non_linearity): GELU(approximate='none')
      )
    )
    (full_net): Sequential(
      (0): SynthesisLayer(
        (pad): ReplicationPad2d((0, 0, 0, 0))
        (conv_layer): Conv2d(7, 12, kernel_size=(1, 1), stride=(1, 1))
        (non_linearity): GELU(approximate='none')
      )
      (1): SynthesisLayer(
        (pad): ReplicationPad2d((0, 0, 0, 0))
        (conv_layer): Conv2d(12, 3, kernel_size=(1, 1), stride=(1, 1))
        (non_linearity): GELU(approximate='none')
      )
      (2): SynthesisResidualLayer(
        (conv_layer): Conv2d(3, 3, kernel_size=(3, 3), stride=(1, 1))
        (non_linearity): GELU(approximate='none')
      )
      (3): SynthesisResidualLayer(
        (conv_layer): Conv2d(3, 3, kernel_size=(3, 3), stride=(1, 1))
        (non_linearity): GELU(approximate='none')
      )
    )
  )
  (modulation_sf): ParameterList(
      (0): Parameter containing: [torch.float32 of size 1x1x8x16 (cuda:0)]
      (1): Parameter containing: [torch.float32 of size 1x1x16x32 (cuda:0)]
      (2): Parameter containing: [torch.float32 of size 1x1x32x64 (cuda:0)]
      (3): Parameter containing: [torch.float32 of size 1x1x64x128 (cuda:0)]
      (4): Parameter containing: [torch.float32 of size 1x1x128x256 (cuda:0)]
      (5): Parameter containing: [torch.float32 of size 1x1x256x512 (cuda:0)]
      (6): Parameter containing: [torch.float32 of size 1x1x512x1024 (cuda:0)]
  )
)
train the 26 -th image
start temperature: 0.3 noise parameter: 2.0
end temperature: 0.1 noise parameter: 1.0
********************Start from stage I
********************going into stage II
eval_object_psnr: 31.388789785483713
eval_background_psnr: 24.77880616510386
eval_background_psnr: 24.77880616510386
********************Evaluation the Image 26-th, after Step 999, BEST PSNR: 23.921282, Print rate 0.140311. *************************
Saved model at ./saved/modbase_7/context_16_arm_mod_16/sparity_0.0/inr_mod_16KODAK_ROI_Global_new_struture_7_12_3_33_orderconcat_operator_0_pw_0.8_img_object26.pth
Trained the image with PSNR: 23.921282391588193  latent bits 0.14031146466732025 latent bits number 73563.6171875
[26.26667153969039, 25.99057383617314, 26.28984751399874, 22.947318639606546, 24.29441434572143, 24.13140701196215, 26.564282149928285, 27.594175708404567, 27.185075567101137, 27.085246870301955, 26.676181294648444, 26.362167343962373, 27.19113515385744, 26.69753357879426, 27.322924083639382, 27.475075668224196, 27.46651306444708, 27.858802799197772, 24.311488369172228, 24.375873519284344, 24.15294994882635, 25.369593728706324, 26.055566904334103, 24.913415832595586, 22.734372551596962, 22.953856402117065, 23.921282391588193]
[0.10971970856189728, 0.10732713341712952, 0.11180776357650757, 0.19319993257522583, 0.1766223907470703, 0.1677476167678833, 0.08303212374448776, 0.07987571507692337, 0.08553820103406906, 0.10399775207042694, 0.1113455593585968, 0.12303438782691956, 0.07939546555280685, 0.0797487199306488, 0.08132244646549225, 0.07252471148967743, 0.07219014316797256, 0.07127999514341354, 0.16601738333702087, 0.1713944524526596, 0.16704174876213074, 0.0825081393122673, 0.09519340097904205, 0.10288791358470917, 0.14643754065036774, 0.14918828010559082, 0.14031146466732025]
[57524.7265625, 56270.328125, 58619.46875, 101292.40625, 92601.0, 87948.0625, 43532.74609375, 41877.87890625, 44846.65234375, 54524.7734375, 58377.140625, 64505.453125, 41626.08984375, 41811.296875, 42636.3828125, 38023.8359375, 37848.42578125, 37371.24609375, 87040.921875, 89860.0546875, 87577.984375, 43258.02734375, 49908.7578125, 53942.8984375, 76775.4453125, 78217.625, 73563.6171875]
load the model: ./saved/modbase_7/context_16_arm_mod_16/sparity_0.0/inr_mod_16KODAK_ROI_Global_new_struture_7_12_3_33_orderconcat_operator_0_pw_0.8_img_object26.pth for the  26 -th image
********************Evalutation with quantization
********************Starting quantizing models
eval_object_psnr: 29.15690617392178
full_image_psnr: 23.020302177884634
object_psnr: 29.15690617392178
background_psnr: 24.239576276223122
********************Evaluation the Image 26-th, BEST PSNR: 23.020302, Print rate 0.140741, Network rate 0.016333. *************************
eval_wsssim: 0.770168
Decoded image saved to ./experiments/vcip_wssim_tunado_diegoPC/decoded_images/othim27_maskerp_wsmse0_swhdc1_erp1_lambda0.8.png
Evaluate the image: PSNR: 23.020302177884634 All bits: 0.15707361698150635  latent bits: 0.1407409906387329  network bits: 0.016332626342773438
Evaluate arm network bits: 0.007915496826171875 Evaluate synthesis network bits: 0.0078105926513671875
Image All bits num: 82351.8125 latent bits num: 73788.8125 mlp bits num: 8563.0 border bits num:
arm bits num: 4150.0 synthesis bits num: 4095.0
[25.725005229269772, 25.084490369571522, 26.126108564653624, 22.74168690510335, 23.87970493444533, 23.496738437492905, 25.208951654408963, 25.77196140367265, 26.052715971668807, 26.672117971893368, 25.43757771009635, 25.10468872503732, 26.728425483544964, 24.76948801016424, 26.038130375350335, 26.847126866985548, 25.548671165682507, 25.70670883575488, 23.138650212636747, 23.2115962825533, 23.614036712838203, 23.805999687068, 25.776882125525844, 24.105780661350934, 21.042345395772838, 22.299569282161276, 23.020302177884634]
[0.12852253019809723, 0.12484615296125412, 0.13026711344718933, 0.21137559413909912, 0.19534045457839966, 0.18472929298877716, 0.09931357949972153, 0.09671350568532944, 0.10299995541572571, 0.12199412286281586, 0.1287393867969513, 0.13995394855737686, 0.09796439111232758, 0.09543980658054352, 0.09846967458724976, 0.09005653858184814, 0.088145911693573, 0.0883798599243164, 0.18304041028022766, 0.1882058084011078, 0.1828884482383728, 0.09983251988887787, 0.1138836219906807, 0.11976869404315948, 0.16120578348636627, 0.16634663939476013, 0.15707361698150635]
[67382.8203125, 65455.33984375, 68297.484375, 110821.6875, 102414.65625, 96851.3515625, 52068.91796875, 50705.73046875, 54001.640625, 63960.0546875, 67496.515625, 73376.17578125, 51361.5546875, 50037.9453125, 51626.46875, 47215.5625, 46213.84375, 46336.5, 95965.890625, 98674.046875, 95886.21875, 52340.9921875, 59707.81640625, 62793.2890625, 84518.2578125, 87213.546875, 82351.8125]
Metrics saved to ./experiments/vcip_wssim_tunado_diegoPC/results.csv
Current eval Ave PSNR: 24.70205411676253 Ave Bits 0.13316656897465387
Namespace(batch_size=1, lr=0.01, data='../data', sparsity=0.0, local_upsampling_kernel_size=8, upsampling_kernel_size=8, static_upsampling_kernel=False, latent_factor=1, mod_base=7, highest_flag=1, context_arm=16, dim_arm_mod=16, use_candidate=True, type='other', mod_hid_layer=0, sythesis_features=12, hidden_features=64, hidden_layer=2, scale=1, lambda_rate=0.8, lambda_rate_list=[0.4, 0.8], start_index=0, mask_type='erp', wsmse_tag=0, swhdc_tag=1, swhdc_dilations=[1, 2, 3, 4], erp_padding=1, workdir='./experiments/vcip_wssim_tunado_diegoPC', train_steps_1=5000, train_steps_2=1000, loss_type='combined', lambda_dist=0.0, lambda_percep=1.0, patch_h=512, patch_w=1024, all_pix_num=524288, eval_pix_num=524288)
Directory './saved/modbase_7/context_16_arm_mod_16' already exists.
Directory './saved/modbase_7/context_16_arm_mod_16/sparity_0.0' already exists.
top %: 0.0

🔁 Stage-1 Training Candidate 1/7
Quantizer parameter: encoding gain  16
total pixel: 524288
Get Mod with shape torch.Size([1, 1, 8, 16]) at layer: 1
Get Mod with shape torch.Size([1, 1, 16, 32]) at layer: 2
Get Mod with shape torch.Size([1, 1, 32, 64]) at layer: 3
Get Mod with shape torch.Size([1, 1, 64, 128]) at layer: 4
Get Mod with shape torch.Size([1, 1, 128, 256]) at layer: 5
Get Mod with shape torch.Size([1, 1, 256, 512]) at layer: 6
Get Mod with shape torch.Size([1, 1, 512, 1024]) at layer: 7
start temperature: 0.3 noise parameter: 2.0
end temperature: 0.3 noise parameter: 2.0
********************Start from stage I
Step 400, BEST PSNR: 23.669722, Total loss 0.393101 with its rate 0.22361214458942413 latent_bits 117237.1640625

🔁 Stage-1 Training Candidate 2/7
Quantizer parameter: encoding gain  16
total pixel: 524288
Get Mod with shape torch.Size([1, 1, 8, 16]) at layer: 1
Get Mod with shape torch.Size([1, 1, 16, 32]) at layer: 2
Get Mod with shape torch.Size([1, 1, 32, 64]) at layer: 3
Get Mod with shape torch.Size([1, 1, 64, 128]) at layer: 4
Get Mod with shape torch.Size([1, 1, 128, 256]) at layer: 5
Get Mod with shape torch.Size([1, 1, 256, 512]) at layer: 6
Get Mod with shape torch.Size([1, 1, 512, 1024]) at layer: 7
start temperature: 0.3 noise parameter: 2.0
end temperature: 0.3 noise parameter: 2.0
********************Start from stage I
Step 400, BEST PSNR: 22.690378, Total loss 0.391853 with its rate 0.19036269187927246 latent_bits 99804.875

🔁 Stage-1 Training Candidate 3/7
Quantizer parameter: encoding gain  16
total pixel: 524288
Get Mod with shape torch.Size([1, 1, 8, 16]) at layer: 1
Get Mod with shape torch.Size([1, 1, 16, 32]) at layer: 2
Get Mod with shape torch.Size([1, 1, 32, 64]) at layer: 3
Get Mod with shape torch.Size([1, 1, 64, 128]) at layer: 4
Get Mod with shape torch.Size([1, 1, 128, 256]) at layer: 5
Get Mod with shape torch.Size([1, 1, 256, 512]) at layer: 6
Get Mod with shape torch.Size([1, 1, 512, 1024]) at layer: 7
start temperature: 0.3 noise parameter: 2.0
end temperature: 0.3 noise parameter: 2.0
********************Start from stage I
Step 400, BEST PSNR: 23.375508, Total loss 0.384859 with its rate 0.2094944715499878 latent_bits 109835.4375

🔁 Stage-1 Training Candidate 4/7
Quantizer parameter: encoding gain  16
total pixel: 524288
Get Mod with shape torch.Size([1, 1, 8, 16]) at layer: 1
Get Mod with shape torch.Size([1, 1, 16, 32]) at layer: 2
Get Mod with shape torch.Size([1, 1, 32, 64]) at layer: 3
Get Mod with shape torch.Size([1, 1, 64, 128]) at layer: 4
Get Mod with shape torch.Size([1, 1, 128, 256]) at layer: 5
Get Mod with shape torch.Size([1, 1, 256, 512]) at layer: 6
Get Mod with shape torch.Size([1, 1, 512, 1024]) at layer: 7
start temperature: 0.3 noise parameter: 2.0
end temperature: 0.3 noise parameter: 2.0
********************Start from stage I
Step 400, BEST PSNR: 23.514321, Total loss 0.381282 with its rate 0.20588983595371246 latent_bits 107945.5703125

🔁 Stage-1 Training Candidate 5/7
Quantizer parameter: encoding gain  16
total pixel: 524288
Get Mod with shape torch.Size([1, 1, 8, 16]) at layer: 1
Get Mod with shape torch.Size([1, 1, 16, 32]) at layer: 2
Get Mod with shape torch.Size([1, 1, 32, 64]) at layer: 3
Get Mod with shape torch.Size([1, 1, 64, 128]) at layer: 4
Get Mod with shape torch.Size([1, 1, 128, 256]) at layer: 5
Get Mod with shape torch.Size([1, 1, 256, 512]) at layer: 6
Get Mod with shape torch.Size([1, 1, 512, 1024]) at layer: 7
start temperature: 0.3 noise parameter: 2.0
end temperature: 0.3 noise parameter: 2.0
********************Start from stage I
Step 400, BEST PSNR: 23.303105, Total loss 0.389752 with its rate 0.21910426020622253 latent_bits 114873.734375

🔁 Stage-1 Training Candidate 6/7
Quantizer parameter: encoding gain  16
total pixel: 524288
Get Mod with shape torch.Size([1, 1, 8, 16]) at layer: 1
Get Mod with shape torch.Size([1, 1, 16, 32]) at layer: 2
Get Mod with shape torch.Size([1, 1, 32, 64]) at layer: 3
Get Mod with shape torch.Size([1, 1, 64, 128]) at layer: 4
Get Mod with shape torch.Size([1, 1, 128, 256]) at layer: 5
Get Mod with shape torch.Size([1, 1, 256, 512]) at layer: 6
Get Mod with shape torch.Size([1, 1, 512, 1024]) at layer: 7
start temperature: 0.3 noise parameter: 2.0
end temperature: 0.3 noise parameter: 2.0
********************Start from stage I
Step 400, BEST PSNR: 24.080408, Total loss 0.384494 with its rate 0.21600615978240967 latent_bits 113249.4375

🔁 Stage-1 Training Candidate 7/7
Quantizer parameter: encoding gain  16
total pixel: 524288
Get Mod with shape torch.Size([1, 1, 8, 16]) at layer: 1
Get Mod with shape torch.Size([1, 1, 16, 32]) at layer: 2
Get Mod with shape torch.Size([1, 1, 32, 64]) at layer: 3
Get Mod with shape torch.Size([1, 1, 64, 128]) at layer: 4
Get Mod with shape torch.Size([1, 1, 128, 256]) at layer: 5
Get Mod with shape torch.Size([1, 1, 256, 512]) at layer: 6
Get Mod with shape torch.Size([1, 1, 512, 1024]) at layer: 7
start temperature: 0.3 noise parameter: 2.0
end temperature: 0.3 noise parameter: 2.0
********************Start from stage I
Step 400, BEST PSNR: 23.371610, Total loss 0.381066 with its rate 0.20437756180763245 latent_bits 107152.703125

🌟 Selected Top-3 Candidates by RD cost

🎯 Stage-2 Refining Candidate 1/3
start temperature: 0.3 noise parameter: 2.0
end temperature: 0.3 noise parameter: 2.0
********************Start from stage I
Step 400, BEST PSNR: 23.863465, Total loss 0.395922 with its rate 0.23665112257003784 latent_bits 124073.34375

🎯 Stage-2 Refining Candidate 2/3
start temperature: 0.3 noise parameter: 2.0
end temperature: 0.3 noise parameter: 2.0
********************Start from stage I
Step 400, BEST PSNR: 23.801758, Total loss 0.396137 with its rate 0.23663856089115143 latent_bits 124066.7578125

🎯 Stage-2 Refining Candidate 3/3
start temperature: 0.3 noise parameter: 2.0
end temperature: 0.3 noise parameter: 2.0
********************Start from stage I
Step 400, BEST PSNR: 24.239336, Total loss 0.398163 with its rate 0.24590520560741425 latent_bits 128925.1484375

🏆 Best Candidate Final PSNR: 23.86, Rate: 0.2367
Masked_INR(
  (upsampling_2d): Upsampling(
    (conv_transpose2d): UpsamplingConvTranspose2d()
  )
  (arm): Arm(
    (mlp): Sequential(
      (0): ArmConv(
        (conv1_1): Conv1d(16, 16, kernel_size=(1,), stride=(1,))
      )
      (1): GELU(approximate='none')
      (2): ArmConv(
        (conv1_1): Conv1d(16, 16, kernel_size=(1,), stride=(1,))
      )
      (3): GELU(approximate='none')
      (4): ArmConv(
        (conv1_1): Conv1d(16, 2, kernel_size=(1,), stride=(1,))
      )
    )
  )
  (conv_mod): LocalGlobalBlock(
    (net): Sequential(
      (0): SynthesisLayer(
        (pad): Identity()
        (conv_layer): SWHDC(
          (conv): Conv2d(2, 3, kernel_size=(3, 3), stride=(1, 1))
        )
        (non_linearity): GELU(approximate='none')
      )
      (1): SynthesisResidualLayer(
        (pad): ReplicationPad2d((0, 0, 0, 0))
        (conv_layer): Conv2d(3, 3, kernel_size=(1, 1), stride=(1, 1))
        (non_linearity): GELU(approximate='none')
      )
      (2): SynthesisResidualLayer(
        (pad): ReplicationPad2d((0, 0, 0, 0))
        (conv_layer): Conv2d(3, 3, kernel_size=(1, 1), stride=(1, 1))
        (non_linearity): GELU(approximate='none')
      )
      (3): SynthesisResidualLayer(
        (pad): ReplicationPad2d((0, 0, 0, 0))
        (conv_layer): Conv2d(3, 3, kernel_size=(1, 1), stride=(1, 1))
        (non_linearity): Identity()
      )
    )
    (global_net): Sequential(
      (0): SynthesisLayer(
        (pad): Identity()
        (conv_layer): SWHDC(
          (conv): Conv2d(2, 3, kernel_size=(3, 3), stride=(1, 1))
        )
        (non_linearity): GELU(approximate='none')
      )
      (1): SynthesisResidualLayer(
        (pad): ReplicationPad2d((0, 0, 0, 0))
        (conv_layer): Conv2d(3, 3, kernel_size=(1, 1), stride=(1, 1))
        (non_linearity): GELU(approximate='none')
      )
      (2): SynthesisResidualLayer(
        (pad): ReplicationPad2d((0, 0, 0, 0))
        (conv_layer): Conv2d(3, 3, kernel_size=(1, 1), stride=(1, 1))
        (non_linearity): GELU(approximate='none')
      )
      (3): SynthesisResidualLayer(
        (pad): ReplicationPad2d((0, 0, 0, 0))
        (conv_layer): Conv2d(3, 3, kernel_size=(1, 1), stride=(1, 1))
        (non_linearity): Identity()
      )
    )
    (agg_func): Sequential(
      (0): SynthesisLayer(
        (pad): ReplicationPad2d((0, 0, 0, 0))
        (conv_layer): Conv2d(18, 3, kernel_size=(1, 1), stride=(1, 1))
        (non_linearity): GELU(approximate='none')
      )
      (1): SynthesisLayer(
        (pad): ReplicationPad2d((0, 0, 0, 0))
        (conv_layer): Conv2d(21, 3, kernel_size=(1, 1), stride=(1, 1))
        (non_linearity): GELU(approximate='none')
      )
      (2): SynthesisLayer(
        (pad): ReplicationPad2d((0, 0, 0, 0))
        (conv_layer): Conv2d(24, 3, kernel_size=(1, 1), stride=(1, 1))
        (non_linearity): GELU(approximate='none')
      )
    )
    (full_net): Sequential(
      (0): SynthesisLayer(
        (pad): ReplicationPad2d((0, 0, 0, 0))
        (conv_layer): Conv2d(7, 12, kernel_size=(1, 1), stride=(1, 1))
        (non_linearity): GELU(approximate='none')
      )
      (1): SynthesisLayer(
        (pad): ReplicationPad2d((0, 0, 0, 0))
        (conv_layer): Conv2d(12, 3, kernel_size=(1, 1), stride=(1, 1))
        (non_linearity): GELU(approximate='none')
      )
      (2): SynthesisResidualLayer(
        (conv_layer): Conv2d(3, 3, kernel_size=(3, 3), stride=(1, 1))
        (non_linearity): GELU(approximate='none')
      )
      (3): SynthesisResidualLayer(
        (conv_layer): Conv2d(3, 3, kernel_size=(3, 3), stride=(1, 1))
        (non_linearity): GELU(approximate='none')
      )
    )
  )
  (modulation_sf): ParameterList(
      (0): Parameter containing: [torch.float32 of size 1x1x8x16 (cuda:0)]
      (1): Parameter containing: [torch.float32 of size 1x1x16x32 (cuda:0)]
      (2): Parameter containing: [torch.float32 of size 1x1x32x64 (cuda:0)]
      (3): Parameter containing: [torch.float32 of size 1x1x64x128 (cuda:0)]
      (4): Parameter containing: [torch.float32 of size 1x1x128x256 (cuda:0)]
      (5): Parameter containing: [torch.float32 of size 1x1x256x512 (cuda:0)]
      (6): Parameter containing: [torch.float32 of size 1x1x512x1024 (cuda:0)]
  )
)
train the 27 -th image
start temperature: 0.3 noise parameter: 2.0
end temperature: 0.1 noise parameter: 1.0
********************Start from stage I
********************going into stage II
eval_object_psnr: 29.43942670835236
eval_background_psnr: 26.262194395169633
eval_background_psnr: 26.262194395169633
********************Evaluation the Image 27-th, after Step 999, BEST PSNR: 24.555795, Print rate 0.132751. *************************
Saved model at ./saved/modbase_7/context_16_arm_mod_16/sparity_0.0/inr_mod_16KODAK_ROI_Global_new_struture_7_12_3_33_orderconcat_operator_0_pw_0.8_img_object27.pth
Trained the image with PSNR: 24.55579536035678  latent bits 0.13275057077407837 latent bits number 69599.53125
[26.26667153969039, 25.99057383617314, 26.28984751399874, 22.947318639606546, 24.29441434572143, 24.13140701196215, 26.564282149928285, 27.594175708404567, 27.185075567101137, 27.085246870301955, 26.676181294648444, 26.362167343962373, 27.19113515385744, 26.69753357879426, 27.322924083639382, 27.475075668224196, 27.46651306444708, 27.858802799197772, 24.311488369172228, 24.375873519284344, 24.15294994882635, 25.369593728706324, 26.055566904334103, 24.913415832595586, 22.734372551596962, 22.953856402117065, 23.921282391588193, 24.55579536035678]
[0.10971970856189728, 0.10732713341712952, 0.11180776357650757, 0.19319993257522583, 0.1766223907470703, 0.1677476167678833, 0.08303212374448776, 0.07987571507692337, 0.08553820103406906, 0.10399775207042694, 0.1113455593585968, 0.12303438782691956, 0.07939546555280685, 0.0797487199306488, 0.08132244646549225, 0.07252471148967743, 0.07219014316797256, 0.07127999514341354, 0.16601738333702087, 0.1713944524526596, 0.16704174876213074, 0.0825081393122673, 0.09519340097904205, 0.10288791358470917, 0.14643754065036774, 0.14918828010559082, 0.14031146466732025, 0.13275057077407837]
[57524.7265625, 56270.328125, 58619.46875, 101292.40625, 92601.0, 87948.0625, 43532.74609375, 41877.87890625, 44846.65234375, 54524.7734375, 58377.140625, 64505.453125, 41626.08984375, 41811.296875, 42636.3828125, 38023.8359375, 37848.42578125, 37371.24609375, 87040.921875, 89860.0546875, 87577.984375, 43258.02734375, 49908.7578125, 53942.8984375, 76775.4453125, 78217.625, 73563.6171875, 69599.53125]
load the model: ./saved/modbase_7/context_16_arm_mod_16/sparity_0.0/inr_mod_16KODAK_ROI_Global_new_struture_7_12_3_33_orderconcat_operator_0_pw_0.8_img_object27.pth for the  27 -th image
********************Evalutation with quantization
********************Starting quantizing models
eval_object_psnr: 28.647519807464672
full_image_psnr: 23.81128597167519
object_psnr: 28.647519807464672
background_psnr: 25.54092908788526
********************Evaluation the Image 27-th, BEST PSNR: 23.811286, Print rate 0.133910, Network rate 0.016691. *************************
eval_wsssim: 0.796433
Decoded image saved to ./experiments/vcip_wssim_tunado_diegoPC/decoded_images/othim28_maskerp_wsmse0_swhdc1_erp1_lambda0.8.png
Evaluate the image: PSNR: 23.81128597167519 All bits: 0.1506015956401825  latent bits: 0.1339103877544403  network bits: 0.016691207885742188
Evaluate arm network bits: 0.0079803466796875 Evaluate synthesis network bits: 0.008226394653320312
Image All bits num: 78958.609375 latent bits num: 70207.609375 mlp bits num: 8751.0 border bits num:
arm bits num: 4184.0 synthesis bits num: 4313.0
[25.725005229269772, 25.084490369571522, 26.126108564653624, 22.74168690510335, 23.87970493444533, 23.496738437492905, 25.208951654408963, 25.77196140367265, 26.052715971668807, 26.672117971893368, 25.43757771009635, 25.10468872503732, 26.728425483544964, 24.76948801016424, 26.038130375350335, 26.847126866985548, 25.548671165682507, 25.70670883575488, 23.138650212636747, 23.2115962825533, 23.614036712838203, 23.805999687068, 25.776882125525844, 24.105780661350934, 21.042345395772838, 22.299569282161276, 23.020302177884634, 23.81128597167519]
[0.12852253019809723, 0.12484615296125412, 0.13026711344718933, 0.21137559413909912, 0.19534045457839966, 0.18472929298877716, 0.09931357949972153, 0.09671350568532944, 0.10299995541572571, 0.12199412286281586, 0.1287393867969513, 0.13995394855737686, 0.09796439111232758, 0.09543980658054352, 0.09846967458724976, 0.09005653858184814, 0.088145911693573, 0.0883798599243164, 0.18304041028022766, 0.1882058084011078, 0.1828884482383728, 0.09983251988887787, 0.1138836219906807, 0.11976869404315948, 0.16120578348636627, 0.16634663939476013, 0.15707361698150635, 0.1506015956401825]
[67382.8203125, 65455.33984375, 68297.484375, 110821.6875, 102414.65625, 96851.3515625, 52068.91796875, 50705.73046875, 54001.640625, 63960.0546875, 67496.515625, 73376.17578125, 51361.5546875, 50037.9453125, 51626.46875, 47215.5625, 46213.84375, 46336.5, 95965.890625, 98674.046875, 95886.21875, 52340.9921875, 59707.81640625, 62793.2890625, 84518.2578125, 87213.546875, 82351.8125, 78958.609375]
Metrics saved to ./experiments/vcip_wssim_tunado_diegoPC/results.csv
Current eval Ave PSNR: 24.670240968723697 Ave Bits 0.13378924849842275
Namespace(batch_size=1, lr=0.01, data='../data', sparsity=0.0, local_upsampling_kernel_size=8, upsampling_kernel_size=8, static_upsampling_kernel=False, latent_factor=1, mod_base=7, highest_flag=1, context_arm=16, dim_arm_mod=16, use_candidate=True, type='other', mod_hid_layer=0, sythesis_features=12, hidden_features=64, hidden_layer=2, scale=1, lambda_rate=0.8, lambda_rate_list=[0.4, 0.8], start_index=0, mask_type='erp', wsmse_tag=0, swhdc_tag=1, swhdc_dilations=[1, 2, 3, 4], erp_padding=1, workdir='./experiments/vcip_wssim_tunado_diegoPC', train_steps_1=5000, train_steps_2=1000, loss_type='combined', lambda_dist=0.0, lambda_percep=1.0, patch_h=512, patch_w=1024, all_pix_num=524288, eval_pix_num=524288)
Directory './saved/modbase_7/context_16_arm_mod_16' already exists.
Directory './saved/modbase_7/context_16_arm_mod_16/sparity_0.0' already exists.
top %: 0.0

🔁 Stage-1 Training Candidate 1/7
Quantizer parameter: encoding gain  16
total pixel: 524288
Get Mod with shape torch.Size([1, 1, 8, 16]) at layer: 1
Get Mod with shape torch.Size([1, 1, 16, 32]) at layer: 2
Get Mod with shape torch.Size([1, 1, 32, 64]) at layer: 3
Get Mod with shape torch.Size([1, 1, 64, 128]) at layer: 4
Get Mod with shape torch.Size([1, 1, 128, 256]) at layer: 5
Get Mod with shape torch.Size([1, 1, 256, 512]) at layer: 6
Get Mod with shape torch.Size([1, 1, 512, 1024]) at layer: 7
start temperature: 0.3 noise parameter: 2.0
end temperature: 0.3 noise parameter: 2.0
********************Start from stage I
Step 400, BEST PSNR: 23.838889, Total loss 0.377315 with its rate 0.21067270636558533 latent_bits 110453.171875

🔁 Stage-1 Training Candidate 2/7
Quantizer parameter: encoding gain  16
total pixel: 524288
Get Mod with shape torch.Size([1, 1, 8, 16]) at layer: 1
Get Mod with shape torch.Size([1, 1, 16, 32]) at layer: 2
Get Mod with shape torch.Size([1, 1, 32, 64]) at layer: 3
Get Mod with shape torch.Size([1, 1, 64, 128]) at layer: 4
Get Mod with shape torch.Size([1, 1, 128, 256]) at layer: 5
Get Mod with shape torch.Size([1, 1, 256, 512]) at layer: 6
Get Mod with shape torch.Size([1, 1, 512, 1024]) at layer: 7
start temperature: 0.3 noise parameter: 2.0
end temperature: 0.3 noise parameter: 2.0
********************Start from stage I
Step 400, BEST PSNR: 24.294006, Total loss 0.371550 with its rate 0.2049362063407898 latent_bits 107445.59375

🔁 Stage-1 Training Candidate 3/7
Quantizer parameter: encoding gain  16
total pixel: 524288
Get Mod with shape torch.Size([1, 1, 8, 16]) at layer: 1
Get Mod with shape torch.Size([1, 1, 16, 32]) at layer: 2
Get Mod with shape torch.Size([1, 1, 32, 64]) at layer: 3
Get Mod with shape torch.Size([1, 1, 64, 128]) at layer: 4
Get Mod with shape torch.Size([1, 1, 128, 256]) at layer: 5
Get Mod with shape torch.Size([1, 1, 256, 512]) at layer: 6
Get Mod with shape torch.Size([1, 1, 512, 1024]) at layer: 7
start temperature: 0.3 noise parameter: 2.0
end temperature: 0.3 noise parameter: 2.0
********************Start from stage I
Step 400, BEST PSNR: 23.577661, Total loss 0.368453 with its rate 0.19676391780376434 latent_bits 103160.9609375

🔁 Stage-1 Training Candidate 4/7
Quantizer parameter: encoding gain  16
total pixel: 524288
Get Mod with shape torch.Size([1, 1, 8, 16]) at layer: 1
Get Mod with shape torch.Size([1, 1, 16, 32]) at layer: 2
Get Mod with shape torch.Size([1, 1, 32, 64]) at layer: 3
Get Mod with shape torch.Size([1, 1, 64, 128]) at layer: 4
Get Mod with shape torch.Size([1, 1, 128, 256]) at layer: 5
Get Mod with shape torch.Size([1, 1, 256, 512]) at layer: 6
Get Mod with shape torch.Size([1, 1, 512, 1024]) at layer: 7
start temperature: 0.3 noise parameter: 2.0
end temperature: 0.3 noise parameter: 2.0
********************Start from stage I
Step 400, BEST PSNR: 23.587979, Total loss 0.371743 with its rate 0.20177224278450012 latent_bits 105786.765625

🔁 Stage-1 Training Candidate 5/7
Quantizer parameter: encoding gain  16
total pixel: 524288
Get Mod with shape torch.Size([1, 1, 8, 16]) at layer: 1
Get Mod with shape torch.Size([1, 1, 16, 32]) at layer: 2
Get Mod with shape torch.Size([1, 1, 32, 64]) at layer: 3
Get Mod with shape torch.Size([1, 1, 64, 128]) at layer: 4
Get Mod with shape torch.Size([1, 1, 128, 256]) at layer: 5
Get Mod with shape torch.Size([1, 1, 256, 512]) at layer: 6
Get Mod with shape torch.Size([1, 1, 512, 1024]) at layer: 7
start temperature: 0.3 noise parameter: 2.0
end temperature: 0.3 noise parameter: 2.0
********************Start from stage I
Step 400, BEST PSNR: 23.343001, Total loss 0.373291 with its rate 0.19922557473182678 latent_bits 104451.578125

🔁 Stage-1 Training Candidate 6/7
Quantizer parameter: encoding gain  16
total pixel: 524288
Get Mod with shape torch.Size([1, 1, 8, 16]) at layer: 1
Get Mod with shape torch.Size([1, 1, 16, 32]) at layer: 2
Get Mod with shape torch.Size([1, 1, 32, 64]) at layer: 3
Get Mod with shape torch.Size([1, 1, 64, 128]) at layer: 4
Get Mod with shape torch.Size([1, 1, 128, 256]) at layer: 5
Get Mod with shape torch.Size([1, 1, 256, 512]) at layer: 6
Get Mod with shape torch.Size([1, 1, 512, 1024]) at layer: 7
start temperature: 0.3 noise parameter: 2.0
end temperature: 0.3 noise parameter: 2.0
********************Start from stage I
Step 400, BEST PSNR: 23.769493, Total loss 0.364008 with its rate 0.19389572739601135 latent_bits 101657.203125

🔁 Stage-1 Training Candidate 7/7
Quantizer parameter: encoding gain  16
total pixel: 524288
Get Mod with shape torch.Size([1, 1, 8, 16]) at layer: 1
Get Mod with shape torch.Size([1, 1, 16, 32]) at layer: 2
Get Mod with shape torch.Size([1, 1, 32, 64]) at layer: 3
Get Mod with shape torch.Size([1, 1, 64, 128]) at layer: 4
Get Mod with shape torch.Size([1, 1, 128, 256]) at layer: 5
Get Mod with shape torch.Size([1, 1, 256, 512]) at layer: 6
Get Mod with shape torch.Size([1, 1, 512, 1024]) at layer: 7
start temperature: 0.3 noise parameter: 2.0
end temperature: 0.3 noise parameter: 2.0
********************Start from stage I
Step 400, BEST PSNR: 23.445383, Total loss 0.372465 with its rate 0.19773606956005096 latent_bits 103670.6484375

🌟 Selected Top-3 Candidates by RD cost

🎯 Stage-2 Refining Candidate 1/3
start temperature: 0.3 noise parameter: 2.0
end temperature: 0.3 noise parameter: 2.0
********************Start from stage I
Step 400, BEST PSNR: 24.302299, Total loss 0.389324 with its rate 0.2368733435869217 latent_bits 124189.8515625

🎯 Stage-2 Refining Candidate 2/3
start temperature: 0.3 noise parameter: 2.0
end temperature: 0.3 noise parameter: 2.0
********************Start from stage I
Step 400, BEST PSNR: 23.961932, Total loss 0.389208 with its rate 0.2320716679096222 latent_bits 121672.390625

🎯 Stage-2 Refining Candidate 3/3
start temperature: 0.3 noise parameter: 2.0
end temperature: 0.3 noise parameter: 2.0
********************Start from stage I
Step 400, BEST PSNR: 24.551191, Total loss 0.387059 with its rate 0.23334723711013794 latent_bits 122341.15625

🏆 Best Candidate Final PSNR: 24.55, Rate: 0.2333
Masked_INR(
  (upsampling_2d): Upsampling(
    (conv_transpose2d): UpsamplingConvTranspose2d()
  )
  (arm): Arm(
    (mlp): Sequential(
      (0): ArmConv(
        (conv1_1): Conv1d(16, 16, kernel_size=(1,), stride=(1,))
      )
      (1): GELU(approximate='none')
      (2): ArmConv(
        (conv1_1): Conv1d(16, 16, kernel_size=(1,), stride=(1,))
      )
      (3): GELU(approximate='none')
      (4): ArmConv(
        (conv1_1): Conv1d(16, 2, kernel_size=(1,), stride=(1,))
      )
    )
  )
  (conv_mod): LocalGlobalBlock(
    (net): Sequential(
      (0): SynthesisLayer(
        (pad): Identity()
        (conv_layer): SWHDC(
          (conv): Conv2d(2, 3, kernel_size=(3, 3), stride=(1, 1))
        )
        (non_linearity): GELU(approximate='none')
      )
      (1): SynthesisResidualLayer(
        (pad): ReplicationPad2d((0, 0, 0, 0))
        (conv_layer): Conv2d(3, 3, kernel_size=(1, 1), stride=(1, 1))
        (non_linearity): GELU(approximate='none')
      )
      (2): SynthesisResidualLayer(
        (pad): ReplicationPad2d((0, 0, 0, 0))
        (conv_layer): Conv2d(3, 3, kernel_size=(1, 1), stride=(1, 1))
        (non_linearity): GELU(approximate='none')
      )
      (3): SynthesisResidualLayer(
        (pad): ReplicationPad2d((0, 0, 0, 0))
        (conv_layer): Conv2d(3, 3, kernel_size=(1, 1), stride=(1, 1))
        (non_linearity): Identity()
      )
    )
    (global_net): Sequential(
      (0): SynthesisLayer(
        (pad): Identity()
        (conv_layer): SWHDC(
          (conv): Conv2d(2, 3, kernel_size=(3, 3), stride=(1, 1))
        )
        (non_linearity): GELU(approximate='none')
      )
      (1): SynthesisResidualLayer(
        (pad): ReplicationPad2d((0, 0, 0, 0))
        (conv_layer): Conv2d(3, 3, kernel_size=(1, 1), stride=(1, 1))
        (non_linearity): GELU(approximate='none')
      )
      (2): SynthesisResidualLayer(
        (pad): ReplicationPad2d((0, 0, 0, 0))
        (conv_layer): Conv2d(3, 3, kernel_size=(1, 1), stride=(1, 1))
        (non_linearity): GELU(approximate='none')
      )
      (3): SynthesisResidualLayer(
        (pad): ReplicationPad2d((0, 0, 0, 0))
        (conv_layer): Conv2d(3, 3, kernel_size=(1, 1), stride=(1, 1))
        (non_linearity): Identity()
      )
    )
    (agg_func): Sequential(
      (0): SynthesisLayer(
        (pad): ReplicationPad2d((0, 0, 0, 0))
        (conv_layer): Conv2d(18, 3, kernel_size=(1, 1), stride=(1, 1))
        (non_linearity): GELU(approximate='none')
      )
      (1): SynthesisLayer(
        (pad): ReplicationPad2d((0, 0, 0, 0))
        (conv_layer): Conv2d(21, 3, kernel_size=(1, 1), stride=(1, 1))
        (non_linearity): GELU(approximate='none')
      )
      (2): SynthesisLayer(
        (pad): ReplicationPad2d((0, 0, 0, 0))
        (conv_layer): Conv2d(24, 3, kernel_size=(1, 1), stride=(1, 1))
        (non_linearity): GELU(approximate='none')
      )
    )
    (full_net): Sequential(
      (0): SynthesisLayer(
        (pad): ReplicationPad2d((0, 0, 0, 0))
        (conv_layer): Conv2d(7, 12, kernel_size=(1, 1), stride=(1, 1))
        (non_linearity): GELU(approximate='none')
      )
      (1): SynthesisLayer(
        (pad): ReplicationPad2d((0, 0, 0, 0))
        (conv_layer): Conv2d(12, 3, kernel_size=(1, 1), stride=(1, 1))
        (non_linearity): GELU(approximate='none')
      )
      (2): SynthesisResidualLayer(
        (conv_layer): Conv2d(3, 3, kernel_size=(3, 3), stride=(1, 1))
        (non_linearity): GELU(approximate='none')
      )
      (3): SynthesisResidualLayer(
        (conv_layer): Conv2d(3, 3, kernel_size=(3, 3), stride=(1, 1))
        (non_linearity): GELU(approximate='none')
      )
    )
  )
  (modulation_sf): ParameterList(
      (0): Parameter containing: [torch.float32 of size 1x1x8x16 (cuda:0)]
      (1): Parameter containing: [torch.float32 of size 1x1x16x32 (cuda:0)]
      (2): Parameter containing: [torch.float32 of size 1x1x32x64 (cuda:0)]
      (3): Parameter containing: [torch.float32 of size 1x1x64x128 (cuda:0)]
      (4): Parameter containing: [torch.float32 of size 1x1x128x256 (cuda:0)]
      (5): Parameter containing: [torch.float32 of size 1x1x256x512 (cuda:0)]
      (6): Parameter containing: [torch.float32 of size 1x1x512x1024 (cuda:0)]
  )
)
train the 28 -th image
start temperature: 0.3 noise parameter: 2.0
end temperature: 0.1 noise parameter: 1.0
********************Start from stage I
********************going into stage II
eval_object_psnr: 29.02447039151207
eval_background_psnr: 26.993894942214457
eval_background_psnr: 26.993894942214457
********************Evaluation the Image 28-th, after Step 999, BEST PSNR: 24.880976, Print rate 0.124312. *************************
Saved model at ./saved/modbase_7/context_16_arm_mod_16/sparity_0.0/inr_mod_16KODAK_ROI_Global_new_struture_7_12_3_33_orderconcat_operator_0_pw_0.8_img_object28.pth
Trained the image with PSNR: 24.88097559330714  latent bits 0.12431236356496811 latent bits number 65175.48046875
[26.26667153969039, 25.99057383617314, 26.28984751399874, 22.947318639606546, 24.29441434572143, 24.13140701196215, 26.564282149928285, 27.594175708404567, 27.185075567101137, 27.085246870301955, 26.676181294648444, 26.362167343962373, 27.19113515385744, 26.69753357879426, 27.322924083639382, 27.475075668224196, 27.46651306444708, 27.858802799197772, 24.311488369172228, 24.375873519284344, 24.15294994882635, 25.369593728706324, 26.055566904334103, 24.913415832595586, 22.734372551596962, 22.953856402117065, 23.921282391588193, 24.55579536035678, 24.88097559330714]
[0.10971970856189728, 0.10732713341712952, 0.11180776357650757, 0.19319993257522583, 0.1766223907470703, 0.1677476167678833, 0.08303212374448776, 0.07987571507692337, 0.08553820103406906, 0.10399775207042694, 0.1113455593585968, 0.12303438782691956, 0.07939546555280685, 0.0797487199306488, 0.08132244646549225, 0.07252471148967743, 0.07219014316797256, 0.07127999514341354, 0.16601738333702087, 0.1713944524526596, 0.16704174876213074, 0.0825081393122673, 0.09519340097904205, 0.10288791358470917, 0.14643754065036774, 0.14918828010559082, 0.14031146466732025, 0.13275057077407837, 0.12431236356496811]
[57524.7265625, 56270.328125, 58619.46875, 101292.40625, 92601.0, 87948.0625, 43532.74609375, 41877.87890625, 44846.65234375, 54524.7734375, 58377.140625, 64505.453125, 41626.08984375, 41811.296875, 42636.3828125, 38023.8359375, 37848.42578125, 37371.24609375, 87040.921875, 89860.0546875, 87577.984375, 43258.02734375, 49908.7578125, 53942.8984375, 76775.4453125, 78217.625, 73563.6171875, 69599.53125, 65175.48046875]
load the model: ./saved/modbase_7/context_16_arm_mod_16/sparity_0.0/inr_mod_16KODAK_ROI_Global_new_struture_7_12_3_33_orderconcat_operator_0_pw_0.8_img_object28.pth for the  28 -th image
********************Evalutation with quantization
********************Starting quantizing models
eval_object_psnr: 28.31903237067588
full_image_psnr: 24.120455220470273
object_psnr: 28.31903237067588
background_psnr: 26.19936631330293
********************Evaluation the Image 28-th, BEST PSNR: 24.120455, Print rate 0.125955, Network rate 0.015339. *************************
eval_wsssim: 0.797655
Decoded image saved to ./experiments/vcip_wssim_tunado_diegoPC/decoded_images/othim29_maskerp_wsmse0_swhdc1_erp1_lambda0.8.png
Evaluate the image: PSNR: 24.120455220470273 All bits: 0.1412934958934784  latent bits: 0.12595459818840027  network bits: 0.015338897705078125
Evaluate arm network bits: 0.0070056915283203125 Evaluate synthesis network bits: 0.007860183715820312
Image All bits num: 74078.484375 latent bits num: 66036.484375 mlp bits num: 8042.0 border bits num:
arm bits num: 3673.0 synthesis bits num: 4121.0
[25.725005229269772, 25.084490369571522, 26.126108564653624, 22.74168690510335, 23.87970493444533, 23.496738437492905, 25.208951654408963, 25.77196140367265, 26.052715971668807, 26.672117971893368, 25.43757771009635, 25.10468872503732, 26.728425483544964, 24.76948801016424, 26.038130375350335, 26.847126866985548, 25.548671165682507, 25.70670883575488, 23.138650212636747, 23.2115962825533, 23.614036712838203, 23.805999687068, 25.776882125525844, 24.105780661350934, 21.042345395772838, 22.299569282161276, 23.020302177884634, 23.81128597167519, 24.120455220470273]
[0.12852253019809723, 0.12484615296125412, 0.13026711344718933, 0.21137559413909912, 0.19534045457839966, 0.18472929298877716, 0.09931357949972153, 0.09671350568532944, 0.10299995541572571, 0.12199412286281586, 0.1287393867969513, 0.13995394855737686, 0.09796439111232758, 0.09543980658054352, 0.09846967458724976, 0.09005653858184814, 0.088145911693573, 0.0883798599243164, 0.18304041028022766, 0.1882058084011078, 0.1828884482383728, 0.09983251988887787, 0.1138836219906807, 0.11976869404315948, 0.16120578348636627, 0.16634663939476013, 0.15707361698150635, 0.1506015956401825, 0.1412934958934784]
[67382.8203125, 65455.33984375, 68297.484375, 110821.6875, 102414.65625, 96851.3515625, 52068.91796875, 50705.73046875, 54001.640625, 63960.0546875, 67496.515625, 73376.17578125, 51361.5546875, 50037.9453125, 51626.46875, 47215.5625, 46213.84375, 46336.5, 95965.890625, 98674.046875, 95886.21875, 52340.9921875, 59707.81640625, 62793.2890625, 84518.2578125, 87213.546875, 82351.8125, 78958.609375, 74078.484375]
Metrics saved to ./experiments/vcip_wssim_tunado_diegoPC/results.csv
Current eval Ave PSNR: 24.651282839473577 Ave Bits 0.1340480156499764
Namespace(batch_size=1, lr=0.01, data='../data', sparsity=0.0, local_upsampling_kernel_size=8, upsampling_kernel_size=8, static_upsampling_kernel=False, latent_factor=1, mod_base=7, highest_flag=1, context_arm=16, dim_arm_mod=16, use_candidate=True, type='other', mod_hid_layer=0, sythesis_features=12, hidden_features=64, hidden_layer=2, scale=1, lambda_rate=0.8, lambda_rate_list=[0.4, 0.8], start_index=0, mask_type='erp', wsmse_tag=0, swhdc_tag=1, swhdc_dilations=[1, 2, 3, 4], erp_padding=1, workdir='./experiments/vcip_wssim_tunado_diegoPC', train_steps_1=5000, train_steps_2=1000, loss_type='combined', lambda_dist=0.0, lambda_percep=1.0, patch_h=512, patch_w=1024, all_pix_num=524288, eval_pix_num=524288)
Directory './saved/modbase_7/context_16_arm_mod_16' already exists.
Directory './saved/modbase_7/context_16_arm_mod_16/sparity_0.0' already exists.
top %: 0.0

🔁 Stage-1 Training Candidate 1/7
Quantizer parameter: encoding gain  16
total pixel: 524288
Get Mod with shape torch.Size([1, 1, 8, 16]) at layer: 1
Get Mod with shape torch.Size([1, 1, 16, 32]) at layer: 2
Get Mod with shape torch.Size([1, 1, 32, 64]) at layer: 3
Get Mod with shape torch.Size([1, 1, 64, 128]) at layer: 4
Get Mod with shape torch.Size([1, 1, 128, 256]) at layer: 5
Get Mod with shape torch.Size([1, 1, 256, 512]) at layer: 6
Get Mod with shape torch.Size([1, 1, 512, 1024]) at layer: 7
start temperature: 0.3 noise parameter: 2.0
end temperature: 0.3 noise parameter: 2.0
********************Start from stage I
Step 400, BEST PSNR: 23.108192, Total loss 0.387633 with its rate 0.2117033302783966 latent_bits 110993.515625

🔁 Stage-1 Training Candidate 2/7
Quantizer parameter: encoding gain  16
total pixel: 524288
Get Mod with shape torch.Size([1, 1, 8, 16]) at layer: 1
Get Mod with shape torch.Size([1, 1, 16, 32]) at layer: 2
Get Mod with shape torch.Size([1, 1, 32, 64]) at layer: 3
Get Mod with shape torch.Size([1, 1, 64, 128]) at layer: 4
Get Mod with shape torch.Size([1, 1, 128, 256]) at layer: 5
Get Mod with shape torch.Size([1, 1, 256, 512]) at layer: 6
Get Mod with shape torch.Size([1, 1, 512, 1024]) at layer: 7
start temperature: 0.3 noise parameter: 2.0
end temperature: 0.3 noise parameter: 2.0
********************Start from stage I
Step 400, BEST PSNR: 23.375710, Total loss 0.381877 with its rate 0.21112485229969025 latent_bits 110690.2265625

🔁 Stage-1 Training Candidate 3/7
Quantizer parameter: encoding gain  16
total pixel: 524288
Get Mod with shape torch.Size([1, 1, 8, 16]) at layer: 1
Get Mod with shape torch.Size([1, 1, 16, 32]) at layer: 2
Get Mod with shape torch.Size([1, 1, 32, 64]) at layer: 3
Get Mod with shape torch.Size([1, 1, 64, 128]) at layer: 4
Get Mod with shape torch.Size([1, 1, 128, 256]) at layer: 5
Get Mod with shape torch.Size([1, 1, 256, 512]) at layer: 6
Get Mod with shape torch.Size([1, 1, 512, 1024]) at layer: 7
start temperature: 0.3 noise parameter: 2.0
end temperature: 0.3 noise parameter: 2.0
********************Start from stage I
Step 400, BEST PSNR: 23.075809, Total loss 0.382755 with its rate 0.21125289797782898 latent_bits 110757.359375

🔁 Stage-1 Training Candidate 4/7
Quantizer parameter: encoding gain  16
total pixel: 524288
Get Mod with shape torch.Size([1, 1, 8, 16]) at layer: 1
Get Mod with shape torch.Size([1, 1, 16, 32]) at layer: 2
Get Mod with shape torch.Size([1, 1, 32, 64]) at layer: 3
Get Mod with shape torch.Size([1, 1, 64, 128]) at layer: 4
Get Mod with shape torch.Size([1, 1, 128, 256]) at layer: 5
Get Mod with shape torch.Size([1, 1, 256, 512]) at layer: 6
Get Mod with shape torch.Size([1, 1, 512, 1024]) at layer: 7
start temperature: 0.3 noise parameter: 2.0
end temperature: 0.3 noise parameter: 2.0
********************Start from stage I
Step 400, BEST PSNR: 22.786807, Total loss 0.381541 with its rate 0.20722317695617676 latent_bits 108644.625

🔁 Stage-1 Training Candidate 5/7
Quantizer parameter: encoding gain  16
total pixel: 524288
Get Mod with shape torch.Size([1, 1, 8, 16]) at layer: 1
Get Mod with shape torch.Size([1, 1, 16, 32]) at layer: 2
Get Mod with shape torch.Size([1, 1, 32, 64]) at layer: 3
Get Mod with shape torch.Size([1, 1, 64, 128]) at layer: 4
Get Mod with shape torch.Size([1, 1, 128, 256]) at layer: 5
Get Mod with shape torch.Size([1, 1, 256, 512]) at layer: 6
Get Mod with shape torch.Size([1, 1, 512, 1024]) at layer: 7
start temperature: 0.3 noise parameter: 2.0
end temperature: 0.3 noise parameter: 2.0
********************Start from stage I
Step 400, BEST PSNR: 23.268204, Total loss 0.380317 with its rate 0.20428143441677094 latent_bits 107102.3046875

🔁 Stage-1 Training Candidate 6/7
Quantizer parameter: encoding gain  16
total pixel: 524288
Get Mod with shape torch.Size([1, 1, 8, 16]) at layer: 1
Get Mod with shape torch.Size([1, 1, 16, 32]) at layer: 2
Get Mod with shape torch.Size([1, 1, 32, 64]) at layer: 3
Get Mod with shape torch.Size([1, 1, 64, 128]) at layer: 4
Get Mod with shape torch.Size([1, 1, 128, 256]) at layer: 5
Get Mod with shape torch.Size([1, 1, 256, 512]) at layer: 6
Get Mod with shape torch.Size([1, 1, 512, 1024]) at layer: 7
start temperature: 0.3 noise parameter: 2.0
end temperature: 0.3 noise parameter: 2.0
********************Start from stage I
Step 400, BEST PSNR: 23.112824, Total loss 0.380336 with its rate 0.20668400824069977 latent_bits 108361.9453125

🔁 Stage-1 Training Candidate 7/7
Quantizer parameter: encoding gain  16
total pixel: 524288
Get Mod with shape torch.Size([1, 1, 8, 16]) at layer: 1
Get Mod with shape torch.Size([1, 1, 16, 32]) at layer: 2
Get Mod with shape torch.Size([1, 1, 32, 64]) at layer: 3
Get Mod with shape torch.Size([1, 1, 64, 128]) at layer: 4
Get Mod with shape torch.Size([1, 1, 128, 256]) at layer: 5
Get Mod with shape torch.Size([1, 1, 256, 512]) at layer: 6
Get Mod with shape torch.Size([1, 1, 512, 1024]) at layer: 7
start temperature: 0.3 noise parameter: 2.0
end temperature: 0.3 noise parameter: 2.0
********************Start from stage I
Step 400, BEST PSNR: 23.298369, Total loss 0.382324 with its rate 0.2115003764629364 latent_bits 110887.109375

🌟 Selected Top-3 Candidates by RD cost

🎯 Stage-2 Refining Candidate 1/3
start temperature: 0.3 noise parameter: 2.0
end temperature: 0.3 noise parameter: 2.0
********************Start from stage I
Step 400, BEST PSNR: 23.669850, Total loss 0.395675 with its rate 0.23698168992996216 latent_bits 124246.65625

🎯 Stage-2 Refining Candidate 2/3
start temperature: 0.3 noise parameter: 2.0
end temperature: 0.3 noise parameter: 2.0
********************Start from stage I
Step 400, BEST PSNR: 23.682483, Total loss 0.392870 with its rate 0.2325778603553772 latent_bits 121937.78125

🎯 Stage-2 Refining Candidate 3/3
start temperature: 0.3 noise parameter: 2.0
end temperature: 0.3 noise parameter: 2.0
********************Start from stage I
Step 400, BEST PSNR: 23.556536, Total loss 0.390575 with its rate 0.23179891705513 latent_bits 121529.390625

🏆 Best Candidate Final PSNR: 23.56, Rate: 0.2318
Masked_INR(
  (upsampling_2d): Upsampling(
    (conv_transpose2d): UpsamplingConvTranspose2d()
  )
  (arm): Arm(
    (mlp): Sequential(
      (0): ArmConv(
        (conv1_1): Conv1d(16, 16, kernel_size=(1,), stride=(1,))
      )
      (1): GELU(approximate='none')
      (2): ArmConv(
        (conv1_1): Conv1d(16, 16, kernel_size=(1,), stride=(1,))
      )
      (3): GELU(approximate='none')
      (4): ArmConv(
        (conv1_1): Conv1d(16, 2, kernel_size=(1,), stride=(1,))
      )
    )
  )
  (conv_mod): LocalGlobalBlock(
    (net): Sequential(
      (0): SynthesisLayer(
        (pad): Identity()
        (conv_layer): SWHDC(
          (conv): Conv2d(2, 3, kernel_size=(3, 3), stride=(1, 1))
        )
        (non_linearity): GELU(approximate='none')
      )
      (1): SynthesisResidualLayer(
        (pad): ReplicationPad2d((0, 0, 0, 0))
        (conv_layer): Conv2d(3, 3, kernel_size=(1, 1), stride=(1, 1))
        (non_linearity): GELU(approximate='none')
      )
      (2): SynthesisResidualLayer(
        (pad): ReplicationPad2d((0, 0, 0, 0))
        (conv_layer): Conv2d(3, 3, kernel_size=(1, 1), stride=(1, 1))
        (non_linearity): GELU(approximate='none')
      )
      (3): SynthesisResidualLayer(
        (pad): ReplicationPad2d((0, 0, 0, 0))
        (conv_layer): Conv2d(3, 3, kernel_size=(1, 1), stride=(1, 1))
        (non_linearity): Identity()
      )
    )
    (global_net): Sequential(
      (0): SynthesisLayer(
        (pad): Identity()
        (conv_layer): SWHDC(
          (conv): Conv2d(2, 3, kernel_size=(3, 3), stride=(1, 1))
        )
        (non_linearity): GELU(approximate='none')
      )
      (1): SynthesisResidualLayer(
        (pad): ReplicationPad2d((0, 0, 0, 0))
        (conv_layer): Conv2d(3, 3, kernel_size=(1, 1), stride=(1, 1))
        (non_linearity): GELU(approximate='none')
      )
      (2): SynthesisResidualLayer(
        (pad): ReplicationPad2d((0, 0, 0, 0))
        (conv_layer): Conv2d(3, 3, kernel_size=(1, 1), stride=(1, 1))
        (non_linearity): GELU(approximate='none')
      )
      (3): SynthesisResidualLayer(
        (pad): ReplicationPad2d((0, 0, 0, 0))
        (conv_layer): Conv2d(3, 3, kernel_size=(1, 1), stride=(1, 1))
        (non_linearity): Identity()
      )
    )
    (agg_func): Sequential(
      (0): SynthesisLayer(
        (pad): ReplicationPad2d((0, 0, 0, 0))
        (conv_layer): Conv2d(18, 3, kernel_size=(1, 1), stride=(1, 1))
        (non_linearity): GELU(approximate='none')
      )
      (1): SynthesisLayer(
        (pad): ReplicationPad2d((0, 0, 0, 0))
        (conv_layer): Conv2d(21, 3, kernel_size=(1, 1), stride=(1, 1))
        (non_linearity): GELU(approximate='none')
      )
      (2): SynthesisLayer(
        (pad): ReplicationPad2d((0, 0, 0, 0))
        (conv_layer): Conv2d(24, 3, kernel_size=(1, 1), stride=(1, 1))
        (non_linearity): GELU(approximate='none')
      )
    )
    (full_net): Sequential(
      (0): SynthesisLayer(
        (pad): ReplicationPad2d((0, 0, 0, 0))
        (conv_layer): Conv2d(7, 12, kernel_size=(1, 1), stride=(1, 1))
        (non_linearity): GELU(approximate='none')
      )
      (1): SynthesisLayer(
        (pad): ReplicationPad2d((0, 0, 0, 0))
        (conv_layer): Conv2d(12, 3, kernel_size=(1, 1), stride=(1, 1))
        (non_linearity): GELU(approximate='none')
      )
      (2): SynthesisResidualLayer(
        (conv_layer): Conv2d(3, 3, kernel_size=(3, 3), stride=(1, 1))
        (non_linearity): GELU(approximate='none')
      )
      (3): SynthesisResidualLayer(
        (conv_layer): Conv2d(3, 3, kernel_size=(3, 3), stride=(1, 1))
        (non_linearity): GELU(approximate='none')
      )
    )
  )
  (modulation_sf): ParameterList(
      (0): Parameter containing: [torch.float32 of size 1x1x8x16 (cuda:0)]
      (1): Parameter containing: [torch.float32 of size 1x1x16x32 (cuda:0)]
      (2): Parameter containing: [torch.float32 of size 1x1x32x64 (cuda:0)]
      (3): Parameter containing: [torch.float32 of size 1x1x64x128 (cuda:0)]
      (4): Parameter containing: [torch.float32 of size 1x1x128x256 (cuda:0)]
      (5): Parameter containing: [torch.float32 of size 1x1x256x512 (cuda:0)]
      (6): Parameter containing: [torch.float32 of size 1x1x512x1024 (cuda:0)]
  )
)
train the 29 -th image
start temperature: 0.3 noise parameter: 2.0
end temperature: 0.1 noise parameter: 1.0
********************Start from stage I
********************going into stage II
eval_object_psnr: 28.874415563240422
eval_background_psnr: 26.20951472395737
eval_background_psnr: 26.20951472395737
********************Evaluation the Image 29-th, after Step 999, BEST PSNR: 24.329421, Print rate 0.132022. *************************
Saved model at ./saved/modbase_7/context_16_arm_mod_16/sparity_0.0/inr_mod_16KODAK_ROI_Global_new_struture_7_12_3_33_orderconcat_operator_0_pw_0.8_img_object29.pth
Trained the image with PSNR: 24.329421121127154  latent bits 0.13202175498008728 latent bits number 69217.421875
[26.26667153969039, 25.99057383617314, 26.28984751399874, 22.947318639606546, 24.29441434572143, 24.13140701196215, 26.564282149928285, 27.594175708404567, 27.185075567101137, 27.085246870301955, 26.676181294648444, 26.362167343962373, 27.19113515385744, 26.69753357879426, 27.322924083639382, 27.475075668224196, 27.46651306444708, 27.858802799197772, 24.311488369172228, 24.375873519284344, 24.15294994882635, 25.369593728706324, 26.055566904334103, 24.913415832595586, 22.734372551596962, 22.953856402117065, 23.921282391588193, 24.55579536035678, 24.88097559330714, 24.329421121127154]
[0.10971970856189728, 0.10732713341712952, 0.11180776357650757, 0.19319993257522583, 0.1766223907470703, 0.1677476167678833, 0.08303212374448776, 0.07987571507692337, 0.08553820103406906, 0.10399775207042694, 0.1113455593585968, 0.12303438782691956, 0.07939546555280685, 0.0797487199306488, 0.08132244646549225, 0.07252471148967743, 0.07219014316797256, 0.07127999514341354, 0.16601738333702087, 0.1713944524526596, 0.16704174876213074, 0.0825081393122673, 0.09519340097904205, 0.10288791358470917, 0.14643754065036774, 0.14918828010559082, 0.14031146466732025, 0.13275057077407837, 0.12431236356496811, 0.13202175498008728]
[57524.7265625, 56270.328125, 58619.46875, 101292.40625, 92601.0, 87948.0625, 43532.74609375, 41877.87890625, 44846.65234375, 54524.7734375, 58377.140625, 64505.453125, 41626.08984375, 41811.296875, 42636.3828125, 38023.8359375, 37848.42578125, 37371.24609375, 87040.921875, 89860.0546875, 87577.984375, 43258.02734375, 49908.7578125, 53942.8984375, 76775.4453125, 78217.625, 73563.6171875, 69599.53125, 65175.48046875, 69217.421875]
load the model: ./saved/modbase_7/context_16_arm_mod_16/sparity_0.0/inr_mod_16KODAK_ROI_Global_new_struture_7_12_3_33_orderconcat_operator_0_pw_0.8_img_object29.pth for the  29 -th image
********************Evalutation with quantization
********************Starting quantizing models
eval_object_psnr: 28.517685261051344
full_image_psnr: 23.99491436028536
object_psnr: 28.517685261051344
background_psnr: 25.88611437495092
********************Evaluation the Image 29-th, BEST PSNR: 23.994914, Print rate 0.133120, Network rate 0.016541. *************************
eval_wsssim: 0.801569
Decoded image saved to ./experiments/vcip_wssim_tunado_diegoPC/decoded_images/othim30_maskerp_wsmse0_swhdc1_erp1_lambda0.8.png
Evaluate the image: PSNR: 23.99491436028536 All bits: 0.14966097474098206  latent bits: 0.13312044739723206  network bits: 0.01654052734375
Evaluate arm network bits: 0.0069065093994140625 Evaluate synthesis network bits: 0.0091400146484375
Image All bits num: 78465.453125 latent bits num: 69793.453125 mlp bits num: 8672.0 border bits num:
arm bits num: 3621.0 synthesis bits num: 4792.0
[25.725005229269772, 25.084490369571522, 26.126108564653624, 22.74168690510335, 23.87970493444533, 23.496738437492905, 25.208951654408963, 25.77196140367265, 26.052715971668807, 26.672117971893368, 25.43757771009635, 25.10468872503732, 26.728425483544964, 24.76948801016424, 26.038130375350335, 26.847126866985548, 25.548671165682507, 25.70670883575488, 23.138650212636747, 23.2115962825533, 23.614036712838203, 23.805999687068, 25.776882125525844, 24.105780661350934, 21.042345395772838, 22.299569282161276, 23.020302177884634, 23.81128597167519, 24.120455220470273, 23.99491436028536]
[0.12852253019809723, 0.12484615296125412, 0.13026711344718933, 0.21137559413909912, 0.19534045457839966, 0.18472929298877716, 0.09931357949972153, 0.09671350568532944, 0.10299995541572571, 0.12199412286281586, 0.1287393867969513, 0.13995394855737686, 0.09796439111232758, 0.09543980658054352, 0.09846967458724976, 0.09005653858184814, 0.088145911693573, 0.0883798599243164, 0.18304041028022766, 0.1882058084011078, 0.1828884482383728, 0.09983251988887787, 0.1138836219906807, 0.11976869404315948, 0.16120578348636627, 0.16634663939476013, 0.15707361698150635, 0.1506015956401825, 0.1412934958934784, 0.14966097474098206]
[67382.8203125, 65455.33984375, 68297.484375, 110821.6875, 102414.65625, 96851.3515625, 52068.91796875, 50705.73046875, 54001.640625, 63960.0546875, 67496.515625, 73376.17578125, 51361.5546875, 50037.9453125, 51626.46875, 47215.5625, 46213.84375, 46336.5, 95965.890625, 98674.046875, 95886.21875, 52340.9921875, 59707.81640625, 62793.2890625, 84518.2578125, 87213.546875, 82351.8125, 78958.609375, 74078.484375, 78465.453125]
Metrics saved to ./experiments/vcip_wssim_tunado_diegoPC/results.csv
Current eval Ave PSNR: 24.629403890167303 Ave Bits 0.1345684476196766
.......Copmlete all dataset training......
Ave Training PSNR: 25.598464596422385 Ave Training Bits 0.11732582598924637
Training PSNR: [26.26667153969039, 25.99057383617314, 26.28984751399874, 22.947318639606546, 24.29441434572143, 24.13140701196215, 26.564282149928285, 27.594175708404567, 27.185075567101137, 27.085246870301955, 26.676181294648444, 26.362167343962373, 27.19113515385744, 26.69753357879426, 27.322924083639382, 27.475075668224196, 27.46651306444708, 27.858802799197772, 24.311488369172228, 24.375873519284344, 24.15294994882635, 25.369593728706324, 26.055566904334103, 24.913415832595586, 22.734372551596962, 22.953856402117065, 23.921282391588193, 24.55579536035678, 24.88097559330714, 24.329421121127154]
Training rate: [0.10971970856189728, 0.10732713341712952, 0.11180776357650757, 0.19319993257522583, 0.1766223907470703, 0.1677476167678833, 0.08303212374448776, 0.07987571507692337, 0.08553820103406906, 0.10399775207042694, 0.1113455593585968, 0.12303438782691956, 0.07939546555280685, 0.0797487199306488, 0.08132244646549225, 0.07252471148967743, 0.07219014316797256, 0.07127999514341354, 0.16601738333702087, 0.1713944524526596, 0.16704174876213074, 0.0825081393122673, 0.09519340097904205, 0.10288791358470917, 0.14643754065036774, 0.14918828010559082, 0.14031146466732025, 0.13275057077407837, 0.12431236356496811, 0.13202175498008728]
Evalutation: Ave Eval PSNR: 24.629403890167303 Ave Eval all bits: 0.1345684476196766 Ave Eval Bits 0.11807198002934456 Ave Eval Network 0.01649646759033203
Eval All PSNR: [25.725005229269772, 25.084490369571522, 26.126108564653624, 22.74168690510335, 23.87970493444533, 23.496738437492905, 25.208951654408963, 25.77196140367265, 26.052715971668807, 26.672117971893368, 25.43757771009635, 25.10468872503732, 26.728425483544964, 24.76948801016424, 26.038130375350335, 26.847126866985548, 25.548671165682507, 25.70670883575488, 23.138650212636747, 23.2115962825533, 23.614036712838203, 23.805999687068, 25.776882125525844, 24.105780661350934, 21.042345395772838, 22.299569282161276, 23.020302177884634, 23.81128597167519, 24.120455220470273, 23.99491436028536]
Eval All rate [0.12852253019809723, 0.12484615296125412, 0.13026711344718933, 0.21137559413909912, 0.19534045457839966, 0.18472929298877716, 0.09931357949972153, 0.09671350568532944, 0.10299995541572571, 0.12199412286281586, 0.1287393867969513, 0.13995394855737686, 0.09796439111232758, 0.09543980658054352, 0.09846967458724976, 0.09005653858184814, 0.088145911693573, 0.0883798599243164, 0.18304041028022766, 0.1882058084011078, 0.1828884482383728, 0.09983251988887787, 0.1138836219906807, 0.11976869404315948, 0.16120578348636627, 0.16634663939476013, 0.15707361698150635, 0.1506015956401825, 0.1412934958934784, 0.14966097474098206]
Eval Latent rate [0.1098419576883316, 0.10766857117414474, 0.1127443015575409, 0.1935495138168335, 0.1768220067024231, 0.16827841103076935, 0.0841120108962059, 0.08068414777517319, 0.08583572506904602, 0.10448847711086273, 0.1123056709766388, 0.12364230304956436, 0.08128653466701508, 0.08142651617527008, 0.08211034536361694, 0.07347404956817627, 0.07297676801681519, 0.07229137420654297, 0.1664140522480011, 0.17175111174583435, 0.16794437170028687, 0.08301542699337006, 0.09582675248384476, 0.1031995564699173, 0.14729739725589752, 0.14944562315940857, 0.1407409906387329, 0.1339103877544403, 0.12595459818840027, 0.13312044739723206]
Eval MLP rate [0.018680572509765625, 0.017177581787109375, 0.017522811889648438, 0.017826080322265625, 0.018518447875976562, 0.016450881958007812, 0.015201568603515625, 0.01602935791015625, 0.017164230346679688, 0.017505645751953125, 0.0164337158203125, 0.0163116455078125, 0.0166778564453125, 0.014013290405273438, 0.016359329223632812, 0.016582489013671875, 0.015169143676757812, 0.016088485717773438, 0.016626358032226562, 0.016454696655273438, 0.014944076538085938, 0.016817092895507812, 0.018056869506835938, 0.016569137573242188, 0.01390838623046875, 0.016901016235351562, 0.016332626342773438, 0.016691207885742188, 0.015338897705078125, 0.01654052734375]
======== ALL Results ========
Lambda = 0.4:
  all_psnr: [28.114925448955784, 27.75344635449581, 28.104604897360105, 24.80622245686048, 26.096687175464595, 26.0869387216253, 28.602759262492118, 28.698035275313075, 28.724695467332477, 28.86936303082241, 28.781122710934838, 28.282628902398596, 29.184186649476896, 28.941437861342553, 28.925716505673904, 29.41438464014571, 29.702154744810482, 29.59473713422845, 26.215374537965875, 26.239135180586633, 26.18381407989028, 28.0781444655685, 27.950031698872028, 26.81212173862393, 24.59429952444371, 24.655449820804467, 25.72364096005261, 26.558568254402115, 26.80014206350341, 26.155060672292965]
  all_rate: [0.19625774025917053, 0.20048120617866516, 0.2012585699558258, 0.3268035054206848, 0.30659914016723633, 0.29963308572769165, 0.14397549629211426, 0.1350162774324417, 0.14233466982841492, 0.19726350903511047, 0.21638348698616028, 0.23457299172878265, 0.14923088252544403, 0.14882956445217133, 0.15251144766807556, 0.12884807586669922, 0.12686321139335632, 0.12805309891700745, 0.2891550362110138, 0.2941104471683502, 0.29806259274482727, 0.1421530693769455, 0.1567736566066742, 0.18481005728244781, 0.2580149471759796, 0.26430147886276245, 0.24807435274124146, 0.2484886348247528, 0.23612460494041443, 0.2422531247138977]
  all_rate_num: [102895.578125, 105109.890625, 105517.453125, 171339.15625, 160746.25, 157094.03125, 75484.625, 70787.4140625, 74624.359375, 103422.890625, 113447.265625, 122983.8046875, 78239.9609375, 78029.5546875, 79959.921875, 67553.5, 66512.859375, 67136.703125, 151600.515625, 154198.578125, 156270.640625, 74529.1484375, 82194.546875, 96893.6953125, 135274.140625, 138570.09375, 130062.40625, 130279.609375, 123797.296875, 127010.40625]
  eval_all_psnr: [26.98496290731588, 26.914855757670068, 26.794346067269846, 24.505044114122843, 24.905289311296652, 26.01794850733637, 27.640481035631826, 28.249792959094236, 26.203673447321364, 27.12993714597319, 26.60013784437282, 26.955260398128285, 28.50915572076316, 27.445143896789556, 28.299929587681635, 28.921389483966834, 28.122366251402894, 27.985221085081786, 25.560771307524863, 25.376369368048305, 25.244716709507873, 27.38765357344776, 27.196577304519405, 26.02375149466434, 23.92187864831619, 24.506363246537436, 25.287956701017382, 25.862395093725222, 26.45516430267611, 25.06086997490438]
  eval_all_y_rate: [0.19647745788097382, 0.20156610012054443, 0.2026558220386505, 0.3287017345428467, 0.3073670566082001, 0.30084723234176636, 0.14495447278022766, 0.1354387104511261, 0.14249369502067566, 0.1974005103111267, 0.2165372669696808, 0.23479235172271729, 0.1497061848640442, 0.14961376786231995, 0.15384441614151, 0.12980440258979797, 0.12911857664585114, 0.13010528683662415, 0.2894701361656189, 0.2944437265396118, 0.29867762327194214, 0.14374329149723053, 0.1575150191783905, 0.1855592578649521, 0.25828200578689575, 0.2665540277957916, 0.24827465415000916, 0.24871720373630524, 0.23695990443229675, 0.2426908165216446]
  eval_all_y_rate_num: [103010.7734375, 105678.6875, 106250.015625, 172334.375, 161148.859375, 157730.59375, 75997.890625, 71008.890625, 74707.734375, 103494.71875, 113527.890625, 123098.8125, 78489.15625, 78440.703125, 80658.78125, 68054.890625, 67695.3203125, 68212.640625, 151765.71875, 154373.3125, 156593.09375, 75362.8828125, 82583.234375, 97286.4921875, 135414.15625, 139751.078125, 130167.421875, 130399.4453125, 124235.234375, 127239.8828125]
  eval_all_mlp_rate: [0.0179443359375, 0.017957687377929688, 0.016550064086914062, 0.014856338500976562, 0.016307830810546875, 0.01778411865234375, 0.016225814819335938, 0.0186614990234375, 0.01709747314453125, 0.01725006103515625, 0.017292022705078125, 0.017353057861328125, 0.017564773559570312, 0.016210556030273438, 0.017374038696289062, 0.017545700073242188, 0.0152435302734375, 0.015329360961914062, 0.0173492431640625, 0.017408370971679688, 0.016326904296875, 0.016862869262695312, 0.017627716064453125, 0.017734527587890625, 0.01766204833984375, 0.016910552978515625, 0.0189361572265625, 0.018825531005859375, 0.016645431518554688, 0.01605224609375]
  eval_all_mlp_rate_num: [9408.0, 9415.0, 8677.0, 7789.0, 8550.0, 9324.0, 8507.0, 9784.0, 8964.0, 9044.0, 9066.0, 9098.0, 9209.0, 8499.0, 9109.0, 9199.0, 7992.0, 8037.0, 9096.0, 9127.0, 8560.0, 8841.0, 9242.0, 9298.0, 9260.0, 8866.0, 9928.0, 9870.0, 8727.0, 8416.0]
  eval_all_arm_rate: [0.009174346923828125, 0.00809478759765625, 0.006839752197265625, 0.0068225860595703125, 0.008024215698242188, 0.008115768432617188, 0.007898330688476562, 0.009187698364257812, 0.009061813354492188, 0.0090179443359375, 0.00928497314453125, 0.009157180786132812, 0.008016586303710938, 0.0080413818359375, 0.007959365844726562, 0.008081436157226562, 0.007049560546875, 0.0068111419677734375, 0.008983612060546875, 0.009035110473632812, 0.008058547973632812, 0.0069522857666015625, 0.007953643798828125, 0.008001327514648438, 0.009105682373046875, 0.0071811676025390625, 0.009183883666992188, 0.009103775024414062, 0.0071506500244140625, 0.007848739624023438]
  eval_all_arm_rate_num: [4810.0, 4244.0, 3586.0, 3577.0, 4207.0, 4255.0, 4141.0, 4817.0, 4751.0, 4728.0, 4868.0, 4801.0, 4203.0, 4216.0, 4173.0, 4237.0, 3696.0, 3571.0, 4710.0, 4737.0, 4225.0, 3645.0, 4170.0, 4195.0, 4774.0, 3765.0, 4815.0, 4773.0, 3749.0, 4115.0]
  eval_all_conv_rate: [0.008062362670898438, 0.009296417236328125, 0.00911712646484375, 0.007442474365234375, 0.0076923370361328125, 0.00896453857421875, 0.007747650146484375, 0.008993148803710938, 0.0074443817138671875, 0.007770538330078125, 0.0075511932373046875, 0.00762939453125, 0.009103775024414062, 0.007852554321289062, 0.008947372436523438, 0.008893966674804688, 0.007617950439453125, 0.008077621459960938, 0.007781982421875, 0.007905960083007812, 0.007701873779296875, 0.009204864501953125, 0.008983612060546875, 0.00890350341796875, 0.007978439331054688, 0.009138107299804688, 0.009286880493164062, 0.009281158447265625, 0.00904083251953125, 0.007863998413085938]
  eval_all_conv_rate_num: [4227.0, 4874.0, 4780.0, 3902.0, 4033.0, 4700.0, 4062.0, 4715.0, 3903.0, 4074.0, 3959.0, 4000.0, 4773.0, 4117.0, 4691.0, 4663.0, 3994.0, 4235.0, 4080.0, 4145.0, 4038.0, 4826.0, 4710.0, 4668.0, 4183.0, 4791.0, 4869.0, 4866.0, 4740.0, 4123.0]
  eval_all_border_rate: [0.0, 0.0, 0.0, 0.0, 0.0, 0.0, 0.0, 0.0, 0.0, 0.0, 0.0, 0.0, 0.0, 0.0, 0.0, 0.0, 0.0, 0.0, 0.0, 0.0, 0.0, 0.0, 0.0, 0.0, 0.0, 0.0, 0.0, 0.0, 0.0, 0.0]
  eval_all_border_rate_num: [0, 0, 0, 0, 0, 0, 0, 0, 0, 0, 0, 0, 0, 0, 0, 0, 0, 0, 0, 0, 0, 0, 0, 0, 0, 0, 0, 0, 0, 0]
  eval_all_total_rate [[0.21442179381847382], [0.21442179381847382, 0.21952378749847412], [0.21442179381847382, 0.21952378749847412, 0.21920588612556458], [0.21442179381847382, 0.21952378749847412, 0.21920588612556458, 0.34355807304382324], [0.21442179381847382, 0.21952378749847412, 0.21920588612556458, 0.34355807304382324, 0.32367488741874695], [0.21442179381847382, 0.21952378749847412, 0.21920588612556458, 0.34355807304382324, 0.32367488741874695, 0.3186313509941101], [0.21442179381847382, 0.21952378749847412, 0.21920588612556458, 0.34355807304382324, 0.32367488741874695, 0.3186313509941101, 0.1611802875995636], [0.21442179381847382, 0.21952378749847412, 0.21920588612556458, 0.34355807304382324, 0.32367488741874695, 0.3186313509941101, 0.1611802875995636, 0.1541002094745636], [0.21442179381847382, 0.21952378749847412, 0.21920588612556458, 0.34355807304382324, 0.32367488741874695, 0.3186313509941101, 0.1611802875995636, 0.1541002094745636, 0.1595911681652069], [0.21442179381847382, 0.21952378749847412, 0.21920588612556458, 0.34355807304382324, 0.32367488741874695, 0.3186313509941101, 0.1611802875995636, 0.1541002094745636, 0.1595911681652069, 0.21465057134628296], [0.21442179381847382, 0.21952378749847412, 0.21920588612556458, 0.34355807304382324, 0.32367488741874695, 0.3186313509941101, 0.1611802875995636, 0.1541002094745636, 0.1595911681652069, 0.21465057134628296, 0.2338292896747589], [0.21442179381847382, 0.21952378749847412, 0.21920588612556458, 0.34355807304382324, 0.32367488741874695, 0.3186313509941101, 0.1611802875995636, 0.1541002094745636, 0.1595911681652069, 0.21465057134628296, 0.2338292896747589, 0.2521454095840454], [0.21442179381847382, 0.21952378749847412, 0.21920588612556458, 0.34355807304382324, 0.32367488741874695, 0.3186313509941101, 0.1611802875995636, 0.1541002094745636, 0.1595911681652069, 0.21465057134628296, 0.2338292896747589, 0.2521454095840454, 0.1672709584236145], [0.21442179381847382, 0.21952378749847412, 0.21920588612556458, 0.34355807304382324, 0.32367488741874695, 0.3186313509941101, 0.1611802875995636, 0.1541002094745636, 0.1595911681652069, 0.21465057134628296, 0.2338292896747589, 0.2521454095840454, 0.1672709584236145, 0.16582432389259338], [0.21442179381847382, 0.21952378749847412, 0.21920588612556458, 0.34355807304382324, 0.32367488741874695, 0.3186313509941101, 0.1611802875995636, 0.1541002094745636, 0.1595911681652069, 0.21465057134628296, 0.2338292896747589, 0.2521454095840454, 0.1672709584236145, 0.16582432389259338, 0.17121845483779907], [0.21442179381847382, 0.21952378749847412, 0.21920588612556458, 0.34355807304382324, 0.32367488741874695, 0.3186313509941101, 0.1611802875995636, 0.1541002094745636, 0.1595911681652069, 0.21465057134628296, 0.2338292896747589, 0.2521454095840454, 0.1672709584236145, 0.16582432389259338, 0.17121845483779907, 0.14735010266304016], [0.21442179381847382, 0.21952378749847412, 0.21920588612556458, 0.34355807304382324, 0.32367488741874695, 0.3186313509941101, 0.1611802875995636, 0.1541002094745636, 0.1595911681652069, 0.21465057134628296, 0.2338292896747589, 0.2521454095840454, 0.1672709584236145, 0.16582432389259338, 0.17121845483779907, 0.14735010266304016, 0.14436210691928864], [0.21442179381847382, 0.21952378749847412, 0.21920588612556458, 0.34355807304382324, 0.32367488741874695, 0.3186313509941101, 0.1611802875995636, 0.1541002094745636, 0.1595911681652069, 0.21465057134628296, 0.2338292896747589, 0.2521454095840454, 0.1672709584236145, 0.16582432389259338, 0.17121845483779907, 0.14735010266304016, 0.14436210691928864, 0.1454346477985382], [0.21442179381847382, 0.21952378749847412, 0.21920588612556458, 0.34355807304382324, 0.32367488741874695, 0.3186313509941101, 0.1611802875995636, 0.1541002094745636, 0.1595911681652069, 0.21465057134628296, 0.2338292896747589, 0.2521454095840454, 0.1672709584236145, 0.16582432389259338, 0.17121845483779907, 0.14735010266304016, 0.14436210691928864, 0.1454346477985382, 0.3068193793296814], [0.21442179381847382, 0.21952378749847412, 0.21920588612556458, 0.34355807304382324, 0.32367488741874695, 0.3186313509941101, 0.1611802875995636, 0.1541002094745636, 0.1595911681652069, 0.21465057134628296, 0.2338292896747589, 0.2521454095840454, 0.1672709584236145, 0.16582432389259338, 0.17121845483779907, 0.14735010266304016, 0.14436210691928864, 0.1454346477985382, 0.3068193793296814, 0.3118520975112915], [0.21442179381847382, 0.21952378749847412, 0.21920588612556458, 0.34355807304382324, 0.32367488741874695, 0.3186313509941101, 0.1611802875995636, 0.1541002094745636, 0.1595911681652069, 0.21465057134628296, 0.2338292896747589, 0.2521454095840454, 0.1672709584236145, 0.16582432389259338, 0.17121845483779907, 0.14735010266304016, 0.14436210691928864, 0.1454346477985382, 0.3068193793296814, 0.3118520975112915, 0.31500452756881714], [0.21442179381847382, 0.21952378749847412, 0.21920588612556458, 0.34355807304382324, 0.32367488741874695, 0.3186313509941101, 0.1611802875995636, 0.1541002094745636, 0.1595911681652069, 0.21465057134628296, 0.2338292896747589, 0.2521454095840454, 0.1672709584236145, 0.16582432389259338, 0.17121845483779907, 0.14735010266304016, 0.14436210691928864, 0.1454346477985382, 0.3068193793296814, 0.3118520975112915, 0.31500452756881714, 0.16060616075992584], [0.21442179381847382, 0.21952378749847412, 0.21920588612556458, 0.34355807304382324, 0.32367488741874695, 0.3186313509941101, 0.1611802875995636, 0.1541002094745636, 0.1595911681652069, 0.21465057134628296, 0.2338292896747589, 0.2521454095840454, 0.1672709584236145, 0.16582432389259338, 0.17121845483779907, 0.14735010266304016, 0.14436210691928864, 0.1454346477985382, 0.3068193793296814, 0.3118520975112915, 0.31500452756881714, 0.16060616075992584, 0.17514273524284363], [0.21442179381847382, 0.21952378749847412, 0.21920588612556458, 0.34355807304382324, 0.32367488741874695, 0.3186313509941101, 0.1611802875995636, 0.1541002094745636, 0.1595911681652069, 0.21465057134628296, 0.2338292896747589, 0.2521454095840454, 0.1672709584236145, 0.16582432389259338, 0.17121845483779907, 0.14735010266304016, 0.14436210691928864, 0.1454346477985382, 0.3068193793296814, 0.3118520975112915, 0.31500452756881714, 0.16060616075992584, 0.17514273524284363, 0.2032937854528427], [0.21442179381847382, 0.21952378749847412, 0.21920588612556458, 0.34355807304382324, 0.32367488741874695, 0.3186313509941101, 0.1611802875995636, 0.1541002094745636, 0.1595911681652069, 0.21465057134628296, 0.2338292896747589, 0.2521454095840454, 0.1672709584236145, 0.16582432389259338, 0.17121845483779907, 0.14735010266304016, 0.14436210691928864, 0.1454346477985382, 0.3068193793296814, 0.3118520975112915, 0.31500452756881714, 0.16060616075992584, 0.17514273524284363, 0.2032937854528427, 0.2759440541267395], [0.21442179381847382, 0.21952378749847412, 0.21920588612556458, 0.34355807304382324, 0.32367488741874695, 0.3186313509941101, 0.1611802875995636, 0.1541002094745636, 0.1595911681652069, 0.21465057134628296, 0.2338292896747589, 0.2521454095840454, 0.1672709584236145, 0.16582432389259338, 0.17121845483779907, 0.14735010266304016, 0.14436210691928864, 0.1454346477985382, 0.3068193793296814, 0.3118520975112915, 0.31500452756881714, 0.16060616075992584, 0.17514273524284363, 0.2032937854528427, 0.2759440541267395, 0.28346458077430725], [0.21442179381847382, 0.21952378749847412, 0.21920588612556458, 0.34355807304382324, 0.32367488741874695, 0.3186313509941101, 0.1611802875995636, 0.1541002094745636, 0.1595911681652069, 0.21465057134628296, 0.2338292896747589, 0.2521454095840454, 0.1672709584236145, 0.16582432389259338, 0.17121845483779907, 0.14735010266304016, 0.14436210691928864, 0.1454346477985382, 0.3068193793296814, 0.3118520975112915, 0.31500452756881714, 0.16060616075992584, 0.17514273524284363, 0.2032937854528427, 0.2759440541267395, 0.28346458077430725, 0.26721081137657166], [0.21442179381847382, 0.21952378749847412, 0.21920588612556458, 0.34355807304382324, 0.32367488741874695, 0.3186313509941101, 0.1611802875995636, 0.1541002094745636, 0.1595911681652069, 0.21465057134628296, 0.2338292896747589, 0.2521454095840454, 0.1672709584236145, 0.16582432389259338, 0.17121845483779907, 0.14735010266304016, 0.14436210691928864, 0.1454346477985382, 0.3068193793296814, 0.3118520975112915, 0.31500452756881714, 0.16060616075992584, 0.17514273524284363, 0.2032937854528427, 0.2759440541267395, 0.28346458077430725, 0.26721081137657166, 0.2675427347421646], [0.21442179381847382, 0.21952378749847412, 0.21920588612556458, 0.34355807304382324, 0.32367488741874695, 0.3186313509941101, 0.1611802875995636, 0.1541002094745636, 0.1595911681652069, 0.21465057134628296, 0.2338292896747589, 0.2521454095840454, 0.1672709584236145, 0.16582432389259338, 0.17121845483779907, 0.14735010266304016, 0.14436210691928864, 0.1454346477985382, 0.3068193793296814, 0.3118520975112915, 0.31500452756881714, 0.16060616075992584, 0.17514273524284363, 0.2032937854528427, 0.2759440541267395, 0.28346458077430725, 0.26721081137657166, 0.2675427347421646, 0.25360533595085144], [0.21442179381847382, 0.21952378749847412, 0.21920588612556458, 0.34355807304382324, 0.32367488741874695, 0.3186313509941101, 0.1611802875995636, 0.1541002094745636, 0.1595911681652069, 0.21465057134628296, 0.2338292896747589, 0.2521454095840454, 0.1672709584236145, 0.16582432389259338, 0.17121845483779907, 0.14735010266304016, 0.14436210691928864, 0.1454346477985382, 0.3068193793296814, 0.3118520975112915, 0.31500452756881714, 0.16060616075992584, 0.17514273524284363, 0.2032937854528427, 0.2759440541267395, 0.28346458077430725, 0.26721081137657166, 0.2675427347421646, 0.25360533595085144, 0.2587430626153946]]
  eval_all_total_rate_num [[112418.7734375], [112418.7734375, 115093.6875], [112418.7734375, 115093.6875, 114927.015625], [112418.7734375, 115093.6875, 114927.015625, 180123.375], [112418.7734375, 115093.6875, 114927.015625, 180123.375, 169698.859375], [112418.7734375, 115093.6875, 114927.015625, 180123.375, 169698.859375, 167054.59375], [112418.7734375, 115093.6875, 114927.015625, 180123.375, 169698.859375, 167054.59375, 84504.890625], [112418.7734375, 115093.6875, 114927.015625, 180123.375, 169698.859375, 167054.59375, 84504.890625, 80792.890625], [112418.7734375, 115093.6875, 114927.015625, 180123.375, 169698.859375, 167054.59375, 84504.890625, 80792.890625, 83671.734375], [112418.7734375, 115093.6875, 114927.015625, 180123.375, 169698.859375, 167054.59375, 84504.890625, 80792.890625, 83671.734375, 112538.71875], [112418.7734375, 115093.6875, 114927.015625, 180123.375, 169698.859375, 167054.59375, 84504.890625, 80792.890625, 83671.734375, 112538.71875, 122593.890625], [112418.7734375, 115093.6875, 114927.015625, 180123.375, 169698.859375, 167054.59375, 84504.890625, 80792.890625, 83671.734375, 112538.71875, 122593.890625, 132196.8125], [112418.7734375, 115093.6875, 114927.015625, 180123.375, 169698.859375, 167054.59375, 84504.890625, 80792.890625, 83671.734375, 112538.71875, 122593.890625, 132196.8125, 87698.15625], [112418.7734375, 115093.6875, 114927.015625, 180123.375, 169698.859375, 167054.59375, 84504.890625, 80792.890625, 83671.734375, 112538.71875, 122593.890625, 132196.8125, 87698.15625, 86939.703125], [112418.7734375, 115093.6875, 114927.015625, 180123.375, 169698.859375, 167054.59375, 84504.890625, 80792.890625, 83671.734375, 112538.71875, 122593.890625, 132196.8125, 87698.15625, 86939.703125, 89767.78125], [112418.7734375, 115093.6875, 114927.015625, 180123.375, 169698.859375, 167054.59375, 84504.890625, 80792.890625, 83671.734375, 112538.71875, 122593.890625, 132196.8125, 87698.15625, 86939.703125, 89767.78125, 77253.890625], [112418.7734375, 115093.6875, 114927.015625, 180123.375, 169698.859375, 167054.59375, 84504.890625, 80792.890625, 83671.734375, 112538.71875, 122593.890625, 132196.8125, 87698.15625, 86939.703125, 89767.78125, 77253.890625, 75687.3203125], [112418.7734375, 115093.6875, 114927.015625, 180123.375, 169698.859375, 167054.59375, 84504.890625, 80792.890625, 83671.734375, 112538.71875, 122593.890625, 132196.8125, 87698.15625, 86939.703125, 89767.78125, 77253.890625, 75687.3203125, 76249.640625], [112418.7734375, 115093.6875, 114927.015625, 180123.375, 169698.859375, 167054.59375, 84504.890625, 80792.890625, 83671.734375, 112538.71875, 122593.890625, 132196.8125, 87698.15625, 86939.703125, 89767.78125, 77253.890625, 75687.3203125, 76249.640625, 160861.71875], [112418.7734375, 115093.6875, 114927.015625, 180123.375, 169698.859375, 167054.59375, 84504.890625, 80792.890625, 83671.734375, 112538.71875, 122593.890625, 132196.8125, 87698.15625, 86939.703125, 89767.78125, 77253.890625, 75687.3203125, 76249.640625, 160861.71875, 163500.3125], [112418.7734375, 115093.6875, 114927.015625, 180123.375, 169698.859375, 167054.59375, 84504.890625, 80792.890625, 83671.734375, 112538.71875, 122593.890625, 132196.8125, 87698.15625, 86939.703125, 89767.78125, 77253.890625, 75687.3203125, 76249.640625, 160861.71875, 163500.3125, 165153.09375], [112418.7734375, 115093.6875, 114927.015625, 180123.375, 169698.859375, 167054.59375, 84504.890625, 80792.890625, 83671.734375, 112538.71875, 122593.890625, 132196.8125, 87698.15625, 86939.703125, 89767.78125, 77253.890625, 75687.3203125, 76249.640625, 160861.71875, 163500.3125, 165153.09375, 84203.8828125], [112418.7734375, 115093.6875, 114927.015625, 180123.375, 169698.859375, 167054.59375, 84504.890625, 80792.890625, 83671.734375, 112538.71875, 122593.890625, 132196.8125, 87698.15625, 86939.703125, 89767.78125, 77253.890625, 75687.3203125, 76249.640625, 160861.71875, 163500.3125, 165153.09375, 84203.8828125, 91825.234375], [112418.7734375, 115093.6875, 114927.015625, 180123.375, 169698.859375, 167054.59375, 84504.890625, 80792.890625, 83671.734375, 112538.71875, 122593.890625, 132196.8125, 87698.15625, 86939.703125, 89767.78125, 77253.890625, 75687.3203125, 76249.640625, 160861.71875, 163500.3125, 165153.09375, 84203.8828125, 91825.234375, 106584.4921875], [112418.7734375, 115093.6875, 114927.015625, 180123.375, 169698.859375, 167054.59375, 84504.890625, 80792.890625, 83671.734375, 112538.71875, 122593.890625, 132196.8125, 87698.15625, 86939.703125, 89767.78125, 77253.890625, 75687.3203125, 76249.640625, 160861.71875, 163500.3125, 165153.09375, 84203.8828125, 91825.234375, 106584.4921875, 144674.15625], [112418.7734375, 115093.6875, 114927.015625, 180123.375, 169698.859375, 167054.59375, 84504.890625, 80792.890625, 83671.734375, 112538.71875, 122593.890625, 132196.8125, 87698.15625, 86939.703125, 89767.78125, 77253.890625, 75687.3203125, 76249.640625, 160861.71875, 163500.3125, 165153.09375, 84203.8828125, 91825.234375, 106584.4921875, 144674.15625, 148617.078125], [112418.7734375, 115093.6875, 114927.015625, 180123.375, 169698.859375, 167054.59375, 84504.890625, 80792.890625, 83671.734375, 112538.71875, 122593.890625, 132196.8125, 87698.15625, 86939.703125, 89767.78125, 77253.890625, 75687.3203125, 76249.640625, 160861.71875, 163500.3125, 165153.09375, 84203.8828125, 91825.234375, 106584.4921875, 144674.15625, 148617.078125, 140095.421875], [112418.7734375, 115093.6875, 114927.015625, 180123.375, 169698.859375, 167054.59375, 84504.890625, 80792.890625, 83671.734375, 112538.71875, 122593.890625, 132196.8125, 87698.15625, 86939.703125, 89767.78125, 77253.890625, 75687.3203125, 76249.640625, 160861.71875, 163500.3125, 165153.09375, 84203.8828125, 91825.234375, 106584.4921875, 144674.15625, 148617.078125, 140095.421875, 140269.4453125], [112418.7734375, 115093.6875, 114927.015625, 180123.375, 169698.859375, 167054.59375, 84504.890625, 80792.890625, 83671.734375, 112538.71875, 122593.890625, 132196.8125, 87698.15625, 86939.703125, 89767.78125, 77253.890625, 75687.3203125, 76249.640625, 160861.71875, 163500.3125, 165153.09375, 84203.8828125, 91825.234375, 106584.4921875, 144674.15625, 148617.078125, 140095.421875, 140269.4453125, 132962.234375], [112418.7734375, 115093.6875, 114927.015625, 180123.375, 169698.859375, 167054.59375, 84504.890625, 80792.890625, 83671.734375, 112538.71875, 122593.890625, 132196.8125, 87698.15625, 86939.703125, 89767.78125, 77253.890625, 75687.3203125, 76249.640625, 160861.71875, 163500.3125, 165153.09375, 84203.8828125, 91825.234375, 106584.4921875, 144674.15625, 148617.078125, 140095.421875, 140269.4453125, 132962.234375, 135655.8828125]]
---------------------------------
Lambda = 0.8:
  all_psnr: [26.26667153969039, 25.99057383617314, 26.28984751399874, 22.947318639606546, 24.29441434572143, 24.13140701196215, 26.564282149928285, 27.594175708404567, 27.185075567101137, 27.085246870301955, 26.676181294648444, 26.362167343962373, 27.19113515385744, 26.69753357879426, 27.322924083639382, 27.475075668224196, 27.46651306444708, 27.858802799197772, 24.311488369172228, 24.375873519284344, 24.15294994882635, 25.369593728706324, 26.055566904334103, 24.913415832595586, 22.734372551596962, 22.953856402117065, 23.921282391588193, 24.55579536035678, 24.88097559330714, 24.329421121127154]
  all_rate: [0.10971970856189728, 0.10732713341712952, 0.11180776357650757, 0.19319993257522583, 0.1766223907470703, 0.1677476167678833, 0.08303212374448776, 0.07987571507692337, 0.08553820103406906, 0.10399775207042694, 0.1113455593585968, 0.12303438782691956, 0.07939546555280685, 0.0797487199306488, 0.08132244646549225, 0.07252471148967743, 0.07219014316797256, 0.07127999514341354, 0.16601738333702087, 0.1713944524526596, 0.16704174876213074, 0.0825081393122673, 0.09519340097904205, 0.10288791358470917, 0.14643754065036774, 0.14918828010559082, 0.14031146466732025, 0.13275057077407837, 0.12431236356496811, 0.13202175498008728]
  all_rate_num: [57524.7265625, 56270.328125, 58619.46875, 101292.40625, 92601.0, 87948.0625, 43532.74609375, 41877.87890625, 44846.65234375, 54524.7734375, 58377.140625, 64505.453125, 41626.08984375, 41811.296875, 42636.3828125, 38023.8359375, 37848.42578125, 37371.24609375, 87040.921875, 89860.0546875, 87577.984375, 43258.02734375, 49908.7578125, 53942.8984375, 76775.4453125, 78217.625, 73563.6171875, 69599.53125, 65175.48046875, 69217.421875]
  eval_all_psnr: [25.725005229269772, 25.084490369571522, 26.126108564653624, 22.74168690510335, 23.87970493444533, 23.496738437492905, 25.208951654408963, 25.77196140367265, 26.052715971668807, 26.672117971893368, 25.43757771009635, 25.10468872503732, 26.728425483544964, 24.76948801016424, 26.038130375350335, 26.847126866985548, 25.548671165682507, 25.70670883575488, 23.138650212636747, 23.2115962825533, 23.614036712838203, 23.805999687068, 25.776882125525844, 24.105780661350934, 21.042345395772838, 22.299569282161276, 23.020302177884634, 23.81128597167519, 24.120455220470273, 23.99491436028536]
  eval_all_y_rate: [0.1098419576883316, 0.10766857117414474, 0.1127443015575409, 0.1935495138168335, 0.1768220067024231, 0.16827841103076935, 0.0841120108962059, 0.08068414777517319, 0.08583572506904602, 0.10448847711086273, 0.1123056709766388, 0.12364230304956436, 0.08128653466701508, 0.08142651617527008, 0.08211034536361694, 0.07347404956817627, 0.07297676801681519, 0.07229137420654297, 0.1664140522480011, 0.17175111174583435, 0.16794437170028687, 0.08301542699337006, 0.09582675248384476, 0.1031995564699173, 0.14729739725589752, 0.14944562315940857, 0.1407409906387329, 0.1339103877544403, 0.12595459818840027, 0.13312044739723206]
  eval_all_y_rate_num: [57588.8203125, 56449.33984375, 59110.484375, 101475.6875, 92705.65625, 88226.3515625, 44098.91796875, 42301.73046875, 45002.640625, 54782.0546875, 58880.515625, 64824.17578125, 42617.5546875, 42690.9453125, 43049.46875, 38521.5625, 38260.84375, 37901.5, 87248.890625, 90047.046875, 88051.21875, 43523.9921875, 50240.81640625, 54106.2890625, 77226.2578125, 78352.546875, 73788.8125, 70207.609375, 66036.484375, 69793.453125]
  eval_all_mlp_rate: [0.018680572509765625, 0.017177581787109375, 0.017522811889648438, 0.017826080322265625, 0.018518447875976562, 0.016450881958007812, 0.015201568603515625, 0.01602935791015625, 0.017164230346679688, 0.017505645751953125, 0.0164337158203125, 0.0163116455078125, 0.0166778564453125, 0.014013290405273438, 0.016359329223632812, 0.016582489013671875, 0.015169143676757812, 0.016088485717773438, 0.016626358032226562, 0.016454696655273438, 0.014944076538085938, 0.016817092895507812, 0.018056869506835938, 0.016569137573242188, 0.01390838623046875, 0.016901016235351562, 0.016332626342773438, 0.016691207885742188, 0.015338897705078125, 0.01654052734375]
  eval_all_mlp_rate_num: [9794.0, 9006.0, 9187.0, 9346.0, 9709.0, 8625.0, 7970.0, 8404.0, 8999.0, 9178.0, 8616.0, 8552.0, 8744.0, 7347.0, 8577.0, 8694.0, 7953.0, 8435.0, 8717.0, 8627.0, 7835.0, 8817.0, 9467.0, 8687.0, 7292.0, 8861.0, 8563.0, 8751.0, 8042.0, 8672.0]
  eval_all_arm_rate: [0.009130477905273438, 0.008924484252929688, 0.007959365844726562, 0.008167266845703125, 0.010227203369140625, 0.00806427001953125, 0.006809234619140625, 0.007898330688476562, 0.00905609130859375, 0.008077621459960938, 0.008054733276367188, 0.007841110229492188, 0.007160186767578125, 0.0068416595458984375, 0.007892608642578125, 0.008039474487304688, 0.007997512817382812, 0.00801849365234375, 0.009290695190429688, 0.008157730102539062, 0.006771087646484375, 0.00804901123046875, 0.007831573486328125, 0.008108139038085938, 0.00704193115234375, 0.008241653442382812, 0.007915496826171875, 0.0079803466796875, 0.0070056915283203125, 0.0069065093994140625]
  eval_all_arm_rate_num: [4787.0, 4679.0, 4173.0, 4282.0, 5362.0, 4228.0, 3570.0, 4141.0, 4748.0, 4235.0, 4223.0, 4111.0, 3754.0, 3587.0, 4138.0, 4215.0, 4193.0, 4204.0, 4871.0, 4277.0, 3550.0, 4220.0, 4106.0, 4251.0, 3692.0, 4321.0, 4150.0, 4184.0, 3673.0, 3621.0]
  eval_all_conv_rate: [0.009098052978515625, 0.007785797119140625, 0.00897216796875, 0.009044647216796875, 0.007833480834960938, 0.00791168212890625, 0.0077762603759765625, 0.00775909423828125, 0.0074939727783203125, 0.008844375610351562, 0.007890701293945312, 0.007982254028320312, 0.009016036987304688, 0.006710052490234375, 0.007867813110351562, 0.007966995239257812, 0.00670623779296875, 0.0076045989990234375, 0.0068531036376953125, 0.00782012939453125, 0.007694244384765625, 0.00806427001953125, 0.00948333740234375, 0.007860183715820312, 0.006389617919921875, 0.008031845092773438, 0.0078105926513671875, 0.008226394653320312, 0.007860183715820312, 0.0091400146484375]
  eval_all_conv_rate_num: [4770.0, 4082.0, 4704.0, 4742.0, 4107.0, 4148.0, 4077.0, 4068.0, 3929.0, 4637.0, 4137.0, 4185.0, 4727.0, 3518.0, 4125.0, 4177.0, 3516.0, 3987.0, 3593.0, 4100.0, 4034.0, 4228.0, 4972.0, 4121.0, 3350.0, 4211.0, 4095.0, 4313.0, 4121.0, 4792.0]
  eval_all_border_rate: [0.0, 0.0, 0.0, 0.0, 0.0, 0.0, 0.0, 0.0, 0.0, 0.0, 0.0, 0.0, 0.0, 0.0, 0.0, 0.0, 0.0, 0.0, 0.0, 0.0, 0.0, 0.0, 0.0, 0.0, 0.0, 0.0, 0.0, 0.0, 0.0, 0.0]
  eval_all_border_rate_num: [0, 0, 0, 0, 0, 0, 0, 0, 0, 0, 0, 0, 0, 0, 0, 0, 0, 0, 0, 0, 0, 0, 0, 0, 0, 0, 0, 0, 0, 0]
  eval_all_total_rate [[0.12852253019809723], [0.12852253019809723, 0.12484615296125412], [0.12852253019809723, 0.12484615296125412, 0.13026711344718933], [0.12852253019809723, 0.12484615296125412, 0.13026711344718933, 0.21137559413909912], [0.12852253019809723, 0.12484615296125412, 0.13026711344718933, 0.21137559413909912, 0.19534045457839966], [0.12852253019809723, 0.12484615296125412, 0.13026711344718933, 0.21137559413909912, 0.19534045457839966, 0.18472929298877716], [0.12852253019809723, 0.12484615296125412, 0.13026711344718933, 0.21137559413909912, 0.19534045457839966, 0.18472929298877716, 0.09931357949972153], [0.12852253019809723, 0.12484615296125412, 0.13026711344718933, 0.21137559413909912, 0.19534045457839966, 0.18472929298877716, 0.09931357949972153, 0.09671350568532944], [0.12852253019809723, 0.12484615296125412, 0.13026711344718933, 0.21137559413909912, 0.19534045457839966, 0.18472929298877716, 0.09931357949972153, 0.09671350568532944, 0.10299995541572571], [0.12852253019809723, 0.12484615296125412, 0.13026711344718933, 0.21137559413909912, 0.19534045457839966, 0.18472929298877716, 0.09931357949972153, 0.09671350568532944, 0.10299995541572571, 0.12199412286281586], [0.12852253019809723, 0.12484615296125412, 0.13026711344718933, 0.21137559413909912, 0.19534045457839966, 0.18472929298877716, 0.09931357949972153, 0.09671350568532944, 0.10299995541572571, 0.12199412286281586, 0.1287393867969513], [0.12852253019809723, 0.12484615296125412, 0.13026711344718933, 0.21137559413909912, 0.19534045457839966, 0.18472929298877716, 0.09931357949972153, 0.09671350568532944, 0.10299995541572571, 0.12199412286281586, 0.1287393867969513, 0.13995394855737686], [0.12852253019809723, 0.12484615296125412, 0.13026711344718933, 0.21137559413909912, 0.19534045457839966, 0.18472929298877716, 0.09931357949972153, 0.09671350568532944, 0.10299995541572571, 0.12199412286281586, 0.1287393867969513, 0.13995394855737686, 0.09796439111232758], [0.12852253019809723, 0.12484615296125412, 0.13026711344718933, 0.21137559413909912, 0.19534045457839966, 0.18472929298877716, 0.09931357949972153, 0.09671350568532944, 0.10299995541572571, 0.12199412286281586, 0.1287393867969513, 0.13995394855737686, 0.09796439111232758, 0.09543980658054352], [0.12852253019809723, 0.12484615296125412, 0.13026711344718933, 0.21137559413909912, 0.19534045457839966, 0.18472929298877716, 0.09931357949972153, 0.09671350568532944, 0.10299995541572571, 0.12199412286281586, 0.1287393867969513, 0.13995394855737686, 0.09796439111232758, 0.09543980658054352, 0.09846967458724976], [0.12852253019809723, 0.12484615296125412, 0.13026711344718933, 0.21137559413909912, 0.19534045457839966, 0.18472929298877716, 0.09931357949972153, 0.09671350568532944, 0.10299995541572571, 0.12199412286281586, 0.1287393867969513, 0.13995394855737686, 0.09796439111232758, 0.09543980658054352, 0.09846967458724976, 0.09005653858184814], [0.12852253019809723, 0.12484615296125412, 0.13026711344718933, 0.21137559413909912, 0.19534045457839966, 0.18472929298877716, 0.09931357949972153, 0.09671350568532944, 0.10299995541572571, 0.12199412286281586, 0.1287393867969513, 0.13995394855737686, 0.09796439111232758, 0.09543980658054352, 0.09846967458724976, 0.09005653858184814, 0.088145911693573], [0.12852253019809723, 0.12484615296125412, 0.13026711344718933, 0.21137559413909912, 0.19534045457839966, 0.18472929298877716, 0.09931357949972153, 0.09671350568532944, 0.10299995541572571, 0.12199412286281586, 0.1287393867969513, 0.13995394855737686, 0.09796439111232758, 0.09543980658054352, 0.09846967458724976, 0.09005653858184814, 0.088145911693573, 0.0883798599243164], [0.12852253019809723, 0.12484615296125412, 0.13026711344718933, 0.21137559413909912, 0.19534045457839966, 0.18472929298877716, 0.09931357949972153, 0.09671350568532944, 0.10299995541572571, 0.12199412286281586, 0.1287393867969513, 0.13995394855737686, 0.09796439111232758, 0.09543980658054352, 0.09846967458724976, 0.09005653858184814, 0.088145911693573, 0.0883798599243164, 0.18304041028022766], [0.12852253019809723, 0.12484615296125412, 0.13026711344718933, 0.21137559413909912, 0.19534045457839966, 0.18472929298877716, 0.09931357949972153, 0.09671350568532944, 0.10299995541572571, 0.12199412286281586, 0.1287393867969513, 0.13995394855737686, 0.09796439111232758, 0.09543980658054352, 0.09846967458724976, 0.09005653858184814, 0.088145911693573, 0.0883798599243164, 0.18304041028022766, 0.1882058084011078], [0.12852253019809723, 0.12484615296125412, 0.13026711344718933, 0.21137559413909912, 0.19534045457839966, 0.18472929298877716, 0.09931357949972153, 0.09671350568532944, 0.10299995541572571, 0.12199412286281586, 0.1287393867969513, 0.13995394855737686, 0.09796439111232758, 0.09543980658054352, 0.09846967458724976, 0.09005653858184814, 0.088145911693573, 0.0883798599243164, 0.18304041028022766, 0.1882058084011078, 0.1828884482383728], [0.12852253019809723, 0.12484615296125412, 0.13026711344718933, 0.21137559413909912, 0.19534045457839966, 0.18472929298877716, 0.09931357949972153, 0.09671350568532944, 0.10299995541572571, 0.12199412286281586, 0.1287393867969513, 0.13995394855737686, 0.09796439111232758, 0.09543980658054352, 0.09846967458724976, 0.09005653858184814, 0.088145911693573, 0.0883798599243164, 0.18304041028022766, 0.1882058084011078, 0.1828884482383728, 0.09983251988887787], [0.12852253019809723, 0.12484615296125412, 0.13026711344718933, 0.21137559413909912, 0.19534045457839966, 0.18472929298877716, 0.09931357949972153, 0.09671350568532944, 0.10299995541572571, 0.12199412286281586, 0.1287393867969513, 0.13995394855737686, 0.09796439111232758, 0.09543980658054352, 0.09846967458724976, 0.09005653858184814, 0.088145911693573, 0.0883798599243164, 0.18304041028022766, 0.1882058084011078, 0.1828884482383728, 0.09983251988887787, 0.1138836219906807], [0.12852253019809723, 0.12484615296125412, 0.13026711344718933, 0.21137559413909912, 0.19534045457839966, 0.18472929298877716, 0.09931357949972153, 0.09671350568532944, 0.10299995541572571, 0.12199412286281586, 0.1287393867969513, 0.13995394855737686, 0.09796439111232758, 0.09543980658054352, 0.09846967458724976, 0.09005653858184814, 0.088145911693573, 0.0883798599243164, 0.18304041028022766, 0.1882058084011078, 0.1828884482383728, 0.09983251988887787, 0.1138836219906807, 0.11976869404315948], [0.12852253019809723, 0.12484615296125412, 0.13026711344718933, 0.21137559413909912, 0.19534045457839966, 0.18472929298877716, 0.09931357949972153, 0.09671350568532944, 0.10299995541572571, 0.12199412286281586, 0.1287393867969513, 0.13995394855737686, 0.09796439111232758, 0.09543980658054352, 0.09846967458724976, 0.09005653858184814, 0.088145911693573, 0.0883798599243164, 0.18304041028022766, 0.1882058084011078, 0.1828884482383728, 0.09983251988887787, 0.1138836219906807, 0.11976869404315948, 0.16120578348636627], [0.12852253019809723, 0.12484615296125412, 0.13026711344718933, 0.21137559413909912, 0.19534045457839966, 0.18472929298877716, 0.09931357949972153, 0.09671350568532944, 0.10299995541572571, 0.12199412286281586, 0.1287393867969513, 0.13995394855737686, 0.09796439111232758, 0.09543980658054352, 0.09846967458724976, 0.09005653858184814, 0.088145911693573, 0.0883798599243164, 0.18304041028022766, 0.1882058084011078, 0.1828884482383728, 0.09983251988887787, 0.1138836219906807, 0.11976869404315948, 0.16120578348636627, 0.16634663939476013], [0.12852253019809723, 0.12484615296125412, 0.13026711344718933, 0.21137559413909912, 0.19534045457839966, 0.18472929298877716, 0.09931357949972153, 0.09671350568532944, 0.10299995541572571, 0.12199412286281586, 0.1287393867969513, 0.13995394855737686, 0.09796439111232758, 0.09543980658054352, 0.09846967458724976, 0.09005653858184814, 0.088145911693573, 0.0883798599243164, 0.18304041028022766, 0.1882058084011078, 0.1828884482383728, 0.09983251988887787, 0.1138836219906807, 0.11976869404315948, 0.16120578348636627, 0.16634663939476013, 0.15707361698150635], [0.12852253019809723, 0.12484615296125412, 0.13026711344718933, 0.21137559413909912, 0.19534045457839966, 0.18472929298877716, 0.09931357949972153, 0.09671350568532944, 0.10299995541572571, 0.12199412286281586, 0.1287393867969513, 0.13995394855737686, 0.09796439111232758, 0.09543980658054352, 0.09846967458724976, 0.09005653858184814, 0.088145911693573, 0.0883798599243164, 0.18304041028022766, 0.1882058084011078, 0.1828884482383728, 0.09983251988887787, 0.1138836219906807, 0.11976869404315948, 0.16120578348636627, 0.16634663939476013, 0.15707361698150635, 0.1506015956401825], [0.12852253019809723, 0.12484615296125412, 0.13026711344718933, 0.21137559413909912, 0.19534045457839966, 0.18472929298877716, 0.09931357949972153, 0.09671350568532944, 0.10299995541572571, 0.12199412286281586, 0.1287393867969513, 0.13995394855737686, 0.09796439111232758, 0.09543980658054352, 0.09846967458724976, 0.09005653858184814, 0.088145911693573, 0.0883798599243164, 0.18304041028022766, 0.1882058084011078, 0.1828884482383728, 0.09983251988887787, 0.1138836219906807, 0.11976869404315948, 0.16120578348636627, 0.16634663939476013, 0.15707361698150635, 0.1506015956401825, 0.1412934958934784], [0.12852253019809723, 0.12484615296125412, 0.13026711344718933, 0.21137559413909912, 0.19534045457839966, 0.18472929298877716, 0.09931357949972153, 0.09671350568532944, 0.10299995541572571, 0.12199412286281586, 0.1287393867969513, 0.13995394855737686, 0.09796439111232758, 0.09543980658054352, 0.09846967458724976, 0.09005653858184814, 0.088145911693573, 0.0883798599243164, 0.18304041028022766, 0.1882058084011078, 0.1828884482383728, 0.09983251988887787, 0.1138836219906807, 0.11976869404315948, 0.16120578348636627, 0.16634663939476013, 0.15707361698150635, 0.1506015956401825, 0.1412934958934784, 0.14966097474098206]]
  eval_all_total_rate_num [[67382.8203125], [67382.8203125, 65455.33984375], [67382.8203125, 65455.33984375, 68297.484375], [67382.8203125, 65455.33984375, 68297.484375, 110821.6875], [67382.8203125, 65455.33984375, 68297.484375, 110821.6875, 102414.65625], [67382.8203125, 65455.33984375, 68297.484375, 110821.6875, 102414.65625, 96851.3515625], [67382.8203125, 65455.33984375, 68297.484375, 110821.6875, 102414.65625, 96851.3515625, 52068.91796875], [67382.8203125, 65455.33984375, 68297.484375, 110821.6875, 102414.65625, 96851.3515625, 52068.91796875, 50705.73046875], [67382.8203125, 65455.33984375, 68297.484375, 110821.6875, 102414.65625, 96851.3515625, 52068.91796875, 50705.73046875, 54001.640625], [67382.8203125, 65455.33984375, 68297.484375, 110821.6875, 102414.65625, 96851.3515625, 52068.91796875, 50705.73046875, 54001.640625, 63960.0546875], [67382.8203125, 65455.33984375, 68297.484375, 110821.6875, 102414.65625, 96851.3515625, 52068.91796875, 50705.73046875, 54001.640625, 63960.0546875, 67496.515625], [67382.8203125, 65455.33984375, 68297.484375, 110821.6875, 102414.65625, 96851.3515625, 52068.91796875, 50705.73046875, 54001.640625, 63960.0546875, 67496.515625, 73376.17578125], [67382.8203125, 65455.33984375, 68297.484375, 110821.6875, 102414.65625, 96851.3515625, 52068.91796875, 50705.73046875, 54001.640625, 63960.0546875, 67496.515625, 73376.17578125, 51361.5546875], [67382.8203125, 65455.33984375, 68297.484375, 110821.6875, 102414.65625, 96851.3515625, 52068.91796875, 50705.73046875, 54001.640625, 63960.0546875, 67496.515625, 73376.17578125, 51361.5546875, 50037.9453125], [67382.8203125, 65455.33984375, 68297.484375, 110821.6875, 102414.65625, 96851.3515625, 52068.91796875, 50705.73046875, 54001.640625, 63960.0546875, 67496.515625, 73376.17578125, 51361.5546875, 50037.9453125, 51626.46875], [67382.8203125, 65455.33984375, 68297.484375, 110821.6875, 102414.65625, 96851.3515625, 52068.91796875, 50705.73046875, 54001.640625, 63960.0546875, 67496.515625, 73376.17578125, 51361.5546875, 50037.9453125, 51626.46875, 47215.5625], [67382.8203125, 65455.33984375, 68297.484375, 110821.6875, 102414.65625, 96851.3515625, 52068.91796875, 50705.73046875, 54001.640625, 63960.0546875, 67496.515625, 73376.17578125, 51361.5546875, 50037.9453125, 51626.46875, 47215.5625, 46213.84375], [67382.8203125, 65455.33984375, 68297.484375, 110821.6875, 102414.65625, 96851.3515625, 52068.91796875, 50705.73046875, 54001.640625, 63960.0546875, 67496.515625, 73376.17578125, 51361.5546875, 50037.9453125, 51626.46875, 47215.5625, 46213.84375, 46336.5], [67382.8203125, 65455.33984375, 68297.484375, 110821.6875, 102414.65625, 96851.3515625, 52068.91796875, 50705.73046875, 54001.640625, 63960.0546875, 67496.515625, 73376.17578125, 51361.5546875, 50037.9453125, 51626.46875, 47215.5625, 46213.84375, 46336.5, 95965.890625], [67382.8203125, 65455.33984375, 68297.484375, 110821.6875, 102414.65625, 96851.3515625, 52068.91796875, 50705.73046875, 54001.640625, 63960.0546875, 67496.515625, 73376.17578125, 51361.5546875, 50037.9453125, 51626.46875, 47215.5625, 46213.84375, 46336.5, 95965.890625, 98674.046875], [67382.8203125, 65455.33984375, 68297.484375, 110821.6875, 102414.65625, 96851.3515625, 52068.91796875, 50705.73046875, 54001.640625, 63960.0546875, 67496.515625, 73376.17578125, 51361.5546875, 50037.9453125, 51626.46875, 47215.5625, 46213.84375, 46336.5, 95965.890625, 98674.046875, 95886.21875], [67382.8203125, 65455.33984375, 68297.484375, 110821.6875, 102414.65625, 96851.3515625, 52068.91796875, 50705.73046875, 54001.640625, 63960.0546875, 67496.515625, 73376.17578125, 51361.5546875, 50037.9453125, 51626.46875, 47215.5625, 46213.84375, 46336.5, 95965.890625, 98674.046875, 95886.21875, 52340.9921875], [67382.8203125, 65455.33984375, 68297.484375, 110821.6875, 102414.65625, 96851.3515625, 52068.91796875, 50705.73046875, 54001.640625, 63960.0546875, 67496.515625, 73376.17578125, 51361.5546875, 50037.9453125, 51626.46875, 47215.5625, 46213.84375, 46336.5, 95965.890625, 98674.046875, 95886.21875, 52340.9921875, 59707.81640625], [67382.8203125, 65455.33984375, 68297.484375, 110821.6875, 102414.65625, 96851.3515625, 52068.91796875, 50705.73046875, 54001.640625, 63960.0546875, 67496.515625, 73376.17578125, 51361.5546875, 50037.9453125, 51626.46875, 47215.5625, 46213.84375, 46336.5, 95965.890625, 98674.046875, 95886.21875, 52340.9921875, 59707.81640625, 62793.2890625], [67382.8203125, 65455.33984375, 68297.484375, 110821.6875, 102414.65625, 96851.3515625, 52068.91796875, 50705.73046875, 54001.640625, 63960.0546875, 67496.515625, 73376.17578125, 51361.5546875, 50037.9453125, 51626.46875, 47215.5625, 46213.84375, 46336.5, 95965.890625, 98674.046875, 95886.21875, 52340.9921875, 59707.81640625, 62793.2890625, 84518.2578125], [67382.8203125, 65455.33984375, 68297.484375, 110821.6875, 102414.65625, 96851.3515625, 52068.91796875, 50705.73046875, 54001.640625, 63960.0546875, 67496.515625, 73376.17578125, 51361.5546875, 50037.9453125, 51626.46875, 47215.5625, 46213.84375, 46336.5, 95965.890625, 98674.046875, 95886.21875, 52340.9921875, 59707.81640625, 62793.2890625, 84518.2578125, 87213.546875], [67382.8203125, 65455.33984375, 68297.484375, 110821.6875, 102414.65625, 96851.3515625, 52068.91796875, 50705.73046875, 54001.640625, 63960.0546875, 67496.515625, 73376.17578125, 51361.5546875, 50037.9453125, 51626.46875, 47215.5625, 46213.84375, 46336.5, 95965.890625, 98674.046875, 95886.21875, 52340.9921875, 59707.81640625, 62793.2890625, 84518.2578125, 87213.546875, 82351.8125], [67382.8203125, 65455.33984375, 68297.484375, 110821.6875, 102414.65625, 96851.3515625, 52068.91796875, 50705.73046875, 54001.640625, 63960.0546875, 67496.515625, 73376.17578125, 51361.5546875, 50037.9453125, 51626.46875, 47215.5625, 46213.84375, 46336.5, 95965.890625, 98674.046875, 95886.21875, 52340.9921875, 59707.81640625, 62793.2890625, 84518.2578125, 87213.546875, 82351.8125, 78958.609375], [67382.8203125, 65455.33984375, 68297.484375, 110821.6875, 102414.65625, 96851.3515625, 52068.91796875, 50705.73046875, 54001.640625, 63960.0546875, 67496.515625, 73376.17578125, 51361.5546875, 50037.9453125, 51626.46875, 47215.5625, 46213.84375, 46336.5, 95965.890625, 98674.046875, 95886.21875, 52340.9921875, 59707.81640625, 62793.2890625, 84518.2578125, 87213.546875, 82351.8125, 78958.609375, 74078.484375], [67382.8203125, 65455.33984375, 68297.484375, 110821.6875, 102414.65625, 96851.3515625, 52068.91796875, 50705.73046875, 54001.640625, 63960.0546875, 67496.515625, 73376.17578125, 51361.5546875, 50037.9453125, 51626.46875, 47215.5625, 46213.84375, 46336.5, 95965.890625, 98674.046875, 95886.21875, 52340.9921875, 59707.81640625, 62793.2890625, 84518.2578125, 87213.546875, 82351.8125, 78958.609375, 74078.484375, 78465.453125]]
---------------------------------
