image_name,mask_type,wsmse_tag,swhdc_tag,erp_padding,lambda_rate,train_psnr,train_rate_bpp,train_rate_bits,eval_psnr,eval_wsssim,eval_y_rate_bpp,eval_y_rate_bits,eval_mlp_rate_bpp,eval_mlp_rate_bits,eval_arm_rate_bpp,eval_arm_rate_bits,eval_conv_rate_bpp,eval_conv_rate_bits,eval_border_rate_bpp,eval_border_rate_bits,eval_total_rate_bpp,eval_total_rate_bits,total_steps_1,total_steps_2
othim01,full,0,0,1,0.007,28.363606107804838,0.12099944055080414,63438.5546875,28.350644038535375,0.7923572063446045,0.12171495705842972,63813.69140625,0.018083572387695312,9481.0,0.007890701293945312,4137.0,0.0093536376953125,4904.0,0.0,0,0.13979852944612503,73294.69140625,5000,1000
othim02,full,0,0,1,0.007,28.265316820887723,0.12166740745306015,63788.76171875,28.23918843719947,0.7877206802368164,0.12285591661930084,64411.8828125,0.018228530883789062,9557.0,0.007913589477539062,4149.0,0.009469985961914062,4965.0,0.0,0,0.1410844475030899,73968.8828125,5000,1000
othim03,full,0,0,1,0.007,28.003773574676046,0.12317807972431183,64580.7890625,27.971924486590478,0.7803952693939209,0.12388518452644348,64951.515625,0.0178070068359375,9336.0,0.00794219970703125,4164.0,0.008893966674804688,4663.0,0.0,0,0.14169219136238098,74287.515625,5000,1000
othim04,full,0,0,1,0.007,25.400919592920804,0.2606263756752014,136643.28125,25.39193085221756,0.7320448756217957,0.2611444294452667,136914.890625,0.019399642944335938,10171.0,0.0090484619140625,4744.0,0.00936126708984375,4908.0,0.0,0,0.28054407238960266,147085.890625,5000,1000
othim05,full,0,0,1,0.007,26.265676850174543,0.20222792029380798,106025.671875,26.24941705860375,0.7237088680267334,0.20248302817344666,106159.421875,0.01947021484375,10208.0,0.009130477905273438,4787.0,0.009490966796875,4976.0,0.0,0,0.22195324301719666,116367.421875,5000,1000
othim06,full,0,0,1,0.007,26.437387578562635,0.2076173573732376,108851.2890625,26.43013834146913,0.7415225505828857,0.20847773551940918,109302.375,0.0183868408203125,9640.0,0.007928848266601562,4157.0,0.00946807861328125,4964.0,0.0,0,0.22686457633972168,118942.375,5000,1000
othim07,full,0,0,1,0.007,29.431712143419034,0.10068366676568985,52787.23828125,29.377241361483254,0.8520148992538452,0.10163939744234085,53288.31640625,0.016855239868164062,8837.0,0.0077381134033203125,4057.0,0.008258819580078125,4330.0,0.0,0,0.11849463731050491,62125.31640625,5000,1000
othim08,full,0,0,1,0.007,29.72097386303196,0.09071034938097,47558.34765625,29.712212317994155,0.8523436784744263,0.09115142375230789,47789.59765625,0.019212722778320312,10073.0,0.0079193115234375,4152.0,0.010457992553710938,5483.0,0.0,0,0.1103641465306282,57862.59765625,5000,1000
othim09,full,0,0,1,0.007,29.574631740139164,0.10036743432283401,52621.44140625,29.547952060197137,0.852662980556488,0.1013396680355072,53131.171875,0.018045425415039062,9461.0,0.007833480834960938,4107.0,0.009344100952148438,4899.0,0.0,0,0.11938509345054626,62592.171875,5000,1000
othim10,full,0,0,1,0.007,28.585050447794277,0.09176325798034668,48110.375,28.560608363898137,0.74400395154953,0.09303233027458191,48775.734375,0.017801284790039062,9333.0,0.007886886596679688,4135.0,0.009044647216796875,4742.0,0.0,0,0.11083361506462097,58108.734375,5000,1000
othim11,full,0,0,1,0.007,28.21213065006225,0.09718386828899384,50952.3359375,28.19585598363531,0.73576819896698,0.09756498038768768,51152.1484375,0.019504547119140625,10226.0,0.008937835693359375,4686.0,0.009613037109375,5040.0,0.0,0,0.11706952750682831,61378.1484375,5000,1000
othim12,full,0,0,1,0.007,27.8514940415723,0.11069108545780182,58034.0078125,27.849302934154,0.7341112494468689,0.1111140102148056,58255.7421875,0.01934051513671875,10140.0,0.007862091064453125,4122.0,0.010492324829101562,5501.0,0.0,0,0.13045452535152435,68395.7421875,5000,1000
othim13,full,0,0,1,0.007,29.384512246961283,0.0981423556804657,51454.859375,29.364496680666985,0.838692307472229,0.0986647978425026,51728.76953125,0.01805877685546875,9468.0,0.007930755615234375,4158.0,0.00943756103515625,4948.0,0.0,0,0.11672357469797134,61196.76953125,5000,1000
othim14,full,0,0,1,0.007,29.387792214747495,0.09563323110342026,50139.35546875,29.36867069792287,0.8406022787094116,0.09683869779109955,50771.3671875,0.018184661865234375,9534.0,0.007928848266601562,4157.0,0.009431838989257812,4945.0,0.0,0,0.11502335965633392,60305.3671875,5000,1000
othim15,full,0,0,1,0.007,29.315141971810522,0.10417830944061279,54619.4375,29.296930588007882,0.840959906578064,0.1056581437587738,55395.296875,0.017261505126953125,9050.0,0.006900787353515625,3618.0,0.00962066650390625,5044.0,0.0,0,0.12291964888572693,64445.296875,5000,1000
othim16,full,0,0,1,0.007,29.879872979994573,0.0900358036160469,47204.69140625,29.868903604424787,0.854928195476532,0.09065651148557663,47530.12109375,0.018068313598632812,9473.0,0.007875442504882812,4129.0,0.009368896484375,4912.0,0.0,0,0.10872482508420944,57003.12109375,5000,1000
othim17,full,0,0,1,0.007,29.809448357412293,0.09097155183553696,47695.29296875,29.786808635684906,0.8525426387786865,0.09172236919403076,48088.9375,0.01802825927734375,9452.0,0.007976531982421875,4182.0,0.00922393798828125,4836.0,0.0,0,0.10975062847137451,57540.9375,5000,1000
othim18,full,0,0,1,0.007,30.06888279937051,0.08716698735952377,45700.60546875,30.028243275466775,0.8567914366722107,0.08727134764194489,45755.3203125,0.0189666748046875,9944.0,0.008852005004882812,4641.0,0.009283065795898438,4867.0,0.0,0,0.10623802244663239,55699.3203125,5000,1000
othim19,full,0,0,1,0.007,26.525181315568798,0.2098858505487442,110040.6328125,26.514293608310567,0.7612196207046509,0.21076640486717224,110502.296875,0.018247604370117188,9567.0,0.00809478759765625,4244.0,0.009305953979492188,4879.0,0.0,0,0.22901400923728943,120069.296875,5000,1000
othim20,full,0,0,1,0.007,26.401193022431404,0.20320484042167664,106537.859375,26.391500107078617,0.7546584010124207,0.20386068522930145,106881.7109375,0.018457412719726562,9677.0,0.007928848266601562,4157.0,0.009675979614257812,5073.0,0.0,0,0.22231809794902802,116558.7109375,5000,1000
othim21,full,0,0,1,0.007,26.35373030082596,0.20715445280075073,108608.59375,26.327642704610838,0.7562446594238281,0.20791399478912354,109006.8125,0.017229080200195312,9033.0,0.007993698120117188,4191.0,0.00850677490234375,4460.0,0.0,0,0.22514307498931885,118039.8125,5000,1000
othim22,full,0,0,1,0.007,29.22313272171721,0.1122724711894989,58863.109375,29.188166347948528,0.8394486308097839,0.11326584219932556,59383.921875,0.018079757690429688,9479.0,0.00778961181640625,4084.0,0.009197235107421875,4822.0,0.0,0,0.13134559988975525,68862.921875,5000,1000
othim23,full,0,0,1,0.007,28.71564016407432,0.11598777770996094,60811.0,28.691421599833177,0.819019079208374,0.11650561541318893,61082.49609375,0.019222259521484375,10078.0,0.008810043334960938,4619.0,0.009429931640625,4944.0,0.0,0,0.1357278749346733,71160.49609375,5000,1000
othim24,full,0,0,1,0.007,27.43152391076093,0.1489786058664322,78107.6953125,27.414908583430385,0.8087100982666016,0.1494692713022232,78364.9453125,0.017919540405273438,9395.0,0.007839202880859375,4110.0,0.009220123291015625,4834.0,0.0,0,0.16738881170749664,87759.9453125,5000,1000
othim25,full,0,0,1,0.007,26.038999657203608,0.23687171936035156,124189.0,26.02801433342663,0.7837232351303101,0.2381121814250946,124839.359375,0.018398284912109375,9646.0,0.007894515991210938,4139.0,0.009527206420898438,4995.0,0.0,0,0.256510466337204,134485.359375,5000,1000
othim26,full,0,0,1,0.007,25.82563716786146,0.22695669531822205,118990.671875,25.81626531715327,0.7832180857658386,0.22713309526443481,119083.15625,0.019573211669921875,10262.0,0.009012222290039062,4725.0,0.00957489013671875,5020.0,0.0,0,0.2467063069343567,129345.15625,5000,1000
othim27,full,0,0,1,0.007,26.41040343486146,0.1864878386259079,97773.3359375,26.395098587702094,0.761867880821228,0.18699896335601807,98041.3125,0.018108367919921875,9494.0,0.007904052734375,4144.0,0.009355545043945312,4905.0,0.0,0,0.20510733127593994,107535.3125,5000,1000
othim28,full,0,0,1,0.007,26.515218826027752,0.16376277804374695,85858.859375,26.50680844986118,0.7692358493804932,0.1654546856880188,86745.90625,0.017488479614257812,9169.0,0.0069293975830078125,3633.0,0.009464263916015625,4962.0,0.0,0,0.1829431653022766,95914.90625,5000,1000
othim29,full,0,0,1,0.007,26.941700775845337,0.1633288711309433,85631.3671875,26.913392260199192,0.7773345708847046,0.16355156898498535,85748.125,0.018423080444335938,9659.0,0.008953094482421875,4694.0,0.00850677490234375,4460.0,0.0,0,0.1819746494293213,95407.125,5000,1000
othim30,full,0,0,1,0.007,26.547975026067785,0.17588835954666138,92216.15625,26.53063136996227,0.7761256098747253,0.17804011702537537,93344.296875,0.016973495483398438,8899.0,0.0068149566650390625,3573.0,0.009199142456054688,4823.0,0.0,0,0.1950136125087738,102243.296875,5000,1000
othim01,full,0,0,1,0.015,26.65755479396677,0.06346537917852402,33274.13671875,26.620058653122868,0.7247481346130371,0.06401500850915909,33562.30078125,0.017242431640625,9040.0,0.0079803466796875,4184.0,0.008409500122070312,4409.0,0.0,0,0.08125744014978409,42602.30078125,5000,1000
othim02,full,0,0,1,0.015,26.65055702068614,0.067176453769207,35219.80859375,26.64309842252551,0.7241390943527222,0.06741820275783539,35346.5546875,0.019453048706054688,10199.0,0.009033203125,4736.0,0.009443283081054688,4951.0,0.0,0,0.08687125146389008,45545.5546875,5000,1000
othim03,full,0,0,1,0.015,26.521103163073064,0.06375554203987122,33426.265625,26.500546404012443,0.717839241027832,0.06444889307022095,33789.78125,0.017932891845703125,9402.0,0.007963180541992188,4175.0,0.009113311767578125,4778.0,0.0,0,0.08238178491592407,43191.78125,5000,1000
othim04,full,0,0,1,0.015,23.856699056883468,0.14769355952739716,77433.9609375,23.841211038528826,0.6249243021011353,0.14808784425258636,77640.6796875,0.017114639282226562,8973.0,0.007894515991210938,4139.0,0.008493423461914062,4453.0,0.0,0,0.16520248353481293,86613.6796875,5000,1000
othim05,full,0,0,1,0.015,24.820789381457413,0.11501073092222214,60298.74609375,24.811290573106067,0.6372413039207458,0.11715102940797806,61420.87890625,0.017246246337890625,9042.0,0.0069580078125,3648.0,0.009328842163085938,4891.0,0.0,0,0.13439727574586868,70462.87890625,5000,1000
othim06,full,0,0,1,0.015,24.899906441098036,0.12057170271873474,63214.296875,24.891885892578326,0.6540915369987488,0.12109529972076416,63488.8125,0.018314361572265625,9602.0,0.007961273193359375,4174.0,0.009487152099609375,4974.0,0.0,0,0.13940966129302979,73090.8125,5000,1000
othim07,full,0,0,1,0.015,27.754645521938173,0.06038698926568031,31660.173828125,27.703734325215823,0.8089086413383484,0.06079823896288872,31875.787109375,0.018018722534179688,9447.0,0.009016036987304688,4727.0,0.008251190185546875,4326.0,0.0,0,0.0788169614970684,41322.787109375,5000,1000
othim08,full,0,0,1,0.015,28.131829912606417,0.05083061009645462,26649.87890625,28.081350717873338,0.8134764432907104,0.05157306790351868,27039.140625,0.01789093017578125,9380.0,0.007894515991210938,4139.0,0.009370803833007812,4913.0,0.0,0,0.06946399807929993,36419.140625,5000,1000
othim09,full,0,0,1,0.015,27.803317438754508,0.05570308864116669,29204.4609375,27.751275020014617,0.8040962219238281,0.05586765706539154,29290.7421875,0.018329620361328125,9610.0,0.009052276611328125,4746.0,0.0084228515625,4416.0,0.0,0,0.07419727742671967,38900.7421875,5000,1000
othim10,full,0,0,1,0.015,27.25488950286254,0.04446439445018768,23312.1484375,27.211710974082987,0.6941249370574951,0.04530408978462219,23752.390625,0.017164230346679688,8999.0,0.007925033569335938,4155.0,0.00836944580078125,4388.0,0.0,0,0.06246832013130188,32751.390625,5000,1000
othim11,full,0,0,1,0.015,26.79505375720055,0.0472584068775177,24777.015625,26.75521280852419,0.6731781363487244,0.04813576489686966,25237.00390625,0.017337799072265625,9090.0,0.007877349853515625,4130.0,0.008472442626953125,4442.0,0.0,0,0.06547356396913528,34327.00390625,5000,1000
othim12,full,0,0,1,0.015,26.446281126769843,0.058484092354774475,30662.5078125,26.42264421333577,0.6685358285903931,0.05941563472151756,31150.904296875,0.017110824584960938,8971.0,0.008008956909179688,4199.0,0.008090972900390625,4242.0,0.0,0,0.0765264593064785,40121.904296875,5000,1000
othim13,full,0,0,1,0.015,27.69448048176761,0.05670584365725517,29730.193359375,27.654280946516298,0.7938493490219116,0.05728359892964363,30033.103515625,0.016664505004882812,8737.0,0.0077056884765625,4040.0,0.008241653442382812,4321.0,0.0,0,0.07394810393452644,38770.103515625,5000,1000
othim14,full,0,0,1,0.015,27.6513687039858,0.0571877658367157,29982.859375,27.612682694677023,0.7950959205627441,0.05763917416334152,30219.52734375,0.017131805419921875,8982.0,0.008087158203125,4240.0,0.008081436157226562,4237.0,0.0,0,0.0747709795832634,39201.52734375,5000,1000
othim15,full,0,0,1,0.015,27.585175691325873,0.05831339210271835,30573.01171875,27.557595704845358,0.79539555311203,0.05909329280257225,30981.904296875,0.0172882080078125,9064.0,0.008039474487304688,4215.0,0.008527755737304688,4471.0,0.0,0,0.07638150081038475,40045.904296875,5000,1000
othim16,full,0,0,1,0.015,28.33286371014965,0.053229160606861115,27907.41015625,28.266976373185987,0.8231682777404785,0.053526997566223145,28063.5625,0.016918182373046875,8870.0,0.008001327514648438,4195.0,0.008184432983398438,4291.0,0.0,0,0.07044517993927002,36933.5625,5000,1000
othim17,full,0,0,1,0.015,28.250019332764822,0.05276399478316307,27663.529296875,28.20516495333798,0.8197040557861328,0.054096903651952744,28362.357421875,0.016145706176757812,8465.0,0.0068302154541015625,3581.0,0.008592605590820312,4505.0,0.0,0,0.07024260982871056,36827.357421875,5000,1000
othim18,full,0,0,1,0.015,28.360391359757838,0.05354398488998413,28072.46875,28.309938606366558,0.8212039470672607,0.05379558354616165,28204.37890625,0.017042160034179688,8935.0,0.007837295532226562,4109.0,0.00835418701171875,4380.0,0.0,0,0.07083774358034134,37139.37890625,5000,1000
othim19,full,0,0,1,0.015,24.840882227694816,0.11552825570106506,60570.078125,24.82425108029608,0.6716007590293884,0.11762148141860962,61667.53125,0.01627349853515625,8532.0,0.006938934326171875,3638.0,0.008474349975585938,4443.0,0.0,0,0.13389497995376587,70199.53125,5000,1000
othim20,full,0,0,1,0.015,24.743260794858,0.11717748641967773,61434.75,24.7209765036185,0.6644694209098816,0.1179504245519638,61839.9921875,0.017429351806640625,9138.0,0.007871627807617188,4127.0,0.00856781005859375,4492.0,0.0,0,0.13537977635860443,70977.9921875,5000,1000
othim21,full,0,0,1,0.015,24.683261940901644,0.11796969920396805,61850.09765625,24.67498202229447,0.6645247936248779,0.11908143758773804,62432.96875,0.018236160278320312,9561.0,0.0080413818359375,4216.0,0.009464263916015625,4962.0,0.0,0,0.13731759786605835,71993.96875,5000,1000
othim22,full,0,0,1,0.015,27.57851128734716,0.06751881539821625,35399.3046875,27.549912124953693,0.8025512099266052,0.06796622276306152,35633.875,0.019418716430664062,10181.0,0.008863449096679688,4647.0,0.009607315063476562,5037.0,0.0,0,0.08738493919372559,45814.875,5000,1000
othim23,full,0,0,1,0.015,27.04874584505694,0.0630059689283371,33033.2734375,27.002896479455558,0.7624313235282898,0.06408332288265228,33598.1171875,0.01738739013671875,9116.0,0.007978439331054688,4183.0,0.00843048095703125,4420.0,0.0,0,0.08147071301937103,42714.1171875,5000,1000
othim24,full,0,0,1,0.015,25.990468884188598,0.08644662797451019,45322.9296875,25.964812021465878,0.7422001361846924,0.08700986206531525,45618.2265625,0.01808929443359375,9484.0,0.0077648162841796875,4071.0,0.009469985961914062,4965.0,0.0,0,0.105099156498909,55102.2265625,5000,1000
othim25,full,0,0,1,0.015,24.34043450123026,0.13523292541503906,70901.0,24.302627572884102,0.7135169506072998,0.13646399974822998,71546.4375,0.017152786254882812,8993.0,0.007831573486328125,4106.0,0.008600234985351562,4509.0,0.0,0,0.1536167860031128,80539.4375,5000,1000
othim26,full,0,0,1,0.015,24.245944911787504,0.14025558531284332,73534.3203125,24.23411481624031,0.7159258127212524,0.14101150631904602,73930.640625,0.018095016479492188,9487.0,0.0080413818359375,4216.0,0.009069442749023438,4755.0,0.0,0,0.1591065227985382,83417.640625,5000,1000
othim27,full,0,0,1,0.015,24.927011113483246,0.10894742608070374,57119.828125,24.91370870770177,0.695311427116394,0.10936976224184036,57341.25390625,0.017185211181640625,9010.0,0.007974624633789062,4181.0,0.008371353149414062,4389.0,0.0,0,0.126554973423481,66351.25390625,5000,1000
othim28,full,0,0,1,0.015,25.19096785615926,0.09502813220024109,49822.109375,25.16286425131275,0.702268123626709,0.095713771879673,50181.58203125,0.01697540283203125,8900.0,0.007947921752929688,4167.0,0.008176803588867188,4287.0,0.0,0,0.11268917471170425,59081.58203125,5000,1000
othim29,full,0,0,1,0.015,25.51236270550741,0.09430868923664093,49444.9140625,25.472102899528124,0.7088884115219116,0.09454633295536041,49569.5078125,0.017215728759765625,9026.0,0.007984161376953125,4186.0,0.008375167846679688,4391.0,0.0,0,0.11176206171512604,58595.5078125,5000,1000
othim30,full,0,0,1,0.015,25.127373360534097,0.09865910559892654,51725.78515625,25.120782707624613,0.7076177000999451,0.10078968107700348,52842.8203125,0.016942977905273438,8883.0,0.006931304931640625,3634.0,0.009153366088867188,4799.0,0.0,0,0.11773265898227692,61725.8203125,5000,1000
othim01,full,0,1,1,0.007,28.241517961917918,0.12061864137649536,63238.90625,28.201939810588396,0.788831889629364,0.1216295063495636,63768.890625,0.018404006958007812,9649.0,0.00785064697265625,4116.0,0.00970458984375,5088.0,0.0,0,0.1400335133075714,73417.890625,5000,1000
othim02,full,0,1,1,0.007,28.288470078712844,0.12069609016180038,63279.51171875,28.247701231563997,0.7887138724327087,0.12143968045711517,63669.3671875,0.018341064453125,9616.0,0.007904052734375,4144.0,0.009607315063476562,5037.0,0.0,0,0.13978074491024017,73285.3671875,5000,1000
othim03,full,0,1,1,0.007,28.012035259656244,0.1205020397901535,63177.7734375,27.98452532371743,0.7793327569961548,0.12145198881626129,63675.8203125,0.017974853515625,9424.0,0.0077877044677734375,4083.0,0.009454727172851562,4957.0,0.0,0,0.1394268423318863,73099.8203125,5000,1000
othim04,full,0,1,1,0.007,25.287427814928506,0.25426265597343445,133306.859375,25.279236874246184,0.7254394292831421,0.25454893708229065,133456.953125,0.020868301391601562,10941.0,0.009023666381835938,4731.0,0.010980606079101562,5757.0,0.0,0,0.2754172384738922,144397.953125,5000,1000
othim05,full,0,1,1,0.007,26.272716688828258,0.20376363396644592,106830.828125,26.262458259803907,0.7258131504058838,0.20453156530857086,107233.4453125,0.019296646118164062,10117.0,0.007886886596679688,4135.0,0.010433197021484375,5470.0,0.0,0,0.22382821142673492,117350.4453125,5000,1000
othim06,full,0,1,1,0.007,26.391938392837705,0.2072855830192566,108677.34375,26.387837039999383,0.7377855181694031,0.20779791474342346,108945.953125,0.022203445434570312,11641.0,0.008878707885742188,4655.0,0.012327194213867188,6463.0,0.0,0,0.23000136017799377,120586.953125,5000,1000
othim07,full,0,1,1,0.007,29.201690189756665,0.10327397286891937,54145.3046875,29.13315183338551,0.8503566980361938,0.10434184968471527,54705.1796875,0.018388748168945312,9641.0,0.008026123046875,4208.0,0.00939178466796875,4924.0,0.0,0,0.12273059785366058,64346.1796875,5000,1000
othim08,full,0,1,1,0.007,29.615181704946107,0.08924857527017593,46791.95703125,29.583714730801365,0.8513064384460449,0.0899670422077179,47168.640625,0.019466400146484375,10206.0,0.0078277587890625,4104.0,0.010793685913085938,5659.0,0.0,0,0.10943344235420227,57374.640625,5000,1000
othim09,full,0,1,1,0.007,29.44765886682592,0.09465090185403824,49624.33203125,29.39562719702585,0.8497316837310791,0.09493876993656158,49775.2578125,0.019746780395507812,10353.0,0.009120941162109375,4782.0,0.009664535522460938,5067.0,0.0,0,0.1146855503320694,60128.2578125,5000,1000
othim10,full,0,1,1,0.007,28.646731281315166,0.09029801189899445,47342.1640625,28.635866144734578,0.7471153140068054,0.09147486090660095,47959.171875,0.020435333251953125,10714.0,0.007904052734375,4144.0,0.011554718017578125,6058.0,0.0,0,0.11191019415855408,58673.171875,5000,1000
othim11,full,0,1,1,0.007,28.191215903390333,0.09636488556861877,50522.953125,28.170307106969403,0.734760046005249,0.09809323400259018,51429.10546875,0.018310546875,9600.0,0.0068111419677734375,3571.0,0.01064300537109375,5580.0,0.0,0,0.11640378087759018,61029.10546875,5000,1000
othim12,full,0,1,1,0.007,27.825505667808216,0.11440466344356537,59980.9921875,27.809893968353354,0.7351340055465698,0.1151919886469841,60393.77734375,0.019193649291992188,10063.0,0.007829666137695312,4105.0,0.010486602783203125,5498.0,0.0,0,0.1343856379389763,70456.77734375,5000,1000
othim13,full,0,1,1,0.007,29.286449352506253,0.09607812762260437,50372.609375,29.25662313618925,0.8390473127365112,0.0973680317401886,51048.890625,0.019542694091796875,10246.0,0.007825851440429688,4103.0,0.010999679565429688,5767.0,0.0,0,0.11691072583198547,61294.890625,5000,1000
othim14,full,0,1,1,0.007,29.25357804034253,0.10082831978797913,52863.078125,29.21261651282642,0.8360999822616577,0.1011171042919159,53014.484375,0.017545700073242188,9199.0,0.007740020751953125,4058.0,0.008829116821289062,4629.0,0.0,0,0.11866280436515808,62213.484375,5000,1000
othim15,full,0,1,1,0.007,29.294362318393315,0.10063958168029785,52764.125,29.277129485263686,0.8403439521789551,0.10241730511188507,53696.1640625,0.018529891967773438,9715.0,0.0068149566650390625,3573.0,0.011005401611328125,5770.0,0.0,0,0.12094719707965851,63411.1640625,5000,1000
othim16,full,0,1,1,0.007,29.92682939841373,0.09032990038394928,47358.8828125,29.910610578499412,0.854915976524353,0.09054259955883026,47470.3984375,0.020334243774414062,10661.0,0.008947372436523438,4691.0,0.01044464111328125,5476.0,0.0,0,0.11087684333324432,58131.3984375,5000,1000
othim17,full,0,1,1,0.007,29.822209629115523,0.0911349207162857,47780.9453125,29.783148364863735,0.8552669286727905,0.09188111126422882,48172.1640625,0.019094467163085938,10011.0,0.007938385009765625,4162.0,0.010326385498046875,5414.0,0.0,0,0.11097557842731476,58183.1640625,5000,1000
othim18,full,0,1,1,0.007,29.660701886043014,0.09251424670219421,48504.109375,29.646684039574748,0.8518872261047363,0.09282256662845612,48665.7578125,0.020353317260742188,10671.0,0.008930206298828125,4682.0,0.0104522705078125,5480.0,0.0,0,0.1131758838891983,59336.7578125,5000,1000
othim19,full,0,1,1,0.007,26.396044822314234,0.20886638760566711,109506.140625,26.37182835041231,0.7567674517631531,0.20929281413555145,109729.7109375,0.018825531005859375,9870.0,0.008945465087890625,4690.0,0.009038925170898438,4739.0,0.0,0,0.22811834514141083,119599.7109375,5000,1000
othim20,full,0,1,1,0.007,26.213215407253347,0.20393666625022888,106921.546875,26.204951998497176,0.7495688199996948,0.20426839590072632,107095.46875,0.020521163940429688,10759.0,0.008884429931640625,4658.0,0.010784149169921875,5654.0,0.0,0,0.224789559841156,117854.46875,5000,1000
othim21,full,0,1,1,0.007,26.218687302024545,0.20889298617839813,109520.0859375,26.19963083311295,0.7524632811546326,0.21033185720443726,110274.46875,0.0185699462890625,9736.0,0.007905960083007812,4145.0,0.009916305541992188,5199.0,0.0,0,0.22890180349349976,120010.46875,5000,1000
othim22,full,0,1,1,0.007,29.260708866641338,0.10983066260814667,57582.8984375,29.235031668278936,0.8394250869750977,0.11013087630271912,57740.296875,0.021411895751953125,11226.0,0.00881195068359375,4620.0,0.011735916137695312,6153.0,0.0,0,0.13154277205467224,68966.296875,5000,1000
othim23,full,0,1,1,0.007,28.74187741150955,0.11760952323675156,61661.26171875,28.715186682513163,0.82039874792099,0.11810934543609619,61923.3125,0.020664215087890625,10834.0,0.008991241455078125,4714.0,0.010808944702148438,5667.0,0.0,0,0.13877356052398682,72757.3125,5000,1000
othim24,full,0,1,1,0.007,27.410355813290874,0.14553405344486237,76301.7578125,27.387033913826055,0.8067173361778259,0.1459784060716629,76534.7265625,0.020708084106445312,10857.0,0.008890151977539062,4661.0,0.010847091674804688,5687.0,0.0,0,0.16668649017810822,87391.7265625,5000,1000
othim25,full,0,1,1,0.007,25.88669172979716,0.22942258417606354,120283.5078125,25.874347521066795,0.7803040742874146,0.2297198474407196,120439.359375,0.020685195922851562,10845.0,0.008907318115234375,4670.0,0.010801315307617188,5663.0,0.0,0,0.25040504336357117,131284.359375,5000,1000
othim26,full,0,1,1,0.007,26.001172962686937,0.23620353639125824,123838.6796875,25.98310838981159,0.7852832674980164,0.23717597126960754,124348.515625,0.020763397216796875,10886.0,0.008947372436523438,4691.0,0.010824203491210938,5675.0,0.0,0,0.2579393684864044,135234.515625,5000,1000
othim27,full,0,1,1,0.007,26.46265590052099,0.18833935260772705,98744.0625,26.44516301303092,0.7641991376876831,0.18880116939544678,98986.1875,0.020566940307617188,10783.0,0.008913040161132812,4673.0,0.010675430297851562,5597.0,0.0,0,0.20936810970306396,109769.1875,5000,1000
othim28,full,0,1,1,0.007,26.631379990031462,0.17165464162826538,89996.46875,26.60779952774742,0.7751731872558594,0.17227092385292053,90319.578125,0.018390655517578125,9642.0,0.007900238037109375,4142.0,0.009517669677734375,4990.0,0.0,0,0.19066157937049866,99961.578125,5000,1000
othim29,full,0,1,1,0.007,26.850524772312045,0.16241680085659027,85153.1796875,26.825630465958493,0.7743412852287292,0.1631620228290558,85543.890625,0.018659591674804688,9783.0,0.007963180541992188,4175.0,0.009748458862304688,5111.0,0.0,0,0.18182161450386047,95326.890625,5000,1000
othim30,full,0,1,1,0.007,26.58116006124962,0.17521540820598602,91863.3359375,26.57077502634225,0.7781950235366821,0.17652566730976105,92550.2890625,0.019535064697265625,10242.0,0.008092880249023438,4243.0,0.010601043701171875,5558.0,0.0,0,0.19606073200702667,102792.2890625,5000,1000
othim01,full,0,1,1,0.015,26.607504800563902,0.06571845710277557,34455.3984375,26.585962249738156,0.7234309911727905,0.06637084484100342,34797.4375,0.018049240112304688,9463.0,0.007890701293945312,4137.0,0.009309768676757812,4881.0,0.0,0,0.0844200849533081,44260.4375,5000,1000
othim02,full,0,1,1,0.015,26.636655457849503,0.06598708033561707,34596.234375,26.623259742954037,0.721930205821991,0.06774603575468063,35518.43359375,0.019201278686523438,10067.0,0.007099151611328125,3722.0,0.011247634887695312,5897.0,0.0,0,0.08694731444120407,45585.43359375,5000,1000
othim03,full,0,1,1,0.015,26.54762588864192,0.06531039625406265,34241.45703125,26.539719005865834,0.7170312404632568,0.06578948348760605,34492.63671875,0.019435882568359375,10190.0,0.007869720458984375,4126.0,0.010717391967773438,5619.0,0.0,0,0.08522536605596542,44682.63671875,5000,1000
othim04,full,0,1,1,0.015,23.81333696326873,0.14639584720134735,76753.5859375,23.810375084743608,0.6214848160743713,0.14742311835289001,77292.171875,0.019903182983398438,10435.0,0.008022308349609375,4206.0,0.0108795166015625,5704.0,0.0,0,0.16732630133628845,87727.171875,5000,1000
othim05,full,0,1,1,0.015,24.78546119586649,0.11314854770898819,59322.42578125,24.754937944134166,0.6333979964256287,0.11359007656574249,59553.9140625,0.018390655517578125,9642.0,0.00815582275390625,4276.0,0.00939178466796875,4924.0,0.0,0,0.13198073208332062,69195.9140625,5000,1000
othim06,full,0,1,1,0.015,24.93989692819183,0.11990733444690704,62865.9765625,24.91345145735829,0.65411376953125,0.12036778777837753,63107.38671875,0.018220901489257812,9553.0,0.00794219970703125,4164.0,0.009408950805664062,4933.0,0.0,0,0.13858868926763535,72660.38671875,5000,1000
othim07,full,0,1,1,0.015,27.86613953656301,0.062172554433345795,32596.32421875,27.83755335520272,0.8109641075134277,0.0631316527724266,33099.16796875,0.019243240356445312,10089.0,0.00807952880859375,4236.0,0.010427474975585938,5467.0,0.0,0,0.08237489312887192,43188.16796875,5000,1000
othim08,full,0,1,1,0.015,28.074225745779525,0.05242535099387169,27485.982421875,28.062734296046017,0.8117661476135254,0.0532541424036026,27920.5078125,0.019611358642578125,10282.0,0.008007049560546875,4198.0,0.010747909545898438,5635.0,0.0,0,0.07286550104618073,38202.5078125,5000,1000
othim09,full,0,1,1,0.015,27.84277792862784,0.061032094061374664,31998.39453125,27.780693669043274,0.8051255941390991,0.06170075386762619,32348.96484375,0.018316268920898438,9603.0,0.0078125,4096.0,0.00975799560546875,5116.0,0.0,0,0.08001702278852463,41951.96484375,5000,1000
othim10,full,0,1,1,0.015,27.30999058636729,0.04582687467336655,24026.48046875,27.281198383945423,0.6975698471069336,0.04633322358131409,24291.953125,0.018995285034179688,9959.0,0.0077228546142578125,4049.0,0.010530471801757812,5521.0,0.0,0,0.06532850861549377,34250.953125,5000,1000
othim11,full,0,1,1,0.015,26.80723851136202,0.04388254135847092,23007.08984375,26.79074996560089,0.6746508479118347,0.04497691988945007,23580.859375,0.0196990966796875,10328.0,0.007701873779296875,4038.0,0.011138916015625,5840.0,0.0,0,0.06467601656913757,33908.859375,5000,1000
othim12,full,0,1,1,0.015,26.38045380179699,0.053282611072063446,27935.43359375,26.363790573728693,0.6640138030052185,0.05384458974003792,28230.072265625,0.019519805908203125,10234.0,0.00792694091796875,4156.0,0.010816574096679688,5671.0,0.0,0,0.07336439564824104,38464.072265625,5000,1000
othim13,full,0,1,1,0.015,27.566457239724965,0.05721764639019966,29998.525390625,27.499621924229547,0.7920207977294922,0.05784964561462402,30329.875,0.018140792846679688,9511.0,0.0077610015869140625,4069.0,0.009771347045898438,5123.0,0.0,0,0.07599043846130371,39840.875,5000,1000
othim14,full,0,1,1,0.015,27.583318218482493,0.05760852247476578,30203.45703125,27.52027205771128,0.7914834022521973,0.05843345448374748,30635.958984375,0.018121719360351562,9501.0,0.0077800750732421875,4079.0,0.009494781494140625,4978.0,0.0,0,0.07655517384409904,40136.958984375,5000,1000
othim15,full,0,1,1,0.015,27.643870705447025,0.05874036252498627,30796.8671875,27.603536831871423,0.7955207228660583,0.05909763276576996,30984.1796875,0.018568038940429688,9735.0,0.008083343505859375,4238.0,0.009626388549804688,5047.0,0.0,0,0.07766567170619965,40719.1796875,5000,1000
othim16,full,0,1,1,0.015,28.242666770437594,0.05349835753440857,28048.546875,28.18759904500945,0.820659875869751,0.05375366285443306,28182.400390625,0.019060134887695312,9993.0,0.008802413940429688,4615.0,0.009416580200195312,4937.0,0.0,0,0.07281379774212837,38175.400390625,5000,1000
othim17,full,0,1,1,0.015,28.315661499704447,0.05253947526216507,27545.81640625,28.2704057374131,0.8213133215904236,0.05323752015829086,27911.79296875,0.018217086791992188,9551.0,0.0079803466796875,4184.0,0.0093841552734375,4920.0,0.0,0,0.07145460695028305,37462.79296875,5000,1000
othim18,full,0,1,1,0.015,28.31312965723308,0.05269782990217209,27628.83984375,28.24539478855306,0.8204572200775146,0.05293658375740051,27754.015625,0.0181732177734375,9528.0,0.007907867431640625,4146.0,0.009552001953125,5008.0,0.0,0,0.07110980153083801,37282.015625,5000,1000
othim19,full,0,1,1,0.015,24.85784368661543,0.11775664985179901,61738.3984375,24.836988847056443,0.6720490455627441,0.11856472492218018,62162.0625,0.018491744995117188,9695.0,0.007974624633789062,4181.0,0.009662628173828125,5066.0,0.0,0,0.13705646991729736,71857.0625,5000,1000
othim20,full,0,1,1,0.015,24.77680611731395,0.11613358557224274,60887.4453125,24.755029615607814,0.6652389168739319,0.11727666854858398,61486.75,0.018634796142578125,9770.0,0.008005142211914062,4197.0,0.00977325439453125,5124.0,0.0,0,0.1359114646911621,71256.75,5000,1000
othim21,full,0,1,1,0.015,24.74792749699668,0.11968056857585907,62747.0859375,24.726270108932436,0.6679226160049438,0.11981761455535889,62818.9375,0.019338607788085938,10139.0,0.009044647216796875,4742.0,0.009553909301757812,5009.0,0.0,0,0.13915622234344482,72957.9375,5000,1000
othim22,full,0,1,1,0.015,27.79448653362971,0.06872355937957764,36030.9375,27.766998886688114,0.8050267100334167,0.06977350264787674,36581.41015625,0.0195159912109375,10232.0,0.0078125,4096.0,0.01085662841796875,5692.0,0.0,0,0.08928949385881424,46813.41015625,5000,1000
othim23,full,0,1,1,0.015,27.041504225295444,0.06723122298717499,35248.5234375,27.02711132671952,0.7609259486198425,0.06758207827806473,35432.47265625,0.020563125610351562,10781.0,0.008947372436523438,4691.0,0.010728836059570312,5625.0,0.0,0,0.08814520388841629,46213.47265625,5000,1000
othim24,full,0,1,1,0.015,25.8877441558418,0.08048179745674133,42195.640625,25.828146908781502,0.7365515232086182,0.0814778208732605,42717.84375,0.018365859985351562,9629.0,0.0079193115234375,4152.0,0.009593963623046875,5030.0,0.0,0,0.09984368085861206,52346.84375,5000,1000
othim25,full,0,1,1,0.015,24.372775159551253,0.13652195036411285,71576.8203125,24.36011410151869,0.715973973274231,0.1372048407793045,71934.8515625,0.020067214965820312,10521.0,0.008090972900390625,4242.0,0.011127471923828125,5834.0,0.0,0,0.15727205574512482,82455.8515625,5000,1000
othim26,full,0,1,1,0.015,24.320037649053393,0.1371842622756958,71924.0625,24.29102311060619,0.7150310277938843,0.1380096673965454,72356.8125,0.018589019775390625,9746.0,0.008159637451171875,4278.0,0.009450912475585938,4955.0,0.0,0,0.15659868717193604,82102.8125,5000,1000
othim27,full,0,1,1,0.015,24.84666439111845,0.10915334522724152,57227.7890625,24.821630913201783,0.692080020904541,0.11040405184030533,57883.51953125,0.018268585205078125,9578.0,0.00812530517578125,4260.0,0.009288787841796875,4870.0,0.0,0,0.12867263704538345,67461.51953125,5000,1000
othim28,full,0,1,1,0.015,25.161816552937392,0.09583164751529694,50243.3828125,25.13919510872307,0.7025045156478882,0.09659688174724579,50644.5859375,0.01862335205078125,9764.0,0.008144378662109375,4270.0,0.00974273681640625,5108.0,0.0,0,0.11522023379802704,60408.5859375,5000,1000
othim29,full,0,1,1,0.015,25.438818057013588,0.0917396992444992,48098.0234375,25.43355876911963,0.7072634696960449,0.09214292466640472,48309.4296875,0.019361495971679688,10151.0,0.008115768432617188,4255.0,0.010419845581054688,5463.0,0.0,0,0.11150442063808441,58460.4296875,5000,1000
othim30,full,0,1,1,0.015,25.09628518988936,0.09841866791248322,51599.7265625,25.053632054640392,0.7036257982254028,0.09987540543079376,52363.4765625,0.017107009887695312,8969.0,0.006946563720703125,3642.0,0.009538650512695312,5001.0,0.0,0,0.11698241531848907,61332.4765625,5000,1000
othim01,full,1,0,1,0.007,28.726919742019714,0.1316622793674469,69028.953125,28.716171592450817,0.8040523529052734,0.132271409034729,69348.3125,0.019260406494140625,10098.0,0.00798797607421875,4188.0,0.010425567626953125,5466.0,0.0,0,0.15153181552886963,79446.3125,5000,1000
othim02,full,1,0,1,0.007,28.68520687327974,0.1325492262840271,69493.96875,28.66584352218041,0.8015174269676208,0.13294942677021027,69703.7890625,0.01935577392578125,10148.0,0.009019851684570312,4729.0,0.009378433227539062,4917.0,0.0,0,0.15230520069599152,79851.7890625,5000,1000
othim03,full,1,0,1,0.007,28.608211779377125,0.1320207566022873,69216.8984375,28.536409780841364,0.7976328730583191,0.1322888433933258,69357.453125,0.018329620361328125,9610.0,0.008941650390625,4688.0,0.0085296630859375,4472.0,0.0,0,0.15061846375465393,78967.453125,5000,1000
othim04,full,1,0,1,0.007,26.09207109348004,0.2951028347015381,154718.875,26.08475039078725,0.7564041614532471,0.29554325342178345,154949.78125,0.019582748413085938,10267.0,0.0089874267578125,4712.0,0.009487152099609375,4974.0,0.0,0,0.3151260018348694,165216.78125,5000,1000
othim05,full,1,0,1,0.007,26.677278994302366,0.2202027440071106,115449.65625,26.67230896378362,0.74878990650177,0.22053790092468262,115625.375,0.0202789306640625,10632.0,0.00894927978515625,4692.0,0.010351181030273438,5427.0,0.0,0,0.24081683158874512,126257.375,5000,1000
othim06,full,1,0,1,0.007,26.72785669227404,0.21807238459587097,114332.734375,26.71183652775054,0.7554485201835632,0.21866419911384583,114643.015625,0.01837158203125,9632.0,0.00814056396484375,4268.0,0.009359359741210938,4907.0,0.0,0,0.23703578114509583,124275.015625,5000,1000
othim07,full,1,0,1,0.007,30.60537577506255,0.12216030806303024,64047.18359375,30.583808714972076,0.8714609146118164,0.12251608073711395,64233.7109375,0.019237518310546875,10086.0,0.008878707885742188,4655.0,0.009534835815429688,4999.0,0.0,0,0.14175359904766083,74319.7109375,5000,1000
othim08,full,1,0,1,0.007,30.456476369551314,0.10546785593032837,55295.53125,30.440659483803273,0.8644025325775146,0.10641629993915558,55792.7890625,0.019260406494140625,10098.0,0.007823944091796875,4102.0,0.01061248779296875,5564.0,0.0,0,0.1256767064332962,65890.7890625,5000,1000
othim09,full,1,0,1,0.007,30.15540403038149,0.11695617437362671,61318.71875,30.11069323243466,0.8608849048614502,0.11708973348140717,61388.7421875,0.01830291748046875,9596.0,0.008977890014648438,4707.0,0.008502960205078125,4458.0,0.0,0,0.13539265096187592,70984.7421875,5000,1000
othim10,full,1,0,1,0.007,29.102595840585252,0.11002978682518005,57687.296875,29.09697158879843,0.7694782018661499,0.11097685992717743,58183.8359375,0.018917083740234375,9918.0,0.007747650146484375,4062.0,0.010183334350585938,5339.0,0.0,0,0.1298939436674118,68101.8359375,5000,1000
othim11,full,1,0,1,0.007,28.769184849467006,0.11692925542593002,61304.60546875,28.757935484889078,0.7631860971450806,0.11778029799461365,61750.796875,0.018329620361328125,9610.0,0.008008956909179688,4199.0,0.009355545043945312,4905.0,0.0,0,0.13610991835594177,71360.796875,5000,1000
othim12,full,1,0,1,0.007,28.251087063726697,0.12659084796905518,66370.0625,28.246050323512264,0.755757212638855,0.1272740364074707,66728.25,0.01934814453125,10144.0,0.007936477661132812,4161.0,0.010433197021484375,5470.0,0.0,0,0.1466221809387207,76872.25,5000,1000
othim13,full,1,0,1,0.007,30.03917377843294,0.11075735092163086,58068.75,30.01645591243444,0.8523737788200378,0.11229977756738663,58877.42578125,0.01806640625,9472.0,0.007989883422851562,4189.0,0.009235382080078125,4842.0,0.0,0,0.13036618381738663,68349.42578125,5000,1000
othim14,full,1,0,1,0.007,30.151152034386566,0.11217945069074631,58814.33984375,30.127364563860553,0.8555259108543396,0.11321194469928741,59355.6640625,0.018232345581054688,9559.0,0.008005142211914062,4197.0,0.009405136108398438,4931.0,0.0,0,0.1314442902803421,68914.6640625,5000,1000
othim15,full,1,0,1,0.007,29.871305473598806,0.11531756818294525,60459.6171875,29.85879827652126,0.8519291877746582,0.11562556773424149,60621.09765625,0.019048690795898438,9987.0,0.009014129638671875,4726.0,0.009197235107421875,4822.0,0.0,0,0.13467425853013992,70608.09765625,5000,1000
othim16,full,1,0,1,0.007,30.424382901112335,0.09950641542673111,52170.01953125,30.401223147430994,0.866466224193573,0.09997820854187012,52417.375,0.018949508666992188,9935.0,0.008874893188476562,4653.0,0.0092620849609375,4856.0,0.0,0,0.1189277172088623,62352.375,5000,1000
othim17,full,1,0,1,0.007,30.42207632535423,0.09778277575969696,51266.3359375,30.406795436643137,0.8663057684898376,0.09860717505216599,51698.55859375,0.018047332763671875,9462.0,0.007894515991210938,4139.0,0.00945281982421875,4956.0,0.0,0,0.11665450781583786,61160.55859375,5000,1000
othim18,full,1,0,1,0.007,30.508377555522667,0.09815477579832077,51461.37109375,30.495134788759866,0.8669180870056152,0.09904278814792633,51926.9453125,0.018842697143554688,9879.0,0.0077667236328125,4072.0,0.010251998901367188,5375.0,0.0,0,0.11788548529148102,61805.9453125,5000,1000
othim19,full,1,0,1,0.007,27.025792515741813,0.23024997115135193,120717.296875,27.017030465163298,0.7764524817466736,0.23140139877796173,121320.9765625,0.018306732177734375,9598.0,0.00809478759765625,4244.0,0.009246826171875,4848.0,0.0,0,0.2497081309556961,130918.9765625,5000,1000
othim20,full,1,0,1,0.007,26.625101481866125,0.21466311812400818,112545.296875,26.61133426934678,0.7663962244987488,0.21503272652626038,112739.078125,0.018220901489257812,9553.0,0.00778961181640625,4084.0,0.009580612182617188,5023.0,0.0,0,0.2332536280155182,122292.078125,5000,1000
othim21,full,1,0,1,0.007,26.9591720147853,0.2331799566745758,122253.453125,26.949144548036884,0.7752546072006226,0.23396998643875122,122667.65625,0.0182647705078125,9576.0,0.00786590576171875,4124.0,0.00955963134765625,5012.0,0.0,0,0.2522347569465637,132243.65625,5000,1000
othim22,full,1,0,1,0.007,29.902731620552146,0.12678033113479614,66469.40625,29.869294468878007,0.8489982485771179,0.12753817439079285,66866.734375,0.017864227294921875,9366.0,0.0077838897705078125,4081.0,0.009241104125976562,4845.0,0.0,0,0.14540240168571472,76232.734375,5000,1000
othim23,full,1,0,1,0.007,29.272605634306984,0.13065874576568604,68502.8125,29.243769663362144,0.8378738164901733,0.13137733936309814,68879.5625,0.019182205200195312,10057.0,0.008890151977539062,4661.0,0.009439468383789062,4949.0,0.0,0,0.15055954456329346,78936.5625,5000,1000
othim24,full,1,0,1,0.007,27.741917905514338,0.16108696162700653,84455.9609375,27.710536064012246,0.8202542662620544,0.16202937066555023,84950.0546875,0.017955780029296875,9414.0,0.007883071899414062,4133.0,0.009220123291015625,4834.0,0.0,0,0.1799851506948471,94364.0546875,5000,1000
othim25,full,1,0,1,0.007,26.900114372080335,0.27500295639038086,144180.75,26.88046851644133,0.8022294044494629,0.2755052447319031,144444.09375,0.018390655517578125,9642.0,0.007848739624023438,4115.0,0.009822845458984375,5150.0,0.0,0,0.2938959002494812,154086.09375,5000,1000
othim26,full,1,0,1,0.007,26.956086829347097,0.2822083830833435,147958.46875,26.943012132682515,0.8034664392471313,0.28323113918304443,148494.6875,0.018423080444335938,9659.0,0.007823944091796875,4102.0,0.00962066650390625,5044.0,0.0,0,0.30165421962738037,158153.6875,5000,1000
othim27,full,1,0,1,0.007,27.329779297151404,0.22544719278812408,118199.2578125,27.314118331150013,0.7864395380020142,0.22643262147903442,118715.90625,0.018304824829101562,9597.0,0.007877349853515625,4130.0,0.009588241577148438,5027.0,0.0,0,0.244737446308136,128312.90625,5000,1000
othim28,full,1,0,1,0.007,27.16721409094427,0.1984492838382721,104044.578125,27.153225843222135,0.795412540435791,0.19871284067630768,104182.7578125,0.018978118896484375,9950.0,0.008985519409179688,4711.0,0.0092620849609375,4856.0,0.0,0,0.21769095957279205,114132.7578125,5000,1000
othim29,full,1,0,1,0.007,27.327254360269993,0.17663997411727905,92610.21875,27.320848928635836,0.7943381071090698,0.17803606390953064,93342.171875,0.018465042114257812,9681.0,0.007999420166015625,4194.0,0.0095367431640625,5000.0,0.0,0,0.19650110602378845,103023.171875,5000,1000
othim30,full,1,0,1,0.007,27.015776405206832,0.20192694664001465,105867.875,27.005097295206394,0.7958077192306519,0.20298174023628235,106420.890625,0.0182647705078125,9576.0,0.007877349853515625,4130.0,0.009420394897460938,4939.0,0.0,0,0.22124651074409485,115996.890625,5000,1000
othim01,full,1,0,1,0.015,27.247458400498612,0.07734782248735428,40552.53515625,27.235308400666202,0.7481367588043213,0.07958805561065674,41727.0625,0.01753997802734375,9196.0,0.0072345733642578125,3793.0,0.009469985961914062,4965.0,0.0,0,0.09712803363800049,50923.0625,5000,1000
othim02,full,1,0,1,0.015,27.268222537075925,0.0795220136642456,41692.4375,27.224594821423114,0.7488080859184265,0.0796947181224823,41782.984375,0.0181732177734375,9528.0,0.0091400146484375,4792.0,0.008319854736328125,4362.0,0.0,0,0.0978679358959198,51310.984375,5000,1000
othim03,full,1,0,1,0.015,27.147129161021905,0.0747213214635849,39175.4921875,27.0887590930805,0.7408126592636108,0.07583314180374146,39758.40625,0.017393112182617188,9119.0,0.007946014404296875,4166.0,0.008596420288085938,4507.0,0.0,0,0.09322625398635864,48877.40625,5000,1000
othim04,full,1,0,1,0.015,24.152216734667757,0.15855345129966736,83127.671875,24.136634021230545,0.6493887901306152,0.1600123643875122,83892.5625,0.016984939575195312,8905.0,0.0077362060546875,4056.0,0.008264541625976562,4333.0,0.0,0,0.17699730396270752,92797.5625,5000,1000
othim05,full,1,0,1,0.015,25.181962233660936,0.12393476068973541,64977.5078125,25.143176277294362,0.6585638523101807,0.12483437359333038,65449.1640625,0.018564224243164062,9733.0,0.009035110473632812,4737.0,0.008670806884765625,4546.0,0.0,0,0.14339859783649445,75182.1640625,5000,1000
othim06,full,1,0,1,0.015,25.255219654819047,0.12527841329574585,65681.96875,25.23010288564498,0.6726469993591309,0.12574341893196106,65925.765625,0.017030715942382812,8929.0,0.0079803466796875,4184.0,0.00830841064453125,4356.0,0.0,0,0.14277413487434387,74854.765625,5000,1000
othim07,full,1,0,1,0.015,28.795596810573116,0.0729605108499527,38252.3203125,28.76711018234224,0.8349860906600952,0.07306598126888275,38307.6171875,0.01924896240234375,10092.0,0.008932113647460938,4683.0,0.00945281982421875,4956.0,0.0,0,0.0923149436712265,48399.6171875,5000,1000
othim08,full,1,0,1,0.015,28.941821658344022,0.06550805270671844,34345.0859375,28.919321031668918,0.8293687701225281,0.06592923402786255,34565.90625,0.01828765869140625,9588.0,0.007867813110351562,4125.0,0.0095672607421875,5016.0,0.0,0,0.0842168927192688,44153.90625,5000,1000
othim09,full,1,0,1,0.015,28.66715542137862,0.0693894624710083,36380.0625,28.62535625839924,0.8251798152923584,0.07119494676589966,37326.65625,0.017152786254882812,8993.0,0.006988525390625,3664.0,0.009441375732421875,4950.0,0.0,0,0.08834773302078247,46319.65625,5000,1000
othim10,full,1,0,1,0.015,27.78619133063712,0.05674505978822708,29750.75390625,27.769801677331618,0.7154499292373657,0.057624995708465576,30212.09375,0.019239425659179688,10087.0,0.008985519409179688,4711.0,0.009256362915039062,4853.0,0.0,0,0.07686442136764526,40299.09375,5000,1000
othim11,full,1,0,1,0.015,27.041052415508698,0.05505625903606415,28865.3359375,26.99736464160244,0.685225248336792,0.05596904456615448,29343.8984375,0.016996383666992188,8911.0,0.007936477661132812,4161.0,0.008310317993164062,4357.0,0.0,0,0.07296542823314667,38254.8984375,5000,1000
othim12,full,1,0,1,0.015,26.75370756153391,0.06149272993206978,32239.900390625,26.708544734259107,0.684393048286438,0.06258144974708557,32810.703125,0.015665054321289062,8213.0,0.006877899169921875,3606.0,0.008058547973632812,4225.0,0.0,0,0.07824650406837463,41023.703125,5000,1000
othim13,full,1,0,1,0.015,28.599049077827377,0.07187728583812714,37684.3984375,28.573266992176674,0.8190388679504395,0.07281196117401123,38174.4375,0.018114089965820312,9497.0,0.008039474487304688,4215.0,0.009225845336914062,4837.0,0.0,0,0.09092605113983154,47671.4375,5000,1000
othim14,full,1,0,1,0.015,28.526501620327505,0.0704445093870163,36933.2109375,28.486939547934625,0.8179624080657959,0.07137645781040192,37421.8203125,0.017002105712890625,8914.0,0.007867813110351562,4125.0,0.008291244506835938,4347.0,0.0,0,0.08837856352329254,46335.8203125,5000,1000
othim15,full,1,0,1,0.015,28.46192891980237,0.07228671759366989,37899.05859375,28.438013698646966,0.8177824020385742,0.0729668140411377,38255.625,0.018152236938476562,9517.0,0.007991790771484375,4190.0,0.009328842163085938,4891.0,0.0,0,0.09111905097961426,47772.625,5000,1000
othim16,full,1,0,1,0.015,29.093639495013765,0.06194694712758064,32478.041015625,29.021659739401333,0.8376346826553345,0.06231743097305298,32672.28125,0.016998291015625,8912.0,0.00789642333984375,4140.0,0.008270263671875,4336.0,0.0,0,0.07931572198867798,41584.28125,5000,1000
othim17,full,1,0,1,0.015,28.976659597995553,0.06551116704940796,34346.71875,28.922430722200858,0.8365333080291748,0.0666176825761795,34926.8515625,0.017015457153320312,8921.0,0.00791168212890625,4148.0,0.008251190185546875,4326.0,0.0,0,0.08363313972949982,43847.8515625,5000,1000
othim18,full,1,0,1,0.015,29.038645580493053,0.059970833361148834,31441.98828125,28.98322676443061,0.8367437720298767,0.06052309274673462,31731.53125,0.017154693603515625,8994.0,0.0078887939453125,4136.0,0.00853729248046875,4476.0,0.0,0,0.07767778635025024,40725.53125,5000,1000
othim19,full,1,0,1,0.015,25.226204359855505,0.12195196747779846,63937.953125,25.19964480399054,0.6884070634841919,0.12281876802444458,64392.40625,0.018299102783203125,9594.0,0.009016036987304688,4727.0,0.008428573608398438,4419.0,0.0,0,0.1411178708076477,73986.40625,5000,1000
othim20,full,1,0,1,0.015,25.08875204900909,0.12210538238286972,64018.38671875,25.063336140644555,0.6803568601608276,0.1235257014632225,64763.04296875,0.016199111938476562,8493.0,0.0067596435546875,3544.0,0.00833892822265625,4372.0,0.0,0,0.13972481340169907,73256.04296875,5000,1000
othim21,full,1,0,1,0.015,25.035680488447166,0.12639933824539185,66269.65625,25.009076178709602,0.6845220327377319,0.12705963850021362,66615.84375,0.017461776733398438,9155.0,0.0081024169921875,4248.0,0.008480072021484375,4446.0,0.0,0,0.14452141523361206,75770.84375,5000,1000
othim22,full,1,0,1,0.015,28.405304242678906,0.0761827602982521,39941.70703125,28.385546629250857,0.818159282207489,0.07633770257234573,40022.94140625,0.01946258544921875,10204.0,0.009160995483398438,4803.0,0.009447097778320312,4953.0,0.0,0,0.09580028802156448,50226.94140625,5000,1000
othim23,full,1,0,1,0.015,27.746762678678824,0.07719667255878448,40473.2890625,27.6706467275403,0.7844977378845215,0.07745429873466492,40608.359375,0.018016815185546875,9446.0,0.009006500244140625,4722.0,0.008174896240234375,4286.0,0.0,0,0.09547111392021179,50054.359375,5000,1000
othim24,full,1,0,1,0.015,26.34087611722673,0.08904005587100983,46682.6328125,26.32056834847477,0.7626258730888367,0.08969664573669434,47026.875,0.017765045166015625,9314.0,0.007816314697265625,4098.0,0.009222030639648438,4835.0,0.0,0,0.10746169090270996,56340.875,5000,1000
othim25,full,1,0,1,0.015,24.776249653367614,0.15330809354782104,80377.59375,24.765710492361563,0.7301315069198608,0.1535004824399948,80478.4609375,0.019456863403320312,10201.0,0.008975982666015625,4706.0,0.009511947631835938,4987.0,0.0,0,0.17295734584331512,90679.4609375,5000,1000
othim26,full,1,0,1,0.015,24.73348921269628,0.15590867400169373,81741.046875,24.71390325790414,0.7310032248497009,0.1563364863395691,81965.34375,0.0182647705078125,9576.0,0.009046554565429688,4743.0,0.008371353149414062,4389.0,0.0,0,0.1746012568473816,91541.34375,5000,1000
othim27,full,1,0,1,0.015,25.513037663898572,0.1260998696088791,66112.6484375,25.50281301967171,0.7213802337646484,0.12658117711544037,66364.9921875,0.018243789672851562,9565.0,0.007883071899414062,4133.0,0.00951385498046875,4988.0,0.0,0,0.14482496678829193,75929.9921875,5000,1000
othim28,full,1,0,1,0.015,25.50351922264956,0.10109861940145493,53004.79296875,25.48863923615613,0.7185456156730652,0.10167250037193298,53305.671875,0.017612457275390625,9234.0,0.008113861083984375,4254.0,0.008525848388671875,4470.0,0.0,0,0.11928495764732361,62539.671875,5000,1000
othim29,full,1,0,1,0.015,25.749300199772964,0.09616288542747498,50417.046875,25.72300122938239,0.7219847440719604,0.09676264971494675,50731.49609375,0.017292022705078125,9066.0,0.007913589477539062,4149.0,0.008520126342773438,4467.0,0.0,0,0.11405467242002487,59797.49609375,5000,1000
othim30,full,1,0,1,0.015,25.430647393894144,0.10685481131076813,56022.6953125,25.390863330331484,0.7223226428031921,0.10820390284061432,56730.0078125,0.015958786010742188,8367.0,0.0069293975830078125,3633.0,0.008192062377929688,4295.0,0.0,0,0.1241626888513565,65097.0078125,5000,1000
othim01,full,1,1,1,0.007,28.685272534372604,0.13117623329162598,68774.125,28.639371491987614,0.8040410876274109,0.13232827186584473,69378.125,0.018270492553710938,9579.0,0.00786590576171875,4124.0,0.0096893310546875,5080.0,0.0,0,0.15059876441955566,78957.125,5000,1000
othim02,full,1,1,1,0.007,28.73816740859853,0.1322144865989685,69318.46875,28.720931582367992,0.8024489283561707,0.1325845718383789,69512.5,0.020870208740234375,10942.0,0.009000778198242188,4719.0,0.010927200317382812,5729.0,0.0,0,0.15345478057861328,80454.5,5000,1000
othim03,full,1,1,1,0.007,28.58448181660513,0.135494202375412,71037.984375,28.559213398716253,0.7971734404563904,0.13584372401237488,71221.234375,0.020578384399414062,10789.0,0.008823394775390625,4626.0,0.01079559326171875,5660.0,0.0,0,0.15642210841178894,82010.234375,5000,1000
othim04,full,1,1,1,0.007,26.089491165471852,0.2987065315246582,156608.25,26.076156436163398,0.7555104494094849,0.29936492443084717,156953.4375,0.020498275756835938,10747.0,0.0088958740234375,4664.0,0.01087188720703125,5700.0,0.0,0,0.3198632001876831,167700.4375,5000,1000
othim05,full,1,1,1,0.007,26.785809910371032,0.21553738415241241,113003.6640625,26.772594978608755,0.7519582509994507,0.21640247106552124,113457.21875,0.020257949829101562,10621.0,0.008922576904296875,4678.0,0.0104827880859375,5496.0,0.0,0,0.2366604208946228,124078.21875,5000,1000
othim06,full,1,1,1,0.007,26.96823816868377,0.2284979522228241,119798.734375,26.939284605925213,0.7573062777519226,0.2290499359369278,120088.1328125,0.020692825317382812,10849.0,0.009038925170898438,4739.0,0.010669708251953125,5594.0,0.0,0,0.2497427612543106,130937.1328125,5000,1000
othim07,full,1,1,1,0.007,30.0891489380714,0.11447501182556152,60017.875,30.061368667977618,0.8641074895858765,0.11521902680397034,60407.953125,0.02060699462890625,10804.0,0.009069442749023438,4755.0,0.010692596435546875,5606.0,0.0,0,0.1358260214328766,71211.953125,5000,1000
othim08,full,1,1,1,0.007,30.400353218280923,0.10486231744289398,54978.0546875,30.342660097764213,0.8646664619445801,0.10516894608736038,55138.81640625,0.020921707153320312,10969.0,0.008983612060546875,4710.0,0.011095046997070312,5817.0,0.0,0,0.1260906532406807,66107.81640625,5000,1000
othim09,full,1,1,1,0.007,30.113734669131343,0.11314915120601654,59322.7421875,30.05117105494685,0.8591386675834656,0.11345801502466202,59484.67578125,0.02071380615234375,10860.0,0.0098419189453125,5160.0,0.010026931762695312,5257.0,0.0,0,0.13417182117700577,70344.67578125,5000,1000
othim10,full,1,1,1,0.007,29.06003874016415,0.11094893515110016,58169.1953125,29.038126809679017,0.770526111125946,0.11139637976884842,58403.78515625,0.019308090209960938,10123.0,0.007886886596679688,4135.0,0.010438919067382812,5473.0,0.0,0,0.13070446997880936,68526.78515625,5000,1000
othim11,full,1,1,1,0.007,28.69083443664266,0.11545512080192566,60531.734375,28.676618650428438,0.7604894638061523,0.11634323000907898,60997.359375,0.019908905029296875,10438.0,0.0078125,4096.0,0.011125564575195312,5833.0,0.0,0,0.13625213503837585,71435.359375,5000,1000
othim12,full,1,1,1,0.007,28.234666934130896,0.12817615270614624,67201.21875,28.2227846132933,0.7565338015556335,0.12883028388023376,67544.171875,0.021633148193359375,11342.0,0.008916854858398438,4675.0,0.011732101440429688,6151.0,0.0,0,0.15046343207359314,78886.171875,5000,1000
othim13,full,1,1,1,0.007,30.06170467218604,0.1062055304646492,55682.28515625,30.03760866995117,0.8553928136825562,0.10626473277807236,55713.32421875,0.02237701416015625,11732.0,0.010219573974609375,5358.0,0.011318206787109375,5934.0,0.0,0,0.1286417469382286,67445.32421875,5000,1000
othim14,full,1,1,1,0.007,30.022090794242747,0.11287948489189148,59181.359375,29.998075297239268,0.8526320457458496,0.11386491358280182,59698.0078125,0.019260406494140625,10098.0,0.00797271728515625,4180.0,0.010560989379882812,5537.0,0.0,0,0.13312532007694244,69796.0078125,5000,1000
othim15,full,1,1,1,0.007,29.814007487981936,0.1122829020023346,58868.578125,29.793035767884845,0.8510926961898804,0.11312206089496613,59308.5390625,0.019464492797851562,10205.0,0.007894515991210938,4139.0,0.010730743408203125,5626.0,0.0,0,0.1325865536928177,69513.5390625,5000,1000
othim16,full,1,1,1,0.007,30.36885769733046,0.09941720962524414,52123.25,30.34420507908555,0.8646769523620605,0.0998714491724968,52361.40234375,0.020254135131835938,10619.0,0.00888824462890625,4660.0,0.010425567626953125,5466.0,0.0,0,0.12012558430433273,62980.40234375,5000,1000
othim17,full,1,1,1,0.007,30.453831228949127,0.0969391018152237,50824.0078125,30.432956338734474,0.8675618171691895,0.097134530544281,50926.46875,0.020746231079101562,10877.0,0.008932113647460938,4683.0,0.010869979858398438,5699.0,0.0,0,0.11788076162338257,61803.46875,5000,1000
othim18,full,1,1,1,0.007,30.50736183539227,0.09640191495418549,50542.3671875,30.48845972557095,0.866921603679657,0.09757241606712341,51156.046875,0.019329071044921875,10134.0,0.0078029632568359375,4091.0,0.010702133178710938,5611.0,0.0,0,0.11690148711204529,61290.046875,5000,1000
othim19,full,1,1,1,0.007,27.05470183229087,0.23403358459472656,122701.0,27.039078970667415,0.7786258459091187,0.2341897189617157,122782.859375,0.020761489868164062,10885.0,0.008955001831054688,4695.0,0.010955810546875,5744.0,0.0,0,0.25495120882987976,133667.859375,5000,1000
othim20,full,1,1,1,0.007,27.018520376347453,0.22900733351707458,120065.796875,27.003356354155375,0.7736594676971436,0.23030821979045868,120747.8359375,0.019662857055664062,10309.0,0.007993698120117188,4191.0,0.010938644409179688,5735.0,0.0,0,0.24997107684612274,131056.8359375,5000,1000
othim21,full,1,1,1,0.007,27.012388883820226,0.24204549193382263,126901.546875,26.998765982519483,0.7773675918579102,0.24330328404903412,127560.9921875,0.019374847412109375,10158.0,0.00792694091796875,4156.0,0.010622024536132812,5569.0,0.0,0,0.2626781314611435,137718.9921875,5000,1000
othim22,full,1,1,1,0.007,29.506078026881497,0.11891140788793564,62343.82421875,29.495732205952198,0.8449397087097168,0.1194419115781784,62621.9609375,0.022006988525390625,11538.0,0.008920669555664062,4677.0,0.012098312377929688,6343.0,0.0,0,0.14144890010356903,74159.9609375,5000,1000
othim23,full,1,1,1,0.007,29.332331987937994,0.1291162371635437,67694.09375,29.29609408271575,0.840660810470581,0.1294519007205963,67870.078125,0.020387649536132812,10689.0,0.008731842041015625,4578.0,0.01080322265625,5664.0,0.0,0,0.14983955025672913,78559.078125,5000,1000
othim24,full,1,1,1,0.007,27.80220674166605,0.1529805064201355,80205.84375,27.795073994491833,0.823983371257782,0.1537771224975586,80623.5,0.021610260009765625,11330.0,0.009027481079101562,4733.0,0.01171875,6144.0,0.0,0,0.17538738250732422,91953.5,5000,1000
othim25,full,1,1,1,0.007,26.93292992013286,0.2786366939544678,146085.875,26.92479394915506,0.8018125295639038,0.27893880009651184,146244.265625,0.0208892822265625,10952.0,0.009006500244140625,4722.0,0.010934829711914062,5733.0,0.0,0,0.29982808232307434,157196.265625,5000,1000
othim26,full,1,1,1,0.007,26.94043405656414,0.27975431084632874,146671.828125,26.903995194524224,0.8018198013305664,0.2804412841796875,147032.0,0.019802093505859375,10382.0,0.009002685546875,4720.0,0.009939193725585938,5211.0,0.0,0,0.3002433776855469,157414.0,5000,1000
othim27,full,1,1,1,0.007,27.369812782790802,0.22628748416900635,118639.8125,27.349827896588916,0.7849292159080505,0.2272583246231079,119148.8125,0.019624710083007812,10289.0,0.00795745849609375,4172.0,0.010814666748046875,5670.0,0.0,0,0.24688303470611572,129437.8125,5000,1000
othim28,full,1,1,1,0.007,26.993795913437367,0.17924487590789795,93975.9375,26.986718234620668,0.7921379804611206,0.17975573241710663,94243.7734375,0.019819259643554688,10391.0,0.007801055908203125,4090.0,0.011051177978515625,5794.0,0.0,0,0.19957499206066132,104634.7734375,5000,1000
othim29,full,1,1,1,0.007,27.416610080923856,0.18150776624679565,95162.34375,27.41021457037428,0.7962764501571655,0.18168610334396362,95255.84375,0.022195816040039062,11637.0,0.008993148803710938,4715.0,0.012365341186523438,6483.0,0.0,0,0.20388191938400269,106892.84375,5000,1000
othim30,full,1,1,1,0.007,27.194222593495358,0.20494283735752106,107449.0703125,27.173744138723134,0.7992202639579773,0.2052706778049469,107620.953125,0.019496917724609375,10222.0,0.009006500244140625,4722.0,0.009653091430664062,5061.0,0.0,0,0.22476759552955627,117842.953125,5000,1000
othim01,full,1,1,1,0.015,27.229960599795245,0.07473214715719223,39181.16796875,27.215810786857826,0.7473191022872925,0.0749465599656105,39293.58203125,0.020772933959960938,10891.0,0.009037017822265625,4738.0,0.01102447509765625,5780.0,0.0,0,0.09571949392557144,50184.58203125,5000,1000
othim02,full,1,1,1,0.015,27.232298846266644,0.07721121609210968,40480.9140625,27.21448585398042,0.7461843490600586,0.07857955992221832,41198.3203125,0.019723892211914062,10341.0,0.007953643798828125,4170.0,0.010915756225585938,5723.0,0.0,0,0.09830345213413239,51539.3203125,5000,1000
othim03,full,1,1,1,0.015,27.152081832759865,0.07561229169368744,39642.6171875,27.1054606578476,0.7403168082237244,0.07614918798208237,39924.10546875,0.017847061157226562,9357.0,0.007928848266601562,4157.0,0.009187698364257812,4817.0,0.0,0,0.09399624913930893,49281.10546875,5000,1000
othim04,full,1,1,1,0.015,24.158150836400768,0.15814155340194702,82911.71875,24.154423319894374,0.649421215057373,0.159554123878479,83652.3125,0.018533706665039062,9717.0,0.006809234619140625,3570.0,0.0107421875,5632.0,0.0,0,0.17808783054351807,93369.3125,5000,1000
othim05,full,1,1,1,0.015,25.16862188053098,0.12472846359014511,65393.63671875,25.138513005493238,0.6565370559692383,0.1252869963645935,65686.46875,0.01825714111328125,9572.0,0.008026123046875,4208.0,0.009485244750976562,4973.0,0.0,0,0.14354413747787476,75258.46875,5000,1000
othim06,full,1,1,1,0.015,25.238041465589074,0.12469956278800964,65378.484375,25.234268857227374,0.6722806692123413,0.12589353322982788,66004.46875,0.019914627075195312,10441.0,0.007961273193359375,4174.0,0.010961532592773438,5747.0,0.0,0,0.1458081603050232,76445.46875,5000,1000
othim07,full,1,1,1,0.015,28.693320163347497,0.0705300122499466,36978.0390625,28.600324702593525,0.8327855467796326,0.07179126143455505,37639.296875,0.01844024658203125,9668.0,0.0078067779541015625,4093.0,0.009786605834960938,5131.0,0.0,0,0.0902315080165863,47307.296875,5000,1000
othim08,full,1,1,1,0.015,28.83805252582627,0.06343948096036911,33260.55859375,28.828896290000483,0.8281588554382324,0.06371251493692398,33403.70703125,0.021091461181640625,11058.0,0.008943557739257812,4689.0,0.011157989501953125,5850.0,0.0,0,0.0848039761185646,44461.70703125,5000,1000
othim09,full,1,1,1,0.015,28.569960781932668,0.0731193944811821,38335.62109375,28.50337046704716,0.8259379863739014,0.07327641546726227,38417.9453125,0.019399642944335938,10171.0,0.008945465087890625,4690.0,0.009601593017578125,5034.0,0.0,0,0.0926760584115982,48588.9453125,5000,1000
othim10,full,1,1,1,0.015,27.490230040916945,0.05342092365026474,28007.94921875,27.46915160364315,0.709067702293396,0.054966893047094345,28818.482421875,0.019855499267578125,10410.0,0.007902145385742188,4143.0,0.01108551025390625,5812.0,0.0,0,0.07482239231467247,39228.482421875,5000,1000
othim11,full,1,1,1,0.015,26.990460701157236,0.05185040459036827,27184.544921875,26.940212148860947,0.682057797908783,0.05201507359743118,27270.87890625,0.018880844116210938,9899.0,0.008792877197265625,4610.0,0.009477615356445312,4969.0,0.0,0,0.07089591771364212,37169.87890625,5000,1000
othim12,full,1,1,1,0.015,26.74281497378888,0.06168966740369797,32343.15234375,26.733596894552804,0.681182861328125,0.06217331439256668,32596.72265625,0.020578384399414062,10789.0,0.007953643798828125,4170.0,0.011890411376953125,6234.0,0.0,0,0.08275169879198074,43385.72265625,5000,1000
othim13,full,1,1,1,0.015,28.42167463625418,0.06987684220075607,36635.58984375,28.390019110766797,0.8150511980056763,0.0702720582485199,36842.796875,0.018613815307617188,9759.0,0.007883071899414062,4133.0,0.0098724365234375,5176.0,0.0,0,0.08888587355613708,46601.796875,5000,1000
othim14,full,1,1,1,0.015,28.54796754638934,0.07103537023067474,37242.9921875,28.52016755684578,0.816513180732727,0.07195894420146942,37727.2109375,0.019405364990234375,10174.0,0.007999420166015625,4194.0,0.010683059692382812,5601.0,0.0,0,0.0913643091917038,47901.2109375,5000,1000
othim15,full,1,1,1,0.015,28.44413041301925,0.07287245988845825,38206.15625,28.398623198317477,0.8176629543304443,0.07373551279306412,38658.64453125,0.018693923950195312,9801.0,0.008075714111328125,4234.0,0.009778976440429688,5127.0,0.0,0,0.09242943674325943,48459.64453125,5000,1000
othim16,full,1,1,1,0.015,28.863164631357137,0.06265519559383392,32849.3671875,28.79991879922207,0.8342207670211792,0.06320904195308685,33139.7421875,0.018184661865234375,9534.0,0.007863998413085938,4123.0,0.009481430053710938,4971.0,0.0,0,0.08139370381832123,42673.7421875,5000,1000
othim17,full,1,1,1,0.015,29.030426683632623,0.062155939638614655,32587.61328125,28.971477242559953,0.8383502960205078,0.06294389069080353,33000.7265625,0.018350601196289062,9621.0,0.007890701293945312,4137.0,0.0096282958984375,5048.0,0.0,0,0.08129449188709259,42621.7265625,5000,1000
othim18,full,1,1,1,0.015,29.081082354752613,0.06069701910018921,31822.71875,29.03681287537364,0.8368723392486572,0.06130247190594673,32140.150390625,0.01834869384765625,9620.0,0.008047103881835938,4219.0,0.009593963623046875,5030.0,0.0,0,0.07965116575360298,41760.150390625,5000,1000
othim19,full,1,1,1,0.015,25.230929204870417,0.12522836029529572,65655.7265625,25.199119928460444,0.6894572973251343,0.1254768967628479,65786.03125,0.019628524780273438,10291.0,0.008939743041992188,4687.0,0.009721755981445312,5097.0,0.0,0,0.14510542154312134,76077.03125,5000,1000
othim20,full,1,1,1,0.015,25.135540140752877,0.12194695323705673,63935.32421875,25.115171756428726,0.6810973882675171,0.12375691533088684,64884.265625,0.017505645751953125,9178.0,0.0068721771240234375,3603.0,0.009782791137695312,5129.0,0.0,0,0.14126256108283997,74062.265625,5000,1000
othim21,full,1,1,1,0.015,25.030481108722636,0.12446273863315582,65254.3203125,25.014402582919274,0.6831362247467041,0.12534034252166748,65714.4375,0.018497467041015625,9698.0,0.008012771606445312,4201.0,0.009746551513671875,5110.0,0.0,0,0.1438378095626831,75412.4375,5000,1000
othim22,full,1,1,1,0.015,28.334026426104714,0.074938103556633,39289.1484375,28.31559080299643,0.8174761533737183,0.07581363618373871,39748.1796875,0.019542694091796875,10246.0,0.00785064697265625,4116.0,0.010852813720703125,5690.0,0.0,0,0.09535633027553558,49994.1796875,5000,1000
othim23,full,1,1,1,0.015,27.727666859645225,0.07473841309547424,39184.453125,27.711270893172653,0.7847235202789307,0.07491327822208405,39276.1328125,0.02169036865234375,11372.0,0.010133743286132812,5313.0,0.010717391967773438,5619.0,0.0,0,0.0966036468744278,50648.1328125,5000,1000
othim24,full,1,1,1,0.015,26.236605526769083,0.09018976986408234,47285.4140625,26.20363595653333,0.7566344141960144,0.09186491370201111,48163.671875,0.01834869384765625,9620.0,0.007982254028320312,4185.0,0.009531021118164062,4997.0,0.0,0,0.11021360754966736,57783.671875,5000,1000
othim25,full,1,1,1,0.015,24.75349248494591,0.14839980006217957,77804.234375,24.744931201828162,0.729730486869812,0.14926040172576904,78255.4375,0.019624710083007812,10289.0,0.0080108642578125,4200.0,0.01074981689453125,5636.0,0.0,0,0.16888511180877686,88544.4375,5000,1000
othim26,full,1,1,1,0.015,24.8093106683778,0.15226911008358002,79832.8671875,24.798345002355273,0.7318397760391235,0.15316468477249146,80302.40625,0.01959228515625,10272.0,0.007978439331054688,4183.0,0.010747909545898438,5635.0,0.0,0,0.17275696992874146,90574.40625,5000,1000
othim27,full,1,1,1,0.015,25.496274105782874,0.12630856037139893,66222.0625,25.446358939378005,0.71764075756073,0.12740224599838257,66795.46875,0.0173492431640625,9096.0,0.008008956909179688,4199.0,0.008373260498046875,4390.0,0.0,0,0.14475148916244507,75891.46875,5000,1000
othim28,full,1,1,1,0.015,25.536564417228146,0.1016765907406807,53307.81640625,25.521628871197,0.7186214327812195,0.10182907432317734,53387.76171875,0.019975662231445312,10473.0,0.009075164794921875,4758.0,0.01004791259765625,5268.0,0.0,0,0.12180473655462265,63860.76171875,5000,1000
othim29,full,1,1,1,0.015,25.715116270661515,0.09787312895059586,51313.70703125,25.68586061437725,0.722756028175354,0.09893539547920227,51870.640625,0.018556594848632812,9729.0,0.008020401000976562,4205.0,0.00968170166015625,5076.0,0.0,0,0.11749199032783508,61599.640625,5000,1000
othim30,full,1,1,1,0.015,25.37849296006202,0.10400789976119995,54530.09375,25.353082570182313,0.7207025289535522,0.10427708923816681,54671.2265625,0.019739151000976562,10349.0,0.009035110473632812,4737.0,0.009851455688476562,5165.0,0.0,0,0.12401624023914337,65020.2265625,5000,1000
othim01,erp,0,0,1,0.007,28.268348496320503,0.11945770680904388,62630.2421875,28.245087594849704,0.7890108823776245,0.12018950283527374,63013.9140625,0.01827239990234375,9580.0,0.0080108642578125,4200.0,0.009424209594726562,4941.0,0.0,0,0.1384619027376175,72593.9140625,5000,1000
othim02,erp,0,0,1,0.007,28.296758119499327,0.12200339138507843,63964.9140625,28.267354374440956,0.7883095145225525,0.12251483649015427,64233.05859375,0.018064498901367188,9471.0,0.007892608642578125,4138.0,0.009456634521484375,4958.0,0.0,0,0.14057933539152145,73704.05859375,5000,1000
othim03,erp,0,0,1,0.007,28.105448058224084,0.1267375349998474,66446.96875,28.096140244274192,0.7833680510520935,0.12723979353904724,66710.296875,0.019756317138671875,10358.0,0.008993148803710938,4715.0,0.009784698486328125,5130.0,0.0,0,0.14699611067771912,77068.296875,5000,1000
othim04,erp,0,0,1,0.007,25.400766969941454,0.2613013982772827,136997.1875,25.396188244953013,0.7326549291610718,0.26179516315460205,137256.0625,0.019563674926757812,10257.0,0.008905410766601562,4669.0,0.009668350219726562,5069.0,0.0,0,0.28135883808135986,147513.0625,5000,1000
othim05,erp,0,0,1,0.007,26.247998679270424,0.201097771525383,105433.1484375,26.24518278381753,0.7251378297805786,0.20242735743522644,106130.234375,0.019321441650390625,10130.0,0.007871627807617188,4127.0,0.010469436645507812,5489.0,0.0,0,0.22174879908561707,116260.234375,5000,1000
othim06,erp,0,0,1,0.007,26.393047547109557,0.20546208322048187,107721.3046875,26.38196378138024,0.7359415292739868,0.20587772130966187,107939.21875,0.019659042358398438,10307.0,0.008916854858398438,4675.0,0.009756088256835938,5115.0,0.0,0,0.2255367636680603,118246.21875,5000,1000
othim07,erp,0,0,1,0.007,29.496214063227836,0.09759339690208435,51167.046875,29.475475430807297,0.8527118563652039,0.09812058508396149,51443.4453125,0.0196533203125,10304.0,0.008825302124023438,4627.0,0.009866714477539062,5173.0,0.0,0,0.11777390539646149,61747.4453125,5000,1000
othim08,erp,0,0,1,0.007,29.82677097274185,0.08942630887031555,46885.140625,29.802883954517554,0.8523725271224976,0.08962276577949524,46988.140625,0.01959228515625,10272.0,0.009042739868164062,4741.0,0.009578704833984375,5022.0,0.0,0,0.10921505093574524,57260.140625,5000,1000
othim09,erp,0,0,1,0.007,29.43635253190527,0.0956384614109993,50142.09765625,29.394935747055204,0.8480533957481384,0.09660305082798004,50647.8203125,0.01741790771484375,9132.0,0.007890701293945312,4137.0,0.00868988037109375,4556.0,0.0,0,0.11402095854282379,59779.8203125,5000,1000
othim10,erp,0,0,1,0.007,28.705266755266972,0.0903334766626358,47360.7578125,28.662553261419436,0.7495937347412109,0.09046749770641327,47431.0234375,0.018476486206054688,9687.0,0.008916854858398438,4675.0,0.008708953857421875,4566.0,0.0,0,0.10894398391246796,57118.0234375,5000,1000
othim11,erp,0,0,1,0.007,28.17371490377717,0.09967614710330963,52259.0078125,28.162031816382918,0.7358404397964478,0.10008349269628525,52472.57421875,0.019557952880859375,10254.0,0.008983612060546875,4710.0,0.00962066650390625,5044.0,0.0,0,0.11964144557714462,62726.57421875,5000,1000
othim12,erp,0,0,1,0.007,27.887451780426463,0.11663616448640823,61150.94140625,27.869549584410567,0.7380654811859131,0.11798492819070816,61858.08203125,0.018398284912109375,9646.0,0.007984161376953125,4186.0,0.00954437255859375,5004.0,0.0,0,0.13638321310281754,71504.08203125,5000,1000
othim13,erp,0,0,1,0.007,29.454991169056175,0.09702005237340927,50866.44921875,29.43733989308031,0.8415212035179138,0.09796123206615448,51359.8984375,0.01844024658203125,9668.0,0.007904052734375,4144.0,0.009555816650390625,5010.0,0.0,0,0.11640147864818573,61027.8984375,5000,1000
othim14,erp,0,0,1,0.007,29.301337611410762,0.09660020470619202,50646.328125,29.28530235490098,0.8384005427360535,0.0984683409333229,51625.76953125,0.0177001953125,9280.0,0.0068225860595703125,3577.0,0.010053634643554688,5271.0,0.0,0,0.1161685362458229,60905.76953125,5000,1000
othim15,erp,0,0,1,0.007,29.2609552388966,0.0975441262125969,51141.21484375,29.246178305382575,0.8392807841300964,0.09773766249418259,51242.68359375,0.01961517333984375,10284.0,0.009130477905273438,4787.0,0.009660720825195312,5065.0,0.0,0,0.11735283583402634,61526.68359375,5000,1000
othim16,erp,0,0,1,0.007,29.959964116683597,0.08813217282295227,46206.640625,29.941305478230664,0.8558411598205566,0.08867692947387695,46492.25,0.019197463989257812,10065.0,0.00882720947265625,4628.0,0.00951385498046875,4988.0,0.0,0,0.10787439346313477,56557.25,5000,1000
othim17,erp,0,0,1,0.007,29.88691975480408,0.09024722874164581,47315.5390625,29.852929391782123,0.8540684580802917,0.09095346182584763,47685.80859375,0.0186614990234375,9784.0,0.007955551147460938,4171.0,0.00974273681640625,5108.0,0.0,0,0.10961496084928513,57469.80859375,5000,1000
othim18,erp,0,0,1,0.007,30.01223564149255,0.08649379014968872,45347.65625,29.99300284780466,0.8572055697441101,0.08701211959123611,45619.41015625,0.018259048461914062,9573.0,0.0078125,4096.0,0.009489059448242188,4975.0,0.0,0,0.10527116805315018,55192.41015625,5000,1000
othim19,erp,0,0,1,0.007,26.424997062061,0.2055870145559311,107786.8046875,26.416833641815767,0.7561697363853455,0.20594914257526398,107976.6640625,0.019880294799804688,10423.0,0.009019851684570312,4729.0,0.009912490844726562,5197.0,0.0,0,0.22582943737506866,118399.6640625,5000,1000
othim20,erp,0,0,1,0.007,26.449112101297867,0.20261912047863007,106230.7734375,26.442989970455702,0.7562116980552673,0.2028200924396515,106336.140625,0.0196380615234375,10296.0,0.008996963500976562,4717.0,0.009809494018554688,5143.0,0.0,0,0.222458153963089,116632.140625,5000,1000
othim21,erp,0,0,1,0.007,26.25068467053211,0.20919881761074066,109680.4296875,26.243245453048107,0.7510428428649902,0.2097318023443222,109959.8671875,0.020030975341796875,10502.0,0.009130477905273438,4787.0,0.009929656982421875,5206.0,0.0,0,0.22976277768611908,120461.8671875,5000,1000
othim22,erp,0,0,1,0.007,29.231924500439167,0.11326605081558228,59384.03125,29.193424060974625,0.8404642939567566,0.11425301432609558,59901.484375,0.01824951171875,9568.0,0.0078105926513671875,4095.0,0.009473800659179688,4967.0,0.0,0,0.13250252604484558,69469.484375,5000,1000
othim23,erp,0,0,1,0.007,28.67790878147997,0.11753988265991211,61624.75,28.658434978849346,0.8190678358078003,0.11798904091119766,61860.23828125,0.018436431884765625,9666.0,0.00791168212890625,4148.0,0.009679794311523438,5075.0,0.0,0,0.1364254727959633,71526.23828125,5000,1000
othim24,erp,0,0,1,0.007,27.46400763552823,0.14676392078399658,76946.5625,27.44799962322598,0.8110775351524353,0.14765848219394684,77415.5703125,0.018398284912109375,9646.0,0.007890701293945312,4137.0,0.009534835815429688,4999.0,0.0,0,0.1660567671060562,87061.5703125,5000,1000
othim25,erp,0,0,1,0.007,26.029367283972253,0.23590335249900818,123681.296875,26.01489544981898,0.7824108004570007,0.2360919564962387,123780.1796875,0.019718170166015625,10338.0,0.00901031494140625,4724.0,0.009733200073242188,5103.0,0.0,0,0.25581012666225433,134118.1796875,5000,1000
othim26,erp,0,0,1,0.007,26.028097427211065,0.23464804887771606,123023.15625,26.01692933130178,0.7853406667709351,0.23618826270103455,123830.671875,0.018526077270507812,9713.0,0.007808685302734375,4094.0,0.009748458862304688,5111.0,0.0,0,0.25471433997154236,133543.671875,5000,1000
othim27,erp,0,0,1,0.007,26.309346163554522,0.18688496947288513,97981.546875,26.296509728985058,0.7611836791038513,0.18737506866455078,98238.5,0.019481658935546875,10214.0,0.008935928344726562,4685.0,0.00957489013671875,5020.0,0.0,0,0.20685672760009766,108452.5,5000,1000
othim28,erp,0,0,1,0.007,26.537313114254413,0.1645527333021164,86273.0234375,26.522474351083464,0.7681665420532227,0.16468262672424316,86341.125,0.019758224487304688,10359.0,0.009063720703125,4752.0,0.00984954833984375,5164.0,0.0,0,0.18444085121154785,96700.125,5000,1000
othim29,erp,0,0,1,0.007,26.949676740845934,0.16718071699142456,87650.84375,26.940318557449547,0.7767066955566406,0.16939175128936768,88810.0625,0.017612457275390625,9234.0,0.0069522857666015625,3645.0,0.00969696044921875,5084.0,0.0,0,0.1870042085647583,98044.0625,5000,1000
othim30,erp,0,0,1,0.007,26.58640766731376,0.17453469336032867,91506.4453125,26.565025103262812,0.7771288156509399,0.17484989762306213,91671.703125,0.018474578857421875,9686.0,0.0088348388671875,4632.0,0.00865936279296875,4540.0,0.0,0,0.193324476480484,101357.703125,5000,1000
othim01,erp,0,0,1,0.015,26.731733818058512,0.06516790390014648,34166.75,26.709044401354692,0.727294921875,0.0663023367524147,34761.51953125,0.01836395263671875,9628.0,0.007953643798828125,4170.0,0.0095672607421875,5016.0,0.0,0,0.08466628938913345,44389.51953125,5000,1000
othim02,erp,0,0,1,0.015,26.689171025215856,0.0641009658575058,33607.3671875,26.669950431327482,0.7242062091827393,0.06465809047222137,33899.4609375,0.018564224243164062,9733.0,0.007989883422851562,4189.0,0.009735107421875,5104.0,0.0,0,0.08322231471538544,43632.4609375,5000,1000
othim03,erp,0,0,1,0.015,26.556312951847442,0.06323593854904175,33153.84375,26.51856862787623,0.7166926264762878,0.0637289360165596,33412.31640625,0.017780303955078125,9322.0,0.00806427001953125,4228.0,0.00873565673828125,4580.0,0.0,0,0.08150923997163773,42734.31640625,5000,1000
othim04,erp,0,0,1,0.015,23.856015727705508,0.1465323269367218,76825.140625,23.846616968636123,0.6255443096160889,0.14743416011333466,77297.9609375,0.018606185913085938,9755.0,0.007976531982421875,4182.0,0.009771347045898438,5123.0,0.0,0,0.1660403460264206,87052.9609375,5000,1000
othim05,erp,0,0,1,0.015,24.848603544122383,0.1142314225435257,59890.1640625,24.838542900413888,0.6385669112205505,0.11543035507202148,60518.75,0.018548965454101562,9725.0,0.007963180541992188,4175.0,0.009624481201171875,5046.0,0.0,0,0.13397932052612305,70243.75,5000,1000
othim06,erp,0,0,1,0.015,24.8977051425633,0.12152248620986938,63712.78125,24.885367986236606,0.6537163853645325,0.12280912697315216,64387.3515625,0.018575668334960938,9739.0,0.00801849365234375,4204.0,0.009706497192382812,5089.0,0.0,0,0.1413847953081131,74126.3515625,5000,1000
othim07,erp,0,0,1,0.015,27.892639517461777,0.058524131774902344,30683.5,27.849108440600144,0.8113419413566589,0.05891870707273483,30890.37109375,0.017385482788085938,9115.0,0.0077495574951171875,4063.0,0.008892059326171875,4662.0,0.0,0,0.07630418986082077,40005.37109375,5000,1000
othim08,erp,0,0,1,0.015,28.10437672116997,0.04975086450576782,26083.78125,28.057635177731125,0.8098471164703369,0.05003973841667175,26235.234375,0.017332077026367188,9087.0,0.007884979248046875,4134.0,0.008579254150390625,4498.0,0.0,0,0.06737181544303894,35322.234375,5000,1000
othim09,erp,0,0,1,0.015,27.827135929997365,0.057080335915088654,29926.53515625,27.793949844281418,0.804470419883728,0.05731640011072159,30050.30078125,0.019250869750976562,10093.0,0.008897781372070312,4665.0,0.009616851806640625,5042.0,0.0,0,0.07656726986169815,40143.30078125,5000,1000
othim10,erp,0,0,1,0.015,27.347102260869207,0.04782872647047043,25076.02734375,27.33078874736994,0.6973773241043091,0.04917515814304352,25781.9453125,0.017305374145507812,9073.0,0.0068645477294921875,3599.0,0.00955963134765625,5012.0,0.0,0,0.06648053228855133,34854.9453125,5000,1000
othim11,erp,0,0,1,0.015,26.794526703035363,0.047159500420093536,24725.16015625,26.75007162697106,0.672630786895752,0.047673873603343964,24994.83984375,0.018663406372070312,9785.0,0.009067535400390625,4754.0,0.008722305297851562,4573.0,0.0,0,0.06633727997541428,34779.83984375,5000,1000
othim12,erp,0,0,1,0.015,26.455851211263774,0.05479662865400314,28729.21484375,26.424748126046335,0.6677999496459961,0.05563324689865112,29167.84375,0.017194747924804688,9015.0,0.0077724456787109375,4075.0,0.008428573608398438,4419.0,0.0,0,0.07282799482345581,38182.84375,5000,1000
othim13,erp,0,0,1,0.015,27.62428329877999,0.05882009118795395,30838.66796875,27.580067409099495,0.7929843664169312,0.05925741046667099,31067.94921875,0.017641067504882812,9249.0,0.007921218872070312,4153.0,0.008747100830078125,4586.0,0.0,0,0.0768984779715538,40316.94921875,5000,1000
othim14,erp,0,0,1,0.015,27.715722606136755,0.05662316828966141,29686.84765625,27.68587290098735,0.7964927554130554,0.057081110775470734,29926.94140625,0.017368316650390625,9106.0,0.007930755615234375,4158.0,0.008716583251953125,4570.0,0.0,0,0.07444942742586136,39032.94140625,5000,1000
othim15,erp,0,0,1,0.015,27.559133774560447,0.05840744078159332,30622.3203125,27.519696932691406,0.7937310934066772,0.05900892987847328,30937.673828125,0.017427444458007812,9137.0,0.007822036743164062,4101.0,0.008640289306640625,4530.0,0.0,0,0.0764363743364811,40074.673828125,5000,1000
othim16,erp,0,0,1,0.015,28.38663774182358,0.05212714523077011,27329.63671875,28.33284895380591,0.8227468729019165,0.054155319929122925,28392.984375,0.016401290893554688,8599.0,0.0067615509033203125,3545.0,0.008783340454101562,4605.0,0.0,0,0.07055661082267761,36991.984375,5000,1000
othim17,erp,0,0,1,0.015,28.32520302737134,0.05505285784602165,28863.552734375,28.267065244427958,0.8214448690414429,0.057292237877845764,30037.6328125,0.016565322875976562,8685.0,0.0069561004638671875,3647.0,0.008634567260742188,4527.0,0.0,0,0.07385756075382233,38722.6328125,5000,1000
othim18,erp,0,0,1,0.015,28.311564764956064,0.054546210914850235,28597.923828125,28.275680374030745,0.8210078477859497,0.055053047835826874,28863.65234375,0.017398834228515625,9122.0,0.007755279541015625,4066.0,0.008798599243164062,4613.0,0.0,0,0.0724518820643425,37985.65234375,5000,1000
othim19,erp,0,0,1,0.015,24.772565957299562,0.11760033667087555,61656.4453125,24.760749687311186,0.6678664088249207,0.11827515065670013,62010.2421875,0.018341064453125,9616.0,0.007940292358398438,4163.0,0.009552001953125,5008.0,0.0,0,0.13661621510982513,71626.2421875,5000,1000
othim20,erp,0,0,1,0.015,24.73268363982001,0.11462309956550598,60095.515625,24.715078332622454,0.6642906665802002,0.11473797261714935,60155.7421875,0.01895904541015625,9940.0,0.0091094970703125,4776.0,0.008993148803710938,4715.0,0.0,0,0.1336970180273056,70095.7421875,5000,1000
othim21,erp,0,0,1,0.015,24.64991018936,0.12065447121858597,63257.69140625,24.633771923113333,0.6651567816734314,0.12085063010454178,63360.53515625,0.01824951171875,9568.0,0.008890151977539062,4661.0,0.00859832763671875,4508.0,0.0,0,0.13910014182329178,72928.53515625,5000,1000
othim22,erp,0,0,1,0.015,27.660949434681203,0.0705127865076065,36969.0078125,27.648702131951353,0.8027116656303406,0.07121959328651428,37339.578125,0.019275665283203125,10106.0,0.00786590576171875,4124.0,0.010549545288085938,5531.0,0.0,0,0.09049525856971741,47445.578125,5000,1000
othim23,erp,0,0,1,0.015,26.922715165872294,0.0627066045999527,32876.3203125,26.887467690725575,0.7594951391220093,0.0628361776471138,32944.25390625,0.018625259399414062,9765.0,0.00897979736328125,4708.0,0.008777618408203125,4602.0,0.0,0,0.08146143704652786,42709.25390625,5000,1000
othim24,erp,0,0,1,0.015,25.759881531511855,0.07619966566562653,39950.5703125,25.734986500005117,0.7321672439575195,0.07710792124271393,40426.7578125,0.018444061279296875,9670.0,0.007982254028320312,4185.0,0.009731292724609375,5102.0,0.0,0,0.0955519825220108,50096.7578125,5000,1000
othim25,erp,0,0,1,0.015,24.281452438504363,0.13543900847434998,71009.046875,24.25257376400485,0.7110248804092407,0.1356753706932068,71132.96875,0.018754959106445312,9833.0,0.00897216796875,4704.0,0.008945465087890625,4690.0,0.0,0,0.1544303297996521,80965.96875,5000,1000
othim26,erp,0,0,1,0.015,24.305741633428756,0.13758260011672974,72132.90625,24.295204308697937,0.7146903276443481,0.138420969247818,72572.453125,0.018808364868164062,9861.0,0.00792694091796875,4156.0,0.010145187377929688,5319.0,0.0,0,0.15722933411598206,82433.453125,5000,1000
othim27,erp,0,0,1,0.015,24.86037005439876,0.10774146020412445,56487.5546875,24.84679201735193,0.6937161684036255,0.10947201400995255,57394.86328125,0.018777847290039062,9845.0,0.0080108642578125,4200.0,0.009920120239257812,5201.0,0.0,0,0.1282498612999916,67239.86328125,5000,1000
othim28,erp,0,0,1,0.015,25.202332780615507,0.09481353312730789,49709.59765625,25.182571066569704,0.7040435075759888,0.09601236134767532,50338.12890625,0.016305923461914062,8549.0,0.00698089599609375,3660.0,0.008470535278320312,4441.0,0.0,0,0.11231828480958939,58887.12890625,5000,1000
othim29,erp,0,0,1,0.015,25.499990499964127,0.09331581741571426,48924.36328125,25.471254943877227,0.7068991661071777,0.09469792246818542,49648.984375,0.0162506103515625,8520.0,0.0071048736572265625,3725.0,0.008543014526367188,4479.0,0.0,0,0.11094853281974792,58168.984375,5000,1000
othim30,erp,0,0,1,0.015,25.12779540928066,0.0979958176612854,51378.03125,25.094875597133612,0.7053591012954712,0.0984887033700943,51636.4453125,0.016908645629882812,8865.0,0.007852554321289062,4117.0,0.008327484130859375,4366.0,0.0,0,0.11539734899997711,60501.4453125,5000,1000
othim01,erp,0,1,1,0.007,28.066969182212762,0.11826404929161072,62004.421875,28.04866124458069,0.7837204337120056,0.11906268447637558,62423.13671875,0.020143508911132812,10561.0,0.008007049560546875,4198.0,0.011173248291015625,5858.0,0.0,0,0.1392061933875084,72984.13671875,5000,1000
othim02,erp,0,1,1,0.007,28.238378978609408,0.11907707154750824,62430.6796875,28.227881421204994,0.7869081497192383,0.11939775943756104,62598.8125,0.021390914916992188,11215.0,0.0090484619140625,4744.0,0.011377334594726562,5965.0,0.0,0,0.14078867435455322,73813.8125,5000,1000
othim03,erp,0,1,1,0.007,28.06335314339172,0.12159135937690735,63748.890625,28.023240323196962,0.7806627154350281,0.1221432238817215,64038.2265625,0.018756866455078125,9834.0,0.007886886596679688,4135.0,0.009912490844726562,5197.0,0.0,0,0.14090009033679962,73872.2265625,5000,1000
othim04,erp,0,1,1,0.007,25.357236015556538,0.2568312883377075,134653.5625,25.34849898436181,0.7268309593200684,0.2581760883331299,135358.625,0.0201416015625,10560.0,0.0078582763671875,4120.0,0.01142120361328125,5988.0,0.0,0,0.2783176898956299,145918.625,5000,1000
othim05,erp,0,1,1,0.007,26.218844555604367,0.20274251699447632,106295.46875,26.210512499903555,0.7236387133598328,0.20369666814804077,106795.71875,0.020071029663085938,10523.0,0.007966995239257812,4177.0,0.011127471923828125,5834.0,0.0,0,0.2237676978111267,117318.71875,5000,1000
othim06,erp,0,1,1,0.007,26.526350710648575,0.21498289704322815,112712.953125,26.500685218022102,0.7367455959320068,0.21605750918388367,113276.359375,0.019207000732421875,10070.0,0.007944107055664062,4165.0,0.01029205322265625,5396.0,0.0,0,0.23526450991630554,123346.359375,5000,1000
othim07,erp,0,1,1,0.007,29.589633534867044,0.09979800879955292,52322.8984375,29.535443878090273,0.8555901050567627,0.10065685212612152,52773.1796875,0.018718719482421875,9814.0,0.007944107055664062,4165.0,0.009960174560546875,5222.0,0.0,0,0.1193755716085434,62587.1796875,5000,1000
othim08,erp,0,1,1,0.007,29.734581271247464,0.09078264236450195,47596.25,29.70501738045672,0.8519787788391113,0.09152773022651672,47986.890625,0.0202484130859375,10616.0,0.007991790771484375,4190.0,0.011396408081054688,5975.0,0.0,0,0.11177614331245422,58602.890625,5000,1000
othim09,erp,0,1,1,0.007,29.47918584905941,0.09810353815555573,51434.5078125,29.43579723246029,0.8486660718917847,0.10050705075263977,52694.640625,0.017965316772460938,9419.0,0.0070476531982421875,3695.0,0.009950637817382812,5217.0,0.0,0,0.11847236752510071,62113.640625,5000,1000
othim10,erp,0,1,1,0.007,28.647430155052774,0.09048394113779068,47439.64453125,28.625253597509033,0.7473872900009155,0.09080762416124344,47609.34765625,0.021022796630859375,11022.0,0.008749008178710938,4587.0,0.011411666870117188,5983.0,0.0,0,0.11183042079210281,58631.34765625,5000,1000
othim11,erp,0,1,1,0.007,28.1920627544476,0.09646090865135193,50573.296875,28.168546570092,0.7335890531539917,0.09701704978942871,50864.875,0.019804000854492188,10383.0,0.007909774780273438,4147.0,0.010915756225585938,5723.0,0.0,0,0.1168210506439209,61247.875,5000,1000
othim12,erp,0,1,1,0.007,27.870519422409554,0.11045168340206146,57908.4921875,27.85448772057727,0.7347230911254883,0.11271153390407562,59093.3046875,0.018283843994140625,9586.0,0.006702423095703125,3514.0,0.010845184326171875,5686.0,0.0,0,0.13099537789821625,68679.3046875,5000,1000
othim13,erp,0,1,1,0.007,29.363184112273654,0.10003890842199326,52449.19921875,29.326392185954166,0.8397030830383301,0.10152674466371536,53229.25390625,0.018907546997070312,9913.0,0.00791168212890625,4148.0,0.010282516479492188,5391.0,0.0,0,0.12043429166078568,63142.25390625,5000,1000
othim14,erp,0,1,1,0.007,29.319715571712475,0.09829407930374146,51534.40625,29.296557019050955,0.836761474609375,0.09856817126274109,51678.109375,0.020000457763671875,10486.0,0.009012222290039062,4725.0,0.010150909423828125,5322.0,0.0,0,0.11856862902641296,62164.109375,5000,1000
othim15,erp,0,1,1,0.007,29.32874100203502,0.10023845732212067,52553.8203125,29.313145505367203,0.8403878211975098,0.10091066360473633,52906.25,0.020532608032226562,10765.0,0.00801849365234375,4204.0,0.0116729736328125,6120.0,0.0,0,0.12144327163696289,63671.25,5000,1000
othim16,erp,0,1,1,0.007,29.78139918509521,0.08739329874515533,45819.2578125,29.73426806459317,0.8534693121910095,0.08787505328655243,46071.8359375,0.018629074096679688,9767.0,0.008052825927734375,4222.0,0.009862899780273438,5171.0,0.0,0,0.10650412738323212,55838.8359375,5000,1000
othim17,erp,0,1,1,0.007,29.735971518594457,0.0885288268327713,46414.6015625,29.700395187140035,0.8523561954498291,0.08953960239887238,46944.5390625,0.01959228515625,10272.0,0.0077915191650390625,4085.0,0.0109710693359375,5752.0,0.0,0,0.10913188755512238,57216.5390625,5000,1000
othim18,erp,0,1,1,0.007,29.91469537367737,0.09131843596696854,47877.16015625,29.86807866258445,0.8561083078384399,0.09158243983983994,48015.57421875,0.020051956176757812,10513.0,0.00888824462890625,4660.0,0.01043701171875,5472.0,0.0,0,0.11163439601659775,58528.57421875,5000,1000
othim19,erp,0,1,1,0.007,26.409096415605955,0.20672929286956787,108385.6875,26.400254376471736,0.75759357213974,0.2070731520652771,108565.96875,0.021150588989257812,11089.0,0.008939743041992188,4687.0,0.011365890502929688,5959.0,0.0,0,0.2282237410545349,119654.96875,5000,1000
othim20,erp,0,1,1,0.007,26.305923305194497,0.20480379462242126,107376.171875,26.29458964706372,0.7516201734542847,0.20553281903266907,107758.390625,0.020021438598632812,10497.0,0.00792694091796875,4156.0,0.011236190795898438,5891.0,0.0,0,0.22555425763130188,118255.390625,5000,1000
othim21,erp,0,1,1,0.007,26.16707011085907,0.20798815786838531,109045.6953125,26.15872737539728,0.7509343028068542,0.20922671258449554,109695.0546875,0.020017623901367188,10495.0,0.007871627807617188,4127.0,0.011297225952148438,5923.0,0.0,0,0.22924433648586273,120190.0546875,5000,1000
othim22,erp,0,1,1,0.007,29.284432673705528,0.10849924385547638,56884.8515625,29.266794900625356,0.8405940532684326,0.10962921380996704,57477.28125,0.019720077514648438,10339.0,0.007883071899414062,4133.0,0.0110015869140625,5768.0,0.0,0,0.12934929132461548,67816.28125,5000,1000
othim23,erp,0,1,1,0.007,28.716624356407166,0.11435182392597198,59953.2890625,28.699068564353222,0.8175132274627686,0.11490599066019058,60243.83203125,0.021488189697265625,11266.0,0.009115219116210938,4779.0,0.011388778686523438,5971.0,0.0,0,0.1363941803574562,71509.83203125,5000,1000
othim24,erp,0,1,1,0.007,27.419643228461112,0.14324411749839783,75101.171875,27.40325860533402,0.806486964225769,0.14392025768756866,75455.6640625,0.020956039428710938,10987.0,0.008832931518554688,4631.0,0.011278152465820312,5913.0,0.0,0,0.1648762971162796,86442.6640625,5000,1000
othim25,erp,0,1,1,0.007,25.709845546619466,0.22190968692302704,116344.5859375,25.696211142815724,0.7786762118339539,0.22261464595794678,116714.1875,0.020193099975585938,10587.0,0.0076904296875,4032.0,0.011640548706054688,6103.0,0.0,0,0.24280774593353271,127301.1875,5000,1000
othim26,erp,0,1,1,0.007,25.721799243219365,0.2224336862564087,116619.3125,25.713897984899614,0.7801753878593445,0.22266168892383575,116738.8515625,0.021154403686523438,11091.0,0.009067535400390625,4754.0,0.011087417602539062,5813.0,0.0,0,0.2438160926103592,127829.8515625,5000,1000
othim27,erp,0,1,1,0.007,26.36077878351777,0.18591788411140442,97474.515625,26.348985889549652,0.7622255682945251,0.18679648637771606,97935.15625,0.020223617553710938,10603.0,0.007976531982421875,4182.0,0.011295318603515625,5922.0,0.0,0,0.207020103931427,108538.15625,5000,1000
othim28,erp,0,1,1,0.007,26.59974389634795,0.17154629528522491,89939.6640625,26.58826816279105,0.7738355994224548,0.17168456315994263,90012.15625,0.021501541137695312,11273.0,0.009136199951171875,4790.0,0.011386871337890625,5970.0,0.0,0,0.19318610429763794,101285.15625,5000,1000
othim29,erp,0,1,1,0.007,27.071222234434696,0.17073670029640198,89515.203125,27.061169025171754,0.7791902422904968,0.1713736355304718,89849.140625,0.0203094482421875,10648.0,0.008039474487304688,4215.0,0.011425018310546875,5990.0,0.0,0,0.1916830837726593,100497.140625,5000,1000
othim30,erp,0,1,1,0.007,26.47279332075314,0.17030301690101624,89287.828125,26.450685061193166,0.7736884951591492,0.1712549328804016,89786.90625,0.019029617309570312,9977.0,0.007825851440429688,4103.0,0.0104827880859375,5496.0,0.0,0,0.19028455018997192,99763.90625,5000,1000
othim01,erp,0,1,1,0.015,26.59257394074685,0.06564757227897644,34418.234375,26.561088969071943,0.7218867540359497,0.06693872809410095,35095.171875,0.017774581909179688,9319.0,0.0068416595458984375,3587.0,0.010089874267578125,5290.0,0.0,0,0.08471331000328064,44414.171875,5000,1000
othim02,erp,0,1,1,0.015,26.63456889462285,0.06657262146472931,34903.2265625,26.5962904960742,0.7222112417221069,0.06667555868625641,34957.1953125,0.020296096801757812,10641.0,0.00897979736328125,4708.0,0.010448455810546875,5478.0,0.0,0,0.08697165548801422,45598.1953125,5000,1000
othim03,erp,0,1,1,0.015,26.444763368376414,0.06438151746988297,33754.45703125,26.43518798321199,0.7119272947311401,0.06463460624217987,33887.1484375,0.020160675048828125,10570.0,0.0079345703125,4160.0,0.01125335693359375,5900.0,0.0,0,0.084795281291008,44457.1484375,5000,1000
othim04,erp,0,1,1,0.015,23.860246016097946,0.14762496948242188,77398.0,23.84569907839527,0.6249979734420776,0.14815428853034973,77675.515625,0.01995086669921875,10460.0,0.008907318115234375,4670.0,0.010061264038085938,5275.0,0.0,0,0.16810515522956848,88135.515625,5000,1000
othim05,erp,0,1,1,0.015,24.725246641593113,0.11341236531734467,59460.7421875,24.71552015415861,0.6315880417823792,0.11365827918052673,59589.671875,0.021055221557617188,11039.0,0.009063720703125,4752.0,0.011274337768554688,5911.0,0.0,0,0.13471350073814392,70628.671875,5000,1000
othim06,erp,0,1,1,0.015,24.918626704041184,0.11855856329202652,62158.83203125,24.8849286884187,0.6532203555107117,0.11874136328697205,62254.671875,0.0198974609375,10432.0,0.008941650390625,4688.0,0.0102081298828125,5352.0,0.0,0,0.13863882422447205,72686.671875,5000,1000
othim07,erp,0,1,1,0.015,27.88544629034111,0.05952172353863716,31206.525390625,27.82530972727319,0.8130868673324585,0.06099586933851242,31979.40234375,0.017717361450195312,9289.0,0.006946563720703125,3642.0,0.010026931762695312,5257.0,0.0,0,0.07871323078870773,41268.40234375,5000,1000
othim08,erp,0,1,1,0.015,28.116443085387715,0.05213762819766998,27335.1328125,28.07928312946562,0.8108789324760437,0.0534043163061142,27999.2421875,0.017938613891601562,9405.0,0.0069293975830078125,3633.0,0.010143280029296875,5318.0,0.0,0,0.07134293019771576,37404.2421875,5000,1000
othim09,erp,0,1,1,0.015,27.859770052249218,0.057427167892456055,30108.375,27.81983634125528,0.8062871694564819,0.05789020285010338,30351.138671875,0.018747329711914062,9829.0,0.007900238037109375,4142.0,0.009979248046875,5232.0,0.0,0,0.07663753256201744,40180.138671875,5000,1000
othim10,erp,0,1,1,0.015,27.251720770894703,0.04633663594722748,24293.7421875,27.21460363447869,0.6959844827651978,0.046988360583782196,24635.43359375,0.019809722900390625,10386.0,0.00775909423828125,4068.0,0.011159896850585938,5851.0,0.0,0,0.06679808348417282,35021.43359375,5000,1000
othim11,erp,0,1,1,0.015,26.8187364083765,0.04510173574090004,23646.298828125,26.794777121502893,0.6747300624847412,0.04528551548719406,23742.65234375,0.021091461181640625,11058.0,0.008785247802734375,4606.0,0.011447906494140625,6002.0,0.0,0,0.06637697666883469,34800.65234375,5000,1000
othim12,erp,0,1,1,0.015,26.298246004659223,0.05246008187532425,27504.19140625,26.28595199705856,0.6635812520980835,0.053871165961027145,28244.005859375,0.019550323486328125,10250.0,0.007961273193359375,4174.0,0.010583877563476562,5549.0,0.0,0,0.07342148944735527,38494.005859375,5000,1000
othim13,erp,0,1,1,0.015,27.686326819731704,0.05816611647605896,30495.796875,27.648417491189818,0.7939492464065552,0.05861750245094299,30732.453125,0.018756866455078125,9834.0,0.007930755615234375,4158.0,0.01009368896484375,5292.0,0.0,0,0.07737436890602112,40566.453125,5000,1000
othim14,erp,0,1,1,0.015,27.650440612476924,0.05697771906852722,29872.734375,27.63944199095197,0.7941190600395203,0.05742089822888374,30105.087890625,0.020214080810546875,10598.0,0.007904052734375,4144.0,0.011463165283203125,6010.0,0.0,0,0.07763497903943062,40703.087890625,5000,1000
othim15,erp,0,1,1,0.015,27.622659932859587,0.059448570013046265,31168.171875,27.585011776806766,0.7953721880912781,0.06063132733106613,31788.27734375,0.018716812133789062,9813.0,0.007671356201171875,4022.0,0.010301589965820312,5401.0,0.0,0,0.0793481394648552,41601.27734375,5000,1000
othim16,erp,0,1,1,0.015,28.31829194471535,0.05307486653327942,27826.515625,28.218180740016,0.8226126432418823,0.0533340685069561,27962.412109375,0.018314361572265625,9602.0,0.0079193115234375,4152.0,0.009693145751953125,5082.0,0.0,0,0.07164843007922173,37564.412109375,5000,1000
othim17,erp,0,1,1,0.015,28.28994492046162,0.051541510969400406,27022.595703125,28.221524346979617,0.8212630748748779,0.051897309720516205,27209.13671875,0.018543243408203125,9722.0,0.007959365844726562,4173.0,0.009748458862304688,5111.0,0.0,0,0.07044055312871933,36931.13671875,5000,1000
othim18,erp,0,1,1,0.015,28.17097190563689,0.05260556936264038,27580.46875,28.108364435528028,0.8176938891410828,0.0532291978597641,27907.4296875,0.018396377563476562,9645.0,0.007884979248046875,4134.0,0.00965118408203125,5060.0,0.0,0,0.07162557542324066,37552.4296875,5000,1000
othim19,erp,0,1,1,0.015,24.850973822408292,0.11876797676086426,62268.625,24.797484733923028,0.6700660586357117,0.11970806866884232,62761.50390625,0.017477035522460938,9163.0,0.007923126220703125,4154.0,0.008817672729492188,4623.0,0.0,0,0.13718510419130325,71924.50390625,5000,1000
othim20,erp,0,1,1,0.015,24.75462439301488,0.11710858345031738,61398.625,24.71666428460186,0.6643539667129517,0.11766275763511658,61689.171875,0.017730712890625,9296.0,0.00820159912109375,4300.0,0.008779525756835938,4603.0,0.0,0,0.13539347052574158,70985.171875,5000,1000
othim21,erp,0,1,1,0.015,24.781173233286268,0.12184400856494904,63881.3515625,24.75567277820134,0.6675300598144531,0.12220625579357147,64071.2734375,0.01964569091796875,10300.0,0.0090484619140625,4744.0,0.00972747802734375,5100.0,0.0,0,0.14185194671154022,74371.2734375,5000,1000
othim22,erp,0,1,1,0.015,27.723066354338062,0.06682537496089935,35035.7421875,27.69842755113125,0.8031033873558044,0.06714608520269394,35203.88671875,0.021162033081054688,11095.0,0.008955001831054688,4695.0,0.011379241943359375,5966.0,0.0,0,0.08830811828374863,46298.88671875,5000,1000
othim23,erp,0,1,1,0.015,27.196802488227878,0.06619597226381302,34705.75390625,27.178254409889902,0.7675117254257202,0.06638750433921814,34806.171875,0.020748138427734375,10878.0,0.0087738037109375,4600.0,0.011133193969726562,5837.0,0.0,0,0.08713564276695251,45684.171875,5000,1000
othim24,erp,0,1,1,0.015,25.812306422399832,0.07805529236793518,40923.453125,25.775476905325547,0.7342464327812195,0.07900958508253098,41423.77734375,0.018604278564453125,9754.0,0.008104324340820312,4249.0,0.009700775146484375,5086.0,0.0,0,0.0976138636469841,51177.77734375,5000,1000
othim25,erp,0,1,1,0.015,24.323135714753167,0.13729241490364075,71980.765625,24.31374329136163,0.710434079170227,0.13754990696907043,72115.765625,0.02126312255859375,11148.0,0.00896453857421875,4700.0,0.011440277099609375,5998.0,0.0,0,0.15881302952766418,83263.765625,5000,1000
othim26,erp,0,1,1,0.015,24.3057348344196,0.13804291188716888,72374.2421875,24.278670637716104,0.713819146156311,0.14039970934391022,73609.8828125,0.017923355102539062,9397.0,0.007083892822265625,3714.0,0.009992599487304688,5239.0,0.0,0,0.15832306444644928,83006.8828125,5000,1000
othim27,erp,0,1,1,0.015,24.95078046000167,0.11094000935554504,58164.515625,24.9288903323981,0.6945194005966187,0.11129075288772583,58348.40625,0.018983840942382812,9953.0,0.008066177368164062,4229.0,0.01020050048828125,5348.0,0.0,0,0.13027459383010864,68301.40625,5000,1000
othim28,erp,0,1,1,0.015,25.205271333819084,0.09395413100719452,49259.0234375,25.172504009208993,0.7016688585281372,0.09651368856430054,50600.96875,0.018011093139648438,9443.0,0.007160186767578125,3754.0,0.010227203369140625,5362.0,0.0,0,0.11452478170394897,60043.96875,5000,1000
othim29,erp,0,1,1,0.015,25.431972690318446,0.08957795053720474,46964.64453125,25.418714517804258,0.7063370943069458,0.09090030193328857,47657.9375,0.019327163696289062,10133.0,0.008073806762695312,4233.0,0.010406494140625,5456.0,0.0,0,0.11022746562957764,57790.9375,5000,1000
othim30,erp,0,1,1,0.015,25.112838660215086,0.09859132021665573,51690.24609375,25.087755787673377,0.7063135504722595,0.09935835003852844,52092.390625,0.018606185913085938,9755.0,0.007894515991210938,4139.0,0.009965896606445312,5225.0,0.0,0,0.11796453595161438,61847.390625,5000,1000
othim01,erp,1,0,1,0.007,28.633071097429944,0.13871866464614868,72728.53125,28.595827543573733,0.8019956946372986,0.14018219709396362,73495.84375,0.017026901245117188,8927.0,0.00787353515625,4128.0,0.008302688598632812,4353.0,0.0,0,0.1572090983390808,82422.84375,5000,1000
othim02,erp,1,0,1,0.007,28.72814896092377,0.13445761799812317,70494.515625,28.703751441498586,0.8026375770568848,0.13513274490833282,70848.4765625,0.01973724365234375,10348.0,0.009052276611328125,4746.0,0.009721755981445312,5097.0,0.0,0,0.15486998856067657,81196.4765625,5000,1000
othim03,erp,1,0,1,0.007,28.491476899679572,0.1339556723833084,70231.3515625,28.46999501598128,0.7946738004684448,0.1349700689315796,70763.1875,0.018117904663085938,9499.0,0.0077953338623046875,4087.0,0.009464263916015625,4962.0,0.0,0,0.15308797359466553,80262.1875,5000,1000
othim04,erp,1,0,1,0.007,26.15131227961798,0.300248920917511,157416.90625,26.140068803847612,0.7604255676269531,0.3017709255218506,158214.875,0.018741607666015625,9826.0,0.007984161376953125,4186.0,0.009912490844726562,5197.0,0.0,0,0.3205125331878662,168040.875,5000,1000
othim05,erp,1,0,1,0.007,26.74467708792585,0.22120189666748047,115973.5,26.733996560939982,0.7494544982910156,0.2218657284975052,116321.5390625,0.018466949462890625,9682.0,0.007989883422851562,4189.0,0.009500503540039062,4981.0,0.0,0,0.2403326779603958,126003.5390625,5000,1000
othim06,erp,1,0,1,0.007,26.83007838238429,0.21835698187351227,114481.9453125,26.82337895740722,0.7588702440261841,0.22040699422359467,115556.7421875,0.018890380859375,9904.0,0.0069789886474609375,3659.0,0.01092529296875,5728.0,0.0,0,0.23929737508296967,125460.7421875,5000,1000
othim07,erp,1,0,1,0.007,30.576981216583732,0.12019994854927063,63019.390625,30.547445246073597,0.8713825941085815,0.1207093596458435,63286.46875,0.019800186157226562,10381.0,0.008893966674804688,4663.0,0.009954452514648438,5219.0,0.0,0,0.14050954580307007,73667.46875,5000,1000
othim08,erp,1,0,1,0.007,30.484256972904642,0.10246803611516953,53722.76171875,30.460213233485607,0.8647467494010925,0.10347162932157516,54248.93359375,0.018579483032226562,9741.0,0.008005142211914062,4197.0,0.009618759155273438,5043.0,0.0,0,0.12205111235380173,63989.93359375,5000,1000
othim09,erp,1,0,1,0.007,30.17524865430397,0.11251270771026611,58989.0625,30.13085060894852,0.8611892461776733,0.11401592195034027,59777.1796875,0.017147064208984375,8990.0,0.006805419921875,3568.0,0.0096435546875,5056.0,0.0,0,0.13116298615932465,68767.1796875,5000,1000
othim10,erp,1,0,1,0.007,29.11493256499267,0.10628411173820496,55723.484375,29.095662322392915,0.7691327929496765,0.10694128274917603,56068.03125,0.018262863159179688,9575.0,0.007879257202148438,4131.0,0.009410858154296875,4934.0,0.0,0,0.1252041459083557,65643.03125,5000,1000
othim11,erp,1,0,1,0.007,28.724958954751163,0.11253134906291962,58998.8359375,28.712401785906223,0.7612180709838867,0.11280527710914612,59142.453125,0.019346237182617188,10143.0,0.008878707885742188,4655.0,0.009500503540039062,4981.0,0.0,0,0.1321515142917633,69285.453125,5000,1000
othim12,erp,1,0,1,0.007,28.324008848532443,0.12312008440494537,64550.3828125,28.316805696523513,0.7559257745742798,0.12361039221286774,64807.4453125,0.02044677734375,10720.0,0.008867263793945312,4649.0,0.010723114013671875,5622.0,0.0,0,0.14405716955661774,75527.4453125,5000,1000
othim13,erp,1,0,1,0.007,30.020617446663007,0.10940119624137878,57357.734375,30.001420590892213,0.8533929586410522,0.11098141968250275,58186.2265625,0.019092559814453125,10010.0,0.0078067779541015625,4093.0,0.01042938232421875,5468.0,0.0,0,0.13007397949695587,68196.2265625,5000,1000
othim14,erp,1,0,1,0.007,29.95638361945476,0.10997624695301056,57659.2265625,29.912888198631794,0.8525469303131104,0.11109977215528488,58248.27734375,0.017847061157226562,9357.0,0.007938385009765625,4162.0,0.008935928344726562,4685.0,0.0,0,0.12894683331251144,67605.27734375,5000,1000
othim15,erp,1,0,1,0.007,29.984165803402533,0.11333960294723511,59422.59375,29.96380200218802,0.8533858060836792,0.11479289829730988,60184.5390625,0.017515182495117188,9183.0,0.006961822509765625,3650.0,0.009731292724609375,5102.0,0.0,0,0.13230808079242706,69367.5390625,5000,1000
othim16,erp,1,0,1,0.007,30.551068671677626,0.09719310700893402,50957.1796875,30.531108184744337,0.8677295446395874,0.09772736579179764,51237.28515625,0.018396377563476562,9645.0,0.0077915191650390625,4085.0,0.009790420532226562,5133.0,0.0,0,0.1161237433552742,60882.28515625,5000,1000
othim17,erp,1,0,1,0.007,30.427672246570676,0.09905413538217545,51932.89453125,30.405529943796296,0.8656317591667175,0.10180594027042389,53375.6328125,0.017633438110351562,9245.0,0.0069904327392578125,3665.0,0.009809494018554688,5143.0,0.0,0,0.11943937838077545,62620.6328125,5000,1000
othim18,erp,1,0,1,0.007,30.526103647558685,0.09648700803518295,50586.98046875,30.503149631499955,0.8664212226867676,0.09693263471126556,50820.6171875,0.018007278442382812,9441.0,0.00777435302734375,4076.0,0.0093841552734375,4920.0,0.0,0,0.11493991315364838,60261.6171875,5000,1000
othim19,erp,1,0,1,0.007,27.026776301962894,0.23108556866645813,121155.390625,27.007432506855523,0.7752325534820557,0.23118895292282104,121209.59375,0.018657684326171875,9782.0,0.009000778198242188,4719.0,0.008684158325195312,4553.0,0.0,0,0.24984663724899292,130991.59375,5000,1000
othim20,erp,1,0,1,0.007,26.916326888665523,0.22367724776268005,117271.296875,26.891037476774386,0.7715584635734558,0.22414976358413696,117519.03125,0.017274856567382812,9057.0,0.0077266693115234375,4051.0,0.008699417114257812,4561.0,0.0,0,0.24142462015151978,126576.03125,5000,1000
othim21,erp,1,0,1,0.007,26.905159172822824,0.23660904169082642,124051.28125,26.89158412709457,0.7735550403594971,0.2370910346508026,124303.984375,0.019784927368164062,10373.0,0.009016036987304688,4727.0,0.009807586669921875,5142.0,0.0,0,0.2568759620189667,134676.984375,5000,1000
othim22,erp,1,0,1,0.007,29.908711847307202,0.12444397062063217,65244.48046875,29.849504794876257,0.8490177989006042,0.1247698962688446,65415.359375,0.018444061279296875,9670.0,0.008977890014648438,4707.0,0.00862884521484375,4524.0,0.0,0,0.14321395754814148,75085.359375,5000,1000
othim23,erp,1,0,1,0.007,29.178710723730614,0.13260653614997864,69524.015625,29.163508394359084,0.8369328379631042,0.13313427567481995,69800.703125,0.019342422485351562,10141.0,0.008869171142578125,4650.0,0.009626388549804688,5047.0,0.0,0,0.1524766981601715,79941.703125,5000,1000
othim24,erp,1,0,1,0.007,27.71585701191579,0.1564045548439026,82001.03125,27.709344443594404,0.8212664127349854,0.15964272618293762,83698.765625,0.0185089111328125,9704.0,0.0069122314453125,3624.0,0.010639190673828125,5578.0,0.0,0,0.17815163731575012,93402.765625,5000,1000
othim25,erp,1,0,1,0.007,26.862316215542062,0.27939337491989136,146482.59375,26.852819451948832,0.7996787428855896,0.28016018867492676,146884.625,0.01953125,10240.0,0.0090484619140625,4744.0,0.009639739990234375,5054.0,0.0,0,0.29969143867492676,157124.625,5000,1000
othim26,erp,1,0,1,0.007,26.926498820816175,0.2826550602912903,148192.65625,26.907049367422143,0.8009364604949951,0.2829527258872986,148348.71875,0.019544601440429688,10247.0,0.008914947509765625,4674.0,0.009761810302734375,5118.0,0.0,0,0.30249732732772827,158595.71875,5000,1000
othim27,erp,1,0,1,0.007,27.305376210553234,0.22338521480560303,117118.1875,27.298255302652503,0.7852783203125,0.22446098923683167,117682.203125,0.019727706909179688,10343.0,0.007978439331054688,4183.0,0.010782241821289062,5653.0,0.0,0,0.24418869614601135,128025.203125,5000,1000
othim28,erp,1,0,1,0.007,27.18330543736181,0.1935979127883911,101501.0625,27.174276571041773,0.7952576875686646,0.1941501647233963,101790.6015625,0.019880294799804688,10423.0,0.009035110473632812,4737.0,0.00988006591796875,5180.0,0.0,0,0.214030459523201,112213.6015625,5000,1000
othim29,erp,1,0,1,0.007,27.219021791377752,0.17624323070049286,92402.2109375,27.210188035759217,0.7918786406517029,0.17720964550971985,92908.890625,0.01849365234375,9696.0,0.0079803466796875,4184.0,0.009656906127929688,5063.0,0.0,0,0.19570329785346985,102604.890625,5000,1000
othim30,erp,1,0,1,0.007,27.14343631253637,0.2032979279756546,106586.6640625,27.12625377630093,0.7977770566940308,0.20372916758060455,106812.7578125,0.019412994384765625,10178.0,0.00896453857421875,4700.0,0.009744644165039062,5109.0,0.0,0,0.22314216196537018,116990.7578125,5000,1000
othim01,erp,1,0,1,0.015,27.31066208272307,0.07876399159431458,41295.015625,27.266968904606358,0.7499529719352722,0.07921859622001648,41533.359375,0.017322540283203125,9082.0,0.008045196533203125,4218.0,0.00856781005859375,4492.0,0.0,0,0.0965411365032196,50615.359375,5000,1000
othim02,erp,1,0,1,0.015,27.31796718245697,0.08024957776069641,42073.890625,27.272584059164547,0.7513803839683533,0.08052855730056763,42220.15625,0.017686843872070312,9273.0,0.007944107055664062,4165.0,0.008775711059570312,4601.0,0.0,0,0.09821540117263794,51493.15625,5000,1000
othim03,erp,1,0,1,0.015,27.178738047360085,0.07478854060173035,39210.734375,27.110546332064914,0.7412320971488953,0.07551634311676025,39592.3125,0.017156600952148438,8995.0,0.007907867431640625,4146.0,0.008514404296875,4464.0,0.0,0,0.09267294406890869,48587.3125,5000,1000
othim04,erp,1,0,1,0.015,24.212158202905602,0.1572970449924469,82468.953125,24.201112564094586,0.6519322395324707,0.15797242522239685,82823.046875,0.018444061279296875,9670.0,0.007909774780273438,4147.0,0.009654998779296875,5062.0,0.0,0,0.17641648650169373,92493.046875,5000,1000
othim05,erp,1,0,1,0.015,25.174120874559573,0.12563002109527588,65866.3125,25.16653156418366,0.6605534553527832,0.12721098959445953,66695.1953125,0.018358230590820312,9625.0,0.00785064697265625,4116.0,0.0096588134765625,5064.0,0.0,0,0.14556922018527985,76320.1953125,5000,1000
othim06,erp,1,0,1,0.015,25.229133949303005,0.12866991758346558,67460.09375,25.217830069219886,0.6733866930007935,0.12902796268463135,67647.8125,0.018459320068359375,9678.0,0.007953643798828125,4170.0,0.009632110595703125,5050.0,0.0,0,0.14748728275299072,77325.8125,5000,1000
othim07,erp,1,0,1,0.015,28.71130372649201,0.07134737074375153,37406.5703125,28.66356248411019,0.8319458961486816,0.07328091561794281,38420.3046875,0.016244888305664062,8517.0,0.006771087646484375,3550.0,0.008619308471679688,4519.0,0.0,0,0.08952580392360687,46937.3046875,5000,1000
othim08,erp,1,0,1,0.015,29.06360862992297,0.06557369977235794,34379.50390625,29.04766752814882,0.8319430351257324,0.06638623028993607,34805.50390625,0.01873779296875,9824.0,0.007869720458984375,4126.0,0.009897232055664062,5189.0,0.0,0,0.08512402325868607,44629.50390625,5000,1000
othim09,erp,1,0,1,0.015,28.632594830320045,0.07102589309215546,37238.0234375,28.60159467577053,0.8253140449523926,0.07207280397415161,37786.90625,0.01760101318359375,9228.0,0.00704193115234375,3692.0,0.009586334228515625,5026.0,0.0,0,0.08967381715774536,47014.90625,5000,1000
othim10,erp,1,0,1,0.015,27.78760986413465,0.055115923285484314,28896.6171875,27.72458692381507,0.7132369875907898,0.0555926114320755,29146.5390625,0.017171859741210938,9003.0,0.007886886596679688,4135.0,0.008672714233398438,4547.0,0.0,0,0.07276447117328644,38149.5390625,5000,1000
othim11,erp,1,0,1,0.015,27.194019013763036,0.05377030000090599,28191.123046875,27.166762930758036,0.6917988657951355,0.054721400141716,28689.7734375,0.017833709716796875,9350.0,0.008014678955078125,4202.0,0.00894927978515625,4692.0,0.0,0,0.07255510985851288,38039.7734375,5000,1000
othim12,erp,1,0,1,0.015,26.851173730848227,0.061746418476104736,32372.90625,26.83271844338432,0.6886991262435913,0.062144964933395386,32581.859375,0.018365859985351562,9629.0,0.00795745849609375,4172.0,0.009429931640625,4944.0,0.0,0,0.08051082491874695,42210.859375,5000,1000
othim13,erp,1,0,1,0.015,28.499140218049757,0.07186663150787354,37678.8125,28.44977484963499,0.8175057768821716,0.07241706550121307,37967.3984375,0.01740264892578125,9124.0,0.008014678955078125,4202.0,0.008543014526367188,4479.0,0.0,0,0.08981971442699432,47091.3984375,5000,1000
othim14,erp,1,0,1,0.015,28.397611526106136,0.07228691875934601,37899.1640625,28.343441267494754,0.8139564394950867,0.07379204034805298,38688.28125,0.016117095947265625,8450.0,0.006866455078125,3600.0,0.008518218994140625,4466.0,0.0,0,0.0899091362953186,47138.28125,5000,1000
othim15,erp,1,0,1,0.015,28.450666535660236,0.07347016036510468,38519.5234375,28.397153498689857,0.8175048828125,0.0737730860710144,38678.34375,0.017364501953125,9104.0,0.007915496826171875,4150.0,0.00875091552734375,4588.0,0.0,0,0.0911375880241394,47782.34375,5000,1000
othim16,erp,1,0,1,0.015,29.034164629674816,0.06190112233161926,32454.015625,28.938671427674247,0.8367938995361328,0.06285127997398376,32952.171875,0.017011642456054688,8919.0,0.0077610015869140625,4069.0,0.008556365966796875,4486.0,0.0,0,0.07986292243003845,41871.171875,5000,1000
othim17,erp,1,0,1,0.015,29.069820629339393,0.0637018084526062,33398.09375,29.040795299962042,0.8366667628288269,0.06408785283565521,33600.4921875,0.018018722534179688,9447.0,0.0078277587890625,4104.0,0.00946044921875,4960.0,0.0,0,0.0821065753698349,43047.4921875,5000,1000
othim18,erp,1,0,1,0.015,28.9839750746861,0.06258582323789597,32812.99609375,28.89265284910326,0.8343971967697144,0.0635511502623558,33319.10546875,0.017162322998046875,8998.0,0.00782012939453125,4100.0,0.0084991455078125,4456.0,0.0,0,0.08071347326040268,42317.10546875,5000,1000
othim19,erp,1,0,1,0.015,25.20184632662863,0.12548163533210754,65788.515625,25.19564828725647,0.688105583190918,0.12676940858364105,66463.6796875,0.018754959106445312,9833.0,0.00799560546875,4192.0,0.009767532348632812,5121.0,0.0,0,0.14552436769008636,76296.6796875,5000,1000
othim20,erp,1,0,1,0.015,25.03483869233764,0.12368643283843994,64847.3125,25.013752004653536,0.6779375076293945,0.12394766509532928,64984.2734375,0.01908111572265625,10004.0,0.009057998657226562,4749.0,0.008935928344726562,4685.0,0.0,0,0.14302878081798553,74988.2734375,5000,1000
othim21,erp,1,0,1,0.015,25.096183331694373,0.12715914845466614,66668.015625,25.076959161287718,0.6845682859420776,0.12922368943691254,67750.4296875,0.016918182373046875,8870.0,0.0072002410888671875,3775.0,0.0088653564453125,4648.0,0.0,0,0.1461418718099594,76620.4296875,5000,1000
othim22,erp,1,0,1,0.015,28.42419997434196,0.0752120316028595,39432.765625,28.397017928598057,0.817513108253479,0.07591015100479126,39798.78125,0.01859283447265625,9748.0,0.007839202880859375,4110.0,0.009912490844726562,5197.0,0.0,0,0.09450298547744751,49546.78125,5000,1000
othim23,erp,1,0,1,0.015,27.69429686020307,0.07447073608636856,39044.11328125,27.628355806075465,0.7837955951690674,0.07599262148141861,39842.01953125,0.017604827880859375,9230.0,0.00786590576171875,4124.0,0.008752822875976562,4589.0,0.0,0,0.09359744936227798,49072.01953125,5000,1000
othim24,erp,1,0,1,0.015,26.343798924327007,0.08749476820230484,45872.45703125,26.328011565573036,0.7604415416717529,0.08848607540130615,46392.1875,0.018344879150390625,9618.0,0.007781982421875,4080.0,0.009717941284179688,5095.0,0.0,0,0.10683095455169678,56010.1875,5000,1000
othim25,erp,1,0,1,0.015,24.780218393144185,0.15219861268997192,79795.90625,24.753554817158744,0.730592668056488,0.15239542722702026,79899.09375,0.018711090087890625,9810.0,0.009044647216796875,4742.0,0.008817672729492188,4623.0,0.0,0,0.1711065173149109,89709.09375,5000,1000
othim26,erp,1,0,1,0.015,24.717961207347614,0.15327200293540955,80358.671875,24.683717575060566,0.7312695384025574,0.1544967144727707,81000.7734375,0.017543792724609375,9198.0,0.00803375244140625,4212.0,0.008670806884765625,4546.0,0.0,0,0.17204050719738007,90198.7734375,5000,1000
othim27,erp,1,0,1,0.015,25.417359334159162,0.1239859014749527,65004.3203125,25.408059475292603,0.7160731554031372,0.12446217983961105,65254.02734375,0.019588470458984375,10270.0,0.0089874267578125,4712.0,0.0096282958984375,5048.0,0.0,0,0.14405065029859543,75524.02734375,5000,1000
othim28,erp,1,0,1,0.015,25.459804679030594,0.10121828317642212,53067.53125,25.41477367959166,0.7128149271011353,0.10275870561599731,53875.15625,0.015287399291992188,8015.0,0.0070552825927734375,3699.0,0.007488250732421875,3926.0,0.0,0,0.1180461049079895,61890.15625,5000,1000
othim29,erp,1,0,1,0.015,25.721357350572216,0.09651397913694382,50601.12109375,25.706528408729486,0.7220151424407959,0.09806093573570251,51412.171875,0.01750946044921875,9180.0,0.006946563720703125,3642.0,0.009836196899414062,5157.0,0.0,0,0.11557039618492126,60592.171875,5000,1000
othim30,erp,1,0,1,0.015,25.451910710430212,0.10697673261165619,56086.6171875,25.416866059647163,0.7237701416015625,0.10765080153942108,56440.0234375,0.017637252807617188,9247.0,0.008037567138671875,4214.0,0.00875091552734375,4588.0,0.0,0,0.12528805434703827,65687.0234375,5000,1000
othim01,erp,1,1,1,0.007,28.767235494964506,0.13340097665786743,69940.53125,28.738425071636655,0.8056908845901489,0.1335199773311615,70002.921875,0.021121978759765625,11074.0,0.008998870849609375,4718.0,0.011285781860351562,5917.0,0.0,0,0.15464195609092712,81076.921875,5000,1000
othim02,erp,1,1,1,0.007,28.84202236763326,0.1340084969997406,70259.046875,28.824118250955763,0.803747832775116,0.13475871086120605,70652.375,0.021245956420898438,11139.0,0.0089111328125,4672.0,0.01149749755859375,6028.0,0.0,0,0.1560046672821045,81791.375,5000,1000
othim03,erp,1,1,1,0.007,28.553707020884094,0.1321752965450287,69297.921875,28.540917712805513,0.796689510345459,0.13312378525733948,69795.203125,0.019884109497070312,10425.0,0.007930755615234375,4158.0,0.01111602783203125,5828.0,0.0,0,0.1530078947544098,80220.203125,5000,1000
othim04,erp,1,1,1,0.007,26.141695061369706,0.29927313327789307,156905.3125,26.115709526097092,0.7574142217636108,0.30012789368629456,157353.453125,0.018825531005859375,9870.0,0.008058547973632812,4225.0,0.009786605834960938,5131.0,0.0,0,0.31895342469215393,167223.453125,5000,1000
othim05,erp,1,1,1,0.007,26.920683254430415,0.23178166151046753,121520.34375,26.906007724834225,0.748729407787323,0.23216190934181213,121719.703125,0.020999908447265625,11010.0,0.009214401245117188,4831.0,0.011068344116210938,5803.0,0.0,0,0.25316181778907776,132729.703125,5000,1000
othim06,erp,1,1,1,0.007,27.140039845574737,0.23333176970481873,122333.046875,27.129730519294025,0.7635403871536255,0.23362088203430176,122484.625,0.02105712890625,11040.0,0.008890151977539062,4661.0,0.0111846923828125,5864.0,0.0,0,0.25467801094055176,133524.625,5000,1000
othim07,erp,1,1,1,0.007,30.31096224218008,0.11931765079498291,62556.8125,30.28058921297124,0.866620659828186,0.12010398507118225,62969.078125,0.020135879516601562,10557.0,0.007898330688476562,4141.0,0.011381149291992188,5967.0,0.0,0,0.1402398645877838,73526.078125,5000,1000
othim08,erp,1,1,1,0.007,30.354726250383308,0.10501019656658173,55055.5859375,30.330649117920245,0.8650984764099121,0.10607342422008514,55613.0234375,0.02002716064453125,10500.0,0.0078277587890625,4104.0,0.0113525390625,5952.0,0.0,0,0.1261005848646164,66113.0234375,5000,1000
othim09,erp,1,1,1,0.007,30.328064574767968,0.1242680698633194,65152.2578125,30.287874724002545,0.8633784651756287,0.12672698497772217,66441.4375,0.018541336059570312,9721.0,0.0067157745361328125,3521.0,0.010980606079101562,5757.0,0.0,0,0.14526832103729248,76162.4375,5000,1000
othim10,erp,1,1,1,0.007,29.250882245813983,0.1059141457080841,55529.515625,29.230188676302618,0.7720931768417358,0.10648469626903534,55828.6484375,0.020204544067382812,10593.0,0.00783538818359375,4108.0,0.011648178100585938,6107.0,0.0,0,0.12668924033641815,66421.6484375,5000,1000
othim11,erp,1,1,1,0.007,28.631012024151534,0.11499540507793427,60290.7109375,28.602203513060612,0.7599753141403198,0.11561943590641022,60617.8828125,0.019794464111328125,10378.0,0.008026123046875,4208.0,0.010805130004882812,5665.0,0.0,0,0.13541390001773834,70995.8828125,5000,1000
othim12,erp,1,1,1,0.007,28.243701135198446,0.12445293366909027,65249.1796875,28.22121416002182,0.7536500692367554,0.12468387186527252,65370.2578125,0.021114349365234375,11070.0,0.00909423828125,4768.0,0.011035919189453125,5786.0,0.0,0,0.1457982212305069,76440.2578125,5000,1000
othim13,erp,1,1,1,0.007,29.924866494249823,0.11005036532878876,57698.0859375,29.880197606216004,0.8530847430229187,0.11037471890449524,57868.140625,0.020181655883789062,10581.0,0.008966445922851562,4701.0,0.010362625122070312,5433.0,0.0,0,0.1305563747882843,68449.140625,5000,1000
othim14,erp,1,1,1,0.007,30.062124613095534,0.11767245084047318,61694.25390625,30.048008022715255,0.8551669120788574,0.11796564608812332,61847.97265625,0.021139144897460938,11083.0,0.008928298950195312,4681.0,0.011362075805664062,5957.0,0.0,0,0.13910479098558426,72930.97265625,5000,1000
othim15,erp,1,1,1,0.007,29.900182192877327,0.11197128891944885,58705.203125,29.877877686576372,0.8529056906700134,0.11211830377578735,58782.28125,0.02126312255859375,11148.0,0.0089111328125,4672.0,0.011384963989257812,5969.0,0.0,0,0.1333814263343811,69930.28125,5000,1000
othim16,erp,1,1,1,0.007,30.394398635566684,0.09931871294975281,52071.609375,30.323929212627178,0.8651187419891357,0.10054431855678558,52714.1796875,0.018705368041992188,9807.0,0.007944107055664062,4165.0,0.009944915771484375,5214.0,0.0,0,0.11924968659877777,62521.1796875,5000,1000
othim17,erp,1,1,1,0.007,30.42359701702706,0.09813684225082397,51451.96875,30.40070667409483,0.866390585899353,0.0986955314874649,51744.8828125,0.020053863525390625,10514.0,0.007925033569335938,4155.0,0.0111846923828125,5864.0,0.0,0,0.11874939501285553,62258.8828125,5000,1000
othim18,erp,1,1,1,0.007,30.5818779819104,0.097005695104599,50858.921875,30.564537685017683,0.8680744171142578,0.09821249544620514,51491.6328125,0.019060134887695312,9993.0,0.0069217681884765625,3629.0,0.011304855346679688,5927.0,0.0,0,0.11727263033390045,61484.6328125,5000,1000
othim19,erp,1,1,1,0.007,27.01781741467865,0.2316439151763916,121448.125,27.00747610272035,0.7749593257904053,0.2324521392583847,121871.8671875,0.020124435424804688,10551.0,0.007894515991210938,4139.0,0.011394500732421875,5974.0,0.0,0,0.2525765746831894,132422.8671875,5000,1000
othim20,erp,1,1,1,0.007,26.93159462464588,0.22608324885368347,118532.734375,26.91958256322118,0.7715593576431274,0.22619572281837463,118591.703125,0.022432327270507812,11761.0,0.010015487670898438,5251.0,0.011447906494140625,6002.0,0.0,0,0.24862805008888245,130352.703125,5000,1000
othim21,erp,1,1,1,0.007,26.646501732313443,0.21932724118232727,114990.640625,26.627318020707296,0.7692772746086121,0.22000953555107117,115348.359375,0.018892288208007812,9905.0,0.007890701293945312,4137.0,0.010149002075195312,5321.0,0.0,0,0.23890182375907898,125253.359375,5000,1000
othim22,erp,1,1,1,0.007,29.756598374964824,0.12263575196266174,64296.453125,29.70593585589118,0.8461429476737976,0.12357896566390991,64790.96875,0.020189285278320312,10585.0,0.007837295532226562,4109.0,0.011493682861328125,6026.0,0.0,0,0.14376825094223022,75375.96875,5000,1000
othim23,erp,1,1,1,0.007,29.31998423810298,0.1266920417547226,66423.1171875,29.284513508955957,0.8405183553695679,0.12758877873420715,66893.265625,0.02082061767578125,10916.0,0.008749008178710938,4587.0,0.011121749877929688,5831.0,0.0,0,0.1484093964099884,77809.265625,5000,1000
othim24,erp,1,1,1,0.007,27.793176956033278,0.15901148319244385,83367.8125,27.760778901568262,0.822382926940918,0.15942968428134918,83587.0703125,0.020294189453125,10640.0,0.009235382080078125,4842.0,0.010210037231445312,5353.0,0.0,0,0.17972387373447418,94227.0703125,5000,1000
othim25,erp,1,1,1,0.007,26.92944292608517,0.27839547395706177,145959.40625,26.921493786464115,0.8018593788146973,0.2795056104660034,146541.4375,0.020513534545898438,10755.0,0.007938385009765625,4162.0,0.011606216430664062,6085.0,0.0,0,0.30001914501190186,157296.4375,5000,1000
othim26,erp,1,1,1,0.007,26.961881221366642,0.27973657846450806,146662.53125,26.9467355326256,0.8029314875602722,0.2813361883163452,147501.1875,0.0199432373046875,10456.0,0.00795745849609375,4172.0,0.011133193969726562,5837.0,0.0,0,0.3012794256210327,157957.1875,5000,1000
othim27,erp,1,1,1,0.007,27.283241245354617,0.22347520291805267,117165.3671875,27.269741494798467,0.7822846174240112,0.22488316893577576,117903.546875,0.020050048828125,10512.0,0.007841110229492188,4111.0,0.011354446411132812,5953.0,0.0,0,0.24493321776390076,128415.546875,5000,1000
othim28,erp,1,1,1,0.007,27.08082890358716,0.1980755627155304,103848.640625,27.062871336653547,0.7928513288497925,0.19873738288879395,104195.625,0.02008819580078125,10532.0,0.007837295532226562,4109.0,0.011516571044921875,6038.0,0.0,0,0.2188255786895752,114727.625,5000,1000
othim29,erp,1,1,1,0.007,27.417866136370957,0.18442486226558685,96691.7421875,27.404349806931823,0.7954866290092468,0.18490704894065857,96944.546875,0.021087646484375,11056.0,0.008943557739257812,4689.0,0.011188507080078125,5866.0,0.0,0,0.20599469542503357,108000.546875,5000,1000
othim30,erp,1,1,1,0.007,26.932651630836954,0.18504931032657623,97019.1328125,26.9243807713538,0.7951146960258484,0.18711523711681366,98102.2734375,0.020364761352539062,10677.0,0.00789642333984375,4140.0,0.011480331420898438,6019.0,0.0,0,0.20747999846935272,108779.2734375,5000,1000
othim01,erp,1,1,1,0.015,27.288001164756555,0.0780806839466095,40936.765625,27.22889658478535,0.7498553991317749,0.0789860263466835,41411.42578125,0.018957138061523438,9939.0,0.007915496826171875,4150.0,0.0102081298828125,5352.0,0.0,0,0.09794316440820694,51350.42578125,5000,1000
othim02,erp,1,1,1,0.015,27.0906844455686,0.07501977682113647,39331.96875,27.071440731832734,0.7413123846054077,0.07523806393146515,39446.4140625,0.0208587646484375,10936.0,0.009050369262695312,4745.0,0.011091232299804688,5815.0,0.0,0,0.09609682857990265,50382.4140625,5000,1000
othim03,erp,1,1,1,0.015,27.00294221491714,0.07540932297706604,39536.203125,26.98818205868453,0.7362154722213745,0.07585638016462326,39770.58984375,0.0197296142578125,10344.0,0.0079803466796875,4184.0,0.010900497436523438,5715.0,0.0,0,0.09558599442243576,50114.58984375,5000,1000
othim04,erp,1,1,1,0.015,24.201043192523937,0.1585560142993927,83129.015625,24.178686328183506,0.6498451828956604,0.15995892882347107,83864.546875,0.018815994262695312,9865.0,0.007867813110351562,4125.0,0.009960174560546875,5222.0,0.0,0,0.17877492308616638,93729.546875,5000,1000
othim05,erp,1,1,1,0.015,25.192381018612366,0.12467695027589798,65366.62890625,25.17205798996082,0.6583276391029358,0.12506085634231567,65567.90625,0.019399642944335938,10171.0,0.008876800537109375,4654.0,0.009675979614257812,5073.0,0.0,0,0.1444604992866516,75738.90625,5000,1000
othim06,erp,1,1,1,0.015,25.237329130607236,0.12667429447174072,66413.8125,25.217956699791078,0.6710934638977051,0.12802693247795105,67122.984375,0.018728256225585938,9819.0,0.007843017578125,4112.0,0.0101318359375,5312.0,0.0,0,0.146755188703537,76941.984375,5000,1000
othim07,erp,1,1,1,0.015,28.69404482317529,0.07145148515701294,37461.15625,28.634202278308624,0.8318872451782227,0.07160422950983047,37541.23828125,0.020132064819335938,10555.0,0.008947372436523438,4691.0,0.010326385498046875,5414.0,0.0,0,0.09173629432916641,48096.23828125,5000,1000
othim08,erp,1,1,1,0.015,28.863976712720614,0.0632433146238327,33157.7109375,28.81505725913617,0.8286880254745483,0.06470068544149399,33921.79296875,0.019090652465820312,10009.0,0.00807952880859375,4236.0,0.010272979736328125,5386.0,0.0,0,0.0837913379073143,43930.79296875,5000,1000
othim09,erp,1,1,1,0.015,28.668724616335613,0.07036200910806656,36889.95703125,28.616381105438972,0.8262325525283813,0.07048375904560089,36953.7890625,0.020298004150390625,10642.0,0.00909423828125,4768.0,0.010354995727539062,5429.0,0.0,0,0.09078176319599152,47595.7890625,5000,1000
othim10,erp,1,1,1,0.015,27.815571153712536,0.05384872108697891,28232.23828125,27.792543424350995,0.7146730422973633,0.05516069382429123,28920.08984375,0.018833160400390625,9874.0,0.006725311279296875,3526.0,0.011354446411132812,5953.0,0.0,0,0.07399385422468185,38794.08984375,5000,1000
othim11,erp,1,1,1,0.015,27.098428985842947,0.057820700109004974,30314.69921875,27.075376956190762,0.6908707618713379,0.0581330806016922,30478.4765625,0.021093368530273438,11059.0,0.00896453857421875,4700.0,0.011270523071289062,5909.0,0.0,0,0.07922644913196564,41537.4765625,5000,1000
othim12,erp,1,1,1,0.015,26.622922952091148,0.06210533529520035,32561.08203125,26.561971371236893,0.6809161901473999,0.06420999020338058,33664.52734375,0.017293930053710938,9067.0,0.006923675537109375,3630.0,0.009723663330078125,5098.0,0.0,0,0.08150392025709152,42731.52734375,5000,1000
othim13,erp,1,1,1,0.015,28.53591671710389,0.06928397715091705,36324.7578125,28.490676471875798,0.8183926343917847,0.07035615295171738,36886.88671875,0.018854141235351562,9885.0,0.007909774780273438,4147.0,0.010229110717773438,5363.0,0.0,0,0.08921029418706894,46771.88671875,5000,1000
othim14,erp,1,1,1,0.015,28.539135942895417,0.07197099924087524,37733.53125,28.477568284787793,0.817867636680603,0.07223837077617645,37873.7109375,0.018884658813476562,9901.0,0.00797271728515625,4180.0,0.010057449340820312,5273.0,0.0,0,0.09112302958965302,47774.7109375,5000,1000
othim15,erp,1,1,1,0.015,28.4239547354513,0.07276822626590729,38151.5078125,28.400701324317946,0.817284107208252,0.07340440154075623,38485.046875,0.020750045776367188,10879.0,0.007890701293945312,4137.0,0.0120086669921875,6296.0,0.0,0,0.09415444731712341,49364.046875,5000,1000
othim16,erp,1,1,1,0.015,29.0393831793612,0.06359264999628067,33340.86328125,28.948742407725874,0.8377670049667358,0.0639963150024414,33552.5,0.018342971801757812,9617.0,0.007883071899414062,4133.0,0.009740829467773438,5107.0,0.0,0,0.08233928680419922,43169.5,5000,1000
othim17,erp,1,1,1,0.015,28.95897497222246,0.06132104992866516,32149.890625,28.892973281056427,0.8347269892692566,0.06205414980649948,32534.24609375,0.018598556518554688,9751.0,0.007905960083007812,4145.0,0.009965896606445312,5225.0,0.0,0,0.08065270632505417,42285.24609375,5000,1000
othim18,erp,1,1,1,0.015,29.114093400966482,0.06189695745706558,32451.83203125,29.03050459785778,0.8374566435813904,0.06260249763727188,32821.73828125,0.018918991088867188,9919.0,0.008142471313476562,4269.0,0.010057449340820312,5273.0,0.0,0,0.08152148872613907,42740.73828125,5000,1000
othim19,erp,1,1,1,0.015,25.20999420969577,0.12387702614068985,64947.23828125,25.177993895977135,0.6858906745910645,0.12398213148117065,65002.34375,0.020969390869140625,10994.0,0.010168075561523438,5331.0,0.0100555419921875,5272.0,0.0,0,0.14495152235031128,75996.34375,5000,1000
othim20,erp,1,1,1,0.015,25.17219788385269,0.12463393062353134,65344.07421875,25.14396881161805,0.6842979192733765,0.12580859661102295,65959.9375,0.018995285034179688,9959.0,0.008031845092773438,4211.0,0.010229110717773438,5363.0,0.0,0,0.14480388164520264,75918.9375,5000,1000
othim21,erp,1,1,1,0.015,25.025868099367585,0.12368127703666687,64844.609375,25.002295719797235,0.6811201572418213,0.12439195066690445,65217.20703125,0.01868438720703125,9796.0,0.00777435302734375,4076.0,0.01003265380859375,5260.0,0.0,0,0.1430763378739357,75013.20703125,5000,1000
othim22,erp,1,1,1,0.015,28.290862062921633,0.07503746449947357,39341.2421875,28.253478326450836,0.8145052194595337,0.07599343359470367,39842.4453125,0.01993560791015625,10452.0,0.0078067779541015625,4093.0,0.0112762451171875,5912.0,0.0,0,0.09592904150485992,50294.4453125,5000,1000
othim23,erp,1,1,1,0.015,27.67070549545478,0.07531358301639557,39486.0078125,27.630799448241188,0.7842913866043091,0.07607133686542511,39883.2890625,0.02028656005859375,10636.0,0.008014678955078125,4202.0,0.011302947998046875,5926.0,0.0,0,0.09635789692401886,50519.2890625,5000,1000
othim24,erp,1,1,1,0.015,26.295858932255072,0.08919435739517212,46763.53125,26.274610283131427,0.7599185705184937,0.08942995965480804,46887.0546875,0.021022796630859375,11022.0,0.008890151977539062,4661.0,0.011295318603515625,5922.0,0.0,0,0.11045275628566742,57909.0546875,5000,1000
othim25,erp,1,1,1,0.015,24.819337408750926,0.15084245800971985,79084.890625,24.811512931961328,0.7329564094543457,0.15169692039489746,79532.875,0.020364761352539062,10677.0,0.007900238037109375,4142.0,0.0114898681640625,6024.0,0.0,0,0.17206168174743652,90209.875,5000,1000
othim26,erp,1,1,1,0.015,24.82404408234861,0.15207022428512573,79728.59375,24.800024509360252,0.7316879034042358,0.15280042588710785,80111.4296875,0.0198211669921875,10392.0,0.008943557739257812,4689.0,0.010015487670898438,5251.0,0.0,0,0.17262159287929535,90503.4296875,5000,1000
othim27,erp,1,1,1,0.015,25.446936179592555,0.12673689424991608,66446.6328125,25.423763620191608,0.7177879810333252,0.12937435507774353,67829.421875,0.0186004638671875,9752.0,0.006885528564453125,3610.0,0.010992050170898438,5763.0,0.0,0,0.14797481894493103,77581.421875,5000,1000
othim28,erp,1,1,1,0.015,25.506768467903782,0.1003631055355072,52619.171875,25.488108415675953,0.7172586917877197,0.10095220804214478,52928.03125,0.019073486328125,10000.0,0.0077457427978515625,4061.0,0.010463714599609375,5486.0,0.0,0,0.12002569437026978,62928.03125,5000,1000
othim29,erp,1,1,1,0.015,25.701278547266668,0.09452339261770248,49557.48046875,25.674175708179774,0.7216122150421143,0.09613001346588135,50399.8125,0.01784515380859375,9356.0,0.0069370269775390625,3637.0,0.010171890258789062,5333.0,0.0,0,0.1139751672744751,59755.8125,5000,1000
othim30,erp,1,1,1,0.015,25.39538109844253,0.10295459628105164,53977.859375,25.37312671594313,0.7192938327789307,0.10414082556962967,54599.78515625,0.019235610961914062,10085.0,0.008052825927734375,4222.0,0.010320663452148438,5411.0,0.0,0,0.12337643653154373,64684.78515625,5000,1000
othim01,full,0,0,1,0.0015,32.68543504097491,0.3824995756149292,200539.9375,32.67408929526943,0.8961448669433594,0.38306546211242676,200836.625,0.020305633544921875,10646.0,0.00893402099609375,4684.0,0.010324478149414062,5413.0,0.0,0,0.40337109565734863,211482.625,5000,1000
othim02,full,0,0,1,0.0015,32.67671864063112,0.3831769824028015,200895.09375,32.67007880001928,0.8948621153831482,0.385348379611969,202033.53125,0.01941680908203125,10180.0,0.007904052734375,4144.0,0.0105743408203125,5544.0,0.0,0,0.40476518869400024,212213.53125,5000,1000
othim03,full,0,0,1,0.0015,32.680573007063714,0.38218817114830017,200376.671875,32.671908084397806,0.8932780623435974,0.38243022561073303,200503.578125,0.021032333374023438,11027.0,0.009906768798828125,5194.0,0.010202407836914062,5349.0,0.0,0,0.40346255898475647,211530.578125,5000,1000
othim04,full,0,0,1,0.0015,30.839462417595428,0.8174547553062439,428581.71875,30.83316340496697,0.9036502838134766,0.8176612854003906,428690.0,0.020864486694335938,10939.0,0.009744644165039062,5109.0,0.010196685791015625,5346.0,0.0,0,0.8385257720947266,439629.0,5000,1000
othim05,full,0,0,1,0.0015,31.426282357482993,0.6390703320503235,335056.90625,31.418184252450928,0.8911728858947754,0.6405404806137085,335827.6875,0.019071578979492188,9999.0,0.0077953338623046875,4087.0,0.01049041748046875,5500.0,0.0,0,0.6596120595932007,345826.6875,5000,1000
othim06,full,0,0,1,0.0015,31.390042622840994,0.6533194780349731,342527.5625,31.383778262960664,0.8920578956604004,0.6539607048034668,342863.75,0.020137786865234375,10558.0,0.008831024169921875,4630.0,0.010364532470703125,5434.0,0.0,0,0.6740984916687012,353421.75,5000,1000
othim07,full,0,0,1,0.0015,34.11979749920832,0.2798175811767578,146705.0,34.107323263855875,0.9241288900375366,0.28063029050827026,147131.09375,0.021175384521484375,11102.0,0.009935379028320312,5209.0,0.010280609130859375,5390.0,0.0,0,0.30180567502975464,158233.09375,5000,1000
othim08,full,0,0,1,0.0015,34.02878903665732,0.250263512134552,131210.15625,34.01858721232779,0.9196536540985107,0.2508242130279541,131504.125,0.019916534423828125,10442.0,0.008754730224609375,4590.0,0.010223388671875,5360.0,0.0,0,0.2707407474517822,141946.125,5000,1000
othim09,full,0,0,1,0.0015,33.93637883522828,0.2743037939071655,143814.1875,33.91722753654737,0.9199334979057312,0.2745460271835327,143941.1875,0.020660400390625,10832.0,0.009012222290039062,4725.0,0.010585784912109375,5550.0,0.0,0,0.2952064275741577,154773.1875,5000,1000
othim10,full,0,0,1,0.0015,32.2829779625877,0.2929712235927582,153601.296875,32.26796412593949,0.8606687784194946,0.2934332489967346,153843.53125,0.02021026611328125,10596.0,0.00896453857421875,4700.0,0.010282516479492188,5391.0,0.0,0,0.31364351511001587,164439.53125,5000,1000
othim11,full,0,0,1,0.0015,32.09727464590919,0.3524700999259949,184795.84375,32.09133482794147,0.866398274898529,0.35286736488342285,185004.125,0.020490646362304688,10743.0,0.008916854858398438,4675.0,0.010496139526367188,5503.0,0.0,0,0.37335801124572754,195747.125,5000,1000
othim12,full,0,0,1,0.0015,32.0316850955233,0.4081868529319763,214007.46875,32.01213260412059,0.8706545829772949,0.4083493947982788,214092.6875,0.020048141479492188,10511.0,0.009897232055664062,5189.0,0.009212493896484375,4830.0,0.0,0,0.428397536277771,224603.6875,5000,1000
othim13,full,0,0,1,0.0015,33.75730770263577,0.2859872281551361,149939.671875,33.744282601643114,0.9081621170043945,0.28669703006744385,150311.8125,0.018468856811523438,9683.0,0.007974624633789062,4181.0,0.009584426879882812,5025.0,0.0,0,0.3051658868789673,159994.8125,5000,1000
othim14,full,0,0,1,0.0015,33.821656571503844,0.28835630416870117,151181.75,33.813028147639336,0.9086825251579285,0.28971803188323975,151895.6875,0.019689559936523438,10323.0,0.008777618408203125,4602.0,0.010105133056640625,5298.0,0.0,0,0.3094075918197632,162218.6875,5000,1000
othim15,full,0,0,1,0.0015,33.62583297292859,0.29688018560409546,155650.71875,33.60568673861683,0.9060346484184265,0.29735660552978516,155900.5,0.018941879272460938,9931.0,0.008840560913085938,4635.0,0.009187698364257812,4817.0,0.0,0,0.3162984848022461,165831.5,5000,1000
othim16,full,0,0,1,0.0015,34.36287548678368,0.259493350982666,136049.25,34.33978152996831,0.9195502996444702,0.2601515054702759,136394.3125,0.019367218017578125,10154.0,0.008932113647460938,4683.0,0.0096588134765625,5064.0,0.0,0,0.279518723487854,146548.3125,5000,1000
othim17,full,0,0,1,0.0015,34.2377612748569,0.28531819581985474,149588.90625,34.22243875259913,0.9172123670578003,0.2861376404762268,150018.53125,0.019975662231445312,10473.0,0.009008407592773438,4723.0,0.00991058349609375,5196.0,0.0,0,0.3061133027076721,160491.53125,5000,1000
othim18,full,0,0,1,0.0015,34.322719240110935,0.26299840211868286,137886.90625,34.312766396130804,0.9185298681259155,0.2636963427066803,138252.828125,0.019975662231445312,10473.0,0.00885772705078125,4644.0,0.010290145874023438,5395.0,0.0,0,0.2836720049381256,148725.828125,5000,1000
othim19,full,0,0,1,0.0015,31.52213537169852,0.6306614279747009,330648.21875,31.502723370328265,0.9022672176361084,0.6313714981079102,331020.5,0.019262313842773438,10099.0,0.008968353271484375,4702.0,0.00949859619140625,4980.0,0.0,0,0.6506338119506836,341119.5,5000,1000
othim20,full,0,0,1,0.0015,31.528197190355428,0.6275354623794556,329009.3125,31.523481946485635,0.9000908136367798,0.6282237768173218,329370.1875,0.020414352416992188,10703.0,0.008945465087890625,4690.0,0.010555267333984375,5534.0,0.0,0,0.648638129234314,340073.1875,5000,1000
othim21,full,0,0,1,0.0015,31.39129215090843,0.6467081904411316,339061.34375,31.384052310541858,0.8999530673027039,0.6471047401428223,339269.25,0.020238876342773438,10611.0,0.009019851684570312,4729.0,0.010274887084960938,5387.0,0.0,0,0.6673436164855957,349880.25,5000,1000
othim22,full,0,0,1,0.0015,33.4157555653874,0.34822794795036316,182571.734375,33.38299442480222,0.9063300490379333,0.3487453758716583,182843.015625,0.018705368041992188,9807.0,0.008831024169921875,4630.0,0.008914947509765625,4674.0,0.0,0,0.3674507439136505,192650.015625,5000,1000
othim23,full,0,0,1,0.0015,32.995955376224664,0.3621111512184143,189850.53125,32.99185256857175,0.9122387766838074,0.36249011754989624,190049.21875,0.022655487060546875,11878.0,0.009862899780273438,5171.0,0.011810302734375,6192.0,0.0,0,0.3851456046104431,201927.21875,5000,1000
othim24,full,0,0,1,0.0015,32.37789864683964,0.5023735761642456,263388.4375,32.36752189339532,0.9175041913986206,0.5026438236236572,263530.125,0.021059036254882812,11041.0,0.009860992431640625,5170.0,0.01024627685546875,5372.0,0.0,0,0.52370285987854,274571.125,5000,1000
othim25,full,0,0,1,0.0015,30.62218589546406,0.6630077958106995,347607.03125,30.617993856455723,0.8963910341262817,0.6641121506690979,348186.03125,0.021184921264648438,11107.0,0.008798599243164062,4613.0,0.011453628540039062,6005.0,0.0,0,0.6852970719337463,359293.03125,5000,1000
othim26,full,0,0,1,0.0015,30.656927112811342,0.6631406545639038,347676.6875,30.641160057933345,0.8967664241790771,0.6638960242271423,348072.71875,0.018980026245117188,9951.0,0.008892059326171875,4662.0,0.00928497314453125,4868.0,0.0,0,0.6828760504722595,358023.71875,5000,1000
othim27,full,0,0,1,0.0015,30.632539207961372,0.5630201101303101,295184.6875,30.62454703677948,0.8800908327102661,0.5637016296386719,295542.0,0.019611358642578125,10282.0,0.008733749389648438,4579.0,0.010082244873046875,5286.0,0.0,0,0.58331298828125,305824.0,5000,1000
othim28,full,0,0,1,0.0015,31.75765145235397,0.5861623287200928,307317.875,31.751033104904227,0.9095333814620972,0.5864031314849854,307444.125,0.0212860107421875,11160.0,0.009990692138671875,5238.0,0.010519027709960938,5515.0,0.0,0,0.6076891422271729,318604.125,5000,1000
othim29,full,0,0,1,0.0015,32.02489841161153,0.5624426007270813,294881.90625,32.0168048932603,0.9019019603729248,0.5638341307640076,295611.46875,0.019159317016601562,10045.0,0.007989883422851562,4189.0,0.0103912353515625,5448.0,0.0,0,0.5829934477806091,305656.46875,5000,1000
othim30,full,0,0,1,0.0015,31.785274215164986,0.6077545881271362,318638.4375,31.77506254524282,0.9093960523605347,0.6080665588378906,318802.0,0.019756317138671875,10358.0,0.008758544921875,4592.0,0.010089874267578125,5290.0,0.0,0,0.6278228759765625,329160.0,5000,1000
othim01,full,0,0,1,0.0025,30.968911781635217,0.26248830556869507,137619.46875,30.95555753524326,0.8645315170288086,0.2629818022251129,137878.203125,0.020137786865234375,10558.0,0.00894927978515625,4692.0,0.010345458984375,5424.0,0.0,0,0.2831195890903473,148436.203125,5000,1000
othim02,full,0,0,1,0.0025,31.112656889183032,0.2718071937561035,142505.25,31.093332944820588,0.865172266960144,0.2726351022720337,142939.3125,0.01912689208984375,10028.0,0.00908660888671875,4764.0,0.009099960327148438,4771.0,0.0,0,0.29176199436187744,152967.3125,5000,1000
othim03,full,0,0,1,0.0025,31.121226099874608,0.2723575234413147,142793.78125,31.11394137437284,0.8638097643852234,0.2728293240070343,143041.140625,0.020174026489257812,10577.0,0.00894927978515625,4692.0,0.0102691650390625,5384.0,0.0,0,0.2930033504962921,153618.140625,5000,1000
othim04,full,0,0,1,0.0025,28.860306388815967,0.5847867727279663,306596.6875,28.851975495158452,0.8554250597953796,0.5861080884933472,307289.4375,0.0186767578125,9792.0,0.0076694488525390625,4021.0,0.010036468505859375,5262.0,0.0,0,0.6047848463058472,317081.4375,5000,1000
othim05,full,0,0,1,0.0025,29.612154625358595,0.45110148191452026,236507.09375,29.602714233570566,0.8461031913757324,0.45275548100471497,237374.265625,0.01781463623046875,9340.0,0.007848739624023438,4115.0,0.009130477905273438,4787.0,0.0,0,0.4705701172351837,246714.265625,5000,1000
othim06,full,0,0,1,0.0025,29.728052845392423,0.4629063010215759,242696.21875,29.726009459383267,0.8508543968200684,0.46326979994773865,242886.796875,0.021137237548828125,11082.0,0.00873565673828125,4580.0,0.011457443237304688,6007.0,0.0,0,0.4844070374965668,253968.796875,5000,1000
othim07,full,0,0,1,0.0025,32.47371932016231,0.2070479542016983,108552.7578125,32.449149750666145,0.9032730460166931,0.2090950459241867,109626.0234375,0.01796722412109375,9420.0,0.007856369018554688,4119.0,0.009283065795898438,4867.0,0.0,0,0.22706227004528046,119046.0234375,5000,1000
othim08,full,0,0,1,0.0025,32.508311591873394,0.18775804340839386,98439.2890625,32.49683482931467,0.9002076983451843,0.19003120064735413,99631.078125,0.018999099731445312,9961.0,0.007877349853515625,4130.0,0.0101776123046875,5336.0,0.0,0,0.20903030037879944,109592.078125,5000,1000
othim09,full,0,0,1,0.0025,32.38839491407009,0.19852611422538757,104084.859375,32.36377169565386,0.8978163003921509,0.19900554418563843,104336.21875,0.02056121826171875,10780.0,0.009019851684570312,4729.0,0.010694503784179688,5607.0,0.0,0,0.21956676244735718,115116.21875,5000,1000
othim10,full,0,0,1,0.0025,30.785793611198397,0.19797517359256744,103796.0078125,30.76119088644141,0.8212167620658875,0.19937631487846375,104530.609375,0.017942428588867188,9407.0,0.0078105926513671875,4095.0,0.00930023193359375,4876.0,0.0,0,0.21731874346733093,113937.609375,5000,1000
othim11,full,0,0,1,0.0025,30.575916398574876,0.2367303967475891,124114.90625,30.57035118335656,0.8262640237808228,0.23765721917152405,124600.828125,0.020275115966796875,10630.0,0.00901031494140625,4724.0,0.01030731201171875,5404.0,0.0,0,0.2579323351383209,135230.828125,5000,1000
othim12,full,0,0,1,0.0025,30.423238063812345,0.2821371257305145,147921.109375,30.410326931910337,0.8283040523529053,0.283502995967865,148637.21875,0.018110275268554688,9495.0,0.0077762603759765625,4077.0,0.00949859619140625,4980.0,0.0,0,0.3016132712364197,158132.21875,5000,1000
othim13,full,0,0,1,0.0025,32.05803610892812,0.2000303566455841,104873.515625,32.03188730512502,0.8845003843307495,0.20048654079437256,105112.6875,0.019195556640625,10064.0,0.009063720703125,4752.0,0.009313583374023438,4883.0,0.0,0,0.21968209743499756,115176.6875,5000,1000
othim14,full,0,0,1,0.0025,32.24627758238724,0.20497673749923706,107466.84375,32.23354501244865,0.8877541422843933,0.2064758688211441,108252.8203125,0.01796722412109375,9420.0,0.0077495574951171875,4063.0,0.009393692016601562,4925.0,0.0,0,0.22444309294223785,117672.8203125,5000,1000
othim15,full,0,0,1,0.0025,32.13026581091082,0.21310964226722717,111730.828125,32.10215383005461,0.8868250250816345,0.2142971158027649,112353.40625,0.017871856689453125,9370.0,0.007968902587890625,4178.0,0.00919342041015625,4820.0,0.0,0,0.23216897249221802,121723.40625,5000,1000
othim16,full,0,0,1,0.0025,32.60539635296578,0.18594621121883392,97489.3671875,32.59838605270837,0.8971214294433594,0.18628409504890442,97666.515625,0.019918441772460938,10443.0,0.008893966674804688,4663.0,0.010190963745117188,5343.0,0.0,0,0.20620253682136536,108109.515625,5000,1000
othim17,full,0,0,1,0.0025,32.61513820843848,0.18799951672554016,98565.890625,32.60697055274898,0.8982202410697937,0.18881383538246155,98992.828125,0.019077301025390625,10002.0,0.007946014404296875,4166.0,0.01018524169921875,5340.0,0.0,0,0.20789113640785217,108994.828125,5000,1000
othim18,full,0,0,1,0.0025,32.69824283763048,0.18200603127479553,95423.578125,32.68725700697891,0.8968930244445801,0.18293899297714233,95912.71875,0.019176483154296875,10054.0,0.007986068725585938,4187.0,0.010255813598632812,5377.0,0.0,0,0.2021154761314392,105966.71875,5000,1000
othim19,full,0,0,1,0.0025,29.735674930113237,0.47964462637901306,251471.921875,29.72616352732672,0.8644977807998657,0.480022132396698,251669.84375,0.019041061401367188,9983.0,0.009128570556640625,4786.0,0.009073257446289062,4757.0,0.0,0,0.4990631937980652,261652.84375,5000,1000
othim20,full,0,0,1,0.0025,29.87024168791973,0.475364089012146,249227.6875,29.866316572291584,0.8636910319328308,0.47568023204803467,249393.4375,0.02020263671875,10592.0,0.0088958740234375,4664.0,0.010477066040039062,5493.0,0.0,0,0.49588286876678467,259985.4375,5000,1000
othim21,full,0,0,1,0.0025,29.75625562676849,0.4719462990760803,247435.78125,29.739089314261037,0.8656348586082458,0.47303709387779236,248007.671875,0.0180816650390625,9480.0,0.00797271728515625,4180.0,0.009302139282226562,4877.0,0.0,0,0.49111875891685486,257487.671875,5000,1000
othim22,full,0,0,1,0.0025,32.03808076527241,0.232692688703537,121997.984375,32.02462815986769,0.8872272372245789,0.23394043743610382,122652.1640625,0.019186019897460938,10059.0,0.007884979248046875,4134.0,0.010326385498046875,5414.0,0.0,0,0.25312645733356476,132711.1640625,5000,1000
othim23,full,0,0,1,0.0025,31.144038393900747,0.2428140789270401,127304.5078125,31.133034508106146,0.8806936740875244,0.24382033944129944,127832.078125,0.020528793334960938,10763.0,0.00897979736328125,4708.0,0.010469436645507812,5489.0,0.0,0,0.2643491327762604,138595.078125,5000,1000
othim24,full,0,0,1,0.0025,30.803971397205682,0.3649318218231201,191329.375,30.79501115830601,0.8895245790481567,0.3655257821083069,191640.78125,0.020483016967773438,10739.0,0.0091400146484375,4792.0,0.01064300537109375,5580.0,0.0,0,0.3860087990760803,202379.78125,5000,1000
othim25,full,0,0,1,0.0025,28.998779646829757,0.49628400802612305,260195.75,28.991405094439873,0.8648542165756226,0.4966444671154022,260384.734375,0.0203704833984375,10680.0,0.00896453857421875,4700.0,0.010570526123046875,5542.0,0.0,0,0.5170149505138397,271064.734375,5000,1000
othim26,full,0,0,1,0.0025,29.11425337397044,0.49777957797050476,260979.859375,29.108397820161944,0.8670344352722168,0.4980264902114868,261109.3125,0.020154953002929688,10567.0,0.00897979736328125,4708.0,0.010227203369140625,5362.0,0.0,0,0.5181814432144165,271676.3125,5000,1000
othim27,full,0,0,1,0.0025,29.275390253558413,0.3995925188064575,209501.5625,29.27083539446608,0.8483972549438477,0.39989563822746277,209660.484375,0.020481109619140625,10738.0,0.00901031494140625,4724.0,0.010396957397460938,5451.0,0.0,0,0.4203767478466034,220398.484375,5000,1000
othim28,full,0,0,1,0.0025,29.94561828661702,0.42689114809036255,223813.90625,29.943788631169593,0.872862696647644,0.42760300636291504,224187.125,0.019487380981445312,10217.0,0.007940292358398438,4163.0,0.010629653930664062,5573.0,0.0,0,0.44709038734436035,234404.125,5000,1000
othim29,full,0,0,1,0.0025,30.36329761870286,0.40967831015586853,214789.421875,30.35270178858433,0.8697027564048767,0.4100120961666107,214964.421875,0.020313262939453125,10650.0,0.009143829345703125,4794.0,0.010370254516601562,5437.0,0.0,0,0.43032535910606384,225614.421875,5000,1000
othim30,full,0,0,1,0.0025,29.950441664470347,0.4403444230556488,230867.296875,29.944187945450995,0.8748526573181152,0.4406260550022125,231014.953125,0.019794464111328125,10378.0,0.008935928344726562,4685.0,0.010068893432617188,5279.0,0.0,0,0.46042051911354065,241392.953125,5000,1000
othim01,full,0,1,1,0.0015,32.696995924644796,0.38514244556427,201925.5625,32.68719071948644,0.896027684211731,0.3860502243041992,202401.5,0.021562576293945312,11305.0,0.009027481079101562,4733.0,0.0115814208984375,6072.0,0.0,0,0.40761280059814453,213706.5,5000,1000
othim02,full,0,1,1,0.0015,32.7226949574206,0.39544546604156494,207327.3125,32.70389425285151,0.8952960968017578,0.3961305618286133,207686.5,0.020933151245117188,10975.0,0.009008407592773438,4723.0,0.010982513427734375,5758.0,0.0,0,0.41706371307373047,218661.5,5000,1000
othim03,full,0,1,1,0.0015,32.62680920847966,0.38026830554008484,199370.109375,32.615800935158056,0.8925198316574097,0.3809237778186798,199713.765625,0.021799087524414062,11429.0,0.008861541748046875,4646.0,0.012018203735351562,6301.0,0.0,0,0.40272286534309387,211142.765625,5000,1000
othim04,full,0,1,1,0.0015,30.801129081019255,0.8226215839385986,431290.625,30.793855589740474,0.9038712382316589,0.8231058120727539,431544.5,0.0210723876953125,11048.0,0.008808135986328125,4618.0,0.011449813842773438,6003.0,0.0,0,0.8441781997680664,442592.5,5000,1000
othim05,full,0,1,1,0.0015,31.42394155788843,0.6373618841171265,334161.1875,31.420047952162793,0.8913986086845398,0.6379082798957825,334447.65625,0.02175140380859375,11404.0,0.009002685546875,4720.0,0.0118255615234375,6200.0,0.0,0,0.6596596837043762,345851.65625,5000,1000
othim06,full,0,1,1,0.0015,31.42945085012546,0.63410484790802,332453.5625,31.42351699936235,0.8914375305175781,0.6345947980880737,332710.4375,0.021680831909179688,11367.0,0.008947372436523438,4691.0,0.01180267333984375,6188.0,0.0,0,0.6562756299972534,344077.4375,5000,1000
othim07,full,0,1,1,0.0015,33.79533057354402,0.2891601324081421,151603.1875,33.78744103279973,0.919095516204834,0.28992393612861633,152003.640625,0.021261215209960938,11147.0,0.008739471435546875,4582.0,0.011575698852539062,6069.0,0.0,0,0.31118515133857727,163150.640625,5000,1000
othim08,full,0,1,1,0.0015,34.06456803002965,0.2637842297554016,138298.90625,34.05079377385537,0.9209029674530029,0.2640838027000427,138455.96875,0.021549224853515625,11298.0,0.008947372436523438,4691.0,0.0116729736328125,6120.0,0.0,0,0.28563302755355835,149753.96875,5000,1000
othim09,full,0,1,1,0.0015,33.891206644867665,0.28499484062194824,149419.375,33.877743792343786,0.9183110594749451,0.28525635600090027,149556.484375,0.021478652954101562,11261.0,0.008943557739257812,4689.0,0.011556625366210938,6059.0,0.0,0,0.30673500895500183,160817.484375,5000,1000
othim10,full,0,1,1,0.0015,32.24790617932514,0.31415316462516785,164706.734375,32.24193257404261,0.8603200316429138,0.3152885437011719,165302.0,0.022340774536132812,11713.0,0.008914947509765625,4674.0,0.012586593627929688,6599.0,0.0,0,0.3376293182373047,177015.0,5000,1000
othim11,full,0,1,1,0.0015,32.1069621238774,0.3526780903339386,184904.890625,32.09091910681196,0.8681944608688354,0.35408177971839905,185640.828125,0.01888275146484375,9900.0,0.0076923370361328125,4033.0,0.010370254516601562,5437.0,0.0,0,0.3729645311832428,195540.828125,5000,1000
othim12,full,0,1,1,0.0015,32.0192059872798,0.3962280750274658,207737.625,32.01464797092972,0.871005654335022,0.39703357219696045,208159.9375,0.023042678833007812,12081.0,0.00908660888671875,4764.0,0.013025283813476562,6829.0,0.0,0,0.42007625102996826,220240.9375,5000,1000
othim13,full,0,1,1,0.0015,33.720200264229824,0.30960512161254883,162322.25,33.70915092699686,0.9073635935783386,0.3110503554344177,163079.96875,0.020334243774414062,10661.0,0.007829666137695312,4105.0,0.011686325073242188,6127.0,0.0,0,0.3313845992088318,173740.96875,5000,1000
othim14,full,0,1,1,0.0015,33.802314997872564,0.29225853085517883,153227.640625,33.7745270735629,0.9081581830978394,0.2923821210861206,153292.4375,0.021625518798828125,11338.0,0.010072708129882812,5281.0,0.010766983032226562,5645.0,0.0,0,0.31400763988494873,164630.4375,5000,1000
othim15,full,0,1,1,0.0015,33.79816794639441,0.2874355912208557,150699.03125,33.76869227509405,0.9087752103805542,0.28845107555389404,151231.4375,0.020177841186523438,10579.0,0.008993148803710938,4715.0,0.01050567626953125,5508.0,0.0,0,0.3086289167404175,161810.4375,5000,1000
othim16,full,0,1,1,0.0015,34.26582849239145,0.2674178183078766,140203.953125,34.2134797381253,0.9196871519088745,0.26839908957481384,140718.421875,0.019176483154296875,10054.0,0.007982254028320312,4185.0,0.0101165771484375,5304.0,0.0,0,0.2875755727291107,150772.421875,5000,1000
othim17,full,0,1,1,0.0015,34.22118372755714,0.2581557035446167,135347.9375,34.21327162484689,0.9183322191238403,0.2593085765838623,135952.375,0.022350311279296875,11718.0,0.008998870849609375,4718.0,0.012418746948242188,6511.0,0.0,0,0.2816588878631592,147670.375,5000,1000
othim18,full,0,1,1,0.0015,34.20569117933665,0.25494620203971863,133665.234375,34.194552471675,0.9170204401016235,0.2556251287460327,134021.1875,0.021274566650390625,11154.0,0.008852005004882812,4641.0,0.011577606201171875,6070.0,0.0,0,0.27689969539642334,145175.1875,5000,1000
othim19,full,0,1,1,0.0015,31.476485942027214,0.628703236579895,329621.5625,31.471767217133053,0.9025101661682129,0.6292885541915894,329928.4375,0.021631240844726562,11341.0,0.00897979736328125,4708.0,0.011713027954101562,6141.0,0.0,0,0.6509197950363159,341269.4375,5000,1000
othim20,full,0,1,1,0.0015,31.497817803850953,0.6309279203414917,330787.9375,31.48934916368516,0.900442361831665,0.6315145492553711,331095.5,0.021823883056640625,11442.0,0.008724212646484375,4574.0,0.012319564819335938,6459.0,0.0,0,0.6533384323120117,342537.5,5000,1000
othim21,full,0,1,1,0.0015,31.428524593587298,0.6554446220397949,343641.75,31.41749019036028,0.9010655283927917,0.6561399698257446,344006.3125,0.021959304809570312,11513.0,0.008882522583007812,4657.0,0.012247085571289062,6421.0,0.0,0,0.6780992746353149,355519.3125,5000,1000
othim22,full,0,1,1,0.0015,33.46795668700508,0.34949207305908203,183234.5,33.46062717069527,0.9050270915031433,0.35033267736434937,183675.21875,0.021322250366210938,11179.0,0.008863449096679688,4647.0,0.011518478393554688,6039.0,0.0,0,0.3716549277305603,194854.21875,5000,1000
othim23,full,0,1,1,0.0015,32.85649865499944,0.36381086707115173,190741.671875,32.835339813590345,0.9099887609481812,0.3640608787536621,190872.75,0.022676467895507812,11889.0,0.009950637817382812,5217.0,0.011896133422851562,6237.0,0.0,0,0.3867373466491699,202761.75,5000,1000
othim24,full,0,1,1,0.0015,32.45312648703507,0.5022577047348022,263327.6875,32.43348197438128,0.9161038398742676,0.5032546520233154,263850.375,0.021821975708007812,11441.0,0.009136199951171875,4790.0,0.01174163818359375,6156.0,0.0,0,0.5250766277313232,275291.375,5000,1000
othim25,full,0,1,1,0.0015,30.73158420930172,0.662819504737854,347508.3125,30.72272646348954,0.898140549659729,0.6630064249038696,347606.3125,0.023099899291992188,12111.0,0.009944915771484375,5214.0,0.012094497680664062,6341.0,0.0,0,0.6861063241958618,359717.3125,5000,1000
othim26,full,0,1,1,0.0015,30.610765435351905,0.6692405939102173,350874.8125,30.602511210871608,0.896397590637207,0.6703749895095825,351469.5625,0.021165847778320312,11097.0,0.00878143310546875,4604.0,0.011569976806640625,6066.0,0.0,0,0.6915408372879028,362566.5625,5000,1000
othim27,full,0,1,1,0.0015,30.65079380791974,0.5696582794189453,298665.0,30.64135841612298,0.8800840377807617,0.5707151293754578,299219.09375,0.021488189697265625,11266.0,0.008928298950195312,4681.0,0.01160430908203125,6084.0,0.0,0,0.5922033190727234,310485.09375,5000,1000
othim28,full,0,1,1,0.0015,31.77417134012279,0.5906630158424377,309677.53125,31.7682568592615,0.9109123945236206,0.5919134616851807,310333.125,0.020904541015625,10960.0,0.007839202880859375,4110.0,0.012142181396484375,6366.0,0.0,0,0.6128180027008057,321293.125,5000,1000
othim29,full,0,1,1,0.0015,32.1548596764377,0.5674899816513062,297528.1875,32.133170530627815,0.9033745527267456,0.5680135488510132,297802.6875,0.020288467407226562,10637.0,0.009099960327148438,4771.0,0.010393142700195312,5449.0,0.0,0,0.5883020162582397,308439.6875,5000,1000
othim30,full,0,1,1,0.0015,31.802406892076224,0.6304157972335815,330519.4375,31.79446112266521,0.9106635451316833,0.6311697363853455,330914.71875,0.020450592041015625,10722.0,0.00885772705078125,4644.0,0.010564804077148438,5539.0,0.0,0,0.6516203284263611,341636.71875,5000,1000
othim01,full,0,1,1,0.0025,31.161512899945006,0.27267420291900635,142959.8125,31.144927616408282,0.8682551383972168,0.27309590578079224,143180.90625,0.020326614379882812,10657.0,0.009042739868164062,4741.0,0.010457992553710938,5483.0,0.0,0,0.29342252016067505,153837.90625,5000,1000
othim02,full,0,1,1,0.0025,31.063700894475943,0.2790413796901703,146298.046875,31.05368071190016,0.8644644021987915,0.27956950664520264,146574.9375,0.02143096923828125,11236.0,0.00890350341796875,4668.0,0.01172637939453125,6148.0,0.0,0,0.3010004758834839,157810.9375,5000,1000
othim03,full,0,1,1,0.0025,30.977513666094676,0.2757045328617096,144548.578125,30.9685132212224,0.8608995676040649,0.2766547203063965,145046.75,0.02159881591796875,11324.0,0.008951187133789062,4693.0,0.011823654174804688,6199.0,0.0,0,0.29825353622436523,156370.75,5000,1000
othim04,full,0,1,1,0.0025,28.92673018255769,0.5890105366706848,308811.15625,28.912179729349845,0.857133150100708,0.5894081592559814,309019.625,0.02005767822265625,10516.0,0.0085906982421875,4504.0,0.010538101196289062,5525.0,0.0,0,0.6094658374786377,319535.625,5000,1000
othim05,full,0,1,1,0.0025,29.58385631399034,0.4542567729949951,238161.375,29.565500925622292,0.8448789119720459,0.45563557744026184,238884.265625,0.019397735595703125,10170.0,0.0076732635498046875,4023.0,0.010793685913085938,5659.0,0.0,0,0.47503331303596497,249054.265625,5000,1000
othim06,full,0,1,1,0.0025,29.699720136271832,0.4583568572998047,240311.0,29.68132081310091,0.8507900238037109,0.4589678645133972,240631.34375,0.0206298828125,10816.0,0.008785247802734375,4606.0,0.010889053344726562,5709.0,0.0,0,0.4795977473258972,251447.34375,5000,1000
othim07,full,0,1,1,0.0025,32.418761617486254,0.2066194862127304,108328.1171875,32.4068194992756,0.9029110670089722,0.20729994773864746,108684.875,0.02231597900390625,11700.0,0.008985519409179688,4711.0,0.01238250732421875,6492.0,0.0,0,0.2296159267425537,120384.875,5000,1000
othim08,full,0,1,1,0.0025,32.56493627696596,0.1798325479030609,94284.046875,32.53140188820378,0.9018687009811401,0.1804683804512024,94617.40625,0.01961517333984375,10284.0,0.007904052734375,4144.0,0.010759353637695312,5641.0,0.0,0,0.20008355379104614,104901.40625,5000,1000
othim09,full,0,1,1,0.0025,32.49167644216242,0.19882702827453613,104242.625,32.47881371838498,0.900455117225647,0.19919270277023315,104434.34375,0.021848678588867188,11455.0,0.008764266967773438,4595.0,0.012125015258789062,6357.0,0.0,0,0.22104138135910034,115889.34375,5000,1000
othim10,full,0,1,1,0.0025,30.86216375723899,0.20068560540676117,105217.0546875,30.846790512343997,0.8222460746765137,0.2010529488325119,105409.6484375,0.022491455078125,11792.0,0.009889602661132812,5185.0,0.011623382568359375,6094.0,0.0,0,0.2235444039106369,117201.6484375,5000,1000
othim11,full,0,1,1,0.0025,30.526535245233884,0.22999879717826843,120585.609375,30.52038686408532,0.824726939201355,0.23107606172561646,121150.40625,0.020544052124023438,10771.0,0.007955551147460938,4171.0,0.011625289916992188,6095.0,0.0,0,0.2516201138496399,131921.40625,5000,1000
othim12,full,0,1,1,0.0025,30.374260699225616,0.2788214087486267,146182.71875,30.356451329724166,0.8264679908752441,0.2799296975135803,146763.78125,0.0204010009765625,10696.0,0.008880615234375,4656.0,0.010669708251953125,5594.0,0.0,0,0.3003306984901428,157459.78125,5000,1000
othim13,full,0,1,1,0.0025,32.182302712040006,0.21689000725746155,113712.828125,32.15296918602459,0.8865377306938171,0.2177828699350357,114180.9453125,0.019229888916015625,10082.0,0.007892608642578125,4138.0,0.010616302490234375,5566.0,0.0,0,0.23701275885105133,124262.9453125,5000,1000
othim14,full,0,1,1,0.0025,32.14265768722809,0.20326218008995056,106567.921875,32.11494878921595,0.8862597942352295,0.2046492099761963,107295.125,0.0188751220703125,9896.0,0.007875442504882812,4129.0,0.01029205322265625,5396.0,0.0,0,0.2235243320465088,117191.125,5000,1000
othim15,full,0,1,1,0.0025,32.182662060419524,0.20831412076950073,109216.59375,32.14861976667425,0.8887020945549011,0.20904695987701416,109600.8125,0.018461227416992188,9679.0,0.00792694091796875,4156.0,0.009632110595703125,5050.0,0.0,0,0.22750818729400635,119279.8125,5000,1000
othim16,full,0,1,1,0.0025,32.574924862383206,0.1849444955587387,96964.1796875,32.5506646747906,0.897260308265686,0.18584057688713074,97433.984375,0.0205078125,10752.0,0.00888824462890625,4660.0,0.010799407958984375,5662.0,0.0,0,0.20634838938713074,108185.984375,5000,1000
othim17,full,0,1,1,0.0025,32.659586051936316,0.18917006254196167,99179.59375,32.63300795229765,0.8980836868286133,0.1905127465724945,99883.546875,0.019550323486328125,10250.0,0.007909774780273438,4147.0,0.010692596435546875,5606.0,0.0,0,0.21006307005882263,110133.546875,5000,1000
othim18,full,0,1,1,0.0025,32.59187367265923,0.17863330245018005,93655.296875,32.55730284560798,0.8964545130729675,0.1790095567703247,93852.5625,0.020376205444335938,10683.0,0.008970260620117188,4703.0,0.010457992553710938,5483.0,0.0,0,0.19938576221466064,104535.5625,5000,1000
othim19,full,0,1,1,0.0025,29.7748043435768,0.45643121004104614,239301.40625,29.766963182720144,0.8640424013137817,0.4565233886241913,239349.734375,0.021656036376953125,11354.0,0.009939193725585938,5211.0,0.010778427124023438,5651.0,0.0,0,0.4781794250011444,250703.734375,5000,1000
othim20,full,0,1,1,0.0025,29.7263914679574,0.4621155858039856,242281.65625,29.715658199374463,0.8611159324645996,0.4624471366405487,242455.484375,0.020807266235351562,10909.0,0.008901596069335938,4667.0,0.010967254638671875,5750.0,0.0,0,0.48325440287590027,253364.484375,5000,1000
othim21,full,0,1,1,0.0025,29.748037776524836,0.4738440215587616,248430.734375,29.731781289229684,0.8639492988586426,0.47451913356781006,248784.6875,0.020380020141601562,10685.0,0.008890151977539062,4661.0,0.010555267333984375,5534.0,0.0,0,0.4948991537094116,259469.6875,5000,1000
othim22,full,0,1,1,0.0025,32.051350479732726,0.2360348105430603,123750.21875,32.0390632346072,0.8858420252799988,0.2366022765636444,124047.734375,0.021373748779296875,11206.0,0.008874893188476562,4653.0,0.011545181274414062,6053.0,0.0,0,0.2579760253429413,135253.734375,5000,1000
othim23,full,0,1,1,0.0025,30.848295250168025,0.2457098513841629,128822.7265625,30.83821714023539,0.8758198022842407,0.24589717388153076,128920.9375,0.023214340209960938,12171.0,0.01003265380859375,5260.0,0.01219940185546875,6396.0,0.0,0,0.2691115140914917,141091.9375,5000,1000
othim24,full,0,1,1,0.0025,30.580621836210188,0.38126230239868164,199891.25,30.559788373220623,0.8847877383232117,0.38164329528808594,200091.0,0.022718429565429688,11911.0,0.010068893432617188,5279.0,0.011821746826171875,6198.0,0.0,0,0.4043617248535156,212002.0,5000,1000
othim25,full,0,1,1,0.0025,29.050706386920808,0.4926692545413971,258300.578125,29.046755592876263,0.8648552298545837,0.493736207485199,258859.96875,0.0216522216796875,11352.0,0.00879669189453125,4612.0,0.011920928955078125,6250.0,0.0,0,0.5153884291648865,270211.96875,5000,1000
othim26,full,0,1,1,0.0025,28.99844145688785,0.4982299208641052,261215.96875,28.990837913373696,0.8643304705619812,0.49905768036842346,261649.953125,0.021505355834960938,11275.0,0.008569717407226562,4493.0,0.011869430541992188,6223.0,0.0,0,0.5205630362033844,272924.953125,5000,1000
othim27,full,0,1,1,0.0025,29.351941489261737,0.40142303705215454,210461.28125,29.335470562967277,0.8489019274711609,0.4017743468284607,210645.46875,0.020599365234375,10800.0,0.00893402099609375,4684.0,0.010850906372070312,5689.0,0.0,0,0.4223737120628357,221445.46875,5000,1000
othim28,full,0,1,1,0.0025,29.96965229089571,0.42913544178009033,224990.5625,29.963793601161274,0.8742771148681641,0.43009912967681885,225495.8125,0.0205535888671875,10776.0,0.007984161376953125,4186.0,0.011758804321289062,6165.0,0.0,0,0.45065271854400635,236271.8125,5000,1000
othim29,full,0,1,1,0.0025,30.34867059547283,0.4086076319217682,214228.078125,30.33678617190837,0.8696839213371277,0.40921610593795776,214547.09375,0.021610260009765625,11330.0,0.009160995483398438,4803.0,0.0117645263671875,6168.0,0.0,0,0.4308263659477234,225877.09375,5000,1000
othim30,full,0,1,1,0.0025,29.99467194894177,0.44348329305648804,232512.96875,29.989306241499715,0.8747506141662598,0.44385939836502075,232710.15625,0.021673202514648438,11363.0,0.009031295776367188,4735.0,0.011745452880859375,6158.0,0.0,0,0.4655326008796692,244073.15625,5000,1000
othim01,full,1,0,1,0.0015,33.40468025485752,0.4145693778991699,217353.75,33.38506006951871,0.9049065113067627,0.4147531986236572,217450.125,0.021160125732421875,11094.0,0.009996414184570312,5241.0,0.010211944580078125,5354.0,0.0,0,0.4359133243560791,228544.125,5000,1000
othim02,full,1,0,1,0.0015,33.30288725711481,0.41870981454849243,219524.53125,33.29217082503883,0.9012463092803955,0.41957542300224304,219978.359375,0.020589828491210938,10795.0,0.009023666381835938,4731.0,0.010503768920898438,5507.0,0.0,0,0.440165251493454,230773.359375,5000,1000
othim03,full,1,0,1,0.0015,33.326041938582556,0.421670138835907,221076.59375,33.30703671356539,0.9018868207931519,0.42204105854034424,221271.0625,0.019426345825195312,10185.0,0.008855819702148438,4643.0,0.009876251220703125,5178.0,0.0,0,0.44146740436553955,231456.0625,5000,1000
othim04,full,1,0,1,0.0015,31.539001556084603,0.8627371788024902,452322.75,31.532453809154376,0.9176484942436218,0.8634054064750671,452673.09375,0.020147323608398438,10563.0,0.008800506591796875,4614.0,0.010305404663085938,5403.0,0.0,0,0.8835527300834656,463236.09375,5000,1000
othim05,full,1,0,1,0.0015,32.042049756824625,0.6660823822021484,349219.0,32.010542385811526,0.9036858081817627,0.6664696335792542,349422.03125,0.018774032592773438,9843.0,0.008991241455078125,4714.0,0.009077072143554688,4759.0,0.0,0,0.6852436661720276,359265.03125,5000,1000
othim06,full,1,0,1,0.0015,32.03654402304767,0.6761890053749084,354517.78125,32.02861533656932,0.9032594561576843,0.6769076585769653,354894.5625,0.020296096801757812,10641.0,0.008798599243164062,4613.0,0.010324478149414062,5413.0,0.0,0,0.6972037553787231,365535.5625,5000,1000
othim07,full,1,0,1,0.0015,34.96404397487509,0.31643790006637573,165904.59375,34.94464783478779,0.9300488233566284,0.3174040615558624,166411.140625,0.020303726196289062,10645.0,0.008981704711914062,4709.0,0.010517120361328125,5514.0,0.0,0,0.3377077877521515,177056.140625,5000,1000
othim08,full,1,0,1,0.0015,34.93584626530156,0.29719412326812744,155815.3125,34.919121915087,0.9278091788291931,0.29794350266456604,156208.203125,0.020044326782226562,10509.0,0.009042739868164062,4741.0,0.010295867919921875,5398.0,0.0,0,0.3179878294467926,166717.203125,5000,1000
othim09,full,1,0,1,0.0015,34.6730193712903,0.3188413381576538,167164.6875,34.645834585879214,0.9245202541351318,0.319280743598938,167395.0625,0.019071578979492188,9999.0,0.009092330932617188,4767.0,0.009160995483398438,4803.0,0.0,0,0.3383523225784302,177394.0625,5000,1000
othim10,full,1,0,1,0.0015,33.16420930774199,0.3583115339279175,187858.4375,33.14798801798371,0.8841661810874939,0.3587194085121155,188072.28125,0.018838882446289062,9877.0,0.008941650390625,4688.0,0.00899505615234375,4716.0,0.0,0,0.37755829095840454,197949.28125,5000,1000
othim11,full,1,0,1,0.0015,32.94729042443527,0.429646372795105,225258.4375,32.934118462272586,0.8889960050582886,0.4316471815109253,226307.4375,0.018735885620117188,9823.0,0.007837295532226562,4109.0,0.009809494018554688,5143.0,0.0,0,0.4503830671310425,236130.4375,5000,1000
othim12,full,1,0,1,0.0015,32.70441693911848,0.4342406988143921,227667.1875,32.69356036386084,0.8888068199157715,0.43518567085266113,228162.625,0.0203094482421875,10648.0,0.008920669555664062,4677.0,0.010572433471679688,5543.0,0.0,0,0.45549511909484863,238810.625,5000,1000
othim13,full,1,0,1,0.0015,34.61019725261949,0.3219447731971741,168791.78125,34.599225544889514,0.9141577482223511,0.3235267102718353,169621.171875,0.019001007080078125,9962.0,0.00771331787109375,4044.0,0.010379791259765625,5442.0,0.0,0,0.34252771735191345,179583.171875,5000,1000
othim14,full,1,0,1,0.0015,34.61777974034771,0.3169524669647217,166174.375,34.603247784328275,0.9149026870727539,0.31737375259399414,166395.25,0.019153594970703125,10042.0,0.008880615234375,4656.0,0.00939178466796875,4924.0,0.0,0,0.33652734756469727,176437.25,5000,1000
othim15,full,1,0,1,0.0015,34.552300308582325,0.33179545402526855,173956.375,34.54352071385957,0.9137054681777954,0.33249613642692566,174323.734375,0.020151138305664062,10565.0,0.008960723876953125,4698.0,0.010255813598632812,5377.0,0.0,0,0.3526472747325897,184888.734375,5000,1000
othim16,full,1,0,1,0.0015,35.08099628539431,0.29921281337738037,156873.6875,35.07093950150679,0.9274249076843262,0.30025604367256165,157420.640625,0.02007293701171875,10524.0,0.008886337280273438,4659.0,0.010250091552734375,5374.0,0.0,0,0.3203289806842804,167944.640625,5000,1000
othim17,full,1,0,1,0.0015,35.11918577537475,0.3000432848930359,157309.09375,35.10371948660735,0.9273645281791687,0.3011854290962219,157907.90625,0.01969146728515625,10324.0,0.00888824462890625,4660.0,0.010122299194335938,5307.0,0.0,0,0.3208768963813782,168231.90625,5000,1000
othim18,full,1,0,1,0.0015,35.023942132168635,0.30324098467826843,158985.609375,35.010672108222934,0.9267332553863525,0.30418717861175537,159481.6875,0.019788742065429688,10375.0,0.008695602416992188,4559.0,0.010143280029296875,5318.0,0.0,0,0.32397592067718506,169856.6875,5000,1000
othim19,full,1,0,1,0.0015,32.05812546926686,0.6557666063308716,343810.5625,32.05043548115959,0.9114539623260498,0.6564562320709229,344172.125,0.020280838012695312,10633.0,0.00897216796875,4704.0,0.010509490966796875,5510.0,0.0,0,0.6767370700836182,354805.125,5000,1000
othim20,full,1,0,1,0.0015,32.01466745215698,0.6670156717300415,349708.3125,32.00982423650075,0.9084028601646423,0.6682834625244141,350373.0,0.0198516845703125,10408.0,0.008672714233398438,4547.0,0.010356903076171875,5430.0,0.0,0,0.6881351470947266,360781.0,5000,1000
othim21,full,1,0,1,0.0015,32.07666017012061,0.6675756573677063,350001.90625,32.055241205543744,0.9108555316925049,0.668694794178009,350588.65625,0.01894378662109375,9932.0,0.008840560913085938,4635.0,0.00928497314453125,4868.0,0.0,0,0.6876385807991028,360520.65625,5000,1000
othim22,full,1,0,1,0.0015,34.141655839000116,0.36393535137176514,190806.9375,34.120182414288756,0.9145703315734863,0.3649292588233948,191328.03125,0.020006179809570312,10489.0,0.00910186767578125,4772.0,0.010114669799804688,5303.0,0.0,0,0.3849354386329651,201817.03125,5000,1000
othim23,full,1,0,1,0.0015,33.77592477283323,0.4204877018928528,220456.65625,33.74218386993967,0.9234728813171387,0.42124494910240173,220853.671875,0.018962860107421875,9942.0,0.009004592895507812,4721.0,0.009000778198242188,4719.0,0.0,0,0.4402078092098236,230795.671875,5000,1000
othim24,full,1,0,1,0.0015,33.21035679260989,0.5403122901916504,283279.25,33.20103789301708,0.9280520677566528,0.5412005186080933,283744.9375,0.020511627197265625,10754.0,0.008943557739257812,4689.0,0.010669708251953125,5594.0,0.0,0,0.5617121458053589,294498.9375,5000,1000
othim25,full,1,0,1,0.0015,31.2729216135138,0.7061028480529785,370201.25,31.26631282354295,0.9028765559196472,0.707301914691925,370829.90625,0.020406723022460938,10699.0,0.0089111328125,4672.0,0.010580062866210938,5547.0,0.0,0,0.727708637714386,381528.90625,5000,1000
othim26,full,1,0,1,0.0015,31.208303919203846,0.6949134469032288,364334.78125,31.200647034587462,0.9020876884460449,0.695156455039978,364462.1875,0.0208740234375,10944.0,0.009782791137695312,5129.0,0.010295867919921875,5398.0,0.0,0,0.716030478477478,375406.1875,5000,1000
othim27,full,1,0,1,0.0015,31.415180289283512,0.602397084236145,315829.5625,31.408560532997267,0.8872209787368774,0.6041713356971741,316759.78125,0.019268035888671875,10102.0,0.007843017578125,4112.0,0.01038360595703125,5444.0,0.0,0,0.623439371585846,326861.78125,5000,1000
othim28,full,1,0,1,0.0015,32.56392386179487,0.6404248476028442,335767.0625,32.55850497230752,0.922783374786377,0.6410484313964844,336094.0,0.020175933837890625,10578.0,0.008945465087890625,4690.0,0.0103302001953125,5416.0,0.0,0,0.661224365234375,346672.0,5000,1000
othim29,full,1,0,1,0.0015,32.73229339094252,0.5892372131347656,308930.0,32.72600971302581,0.914741039276123,0.5903723239898682,309525.125,0.0204010009765625,10696.0,0.009037017822265625,4738.0,0.010471343994140625,5490.0,0.0,0,0.6107733249664307,320221.125,5000,1000
othim30,full,1,0,1,0.0015,32.561317171209986,0.6484036445617676,339950.25,32.55427868459834,0.921818733215332,0.6495129466056824,340531.84375,0.018587112426757812,9745.0,0.00771331787109375,4044.0,0.01007843017578125,5284.0,0.0,0,0.6681000590324402,350276.84375,5000,1000
othim01,full,1,0,1,0.0025,31.900022369740388,0.3254414200782776,170625.03125,31.87943856361075,0.8776642084121704,0.32572686672210693,170774.6875,0.018701553344726562,9805.0,0.008924484252929688,4679.0,0.008989334106445312,4713.0,0.0,0,0.3444284200668335,180579.6875,5000,1000
othim02,full,1,0,1,0.0025,31.9259152390088,0.30834630131721497,161662.265625,31.89989108562747,0.8787984251976013,0.30910906195640564,162062.171875,0.019275665283203125,10106.0,0.009069442749023438,4755.0,0.009250640869140625,4850.0,0.0,0,0.32838472723960876,172168.171875,5000,1000
othim03,full,1,0,1,0.0025,31.783187435695336,0.3058265447616577,160341.1875,31.7371805117086,0.8748198747634888,0.3079202473163605,161438.890625,0.017086029052734375,8958.0,0.007974624633789062,4181.0,0.008167266845703125,4282.0,0.0,0,0.32500627636909485,170396.890625,5000,1000
othim04,full,1,0,1,0.0025,29.671593701449776,0.6365466117858887,333733.75,29.664784469704006,0.877556562423706,0.6370445489883423,333994.8125,0.02020263671875,10592.0,0.008943557739257812,4689.0,0.010341644287109375,5422.0,0.0,0,0.6572471857070923,344586.8125,5000,1000
othim05,full,1,0,1,0.0025,30.259677198319295,0.5049055814743042,264715.9375,30.24666461833931,0.8639283180236816,0.5056056976318359,265083.0,0.01999664306640625,10484.0,0.008939743041992188,4687.0,0.01023101806640625,5364.0,0.0,0,0.5256023406982422,275567.0,5000,1000
othim06,full,1,0,1,0.0025,30.34761004146885,0.48767051100730896,255679.796875,30.340486458287952,0.8663303256034851,0.488857626914978,256302.1875,0.019205093383789062,10069.0,0.0080108642578125,4200.0,0.010251998901367188,5375.0,0.0,0,0.5080627202987671,266371.1875,5000,1000
othim07,full,1,0,1,0.0025,33.29073284428421,0.2428622841835022,127329.78125,33.24950719703961,0.911197304725647,0.2434426248073578,127634.046875,0.019258499145507812,10097.0,0.008943557739257812,4689.0,0.009248733520507812,4849.0,0.0,0,0.2627011239528656,137731.046875,5000,1000
othim08,full,1,0,1,0.0025,33.485380940662466,0.22612597048282623,118555.1328125,33.47735889035927,0.9108456969261169,0.22693979740142822,118981.8125,0.020414352416992188,10703.0,0.009172439575195312,4809.0,0.010318756103515625,5410.0,0.0,0,0.2473541498184204,129684.8125,5000,1000
othim09,full,1,0,1,0.0025,33.35432555981358,0.23257504403591156,121936.3046875,33.33280795257507,0.9094088077545166,0.23298723995685577,122152.4140625,0.019193649291992188,10063.0,0.008968353271484375,4702.0,0.0093994140625,4928.0,0.0,0,0.25218088924884796,132215.4140625,5000,1000
othim10,full,1,0,1,0.0025,31.760318679410016,0.24128830432891846,126504.5625,31.7315243985668,0.8497096300125122,0.24221640825271606,126991.15625,0.017974853515625,9424.0,0.0078125,4096.0,0.009113311767578125,4778.0,0.0,0,0.26019126176834106,136415.15625,5000,1000
othim11,full,1,0,1,0.0025,31.35956633994546,0.27516767382621765,144267.109375,31.35342124900099,0.8504956960678101,0.27548453211784363,144433.234375,0.020357131958007812,10673.0,0.008981704711914062,4709.0,0.01055908203125,5536.0,0.0,0,0.29584166407585144,155106.234375,5000,1000
othim12,full,1,0,1,0.0025,31.030653897643916,0.314331978559494,164800.484375,31.023549379284372,0.8496184349060059,0.3153398633003235,165328.90625,0.018871307373046875,9894.0,0.00791168212890625,4148.0,0.010126113891601562,5309.0,0.0,0,0.33421117067337036,175222.90625,5000,1000
othim13,full,1,0,1,0.0025,33.192783248000104,0.2365836501121521,124037.96875,33.1768400082556,0.8984731435775757,0.23705704510211945,124286.1640625,0.0193634033203125,10152.0,0.008855819702148438,4643.0,0.009569168090820312,5017.0,0.0,0,0.25642044842243195,134438.1640625,5000,1000
othim14,full,1,0,1,0.0025,33.03034465483545,0.25166812539100647,131946.578125,33.01561289859673,0.8961137533187866,0.25277814269065857,132528.546875,0.017919540405273438,9395.0,0.007946014404296875,4166.0,0.009029388427734375,4734.0,0.0,0,0.270697683095932,141923.546875,5000,1000
othim15,full,1,0,1,0.0025,33.090461033696435,0.2518450617790222,132039.34375,33.03540590755936,0.8978884220123291,0.25313231348991394,132714.234375,0.017156600952148438,8995.0,0.008035659790039062,4213.0,0.008174896240234375,4286.0,0.0,0,0.2702889144420624,141709.234375,5000,1000
othim16,full,1,0,1,0.0025,33.64482046319915,0.21326503157615662,111812.296875,33.63220775934154,0.9112507104873657,0.21444299817085266,112429.890625,0.019350051879882812,10145.0,0.007966995239257812,4177.0,0.010448455810546875,5478.0,0.0,0,0.23379305005073547,122574.890625,5000,1000
othim17,full,1,0,1,0.0025,33.70164738785497,0.21963030099868774,115149.53125,33.68486236675292,0.9108020663261414,0.22062182426452637,115669.375,0.01998138427734375,10476.0,0.008848190307617188,4639.0,0.010433197021484375,5470.0,0.0,0,0.24060320854187012,126145.375,5000,1000
othim18,full,1,0,1,0.0025,33.53796348025631,0.2208070456981659,115766.484375,33.52561160428965,0.9082363843917847,0.2210705578327179,115904.640625,0.020254135131835938,10619.0,0.00894927978515625,4692.0,0.010374069213867188,5439.0,0.0,0,0.24132469296455383,126523.640625,5000,1000
othim19,full,1,0,1,0.0025,30.3774654934341,0.4805260896682739,251934.0625,30.372769602716506,0.876555323600769,0.4815642237663269,252478.34375,0.019594192504882812,10273.0,0.007951736450195312,4169.0,0.010601043701171875,5558.0,0.0,0,0.5011584162712097,262751.34375,5000,1000
othim20,full,1,0,1,0.0025,30.341065810539344,0.48386457562446594,253684.390625,30.3292346610349,0.8739416003227234,0.4849122166633606,254233.65625,0.01909637451171875,10012.0,0.007928848266601562,4157.0,0.010210037231445312,5353.0,0.0,0,0.5040085911750793,264245.65625,5000,1000
othim21,full,1,0,1,0.0025,30.29811460453796,0.4883996248245239,256062.0625,30.287481043338307,0.8744251132011414,0.48884642124176025,256296.3125,0.019495010375976562,10221.0,0.008785247802734375,4606.0,0.009759902954101562,5117.0,0.0,0,0.5083414316177368,266517.3125,5000,1000
othim22,full,1,0,1,0.0025,32.82621302599728,0.2696484327316284,141373.4375,32.809190039883724,0.8980840444564819,0.27013659477233887,141629.375,0.020351409912109375,10670.0,0.008996963500976562,4717.0,0.010412216186523438,5459.0,0.0,0,0.29048800468444824,152299.375,5000,1000
othim23,full,1,0,1,0.0025,32.048134478622934,0.29303666949272156,153635.609375,32.041966037201625,0.8978366255760193,0.29368364810943604,153974.8125,0.020687103271484375,10846.0,0.009141921997070312,4793.0,0.010585784912109375,5550.0,0.0,0,0.3143707513809204,164820.8125,5000,1000
othim24,full,1,0,1,0.0025,31.327971911658114,0.3923315405845642,205694.71875,31.325419329979226,0.9013094902038574,0.39293617010116577,206011.71875,0.021509170532226562,11277.0,0.00897979736328125,4708.0,0.011474609375,6016.0,0.0,0,0.41444534063339233,217288.71875,5000,1000
othim25,full,1,0,1,0.0025,29.663217303575635,0.5336764454841614,279800.15625,29.65967180110944,0.8730825185775757,0.5340896844863892,280016.8125,0.020435333251953125,10714.0,0.009059906005859375,4750.0,0.01044464111328125,5476.0,0.0,0,0.5545250177383423,290730.8125,5000,1000
othim26,full,1,0,1,0.0025,29.570241949850892,0.551965594291687,289388.9375,29.56366255836193,0.8692811727523804,0.5540446043014526,290478.9375,0.018918991088867188,9919.0,0.007814407348632812,4097.0,0.010162353515625,5328.0,0.0,0,0.5729635953903198,300397.9375,5000,1000
othim27,full,1,0,1,0.0025,29.980087200202387,0.4442366063594818,232907.921875,29.97308055072395,0.8571158647537231,0.44611015915870667,233890.203125,0.019441604614257812,10193.0,0.007999420166015625,4194.0,0.010364532470703125,5434.0,0.0,0,0.4655517637729645,244083.203125,5000,1000
othim28,full,1,0,1,0.0025,30.704136513244904,0.46823471784591675,245489.84375,30.684367278322537,0.8916076421737671,0.46908998489379883,245938.25,0.018505096435546875,9702.0,0.007936477661132812,4161.0,0.009765625,5120.0,0.0,0,0.4875950813293457,255640.25,5000,1000
othim29,full,1,0,1,0.0025,30.961151697521398,0.43722450733184814,229231.5625,30.955132470687577,0.8853950500488281,0.4376862347126007,229473.640625,0.0203704833984375,10680.0,0.009042739868164062,4741.0,0.01041412353515625,5460.0,0.0,0,0.4580567181110382,240153.640625,5000,1000
othim30,full,1,0,1,0.0025,30.540116121749502,0.46948540210723877,246145.5625,30.533530277179562,0.8892300128936768,0.46992945671081543,246378.375,0.019678115844726562,10317.0,0.008832931518554688,4631.0,0.010189056396484375,5342.0,0.0,0,0.489607572555542,256695.375,5000,1000
othim01,full,1,1,1,0.0015,33.46641936406348,0.41860032081604004,219467.125,33.4545286733061,0.9062466025352478,0.41936159133911133,219866.25,0.0216217041015625,11336.0,0.009008407592773438,4723.0,0.01165771484375,6112.0,0.0,0,0.44098329544067383,231202.25,5000,1000
othim02,full,1,1,1,0.0015,33.37531356750129,0.42550167441368103,223085.421875,33.34580252820988,0.9033455848693848,0.42644721269607544,223581.15625,0.020513534545898438,10755.0,0.008943557739257812,4689.0,0.010501861572265625,5506.0,0.0,0,0.4469607472419739,234336.15625,5000,1000
othim03,full,1,1,1,0.0015,33.31536249634851,0.41364485025405884,216869.03125,33.3047907605282,0.9020799398422241,0.41413384675979614,217125.40625,0.021671295166015625,11362.0,0.00891876220703125,4676.0,0.011844635009765625,6210.0,0.0,0,0.43580514192581177,228487.40625,5000,1000
othim04,full,1,1,1,0.0015,31.37305868048396,0.8569812178611755,449304.96875,31.364628802196663,0.9148181676864624,0.8582876920700073,449989.9375,0.021749496459960938,11403.0,0.0088043212890625,4616.0,0.01203155517578125,6308.0,0.0,0,0.8800371885299683,461392.9375,5000,1000
othim05,full,1,1,1,0.0015,32.20865701505936,0.7120616436004639,373325.375,32.19029602863677,0.9076210260391235,0.7123074531555176,373454.25,0.022611618041992188,11855.0,0.009691238403320312,5081.0,0.012220382690429688,6407.0,0.0,0,0.7349190711975098,385309.25,5000,1000
othim06,full,1,1,1,0.0015,32.05715531887398,0.6688390970230103,350664.3125,32.050544460862426,0.9034953117370605,0.6700642108917236,351306.625,0.021471023559570312,11257.0,0.008680343627929688,4551.0,0.011976242065429688,6279.0,0.0,0,0.691535234451294,362563.625,5000,1000
othim07,full,1,1,1,0.0015,34.61712264702303,0.33116793632507324,173627.375,34.57081876688035,0.9266834259033203,0.3319985270500183,174062.84375,0.020122528076171875,10550.0,0.008855819702148438,4643.0,0.010309219360351562,5405.0,0.0,0,0.3521210551261902,184612.84375,5000,1000
othim08,full,1,1,1,0.0015,34.89889210097703,0.29525113105773926,154796.625,34.881634435973524,0.92708820104599,0.2959217429161072,155148.21875,0.021867752075195312,11465.0,0.0090484619140625,4744.0,0.011892318725585938,6235.0,0.0,0,0.3177894949913025,166613.21875,5000,1000
othim09,full,1,1,1,0.0015,34.69160616305388,0.3150857090950012,165195.65625,34.670114579928644,0.9255880117416382,0.3153132200241089,165314.9375,0.02277374267578125,11940.0,0.010068893432617188,5279.0,0.011884689331054688,6231.0,0.0,0,0.33808696269989014,177254.9375,5000,1000
othim10,full,1,1,1,0.0015,33.24311511537485,0.35560715198516846,186440.5625,33.227028228570994,0.8839690089225769,0.3559052050113678,186596.828125,0.022523880004882812,11809.0,0.009916305541992188,5199.0,0.011804580688476562,6189.0,0.0,0,0.3784290850162506,198405.828125,5000,1000
othim11,full,1,1,1,0.0015,33.00938688901847,0.4075411856174469,213668.953125,33.00285739245194,0.8898237943649292,0.4080694615840912,213945.921875,0.021978378295898438,11523.0,0.008817672729492188,4623.0,0.012125015258789062,6357.0,0.0,0,0.4300478398799896,225468.921875,5000,1000
othim12,full,1,1,1,0.0015,32.71872113984753,0.44473737478256226,233170.46875,32.70943218694749,0.88861483335495,0.4453487694263458,233491.015625,0.02155303955078125,11300.0,0.008977890014648438,4707.0,0.01139068603515625,5972.0,0.0,0,0.4669018089771271,244791.015625,5000,1000
othim13,full,1,1,1,0.0015,34.74315303628232,0.31904393434524536,167270.90625,34.73203293069224,0.9155616164207458,0.32001811265945435,167781.65625,0.021780014038085938,11419.0,0.008960723876953125,4698.0,0.012029647827148438,6307.0,0.0,0,0.3417981266975403,179200.65625,5000,1000
othim14,full,1,1,1,0.0015,34.57442824729847,0.32442915439605713,170094.3125,34.546066922313905,0.9136776328086853,0.3256259560585022,170721.78125,0.018829345703125,9872.0,0.007879257202148438,4131.0,0.010145187377929688,5319.0,0.0,0,0.3444553017616272,180593.78125,5000,1000
othim15,full,1,1,1,0.0015,34.50741277891768,0.32668107748031616,171274.96875,34.50024804049651,0.9135860204696655,0.3272640109062195,171580.59375,0.02187347412109375,11468.0,0.0089569091796875,4696.0,0.011852264404296875,6214.0,0.0,0,0.34913748502731323,183048.59375,5000,1000
othim16,full,1,1,1,0.0015,35.260903747766086,0.2964077591896057,155403.03125,35.1959215184424,0.9294344186782837,0.29684221744537354,155630.8125,0.020242691040039062,10613.0,0.00887298583984375,4652.0,0.01065826416015625,5588.0,0.0,0,0.3170849084854126,166243.8125,5000,1000
othim17,full,1,1,1,0.0015,35.19341859128806,0.29729175567626953,155866.5,35.169442321722535,0.9280226230621338,0.2981727123260498,156328.375,0.021791458129882812,11425.0,0.008890151977539062,4661.0,0.01187896728515625,6228.0,0.0,0,0.3199641704559326,167753.375,5000,1000
othim18,full,1,1,1,0.0015,35.177491189541904,0.2975926399230957,156024.25,35.14541996619757,0.9280608892440796,0.2984200119972229,156458.03125,0.02032470703125,10656.0,0.008848190307617188,4639.0,0.0106658935546875,5592.0,0.0,0,0.3187447190284729,167114.03125,5000,1000
othim19,full,1,1,1,0.0015,32.15875252892389,0.6552029848098755,343515.0625,32.13227084611187,0.9123548269271851,0.655342698097229,343588.3125,0.021806716918945312,11433.0,0.0098876953125,5184.0,0.010890960693359375,5710.0,0.0,0,0.6771494150161743,355021.3125,5000,1000
othim20,full,1,1,1,0.0015,32.08441741713555,0.6534976363182068,342620.96875,32.08052241284798,0.9085642695426941,0.6536113023757935,342680.5625,0.02288055419921875,11996.0,0.0099029541015625,5192.0,0.012075424194335938,6331.0,0.0,0,0.6764918565750122,354676.5625,5000,1000
othim21,full,1,1,1,0.0015,32.003008549867324,0.6750503778457642,353920.8125,31.98498477300241,0.9099351763725281,0.6754721403121948,354141.9375,0.02155303955078125,11300.0,0.009082794189453125,4762.0,0.01177215576171875,6172.0,0.0,0,0.6970251798629761,365441.9375,5000,1000
othim22,full,1,1,1,0.0015,34.17918737274234,0.3511337637901306,184095.21875,34.1635916392012,0.9157446622848511,0.3516855835914612,184384.53125,0.0229034423828125,12008.0,0.009943008422851562,5213.0,0.012048721313476562,6317.0,0.0,0,0.3745890259742737,196392.53125,5000,1000
othim23,full,1,1,1,0.0015,33.847089624703834,0.4160570502281189,218133.71875,33.8414254855135,0.9260997772216797,0.4174613356590271,218869.96875,0.022909164428710938,12011.0,0.008798599243164062,4613.0,0.013002395629882812,6817.0,0.0,0,0.44037050008773804,230880.96875,5000,1000
othim24,full,1,1,1,0.0015,33.113286558110254,0.5535454750061035,290217.25,33.10768248386254,0.9263591766357422,0.5541539192199707,290536.25,0.022953033447265625,12034.0,0.008935928344726562,4685.0,0.0131988525390625,6920.0,0.0,0,0.5771069526672363,302570.25,5000,1000
othim25,full,1,1,1,0.0015,31.23610093140236,0.6976601481437683,365774.84375,31.22097244487078,0.9020617008209229,0.69859379529953,366264.34375,0.020753860473632812,10881.0,0.00885772705078125,4644.0,0.010995864868164062,5765.0,0.0,0,0.7193476557731628,377145.34375,5000,1000
othim26,full,1,1,1,0.0015,31.151017406257495,0.6988242864608765,366385.1875,31.14898857566334,0.9025670886039734,0.6995452642440796,366763.1875,0.023311614990234375,12222.0,0.008945465087890625,4690.0,0.013336181640625,6992.0,0.0,0,0.722856879234314,378985.1875,5000,1000
othim27,full,1,1,1,0.0015,31.317155266060013,0.5995484590530396,314336.0625,31.309240960147644,0.8878623247146606,0.6001524925231934,314652.75,0.021532058715820312,11289.0,0.008871078491210938,4651.0,0.01172637939453125,6148.0,0.0,0,0.6216845512390137,325941.75,5000,1000
othim28,full,1,1,1,0.0015,32.515079417367815,0.6351305246353149,332991.3125,32.507218677595496,0.9219047427177429,0.6370819211006165,334014.40625,0.020534515380859375,10766.0,0.007913589477539062,4149.0,0.011859893798828125,6218.0,0.0,0,0.6576164364814758,344780.40625,5000,1000
othim29,full,1,1,1,0.0015,32.740735221696106,0.6048728227615356,317127.5625,32.73029848148014,0.914665937423706,0.6051879525184631,317292.78125,0.021272659301757812,11153.0,0.008886337280273438,4659.0,0.011484146118164062,6021.0,0.0,0,0.626460611820221,328445.78125,5000,1000
othim30,full,1,1,1,0.0015,32.467817299713765,0.6431515216827393,337196.625,32.46275625714166,0.9215089082717896,0.6444498300552368,337877.3125,0.021923065185546875,11494.0,0.007986068725585938,4187.0,0.013021469116210938,6827.0,0.0,0,0.6663728952407837,349371.3125,5000,1000
othim01,full,1,1,1,0.0025,31.93584823827759,0.312248170375824,163707.96875,31.908093315789472,0.8794195652008057,0.3136374056339264,164436.328125,0.019849777221679688,10407.0,0.007905960083007812,4145.0,0.010873794555664062,5701.0,0.0,0,0.3334871828556061,174843.328125,5000,1000
othim02,full,1,1,1,0.0025,31.982280839093704,0.30807745456695557,161521.3125,31.97309706607973,0.8792424201965332,0.3086129128932953,161802.046875,0.021726608276367188,11391.0,0.009067535400390625,4754.0,0.011831283569335938,6203.0,0.0,0,0.3303395211696625,173193.046875,5000,1000
othim03,full,1,1,1,0.0025,31.86676272935974,0.3112970292568207,163209.296875,31.855489982323018,0.8763179183006287,0.3124205768108368,163798.359375,0.02045440673828125,10724.0,0.007862091064453125,4122.0,0.011556625366210938,6059.0,0.0,0,0.33287498354911804,174522.359375,5000,1000
othim04,full,1,1,1,0.0025,29.591770257954213,0.624774694442749,327561.875,29.58915385771658,0.8751246929168701,0.6257926821708679,328095.59375,0.021753311157226562,11405.0,0.0076923370361328125,4033.0,0.013006210327148438,6819.0,0.0,0,0.6475459933280945,339500.59375,5000,1000
othim05,full,1,1,1,0.0025,30.267341234087457,0.5055022239685059,265028.75,30.2611734811784,0.8648223280906677,0.5066912770271301,265652.15625,0.02075958251953125,10884.0,0.00789642333984375,4140.0,0.011793136596679688,6183.0,0.0,0,0.5274508595466614,276536.15625,5000,1000
othim06,full,1,1,1,0.0025,30.305078168529217,0.506080150604248,265331.75,30.296138134050864,0.8660931587219238,0.507276713848114,265959.09375,0.020549774169921875,10774.0,0.00783538818359375,4108.0,0.011905670166015625,6242.0,0.0,0,0.5278264880180359,276733.09375,5000,1000
othim07,full,1,1,1,0.0025,33.333492615192654,0.24208779633045197,126923.7265625,33.306629962734746,0.911790132522583,0.24229751527309418,127033.6796875,0.02053070068359375,10764.0,0.008861541748046875,4646.0,0.010595321655273438,5555.0,0.0,0,0.2628282159566879,137797.6796875,5000,1000
othim08,full,1,1,1,0.0025,33.4835965732407,0.22060106694698334,115658.4921875,33.47053389204438,0.9109269976615906,0.2208479344844818,115787.921875,0.021671295166015625,11362.0,0.008813858032226562,4621.0,0.011922836303710938,6251.0,0.0,0,0.24251922965049744,127149.921875,5000,1000
othim09,full,1,1,1,0.0025,33.306909220876825,0.23829634487628937,124935.9140625,33.291581250981025,0.9099322557449341,0.2385108768939972,125048.390625,0.021442413330078125,11242.0,0.008852005004882812,4641.0,0.01161956787109375,6092.0,0.0,0,0.2599532902240753,136290.390625,5000,1000
othim10,full,1,1,1,0.0025,31.64487580823044,0.24253803491592407,127159.78125,31.637088412823644,0.8472551703453064,0.242812380194664,127303.6171875,0.021694183349609375,11374.0,0.00899505615234375,4716.0,0.011747360229492188,6159.0,0.0,0,0.2645065635442734,138677.6171875,5000,1000
othim11,full,1,1,1,0.0025,31.470068961807424,0.2935391068458557,153899.03125,31.449702141965783,0.852357029914856,0.2939656376838684,154122.65625,0.020475387573242188,10735.0,0.008817672729492188,4623.0,0.010721206665039062,5621.0,0.0,0,0.3144410252571106,164857.65625,5000,1000
othim12,full,1,1,1,0.0025,31.094842286864047,0.3238001763820648,169764.546875,31.06099221185836,0.8523802757263184,0.32397186756134033,169854.5625,0.020093917846679688,10535.0,0.009801864624023438,5139.0,0.00931549072265625,4884.0,0.0,0,0.34406578540802,180389.5625,5000,1000
othim13,full,1,1,1,0.0025,33.29623760626789,0.24391576647758484,127882.109375,33.26976000896706,0.8989702463150024,0.24399054050445557,127921.3125,0.021730422973632812,11393.0,0.010059356689453125,5274.0,0.01087188720703125,5700.0,0.0,0,0.2657209634780884,139314.3125,5000,1000
othim14,full,1,1,1,0.0025,32.97706916827868,0.24449145793914795,128183.9375,32.958784888066646,0.8962618112564087,0.24671919643878937,129351.9140625,0.017871856689453125,9370.0,0.006702423095703125,3514.0,0.010341644287109375,5422.0,0.0,0,0.2645910531282425,138721.9140625,5000,1000
othim15,full,1,1,1,0.0025,33.15443615186953,0.24288496375083923,127341.671875,33.1255611933206,0.8986932635307312,0.24316270649433136,127487.2890625,0.02063751220703125,10820.0,0.009069442749023438,4755.0,0.010740280151367188,5631.0,0.0,0,0.2638002187013626,138307.2890625,5000,1000
othim16,full,1,1,1,0.0025,33.7853352689081,0.21946118772029877,115060.8671875,33.74970880019338,0.9119904041290283,0.21983283758163452,115255.71875,0.02060699462890625,10804.0,0.008899688720703125,4666.0,0.010782241821289062,5653.0,0.0,0,0.24043983221054077,126059.71875,5000,1000
othim17,full,1,1,1,0.0025,33.498116530908526,0.2216736376285553,116220.828125,33.487331081486595,0.909491240978241,0.22242286801338196,116613.640625,0.021768569946289062,11413.0,0.008878707885742188,4655.0,0.01206207275390625,6324.0,0.0,0,0.24419143795967102,128026.640625,5000,1000
othim18,full,1,1,1,0.0025,33.669510754079376,0.21326836943626404,111814.046875,33.649359052963824,0.9087168574333191,0.21345055103302002,111909.5625,0.022220611572265625,11650.0,0.009943008422851562,5213.0,0.011465072631835938,6011.0,0.0,0,0.23567116260528564,123559.5625,5000,1000
othim19,full,1,1,1,0.0025,30.316590861401256,0.4875957667827606,255640.609375,30.30840120936033,0.8760416507720947,0.4880862832069397,255897.78125,0.021772384643554688,11415.0,0.0089111328125,4672.0,0.011928558349609375,6254.0,0.0,0,0.5098586678504944,267312.78125,5000,1000
othim20,full,1,1,1,0.0025,30.33792076460752,0.49182629585266113,257858.625,30.317383213445623,0.874464213848114,0.4929729700088501,258459.8125,0.01979827880859375,10380.0,0.007852554321289062,4117.0,0.011014938354492188,5775.0,0.0,0,0.5127712488174438,268839.8125,5000,1000
othim21,full,1,1,1,0.0025,30.27578970959226,0.5124928951263428,268693.875,30.247094096399028,0.8761200904846191,0.5132079720497131,269068.78125,0.02069854736328125,10852.0,0.008808135986328125,4618.0,0.010957717895507812,5745.0,0.0,0,0.5339065194129944,279920.78125,5000,1000
othim22,full,1,1,1,0.0025,32.999982225149395,0.2635156512260437,138158.09375,32.942240961610345,0.8974732756614685,0.26533961296081543,139114.375,0.019517898559570312,10233.0,0.007884979248046875,4134.0,0.01082611083984375,5676.0,0.0,0,0.28485751152038574,149347.375,5000,1000
othim23,full,1,1,1,0.0025,32.143491999702775,0.29234036803245544,153270.546875,32.127387140621195,0.8986530303955078,0.2934340536594391,153843.953125,0.0216827392578125,11368.0,0.009029388427734375,4734.0,0.011806488037109375,6190.0,0.0,0,0.3151167929172516,165211.953125,5000,1000
othim24,full,1,1,1,0.0025,31.444901505345843,0.3894343972206116,204175.78125,31.427997482518162,0.9022645950317383,0.38999876379966736,204471.671875,0.02053070068359375,10764.0,0.008831024169921875,4630.0,0.010770797729492188,5647.0,0.0,0,0.4105294644832611,215235.671875,5000,1000
othim25,full,1,1,1,0.0025,29.667140185655793,0.534669041633606,280320.5625,29.654989935934946,0.8715537786483765,0.5350912809371948,280541.9375,0.021661758422851562,11357.0,0.008771896362304688,4599.0,0.012081146240234375,6334.0,0.0,0,0.5567530393600464,291898.9375,5000,1000
othim26,full,1,1,1,0.0025,29.76295161882815,0.5380579829216003,282097.34375,29.756644329869193,0.8719499111175537,0.5386426448822021,282403.875,0.022020339965820312,11545.0,0.009067535400390625,4754.0,0.011882781982421875,6230.0,0.0,0,0.5606629848480225,293948.875,5000,1000
othim27,full,1,1,1,0.0025,30.00616065612516,0.44724342226982117,234484.359375,29.996689844633455,0.8573979139328003,0.44875001907348633,235274.25,0.020597457885742188,10799.0,0.007833480834960938,4107.0,0.011798858642578125,6186.0,0.0,0,0.4693474769592285,246073.25,5000,1000
othim28,full,1,1,1,0.0025,30.622408637227977,0.46175122261047363,242090.625,30.614244965947467,0.8901569247245789,0.4624815583229065,242473.53125,0.022075653076171875,11574.0,0.009046554565429688,4743.0,0.012205123901367188,6399.0,0.0,0,0.48455721139907837,254047.53125,5000,1000
othim29,full,1,1,1,0.0025,30.96949689475082,0.4362870454788208,228740.0625,30.95186049061355,0.8858493566513062,0.43748781085014343,229369.609375,0.019369125366210938,10155.0,0.008077621459960938,4235.0,0.010354995727539062,5429.0,0.0,0,0.45685693621635437,239524.609375,5000,1000
othim30,full,1,1,1,0.0025,30.622264684522026,0.46928030252456665,246038.03125,30.614700723144608,0.8918747901916504,0.47037479281425476,246611.859375,0.02152252197265625,11284.0,0.008913040161132812,4673.0,0.011823654174804688,6199.0,0.0,0,0.491897314786911,257895.859375,5000,1000
othim01,erp,0,0,1,0.0015,32.7741886028661,0.38106057047843933,199785.484375,32.76943937297457,0.8969638347625732,0.38158079981803894,200058.234375,0.02190399169921875,11484.0,0.009019851684570312,4729.0,0.011821746826171875,6198.0,0.0,0,0.4034847915172577,211542.234375,5000,1000
othim02,erp,0,0,1,0.0015,32.639403770276665,0.39465564489364624,206913.21875,32.628956348583095,0.8942244052886963,0.39520493149757385,207201.203125,0.020694732666015625,10850.0,0.008928298950195312,4681.0,0.010831832885742188,5679.0,0.0,0,0.4158996641635895,218051.203125,5000,1000
othim03,erp,0,0,1,0.0015,32.54399600835321,0.39834755659103394,208848.84375,32.5384467871825,0.8908812403678894,0.39949336647987366,209449.578125,0.020338058471679688,10663.0,0.0089111328125,4672.0,0.010522842407226562,5517.0,0.0,0,0.41983142495155334,220112.578125,5000,1000
othim04,erp,0,0,1,0.0015,30.846762981519745,0.8252142071723938,432649.90625,30.835379935805317,0.9030389785766602,0.8258670568466187,432992.1875,0.020196914672851562,10589.0,0.008871078491210938,4651.0,0.01050567626953125,5508.0,0.0,0,0.8460639715194702,443581.1875,5000,1000
othim05,erp,0,0,1,0.0015,31.413461918236113,0.6479451656341553,339709.875,31.40648354457032,0.8910939693450928,0.6482664346694946,339878.3125,0.020450592041015625,10722.0,0.0089111328125,4672.0,0.010492324829101562,5501.0,0.0,0,0.6687170267105103,350600.3125,5000,1000
othim06,erp,0,0,1,0.0015,31.33849279268314,0.6482163071632385,339852.03125,31.324854956710528,0.8918440341949463,0.6483924388885498,339944.375,0.0202178955078125,10600.0,0.009927749633789062,5205.0,0.0093536376953125,4904.0,0.0,0,0.6686103343963623,350544.375,5000,1000
othim07,erp,0,0,1,0.0015,33.88992491787902,0.2834169268608093,148592.09375,33.87409696895322,0.9207080602645874,0.2838587760925293,148823.75,0.02077484130859375,10892.0,0.009023666381835938,4731.0,0.010927200317382812,5729.0,0.0,0,0.30463361740112305,159715.75,5000,1000
othim08,erp,0,0,1,0.0015,34.1281608258719,0.25447478890419006,133418.078125,34.120867852076486,0.9215587973594666,0.25460392236709595,133485.78125,0.021585464477539062,11317.0,0.00998687744140625,5236.0,0.010519027709960938,5515.0,0.0,0,0.276189386844635,144802.78125,5000,1000
othim09,erp,0,0,1,0.0015,33.86647287763486,0.2871888279914856,150569.65625,33.85389440063692,0.9171895384788513,0.2874799966812134,150722.3125,0.021892547607421875,11478.0,0.010082244873046875,5286.0,0.010992050170898438,5763.0,0.0,0,0.30937254428863525,162200.3125,5000,1000
othim10,erp,0,0,1,0.0015,32.215195390603654,0.29816827178001404,156326.046875,32.197093599728035,0.8600918650627136,0.2992473244667053,156891.78125,0.018449783325195312,9673.0,0.008001327514648438,4195.0,0.00960540771484375,5036.0,0.0,0,0.31769710779190063,166564.78125,5000,1000
othim11,erp,0,0,1,0.0015,32.09829105677152,0.3598666191101074,188673.75,32.09218315056766,0.8690378665924072,0.36052367091178894,189018.234375,0.021533966064453125,11290.0,0.00911712646484375,4780.0,0.011438369750976562,5997.0,0.0,0,0.38205763697624207,200308.234375,5000,1000
othim12,erp,0,0,1,0.0015,31.97975667304658,0.40033358335494995,209890.09375,31.968162105491984,0.8693221807479858,0.4013020396232605,210397.84375,0.020336151123046875,10662.0,0.008998870849609375,4718.0,0.010498046875,5504.0,0.0,0,0.4216381907463074,221059.84375,5000,1000
othim13,erp,0,0,1,0.0015,33.74650701325325,0.2922188639640808,153206.84375,33.72274042800401,0.9078378081321716,0.2927766740322113,153499.296875,0.019338607788085938,10139.0,0.008922576904296875,4678.0,0.0096282958984375,5048.0,0.0,0,0.31211528182029724,163638.296875,5000,1000
othim14,erp,0,0,1,0.0015,33.86826231537483,0.28315800428390503,148456.34375,33.854535003766735,0.909912109375,0.2833651304244995,148564.9375,0.020868301391601562,10941.0,0.010019302368164062,5253.0,0.009939193725585938,5211.0,0.0,0,0.3042334318161011,159505.9375,5000,1000
othim15,erp,0,0,1,0.0015,33.58726104481551,0.29391348361968994,154095.3125,33.56323802001861,0.9066183567047119,0.294457346200943,154380.453125,0.01959228515625,10272.0,0.009004592895507812,4721.0,0.00963592529296875,5052.0,0.0,0,0.314049631357193,164652.453125,5000,1000
othim16,erp,0,0,1,0.0015,34.27910056961762,0.26553329825401306,139215.921875,34.26417964827491,0.9183099269866943,0.26620036363601685,139565.65625,0.02051544189453125,10756.0,0.00882720947265625,4628.0,0.010751724243164062,5637.0,0.0,0,0.2867158055305481,150321.65625,5000,1000
othim17,erp,0,0,1,0.0015,34.234239764204105,0.26629915833473206,139617.453125,34.22410963725496,0.9177145957946777,0.26683327555656433,139897.484375,0.020427703857421875,10710.0,0.008955001831054688,4695.0,0.010534286499023438,5523.0,0.0,0,0.2872609794139862,150607.484375,5000,1000
othim18,erp,0,0,1,0.0015,34.292062027459856,0.27027764916419983,141703.328125,34.27428930659636,0.9177771806716919,0.2707849442958832,141969.296875,0.020544052124023438,10771.0,0.008880615234375,4656.0,0.010740280151367188,5631.0,0.0,0,0.2913289964199066,152740.296875,5000,1000
othim19,erp,0,0,1,0.0015,31.52650320053293,0.6262840032577515,328353.1875,31.521772572745245,0.9023517370223999,0.6271268129348755,328795.0625,0.020717620849609375,10862.0,0.009008407592773438,4723.0,0.010789871215820312,5657.0,0.0,0,0.6478444337844849,339657.0625,5000,1000
othim20,erp,0,0,1,0.0015,31.575801501500237,0.641196608543396,336171.6875,31.568552282525577,0.9003207087516785,0.642096757888794,336643.625,0.020837783813476562,10925.0,0.00890350341796875,4668.0,0.011005401611328125,5770.0,0.0,0,0.6629345417022705,347568.625,5000,1000
othim21,erp,0,0,1,0.0015,31.463879929920452,0.6354914903640747,333180.5625,31.45568950702498,0.900405764579773,0.6359586119651794,333425.46875,0.020414352416992188,10703.0,0.008909225463867188,4671.0,0.010595321655273438,5555.0,0.0,0,0.6563729643821716,344128.46875,5000,1000
othim22,erp,0,0,1,0.0015,33.69876598902417,0.3348398208618164,175552.5,33.68526600810599,0.9107502698898315,0.33508169651031494,175679.3125,0.021139144897460938,11083.0,0.009859085083007812,5169.0,0.010448455810546875,5478.0,0.0,0,0.3562208414077759,186762.3125,5000,1000
othim23,erp,0,0,1,0.0015,32.96030780502367,0.36788976192474365,192880.1875,32.94994179120823,0.911786675453186,0.3689916729927063,193457.90625,0.020330429077148438,10659.0,0.0089263916015625,4680.0,0.010547637939453125,5530.0,0.0,0,0.38932210206985474,204116.90625,5000,1000
othim24,erp,0,0,1,0.0015,32.52029658331852,0.5185530185699463,271871.125,32.51244309304092,0.9166557192802429,0.5190961360931396,272155.875,0.021810531616210938,11435.0,0.009990692138671875,5238.0,0.0108795166015625,5704.0,0.0,0,0.5409066677093506,283590.875,5000,1000
othim25,erp,0,0,1,0.0015,30.532479763719774,0.6623324751853943,347252.96875,30.523675365061678,0.894777774810791,0.6627034544944763,347447.46875,0.020435333251953125,10714.0,0.008869171142578125,4650.0,0.010766983032226562,5645.0,0.0,0,0.6831387877464294,358161.46875,5000,1000
othim26,erp,0,0,1,0.0015,30.613603999044102,0.6625744104385376,347379.8125,30.604403696932135,0.8956496119499207,0.6629408597946167,347571.9375,0.020700454711914062,10853.0,0.008928298950195312,4681.0,0.010725021362304688,5623.0,0.0,0,0.6836413145065308,358424.9375,5000,1000
othim27,erp,0,0,1,0.0015,30.651165955036618,0.5668046474456787,297168.875,30.6465049716812,0.8798772692680359,0.5673408508300781,297450.0,0.02032470703125,10656.0,0.00885772705078125,4644.0,0.010553359985351562,5533.0,0.0,0,0.5876655578613281,308106.0,5000,1000
othim28,erp,0,0,1,0.0015,31.775519622685653,0.5813738703727722,304807.34375,31.77259191151926,0.909610390663147,0.5821000337600708,305188.0625,0.020620346069335938,10811.0,0.00897979736328125,4708.0,0.010728836059570312,5625.0,0.0,0,0.6027203798294067,315999.0625,5000,1000
othim29,erp,0,0,1,0.0015,32.11523856364038,0.5708990097045898,299315.5,32.111218258193304,0.9033321142196655,0.5721510052680969,299971.90625,0.021692276000976562,11373.0,0.00891876220703125,4676.0,0.011882781982421875,6230.0,0.0,0,0.5938432812690735,311344.90625,5000,1000
othim30,erp,0,0,1,0.0015,31.7807920374192,0.6096087694168091,319610.5625,31.768187788078563,0.9097532033920288,0.6110663414001465,320374.75,0.0194091796875,10176.0,0.007814407348632812,4097.0,0.01081085205078125,5668.0,0.0,0,0.6304755210876465,330550.75,5000,1000
othim01,erp,0,0,1,0.0025,31.15231302492789,0.2690761387348175,141073.390625,31.12412390784804,0.8666858077049255,0.2706053853034973,141875.15625,0.018352508544921875,9622.0,0.008092880249023438,4243.0,0.009313583374023438,4883.0,0.0,0,0.2889578938484192,151497.15625,5000,1000
othim02,erp,0,0,1,0.0025,31.11605766570712,0.27665236592292786,145045.515625,31.10551192450889,0.865365743637085,0.278587281703949,146059.96875,0.019464492797851562,10205.0,0.007907867431640625,4146.0,0.010606765747070312,5561.0,0.0,0,0.29805177450180054,156264.96875,5000,1000
othim03,erp,0,0,1,0.0025,31.093496809074185,0.28607386350631714,149985.09375,31.08125094196471,0.8628149032592773,0.287217915058136,150584.90625,0.019670486450195312,10313.0,0.008989334106445312,4713.0,0.009731292724609375,5102.0,0.0,0,0.3068884015083313,160897.90625,5000,1000
othim04,erp,0,0,1,0.0025,28.974042526605327,0.5935333967208862,311182.4375,28.96596623131148,0.8580788373947144,0.5938372611999512,311341.75,0.021404266357421875,11222.0,0.0100860595703125,5288.0,0.01049041748046875,5500.0,0.0,0,0.615241527557373,322563.75,5000,1000
othim05,erp,0,0,1,0.0025,29.575923727005403,0.4432978630065918,232415.75,29.56509631489287,0.8454567193984985,0.44371211528778076,232632.9375,0.020244598388671875,10614.0,0.008831024169921875,4630.0,0.010448455810546875,5478.0,0.0,0,0.46395671367645264,243246.9375,5000,1000
othim06,erp,0,0,1,0.0025,29.757397526267024,0.4605860710144043,241479.75,29.75151597886867,0.850969672203064,0.4616996645927429,242063.59375,0.0197296142578125,10344.0,0.00797271728515625,4180.0,0.010683059692382812,5601.0,0.0,0,0.4814292788505554,252407.59375,5000,1000
othim07,erp,0,0,1,0.0025,32.537590264841924,0.20808501541614532,109096.4765625,32.525425469396076,0.90350341796875,0.20876425504684448,109452.59375,0.020696640014648438,10851.0,0.00907135009765625,4756.0,0.01079559326171875,5660.0,0.0,0,0.22946089506149292,120303.59375,5000,1000
othim08,erp,0,0,1,0.0025,32.589543958373504,0.18604862689971924,97543.0625,32.57508937837934,0.9010159969329834,0.18651482462882996,97787.484375,0.020563125610351562,10781.0,0.009016036987304688,4727.0,0.01059722900390625,5556.0,0.0,0,0.20707795023918152,108568.484375,5000,1000
othim09,erp,0,0,1,0.0025,32.39100819914492,0.20078614354133606,105269.765625,32.34236898647791,0.8987878561019897,0.2025395929813385,106189.078125,0.018716812133789062,9813.0,0.007869720458984375,4126.0,0.009901046752929688,5191.0,0.0,0,0.22125640511512756,116002.078125,5000,1000
othim10,erp,0,0,1,0.0025,30.905053336896035,0.19602538645267487,102773.7578125,30.89867020864246,0.8231930732727051,0.19696827232837677,103268.1015625,0.019474029541015625,10210.0,0.007944107055664062,4165.0,0.010599136352539062,5557.0,0.0,0,0.2164423018693924,113478.1015625,5000,1000
othim11,erp,0,0,1,0.0025,30.46217166047754,0.22969721257686615,120427.4921875,30.45423636214356,0.8240658640861511,0.23100066184997559,121110.875,0.019561767578125,10256.0,0.008058547973632812,4225.0,0.010648727416992188,5583.0,0.0,0,0.2505624294281006,131366.875,5000,1000
othim12,erp,0,0,1,0.0025,30.380128892578327,0.2724808156490326,142858.421875,30.372893650764215,0.8260461688041687,0.2735530138015747,143420.5625,0.020307540893554688,10647.0,0.008821487426757812,4625.0,0.010522842407226562,5517.0,0.0,0,0.2938605546951294,154067.5625,5000,1000
othim13,erp,0,0,1,0.0025,32.11969104081519,0.210358127951622,110288.2421875,32.099174140000024,0.8853208422660828,0.2111755907535553,110716.828125,0.019031524658203125,9978.0,0.008853912353515625,4642.0,0.009336471557617188,4895.0,0.0,0,0.23020711541175842,120694.828125,5000,1000
othim14,erp,0,0,1,0.0025,31.995727750445894,0.19738513231277466,103486.65625,31.98087685737515,0.8857619762420654,0.19750264286994934,103548.265625,0.020786285400390625,10898.0,0.010019302368164062,5253.0,0.00970458984375,5088.0,0.0,0,0.21828892827033997,114446.265625,5000,1000
othim15,erp,0,0,1,0.0025,32.09107912037245,0.20956337451934814,109871.5625,32.062879303450096,0.885926365852356,0.21022474765777588,110218.3125,0.018335342407226562,9613.0,0.007925033569335938,4155.0,0.009561538696289062,5013.0,0.0,0,0.22856009006500244,119831.3125,5000,1000
othim16,erp,0,0,1,0.0025,32.54438535956285,0.1924745738506317,100912.109375,32.495022496173846,0.8974210619926453,0.19316984713077545,101276.6328125,0.018388748168945312,9641.0,0.008846282958984375,4638.0,0.008457183837890625,4434.0,0.0,0,0.21155859529972076,110917.6328125,5000,1000
othim17,erp,0,0,1,0.0025,32.71448170284827,0.19907380640506744,104372.0078125,32.708288050580755,0.8987782001495361,0.19937604665756226,104530.46875,0.020730972290039062,10869.0,0.00904083251953125,4740.0,0.010866165161132812,5697.0,0.0,0,0.22010701894760132,115399.46875,5000,1000
othim18,erp,0,0,1,0.0025,32.603580662899496,0.19423028826713562,101832.609375,32.59537967160566,0.8967291116714478,0.19525352120399475,102369.078125,0.019319534301757812,10129.0,0.007848739624023438,4115.0,0.010496139526367188,5503.0,0.0,0,0.21457305550575256,112498.078125,5000,1000
othim19,erp,0,0,1,0.0025,29.784335052912017,0.4589846730232239,240640.15625,29.77082451121898,0.8641619086265564,0.46046632528305054,241416.96875,0.01844024658203125,9668.0,0.007816314697265625,4098.0,0.00969696044921875,5084.0,0.0,0,0.4789065718650818,251084.96875,5000,1000
othim20,erp,0,0,1,0.0025,29.701541257942086,0.4762362539768219,249684.953125,29.695387703814017,0.86058509349823,0.4768841564655304,250024.640625,0.020544052124023438,10771.0,0.008897781372070312,4665.0,0.010692596435546875,5606.0,0.0,0,0.49742820858955383,260795.640625,5000,1000
othim21,erp,0,0,1,0.0025,29.637363700731402,0.47138500213623047,247141.5,29.623728675096615,0.8627676367759705,0.4720916152000427,247511.96875,0.01956939697265625,10260.0,0.00891876220703125,4676.0,0.009717941284179688,5095.0,0.0,0,0.491661012172699,257771.96875,5000,1000
othim22,erp,0,0,1,0.0025,32.13825562944266,0.24000900983810425,125833.84375,32.09624295771306,0.8877052664756775,0.24078547954559326,126240.9375,0.019374847412109375,10158.0,0.00893402099609375,4684.0,0.00933837890625,4896.0,0.0,0,0.26016032695770264,136398.9375,5000,1000
othim23,erp,0,0,1,0.0025,30.99495075530786,0.24530038237571716,128608.046875,30.98344427709014,0.8785173296928406,0.24625971913337708,129111.015625,0.020944595336914062,10981.0,0.009061813354492188,4751.0,0.010883331298828125,5706.0,0.0,0,0.26720431447029114,140092.015625,5000,1000
othim24,erp,0,0,1,0.0025,30.820165165027447,0.3642885088920593,190992.09375,30.813734071310847,0.8895261287689209,0.36486226320266724,191292.90625,0.020427703857421875,10710.0,0.0090179443359375,4728.0,0.010578155517578125,5546.0,0.0,0,0.3852899670600891,202002.90625,5000,1000
othim25,erp,0,0,1,0.0025,28.952518238664624,0.5017949938774109,263085.09375,28.946554458652624,0.8612024188041687,0.5020008087158203,263193.0,0.021205902099609375,11118.0,0.009786605834960938,5131.0,0.010473251342773438,5491.0,0.0,0,0.5232067108154297,274311.0,5000,1000
othim26,erp,0,0,1,0.0025,28.961068451912396,0.5044074058532715,264454.75,28.956196301679068,0.8627694845199585,0.505115270614624,264825.875,0.020137786865234375,10558.0,0.008775711059570312,4601.0,0.010427474975585938,5467.0,0.0,0,0.5252530574798584,275383.875,5000,1000
othim27,erp,0,0,1,0.0025,29.17207977102665,0.40980076789855957,214853.625,29.16591764014522,0.8444348573684692,0.4111737906932831,215573.484375,0.019594192504882812,10273.0,0.007890701293945312,4137.0,0.010637283325195312,5577.0,0.0,0,0.4307679831981659,225846.484375,5000,1000
othim28,erp,0,0,1,0.0025,29.99129918250503,0.4276576638221741,224215.78125,29.986573809422946,0.8744877576828003,0.42851710319519043,224666.375,0.019380569458007812,10161.0,0.0078887939453125,4136.0,0.01070404052734375,5612.0,0.0,0,0.44789767265319824,234827.375,5000,1000
othim29,erp,0,0,1,0.0025,30.383706441283437,0.4098958671092987,214903.484375,30.3785173518701,0.8701249957084656,0.4111477732658386,215559.84375,0.01971435546875,10336.0,0.007968902587890625,4178.0,0.010824203491210938,5675.0,0.0,0,0.4308621287345886,225895.84375,5000,1000
othim30,erp,0,0,1,0.0025,29.948291091056394,0.4352114200592041,228176.125,29.933033078827023,0.874956488609314,0.4364544153213501,228827.8125,0.01877593994140625,9844.0,0.0077152252197265625,4045.0,0.010364532470703125,5434.0,0.0,0,0.45523035526275635,238671.8125,5000,1000
othim01,erp,0,1,1,0.0015,32.623947741462416,0.3970806300640106,208184.609375,32.61153710802186,0.8942457437515259,0.397613525390625,208464.0,0.022218704223632812,11649.0,0.009057998657226562,4749.0,0.01224517822265625,6420.0,0.0,0,0.4198322296142578,220113.0,5000,1000
othim02,erp,0,1,1,0.0015,32.53605320546611,0.39176610112190247,205398.265625,32.52842139601082,0.8911110758781433,0.392611563205719,205841.53125,0.0220794677734375,11576.0,0.009080886840820312,4761.0,0.011951446533203125,6266.0,0.0,0,0.4146910309791565,217417.53125,5000,1000
othim03,erp,0,1,1,0.0015,32.65354782207621,0.3943919539451599,206774.96875,32.63553794992463,0.8929974436759949,0.39513099193573,207162.4375,0.0209503173828125,10984.0,0.008958816528320312,4697.0,0.011056900024414062,5797.0,0.0,0,0.4160813093185425,218146.4375,5000,1000
othim04,erp,0,1,1,0.0015,30.86684001601155,0.8145146369934082,427040.25,30.86040213054685,0.9039304256439209,0.8153908252716064,427499.625,0.021595001220703125,11322.0,0.008701324462890625,4562.0,0.01197052001953125,6276.0,0.0,0,0.8369858264923096,438821.625,5000,1000
othim05,erp,0,1,1,0.0015,31.38697310044773,0.6367124915122986,333820.71875,31.370473565714843,0.8904596567153931,0.6373682022094727,334164.5,0.020784378051757812,10897.0,0.008810043334960938,4619.0,0.011043548583984375,5790.0,0.0,0,0.6581525802612305,345061.5,5000,1000
othim06,erp,0,1,1,0.0015,31.453252689748307,0.638279914855957,334642.5,31.44377185592386,0.8919171690940857,0.6394714117050171,335267.1875,0.022226333618164062,11653.0,0.00904083251953125,4740.0,0.012271881103515625,6434.0,0.0,0,0.6616977453231812,346920.1875,5000,1000
othim07,erp,0,1,1,0.0015,33.91614749992345,0.2857086658477783,149793.625,33.90616463004213,0.9202953577041626,0.28605347871780396,149974.40625,0.023040771484375,12080.0,0.00989532470703125,5188.0,0.012331008911132812,6465.0,0.0,0,0.30909425020217896,162054.40625,5000,1000
othim08,erp,0,1,1,0.0015,34.063563693733016,0.25908035039901733,135832.71875,34.05399298688409,0.9211906790733337,0.260445773601532,136548.59375,0.021026611328125,11024.0,0.00799560546875,4192.0,0.012235641479492188,6415.0,0.0,0,0.281472384929657,147572.59375,5000,1000
othim09,erp,0,1,1,0.0015,33.73014719568737,0.27500709891319275,144182.921875,33.71172322439542,0.9172797203063965,0.2757216691970825,144557.5625,0.022174835205078125,11626.0,0.008800506591796875,4614.0,0.012422561645507812,6513.0,0.0,0,0.29789650440216064,156183.5625,5000,1000
othim10,erp,0,1,1,0.0015,32.294825086055425,0.3073107898235321,161119.359375,32.268367951182945,0.8604221343994141,0.3078565299510956,161405.484375,0.020538330078125,10768.0,0.008695602416992188,4559.0,0.01111602783203125,5828.0,0.0,0,0.3283948600292206,172173.484375,5000,1000
othim11,erp,0,1,1,0.0015,32.12974611289403,0.35341548919677734,185291.5,32.123221730573654,0.8680046796798706,0.3538777232170105,185533.84375,0.022319793701171875,11702.0,0.0089111328125,4672.0,0.012453079223632812,6529.0,0.0,0,0.3761975169181824,197235.84375,5000,1000
othim12,erp,0,1,1,0.0015,31.93603504415478,0.40742242336273193,213606.6875,31.927570911766065,0.8698036074638367,0.4081754684448242,214001.5,0.0214691162109375,11256.0,0.008890151977539062,4661.0,0.011749267578125,6160.0,0.0,0,0.4296445846557617,225257.5,5000,1000
othim13,erp,0,1,1,0.0015,33.75753970455137,0.29261451959609985,153414.28125,33.74594294053633,0.9082850217819214,0.2929457426071167,153587.9375,0.022212982177734375,11646.0,0.008920669555664062,4677.0,0.012357711791992188,6479.0,0.0,0,0.3151587247848511,165233.9375,5000,1000
othim14,erp,0,1,1,0.0015,33.79341021010822,0.2891435921192169,151594.515625,33.76793291471602,0.9082614183425903,0.29021894931793213,152158.3125,0.020214080810546875,10598.0,0.007856369018554688,4119.0,0.01143646240234375,5996.0,0.0,0,0.310433030128479,162756.3125,5000,1000
othim15,erp,0,1,1,0.0015,33.86556820707704,0.28506365418434143,149455.453125,33.85781298025038,0.9097367525100708,0.2854691743850708,149668.0625,0.02230072021484375,11692.0,0.008951187133789062,4693.0,0.012418746948242188,6511.0,0.0,0,0.30776989459991455,161360.0625,5000,1000
othim16,erp,0,1,1,0.0015,34.214199630528945,0.2681150734424591,140569.515625,34.18642514699919,0.9174772500991821,0.26876428723335266,140909.890625,0.020748138427734375,10878.0,0.008831024169921875,4630.0,0.01110076904296875,5820.0,0.0,0,0.28951242566108704,151787.890625,5000,1000
othim17,erp,0,1,1,0.0015,34.223368926066776,0.270089328289032,141604.59375,34.181770461543245,0.9184510111808777,0.27118706703186035,142180.125,0.021173477172851562,11101.0,0.008863449096679688,4647.0,0.0113677978515625,5960.0,0.0,0,0.2923605442047119,153281.125,5000,1000
othim18,erp,0,1,1,0.0015,34.17930872615276,0.26935189962387085,141217.96875,34.16693168176167,0.918117880821228,0.2705106735229492,141825.5,0.02220916748046875,11644.0,0.00890350341796875,4668.0,0.0123443603515625,6472.0,0.0,0,0.29271984100341797,153469.5,5000,1000
othim19,erp,0,1,1,0.0015,31.56355538603796,0.6256554126739502,328023.625,31.559890188980138,0.9034034013748169,0.6258432865142822,328122.125,0.023344039916992188,12239.0,0.009874343872070312,5177.0,0.012544631958007812,6577.0,0.0,0,0.6491873264312744,340361.125,5000,1000
othim20,erp,0,1,1,0.0015,31.523421953150834,0.6311618089675903,330910.5625,31.503627281856605,0.9002008438110352,0.6321036219596863,331404.34375,0.020856857299804688,10935.0,0.008716583251953125,4570.0,0.011348724365234375,5950.0,0.0,0,0.652960479259491,342339.34375,5000,1000
othim21,erp,0,1,1,0.0015,31.507958694812192,0.6558061838150024,343831.3125,31.48844113299721,0.9019969701766968,0.6564146280288696,344150.3125,0.02135467529296875,11196.0,0.008853912353515625,4642.0,0.011579513549804688,6071.0,0.0,0,0.6777693033218384,355346.3125,5000,1000
othim22,erp,0,1,1,0.0015,33.58652090470525,0.33343613147735596,174816.5625,33.56816852735529,0.9069850444793701,0.3342500627040863,175243.296875,0.021785736083984375,11422.0,0.008731842041015625,4578.0,0.012132644653320312,6361.0,0.0,0,0.3560357987880707,186665.296875,5000,1000
othim23,erp,0,1,1,0.0015,32.8586903573373,0.37823009490966797,198301.5,32.83752375375019,0.9106907844543457,0.380781888961792,199639.375,0.021066665649414062,11045.0,0.008029937744140625,4210.0,0.012298583984375,6448.0,0.0,0,0.40184855461120605,210684.375,5000,1000
othim24,erp,0,1,1,0.0015,32.43082593747662,0.5059605240821838,265269.03125,32.41444087695734,0.9158334732055664,0.5062209367752075,265405.5625,0.023700714111328125,12426.0,0.0102081298828125,5352.0,0.012323379516601562,6461.0,0.0,0,0.5299216508865356,277831.5625,5000,1000
othim25,erp,0,1,1,0.0015,30.564937824304156,0.6545565128326416,343176.125,30.556412971978144,0.8958971500396729,0.6554452180862427,343642.0625,0.022653579711914062,11877.0,0.008968353271484375,4702.0,0.012645721435546875,6630.0,0.0,0,0.6780987977981567,355519.0625,5000,1000
othim26,erp,0,1,1,0.0015,30.571726588051984,0.6687847971916199,350635.84375,30.56579121589463,0.8961365222930908,0.6692558526992798,350882.8125,0.02213287353515625,11604.0,0.00884246826171875,4636.0,0.012361526489257812,6481.0,0.0,0,0.691388726234436,362486.8125,5000,1000
othim27,erp,0,1,1,0.0015,30.68455621224909,0.5682573318481445,297930.5,30.675494794671398,0.8797129392623901,0.5694179534912109,298539.0,0.022188186645507812,11633.0,0.008876800537109375,4654.0,0.0122528076171875,6424.0,0.0,0,0.5916061401367188,310172.0,5000,1000
othim28,erp,0,1,1,0.0015,31.778945763470556,0.6018995642662048,315568.71875,31.775905135514687,0.909531831741333,0.6039893627166748,316664.375,0.022180557250976562,11629.0,0.007818222045898438,4099.0,0.01345062255859375,7052.0,0.0,0,0.6261699199676514,328293.375,5000,1000
othim29,erp,0,1,1,0.0015,32.16019293823002,0.5571788549423218,292122.1875,32.15350867426357,0.9034988284111023,0.5574639439582825,292271.65625,0.022592544555664062,11845.0,0.008981704711914062,4709.0,0.012691497802734375,6654.0,0.0,0,0.5800564885139465,304116.65625,5000,1000
othim30,erp,0,1,1,0.0015,31.79581797949327,0.6009631752967834,315077.78125,31.79006104414832,0.9100786447525024,0.6021828651428223,315717.25,0.021331787109375,11184.0,0.007955551147460938,4171.0,0.012481689453125,6544.0,0.0,0,0.6235146522521973,326901.25,5000,1000
othim01,erp,0,1,1,0.0025,31.011402067871817,0.27727383375167847,145371.34375,30.998484788419308,0.8636206388473511,0.2784826457500458,146005.109375,0.021228790283203125,11130.0,0.008060455322265625,4226.0,0.012235641479492188,6415.0,0.0,0,0.2997114360332489,157135.109375,5000,1000
othim02,erp,0,1,1,0.0025,30.884980946829003,0.273257851600647,143265.8125,30.87971653648904,0.8616610765457153,0.27375689148902893,143527.453125,0.022466659545898438,11779.0,0.008829116821289062,4629.0,0.012819290161132812,6721.0,0.0,0,0.29622355103492737,155306.453125,5000,1000
othim03,erp,0,1,1,0.0025,31.01590758479092,0.2741956114768982,143757.46875,30.994357114893408,0.8607580065727234,0.2751719355583191,144269.34375,0.02079010009765625,10900.0,0.009037017822265625,4738.0,0.01093292236328125,5732.0,0.0,0,0.29596203565597534,155169.34375,5000,1000
othim04,erp,0,1,1,0.0025,28.927207815916333,0.5853769779205322,306906.125,28.90662453761777,0.8573190569877625,0.5867214798927307,307611.03125,0.019067764282226562,9997.0,0.0077762603759765625,4077.0,0.010372161865234375,5438.0,0.0,0,0.6057892441749573,317608.03125,5000,1000
othim05,erp,0,1,1,0.0025,29.609204650727914,0.4538862109184265,237967.09375,29.60378352633761,0.8456727862358093,0.45436644554138184,238218.875,0.022054672241210938,11563.0,0.00885009765625,4640.0,0.01227569580078125,6436.0,0.0,0,0.4764211177825928,249781.875,5000,1000
othim06,erp,0,1,1,0.0025,29.744946806239824,0.45801177620887756,240130.078125,29.73981812455628,0.851744532585144,0.4583682119846344,240316.953125,0.022457122802734375,11774.0,0.008871078491210938,4651.0,0.012790679931640625,6706.0,0.0,0,0.4808253347873688,252090.953125,5000,1000
othim07,erp,0,1,1,0.0025,32.511937960030025,0.20716404914855957,108613.625,32.48951334868244,0.903106689453125,0.20777159929275513,108932.15625,0.020906448364257812,10961.0,0.00897216796875,4704.0,0.011106491088867188,5823.0,0.0,0,0.22867804765701294,119893.15625,5000,1000
othim08,erp,0,1,1,0.0025,32.4805025580172,0.18580786883831024,97416.8359375,32.43703043883832,0.9010414481163025,0.18619690835475922,97620.8046875,0.02074432373046875,10876.0,0.008899688720703125,4666.0,0.011020660400390625,5778.0,0.0,0,0.20694123208522797,108496.8046875,5000,1000
othim09,erp,0,1,1,0.0025,32.241819667814326,0.21359947323799133,111987.640625,32.23195447986236,0.896866500377655,0.21400204300880432,112198.703125,0.021907806396484375,11486.0,0.008913040161132812,4673.0,0.012035369873046875,6310.0,0.0,0,0.2359098494052887,123684.703125,5000,1000
othim10,erp,0,1,1,0.0025,30.799440394645824,0.20664557814598083,108341.796875,30.78045988311729,0.8208775520324707,0.20847702026367188,109302.0,0.020870208740234375,10942.0,0.00778961181640625,4084.0,0.01210784912109375,6348.0,0.0,0,0.22934722900390625,120244.0,5000,1000
othim11,erp,0,1,1,0.0025,30.61295933372321,0.23000648617744446,120589.640625,30.60406158289152,0.8249876499176025,0.23093850910663605,121078.2890625,0.0211029052734375,11064.0,0.007871627807617188,4127.0,0.012395858764648438,6499.0,0.0,0,0.25204141438007355,132142.2890625,5000,1000
othim12,erp,0,1,1,0.0025,30.343791033413154,0.27216440439224243,142692.53125,30.335874363826587,0.8259832859039307,0.27382344007492065,143562.34375,0.020753860473632812,10881.0,0.007856369018554688,4119.0,0.011936187744140625,6258.0,0.0,0,0.29457730054855347,154443.34375,5000,1000
othim13,erp,0,1,1,0.0025,32.21016770051718,0.2082892805337906,109203.5703125,32.17183493852644,0.8882091045379639,0.20908543467521667,109620.984375,0.021272659301757812,11153.0,0.008970260620117188,4703.0,0.01145172119140625,6004.0,0.0,0,0.2303580939769745,120773.984375,5000,1000
othim14,erp,0,1,1,0.0025,31.415626235266632,0.17803484201431274,93341.53125,31.408941316181075,0.8783285021781921,0.17869848012924194,93689.46875,0.022298812866210938,11691.0,0.008855819702148438,4643.0,0.012599945068359375,6606.0,0.0,0,0.20099729299545288,105380.46875,5000,1000
othim15,erp,0,1,1,0.0025,32.04841819508625,0.2025454342365265,106192.140625,32.03272035426303,0.886806845664978,0.20330281555652618,106589.2265625,0.021266937255859375,11150.0,0.009019851684570312,4729.0,0.011316299438476562,5933.0,0.0,0,0.22456975281238556,117739.2265625,5000,1000
othim16,erp,0,1,1,0.0025,32.6306121426181,0.1914006471633911,100349.0625,32.59721074177558,0.8978111743927002,0.19162896275520325,100468.765625,0.021131515502929688,11079.0,0.009059906005859375,4750.0,0.011232376098632812,5889.0,0.0,0,0.21276047825813293,111547.765625,5000,1000
othim17,erp,0,1,1,0.0025,32.68344376012115,0.18873834609985352,98953.25,32.65452079562738,0.8987959623336792,0.1897437423467636,99480.3671875,0.0202484130859375,10616.0,0.007974624633789062,4181.0,0.011343002319335938,5947.0,0.0,0,0.2099921554327011,110096.3671875,5000,1000
othim18,erp,0,1,1,0.0025,32.638919029753616,0.19134388864040375,100319.3046875,32.624937401984674,0.8973399996757507,0.19168317317962646,100497.1875,0.0219573974609375,11512.0,0.008975982666015625,4706.0,0.012149810791015625,6370.0,0.0,0,0.21364057064056396,112009.1875,5000,1000
othim19,erp,0,1,1,0.0025,29.674155886939133,0.45583468675613403,238988.65625,29.65808323063511,0.8629215955734253,0.45652860403060913,239352.46875,0.021383285522460938,11211.0,0.008897781372070312,4665.0,0.01154327392578125,6052.0,0.0,0,0.47791188955307007,250563.46875,5000,1000
othim20,erp,0,1,1,0.0025,29.8163335609464,0.46172481775283813,242076.78125,29.810175668569936,0.8631759881973267,0.4620797634124756,242262.875,0.021923065185546875,11494.0,0.00878143310546875,4604.0,0.012437820434570312,6521.0,0.0,0,0.48400282859802246,253756.875,5000,1000
othim21,erp,0,1,1,0.0025,29.725630200280623,0.47472864389419556,248894.53125,29.72190079731242,0.862549901008606,0.47504302859306335,249059.359375,0.022380828857421875,11734.0,0.00884246826171875,4636.0,0.012601852416992188,6607.0,0.0,0,0.49742385745048523,260793.359375,5000,1000
othim22,erp,0,1,1,0.0025,32.089968971851384,0.23885944485664368,125231.140625,32.071278278109126,0.8858664035797119,0.24056483805179596,126125.2578125,0.020864486694335938,10939.0,0.007854461669921875,4118.0,0.012063980102539062,6325.0,0.0,0,0.2614293247461319,137064.2578125,5000,1000
othim23,erp,0,1,1,0.0025,30.997557816964193,0.2525061368942261,132385.9375,30.967955044131674,0.8784217834472656,0.25344932079315186,132880.4375,0.020990371704101562,11005.0,0.009090423583984375,4766.0,0.01078033447265625,5652.0,0.0,0,0.2744396924972534,143885.4375,5000,1000
othim24,erp,0,1,1,0.0025,30.537655559805945,0.3586826026439667,188052.984375,30.522743841810563,0.8849610686302185,0.3590867519378662,188264.875,0.0222015380859375,11640.0,0.00907135009765625,4756.0,0.0124359130859375,6520.0,0.0,0,0.3812882900238037,199904.875,5000,1000
othim25,erp,0,1,1,0.0025,29.102812469828887,0.4892321228981018,256498.53125,29.098644146992232,0.8644336462020874,0.4896697998046875,256728.0,0.0223388671875,11712.0,0.00887298583984375,4652.0,0.012537002563476562,6573.0,0.0,0,0.5120086669921875,268440.0,5000,1000
othim26,erp,0,1,1,0.0025,29.082599454406573,0.4896116852760315,256697.53125,29.075499614160623,0.8655110597610474,0.4902000427246094,257006.0,0.022396087646484375,11742.0,0.0087890625,4608.0,0.012561798095703125,6586.0,0.0,0,0.5125961303710938,268748.0,5000,1000
othim27,erp,0,1,1,0.0025,29.36420740645488,0.4033004939556122,211445.609375,29.347327211032802,0.8489503264427185,0.4036596119403839,211633.890625,0.02118682861328125,11108.0,0.008989334106445312,4713.0,0.011240005493164062,5893.0,0.0,0,0.42484644055366516,222741.890625,5000,1000
othim28,erp,0,1,1,0.0025,29.99493720147068,0.4335189461708069,227288.78125,29.982716874037532,0.8751950263977051,0.4344451129436493,227774.359375,0.022058486938476562,11565.0,0.009180068969726562,4813.0,0.012048721313476562,6317.0,0.0,0,0.45650359988212585,239339.359375,5000,1000
othim29,erp,0,1,1,0.0025,30.328543810615685,0.4056650400161743,212685.3125,30.323396352781074,0.8699886202812195,0.4068414568901062,213302.09375,0.021190643310546875,11110.0,0.007965087890625,4176.0,0.012310028076171875,6454.0,0.0,0,0.4280321002006531,224412.09375,5000,1000
othim30,erp,0,1,1,0.0025,30.013561038368483,0.4355772137641907,228367.90625,30.008161439697975,0.8751525282859802,0.43666383624076843,228937.609375,0.021280288696289062,11157.0,0.007917404174804688,4151.0,0.012453079223632812,6529.0,0.0,0,0.4579441249370575,240094.609375,5000,1000
othim01,erp,1,0,1,0.0015,33.395969361785234,0.4087478518486023,214301.59375,33.37466481201157,0.9045743942260742,0.40900012850761414,214433.859375,0.021631240844726562,11341.0,0.0099945068359375,5240.0,0.010683059692382812,5601.0,0.0,0,0.4306313693523407,225774.859375,5000,1000
othim02,erp,1,0,1,0.0015,33.36000898406062,0.42069512605667114,220565.40625,33.34376136977165,0.9026398658752441,0.42234671115875244,221431.3125,0.02056884765625,10784.0,0.008966445922851562,4701.0,0.010675430297851562,5597.0,0.0,0,0.44291555881500244,232215.3125,5000,1000
othim03,erp,1,0,1,0.0015,33.32343216382765,0.4287935495376587,224811.3125,33.29169241370561,0.9023772478103638,0.4299616515636444,225423.734375,0.019311904907226562,10125.0,0.008829116821289062,4629.0,0.009552001953125,5008.0,0.0,0,0.44927355647087097,235548.734375,5000,1000
othim04,erp,1,0,1,0.0015,31.51961701351615,0.8650211095809937,453520.1875,31.50815171430752,0.9168453216552734,0.8659499287605286,454007.15625,0.0198516845703125,10408.0,0.008668899536132812,4545.0,0.010263442993164062,5381.0,0.0,0,0.8858016133308411,464415.15625,5000,1000
othim05,erp,1,0,1,0.0015,32.02722345198243,0.6717504262924194,352190.6875,32.012750483918744,0.9024673700332642,0.6721251010894775,352387.125,0.01912689208984375,10028.0,0.008909225463867188,4671.0,0.009296417236328125,4874.0,0.0,0,0.6912519931793213,362415.125,5000,1000
othim06,erp,1,0,1,0.0015,32.02222983236961,0.6780433058738708,355489.96875,32.0029000810276,0.9029952883720398,0.6786852478981018,355826.53125,0.020263671875,10624.0,0.008800506591796875,4614.0,0.010663986206054688,5591.0,0.0,0,0.6989489197731018,366450.53125,5000,1000
othim07,erp,1,0,1,0.0015,34.733020992841226,0.31965580582618713,167591.703125,34.71554104244914,0.927402675151825,0.3205280005931854,168048.984375,0.02032470703125,10656.0,0.008855819702148438,4643.0,0.010524749755859375,5518.0,0.0,0,0.3408527076244354,178704.984375,5000,1000
othim08,erp,1,0,1,0.0015,35.02235789900073,0.29227811098098755,153237.90625,35.004880760027035,0.9274205565452576,0.29329681396484375,153772.0,0.020784378051757812,10897.0,0.009128570556640625,4786.0,0.010845184326171875,5686.0,0.0,0,0.31408119201660156,164669.0,5000,1000
othim09,erp,1,0,1,0.0015,34.664640723977314,0.31942445039749146,167470.40625,34.65652918742577,0.9249410033226013,0.32043004035949707,167997.625,0.020381927490234375,10686.0,0.008890151977539062,4661.0,0.010549545288085938,5531.0,0.0,0,0.34081196784973145,178683.625,5000,1000
othim10,erp,1,0,1,0.0015,33.163045960182515,0.35199856758117676,184548.625,33.15386650419713,0.8842355012893677,0.3530231714248657,185085.8125,0.020433425903320312,10713.0,0.008974075317382812,4705.0,0.010284423828125,5392.0,0.0,0,0.37345659732818604,195798.8125,5000,1000
othim11,erp,1,0,1,0.0015,33.00885329013237,0.45299720764160156,237501.0,33.001559389352444,0.8906631469726562,0.45374053716659546,237890.71875,0.020122528076171875,10550.0,0.00881195068359375,4620.0,0.01047515869140625,5492.0,0.0,0,0.47386306524276733,248440.71875,5000,1000
othim12,erp,1,0,1,0.0015,32.71662907531223,0.43606874346733093,228625.609375,32.70315095888528,0.8891114592552185,0.4365305006504059,228867.703125,0.020206451416015625,10594.0,0.008893966674804688,4663.0,0.0104827880859375,5496.0,0.0,0,0.4567369520664215,239461.703125,5000,1000
othim13,erp,1,0,1,0.0015,34.611221748534504,0.32180869579315186,168720.4375,34.59308544801056,0.9140558242797852,0.3223412334918976,168999.640625,0.019296646118164062,10117.0,0.008899688720703125,4666.0,0.009622573852539062,5045.0,0.0,0,0.34163787961006165,179116.640625,5000,1000
othim14,erp,1,0,1,0.0015,34.59271614693009,0.31407612562179565,164666.34375,34.54721747961923,0.9152334928512573,0.31470444798469543,164995.765625,0.019548416137695312,10249.0,0.0089263916015625,4680.0,0.009721755981445312,5097.0,0.0,0,0.33425286412239075,175244.765625,5000,1000
othim15,erp,1,0,1,0.0015,34.340500541811004,0.3243354558944702,170045.1875,34.314560893303884,0.9121498465538025,0.3246965706348419,170234.515625,0.019212722778320312,10073.0,0.008928298950195312,4681.0,0.009473800659179688,4967.0,0.0,0,0.34390929341316223,180307.515625,5000,1000
othim16,erp,1,0,1,0.0015,35.13551305371343,0.30221107602119446,158445.640625,35.09219642237584,0.9280030131340027,0.302753210067749,158729.875,0.019437789916992188,10191.0,0.009012222290039062,4725.0,0.009380340576171875,4918.0,0.0,0,0.3221909999847412,168920.875,5000,1000
othim17,erp,1,0,1,0.0015,35.13611146383669,0.29244357347488403,153324.65625,35.09546597726379,0.9280368089675903,0.2929629683494568,153596.96875,0.019357681274414062,10149.0,0.0088653564453125,4648.0,0.009552001953125,5008.0,0.0,0,0.31232064962387085,163745.96875,5000,1000
othim18,erp,1,0,1,0.0015,35.218137543147954,0.30142128467559814,158031.5625,35.19677719311363,0.9282995462417603,0.3019367456436157,158301.8125,0.020696640014648438,10851.0,0.008975982666015625,4706.0,0.010770797729492188,5647.0,0.0,0,0.32263338565826416,169152.8125,5000,1000
othim19,erp,1,0,1,0.0015,32.130559596593294,0.6592949032783508,345660.40625,32.12602722832671,0.9117971658706665,0.660093367099762,346079.03125,0.020862579345703125,10938.0,0.008844375610351562,4637.0,0.01108551025390625,5812.0,0.0,0,0.6809559464454651,357017.03125,5000,1000
othim20,erp,1,0,1,0.0015,32.0811752159643,0.6564706563949585,344179.6875,32.059525972569354,0.9082435369491577,0.6572080850601196,344566.3125,0.020330429077148438,10659.0,0.00893402099609375,4684.0,0.01081085205078125,5668.0,0.0,0,0.6775385141372681,355225.3125,5000,1000
othim21,erp,1,0,1,0.0015,32.133065646700786,0.6805603504180908,356809.625,32.12511536769498,0.9112051725387573,0.681544303894043,357325.5,0.020524978637695312,10761.0,0.0089874267578125,4712.0,0.01073455810546875,5628.0,0.0,0,0.7020692825317383,368086.5,5000,1000
othim22,erp,1,0,1,0.0015,34.28017132809504,0.3502359390258789,183624.5,34.27649149106206,0.9167882204055786,0.35155394673347473,184315.515625,0.02155303955078125,11300.0,0.008909225463867188,4671.0,0.0115966796875,6080.0,0.0,0,0.373106986284256,195615.515625,5000,1000
othim23,erp,1,0,1,0.0015,33.84244760885324,0.4102054834365845,215065.8125,33.822350929495435,0.9251031875610352,0.4114517271518707,215719.203125,0.020635604858398438,10819.0,0.008907318115234375,4670.0,0.010768890380859375,5646.0,0.0,0,0.43208733201026917,226538.203125,5000,1000
othim24,erp,1,0,1,0.0015,33.07583636156097,0.5650092363357544,296227.5625,33.05975319512872,0.9257115721702576,0.5659530162811279,296722.375,0.02034759521484375,10668.0,0.009073257446289062,4757.0,0.010457992553710938,5483.0,0.0,0,0.5863006114959717,307390.375,5000,1000
othim25,erp,1,0,1,0.0015,30.982132029847154,0.7196917533874512,377325.75,30.978834790123074,0.900801420211792,0.7208458185195923,377930.8125,0.021360397338867188,11199.0,0.008878707885742188,4655.0,0.011547088623046875,6054.0,0.0,0,0.7422062158584595,389129.8125,5000,1000
othim26,erp,1,0,1,0.0015,31.203766125762943,0.704642653465271,369435.6875,31.19332370560633,0.9023169279098511,0.7048795819282532,369559.90625,0.021335601806640625,11186.0,0.00989532470703125,5188.0,0.0105133056640625,5512.0,0.0,0,0.7262151837348938,380745.90625,5000,1000
othim27,erp,1,0,1,0.0015,31.34887933923369,0.6161038875579834,323015.875,31.337317232697185,0.8864395618438721,0.6175533533096313,323775.8125,0.019344329833984375,10142.0,0.007877349853515625,4130.0,0.010534286499023438,5523.0,0.0,0,0.6368976831436157,333917.8125,5000,1000
othim28,erp,1,0,1,0.0015,32.55285848148001,0.6363959908485413,333654.78125,32.54558324349163,0.922527551651001,0.6374384760856628,334201.34375,0.019336700439453125,10138.0,0.007959365844726562,4173.0,0.010589599609375,5552.0,0.0,0,0.656775176525116,344339.34375,5000,1000
othim29,erp,1,0,1,0.0015,32.73208146304457,0.58900386095047,308807.65625,32.716950057715366,0.9145716428756714,0.5897027254104614,309174.0625,0.019617080688476562,10285.0,0.008920669555664062,4677.0,0.009904861450195312,5193.0,0.0,0,0.609319806098938,319459.0625,5000,1000
othim30,erp,1,0,1,0.0015,32.394980463493845,0.6420270204544067,336607.0625,32.389762928809795,0.9202176332473755,0.6424908638000488,336850.25,0.020320892333984375,10654.0,0.00901031494140625,4724.0,0.010530471801757812,5521.0,0.0,0,0.6628117561340332,347504.25,5000,1000
othim01,erp,1,0,1,0.0025,31.89739734093405,0.30232083797454834,158503.1875,31.8845280279486,0.8804716467857361,0.3026171624660492,158658.546875,0.020452499389648438,10723.0,0.008975982666015625,4706.0,0.010747909545898438,5635.0,0.0,0,0.32306966185569763,169381.546875,5000,1000
othim02,erp,1,0,1,0.0025,31.883677125580192,0.3070906400680542,161003.9375,31.85529390900959,0.8780001997947693,0.3086347281932831,161813.484375,0.018558502197265625,9730.0,0.007963180541992188,4175.0,0.009771347045898438,5123.0,0.0,0,0.3271932303905487,171543.484375,5000,1000
othim03,erp,1,0,1,0.0025,31.753204686159965,0.3231275975704193,169411.921875,31.734449999581745,0.8739613890647888,0.32353344559669495,169624.703125,0.0202178955078125,10600.0,0.009975433349609375,5230.0,0.009313583374023438,4883.0,0.0,0,0.34375134110450745,180224.703125,5000,1000
othim04,erp,1,0,1,0.0025,29.65361850844322,0.6375528573989868,334261.3125,29.644486785613584,0.8763070106506348,0.638089656829834,334542.75,0.020496368408203125,10746.0,0.008941650390625,4688.0,0.0106201171875,5568.0,0.0,0,0.6585860252380371,345288.75,5000,1000
othim05,erp,1,0,1,0.0025,30.290758311879582,0.48618030548095703,254898.5,30.278194373988793,0.862970769405365,0.48734861612319946,255511.03125,0.019435882568359375,10190.0,0.00801849365234375,4204.0,0.010711669921875,5616.0,0.0,0,0.5067844986915588,265701.03125,5000,1000
othim06,erp,1,0,1,0.0025,30.382839263871734,0.49825519323349,261229.21875,30.360773895069027,0.866799533367157,0.4986623227596283,261442.671875,0.019430160522460938,10187.0,0.008920669555664062,4677.0,0.0095672607421875,5016.0,0.0,0,0.5180924832820892,271629.671875,5000,1000
othim07,erp,1,0,1,0.0025,33.35979445615205,0.2478404939174652,129939.796875,33.34738759028611,0.9115689992904663,0.24963164329528809,130878.875,0.019575119018554688,10263.0,0.007778167724609375,4078.0,0.010852813720703125,5690.0,0.0,0,0.2692067623138428,141141.875,5000,1000
othim08,erp,1,0,1,0.0025,33.49995050257376,0.2115674614906311,110922.28125,33.48505388338298,0.9107599258422852,0.21246092021465302,111390.7109375,0.020147323608398438,10563.0,0.008935928344726562,4685.0,0.010499954223632812,5505.0,0.0,0,0.23260824382305145,121953.7109375,5000,1000
othim09,erp,1,0,1,0.0025,33.30333848722247,0.23423540592193604,122806.8125,33.27876455819612,0.9084171652793884,0.23466365039348602,123031.3359375,0.019397735595703125,10170.0,0.00891876220703125,4676.0,0.009654998779296875,5062.0,0.0,0,0.25406138598918915,133201.3359375,5000,1000
othim10,erp,1,0,1,0.0025,31.7592174584699,0.261006236076355,136842.4375,31.749104763594804,0.8508948683738708,0.2628440856933594,137806.0,0.019397735595703125,10170.0,0.007844924926757812,4113.0,0.01061248779296875,5564.0,0.0,0,0.2822418212890625,147976.0,5000,1000
othim11,erp,1,0,1,0.0025,31.45433920020658,0.3031698763370514,158948.328125,31.44787910502784,0.8536290526390076,0.3035873770713806,159167.21875,0.02040863037109375,10700.0,0.009067535400390625,4754.0,0.010412216186523438,5459.0,0.0,0,0.32399600744247437,169867.21875,5000,1000
othim12,erp,1,0,1,0.0025,31.09343821833905,0.3092159330844879,162118.203125,31.087530505371035,0.8503316640853882,0.30959415435791016,162316.5,0.020641326904296875,10822.0,0.008993148803710938,4715.0,0.010700225830078125,5610.0,0.0,0,0.33023548126220703,173138.5,5000,1000
othim13,erp,1,0,1,0.0025,33.082824210677906,0.25956422090530396,136086.40625,33.070941559221325,0.8965217471122742,0.2604970932006836,136575.5,0.019201278686523438,10067.0,0.007961273193359375,4174.0,0.0103912353515625,5448.0,0.0,0,0.27969837188720703,146642.5,5000,1000
othim14,erp,1,0,1,0.0025,33.12026395844038,0.2413185089826584,126520.3984375,33.094562435964804,0.8980717658996582,0.24243277311325073,127104.59375,0.0182037353515625,9544.0,0.007875442504882812,4129.0,0.009515762329101562,4989.0,0.0,0,0.26063650846481323,136648.59375,5000,1000
othim15,erp,1,0,1,0.0025,33.11142974927306,0.24654513597488403,129260.65625,33.088456025824414,0.8972581624984741,0.2480262964963913,130037.2109375,0.0181427001953125,9512.0,0.00763702392578125,4004.0,0.00972747802734375,5100.0,0.0,0,0.2661689966917038,139549.2109375,5000,1000
othim16,erp,1,0,1,0.0025,33.62075833084152,0.21587815880775452,113182.328125,33.61356158908492,0.9110784530639648,0.21679392457008362,113662.453125,0.019557952880859375,10254.0,0.0078887939453125,4136.0,0.01073455810546875,5628.0,0.0,0,0.236351877450943,123916.453125,5000,1000
othim17,erp,1,0,1,0.0025,33.539052814233095,0.23450231552124023,122946.75,33.46636998350109,0.9097477793693542,0.2360163927078247,123740.5625,0.018367767333984375,9630.0,0.008001327514648438,4195.0,0.009542465209960938,5003.0,0.0,0,0.2543841600418091,133370.5625,5000,1000
othim18,erp,1,0,1,0.0025,33.70255054776038,0.2128911167383194,111616.2578125,33.67244677067547,0.9103586077690125,0.2132262885570526,111791.984375,0.019664764404296875,10310.0,0.008960723876953125,4698.0,0.009769439697265625,5122.0,0.0,0,0.2328910529613495,122101.984375,5000,1000
othim19,erp,1,0,1,0.0025,30.37807053918795,0.4778321087360382,250521.640625,30.370675625525468,0.876505970954895,0.4787403345108032,250997.8125,0.021610260009765625,11330.0,0.0089569091796875,4696.0,0.011716842651367188,6143.0,0.0,0,0.5003505945205688,262327.8125,5000,1000
othim20,erp,1,0,1,0.0025,30.366367550322277,0.48747044801712036,255574.90625,30.330644296917324,0.8732484579086304,0.4877645969390869,255729.125,0.018411636352539062,9653.0,0.008985519409179688,4711.0,0.008708953857421875,4566.0,0.0,0,0.506176233291626,265382.125,5000,1000
othim21,erp,1,0,1,0.0025,30.317864791014355,0.494179368019104,259092.3125,30.297624053627583,0.8752467036247253,0.49589651823043823,259992.59375,0.018529891967773438,9715.0,0.007904052734375,4144.0,0.009784698486328125,5130.0,0.0,0,0.5144264101982117,269707.59375,5000,1000
othim22,erp,1,0,1,0.0025,32.97311148421295,0.2570606470108032,134773.8125,32.94002385302945,0.8991316556930542,0.25758951902389526,135051.09375,0.0196075439453125,10280.0,0.008993148803710938,4715.0,0.009801864624023438,5139.0,0.0,0,0.27719706296920776,145331.09375,5000,1000
othim23,erp,1,0,1,0.0025,32.05710037257202,0.2896113991737366,151839.78125,32.04431313103082,0.8974010944366455,0.29084569215774536,152486.90625,0.020555496215820312,10777.0,0.008836746215820312,4633.0,0.010755538940429688,5639.0,0.0,0,0.3114011883735657,163263.90625,5000,1000
othim24,erp,1,0,1,0.0025,31.409597990038268,0.38848310708999634,203677.03125,31.388355365972405,0.9020900130271912,0.3892664909362793,204087.75,0.020215988159179688,10599.0,0.00899505615234375,4716.0,0.010524749755859375,5518.0,0.0,0,0.409482479095459,214686.75,5000,1000
othim25,erp,1,0,1,0.0025,29.70012031413097,0.548831045627594,287745.53125,29.694664757562226,0.8718356490135193,0.5494129657745361,288050.625,0.020538330078125,10768.0,0.008790969848632812,4609.0,0.010812759399414062,5669.0,0.0,0,0.5699512958526611,298818.625,5000,1000
othim26,erp,1,0,1,0.0025,29.72471531004641,0.5476082563400269,287104.4375,29.718036555351222,0.8742759227752686,0.5485221147537231,287583.5625,0.02033233642578125,10660.0,0.008760452270507812,4593.0,0.010736465454101562,5629.0,0.0,0,0.5688544511795044,298243.5625,5000,1000
othim27,erp,1,0,1,0.0025,29.958335727318357,0.44459402561187744,233095.3125,29.95069705637844,0.8561827540397644,0.4450916647911072,233356.21875,0.020570755004882812,10785.0,0.008937835693359375,4686.0,0.010801315307617188,5663.0,0.0,0,0.46566241979599,244141.21875,5000,1000
othim28,erp,1,0,1,0.0025,30.648035855994426,0.46844184398651123,245598.4375,30.6362797537307,0.8910754919052124,0.4687172472476959,245742.828125,0.020483016967773438,10739.0,0.00897979736328125,4708.0,0.010713577270507812,5617.0,0.0,0,0.48920026421546936,256481.828125,5000,1000
othim29,erp,1,0,1,0.0025,30.89512747770182,0.4280722439289093,224433.140625,30.88493213296231,0.8845414519309998,0.42997556924819946,225431.03125,0.01953125,10240.0,0.007877349853515625,4130.0,0.010860443115234375,5694.0,0.0,0,0.44950681924819946,235671.03125,5000,1000
othim30,erp,1,0,1,0.0025,30.6805286688115,0.47002682089805603,246429.421875,30.67502006192586,0.8928138017654419,0.4718431830406189,247381.71875,0.019502639770507812,10225.0,0.007947921752929688,4167.0,0.010770797729492188,5647.0,0.0,0,0.4913458228111267,257606.71875,5000,1000
othim01,erp,1,1,1,0.0015,33.39689714157611,0.4345719814300537,227840.875,33.37413769472514,0.9039673805236816,0.4364073872566223,228803.15625,0.01982879638671875,10396.0,0.007837295532226562,4109.0,0.01119232177734375,5868.0,0.0,0,0.45623618364334106,239199.15625,5000,1000
othim02,erp,1,1,1,0.0015,33.36185182347735,0.417874276638031,219086.46875,33.337715334165296,0.903782069683075,0.418526291847229,219428.3125,0.0210113525390625,11016.0,0.008977890014648438,4707.0,0.011112213134765625,5826.0,0.0,0,0.4395376443862915,230444.3125,5000,1000
othim03,erp,1,1,1,0.0015,33.42369982510899,0.4182398319244385,219278.125,33.397503049668046,0.9042563438415527,0.41847777366638184,219402.875,0.022016525268554688,11543.0,0.01000213623046875,5244.0,0.01108551025390625,5812.0,0.0,0,0.4404942989349365,230945.875,5000,1000
othim04,erp,1,1,1,0.0015,31.426301834967543,0.8527179956436157,447069.8125,31.420335081649743,0.915019154548645,0.8533902168273926,447422.25,0.022230148315429688,11655.0,0.008792877197265625,4610.0,0.012414932250976562,6509.0,0.0,0,0.8756203651428223,459077.25,5000,1000
othim05,erp,1,1,1,0.0015,32.22625060584281,0.7087046504020691,371565.34375,32.2223077133278,0.907821536064148,0.7096789479255676,372076.15625,0.02339935302734375,12268.0,0.008852005004882812,4641.0,0.013721466064453125,7194.0,0.0,0,0.7330783009529114,384344.15625,5000,1000
othim06,erp,1,1,1,0.0015,32.11583450638371,0.67133629322052,351973.5625,32.10712289250326,0.9041495323181152,0.6723909974098206,352526.53125,0.022275924682617188,11679.0,0.00897979736328125,4708.0,0.012361526489257812,6481.0,0.0,0,0.6946669220924377,364205.53125,5000,1000
othim07,erp,1,1,1,0.0015,34.64749788626379,0.34089380502700806,178726.53125,34.63103676642345,0.9265722036361694,0.34129536151885986,178937.0625,0.022600173950195312,11849.0,0.0098114013671875,5144.0,0.011852264404296875,6214.0,0.0,0,0.3638955354690552,190786.0625,5000,1000
othim08,erp,1,1,1,0.0015,34.96142686450074,0.2916964292526245,152932.9375,34.94784683506011,0.9280728697776794,0.2920067608356476,153095.640625,0.022230148315429688,11655.0,0.008953094482421875,4694.0,0.012331008911132812,6465.0,0.0,0,0.31423690915107727,164750.640625,5000,1000
othim09,erp,1,1,1,0.0015,34.82787956745201,0.31839442253112793,166930.375,34.79738060349036,0.9265428781509399,0.318752259016037,167117.984375,0.022783279418945312,11945.0,0.008960723876953125,4698.0,0.01276397705078125,6692.0,0.0,0,0.3415355384349823,179062.984375,5000,1000
othim10,erp,1,1,1,0.0015,33.109985889360225,0.3741781711578369,196177.125,33.10140414064815,0.8834845423698425,0.3753320574760437,196782.09375,0.022050857543945312,11561.0,0.008998870849609375,4718.0,0.012216567993164062,6405.0,0.0,0,0.397382915019989,208343.09375,5000,1000
othim11,erp,1,1,1,0.0015,32.89583953269689,0.40756940841674805,213683.75,32.867853139606204,0.8877880573272705,0.40858668088912964,214217.09375,0.021148681640625,11088.0,0.009031295776367188,4735.0,0.011194229125976562,5869.0,0.0,0,0.42973536252975464,225305.09375,5000,1000
othim12,erp,1,1,1,0.0015,32.722899632259626,0.4535406827926636,237785.9375,32.71075398699674,0.8894369602203369,0.4546835422515869,238385.125,0.020837783813476562,10925.0,0.0077838897705078125,4081.0,0.012254714965820312,6425.0,0.0,0,0.4755213260650635,249310.125,5000,1000
othim13,erp,1,1,1,0.0015,34.43219062710113,0.3274209499359131,171662.875,34.42446823963588,0.9124870300292969,0.32775062322616577,171835.71875,0.023418426513671875,12278.0,0.009857177734375,5168.0,0.01263427734375,6624.0,0.0,0,0.35116904973983765,184113.71875,5000,1000
othim14,erp,1,1,1,0.0015,34.60477577526568,0.3246832489967346,170227.53125,34.592029063067535,0.9138531684875488,0.32501092553138733,170399.328125,0.02202606201171875,11548.0,0.008882522583007812,4657.0,0.01220703125,6400.0,0.0,0,0.3470369875431061,181947.328125,5000,1000
othim15,erp,1,1,1,0.0015,34.37819252987907,0.3333507776260376,174771.8125,34.360391965130965,0.9121079444885254,0.3339718282222748,175097.421875,0.021205902099609375,11118.0,0.009069442749023438,4755.0,0.011199951171875,5872.0,0.0,0,0.35517773032188416,186215.421875,5000,1000
othim16,erp,1,1,1,0.0015,35.26121661130712,0.2950785160064697,154706.125,35.24692237076368,0.9288747310638428,0.2954905033111572,154922.125,0.02252197265625,11808.0,0.008993148803710938,4715.0,0.012735366821289062,6677.0,0.0,0,0.3180124759674072,166730.125,5000,1000
othim17,erp,1,1,1,0.0015,35.1415369437747,0.31077438592910767,162935.28125,35.109517412293236,0.92772376537323,0.3111475110054016,163130.90625,0.021381378173828125,11210.0,0.0099029541015625,5192.0,0.0106658935546875,5592.0,0.0,0,0.33252888917922974,174340.90625,5000,1000
othim18,erp,1,1,1,0.0015,35.24964523971798,0.29003578424453735,152062.28125,35.225203916209786,0.928329586982727,0.29073435068130493,152428.53125,0.020969390869140625,10994.0,0.009033203125,4736.0,0.010988235473632812,5761.0,0.0,0,0.31170374155044556,163422.53125,5000,1000
othim19,erp,1,1,1,0.0015,32.110221221533585,0.6553789377212524,343607.3125,32.10487889437888,0.9114047884941101,0.6559534072875977,343908.5,0.022199630737304688,11639.0,0.008874893188476562,4653.0,0.01251220703125,6560.0,0.0,0,0.6781530380249023,355547.5,5000,1000
othim20,erp,1,1,1,0.0015,32.05830689644541,0.6539880633354187,342878.09375,32.05572913402485,0.9097170233726501,0.6545282006263733,343161.28125,0.02371978759765625,12436.0,0.008884429931640625,4658.0,0.013788223266601562,7229.0,0.0,0,0.6782479882240295,355597.28125,5000,1000
othim21,erp,1,1,1,0.0015,31.98777627418202,0.6833276152610779,358260.46875,31.977127964977626,0.9097015261650085,0.6849671006202698,359120.03125,0.021272659301757812,11153.0,0.007862091064453125,4122.0,0.0124969482421875,6552.0,0.0,0,0.7062397599220276,370273.03125,5000,1000
othim22,erp,1,1,1,0.0015,34.302738978571405,0.33502405881881714,175649.09375,34.28080507987798,0.9141891002655029,0.33551427721977234,175906.109375,0.022174835205078125,11626.0,0.009035110473632812,4737.0,0.012332916259765625,6466.0,0.0,0,0.35768911242485046,187532.109375,5000,1000
othim23,erp,1,1,1,0.0015,33.79097389157453,0.40648892521858215,213117.265625,33.77196869793636,0.9234442710876465,0.40774863958358765,213777.71875,0.022426605224609375,11758.0,0.008939743041992188,4687.0,0.012531280517578125,6570.0,0.0,0,0.430175244808197,225535.71875,5000,1000
othim24,erp,1,1,1,0.0015,33.17492937776337,0.5404220223426819,283336.78125,33.169983088594165,0.9264364242553711,0.5413880348205566,283843.25,0.023714065551757812,12433.0,0.0090484619140625,4744.0,0.0136260986328125,7144.0,0.0,0,0.5651021003723145,296276.25,5000,1000
othim25,erp,1,1,1,0.0015,31.266721932597537,0.7104644775390625,372488.0,31.26239098236356,0.9028735160827637,0.7111979126930237,372872.53125,0.024005889892578125,12586.0,0.0089111328125,4672.0,0.014190673828125,7440.0,0.0,0,0.7352038025856018,385458.53125,5000,1000
othim26,erp,1,1,1,0.0015,31.205613928822146,0.699820339679718,366907.40625,31.192355918236462,0.9018545150756836,0.7000998258590698,367053.9375,0.023097991943359375,12110.0,0.010028839111328125,5258.0,0.01227569580078125,6436.0,0.0,0,0.7231978178024292,379163.9375,5000,1000
othim27,erp,1,1,1,0.0015,31.349577636831583,0.6015229225158691,315371.25,31.341085101692016,0.8879398703575134,0.6025351285934448,315901.9375,0.02213287353515625,11604.0,0.00868988037109375,4556.0,0.012388229370117188,6495.0,0.0,0,0.6246680021286011,327505.9375,5000,1000
othim28,erp,1,1,1,0.0015,32.56719874956716,0.6315320730209351,331104.6875,32.55865978305357,0.9221388697624207,0.6329966187477112,331872.53125,0.021251678466796875,11142.0,0.007781982421875,4080.0,0.012441635131835938,6523.0,0.0,0,0.6542482972145081,343014.53125,5000,1000
othim29,erp,1,1,1,0.0015,32.76049261613761,0.5832316875457764,305781.375,32.7373454491883,0.9152218699455261,0.5837938785552979,306076.125,0.020809173583984375,10910.0,0.008787155151367188,4607.0,0.011251449584960938,5899.0,0.0,0,0.6046030521392822,316986.125,5000,1000
othim30,erp,1,1,1,0.0015,32.530855138732115,0.6518659591674805,341765.5,32.52115388845194,0.921903133392334,0.6529624462127686,342340.375,0.022035598754882812,11553.0,0.00885009765625,4640.0,0.012384414672851562,6493.0,0.0,0,0.6749980449676514,353893.375,5000,1000
othim01,erp,1,1,1,0.0025,31.938309435186074,0.30702000856399536,160966.90625,31.91317014384087,0.8795832395553589,0.30777788162231445,161364.25,0.02214813232421875,11612.0,0.008892059326171875,4662.0,0.012426376342773438,6515.0,0.0,0,0.3299260139465332,172976.25,5000,1000
othim02,erp,1,1,1,0.0025,31.803349166719034,0.3157970607280731,165568.609375,31.795259806170737,0.8775224685668945,0.3163326382637024,165849.40625,0.0225830078125,11840.0,0.008893966674804688,4663.0,0.012884140014648438,6755.0,0.0,0,0.3389156460762024,177689.40625,5000,1000
othim03,erp,1,1,1,0.0025,31.866147457664578,0.31770390272140503,166568.34375,31.85876259256936,0.8770370483398438,0.3183966875076294,166931.5625,0.022180557250976562,11629.0,0.009035110473632812,4737.0,0.012208938598632812,6401.0,0.0,0,0.34057724475860596,178560.5625,5000,1000
othim04,erp,1,1,1,0.0025,29.55294365074263,0.6294620037078857,330019.375,29.542259165216034,0.8738187551498413,0.6308697462081909,330757.4375,0.020128250122070312,10553.0,0.007913589477539062,4149.0,0.011156082153320312,5849.0,0.0,0,0.6509979963302612,341310.4375,5000,1000
othim05,erp,1,1,1,0.0025,30.23419828150146,0.5056213140487671,265091.1875,30.227009394959833,0.8641671538352966,0.5066192150115967,265614.375,0.021221160888671875,11126.0,0.008052825927734375,4222.0,0.012090682983398438,6339.0,0.0,0,0.5278403759002686,276740.375,5000,1000
othim06,erp,1,1,1,0.0025,30.265998030846813,0.5049551725387573,264741.9375,30.26125644610632,0.8660873770713806,0.5060446262359619,265313.125,0.022434234619140625,11762.0,0.008966445922851562,4701.0,0.012407302856445312,6505.0,0.0,0,0.5284788608551025,277075.125,5000,1000
othim07,erp,1,1,1,0.0025,33.260680131943154,0.2488548308610916,130471.6015625,33.248525858449284,0.9117164015769958,0.24933573603630066,130723.734375,0.021894454956054688,11479.0,0.00875091552734375,4588.0,0.012189865112304688,6391.0,0.0,0,0.27123019099235535,142202.734375,5000,1000
othim08,erp,1,1,1,0.0025,33.50590840680094,0.2172921746969223,113923.6796875,33.46326787872368,0.9111410975456238,0.21872565150260925,114675.234375,0.019948959350585938,10459.0,0.007928848266601562,4157.0,0.011188507080078125,5866.0,0.0,0,0.2386746108531952,125134.234375,5000,1000
othim09,erp,1,1,1,0.0025,33.250474266690524,0.2418234795331955,126785.1484375,33.20015433373808,0.9067461490631104,0.24237538874149323,127074.5078125,0.021387100219726562,11213.0,0.008907318115234375,4670.0,0.0116424560546875,6104.0,0.0,0,0.2637624889612198,138287.5078125,5000,1000
othim10,erp,1,1,1,0.0025,31.65497991765291,0.2623347043991089,137538.9375,31.64525276221866,0.8478374481201172,0.262981116771698,137877.84375,0.022054672241210938,11563.0,0.008844375610351562,4637.0,0.012250900268554688,6423.0,0.0,0,0.28503578901290894,149440.84375,5000,1000
othim11,erp,1,1,1,0.0025,31.352752619616705,0.28113096952438354,147393.59375,31.294683537899573,0.849014163017273,0.2813988924026489,147534.0625,0.021087646484375,11056.0,0.010046005249023438,5267.0,0.010091781616210938,5291.0,0.0,0,0.3024865388870239,158590.0625,5000,1000
othim12,erp,1,1,1,0.0025,31.027301521399078,0.3073534667491913,161141.734375,31.018012528217877,0.8490259051322937,0.3078365921974182,161395.03125,0.022190093994140625,11634.0,0.008945465087890625,4690.0,0.012416839599609375,6510.0,0.0,0,0.33002668619155884,173029.03125,5000,1000
othim13,erp,1,1,1,0.0025,33.159081375560476,0.24607418477535248,129013.7421875,33.13811435385043,0.898064374923706,0.24646133184432983,129216.71875,0.021051406860351562,11037.0,0.00884246826171875,4636.0,0.011377334594726562,5965.0,0.0,0,0.2675127387046814,140253.71875,5000,1000
othim14,erp,1,1,1,0.0025,33.120936571363636,0.2436862587928772,127761.78125,33.093500658456215,0.8977822661399841,0.24513456225395203,128521.109375,0.020252227783203125,10618.0,0.007938385009765625,4162.0,0.011371612548828125,5962.0,0.0,0,0.26538679003715515,139139.109375,5000,1000
othim15,erp,1,1,1,0.0025,33.121267975748374,0.24032314121723175,125998.5390625,33.096565071914895,0.8982460498809814,0.2408023178577423,126249.765625,0.022260665893554688,11671.0,0.009012222290039062,4725.0,0.012681961059570312,6649.0,0.0,0,0.263062983751297,137920.765625,5000,1000
othim16,erp,1,1,1,0.0025,33.66553671476667,0.2227734625339508,116797.453125,33.65253130813853,0.9102534651756287,0.22323116660118103,117037.421875,0.022405624389648438,11747.0,0.009008407592773438,4723.0,0.012571334838867188,6591.0,0.0,0,0.24563679099082947,128784.421875,5000,1000
othim17,erp,1,1,1,0.0025,33.529308268966986,0.2199222892522812,115302.6171875,33.52177346361362,0.9090856313705444,0.22021666169166565,115456.953125,0.022703170776367188,11903.0,0.009027481079101562,4733.0,0.012601852416992188,6607.0,0.0,0,0.24291983246803284,127359.953125,5000,1000
othim18,erp,1,1,1,0.0025,33.62569998644738,0.21223771572113037,111273.6875,33.60570644155877,0.9095126986503601,0.2125522792339325,111438.609375,0.022123336791992188,11599.0,0.008886337280273438,4659.0,0.012422561645507812,6513.0,0.0,0,0.23467561602592468,123037.609375,5000,1000
othim19,erp,1,1,1,0.0025,30.385316882780973,0.4892368018627167,256500.984375,30.366096336046567,0.8771176338195801,0.48952344059944153,256651.265625,0.021406173706054688,11223.0,0.008886337280273438,4659.0,0.011579513549804688,6071.0,0.0,0,0.5109296143054962,267874.265625,5000,1000
othim20,erp,1,1,1,0.0025,30.358174736991117,0.47792208194732666,250568.8125,30.353304276279697,0.8728780150413513,0.47858917713165283,250918.5625,0.022348403930664062,11717.0,0.008871078491210938,4651.0,0.012540817260742188,6575.0,0.0,0,0.5009375810623169,262635.5625,5000,1000
othim21,erp,1,1,1,0.0025,30.246585086156188,0.5145084857940674,269750.625,30.231161913089974,0.875028133392334,0.5153744220733643,270204.625,0.021348953247070312,11193.0,0.009088516235351562,4765.0,0.0113067626953125,5928.0,0.0,0,0.5367233753204346,281397.625,5000,1000
othim22,erp,1,1,1,0.0025,32.94668183283908,0.2660375237464905,139480.28125,32.929409586028264,0.8975569009780884,0.2680903375148773,140556.546875,0.021276473999023438,11155.0,0.007846832275390625,4114.0,0.012514114379882812,6561.0,0.0,0,0.28936681151390076,151711.546875,5000,1000
othim23,erp,1,1,1,0.0025,32.1031083323634,0.29701969027519226,155723.859375,32.08500547842848,0.8983401656150818,0.2980578541755676,156268.15625,0.022073745727539062,11573.0,0.008920669555664062,4677.0,0.012298583984375,6448.0,0.0,0,0.3201315999031067,167841.15625,5000,1000
othim24,erp,1,1,1,0.0025,31.33930178449384,0.3897087872028351,204319.640625,31.335051322688816,0.9017008543014526,0.3900265395641327,204486.234375,0.023494720458984375,12318.0,0.009008407592773438,4723.0,0.013685226440429688,7175.0,0.0,0,0.41352126002311707,216804.234375,5000,1000
othim25,erp,1,1,1,0.0025,29.701991774737518,0.5291059613227844,277403.90625,29.692527024614936,0.8737694025039673,0.5295351147651672,277628.90625,0.021871566772460938,11467.0,0.0086212158203125,4520.0,0.012317657470703125,6458.0,0.0,0,0.5514066815376282,289095.90625,5000,1000
othim26,erp,1,1,1,0.0025,29.742844157226685,0.543689489364624,285049.875,29.737369337349747,0.8735544681549072,0.5440130233764648,285219.5,0.022380828857421875,11734.0,0.009031295776367188,4735.0,0.012531280517578125,6570.0,0.0,0,0.5663938522338867,296953.5,5000,1000
othim27,erp,1,1,1,0.0025,30.06383105489419,0.4552752673625946,238695.359375,30.04060521007285,0.8578393459320068,0.45724013447761536,239725.515625,0.019773483276367188,10367.0,0.007844924926757812,4113.0,0.010990142822265625,5762.0,0.0,0,0.47701361775398254,250092.515625,5000,1000
othim28,erp,1,1,1,0.0025,30.619234240061612,0.4666767120361328,244673.0,30.605899824250532,0.8906084895133972,0.46715718507766724,244924.90625,0.02081298828125,10912.0,0.009073257446289062,4757.0,0.01094818115234375,5740.0,0.0,0,0.48797017335891724,255836.90625,5000,1000
othim29,erp,1,1,1,0.0025,30.943743860132727,0.43288469314575195,226956.25,30.926666491430677,0.8839963674545288,0.43377622961997986,227423.671875,0.021001815795898438,11011.0,0.0089874267578125,4712.0,0.011096954345703125,5818.0,0.0,0,0.4547780454158783,238434.671875,5000,1000
othim30,erp,1,1,1,0.0025,30.58149081837439,0.4738529920578003,248435.4375,30.577029671589525,0.8898188471794128,0.47445034980773926,248748.625,0.021114349365234375,11070.0,0.007928848266601562,4157.0,0.012388229370117188,6495.0,0.0,0,0.49556469917297363,259818.625,5000,1000
othim01,full,0,0,1,0.0006,35.462120664185825,0.6066589951515198,318064.03125,35.44273861021336,0.9332923889160156,0.6075673699378967,318540.28125,0.020200729370117188,10591.0,0.008955001831054688,4695.0,0.010074615478515625,5282.0,0.0,0,0.6277680993080139,329131.28125,5000,1000
othim02,full,0,0,1,0.0006,35.397455442584516,0.6345255374908447,332674.125,35.388894768063146,0.9319037199020386,0.6349021196365356,332871.5625,0.022249221801757812,11665.0,0.009798049926757812,5137.0,0.011388778686523438,5971.0,0.0,0,0.6571513414382935,344536.5625,5000,1000
othim03,full,0,0,1,0.0006,35.18281892218453,0.6500532031059265,340815.09375,35.17217356796792,0.9296183586120605,0.6504310369491577,341013.1875,0.021137237548828125,11082.0,0.009855270385742188,5167.0,0.010110855102539062,5301.0,0.0,0,0.6715682744979858,352095.1875,5000,1000
othim04,full,0,0,1,0.0006,34.2565778470724,1.297050952911377,680028.25,34.25244982527245,0.9537187814712524,1.2973709106445312,680196.0,0.02191925048828125,11492.0,0.009639739990234375,5054.0,0.011339187622070312,5945.0,0.0,0,1.3192901611328125,691688.0,5000,1000
othim05,full,0,0,1,0.0006,34.74502965778604,1.1080081462860107,580915.375,34.734510602912735,0.9453881978988647,1.1087641716003418,581311.75,0.019908905029296875,10438.0,0.008699417114257812,4561.0,0.010030746459960938,5259.0,0.0,0,1.1286730766296387,591749.75,5000,1000
othim06,full,0,0,1,0.0006,34.758772532895684,1.022301197052002,535980.25,34.756498853079144,0.9450540542602539,1.0233501195907593,536530.1875,0.02129364013671875,11164.0,0.008777618408203125,4602.0,0.011461257934570312,6009.0,0.0,0,1.044643759727478,547694.1875,5000,1000
othim07,full,0,0,1,0.0006,36.31514372529961,0.46034425497055054,241352.96875,36.308428922827055,0.9434208273887634,0.4607144594192505,241547.0625,0.021547317504882812,11297.0,0.009763717651367188,5119.0,0.010845184326171875,5686.0,0.0,0,0.4822617769241333,252844.0625,5000,1000
othim08,full,0,0,1,0.0006,36.5954438739665,0.4318193793296814,226397.71875,36.58122040973471,0.9448865652084351,0.4331369400024414,227088.5,0.0199127197265625,10440.0,0.008798599243164062,4613.0,0.010150909423828125,5322.0,0.0,0,0.4530496597290039,237528.5,5000,1000
othim09,full,0,0,1,0.0006,36.375429362154584,0.4575313329696655,239878.1875,36.35995118354271,0.9434782862663269,0.4579407572746277,240092.84375,0.021244049072265625,11138.0,0.010021209716796875,5254.0,0.010290145874023438,5395.0,0.0,0,0.4791848063468933,251230.84375,5000,1000
othim10,full,0,0,1,0.0006,35.12825148250204,0.5664832592010498,297000.375,35.119941505534236,0.9184315204620361,0.5667823553085327,297157.1875,0.0208740234375,10944.0,0.009714126586914062,5093.0,0.010229110717773438,5363.0,0.0,0,0.5876563787460327,308101.1875,5000,1000
othim11,full,0,0,1,0.0006,35.20487751479086,0.6651328802108765,348721.1875,35.1981926570302,0.9262579679489136,0.6661298871040344,349243.90625,0.020914077758789062,10965.0,0.008733749389648438,4579.0,0.011251449584960938,5899.0,0.0,0,0.6870439648628235,360208.90625,5000,1000
othim12,full,0,0,1,0.0006,34.964023969991025,0.7035213112831116,368847.78125,34.95847357467295,0.9286174178123474,0.7040759325027466,369138.5625,0.021541595458984375,11294.0,0.008914947509765625,4674.0,0.011936187744140625,6258.0,0.0,0,0.725617527961731,380432.5625,5000,1000
othim13,full,0,0,1,0.0006,36.3820756958221,0.4832519292831421,253363.1875,36.3741389150712,0.9373266696929932,0.48424285650253296,253882.71875,0.020263671875,10624.0,0.0089111328125,4672.0,0.0103302001953125,5416.0,0.0,0,0.504506528377533,264506.71875,5000,1000
othim14,full,0,0,1,0.0006,36.52838667566076,0.475169837474823,249125.84375,36.51221989832962,0.9379791617393494,0.475369930267334,249230.75,0.02106475830078125,11044.0,0.009843826293945312,5161.0,0.010419845581054688,5463.0,0.0,0,0.49643468856811523,260274.75,5000,1000
othim15,full,0,0,1,0.0006,36.34532629134513,0.4944411516189575,259229.5625,36.34273266694762,0.9362602233886719,0.4951179027557373,259584.375,0.021181106567382812,11105.0,0.008970260620117188,4703.0,0.011182785034179688,5863.0,0.0,0,0.5162990093231201,270689.375,5000,1000
othim16,full,0,0,1,0.0006,37.01039840817007,0.43932080268859863,230330.625,36.995678758858624,0.9471265077590942,0.44159871339797974,231524.90625,0.019132614135742188,10031.0,0.007856369018554688,4119.0,0.01035308837890625,5428.0,0.0,0,0.4607313275337219,241555.90625,5000,1000
othim17,full,0,0,1,0.0006,37.0636706982164,0.4511970281600952,236557.1875,37.053127472934634,0.9461812973022461,0.45233291387557983,237152.71875,0.01995086669921875,10460.0,0.008932113647460938,4683.0,0.009979248046875,5232.0,0.0,0,0.4722837805747986,247612.71875,5000,1000
othim18,full,0,0,1,0.0006,37.089448129326236,0.4418153762817383,231638.5,37.070177210766566,0.9473567008972168,0.4421117901802063,231793.90625,0.021015167236328125,11018.0,0.009679794311523438,5075.0,0.010274887084960938,5387.0,0.0,0,0.4631269574165344,242811.90625,5000,1000
othim19,full,0,0,1,0.0006,34.70159647710026,1.0138533115386963,531551.125,34.68841960842219,0.9489588737487793,1.0154716968536377,532399.625,0.019868850708007812,10417.0,0.00849151611328125,4452.0,0.0103302001953125,5416.0,0.0,0,1.0353405475616455,542816.625,5000,1000
othim20,full,0,0,1,0.0006,34.62641047302938,1.0176384449005127,533535.625,34.622942163373054,0.9459331035614014,1.0177936553955078,533617.0,0.022233963012695312,11657.0,0.009721755981445312,5097.0,0.011463165283203125,6010.0,0.0,0,1.0400276184082031,545274.0,5000,1000
othim21,full,0,0,1,0.0006,34.64476591923073,1.0167467594146729,533068.125,34.63466861586774,0.9474670886993408,1.0175385475158691,533483.25,0.021022796630859375,11022.0,0.009847640991210938,5163.0,0.010412216186523438,5459.0,0.0,0,1.0385613441467285,544505.25,5000,1000
othim22,full,0,0,1,0.0006,36.24774131408456,0.5227553844451904,274074.375,36.23986532321869,0.9370856285095215,0.5231226682662964,274266.9375,0.022045135498046875,11558.0,0.009920120239257812,5201.0,0.01119232177734375,5868.0,0.0,0,0.5451678037643433,285824.9375,5000,1000
othim23,full,0,0,1,0.0006,35.941089694926724,0.6068216562271118,318149.3125,35.9332750383167,0.9471428394317627,0.6075655817985535,318539.34375,0.021341323852539062,11189.0,0.008909225463867188,4671.0,0.011333465576171875,5942.0,0.0,0,0.6289069056510925,329728.34375,5000,1000
othim24,full,0,0,1,0.0006,35.473185594483,0.8191379308700562,429464.1875,35.46924236868407,0.9466723799705505,0.8205135464668274,430185.40625,0.021270751953125,11152.0,0.00882720947265625,4628.0,0.011381149291992188,5967.0,0.0,0,0.8417842984199524,441337.40625,5000,1000
othim25,full,0,0,1,0.0006,33.012457362828165,1.0450036525726318,547882.875,33.00316343496165,0.9343742728233337,1.0462172031402588,548519.125,0.02031707763671875,10652.0,0.008855819702148438,4643.0,0.0103912353515625,5448.0,0.0,0,1.0665342807769775,559171.125,5000,1000
othim26,full,0,0,1,0.0006,33.070973384228964,1.0643906593322754,558047.25,33.06856702645067,0.9352821707725525,1.0653444528579712,558547.3125,0.02236175537109375,11724.0,0.009820938110351562,5149.0,0.011478424072265625,6018.0,0.0,0,1.087706208229065,570271.3125,5000,1000
othim27,full,0,0,1,0.0006,33.272258991748004,0.9173535108566284,480957.4375,33.26090442747074,0.926976203918457,0.918346643447876,481478.125,0.0200042724609375,10488.0,0.008897781372070312,4665.0,0.010179519653320312,5337.0,0.0,0,0.9383509159088135,491966.125,5000,1000
othim28,full,0,0,1,0.0006,34.98781679829218,0.9505780935287476,498376.6875,34.983580799017346,0.9490528106689453,0.9513378143310547,498775.0,0.01969146728515625,10324.0,0.0087738037109375,4600.0,0.010034561157226562,5261.0,0.0,0,0.9710292816162109,509099.0,5000,1000
othim29,full,0,0,1,0.0006,35.18947538840127,0.9005016684532166,472122.21875,35.184224556196675,0.9421768188476562,0.9007218480110168,472237.65625,0.022060394287109375,11566.0,0.009853363037109375,5166.0,0.011308670043945312,5929.0,0.0,0,0.9227822422981262,483803.65625,5000,1000
othim30,full,0,0,1,0.0006,34.96909348513714,0.9856181740760803,516747.78125,34.96241897983196,0.9484578967094421,0.9878756403923035,517931.34375,0.01816558837890625,9524.0,0.007663726806640625,4018.0,0.009477615356445312,4969.0,0.0,0,1.0060412287712097,527455.34375,5000,1000
othim01,full,0,0,1,0.0008,34.60219183708435,0.5215874910354614,273462.0625,34.593138150135296,0.9237895011901855,0.5232131481170654,274314.375,0.020341873168945312,10665.0,0.0088958740234375,4664.0,0.010528564453125,5520.0,0.0,0,0.5435550212860107,284979.375,5000,1000
othim02,full,0,0,1,0.0008,34.56503312660459,0.5370118618011475,281548.875,34.551347825232746,0.9219305515289307,0.537360429763794,281731.625,0.021570205688476562,11309.0,0.01003265380859375,5260.0,0.0106048583984375,5560.0,0.0,0,0.5589306354522705,293040.625,5000,1000
othim03,full,0,0,1,0.0008,34.482801383645246,0.5414512157440186,283876.375,34.47803230841989,0.9211260676383972,0.5417312979698181,284023.21875,0.022165298461914062,11621.0,0.0099334716796875,5208.0,0.011293411254882812,5921.0,0.0,0,0.5638965964317322,295644.21875,5000,1000
othim04,full,0,0,1,0.0008,33.17873429803928,1.150991439819336,603451.0,33.17278377265425,0.9416835308074951,1.1522562503814697,604114.125,0.020442962646484375,10718.0,0.0085601806640625,4488.0,0.01107025146484375,5804.0,0.0,0,1.172699213027954,614832.125,5000,1000
othim05,full,0,0,1,0.0008,33.80917166601852,0.9257871508598328,485379.09375,33.80601217348246,0.9333760142326355,0.9262614250183105,485627.75,0.021373748779296875,11206.0,0.008869171142578125,4650.0,0.011440277099609375,5998.0,0.0,0,0.9476351737976074,496833.75,5000,1000
othim06,full,0,0,1,0.0008,33.70134864282295,0.8907147645950317,466991.0625,33.69103906602862,0.9318304061889648,0.8914918899536133,467398.5,0.019880294799804688,10423.0,0.00873565673828125,4580.0,0.0102081298828125,5352.0,0.0,0,0.911372184753418,477821.5,5000,1000
othim07,full,0,0,1,0.0008,35.741150873199345,0.38931021094322205,204110.671875,35.72409150301993,0.9395575523376465,0.38997453451156616,204458.96875,0.020063400268554688,10519.0,0.00888824462890625,4660.0,0.010227203369140625,5362.0,0.0,0,0.41003793478012085,214977.96875,5000,1000
othim08,full,0,0,1,0.0008,35.76581083993285,0.368285596370697,193087.71875,35.74671023252039,0.9383789300918579,0.370189905166626,194086.125,0.019287109375,10112.0,0.007843017578125,4112.0,0.010377883911132812,5441.0,0.0,0,0.389477014541626,204198.125,5000,1000
othim09,full,0,0,1,0.0008,35.661315974887145,0.3867286741733551,202757.203125,35.64336328585738,0.9370803236961365,0.38693028688430786,202862.90625,0.021459579467773438,11251.0,0.00992584228515625,5204.0,0.010593414306640625,5554.0,0.0,0,0.4083898663520813,214113.90625,5000,1000
othim10,full,0,0,1,0.0008,34.028024912574615,0.47048360109329224,246668.90625,34.02060482536158,0.9009894132614136,0.47129112482070923,247092.28125,0.020074844360351562,10525.0,0.008665084838867188,4543.0,0.010467529296875,5488.0,0.0,0,0.4913659691810608,257617.28125,5000,1000
othim11,full,0,0,1,0.0008,34.14033278010805,0.5625337362289429,294929.6875,34.1330131868308,0.9101214408874512,0.5637377500534058,295560.9375,0.020923614501953125,10970.0,0.008829116821289062,4629.0,0.011142730712890625,5842.0,0.0,0,0.5846613645553589,306530.9375,5000,1000
othim12,full,0,0,1,0.0008,34.043173576692276,0.6185089945793152,324276.84375,34.039343267419234,0.9135028123855591,0.6195907592773438,324844.0,0.021142959594726562,11085.0,0.00896453857421875,4700.0,0.011121749877929688,5831.0,0.0,0,0.6407337188720703,335929.0,5000,1000
othim13,full,0,0,1,0.0008,35.50540795074347,0.4239903688430786,222293.0625,35.49366554812048,0.9278397560119629,0.4247085452079773,222669.59375,0.019773483276367188,10367.0,0.008890151977539062,4661.0,0.009952545166015625,5218.0,0.0,0,0.4444820284843445,233036.59375,5000,1000
othim14,full,0,0,1,0.0008,35.67200275403355,0.40581393241882324,212763.375,35.662177238216465,0.9282414317131042,0.4059717059135437,212846.09375,0.021558761596679688,11303.0,0.010112762451171875,5302.0,0.010669708251953125,5594.0,0.0,0,0.4275304675102234,224149.09375,5000,1000
othim15,full,0,0,1,0.0008,35.50070044252419,0.4265919327735901,223657.03125,35.48312005628592,0.9272594451904297,0.42742642760276794,224094.546875,0.019655227661132812,10305.0,0.008884429931640625,4658.0,0.009960174560546875,5222.0,0.0,0,0.44708165526390076,234399.546875,5000,1000
othim16,full,0,0,1,0.0008,36.219766696873414,0.3733004331588745,195716.9375,36.20440202827603,0.9398247003555298,0.37461134791374207,196404.234375,0.019731521606445312,10345.0,0.008634567260742188,4527.0,0.010320663452148438,5411.0,0.0,0,0.3943428695201874,206749.234375,5000,1000
othim17,full,0,0,1,0.0008,36.09252356208858,0.38209909200668335,200329.96875,36.07285921559144,0.9391958117485046,0.3830493688583374,200828.1875,0.020154953002929688,10567.0,0.0087127685546875,4568.0,0.010519027709960938,5515.0,0.0,0,0.4032043218612671,211395.1875,5000,1000
othim18,full,0,0,1,0.0008,36.32007706630596,0.3837440013885498,201192.375,36.302172458783666,0.9396215677261353,0.3849950134754181,201848.265625,0.020050048828125,10512.0,0.008831024169921875,4630.0,0.010320663452148438,5411.0,0.0,0,0.4050450623035431,212360.265625,5000,1000
othim19,full,0,0,1,0.0008,33.63203571656574,0.8835832476615906,463252.09375,33.626407262568,0.9375957250595093,0.8841034173965454,463524.8125,0.020977020263671875,10998.0,0.009752273559570312,5113.0,0.010280609130859375,5390.0,0.0,0,0.9050804376602173,474522.8125,5000,1000
othim20,full,0,0,1,0.0008,33.67113606945625,0.8752646446228027,458890.75,33.661827039069756,0.9339097738265991,0.8768305778503418,459711.75,0.018980026245117188,9951.0,0.00762939453125,4000.0,0.010425567626953125,5466.0,0.0,0,0.895810604095459,469662.75,5000,1000
othim21,full,0,0,1,0.0008,33.68178099316818,0.9112345576286316,477749.34375,33.672918031356,0.9350917339324951,0.9118568897247314,478075.625,0.020206451416015625,10594.0,0.008907318115234375,4670.0,0.010480880737304688,5495.0,0.0,0,0.9320633411407471,488669.625,5000,1000
othim22,full,0,0,1,0.0008,35.29188618883068,0.45329606533050537,237657.6875,35.287738298179306,0.929071307182312,0.4544932246208191,238285.34375,0.021327972412109375,11182.0,0.008998870849609375,4718.0,0.011415481567382812,5985.0,0.0,0,0.47582119703292847,249467.34375,5000,1000
othim23,full,0,0,1,0.0008,35.02199995580953,0.526195228099823,275877.84375,35.01599363823279,0.9382962584495544,0.5270140171051025,276307.125,0.02154541015625,11296.0,0.009033203125,4736.0,0.011411666870117188,5983.0,0.0,0,0.5485594272613525,287603.125,5000,1000
othim24,full,0,0,1,0.0008,34.559083224774064,0.7128452062606812,373736.1875,34.55635700207804,0.9395201206207275,0.714676558971405,374696.34375,0.021570205688476562,11309.0,0.008977890014648438,4707.0,0.01155853271484375,6060.0,0.0,0,0.7362467646598816,386005.34375,5000,1000
othim25,full,0,0,1,0.0008,32.3654091445965,0.9219908714294434,483388.75,32.36188300783956,0.9255043268203735,0.9229957461357117,483915.59375,0.020999908447265625,11010.0,0.008792877197265625,4610.0,0.011402130126953125,5978.0,0.0,0,0.9439956545829773,494925.59375,5000,1000
othim26,full,0,0,1,0.0008,32.42410157957618,0.9087571501731873,476450.46875,32.42072356838201,0.9268099665641785,0.9092588424682617,476713.5,0.02233123779296875,11708.0,0.009763717651367188,5119.0,0.011659622192382812,6113.0,0.0,0,0.9315900802612305,488421.5,5000,1000
othim27,full,0,0,1,0.0008,32.47239550370739,0.7960023880004883,417334.5,32.46480246288537,0.9138205051422119,0.7967601418495178,417731.78125,0.020883560180664062,10949.0,0.008855819702148438,4643.0,0.011095046997070312,5817.0,0.0,0,0.8176437020301819,428680.78125,5000,1000
othim28,full,0,0,1,0.0008,34.055450413100274,0.8187416195869446,429256.40625,34.05288286428317,0.9400689601898193,0.8196913599967957,429754.34375,0.0211334228515625,11080.0,0.008663177490234375,4542.0,0.01155853271484375,6060.0,0.0,0,0.8408247828483582,440834.34375,5000,1000
othim29,full,0,0,1,0.0008,34.35974085726796,0.7736915349960327,405637.1875,34.35050179367892,0.9338371157646179,0.7745920419692993,406109.3125,0.020359039306640625,10674.0,0.008792877197265625,4610.0,0.01076507568359375,5644.0,0.0,0,0.7949510812759399,416783.3125,5000,1000
othim30,full,0,0,1,0.0008,34.04324019249081,0.8497762084007263,445527.46875,34.02778375615173,0.9394630789756775,0.8508099317550659,446069.4375,0.019266128540039062,10101.0,0.008768081665039062,4597.0,0.009698867797851562,5085.0,0.0,0,0.870076060295105,456170.4375,5000,1000
othim01,full,0,1,1,0.0006,35.41860635163459,0.6150697469711304,322473.6875,35.41492891638765,0.9318680763244629,0.6159195899963379,322919.25,0.023126602172851562,12125.0,0.008932113647460938,4683.0,0.013162612915039062,6901.0,0.0,0,0.6390461921691895,335044.25,5000,1000
othim02,full,0,1,1,0.0006,35.1880259859352,0.6248594522476196,327606.3125,35.18371895789854,0.9298009276390076,0.6257570385932922,328076.90625,0.022802352905273438,11955.0,0.008853912353515625,4642.0,0.012889862060546875,6758.0,0.0,0,0.6485593914985657,340031.90625,5000,1000
othim03,full,0,1,1,0.0006,35.37352822193894,0.6313788890838623,331024.375,35.35799934962707,0.9305325746536255,0.6323263645172119,331521.125,0.021398544311523438,11219.0,0.00891876220703125,4676.0,0.01154327392578125,6052.0,0.0,0,0.6537249088287354,342740.125,5000,1000
othim04,full,0,1,1,0.0006,34.25996848554757,1.2993323802947998,681224.375,34.24667906665447,0.9542964696884155,1.300279140472412,681720.75,0.021411895751953125,11226.0,0.00878143310546875,4604.0,0.011823654174804688,6199.0,0.0,0,1.3216910362243652,692946.75,5000,1000
othim05,full,0,1,1,0.0006,34.771439897849966,1.0576813220977783,554529.625,34.768078086834386,0.945759654045105,1.0585148334503174,554966.625,0.022541046142578125,11818.0,0.008810043334960938,4619.0,0.012683868408203125,6650.0,0.0,0,1.0810558795928955,566784.625,5000,1000
othim06,full,0,1,1,0.0006,34.61101395143885,1.0375807285308838,543991.125,34.59715061854155,0.944065511226654,1.0377767086029053,544093.875,0.021928787231445312,11497.0,0.00972747802734375,5100.0,0.011415481567382812,5985.0,0.0,0,1.0597054958343506,555590.875,5000,1000
othim07,full,0,1,1,0.0006,36.57489318001441,0.4542885422706604,238178.03125,36.56832093769099,0.945274829864502,0.4553523361682892,238735.765625,0.022409439086914062,11749.0,0.008893966674804688,4663.0,0.012577056884765625,6594.0,0.0,0,0.47776177525520325,250484.765625,5000,1000
othim08,full,0,1,1,0.0006,36.668281978852995,0.4286128878593445,224716.59375,36.6534952338981,0.9447728991508484,0.4290374517440796,224939.1875,0.022478103637695312,11785.0,0.009988784790039062,5237.0,0.011545181274414062,6053.0,0.0,0,0.4515155553817749,236724.1875,5000,1000
othim09,full,0,1,1,0.0006,36.308271695632264,0.4583190679550171,240291.1875,36.304549336136425,0.9438733458518982,0.4590635597705841,240681.515625,0.022748947143554688,11927.0,0.008937835693359375,4686.0,0.01285552978515625,6740.0,0.0,0,0.4818125069141388,252608.515625,5000,1000
othim10,full,0,1,1,0.0006,35.21735044231448,0.5494240522384644,288056.4375,35.21050918982617,0.9188160300254822,0.5505995750427246,288672.75,0.02231597900390625,11700.0,0.008905410766601562,4669.0,0.0125885009765625,6600.0,0.0,0,0.5729155540466309,300372.75,5000,1000
othim11,full,0,1,1,0.0006,35.19980805645066,0.6324442625045776,331582.9375,35.188015212790354,0.9275175929069519,0.6325867176055908,331657.625,0.0225830078125,11840.0,0.009860992431640625,5170.0,0.011671066284179688,6119.0,0.0,0,0.6551697254180908,343497.625,5000,1000
othim12,full,0,1,1,0.0006,35.07233777842789,0.7088443040847778,371638.5625,35.060598743327446,0.9300880432128906,0.7091436982154846,371795.53125,0.02269744873046875,11900.0,0.009817123413085938,5147.0,0.012094497680664062,6341.0,0.0,0,0.7318411469459534,383695.53125,5000,1000
othim13,full,0,1,1,0.0006,36.5454396325074,0.4627338647842407,242605.8125,36.53535317686524,0.9382877349853516,0.4643207788467407,243437.8125,0.021459579467773438,11251.0,0.00872802734375,4576.0,0.01183319091796875,6204.0,0.0,0,0.48578035831451416,254688.8125,5000,1000
othim14,full,0,1,1,0.0006,36.568443098610885,0.4727500081062317,247857.15625,36.55675275539297,0.9380447864532471,0.474168062210083,248600.625,0.021535873413085938,11291.0,0.008893966674804688,4663.0,0.011850357055664062,6213.0,0.0,0,0.49570393562316895,259891.625,5000,1000
othim15,full,0,1,1,0.0006,36.460212853895975,0.4695894718170166,246200.125,36.45270405518746,0.9371936321258545,0.4701434373855591,246490.5625,0.021909713745117188,11487.0,0.008981704711914062,4709.0,0.012147903442382812,6369.0,0.0,0,0.49205315113067627,257977.5625,5000,1000
othim16,full,0,1,1,0.0006,37.06938981681519,0.4270614981651306,223903.21875,37.05096435441679,0.9474364519119263,0.42814207077026367,224469.75,0.02130126953125,11168.0,0.00884246826171875,4636.0,0.011548995971679688,6055.0,0.0,0,0.44944334030151367,235637.75,5000,1000
othim17,full,0,1,1,0.0006,37.098694108817064,0.4448610246181488,233235.296875,37.083567792062766,0.9479510188102722,0.4453352093696594,233483.90625,0.022649765014648438,11875.0,0.009744644165039062,5109.0,0.011987686157226562,6285.0,0.0,0,0.46798497438430786,245358.90625,5000,1000
othim18,full,0,1,1,0.0006,37.03181203532659,0.41912370920181274,219741.53125,37.01964159748915,0.9471991062164307,0.41940659284591675,219889.84375,0.02266693115234375,11884.0,0.009881973266601562,5181.0,0.011751174926757812,6161.0,0.0,0,0.4420735239982605,231773.84375,5000,1000
othim19,full,0,1,1,0.0006,34.68386438717817,0.9985932111740112,523550.4375,34.676066797054034,0.9485918283462524,0.9994896650314331,524020.4375,0.020936965942382812,10977.0,0.008758544921875,4592.0,0.01139068603515625,5972.0,0.0,0,1.020426630973816,534997.4375,5000,1000
othim20,full,0,1,1,0.0006,34.53326602021631,1.010741949081421,529919.875,34.51899779317798,0.9460223913192749,1.011641025543213,530391.25,0.020915985107421875,10966.0,0.00860595703125,4512.0,0.011508941650390625,6034.0,0.0,0,1.0325570106506348,541357.25,5000,1000
othim21,full,0,1,1,0.0006,34.598920647111875,1.0258992910385132,537866.6875,34.58930674299551,0.9474623203277588,1.026537299156189,538201.1875,0.021671295166015625,11362.0,0.008884429931640625,4658.0,0.011861801147460938,6219.0,0.0,0,1.0482085943222046,549563.1875,5000,1000
othim22,full,0,1,1,0.0006,36.040094188733484,0.5254225730895996,275472.75,36.013510441602165,0.9357510805130005,0.5264672040939331,276020.4375,0.021703720092773438,11379.0,0.008790969848632812,4609.0,0.011859893798828125,6218.0,0.0,0,0.5481709241867065,287399.4375,5000,1000
othim23,full,0,1,1,0.0006,35.77156583387577,0.6263649463653564,328395.625,35.76506735337029,0.947266697883606,0.6279427409172058,329222.84375,0.022863388061523438,11987.0,0.00873565673828125,4580.0,0.013036727905273438,6835.0,0.0,0,0.6508061289787292,341209.84375,5000,1000
othim24,full,0,1,1,0.0006,35.39817331325854,0.7972012758255005,417963.0625,35.38469808938212,0.946922779083252,0.7977390289306641,418245.0,0.0239105224609375,12536.0,0.010007858276367188,5247.0,0.012739181518554688,6679.0,0.0,0,0.8216495513916016,430781.0,5000,1000
othim25,full,0,1,1,0.0006,33.18166629792619,1.0465648174285889,548701.375,33.1792234466843,0.9354807734489441,1.0472583770751953,549065.0,0.023223876953125,12176.0,0.008764266967773438,4595.0,0.0134124755859375,7032.0,0.0,0,1.0704822540283203,561241.0,5000,1000
othim26,full,0,1,1,0.0006,33.025376243910586,1.040376901626587,545457.125,33.0185761930314,0.935511589050293,1.0407510995864868,545653.3125,0.022541046142578125,11818.0,0.009708404541015625,5090.0,0.011777877807617188,6175.0,0.0,0,1.063292145729065,557471.3125,5000,1000
othim27,full,0,1,1,0.0006,33.29948078896251,0.924760103225708,484840.625,33.289949738592924,0.9263569712638855,0.9260821342468262,485533.75,0.021633148193359375,11342.0,0.008707046508789062,4565.0,0.011993408203125,6288.0,0.0,0,0.9477152824401855,496875.75,5000,1000
othim28,full,0,1,1,0.0006,35.0104222297814,0.9384279251098633,492006.5,35.00620832152095,0.9497994184494019,0.9388923645019531,492250.0,0.022396087646484375,11742.0,0.00885772705078125,4644.0,0.012617111206054688,6615.0,0.0,0,0.9612884521484375,503992.0,5000,1000
othim29,full,0,1,1,0.0006,35.26925006016295,0.8977240324020386,470665.9375,35.267491590707,0.9432603716850281,0.8989180326461792,471291.9375,0.023075103759765625,12098.0,0.008823394775390625,4626.0,0.013219833374023438,6931.0,0.0,0,0.9219931364059448,483389.9375,5000,1000
othim30,full,0,1,1,0.0006,35.08422014216584,0.96453458070755,505693.90625,35.07029662982911,0.9493725299835205,0.9650177955627441,505947.25,0.022687911987304688,11895.0,0.009943008422851562,5213.0,0.01197052001953125,6276.0,0.0,0,0.9877057075500488,517842.25,5000,1000
othim01,full,0,1,1,0.0008,34.45420211411424,0.5572224855422974,292145.0625,34.43789878375886,0.9208544492721558,0.5581340789794922,292623.0,0.021486282348632812,11265.0,0.008943557739257812,4689.0,0.011610031127929688,6087.0,0.0,0,0.579620361328125,303888.0,5000,1000
othim02,full,0,1,1,0.0008,34.425386004770345,0.5446845889091492,285571.59375,34.42167347576634,0.9207727313041687,0.5452975034713745,285892.9375,0.022769927978515625,11938.0,0.008863449096679688,4647.0,0.012964248657226562,6797.0,0.0,0,0.5680674314498901,297830.9375,5000,1000
othim03,full,0,1,1,0.0008,34.48117352549922,0.5408585071563721,283565.625,34.47627028683513,0.9210202097892761,0.541843831539154,284082.21875,0.022657394409179688,11879.0,0.008768081665039062,4597.0,0.012968063354492188,6799.0,0.0,0,0.5645012259483337,295961.21875,5000,1000
othim04,full,0,1,1,0.0008,33.214085914583556,1.1410763263702393,598252.625,33.21271820637073,0.9425787329673767,1.1415743827819824,598513.75,0.0240325927734375,12600.0,0.00975799560546875,5116.0,0.013238906860351562,6941.0,0.0,0,1.16560697555542,611113.75,5000,1000
othim05,full,0,1,1,0.0008,33.70597376326668,0.9072175025939941,475643.25,33.699483093090315,0.9318296909332275,0.9073686599731445,475722.5,0.02365875244140625,12404.0,0.010046005249023438,5267.0,0.012571334838867188,6591.0,0.0,0,0.9310274124145508,488126.5,5000,1000
othim06,full,0,1,1,0.0008,33.61783140176972,0.8977029323577881,470654.875,33.610279955403655,0.9305991530418396,0.8987654447555542,471211.9375,0.021348953247070312,11193.0,0.0088043212890625,4616.0,0.011625289916992188,6095.0,0.0,0,0.9201143980026245,482404.9375,5000,1000
othim07,full,0,1,1,0.0008,35.693681475753436,0.3952767252922058,207238.84375,35.672528371872126,0.9381016492843628,0.3956739604473114,207447.109375,0.0223236083984375,11704.0,0.010046005249023438,5267.0,0.011304855346679688,5927.0,0.0,0,0.4179975688457489,219151.109375,5000,1000
othim08,full,0,1,1,0.0008,35.87286937102174,0.3749881088733673,196601.765625,35.85887868377501,0.9388014674186707,0.3754882216453552,196863.96875,0.022447586059570312,11769.0,0.009870529174804688,5175.0,0.011522293090820312,6041.0,0.0,0,0.39793580770492554,208632.96875,5000,1000
othim09,full,0,1,1,0.0008,35.50899164958947,0.39770975708961487,208514.453125,35.49172040848567,0.9364075660705566,0.3985300660133362,208944.53125,0.02142333984375,11232.0,0.008840560913085938,4635.0,0.01161956787109375,6092.0,0.0,0,0.4199534058570862,220176.53125,5000,1000
othim10,full,0,1,1,0.0008,34.27527627285928,0.4611870050430298,241794.8125,34.265948828657024,0.9033031463623047,0.4620877504348755,242267.0625,0.021379470825195312,11209.0,0.0089874267578125,4712.0,0.011468887329101562,6013.0,0.0,0,0.4834672212600708,253476.0625,5000,1000
othim11,full,0,1,1,0.0008,34.22230000868898,0.5347192883491516,280346.90625,34.207433484136054,0.9125016927719116,0.5356783270835876,280849.71875,0.021392822265625,11216.0,0.008920669555664062,4677.0,0.011651992797851562,6109.0,0.0,0,0.5570711493492126,292065.71875,5000,1000
othim12,full,0,1,1,0.0008,34.09392741234897,0.6201547384262085,325139.6875,34.08728657653442,0.9150146842002869,0.6206701397895813,325409.90625,0.022367477416992188,11727.0,0.009572982788085938,5019.0,0.011743545532226562,6157.0,0.0,0,0.6430376172065735,337136.90625,5000,1000
othim13,full,0,1,1,0.0008,35.46800230970272,0.4128004312515259,216426.3125,35.46282706231897,0.927557647228241,0.41325610876083374,216665.21875,0.023172378540039062,12149.0,0.0089874267578125,4712.0,0.013271331787109375,6958.0,0.0,0,0.4364284873008728,228814.21875,5000,1000
othim14,full,0,1,1,0.0008,35.65959114178247,0.3995289206504822,209468.21875,35.652995619621315,0.9291462302207947,0.40034863352775574,209897.984375,0.021770477294921875,11414.0,0.00881195068359375,4620.0,0.0120391845703125,6312.0,0.0,0,0.4221191108226776,221311.984375,5000,1000
othim15,full,0,1,1,0.0008,35.59202950904078,0.40583527088165283,212774.5625,35.58559731214715,0.9288617968559265,0.4062809348106384,213008.21875,0.021551132202148438,11299.0,0.0089111328125,4672.0,0.011838912963867188,6207.0,0.0,0,0.42783206701278687,224307.21875,5000,1000
othim16,full,0,1,1,0.0008,36.24435235123629,0.3721827566623688,195130.953125,36.23177427309955,0.9396998882293701,0.37337690591812134,195757.03125,0.021579742431640625,11314.0,0.00887298583984375,4652.0,0.01180267333984375,6188.0,0.0,0,0.39495664834976196,207071.03125,5000,1000
othim17,full,0,1,1,0.0008,36.27263070970769,0.3769935965538025,197653.21875,36.24103229694003,0.9400675296783447,0.37896421551704407,198686.390625,0.01934814453125,10144.0,0.007856369018554688,4119.0,0.01068115234375,5600.0,0.0,0,0.39831236004829407,208830.390625,5000,1000
othim18,full,0,1,1,0.0008,36.20823853751115,0.3597431182861328,188609.0,36.18512406345235,0.9393124580383301,0.3605726361274719,189043.90625,0.02176666259765625,11412.0,0.009004592895507812,4721.0,0.01171875,6144.0,0.0,0,0.3823392987251282,200455.90625,5000,1000
othim19,full,0,1,1,0.0008,33.68180769781088,0.8844730854034424,463718.625,33.65867758625544,0.9366940259933472,0.8853286504745483,464167.1875,0.020040512084960938,10507.0,0.008771896362304688,4599.0,0.010484695434570312,5497.0,0.0,0,0.9053691625595093,474674.1875,5000,1000
othim20,full,0,1,1,0.0008,33.604288531280666,0.8909749984741211,467127.5,33.58584942994717,0.9336122870445251,0.8913588523864746,467328.75,0.021299362182617188,11167.0,0.009807586669921875,5142.0,0.010547637939453125,5530.0,0.0,0,0.9126582145690918,478495.75,5000,1000
othim21,full,0,1,1,0.0008,33.656997272386235,0.8949002623558044,469185.46875,33.64840439070812,0.9364141821861267,0.8954271078109741,469461.6875,0.0217132568359375,11384.0,0.008831024169921875,4630.0,0.0119476318359375,6264.0,0.0,0,0.9171403646469116,480845.6875,5000,1000
othim22,full,0,1,1,0.0008,35.20527466145459,0.48232465982437134,252877.03125,35.19878923198862,0.9272712469100952,0.4832727909088135,253374.125,0.022752761840820312,11929.0,0.009052276611328125,4746.0,0.012655258178710938,6635.0,0.0,0,0.5060255527496338,265303.125,5000,1000
othim23,full,0,1,1,0.0008,34.91840298495745,0.5381865501403809,282164.75,34.91406192369589,0.9376306533813477,0.538625955581665,282395.125,0.023834228515625,12496.0,0.009824752807617188,5151.0,0.013057708740234375,6846.0,0.0,0,0.56246018409729,294891.125,5000,1000
othim24,full,0,1,1,0.0008,34.43311846326841,0.7131732702255249,373908.1875,34.41414636396214,0.9393295049667358,0.714506983757019,374607.4375,0.02187347412109375,11468.0,0.009195327758789062,4821.0,0.011747360229492188,6159.0,0.0,0,0.7363804578781128,386075.4375,5000,1000
othim25,full,0,1,1,0.0008,32.385590564384046,0.8957920074462891,469653.0,32.376194900533655,0.9258067607879639,0.8970052599906921,470289.09375,0.021745681762695312,11401.0,0.008901596069335938,4667.0,0.012027740478515625,6306.0,0.0,0,0.9187509417533875,481690.09375,5000,1000
othim26,full,0,1,1,0.0008,32.35208392686135,0.9251412153244019,485040.4375,32.34215739956525,0.925209641456604,0.9253445863723755,485147.0625,0.022157669067382812,11617.0,0.009756088256835938,5115.0,0.011478424072265625,6018.0,0.0,0,0.9475022554397583,496764.0625,5000,1000
othim27,full,0,1,1,0.0008,32.50273982894874,0.8241583108901978,432096.3125,32.4908313257379,0.91377854347229,0.8245198726654053,432285.875,0.022283554077148438,11683.0,0.009939193725585938,5211.0,0.011392593383789062,5973.0,0.0,0,0.8468034267425537,443968.875,5000,1000
othim28,full,0,1,1,0.0008,34.054816907739834,0.8051372766494751,422123.8125,34.0297693226268,0.9402705430984497,0.8063002824783325,422733.5625,0.02032470703125,10656.0,0.008733749389648438,4579.0,0.010799407958984375,5662.0,0.0,0,0.8266249895095825,433389.5625,5000,1000
othim29,full,0,1,1,0.0008,34.35406740368648,0.7798191905021667,408849.84375,34.34928289849777,0.9340548515319824,0.7802777886390686,409090.28125,0.022663116455078125,11882.0,0.008785247802734375,4606.0,0.013101577758789062,6869.0,0.0,0,0.8029409050941467,420972.28125,5000,1000
othim30,full,0,1,1,0.0008,34.046701209657726,0.8739156126976013,458183.46875,34.02305455769126,0.9399398565292358,0.8746650218963623,458576.375,0.019941329956054688,10455.0,0.008852005004882812,4641.0,0.010295867919921875,5398.0,0.0,0,0.894606351852417,469031.375,5000,1000
othim01,full,1,0,1,0.0006,36.08090415669439,0.660743236541748,346419.75,36.0720801475671,0.9388097524642944,0.6616764664649963,346909.03125,0.02132415771484375,11180.0,0.008829116821289062,4629.0,0.011552810668945312,6057.0,0.0,0,0.6830006241798401,358089.03125,5000,1000
othim02,full,1,0,1,0.0006,35.7891293151825,0.6891528964042664,361314.59375,35.783980649231445,0.9330461025238037,0.6893777847290039,361432.5,0.022123336791992188,11599.0,0.009874343872070312,5177.0,0.0112152099609375,5880.0,0.0,0,0.7115011215209961,373031.5,5000,1000
othim03,full,1,0,1,0.0006,35.94453285413872,0.6704835891723633,351526.5,35.92902795271559,0.9367536306381226,0.6713555455207825,351983.65625,0.020114898681640625,10546.0,0.00890350341796875,4668.0,0.010255813598632812,5377.0,0.0,0,0.6914704442024231,362529.65625,5000,1000
othim04,full,1,0,1,0.0006,34.61389045789802,1.338294267654419,701651.625,34.60802931642865,0.9579613208770752,1.3385223150253296,701771.1875,0.020914077758789062,10965.0,0.009653091430664062,5061.0,0.010236740112304688,5367.0,0.0,0,1.3594363927841187,712736.1875,5000,1000
othim05,full,1,0,1,0.0006,35.30363678111783,1.1439334154129028,599750.5625,35.28365041577646,0.9504952430725098,1.1448982954025269,600256.4375,0.020578384399414062,10789.0,0.008769989013671875,4598.0,0.010995864868164062,5765.0,0.0,0,1.165476679801941,611045.4375,5000,1000
othim06,full,1,0,1,0.0006,35.22519990007179,1.062635064125061,557126.8125,35.21948892045717,0.9496638774871826,1.065144658088684,558442.5625,0.019830703735351562,10397.0,0.0075359344482421875,3951.0,0.011234283447265625,5890.0,0.0,0,1.0849753618240356,568839.5625,5000,1000
othim07,full,1,0,1,0.0006,37.21752107673479,0.4995543956756592,261910.375,37.210327205239345,0.9493699073791504,0.5004664063453674,262388.53125,0.021055221557617188,11039.0,0.008808135986328125,4618.0,0.011180877685546875,5862.0,0.0,0,0.5215216279029846,273427.53125,5000,1000
othim08,full,1,0,1,0.0006,37.29286077777238,0.4646298289299011,243599.84375,37.28321034616018,0.9478036761283875,0.46515393257141113,243874.625,0.02130889892578125,11172.0,0.008798599243164062,4613.0,0.011461257934570312,6009.0,0.0,0,0.4864628314971924,255046.625,5000,1000
othim09,full,1,0,1,0.0006,37.06984785702188,0.500175416469574,262235.96875,37.06492501525997,0.9470781087875366,0.5004672408103943,262388.96875,0.023097991943359375,12110.0,0.009830474853515625,5154.0,0.01219940185546875,6396.0,0.0,0,0.5235652327537537,274498.96875,5000,1000
othim10,full,1,0,1,0.0006,36.09509331144105,0.6359497308731079,333420.8125,36.0832959817244,0.9317293167114258,0.6374036073684692,334183.0625,0.020771026611328125,10890.0,0.008771896362304688,4599.0,0.011171340942382812,5857.0,0.0,0,0.6581746339797974,345073.0625,5000,1000
othim11,full,1,0,1,0.0006,36.099930427322825,0.7141883373260498,374440.375,36.09403186478399,0.9373859167098999,0.7144327759742737,374568.53125,0.02170562744140625,11380.0,0.009805679321289062,5141.0,0.0110931396484375,5816.0,0.0,0,0.7361384034156799,385948.53125,5000,1000
othim12,full,1,0,1,0.0006,35.74834967993203,0.7547158002853394,395688.4375,35.7333421180605,0.9398198127746582,0.7557518482208252,396231.625,0.020101547241210938,10539.0,0.008916854858398438,4675.0,0.010236740112304688,5367.0,0.0,0,0.7758533954620361,406770.625,5000,1000
othim13,full,1,0,1,0.0006,37.12784409885628,0.4996737837791443,261972.96875,37.106072073184926,0.9403371810913086,0.5008615851402283,262595.71875,0.018283843994140625,9586.0,0.008495330810546875,4454.0,0.00888824462890625,4660.0,0.0,0,0.5191454291343689,272181.71875,5000,1000
othim14,full,1,0,1,0.0006,37.11800901125425,0.5048635005950928,264693.875,37.09639661219118,0.9389292597770691,0.5056921243667603,265128.3125,0.019544601440429688,10247.0,0.008840560913085938,4635.0,0.010044097900390625,5266.0,0.0,0,0.5252367258071899,275375.3125,5000,1000
othim15,full,1,0,1,0.0006,36.92592482437558,0.5173482894897461,271239.5,36.91843749147596,0.9389753341674805,0.5194432139396667,272337.84375,0.019876480102539062,10421.0,0.007955551147460938,4171.0,0.010890960693359375,5710.0,0.0,0,0.5393196940422058,282758.84375,5000,1000
othim16,full,1,0,1,0.0006,37.90030057647055,0.46199893951416016,242220.5,37.88896050262699,0.9528384208679199,0.4629124701023102,242699.453125,0.019924163818359375,10446.0,0.008871078491210938,4651.0,0.010143280029296875,5318.0,0.0,0,0.48283663392066956,253145.453125,5000,1000
othim17,full,1,0,1,0.0006,37.80390724803852,0.4680556058883667,245395.9375,37.797051682230304,0.9516357183456421,0.46924108266830444,246017.46875,0.02089691162109375,10956.0,0.008922576904296875,4678.0,0.01094818115234375,5740.0,0.0,0,0.4901379942893982,256973.46875,5000,1000
othim18,full,1,0,1,0.0006,37.78603220965659,0.4783186912536621,250776.75,37.76870197994918,0.952342689037323,0.47856229543685913,250904.46875,0.021900177001953125,11482.0,0.009950637817382812,5217.0,0.011016845703125,5776.0,0.0,0,0.5004624724388123,262386.46875,5000,1000
othim19,full,1,0,1,0.0006,35.206002541739544,1.0353773832321167,542835.9375,35.19369248980431,0.9535841941833496,1.0364066362380981,543375.5625,0.019975662231445312,10473.0,0.0088043212890625,4616.0,0.01026153564453125,5380.0,0.0,0,1.0563822984695435,553848.5625,5000,1000
othim20,full,1,0,1,0.0006,35.194733612140254,1.0445492267608643,547644.625,35.18111508257967,0.9520313739776611,1.0457370281219482,548267.375,0.020183563232421875,10582.0,0.008756637573242188,4591.0,0.010610580444335938,5563.0,0.0,0,1.0659205913543701,558849.375,5000,1000
othim21,full,1,0,1,0.0006,35.17393958293891,1.0273325443267822,538618.125,35.13394499920673,0.9525308609008789,1.028517723083496,539239.5,0.018930435180664062,9925.0,0.008886337280273438,4659.0,0.00923919677734375,4844.0,0.0,0,1.0474481582641602,549164.5,5000,1000
othim22,full,1,0,1,0.0006,36.67484778726004,0.5414698123931885,283886.125,36.6681405443045,0.9414913654327393,0.5425146818161011,284433.9375,0.022382736206054688,11735.0,0.00984954833984375,5164.0,0.011343002319335938,5947.0,0.0,0,0.5648974180221558,296168.9375,5000,1000
othim23,full,1,0,1,0.0006,36.616076484948174,0.6647153496742249,348502.28125,36.60698201697322,0.9525818228721619,0.6662439107894897,349303.6875,0.02117919921875,11104.0,0.008924484252929688,4679.0,0.011308670043945312,5929.0,0.0,0,0.6874231100082397,360407.6875,5000,1000
othim24,full,1,0,1,0.0006,36.02319528436822,0.8304745554924011,435407.84375,36.01058074120655,0.9509012699127197,0.8311777710914612,435776.53125,0.021646499633789062,11349.0,0.0095977783203125,5032.0,0.011240005493164062,5893.0,0.0,0,0.8528242707252502,447125.53125,5000,1000
othim25,full,1,0,1,0.0006,33.46861751155216,1.0832924842834473,567957.25,33.46083879842013,0.9380016326904297,1.08455228805542,568617.75,0.020904541015625,10960.0,0.008726119995117188,4575.0,0.011110305786132812,5825.0,0.0,0,1.105456829071045,579577.75,5000,1000
othim26,full,1,0,1,0.0006,33.45352923155942,1.0866484642028809,569716.75,33.45160357133131,0.936890721321106,1.0871992111206055,570005.5,0.022357940673828125,11722.0,0.009908676147460938,5195.0,0.011518478393554688,6039.0,0.0,0,1.1095571517944336,581727.5,5000,1000
othim27,full,1,0,1,0.0006,33.919259035111395,0.978084921836853,512798.1875,33.91510430203807,0.9299668073654175,0.9784172773361206,512972.4375,0.02178955078125,11424.0,0.009685516357421875,5078.0,0.011188507080078125,5866.0,0.0,0,1.0002068281173706,524396.4375,5000,1000
othim28,full,1,0,1,0.0006,35.69419453394699,0.9851496815681458,516502.15625,35.68455222611828,0.954429030418396,0.9861835241317749,517044.1875,0.019838333129882812,10401.0,0.008708953857421875,4566.0,0.010097503662109375,5294.0,0.0,0,1.0060218572616577,527445.1875,5000,1000
othim29,full,1,0,1,0.0006,35.759903101517615,0.9311580657958984,488195.0,35.752964599871824,0.9477850794792175,0.9318646192550659,488565.4375,0.0201263427734375,10552.0,0.009000778198242188,4719.0,0.010242462158203125,5370.0,0.0,0,0.9519909620285034,499117.4375,5000,1000
othim30,full,1,0,1,0.0006,35.667855133254456,1.0083787441253662,528680.875,35.66146789817347,0.953328013420105,1.0094685554504395,529252.25,0.019765853881835938,10363.0,0.008695602416992188,4559.0,0.01016998291015625,5332.0,0.0,0,1.0292344093322754,539615.25,5000,1000
othim01,full,1,0,1,0.0008,35.25649502812695,0.5720852017402649,299937.40625,35.24933024191276,0.9287436008453369,0.572273850440979,300036.3125,0.022443771362304688,11767.0,0.009906768798828125,5194.0,0.011632919311523438,6099.0,0.0,0,0.5947176218032837,311803.3125,5000,1000
othim02,full,1,0,1,0.0008,35.149201288669076,0.5898380279541016,309245.0,35.13742163281732,0.9267157912254333,0.5901963710784912,309432.875,0.021192550659179688,11111.0,0.0099029541015625,5192.0,0.0103607177734375,5432.0,0.0,0,0.6113889217376709,320543.875,5000,1000
othim03,full,1,0,1,0.0008,35.028893666977744,0.5940788388252258,311468.40625,35.02041185253255,0.9271625876426697,0.5943254232406616,311597.6875,0.021820068359375,11440.0,0.009918212890625,5200.0,0.01108551025390625,5812.0,0.0,0,0.6161454916000366,323037.6875,5000,1000
othim04,full,1,0,1,0.0008,33.77317367167729,1.1803808212280273,618859.5,33.7667369161957,0.9484259486198425,1.181215524673462,619297.125,0.01964569091796875,10300.0,0.008731842041015625,4578.0,0.009988784790039062,5237.0,0.0,0,1.2008612155914307,629597.125,5000,1000
othim05,full,1,0,1,0.0008,34.32137936017332,0.9973894357681274,522919.3125,34.31759945692924,0.9395949244499207,0.997612714767456,523036.375,0.021974563598632812,11521.0,0.009782791137695312,5129.0,0.0112762451171875,5912.0,0.0,0,1.0195872783660889,534557.375,5000,1000
othim06,full,1,0,1,0.0008,34.31621127003111,0.9437687397003174,494806.625,34.30931212687361,0.9390503764152527,0.944722592830658,495306.71875,0.020746231079101562,10877.0,0.008649826049804688,4535.0,0.011293411254882812,5921.0,0.0,0,0.9654688239097595,506183.71875,5000,1000
othim07,full,1,0,1,0.0008,36.47597223168139,0.42581707239151,223250.78125,36.4602971770762,0.9432699084281921,0.4267817735671997,223756.5625,0.020254135131835938,10619.0,0.008932113647460938,4683.0,0.010389328002929688,5447.0,0.0,0,0.44703590869903564,234375.5625,5000,1000
othim08,full,1,0,1,0.0008,36.65229666205341,0.40276652574539185,211165.65625,36.64328323228214,0.9430286884307861,0.40386518836021423,211741.671875,0.021108627319335938,11067.0,0.008937835693359375,4686.0,0.01123046875,5888.0,0.0,0,0.42497381567955017,222808.671875,5000,1000
othim09,full,1,0,1,0.0008,36.3362456368587,0.44341331720352173,232476.28125,36.325754776228976,0.940931499004364,0.4443255662918091,232954.5625,0.021375656127929688,11207.0,0.008924484252929688,4679.0,0.011383056640625,5968.0,0.0,0,0.46570122241973877,244161.5625,5000,1000
othim10,full,1,0,1,0.0008,35.252005271775516,0.5445914268493652,285522.75,35.24594563002469,0.9206013083457947,0.5448161959648132,285640.59375,0.022436141967773438,11763.0,0.009996414184570312,5241.0,0.01149749755859375,6028.0,0.0,0,0.5672523379325867,297403.59375,5000,1000
othim11,full,1,0,1,0.0008,34.88403613997804,0.6499685049057007,340770.6875,34.869501329496835,0.9240052103996277,0.6507287621498108,341169.28125,0.020895004272460938,10955.0,0.0090179443359375,4728.0,0.010942459106445312,5737.0,0.0,0,0.6716237664222717,352124.28125,5000,1000
othim12,full,1,0,1,0.0008,34.85127916339248,0.6752740144729614,354038.0625,34.8459832800279,0.9272048473358154,0.6757199764251709,354271.875,0.0223236083984375,11704.0,0.009983062744140625,5234.0,0.011266708374023438,5907.0,0.0,0,0.6980435848236084,365975.875,5000,1000
othim13,full,1,0,1,0.0008,36.29504418463856,0.4368640184402466,229042.5625,36.28674971690681,0.9318436980247498,0.4384804368019104,229890.03125,0.0201263427734375,10552.0,0.007846832275390625,4114.0,0.011358261108398438,5955.0,0.0,0,0.4586067795753479,240442.03125,5000,1000
othim14,full,1,0,1,0.0008,36.323478022395655,0.4415375590324402,231492.84375,36.31334903048128,0.9317928552627563,0.44274598360061646,232126.40625,0.019924163818359375,10446.0,0.008882522583007812,4657.0,0.010005950927734375,5246.0,0.0,0,0.46267014741897583,242572.40625,5000,1000
othim15,full,1,0,1,0.0008,36.23296062682281,0.4458565413951874,233757.234375,36.217555483543634,0.9307891726493835,0.44634222984313965,234011.875,0.020112991333007812,10545.0,0.00901031494140625,4724.0,0.010301589965820312,5401.0,0.0,0,0.46645522117614746,244556.875,5000,1000
othim16,full,1,0,1,0.0008,37.12084963501484,0.40130293369293213,210398.3125,37.10375516142344,0.9468339681625366,0.4018765389919281,210699.046875,0.020559310913085938,10779.0,0.009019851684570312,4729.0,0.0106353759765625,5576.0,0.0,0,0.42243584990501404,221478.046875,5000,1000
othim17,full,1,0,1,0.0008,36.94754206577039,0.41356486082077026,216827.09375,36.92026570687051,0.9445273280143738,0.4138258099555969,216963.90625,0.020660400390625,10832.0,0.009922027587890625,5202.0,0.010076522827148438,5283.0,0.0,0,0.4344862103462219,227795.90625,5000,1000
othim18,full,1,0,1,0.0008,37.01812413428436,0.4121898114681244,216106.171875,37.00310321410065,0.9462013244628906,0.4134276211261749,216755.140625,0.02014923095703125,10564.0,0.009044647216796875,4742.0,0.010049819946289062,5269.0,0.0,0,0.4335768520832062,227319.140625,5000,1000
othim19,full,1,0,1,0.0008,34.31046252665734,0.9154239892959595,479945.8125,34.3011381025917,0.9440255165100098,0.9166997671127319,480614.6875,0.020051956176757812,10513.0,0.008642196655273438,4531.0,0.010625839233398438,5571.0,0.0,0,0.9367517232894897,491127.6875,5000,1000
othim20,full,1,0,1,0.0008,34.21998370637149,0.9087895154953003,476467.4375,34.214455919218075,0.940760612487793,0.9098196029663086,477007.5,0.021142959594726562,11085.0,0.008905410766601562,4669.0,0.011415481567382812,5985.0,0.0,0,0.9309625625610352,488092.5,5000,1000
othim21,full,1,0,1,0.0008,34.17927458132494,0.9144682288169861,479444.71875,34.173027143562955,0.9416767954826355,0.9146920442581177,479562.0625,0.022388458251953125,11738.0,0.009944915771484375,5214.0,0.011655807495117188,6111.0,0.0,0,0.9370805025100708,491300.0625,5000,1000
othim22,full,1,0,1,0.0008,35.947727519856535,0.46945083141326904,246127.4375,35.937944865882564,0.9348348379135132,0.4697262942790985,246271.859375,0.02196502685546875,11516.0,0.009813308715820312,5145.0,0.011219024658203125,5882.0,0.0,0,0.49169132113456726,257787.859375,5000,1000
othim23,full,1,0,1,0.0008,35.885783850756674,0.5679444670677185,297766.46875,35.877228741265874,0.9471704363822937,0.5689940452575684,298316.75,0.020620346069335938,10811.0,0.009052276611328125,4746.0,0.010494232177734375,5502.0,0.0,0,0.5896143913269043,309127.75,5000,1000
othim24,full,1,0,1,0.0008,35.14012973597412,0.7452854514122009,390744.21875,35.13392550506915,0.9450990557670593,0.7456263899803162,390922.96875,0.02178192138671875,11420.0,0.009860992431640625,5170.0,0.0109710693359375,5752.0,0.0,0,0.7674083113670349,402342.96875,5000,1000
othim25,full,1,0,1,0.0008,32.8542154747953,0.9495462775230408,497835.71875,32.84902793043194,0.928435742855072,0.9497695565223694,497952.78125,0.021976470947265625,11522.0,0.009828567504882812,5153.0,0.0112152099609375,5880.0,0.0,0,0.971746027469635,509474.78125,5000,1000
othim26,full,1,0,1,0.0008,32.797592532695646,0.9545438289642334,500455.875,32.79280716125203,0.9284273982048035,0.9558349847793579,501132.8125,0.02130889892578125,11172.0,0.008836746215820312,4633.0,0.01152801513671875,6044.0,0.0,0,0.9771438837051392,512304.8125,5000,1000
othim27,full,1,0,1,0.0008,33.21372602194509,0.8563641309738159,448981.4375,33.20441392691652,0.9201769828796387,0.856509268283844,449057.53125,0.020965576171875,10992.0,0.009798049926757812,5137.0,0.010251998901367188,5375.0,0.0,0,0.877474844455719,460049.53125,5000,1000
othim28,full,1,0,1,0.0008,34.76724864386336,0.8706401586532593,456466.1875,34.758734232449804,0.9463326334953308,0.8712477087974548,456784.71875,0.020174026489257812,10577.0,0.00907135009765625,4756.0,0.010320663452148438,5411.0,0.0,0,0.8914217352867126,467361.71875,5000,1000
othim29,full,1,0,1,0.0008,34.90027497143591,0.8159050345420837,427769.21875,34.893194837116255,0.9400970339775085,0.8164305686950684,428044.75,0.020450592041015625,10722.0,0.009075164794921875,4758.0,0.01035308837890625,5428.0,0.0,0,0.836881160736084,438766.75,5000,1000
othim30,full,1,0,1,0.0008,34.6549983153135,0.8719891309738159,457173.4375,34.63960160444072,0.9455534219741821,0.8730924129486084,457751.875,0.020130157470703125,10554.0,0.009052276611328125,4746.0,0.010272979736328125,5386.0,0.0,0,0.8932225704193115,468305.875,5000,1000
othim01,full,1,1,1,0.0006,36.105952392915434,0.6628912687301636,347545.9375,36.100245764814055,0.9379066228866577,0.6639021039009094,348075.90625,0.022678375244140625,11890.0,0.008726119995117188,4575.0,0.013011932373046875,6822.0,0.0,0,0.68658047914505,359965.90625,5000,1000
othim02,full,1,1,1,0.0006,35.926667247268426,0.6724353432655334,352549.78125,35.92096208607679,0.9359082579612732,0.6728107929229736,352746.625,0.023738861083984375,12446.0,0.009822845458984375,5150.0,0.013086318969726562,6861.0,0.0,0,0.696549654006958,365192.625,5000,1000
othim03,full,1,1,1,0.0006,35.69646577239727,0.6885985136032104,361023.9375,35.682059367014936,0.9346789121627808,0.6887704133987427,361114.0625,0.023420333862304688,12279.0,0.009820938110351562,5149.0,0.012786865234375,6704.0,0.0,0,0.7121907472610474,373393.0625,5000,1000
othim04,full,1,1,1,0.0006,34.70237928362943,1.3230597972869873,693664.375,34.69088395812196,0.9577203989028931,1.3245446681976318,694442.875,0.021821975708007812,11441.0,0.008798599243164062,4613.0,0.012109756469726562,6349.0,0.0,0,1.3463666439056396,705883.875,5000,1000
othim05,full,1,1,1,0.0006,35.431400677285055,1.1034924983978271,578547.875,35.42864122435279,0.952204167842865,1.1036930084228516,578653.0,0.0249481201171875,13080.0,0.009782791137695312,5129.0,0.014232635498046875,7462.0,0.0,0,1.128641128540039,591733.0,5000,1000
othim06,full,1,1,1,0.0006,35.28985486322719,1.076673984527588,564487.25,35.280891020377666,0.9503412246704102,1.0776976346969604,565023.9375,0.022516250610351562,11805.0,0.008760452270507812,4593.0,0.0129547119140625,6792.0,0.0,0,1.100213885307312,576828.9375,5000,1000
othim07,full,1,1,1,0.0006,37.16218583542892,0.4992757737636566,261764.296875,37.13915570169193,0.9490923285484314,0.49965396523475647,261962.578125,0.021999359130859375,11534.0,0.009885787963867188,5183.0,0.011178970336914062,5861.0,0.0,0,0.5216533243656158,273496.578125,5000,1000
othim08,full,1,1,1,0.0006,37.180321783477275,0.4670613408088684,244874.65625,37.17604009829244,0.9477224349975586,0.46756911277770996,245140.875,0.025409698486328125,13322.0,0.0099029541015625,5192.0,0.01432037353515625,7508.0,0.0,0,0.4929788112640381,258462.875,5000,1000
othim09,full,1,1,1,0.0006,37.24107017234973,0.4801531732082367,251738.546875,37.23190251565676,0.9480241537094116,0.4811425507068634,252257.265625,0.022785186767578125,11946.0,0.008640289306640625,4530.0,0.013189315795898438,6915.0,0.0,0,0.5039277374744415,264203.265625,5000,1000
othim10,full,1,1,1,0.0006,35.94418045845042,0.6397002935409546,335387.1875,35.94155454351568,0.9309170246124268,0.6398940086364746,335488.75,0.023431777954101562,12285.0,0.009746551513671875,5110.0,0.012639999389648438,6627.0,0.0,0,0.6633257865905762,347773.75,5000,1000
othim11,full,1,1,1,0.0006,36.01102693526421,0.7382889986038208,387076.0625,36.00652362286592,0.9384903907775879,0.7406787872314453,388329.0,0.021596908569335938,11323.0,0.0078887939453125,4136.0,0.012767791748046875,6694.0,0.0,0,0.7622756958007812,399652.0,5000,1000
othim12,full,1,1,1,0.0006,35.86128323581988,0.7643362283706665,400732.3125,35.84300004687955,0.9402108192443848,0.7653307914733887,401253.75,0.021312713623046875,11174.0,0.008861541748046875,4646.0,0.011632919311523438,6099.0,0.0,0,0.7866435050964355,412427.75,5000,1000
othim13,full,1,1,1,0.0006,37.014211634038624,0.5009331703186035,262633.25,36.99433173270723,0.9398511648178101,0.5023401379585266,263370.90625,0.021116256713867188,11071.0,0.008836746215820312,4633.0,0.011407852172851562,5981.0,0.0,0,0.5234563946723938,274441.90625,5000,1000
othim14,full,1,1,1,0.0006,36.95994356256111,0.5174069404602051,271270.25,36.93674289904092,0.9388262629508972,0.5181423425674438,271655.8125,0.02140045166015625,11220.0,0.008882522583007812,4657.0,0.01174163818359375,6156.0,0.0,0,0.5395427942276001,282875.8125,5000,1000
othim15,full,1,1,1,0.0006,36.96388017738382,0.5186646580696106,271929.65625,36.94857776184957,0.9399557113647461,0.5191850662231445,272202.5,0.0222930908203125,11688.0,0.009778976440429688,5127.0,0.01149749755859375,6028.0,0.0,0,0.541478157043457,283890.5,5000,1000
othim16,full,1,1,1,0.0006,37.87615231654732,0.4526247978210449,237305.75,37.85869363336589,0.9526305198669434,0.45362648367881775,237830.921875,0.0215606689453125,11304.0,0.0089111328125,4672.0,0.011739730834960938,6155.0,0.0,0,0.47518715262413025,249134.921875,5000,1000
othim17,full,1,1,1,0.0006,37.75952719815948,0.47445207834243774,248749.53125,37.73191266862391,0.9517883062362671,0.4747045338153839,248881.890625,0.022777557373046875,11942.0,0.009853363037109375,5166.0,0.012025833129882812,6305.0,0.0,0,0.4974820911884308,260823.890625,5000,1000
othim18,full,1,1,1,0.0006,37.72883443746256,0.46490728855133057,243745.3125,37.71572916121696,0.9520354270935059,0.46569108963012695,244156.25,0.021636962890625,11344.0,0.0088653564453125,4648.0,0.011747360229492188,6159.0,0.0,0,0.48732805252075195,255500.25,5000,1000
othim19,full,1,1,1,0.0006,35.203951720509146,1.0206408500671387,535109.75,35.188341905642915,0.9533316493034363,1.021346926689148,535479.9375,0.020864486694335938,10939.0,0.008604049682617188,4511.0,0.011455535888671875,6006.0,0.0,0,1.0422114133834839,546418.9375,5000,1000
othim20,full,1,1,1,0.0006,35.214097897199004,1.023066520690918,536381.5,35.2109097192559,0.9518970251083374,1.0232739448547363,536490.25,0.024263381958007812,12721.0,0.009746551513671875,5110.0,0.013353347778320312,7001.0,0.0,0,1.0475373268127441,549211.25,5000,1000
othim21,full,1,1,1,0.0006,35.225189431445884,1.0372345447540283,543809.625,35.21000324575919,0.9530546069145203,1.038124918937683,544276.4375,0.021396636962890625,11218.0,0.00867462158203125,4548.0,0.011930465698242188,6255.0,0.0,0,1.0595215559005737,555494.4375,5000,1000
othim22,full,1,1,1,0.0006,36.61097780531733,0.548841118812561,287750.8125,36.58550403361664,0.9414350390434265,0.5501711368560791,288448.125,0.021516799926757812,11281.0,0.008768081665039062,4597.0,0.01184844970703125,6212.0,0.0,0,0.5716879367828369,299729.125,5000,1000
othim23,full,1,1,1,0.0006,36.639404752836924,0.6665586829185486,349468.71875,36.62792856830612,0.9525935649871826,0.6673688292503357,349893.46875,0.024015426635742188,12591.0,0.01004791259765625,5268.0,0.012996673583984375,6814.0,0.0,0,0.6913842558860779,362484.46875,5000,1000
othim24,full,1,1,1,0.0006,36.028282952925025,0.8233603239059448,431677.9375,36.012567997276335,0.9509360790252686,0.8236275911331177,431818.0625,0.02297210693359375,12044.0,0.009935379028320312,5209.0,0.012115478515625,6352.0,0.0,0,0.8465996980667114,443862.0625,5000,1000
othim25,full,1,1,1,0.0006,33.52516499866473,1.0738930702209473,563029.25,33.51455818618809,0.9384105205535889,1.0744991302490234,563347.0,0.022397994995117188,11743.0,0.009616851806640625,5042.0,0.011934280395507812,6257.0,0.0,0,1.0968971252441406,575090.0,5000,1000
othim26,full,1,1,1,0.0006,33.45437042852744,1.0904676914215088,571719.125,33.447027965024674,0.9376050233840942,1.0907742977142334,571879.875,0.023515701293945312,12329.0,0.009790420532226562,5133.0,0.012792587280273438,6707.0,0.0,0,1.1142899990081787,584208.875,5000,1000
othim27,full,1,1,1,0.0006,33.86149917672525,0.9708530902862549,509006.625,33.854740693137934,0.9301106333732605,0.9711775779724121,509176.75,0.022747039794921875,11926.0,0.009983062744140625,5234.0,0.011713027954101562,6141.0,0.0,0,0.993924617767334,521102.75,5000,1000
othim28,full,1,1,1,0.0006,35.64623282018792,0.9599837064743042,503307.9375,35.63903659318087,0.9535974860191345,0.9605075120925903,503582.5625,0.023935317993164062,12549.0,0.00980377197265625,5140.0,0.013345718383789062,6997.0,0.0,0,0.9844428300857544,516131.5625,5000,1000
othim29,full,1,1,1,0.0006,35.79640375218576,0.9073691964149475,475722.78125,35.788722143957465,0.9485732316970825,0.9081791639328003,476147.4375,0.021717071533203125,11386.0,0.008958816528320312,4697.0,0.01187896728515625,6228.0,0.0,0,0.9298962354660034,487533.4375,5000,1000
othim30,full,1,1,1,0.0006,35.634678367025295,0.989119291305542,518583.375,35.618810495571296,0.9536226987838745,0.9901430606842041,519120.125,0.021327972412109375,11182.0,0.008836746215820312,4633.0,0.011592864990234375,6078.0,0.0,0,1.0114710330963135,530302.125,5000,1000
othim01,full,1,1,1,0.0008,35.343368500658066,0.5835309624671936,305938.28125,35.339580139269884,0.9298596382141113,0.5844277739524841,306408.46875,0.023012161254882812,12065.0,0.008840560913085938,4635.0,0.013116836547851562,6877.0,0.0,0,0.6074399352073669,318473.46875,5000,1000
othim02,full,1,1,1,0.0008,35.10011663908141,0.5810685157775879,304647.25,35.09454353068367,0.9271235466003418,0.5820927023887634,305184.21875,0.022687911987304688,11895.0,0.008726119995117188,4575.0,0.013025283813476562,6829.0,0.0,0,0.6047806143760681,317079.21875,5000,1000
othim03,full,1,1,1,0.0008,35.01990488224238,0.5865289568901062,307510.09375,34.99015834499179,0.9256658554077148,0.5877794027328491,308165.6875,0.021196365356445312,11113.0,0.008823394775390625,4626.0,0.011592864990234375,6078.0,0.0,0,0.6089757680892944,319278.6875,5000,1000
othim04,full,1,1,1,0.0008,33.649569206073245,1.2086448669433594,633678.0,33.64102236924602,0.9478254318237305,1.2091481685638428,633941.875,0.022609710693359375,11854.0,0.009691238403320312,5081.0,0.011888504028320312,6233.0,0.0,0,1.2317578792572021,645795.875,5000,1000
othim05,full,1,1,1,0.0008,34.36020573182228,0.975355863571167,511367.375,34.34277883180769,0.9405585527420044,0.9760123491287231,511711.5625,0.022012710571289062,11541.0,0.008878707885742188,4655.0,0.012090682983398438,6339.0,0.0,0,0.9980250597000122,523252.5625,5000,1000
othim06,full,1,1,1,0.0008,34.29139601440053,0.9569641351699829,501724.8125,34.28548709330732,0.9386540651321411,0.9573128819465637,501907.65625,0.023714065551757812,12433.0,0.009771347045898438,5123.0,0.013132095336914062,6885.0,0.0,0,0.9810269474983215,514340.65625,5000,1000
othim07,full,1,1,1,0.0008,36.44130326648361,0.43390342593193054,227490.359375,36.41889976871507,0.9435242414474487,0.43466728925704956,227890.84375,0.021381378173828125,11210.0,0.008817672729492188,4623.0,0.011631011962890625,6098.0,0.0,0,0.4560486674308777,239100.84375,5000,1000
othim08,full,1,1,1,0.0008,36.4995490748725,0.4071541726589203,213466.046875,36.487292937844565,0.9425046443939209,0.40803980827331543,213930.375,0.022573471069335938,11835.0,0.008792877197265625,4610.0,0.012933731079101562,6781.0,0.0,0,0.43061327934265137,225765.375,5000,1000
othim09,full,1,1,1,0.0008,36.528452616201804,0.4283767342567444,224592.78125,36.4813776245075,0.9421891570091248,0.42883968353271484,224835.5,0.020908355712890625,10962.0,0.0096893310546875,5080.0,0.010271072387695312,5385.0,0.0,0,0.44974803924560547,235797.5,5000,1000
othim10,full,1,1,1,0.0008,35.25377960795664,0.5438196659088135,285118.125,35.24637091821133,0.9201118350028992,0.5446107387542725,285532.875,0.022874832153320312,11993.0,0.00899505615234375,4716.0,0.01282501220703125,6724.0,0.0,0,0.5674855709075928,297525.875,5000,1000
othim11,full,1,1,1,0.0008,35.10187353757461,0.6311869621276855,330923.75,35.08041877182054,0.9263838529586792,0.6316107511520386,331145.9375,0.021137237548828125,11082.0,0.00899505615234375,4716.0,0.0112152099609375,5880.0,0.0,0,0.6527479887008667,342227.9375,5000,1000
othim12,full,1,1,1,0.0008,34.83868545057209,0.6769561767578125,354920.0,34.82615038174722,0.926842212677002,0.6773736476898193,355138.875,0.021581649780273438,11315.0,0.008878707885742188,4655.0,0.01178741455078125,6180.0,0.0,0,0.6989552974700928,366453.875,5000,1000
othim13,full,1,1,1,0.0008,36.29037459263576,0.42697787284851074,223859.375,36.28215352062865,0.9320374727249146,0.4282763600349426,224540.15625,0.021806716918945312,11433.0,0.008899688720703125,4666.0,0.011890411376953125,6234.0,0.0,0,0.45008307695388794,235973.15625,5000,1000
othim14,full,1,1,1,0.0008,36.17118261091006,0.436056911945343,228619.40625,36.15107583890784,0.9307872653007507,0.4368635416030884,229042.3125,0.021398544311523438,11219.0,0.008831024169921875,4630.0,0.01165771484375,6112.0,0.0,0,0.4582620859146118,240261.3125,5000,1000
othim15,full,1,1,1,0.0008,36.18829980070709,0.4457259774208069,233688.78125,36.174717220066334,0.9313527345657349,0.44781285524368286,234782.90625,0.020105361938476562,10541.0,0.0076885223388671875,4031.0,0.011501312255859375,6030.0,0.0,0,0.4679182171821594,245323.90625,5000,1000
othim16,full,1,1,1,0.0008,37.05288970103684,0.3946577310562134,206914.3125,37.023415964816884,0.9462475180625916,0.39513474702835083,207164.40625,0.02164459228515625,11348.0,0.008966445922851562,4701.0,0.011774063110351562,6173.0,0.0,0,0.4167793393135071,218512.40625,5000,1000
othim17,full,1,1,1,0.0008,37.035445630731594,0.40302154421806335,211299.359375,37.02372375955511,0.9461187124252319,0.4037555158138275,211684.171875,0.021444320678710938,11243.0,0.008874893188476562,4653.0,0.011541366577148438,6051.0,0.0,0,0.42519983649253845,222927.171875,5000,1000
othim18,full,1,1,1,0.0008,37.0639279050393,0.4089556336402893,214410.53125,37.039314865204524,0.9460363388061523,0.40924742817878723,214563.515625,0.02231597900390625,11700.0,0.009914398193359375,5198.0,0.011487960815429688,6023.0,0.0,0,0.4315634071826935,226263.515625,5000,1000
othim19,full,1,1,1,0.0008,34.25204013969173,0.8997399806976318,471722.875,34.23318545118165,0.9433623552322388,0.9006436467170715,472196.65625,0.021249771118164062,11141.0,0.008869171142578125,4650.0,0.011720657348632812,6145.0,0.0,0,0.9218934178352356,483337.65625,5000,1000
othim20,full,1,1,1,0.0008,34.16727657385342,0.9039841890335083,473948.0625,34.15783842699452,0.9411396384239197,0.904273271560669,474099.625,0.022838592529296875,11974.0,0.009830474853515625,5154.0,0.012079238891601562,6333.0,0.0,0,0.9271118640899658,486073.625,5000,1000
othim21,full,1,1,1,0.0008,34.20248916196044,0.9105867743492126,477409.71875,34.18964983248837,0.9419543147087097,0.9116475582122803,477965.875,0.021457672119140625,11250.0,0.008955001831054688,4695.0,0.011709213256835938,6139.0,0.0,0,0.9331052303314209,489215.875,5000,1000
othim22,full,1,1,1,0.0008,35.799188097341435,0.4776279926300049,250414.625,35.79283586574114,0.9323596954345703,0.4782120883464813,250720.859375,0.02392578125,12544.0,0.010042190551757812,5265.0,0.01270294189453125,6660.0,0.0,0,0.5021378695964813,263264.859375,5000,1000
othim23,full,1,1,1,0.0008,35.747259187733505,0.5750762224197388,301505.5625,35.7279162447168,0.9461545348167419,0.5759247541427612,301950.4375,0.021577835083007812,11313.0,0.0089111328125,4672.0,0.01171112060546875,6140.0,0.0,0,0.597502589225769,313263.4375,5000,1000
othim24,full,1,1,1,0.0008,35.084266871010776,0.7336603403091431,384649.3125,35.07508770692734,0.9449005126953125,0.7344549894332886,385065.9375,0.0233917236328125,12264.0,0.008981704711914062,4709.0,0.013240814208984375,6942.0,0.0,0,0.7578467130661011,397329.9375,5000,1000
othim25,full,1,1,1,0.0008,32.84450975628507,0.9514061212539673,498810.8125,32.82750690461314,0.9290380477905273,0.9525402784347534,499405.4375,0.02053070068359375,10764.0,0.00885772705078125,4644.0,0.0108642578125,5696.0,0.0,0,0.9730709791183472,510169.4375,5000,1000
othim26,full,1,1,1,0.0008,32.80230857047044,0.9582781195640564,502413.71875,32.79317033071225,0.928801953792572,0.9595109820365906,503060.09375,0.02117919921875,11104.0,0.008777618408203125,4602.0,0.011358261108398438,5955.0,0.0,0,0.9806901812553406,514164.09375,5000,1000
othim27,full,1,1,1,0.0008,33.17123345019644,0.8381755948066711,439445.40625,33.164269008093974,0.9191276431083679,0.8387514352798462,439747.3125,0.023748397827148438,12451.0,0.0098114013671875,5144.0,0.01300048828125,6816.0,0.0,0,0.8624998331069946,452198.3125,5000,1000
othim28,full,1,1,1,0.0008,34.768012016903675,0.8704478144645691,456365.34375,34.763579347076316,0.946537435054779,0.8710613250732422,456687.0,0.021818161010742188,11439.0,0.008966445922851562,4701.0,0.011835098266601562,6205.0,0.0,0,0.8928794860839844,468126.0,5000,1000
othim29,full,1,1,1,0.0008,34.91242636787122,0.8289291858673096,434597.625,34.90136980954757,0.9395729899406433,0.8291007280349731,434687.5625,0.02230072021484375,11692.0,0.009946823120117188,5215.0,0.0115814208984375,6072.0,0.0,0,0.8514014482498169,446379.5625,5000,1000
othim30,full,1,1,1,0.0008,34.73639440590977,0.8823258280754089,462592.84375,34.72113579076923,0.9458679556846619,0.8828153610229492,462849.5,0.02132415771484375,11180.0,0.008813858032226562,4621.0,0.011602401733398438,6083.0,0.0,0,0.904139518737793,474029.5,5000,1000
othim01,erp,0,0,1,0.0006,35.45152233072181,0.6011195778846741,315159.78125,35.44140447778407,0.9326043128967285,0.6024425029754639,315853.375,0.021526336669921875,11286.0,0.00881195068359375,4620.0,0.011629104614257812,6097.0,0.0,0,0.6239688396453857,327139.375,5000,1000
othim02,erp,0,0,1,0.0006,35.40377322236024,0.6261047720909119,328259.21875,35.396726508267264,0.9321091175079346,0.6267973184585571,328622.3125,0.02127838134765625,11156.0,0.008890151977539062,4661.0,0.011571884155273438,6067.0,0.0,0,0.6480756998062134,339778.3125,5000,1000
othim03,erp,0,0,1,0.0006,35.229149068365366,0.6492916941642761,340415.84375,35.217836352978736,0.9289268255233765,0.6496037244796753,340579.4375,0.020854949951171875,10934.0,0.009706497192382812,5089.0,0.010227203369140625,5362.0,0.0,0,0.6704586744308472,351513.4375,5000,1000
othim04,erp,0,0,1,0.0006,34.21518437699708,1.2883119583129883,675446.5,34.20972812463207,0.9538423418998718,1.289318323135376,675974.125,0.021223068237304688,11127.0,0.008649826049804688,4535.0,0.011529922485351562,6045.0,0.0,0,1.3105413913726807,687101.125,5000,1000
othim05,erp,0,0,1,0.0006,34.68059150446229,1.1073479652404785,580569.25,34.67777564864761,0.9445903301239014,1.107574224472046,580687.875,0.021947860717773438,11507.0,0.00974273681640625,5108.0,0.011285781860351562,5917.0,0.0,0,1.1295220851898193,592194.875,5000,1000
othim06,erp,0,0,1,0.0006,34.681192160382984,1.0904316902160645,571700.25,34.675069072973066,0.9439069032669067,1.0916411876678467,572334.375,0.02053070068359375,10764.0,0.008718490600585938,4571.0,0.010889053344726562,5709.0,0.0,0,1.1121718883514404,583098.375,5000,1000
othim07,erp,0,0,1,0.0006,36.46434001203475,0.44620949029922485,233942.28125,36.4580884900169,0.9446712732315063,0.44672298431396484,234211.5,0.022462844848632812,11777.0,0.0098876953125,5184.0,0.01149749755859375,6028.0,0.0,0,0.46918582916259766,245988.5,5000,1000
othim08,erp,0,0,1,0.0006,36.63460822130177,0.4115678071975708,215780.0625,36.63191079888227,0.9449199438095093,0.41230809688568115,216168.1875,0.021465301513671875,11254.0,0.008878707885742188,4655.0,0.01165771484375,6112.0,0.0,0,0.433773398399353,227422.1875,5000,1000
othim09,erp,0,0,1,0.0006,36.4368615877054,0.4597022533416748,241016.375,36.429923656839776,0.9436818957328796,0.45998358726501465,241163.875,0.022531509399414062,11813.0,0.009981155395507812,5233.0,0.011720657348632812,6145.0,0.0,0,0.4825150966644287,252976.875,5000,1000
othim10,erp,0,0,1,0.0006,35.0861363009154,0.5743760466575623,301138.46875,35.07880191279559,0.9191843271255493,0.5753941535949707,301672.25,0.020303726196289062,10645.0,0.0086517333984375,4536.0,0.0106201171875,5568.0,0.0,0,0.5956978797912598,312317.25,5000,1000
othim11,erp,0,0,1,0.0006,35.17821150666011,0.6427966356277466,337010.5625,35.171749888742504,0.9259800910949707,0.6436420679092407,337453.8125,0.02114105224609375,11084.0,0.008680343627929688,4551.0,0.011526107788085938,6043.0,0.0,0,0.6647831201553345,348537.8125,5000,1000
othim12,erp,0,0,1,0.0006,34.96969199451538,0.7159160375595093,375346.1875,34.963341577387496,0.9284968376159668,0.7164342999458313,375617.90625,0.020923614501953125,10970.0,0.008861541748046875,4646.0,0.011112213134765625,5826.0,0.0,0,0.7373579144477844,386587.90625,5000,1000
othim13,erp,0,0,1,0.0006,36.31774342113372,0.48313289880752563,253300.78125,36.30551759467878,0.936165452003479,0.48392927646636963,253718.3125,0.020193099975585938,10587.0,0.00885009765625,4640.0,0.010318756103515625,5410.0,0.0,0,0.5041223764419556,264305.3125,5000,1000
othim14,erp,0,0,1,0.0006,36.487414867910694,0.4642762839794159,243414.484375,36.472240601193974,0.9378452301025391,0.46493077278137207,243757.625,0.02062225341796875,10812.0,0.00896453857421875,4700.0,0.010637283325195312,5577.0,0.0,0,0.4855530261993408,254569.625,5000,1000
othim15,erp,0,0,1,0.0006,36.31049379186759,0.4800555109977722,251687.34375,36.294123064121514,0.9361482858657837,0.4818425178527832,252624.25,0.01983642578125,10400.0,0.008089065551757812,4241.0,0.0106964111328125,5608.0,0.0,0,0.5016789436340332,263024.25,5000,1000
othim16,erp,0,0,1,0.0006,37.00680999624089,0.41684114933013916,218544.8125,37.00159381437356,0.9469585418701172,0.4176323413848877,218959.625,0.021291732788085938,11163.0,0.00888824462890625,4660.0,0.011486053466796875,6022.0,0.0,0,0.43892407417297363,230122.625,5000,1000
othim17,erp,0,0,1,0.0006,37.11621264279116,0.4280740022659302,224434.0625,37.10262609861829,0.9468724131584167,0.42862117290496826,224720.9375,0.020189285278320312,10585.0,0.00882720947265625,4628.0,0.010555267333984375,5534.0,0.0,0,0.4488104581832886,235305.9375,5000,1000
othim18,erp,0,0,1,0.0006,37.01389197184809,0.43947452306747437,230411.21875,37.00297034502407,0.9462540149688721,0.44033825397491455,230864.0625,0.021062850952148438,11043.0,0.008825302124023438,4627.0,0.011444091796875,6000.0,0.0,0,0.461401104927063,241907.0625,5000,1000
othim19,erp,0,0,1,0.0006,34.65712229675848,1.0142090320587158,531737.625,34.65335269596726,0.9487795829772949,1.0153632164001465,532342.75,0.021364212036132812,11201.0,0.008640289306640625,4530.0,0.011814117431640625,6194.0,0.0,0,1.0367274284362793,543543.75,5000,1000
othim20,erp,0,0,1,0.0006,34.51045054696256,1.0138578414916992,531553.5,34.502293329211994,0.9458977580070496,1.0149955749511719,532150.0,0.020816802978515625,10914.0,0.00881195068359375,4620.0,0.010951995849609375,5742.0,0.0,0,1.0358123779296875,543064.0,5000,1000
othim21,erp,0,0,1,0.0006,34.5355669946667,1.0703818798065186,561188.375,34.53196867933959,0.9454455375671387,1.0712270736694336,561631.5,0.022027969360351562,11549.0,0.00982666015625,5152.0,0.011396408081054688,5975.0,0.0,0,1.0932550430297852,573180.5,5000,1000
othim22,erp,0,0,1,0.0006,36.1547031918713,0.5173938870429993,271263.40625,36.152505444968995,0.9356790781021118,0.5186213254928589,271906.9375,0.022296905517578125,11690.0,0.008859634399414062,4645.0,0.012508392333984375,6558.0,0.0,0,0.540918231010437,283596.9375,5000,1000
othim23,erp,0,0,1,0.0006,35.9303370615005,0.6219782829284668,326095.75,35.90900366116895,0.9461328387260437,0.623062252998352,326664.0625,0.020624160766601562,10813.0,0.008752822875976562,4589.0,0.011014938354492188,5775.0,0.0,0,0.6436864137649536,337477.0625,5000,1000
othim24,erp,0,0,1,0.0006,35.528143107616124,0.7807148098945618,409319.40625,35.52445861608686,0.9484338760375977,0.781104326248169,409523.625,0.023557662963867188,12351.0,0.009954452514648438,5219.0,0.012662887573242188,6639.0,0.0,0,0.8046619892120361,421874.625,5000,1000
othim25,erp,0,0,1,0.0006,33.07833492869883,1.0566496849060059,553988.75,33.07525636294087,0.9346133470535278,1.0571212768554688,554236.0,0.021183013916015625,11106.0,0.008794784545898438,4611.0,0.011447906494140625,6002.0,0.0,0,1.0783042907714844,565342.0,5000,1000
othim26,erp,0,0,1,0.0006,33.14346390815721,1.0396902561187744,545097.125,33.14086629322912,0.9359531402587891,1.0410306453704834,545799.875,0.021696090698242188,11375.0,0.008825302124023438,4627.0,0.011926651000976562,6253.0,0.0,0,1.0627267360687256,557174.875,5000,1000
othim27,erp,0,0,1,0.0006,33.26856945845051,0.9189430475234985,481790.8125,33.26419734921236,0.9263536334037781,0.9201622009277344,482430.0,0.021036148071289062,11029.0,0.008701324462890625,4562.0,0.011280059814453125,5914.0,0.0,0,0.9411983489990234,493459.0,5000,1000
othim28,erp,0,0,1,0.0006,34.98793516695001,0.9457946419715881,495868.78125,34.98400886500688,0.949206531047821,0.9462356567382812,496100.0,0.021953582763671875,11510.0,0.0096282958984375,5048.0,0.011533737182617188,6047.0,0.0,0,0.9681892395019531,507610.0,5000,1000
othim29,erp,0,0,1,0.0006,35.295088915747556,0.8714345693588257,456882.6875,35.28092843787403,0.9429799318313599,0.8720663785934448,457213.9375,0.020269393920898438,10627.0,0.0089569091796875,4696.0,0.010408401489257812,5457.0,0.0,0,0.8923357725143433,467840.9375,5000,1000
othim30,erp,0,0,1,0.0006,35.04539780337932,0.9671825170516968,507082.1875,35.03632501635779,0.9490601420402527,0.967837929725647,507425.8125,0.019727706909179688,10343.0,0.008653640747070312,4537.0,0.010284423828125,5392.0,0.0,0,0.9875656366348267,517768.8125,5000,1000
othim01,erp,0,0,1,0.0008,34.62192646977517,0.5264816284179688,276028.0,34.60477889458653,0.9234186410903931,0.5271159410476685,276360.5625,0.020458221435546875,10726.0,0.009019851684570312,4729.0,0.010606765747070312,5561.0,0.0,0,0.5475741624832153,287086.5625,5000,1000
othim02,erp,0,0,1,0.0008,34.57960678708135,0.5427075624465942,284535.0625,34.566364452624846,0.9221794009208679,0.5439606308937073,285192.03125,0.02024078369140625,10612.0,0.008810043334960938,4619.0,0.010364532470703125,5434.0,0.0,0,0.5642014145851135,295804.03125,5000,1000
othim03,erp,0,0,1,0.0008,34.49537248137059,0.554015576839447,290463.71875,34.492669174621874,0.9208804965019226,0.5543594360351562,290644.0,0.022207260131835938,11643.0,0.009799957275390625,5138.0,0.01134490966796875,5948.0,0.0,0,0.5765666961669922,302287.0,5000,1000
othim04,erp,0,0,1,0.0008,33.16973249407658,1.135801076889038,595486.875,33.166174211295264,0.9419472217559814,1.1362193822860718,595706.1875,0.022369384765625,11728.0,0.009815216064453125,5146.0,0.011623382568359375,6094.0,0.0,0,1.1585887670516968,607434.1875,5000,1000
othim05,erp,0,0,1,0.0008,33.6962611887079,0.9335024356842041,489424.125,33.6915985053348,0.9320727586746216,0.934005618095398,489687.9375,0.021257400512695312,11145.0,0.0088043212890625,4616.0,0.011404037475585938,5979.0,0.0,0,0.9552630186080933,500832.9375,5000,1000
othim06,erp,0,0,1,0.0008,33.73203229387171,0.9041630029678345,474041.8125,33.72735284377368,0.9316545724868774,0.90486741065979,474411.125,0.021066665649414062,11045.0,0.008785247802734375,4606.0,0.011350631713867188,5951.0,0.0,0,0.9259340763092041,485456.125,5000,1000
othim07,erp,0,0,1,0.0008,35.69923822351946,0.38663455843925476,202707.859375,35.68633895724785,0.9384059906005859,0.3880302906036377,203439.625,0.020265579223632812,10625.0,0.008848190307617188,4639.0,0.01045989990234375,5484.0,0.0,0,0.4082958698272705,214064.625,5000,1000
othim08,erp,0,0,1,0.0008,35.759668120577686,0.3596971929073334,188584.921875,35.74708778214936,0.9378902316093445,0.36014145612716675,188817.84375,0.021303176879882812,11169.0,0.009922027587890625,5202.0,0.010324478149414062,5413.0,0.0,0,0.38144463300704956,199986.84375,5000,1000
othim09,erp,0,0,1,0.0008,35.58141806709259,0.3979000449180603,208614.21875,35.57426505601891,0.9352337718009949,0.3982812166213989,208814.0625,0.02246856689453125,11780.0,0.009857177734375,5168.0,0.011663436889648438,6115.0,0.0,0,0.4207497835159302,220594.0625,5000,1000
othim10,erp,0,0,1,0.0008,34.12583952592962,0.46449244022369385,243527.8125,34.122600918968324,0.9017380475997925,0.46533381938934326,243968.9375,0.021345138549804688,11191.0,0.008747100830078125,4586.0,0.011537551879882812,6049.0,0.0,0,0.48667895793914795,255159.9375,5000,1000
othim11,erp,0,0,1,0.0008,34.091473838307905,0.5504999756813049,288620.53125,34.0804714308785,0.909568190574646,0.5516452789306641,289221.0,0.02056884765625,10784.0,0.008863449096679688,4647.0,0.010509490966796875,5510.0,0.0,0,0.5722141265869141,300005.0,5000,1000
othim12,erp,0,0,1,0.0008,34.041212730597074,0.607524037361145,318517.5625,34.03801191794853,0.9126478433609009,0.607913076877594,318721.53125,0.022281646728515625,11682.0,0.009817123413085938,5147.0,0.011547088623046875,6054.0,0.0,0,0.6301947236061096,330403.53125,5000,1000
othim13,erp,0,0,1,0.0008,35.61066148544888,0.4018040895462036,210661.0625,35.604765079574825,0.9287959337234497,0.40303003787994385,211303.8125,0.021053314208984375,11038.0,0.0088348388671875,4632.0,0.011438369750976562,5997.0,0.0,0,0.4240833520889282,222341.8125,5000,1000
othim14,erp,0,0,1,0.0008,35.69697979634848,0.3996132016181946,209512.40625,35.68764459792812,0.9296950697898865,0.39974039793014526,209579.09375,0.021656036376953125,11354.0,0.009992599487304688,5239.0,0.0106201171875,5568.0,0.0,0,0.4213964343070984,220933.09375,5000,1000
othim15,erp,0,0,1,0.0008,35.47582020161576,0.4141145944595337,217115.3125,35.4635934298906,0.927698016166687,0.41441625356674194,217273.46875,0.021436691284179688,11239.0,0.009885787963867188,5183.0,0.01062774658203125,5572.0,0.0,0,0.43585294485092163,228512.46875,5000,1000
othim16,erp,0,0,1,0.0008,36.20769663841373,0.3821880519390106,200376.609375,36.18765444293123,0.9391728639602661,0.38344624638557434,201036.265625,0.02053070068359375,10764.0,0.008951187133789062,4693.0,0.010656356811523438,5587.0,0.0,0,0.4039769470691681,211800.265625,5000,1000
othim17,erp,0,0,1,0.0008,36.13391027288083,0.3747619092464447,196483.171875,36.12539038900795,0.9389998912811279,0.37581557035446167,197035.59375,0.02135467529296875,11196.0,0.0089111328125,4672.0,0.0116424560546875,6104.0,0.0,0,0.3971702456474304,208231.59375,5000,1000
othim18,erp,0,0,1,0.0008,36.22238314474759,0.3697059750556946,193832.40625,36.202276762005944,0.9396525621414185,0.37091296911239624,194465.21875,0.0204925537109375,10744.0,0.008731842041015625,4578.0,0.010843276977539062,5685.0,0.0,0,0.39140552282333374,205209.21875,5000,1000
othim19,erp,0,0,1,0.0008,33.69981219181326,0.8900222778320312,466628.0,33.67577875862716,0.9374406337738037,0.890484094619751,466870.125,0.02036285400390625,10676.0,0.009908676147460938,5195.0,0.0095367431640625,5000.0,0.0,0,0.9108469486236572,477546.125,5000,1000
othim20,erp,0,0,1,0.0008,33.71419628908287,0.8856431245803833,464332.0625,33.70833104946262,0.9352620840072632,0.8860012292861938,464519.8125,0.021839141845703125,11450.0,0.009883880615234375,5182.0,0.011053085327148438,5795.0,0.0,0,0.907840371131897,475969.8125,5000,1000
othim21,erp,0,0,1,0.0008,33.606057910242214,0.9090796709060669,476619.5625,33.60209866139517,0.9351751208305359,0.9098073840141296,477001.09375,0.020320892333984375,10654.0,0.008817672729492188,4623.0,0.010576248168945312,5545.0,0.0,0,0.930128276348114,487655.09375,5000,1000
othim22,erp,0,0,1,0.0008,35.348884186638735,0.4702818989753723,246563.15625,35.34071743372997,0.9272820949554443,0.47176653146743774,247341.53125,0.021030426025390625,11026.0,0.008602142333984375,4510.0,0.011373519897460938,5963.0,0.0,0,0.49279695749282837,258367.53125,5000,1000
othim23,erp,0,0,1,0.0008,35.06418734867182,0.5271860361099243,276397.3125,35.05708712460544,0.9394170641899109,0.5273253321647644,276470.34375,0.022844314575195312,11977.0,0.009950637817382812,5217.0,0.011793136596679688,6183.0,0.0,0,0.5501696467399597,288447.34375,5000,1000
othim24,erp,0,0,1,0.0008,34.605789784887044,0.6800097823143005,356520.96875,34.59254978155781,0.941318929195404,0.6805016994476318,356778.875,0.021558761596679688,11303.0,0.010013580322265625,5250.0,0.010471343994140625,5490.0,0.0,0,0.7020604610443115,368081.875,5000,1000
othim25,erp,0,0,1,0.0008,32.33004692102131,0.9140310883522034,479215.53125,32.3273260504779,0.9247342944145203,0.9149751663208008,479710.5,0.02161407470703125,11332.0,0.008846282958984375,4638.0,0.011819839477539062,6197.0,0.0,0,0.936589241027832,491042.5,5000,1000
othim26,erp,0,0,1,0.0008,32.37819477832995,0.9053844809532166,474682.21875,32.36906337568028,0.9263161420822144,0.9062212705612183,475120.9375,0.020494461059570312,10745.0,0.008920669555664062,4677.0,0.010646820068359375,5582.0,0.0,0,0.9267157316207886,485865.9375,5000,1000
othim27,erp,0,0,1,0.0008,32.48890039380259,0.7933046221733093,415920.09375,32.485273789209174,0.9137066602706909,0.7949534058570862,416784.53125,0.020160675048828125,10570.0,0.0077915191650390625,4085.0,0.01145172119140625,6004.0,0.0,0,0.8151140809059143,427354.53125,5000,1000
othim28,erp,0,0,1,0.0008,33.9886305326527,0.8247220516204834,432391.875,33.984593558986624,0.9394171237945557,0.8257009387016296,432905.09375,0.020351409912109375,10670.0,0.008787155151367188,4607.0,0.010646820068359375,5582.0,0.0,0,0.846052348613739,443575.09375,5000,1000
othim29,erp,0,0,1,0.0008,34.226109448552656,0.7888970375061035,413609.25,34.22075772294,0.9324682950973511,0.7895041108131409,413927.53125,0.020219802856445312,10601.0,0.008974075317382812,4705.0,0.010480880737304688,5495.0,0.0,0,0.8097239136695862,424528.53125,5000,1000
othim30,erp,0,0,1,0.0008,34.019921162908865,0.8387457728385925,439744.34375,34.01584969518811,0.9386754035949707,0.8397547006607056,440273.3125,0.021070480346679688,11047.0,0.008747100830078125,4586.0,0.011407852172851562,5981.0,0.0,0,0.8608251810073853,451320.3125,5000,1000
othim01,erp,0,1,1,0.0006,35.18588621950289,0.6513524055480957,341496.25,35.17583837140644,0.9302965998649597,0.6522793173789978,341982.21875,0.021722793579101562,11389.0,0.008852005004882812,4641.0,0.011957168579101562,6269.0,0.0,0,0.6740021109580994,353371.21875,5000,1000
othim02,erp,0,1,1,0.0006,35.3057559864154,0.6343768835067749,332596.1875,35.298509453226266,0.9303615093231201,0.635259211063385,333058.78125,0.022897720336914062,12005.0,0.008710861206054688,4567.0,0.013109207153320312,6873.0,0.0,0,0.6581569314002991,345063.78125,5000,1000
othim03,erp,0,1,1,0.0006,35.3202815091913,0.6252564191818237,327814.4375,35.31101354755868,0.9307155609130859,0.626218318939209,328318.75,0.022100448608398438,11587.0,0.0087738037109375,4600.0,0.012411117553710938,6507.0,0.0,0,0.6483187675476074,339905.75,5000,1000
othim04,erp,0,1,1,0.0006,34.2308419870704,1.304889440536499,684137.875,34.22374280360578,0.954176664352417,1.3052453994750977,684324.5,0.023378372192382812,12257.0,0.009717941284179688,5095.0,0.012475967407226562,6541.0,0.0,0,1.3286237716674805,696581.5,5000,1000
othim05,erp,0,1,1,0.0006,34.765674723489745,1.0833369493484497,567980.5625,34.760184064460894,0.9451841711997986,1.0837453603744507,568194.6875,0.02245330810546875,11772.0,0.009716033935546875,5094.0,0.01183319091796875,6204.0,0.0,0,1.1061986684799194,579966.6875,5000,1000
othim06,erp,0,1,1,0.0006,34.65896943484163,1.045938491821289,548373.0,34.652962943805264,0.9441813826560974,1.0463800430297852,548604.5,0.024028778076171875,12598.0,0.009765625,5120.0,0.013345718383789062,6997.0,0.0,0,1.070408821105957,561202.5,5000,1000
othim07,erp,0,1,1,0.0006,36.46597120349468,0.45095449686050415,236430.03125,36.4448609554857,0.9442561864852905,0.4514952301979065,236713.53125,0.023313522338867188,12223.0,0.010099411010742188,5295.0,0.012149810791015625,6370.0,0.0,0,0.4748087525367737,248936.53125,5000,1000
othim08,erp,0,1,1,0.0006,36.56757296671811,0.41491174697875977,217533.25,36.55069059033467,0.94530189037323,0.41624125838279724,218230.296875,0.022062301635742188,11567.0,0.008741378784179688,4583.0,0.012523651123046875,6566.0,0.0,0,0.43830356001853943,229797.296875,5000,1000
othim09,erp,0,1,1,0.0006,36.32956485283257,0.44665005803108215,234173.265625,36.31577169804648,0.942983090877533,0.4472685158252716,234497.515625,0.022129058837890625,11602.0,0.008914947509765625,4674.0,0.012256622314453125,6426.0,0.0,0,0.46939757466316223,246099.515625,5000,1000
othim10,erp,0,1,1,0.0006,35.17738081746142,0.5557351112365723,291365.25,35.17389073905597,0.9186641573905945,0.5567528009414673,291898.8125,0.02329254150390625,12212.0,0.008726119995117188,4575.0,0.013624191284179688,7143.0,0.0,0,0.5800453424453735,304110.8125,5000,1000
othim11,erp,0,1,1,0.0006,35.154219851822354,0.6401612758636475,335628.875,35.143689220386015,0.9271671175956726,0.6409899592399597,336063.34375,0.021886825561523438,11475.0,0.008876800537109375,4654.0,0.012205123901367188,6399.0,0.0,0,0.6628767848014832,347538.34375,5000,1000
othim12,erp,0,1,1,0.0006,35.01505403816534,0.7364034056663513,386087.46875,35.011130477159774,0.9293628931045532,0.7376006245613098,386715.15625,0.022853851318359375,11982.0,0.008756637573242188,4591.0,0.01318359375,6912.0,0.0,0,0.7604544758796692,398697.15625,5000,1000
othim13,erp,0,1,1,0.0006,36.4530941484187,0.46801459789276123,245374.4375,36.440097821051786,0.9368346929550171,0.4685956537723541,245679.078125,0.02205657958984375,11564.0,0.008998870849609375,4718.0,0.012125015258789062,6357.0,0.0,0,0.4906522333621979,257243.078125,5000,1000
othim14,erp,0,1,1,0.0006,36.47864905097101,0.4716801047325134,247296.21875,36.460671293987104,0.9379725456237793,0.4729045033454895,247938.15625,0.021509170532226562,11277.0,0.008928298950195312,4681.0,0.011798858642578125,6186.0,0.0,0,0.49441367387771606,259215.15625,5000,1000
othim15,erp,0,1,1,0.0006,36.401691973873305,0.46824008226394653,245492.65625,36.396551775869234,0.9372183680534363,0.46921175718307495,246002.09375,0.0233612060546875,12248.0,0.008905410766601562,4669.0,0.013441085815429688,7047.0,0.0,0,0.49257296323776245,258250.09375,5000,1000
othim16,erp,0,1,1,0.0006,37.04246549336242,0.427641361951828,224207.234375,37.03046751604478,0.9469819068908691,0.42950937151908875,225186.609375,0.021066665649414062,11045.0,0.0078887939453125,4136.0,0.0121307373046875,6360.0,0.0,0,0.4505760371685028,236231.609375,5000,1000
othim17,erp,0,1,1,0.0006,37.06813790859496,0.4357583522796631,228462.875,37.05110557550319,0.947386622428894,0.43683576583862305,229027.75,0.022298812866210938,11691.0,0.00885772705078125,4644.0,0.01251220703125,6560.0,0.0,0,0.459134578704834,240718.75,5000,1000
othim18,erp,0,1,1,0.0006,37.05334508745799,0.42998453974723816,225435.734375,37.043616838994524,0.9468268156051636,0.43085330724716187,225891.21875,0.023031234741210938,12075.0,0.008829116821289062,4629.0,0.01342010498046875,7036.0,0.0,0,0.4538845419883728,237966.21875,5000,1000
othim19,erp,0,1,1,0.0006,34.73336222354846,1.0073199272155762,528125.75,34.72532663824431,0.9489846229553223,1.0084772109985352,528732.5,0.021902084350585938,11483.0,0.0087738037109375,4600.0,0.0122222900390625,6408.0,0.0,0,1.030379295349121,540215.5,5000,1000
othim20,erp,0,1,1,0.0006,34.64598620663238,1.0004441738128662,524520.875,34.63308491327937,0.9461076259613037,1.0014264583587646,525035.875,0.021654129028320312,11353.0,0.008691787719726562,4557.0,0.012044906616210938,6315.0,0.0,0,1.023080587387085,536388.875,5000,1000
othim21,erp,0,1,1,0.0006,34.52564136736948,1.0225576162338257,536114.6875,34.516310892908045,0.946810245513916,1.0237184762954712,536723.3125,0.021877288818359375,11470.0,0.00884246826171875,4636.0,0.01224517822265625,6420.0,0.0,0,1.0455957651138306,548193.3125,5000,1000
othim22,erp,0,1,1,0.0006,35.9787925055328,0.5300027132034302,277874.0625,35.9687501156344,0.9339077472686768,0.5307886600494385,278286.125,0.0221099853515625,11592.0,0.008756637573242188,4591.0,0.012315750122070312,6457.0,0.0,0,0.552898645401001,289878.125,5000,1000
othim23,erp,0,1,1,0.0006,35.58237422064729,0.6341975927352905,332502.1875,35.575531678578955,0.9459176063537598,0.6346926689147949,332761.75,0.02420806884765625,12692.0,0.009876251220703125,5178.0,0.013484954833984375,7070.0,0.0,0,0.6589007377624512,345453.75,5000,1000
othim24,erp,0,1,1,0.0006,35.419987222027345,0.8098423480987549,424590.625,35.416518914158374,0.9463255405426025,0.8105394840240479,424956.125,0.0242462158203125,12712.0,0.00997161865234375,5228.0,0.013116836547851562,6877.0,0.0,0,0.8347856998443604,437668.125,5000,1000
othim25,erp,0,1,1,0.0006,33.11009743511051,1.0406064987182617,545577.5,33.10035167675531,0.9358104467391968,1.0409419536590576,545753.375,0.023244857788085938,12187.0,0.010040283203125,5264.0,0.012147903442382812,6369.0,0.0,0,1.0641868114471436,557940.375,5000,1000
othim26,erp,0,1,1,0.0006,33.07895971959463,1.0504200458526611,550722.625,33.069515509357075,0.936039388179779,1.0517855882644653,551438.5625,0.021799087524414062,11429.0,0.008810043334960938,4619.0,0.012054443359375,6320.0,0.0,0,1.0735846757888794,562867.5625,5000,1000
othim27,erp,0,1,1,0.0006,33.39278718068593,0.9338392615318298,489600.71875,33.38841957248716,0.9265918731689453,0.934926450252533,490170.71875,0.023096084594726562,12109.0,0.008636474609375,4528.0,0.013544082641601562,7101.0,0.0,0,0.9580225348472595,502279.71875,5000,1000
othim28,erp,0,1,1,0.0006,34.98126380044616,0.9805998206138611,514116.71875,34.9717899108271,0.949417769908905,0.9815740585327148,514627.5,0.022058486938476562,11565.0,0.0090179443359375,4728.0,0.012228012084960938,6411.0,0.0,0,1.0036325454711914,526192.5,5000,1000
othim29,erp,0,1,1,0.0006,35.30252713685962,0.8837136030197144,463320.4375,35.29369946318471,0.9439429044723511,0.8843638896942139,463661.375,0.022226333618164062,11653.0,0.00899505615234375,4716.0,0.012203216552734375,6398.0,0.0,0,0.9065902233123779,475314.375,5000,1000
othim30,erp,0,1,1,0.0006,35.12238037814014,0.9631405472755432,504963.03125,35.11446440822837,0.9495284557342529,0.9634848237037659,505143.53125,0.023223876953125,12176.0,0.009899139404296875,5190.0,0.012302398681640625,6450.0,0.0,0,0.9867087006568909,517319.53125,5000,1000
othim01,erp,0,1,1,0.0008,34.569353486856215,0.5367589592933655,281416.28125,34.556730209946856,0.9231740832328796,0.5372341275215149,281665.40625,0.023164749145507812,12145.0,0.010007858276367188,5247.0,0.012098312377929688,6343.0,0.0,0,0.5603988766670227,293810.40625,5000,1000
othim02,erp,0,1,1,0.0008,34.408313997552945,0.5525677800178528,289704.65625,34.39695403514135,0.9198664426803589,0.5529537200927734,289907.0,0.023250579833984375,12190.0,0.0098876953125,5184.0,0.012308120727539062,6453.0,0.0,0,0.5762042999267578,302097.0,5000,1000
othim03,erp,0,1,1,0.0008,34.37719587975176,0.5436293482780457,285018.34375,34.36049092593223,0.9205411672592163,0.5446589589118958,285558.15625,0.02207183837890625,11572.0,0.008790969848632812,4609.0,0.012247085571289062,6421.0,0.0,0,0.566730797290802,297130.15625,5000,1000
othim04,erp,0,1,1,0.0008,33.19728776389048,1.1458510160446167,600755.9375,33.1949543449491,0.9419326782226562,1.1461906433105469,600934.0,0.023914337158203125,12538.0,0.009763717651367188,5119.0,0.013235092163085938,6939.0,0.0,0,1.17010498046875,613472.0,5000,1000
othim05,erp,0,1,1,0.0008,33.71814597578183,0.9112213850021362,477742.4375,33.70710666126422,0.9315148591995239,0.9120144844055176,478158.25,0.021869659423828125,11466.0,0.008863449096679688,4647.0,0.011962890625,6272.0,0.0,0,0.9338841438293457,489624.25,5000,1000
othim06,erp,0,1,1,0.0008,33.58892461415813,0.9091135263442993,476637.3125,33.578195244315424,0.9312124252319336,0.9092601537704468,476714.1875,0.0227508544921875,11928.0,0.009912490844726562,5197.0,0.0117950439453125,6184.0,0.0,0,0.9320110082626343,488642.1875,5000,1000
othim07,erp,0,1,1,0.0008,35.52542059922872,0.3990212678909302,209202.0625,35.5152479492609,0.9376789331436157,0.3998735845088959,209648.921875,0.021821975708007812,11441.0,0.008974075317382812,4705.0,0.011999130249023438,6291.0,0.0,0,0.4216955602169037,221089.921875,5000,1000
othim08,erp,0,1,1,0.0008,35.928891241596425,0.37199974060058594,195035.0,35.914040942089144,0.9392411708831787,0.37306803464889526,195595.09375,0.021768569946289062,11413.0,0.008966445922851562,4701.0,0.011857986450195312,6217.0,0.0,0,0.3948366045951843,207008.09375,5000,1000
othim09,erp,0,1,1,0.0008,35.540198414538764,0.39724722504615784,208271.953125,35.52568629590563,0.9358574151992798,0.398296982049942,208822.328125,0.0220184326171875,11544.0,0.008909225463867188,4671.0,0.01215362548828125,6372.0,0.0,0,0.4203154146671295,220366.328125,5000,1000
othim10,erp,0,1,1,0.0008,34.254987551636425,0.4696999490261078,246258.046875,34.24895441441699,0.9031463861465454,0.47067776322364807,246770.703125,0.023967742919921875,12566.0,0.008869171142578125,4650.0,0.013906478881835938,7291.0,0.0,0,0.49464550614356995,259336.703125,5000,1000
othim11,erp,0,1,1,0.0008,34.24134963541113,0.5288660526275635,277278.125,34.238742514122876,0.9120758771896362,0.5297605991363525,277747.125,0.023159027099609375,12142.0,0.00884246826171875,4636.0,0.013397216796875,7024.0,0.0,0,0.5529196262359619,289889.125,5000,1000
othim12,erp,0,1,1,0.0008,34.11990597649592,0.6110365390777588,320359.125,34.10494138493774,0.9145602583885193,0.6116199493408203,320665.0,0.021852493286132812,11457.0,0.008760452270507812,4593.0,0.012266159057617188,6431.0,0.0,0,0.6334724426269531,332122.0,5000,1000
othim13,erp,0,1,1,0.0008,35.54014231607761,0.4188234806060791,219584.125,35.52461306215678,0.9282417297363281,0.42010298371315,220254.953125,0.0221405029296875,11608.0,0.008916854858398438,4675.0,0.012193679809570312,6393.0,0.0,0,0.4422434866428375,231862.953125,5000,1000
othim14,erp,0,1,1,0.0008,35.63701680245436,0.40371719002723694,211664.078125,35.62293428224402,0.928199052810669,0.40481436252593994,212239.3125,0.022447586059570312,11769.0,0.009006500244140625,4722.0,0.012525558471679688,6567.0,0.0,0,0.42726194858551025,224008.3125,5000,1000
othim15,erp,0,1,1,0.0008,35.57970099179028,0.4051087498664856,212393.65625,35.56628850831832,0.9284109473228455,0.4057416319847107,212725.46875,0.022342681884765625,11714.0,0.008928298950195312,4681.0,0.01250457763671875,6556.0,0.0,0,0.4280843138694763,224439.46875,5000,1000
othim16,erp,0,1,1,0.0008,36.14648445530592,0.3805446922779083,199515.015625,36.13486687300154,0.938947856426239,0.38088545203208923,199693.671875,0.023103713989257812,12113.0,0.0099639892578125,5224.0,0.012346267700195312,6473.0,0.0,0,0.40398916602134705,211806.671875,5000,1000
othim17,erp,0,1,1,0.0008,36.26556071461245,0.37846192717552185,198423.046875,36.2512221574814,0.9397082328796387,0.37870854139328003,198552.34375,0.023128509521484375,12126.0,0.00995635986328125,5220.0,0.012365341186523438,6483.0,0.0,0,0.4018370509147644,210678.34375,5000,1000
othim18,erp,0,1,1,0.0008,36.145400145374076,0.3932778835296631,206190.875,36.12950263830339,0.9389510154724121,0.3942101001739502,206679.625,0.021806716918945312,11433.0,0.008890151977539062,4661.0,0.011987686157226562,6285.0,0.0,0,0.4160168170928955,218112.625,5000,1000
othim19,erp,0,1,1,0.0008,33.71038755705399,0.8830262422561646,462960.0625,33.70281204595281,0.9367917776107788,0.8836005330085754,463261.15625,0.02175140380859375,11404.0,0.0087890625,4608.0,0.01215362548828125,6372.0,0.0,0,0.9053519368171692,474665.15625,5000,1000
othim20,erp,0,1,1,0.0008,33.67532123304127,0.862397313117981,452144.5625,33.6689278302597,0.933867335319519,0.8630415201187134,452482.3125,0.02210235595703125,11588.0,0.008769989013671875,4598.0,0.012294769287109375,6446.0,0.0,0,0.8851438760757446,464070.3125,5000,1000
othim21,erp,0,1,1,0.0008,33.43413326584123,0.8881243467330933,465632.9375,33.427433083925905,0.9342970252037048,0.8883568048477173,465754.8125,0.022867202758789062,11989.0,0.009801864624023438,5139.0,0.012142181396484375,6366.0,0.0,0,0.9112240076065063,477743.8125,5000,1000
othim22,erp,0,1,1,0.0008,35.17153704800731,0.47843730449676514,250838.9375,35.166612258082786,0.9271727800369263,0.4795888662338257,251442.6875,0.023334503173828125,12234.0,0.00897979736328125,4708.0,0.013303756713867188,6975.0,0.0,0,0.5029233694076538,263676.6875,5000,1000
othim23,erp,0,1,1,0.0008,34.647637405181726,0.5659924745559692,296743.0625,34.63180271812547,0.9367702007293701,0.5667214393615723,297125.25,0.023471832275390625,12306.0,0.009984970092773438,5235.0,0.012296676635742188,6447.0,0.0,0,0.5901932716369629,309431.25,5000,1000
othim24,erp,0,1,1,0.0008,34.39605994415124,0.7191564440727234,377045.09375,34.38949555101767,0.9376417994499207,0.7206118106842041,377808.125,0.02313995361328125,12132.0,0.008975982666015625,4706.0,0.01322174072265625,6932.0,0.0,0,0.7437517642974854,389940.125,5000,1000
othim25,erp,0,1,1,0.0008,32.39292160888376,0.9080287218093872,476068.5625,32.38260236147677,0.9256329536437988,0.9089230895042419,476537.46875,0.022474288940429688,11783.0,0.0087890625,4608.0,0.0127716064453125,6696.0,0.0,0,0.9313973784446716,488320.46875,5000,1000
othim26,erp,0,1,1,0.0008,32.328206210625915,0.9218088388442993,483293.3125,32.317867698113915,0.9247695803642273,0.9238150119781494,484345.125,0.020650863647460938,10827.0,0.0076847076416015625,4029.0,0.01215362548828125,6372.0,0.0,0,0.9444658756256104,495172.125,5000,1000
othim27,erp,0,1,1,0.0008,32.480649195651715,0.8185285925865173,429144.71875,32.47332573178137,0.913607120513916,0.8187814950942993,429277.3125,0.02315521240234375,12140.0,0.009874343872070312,5177.0,0.012325286865234375,6462.0,0.0,0,0.8419367074966431,441417.3125,5000,1000
othim28,erp,0,1,1,0.0008,34.04406148827617,0.8332226276397705,436848.625,34.037612088817504,0.9402896761894226,0.8334859609603882,436986.6875,0.023233413696289062,12181.0,0.009881973266601562,5181.0,0.012327194213867188,6463.0,0.0,0,0.8567193746566772,449167.6875,5000,1000
othim29,erp,0,1,1,0.0008,34.36902099443689,0.7851146459579468,411626.1875,34.35760683681763,0.9339674711227417,0.7859299182891846,412053.625,0.022165298461914062,11621.0,0.008798599243164062,4613.0,0.012346267700195312,6473.0,0.0,0,0.8080952167510986,423674.625,5000,1000
othim30,erp,0,1,1,0.0008,33.9908276666057,0.8272339105606079,433708.8125,33.980645382378825,0.9390157461166382,0.8277941942214966,434002.5625,0.022089004516601562,11581.0,0.009073257446289062,4757.0,0.01198577880859375,6284.0,0.0,0,0.8498831987380981,445583.5625,5000,1000
othim01,erp,1,0,1,0.0006,36.030951483921065,0.6701140999794006,351332.78125,36.02672855684499,0.9381070137023926,0.6711381673812866,351869.6875,0.021463394165039062,11253.0,0.008831024169921875,4630.0,0.011688232421875,6128.0,0.0,0,0.6926015615463257,363122.6875,5000,1000
othim02,erp,1,0,1,0.0006,35.8980891986899,0.6983287930488586,366125.40625,35.89144269884757,0.9346232414245605,0.699212908744812,366588.9375,0.021617889404296875,11334.0,0.00881195068359375,4620.0,0.011640548706054688,6103.0,0.0,0,0.7208307981491089,377922.9375,5000,1000
othim03,erp,1,0,1,0.0006,35.713843596267935,0.6743776798248291,353568.125,35.71121012116777,0.9343193769454956,0.6753144860267639,354059.28125,0.022411346435546875,11750.0,0.00994110107421875,5212.0,0.011426925659179688,5991.0,0.0,0,0.6977258324623108,365809.28125,5000,1000
othim04,erp,1,0,1,0.0006,34.761137829708865,1.3300034999847412,697304.875,34.75912150251546,0.9584437608718872,1.3312307596206665,697948.3125,0.021335601806640625,11186.0,0.00882720947265625,4628.0,0.011465072631835938,6011.0,0.0,0,1.3525663614273071,709134.3125,5000,1000
othim05,erp,1,0,1,0.0006,35.29667332778271,1.113762378692627,583932.25,35.28987038322965,0.9512141942977905,1.1145601272583008,584350.5,0.021228790283203125,11130.0,0.0087432861328125,4584.0,0.01143646240234375,5996.0,0.0,0,1.135788917541504,595480.5,5000,1000
othim06,erp,1,0,1,0.0006,35.22522302669069,1.0791711807250977,565796.5,35.18288003049946,0.9489929676055908,1.0795055627822876,565971.8125,0.022054672241210938,11563.0,0.009756088256835938,5115.0,0.011613845825195312,6089.0,0.0,0,1.1015602350234985,577534.8125,5000,1000
othim07,erp,1,0,1,0.0006,37.20221659784732,0.49328330159187317,258622.515625,37.191849120956725,0.9482035636901855,0.4939650297164917,258979.9375,0.022317886352539062,11701.0,0.009937286376953125,5210.0,0.0114288330078125,5992.0,0.0,0,0.5162829160690308,270680.9375,5000,1000
othim08,erp,1,0,1,0.0006,37.38108042501035,0.45416098833084106,238111.15625,37.36586649085437,0.9486726522445679,0.4547228217124939,238405.71875,0.021127700805664062,11077.0,0.009792327880859375,5134.0,0.010400772094726562,5453.0,0.0,0,0.47585052251815796,249482.71875,5000,1000
othim09,erp,1,0,1,0.0006,36.95183077165917,0.5019049048423767,263142.71875,36.94460476651947,0.9471408724784851,0.5031863451004028,263814.5625,0.021148681640625,11088.0,0.008821487426757812,4625.0,0.0113983154296875,5976.0,0.0,0,0.5243350267410278,274902.5625,5000,1000
othim10,erp,1,0,1,0.0006,36.13105487673022,0.6272439956665039,328856.5,36.12434767087225,0.9314028024673462,0.6280005574226379,329253.15625,0.02149200439453125,11268.0,0.008977890014648438,4707.0,0.011583328247070312,6073.0,0.0,0,0.6494925618171692,340521.15625,5000,1000
othim11,erp,1,0,1,0.0006,35.71010080456647,0.7508317232131958,393652.0625,35.69070351924953,0.935294508934021,0.7519635558128357,394245.46875,0.019987106323242188,10479.0,0.008871078491210938,4651.0,0.010179519653320312,5337.0,0.0,0,0.7719506621360779,404724.46875,5000,1000
othim12,erp,1,0,1,0.0006,35.88178455734485,0.7564936876296997,396620.5625,35.8785657097035,0.9395714998245239,0.7586086988449097,397729.4375,0.020557403564453125,10778.0,0.007816314697265625,4098.0,0.011682510375976562,6125.0,0.0,0,0.7791661024093628,408507.4375,5000,1000
othim13,erp,1,0,1,0.0006,37.1596226110519,0.49535703659057617,259709.75,37.14770766211634,0.9404739141464233,0.4965054988861084,260311.875,0.020471572875976562,10733.0,0.00875091552734375,4588.0,0.010828018188476562,5677.0,0.0,0,0.516977071762085,271044.875,5000,1000
othim14,erp,1,0,1,0.0006,37.16742106600569,0.49546998739242554,259768.96875,37.15789738383332,0.9405918121337891,0.49582940340042114,259957.40625,0.021871566772460938,11467.0,0.010026931762695312,5257.0,0.01070404052734375,5612.0,0.0,0,0.5177009701728821,271424.40625,5000,1000
othim15,erp,1,0,1,0.0006,36.962830899707654,0.5153725147247314,270203.625,36.954298897374066,0.9391055107116699,0.5163936614990234,270739.0,0.021245956420898438,11139.0,0.008749008178710938,4587.0,0.011693954467773438,6131.0,0.0,0,0.5376396179199219,281878.0,5000,1000
othim16,erp,1,0,1,0.0006,37.85793653036912,0.464147686958313,243347.0625,37.8406115090126,0.952075183391571,0.4651426672935486,243868.71875,0.020353317260742188,10671.0,0.00887298583984375,4652.0,0.010568618774414062,5541.0,0.0,0,0.48549598455429077,254539.71875,5000,1000
othim17,erp,1,0,1,0.0006,37.7525339986743,0.45008930563926697,235976.421875,37.72869792705412,0.9513239860534668,0.45037776231765747,236127.65625,0.021076202392578125,11050.0,0.009822845458984375,5150.0,0.010467529296875,5488.0,0.0,0,0.4714539647102356,247177.65625,5000,1000
othim18,erp,1,0,1,0.0006,37.94127241987807,0.45232418179512024,237148.140625,37.917380311840645,0.9524766206741333,0.45347028970718384,237749.03125,0.020341873168945312,10665.0,0.008695602416992188,4559.0,0.010868072509765625,5698.0,0.0,0,0.47381216287612915,248414.03125,5000,1000
othim19,erp,1,0,1,0.0006,35.21966493311921,1.0321775674819946,541158.3125,35.20889371971352,0.9538159370422363,1.03238844871521,541268.875,0.021091461181640625,11058.0,0.00971221923828125,5092.0,0.010591506958007812,5553.0,0.0,0,1.0534799098968506,552326.875,5000,1000
othim20,erp,1,0,1,0.0006,35.13702112246308,1.0570993423461914,554224.5,35.12941326743016,0.9516289234161377,1.0585235357284546,554971.1875,0.02007293701171875,10524.0,0.008859634399414062,4645.0,0.010297775268554688,5399.0,0.0,0,1.0785964727401733,565495.1875,5000,1000
othim21,erp,1,0,1,0.0006,35.134838124991596,1.0355290174484253,542915.4375,35.128306140460275,0.9524750709533691,1.0363976955413818,543370.875,0.021467208862304688,11255.0,0.008707046508789062,4565.0,0.011835098266601562,6205.0,0.0,0,1.0578649044036865,554625.875,5000,1000
othim22,erp,1,0,1,0.0006,36.610460462522234,0.5412209033966064,283755.625,36.59863031324183,0.9409356117248535,0.5422582626342773,284299.5,0.0215606689453125,11304.0,0.008953094482421875,4694.0,0.011651992797851562,6109.0,0.0,0,0.5638189315795898,295603.5,5000,1000
othim23,erp,1,0,1,0.0006,36.7435500844742,0.6680139303207397,350231.6875,36.731184639588555,0.9534003138542175,0.6684341430664062,350452.0,0.022296905517578125,11690.0,0.009822845458984375,5150.0,0.0115203857421875,6040.0,0.0,0,0.6907310485839844,362142.0,5000,1000
othim24,erp,1,0,1,0.0006,35.95420087975355,0.827701210975647,433953.8125,35.94285995203535,0.9505285620689392,0.8279154300689697,434066.125,0.0223236083984375,11704.0,0.009893417358398438,5187.0,0.011369705200195312,5961.0,0.0,0,0.8502390384674072,445770.125,5000,1000
othim25,erp,1,0,1,0.0006,33.39606415271852,1.0838046073913574,568225.75,33.39242776167463,0.9368039965629578,1.084045648574829,568352.125,0.022089004516601562,11581.0,0.00981903076171875,5148.0,0.011322021484375,5936.0,0.0,0,1.1061346530914307,579933.125,5000,1000
othim26,erp,1,0,1,0.0006,33.40449119374336,1.0881412029266357,570499.375,33.39102255621173,0.9369471073150635,1.088708758354187,570796.9375,0.021221160888671875,11126.0,0.009786605834960938,5131.0,0.010496139526367188,5503.0,0.0,0,1.1099299192428589,581922.9375,5000,1000
othim27,erp,1,0,1,0.0006,33.77987679081235,0.9831587076187134,515458.3125,33.775178114546456,0.9286369681358337,0.9836182594299316,515699.25,0.022241592407226562,11661.0,0.009723663330078125,5098.0,0.01146697998046875,6012.0,0.0,0,1.0058598518371582,527360.25,5000,1000
othim28,erp,1,0,1,0.0006,35.718296901312264,0.9792887568473816,513429.34375,35.711109648130964,0.9542750120162964,0.9805485010147095,514089.8125,0.02098846435546875,11004.0,0.008754730224609375,4590.0,0.011325836181640625,5938.0,0.0,0,1.0015369653701782,525093.8125,5000,1000
othim29,erp,1,0,1,0.0006,35.849813164100595,0.9091435074806213,476653.03125,35.82972970700739,0.9486936926841736,0.9097185730934143,476954.53125,0.020643234252929688,10823.0,0.00907135009765625,4756.0,0.010931015014648438,5731.0,0.0,0,0.930361807346344,487777.53125,5000,1000
othim30,erp,1,0,1,0.0006,35.57096092846637,0.9755594730377197,511474.125,35.55902430309895,0.9530442953109741,0.9758794903755188,511641.90625,0.021270751953125,11152.0,0.009912490844726562,5197.0,0.010457992553710938,5483.0,0.0,0,0.9971502423286438,522793.90625,5000,1000
othim01,erp,1,0,1,0.0008,35.27230817192132,0.5707715749740601,299248.6875,35.268310688418474,0.9302107691764832,0.5715963840484619,299681.125,0.021730422973632812,11393.0,0.008838653564453125,4634.0,0.011852264404296875,6214.0,0.0,0,0.5933268070220947,311074.125,5000,1000
othim02,erp,1,0,1,0.0008,35.159495674092035,0.5886237025260925,308608.34375,35.1543843983707,0.926517128944397,0.5893468856811523,308987.5,0.021669387817382812,11361.0,0.009044647216796875,4742.0,0.011566162109375,6064.0,0.0,0,0.6110162734985352,320348.5,5000,1000
othim03,erp,1,0,1,0.0008,35.00482030924257,0.5976711511611938,313351.8125,34.98952420417549,0.9260653853416443,0.5983976125717163,313732.6875,0.020084381103515625,10530.0,0.008672714233398438,4547.0,0.0104827880859375,5496.0,0.0,0,0.6184819936752319,324262.6875,5000,1000
othim04,erp,1,0,1,0.0008,33.794490041458495,1.176525592803955,616838.25,33.79119152817182,0.948724627494812,1.1770626306533813,617119.8125,0.021144866943359375,11086.0,0.008646011352539062,4533.0,0.011447906494140625,6002.0,0.0,0,1.1982074975967407,628205.8125,5000,1000
othim05,erp,1,0,1,0.0008,34.31215499927632,0.9575295448303223,502021.25,34.310593816637,0.9393922686576843,0.958533525466919,502547.625,0.021673202514648438,11363.0,0.008829116821289062,4629.0,0.011810302734375,6192.0,0.0,0,0.9802067279815674,513910.625,5000,1000
othim06,erp,1,0,1,0.0008,34.30454336340489,0.9432932138442993,494557.3125,34.287772568310096,0.9382340312004089,0.9443678259849548,495120.71875,0.020038604736328125,10506.0,0.008581161499023438,4499.0,0.010526657104492188,5519.0,0.0,0,0.964406430721283,505626.71875,5000,1000
othim07,erp,1,0,1,0.0008,36.44436521611319,0.4346855580806732,227900.421875,36.42023263698749,0.9423052668571472,0.4352545738220215,228198.75,0.021142959594726562,11085.0,0.010021209716796875,5254.0,0.010282516479492188,5391.0,0.0,0,0.45639753341674805,239283.75,5000,1000
othim08,erp,1,0,1,0.0008,36.62307966101958,0.40832239389419556,214078.53125,36.597562489045195,0.9420143961906433,0.4091005325317383,214486.5,0.019962310791015625,10466.0,0.008832931518554688,4631.0,0.010295867919921875,5398.0,0.0,0,0.4290628433227539,224952.5,5000,1000
othim09,erp,1,0,1,0.0008,36.28207630888452,0.4377215504646301,229492.15625,36.270689234255975,0.9407312870025635,0.4381726384162903,229728.65625,0.020334243774414062,10661.0,0.00910186767578125,4772.0,0.010400772094726562,5453.0,0.0,0,0.45850688219070435,240389.65625,5000,1000
othim10,erp,1,0,1,0.0008,35.202256706226194,0.5303582549095154,278060.46875,35.19692769030714,0.9186326861381531,0.5307750701904297,278279.0,0.022413253784179688,11751.0,0.009943008422851562,5213.0,0.011537551879882812,6049.0,0.0,0,0.5531883239746094,290030.0,5000,1000
othim11,erp,1,0,1,0.0008,35.12803681226444,0.5975016355514526,313262.9375,35.1138192543485,0.9263118505477905,0.5985459089279175,313810.4375,0.019906997680664062,10437.0,0.00878143310546875,4604.0,0.010190963745117188,5343.0,0.0,0,0.6184529066085815,324247.4375,5000,1000
othim12,erp,1,0,1,0.0008,34.875051900037626,0.648496687412262,339999.03125,34.867957264973775,0.9268254041671753,0.6492603421211243,340399.40625,0.021589279174804688,11319.0,0.0089263916015625,4680.0,0.0117034912109375,6136.0,0.0,0,0.670849621295929,351718.40625,5000,1000
othim13,erp,1,0,1,0.0008,36.168105865709144,0.46103188395500183,241713.484375,36.13165499177532,0.9294409155845642,0.46208345890045166,242264.8125,0.01929473876953125,10116.0,0.008937835693359375,4686.0,0.009450912475585938,4955.0,0.0,0,0.4813781976699829,252380.8125,5000,1000
othim14,erp,1,0,1,0.0008,36.40796521435839,0.4324386715888977,226722.40625,36.39325395226587,0.9327999949455261,0.43365880846977234,227362.109375,0.020526885986328125,10762.0,0.008941650390625,4688.0,0.010690689086914062,5605.0,0.0,0,0.45418569445610046,238124.109375,5000,1000
othim15,erp,1,0,1,0.0008,36.177725466015794,0.4532838761806488,237651.296875,36.16342733688878,0.930849015712738,0.45391035079956055,237979.75,0.020227432250976562,10605.0,0.008899688720703125,4666.0,0.01030731201171875,5404.0,0.0,0,0.4741377830505371,248584.75,5000,1000
othim16,erp,1,0,1,0.0008,37.06211999080827,0.4069409966468811,213354.28125,37.04660355376364,0.9461314678192139,0.40742406249046326,213607.546875,0.0213470458984375,11192.0,0.010026931762695312,5257.0,0.01052093505859375,5516.0,0.0,0,0.42877110838890076,224799.546875,5000,1000
othim17,erp,1,0,1,0.0008,37.01864965053757,0.41089165210723877,215425.5625,36.994758513407405,0.9457070231437683,0.41122955083847046,215602.71875,0.021310806274414062,11173.0,0.01006317138671875,5276.0,0.01033782958984375,5420.0,0.0,0,0.4325403571128845,226775.71875,5000,1000
othim18,erp,1,0,1,0.0008,36.95550358918888,0.4022684693336487,210904.53125,36.85758957214122,0.9461300373077393,0.40241575241088867,210981.75,0.019189834594726562,10061.0,0.009784698486328125,5130.0,0.00850677490234375,4460.0,0.0,0,0.42160558700561523,221042.75,5000,1000
othim19,erp,1,0,1,0.0008,34.28178914988326,0.9055815935134888,474785.5625,34.27152585819568,0.9436386823654175,0.9060225486755371,475016.75,0.021595001220703125,11322.0,0.009944915771484375,5214.0,0.010715484619140625,5618.0,0.0,0,0.9276175498962402,486338.75,5000,1000
othim20,erp,1,0,1,0.0008,34.24541170057244,0.9132680892944336,478815.5,34.24060003070872,0.9409497976303101,0.9146344065666199,479531.84375,0.021640777587890625,11346.0,0.00896453857421875,4700.0,0.011754989624023438,6163.0,0.0,0,0.9362751841545105,490877.84375,5000,1000
othim21,erp,1,0,1,0.0008,34.23979424027987,0.915873646736145,480181.5625,34.2300861751801,0.9420439600944519,0.9161422252655029,480322.375,0.021490097045898438,11267.0,0.009923934936523438,5203.0,0.010774612426757812,5649.0,0.0,0,0.9376323223114014,491589.375,5000,1000
othim22,erp,1,0,1,0.0008,35.97702336629385,0.47490137815475464,248985.09375,35.960080805822834,0.9338909387588501,0.47518256306648254,249132.515625,0.021419525146484375,11230.0,0.009988784790039062,5237.0,0.01053619384765625,5524.0,0.0,0,0.4966020882129669,260362.515625,5000,1000
othim23,erp,1,0,1,0.0008,35.73762097318266,0.5959455966949463,312447.125,35.728416407206325,0.9455256462097168,0.5962332487106323,312597.9375,0.022306442260742188,11695.0,0.009891510009765625,5186.0,0.011440277099609375,5998.0,0.0,0,0.6185396909713745,324292.9375,5000,1000
othim24,erp,1,0,1,0.0008,35.14756071636406,0.7389630079269409,387429.4375,35.135347404720655,0.9452940225601196,0.7402313947677612,388094.4375,0.020242691040039062,10613.0,0.008829116821289062,4629.0,0.010477066040039062,5493.0,0.0,0,0.7604740858078003,398707.4375,5000,1000
othim25,erp,1,0,1,0.0008,32.7850745332847,0.9612942934036255,503995.0625,32.779473793849256,0.9282000064849854,0.9624390006065369,504595.21875,0.021114349365234375,11070.0,0.008741378784179688,4583.0,0.011426925659179688,5991.0,0.0,0,0.9835533499717712,515665.21875,5000,1000
othim26,erp,1,0,1,0.0008,32.82728869736434,0.9480427503585815,497047.4375,32.82419839085244,0.9284375905990601,0.9491778612136841,497642.5625,0.022626876831054688,11863.0,0.009843826293945312,5161.0,0.011720657348632812,6145.0,0.0,0,0.9718047380447388,509505.5625,5000,1000
othim27,erp,1,0,1,0.0008,33.25330400349802,0.8535526990890503,447507.4375,33.24828846162001,0.9203815460205078,0.8540877103805542,447787.9375,0.02245330810546875,11772.0,0.009740829467773438,5107.0,0.011789321899414062,6181.0,0.0,0,0.876541018486023,459559.9375,5000,1000
othim28,erp,1,0,1,0.0008,34.74942867713405,0.8613953590393066,451619.25,34.734619157074675,0.9462205171585083,0.8619784116744995,451924.9375,0.020198822021484375,10590.0,0.009103775024414062,4773.0,0.010190963745117188,5343.0,0.0,0,0.8821772336959839,462514.9375,5000,1000
othim29,erp,1,0,1,0.0008,34.92134510483694,0.8085976839065552,423938.0625,34.91692830059703,0.9404892921447754,0.8092464208602905,424278.1875,0.021602630615234375,11326.0,0.008916854858398438,4675.0,0.01178741455078125,6180.0,0.0,0,0.8308490514755249,435604.1875,5000,1000
othim30,erp,1,0,1,0.0008,34.64468807329325,0.8617702126502991,451815.78125,34.64034796523606,0.9453462958335876,0.8621616363525391,452021.0,0.022581100463867188,11839.0,0.010044097900390625,5266.0,0.011747360229492188,6159.0,0.0,0,0.8847427368164062,463860.0,5000,1000
othim01,erp,1,1,1,0.0006,36.146601285039935,0.6729565262794495,352823.03125,36.14305969918116,0.9384921789169312,0.673577606678009,353148.65625,0.02362060546875,12384.0,0.009042739868164062,4741.0,0.013545989990234375,7102.0,0.0,0,0.697198212146759,365532.65625,5000,1000
othim02,erp,1,1,1,0.0006,36.01247090042799,0.6553107500076294,343571.5625,36.00716509803624,0.9362674951553345,0.6573969125747681,344665.3125,0.022312164306640625,11698.0,0.0077266693115234375,4051.0,0.013532638549804688,7095.0,0.0,0,0.6797090768814087,356363.3125,5000,1000
othim03,erp,1,1,1,0.0006,35.81384059024004,0.6755645275115967,354190.375,35.80969027696174,0.9346789121627808,0.6766324043273926,354750.25,0.023366928100585938,12251.0,0.008819580078125,4624.0,0.0135040283203125,7080.0,0.0,0,0.6999993324279785,367001.25,5000,1000
othim04,erp,1,1,1,0.0006,34.67038527504429,1.3307502269744873,697696.375,34.656960124433674,0.9581171870231628,1.330941915512085,697796.875,0.022922515869140625,12018.0,0.009746551513671875,5110.0,0.012256622314453125,6426.0,0.0,0,1.3538644313812256,709814.875,5000,1000
othim05,erp,1,1,1,0.0006,35.34659094907283,1.0997990369796753,576611.4375,35.33300785541885,0.95082688331604,1.1011226177215576,577305.375,0.021724700927734375,11390.0,0.00868988037109375,4556.0,0.011993408203125,6288.0,0.0,0,1.122847318649292,588695.375,5000,1000
othim06,erp,1,1,1,0.0006,35.34061335876207,1.058964490890503,555202.375,35.33364010554561,0.9502366781234741,1.0594558715820312,555460.0,0.02498626708984375,13100.0,0.009759902954101562,5117.0,0.014413833618164062,7557.0,0.0,0,1.084442138671875,568560.0,5000,1000
othim07,erp,1,1,1,0.0006,37.219107821719696,0.4900064468383789,256904.5,37.197877502772194,0.9493039846420288,0.49102768301963806,257439.921875,0.02203369140625,11552.0,0.00878143310546875,4604.0,0.012447357177734375,6526.0,0.0,0,0.5130613744258881,268991.921875,5000,1000
othim08,erp,1,1,1,0.0006,37.46508987775531,0.4653264880180359,243965.09375,37.443137087472245,0.948896586894989,0.4661695063114166,244407.078125,0.0217132568359375,11384.0,0.008855819702148438,4643.0,0.012042999267578125,6314.0,0.0,0,0.4878827631473541,255791.078125,5000,1000
othim09,erp,1,1,1,0.0006,37.13969141500584,0.5053648352622986,264956.71875,37.127684472585635,0.9471145868301392,0.5059912800788879,265285.15625,0.024480819702148438,12835.0,0.009889602661132812,5185.0,0.013660430908203125,7162.0,0.0,0,0.5304720997810364,278120.15625,5000,1000
othim10,erp,1,1,1,0.0006,36.03835925188895,0.627975583076477,329240.0625,36.03314853738808,0.9318184852600098,0.6289359331130981,329743.5625,0.02306365966796875,12092.0,0.008800506591796875,4614.0,0.013341903686523438,6995.0,0.0,0,0.6519995927810669,341835.5625,5000,1000
othim11,erp,1,1,1,0.0006,36.050945501369576,0.6940790414810181,363897.3125,36.04673390654006,0.937069833278656,0.6952672004699707,364520.25,0.023166656494140625,12146.0,0.008722305297851562,4573.0,0.013666152954101562,7165.0,0.0,0,0.7184338569641113,376666.25,5000,1000
othim12,erp,1,1,1,0.0006,35.834761219129895,0.7594935894012451,398193.375,35.82337055190186,0.9387222528457642,0.7598469257354736,398378.625,0.023517608642578125,12330.0,0.009771347045898438,5123.0,0.012929916381835938,6779.0,0.0,0,0.7833645343780518,410708.625,5000,1000
othim13,erp,1,1,1,0.0006,37.134001224120475,0.5047129392623901,264614.9375,37.11494588938767,0.9398574829101562,0.5067148208618164,265664.5,0.021417617797851562,11229.0,0.0077457427978515625,4061.0,0.012773513793945312,6697.0,0.0,0,0.528132438659668,276893.5,5000,1000
othim14,erp,1,1,1,0.0006,37.082186765021824,0.5052942037582397,264919.6875,37.07399446536691,0.9399670362472534,0.5057586431503296,265163.1875,0.022222518920898438,11651.0,0.008876800537109375,4654.0,0.012308120727539062,6453.0,0.0,0,0.527981162071228,276814.1875,5000,1000
othim15,erp,1,1,1,0.0006,37.00418349479252,0.508533239364624,266617.875,36.99114255831642,0.9390827417373657,0.510044515132904,267410.21875,0.021940231323242188,11503.0,0.008861541748046875,4646.0,0.012041091918945312,6313.0,0.0,0,0.5319847464561462,278913.21875,5000,1000
othim16,erp,1,1,1,0.0006,37.859257844378,0.4521794319152832,237072.25,37.83441418510344,0.9524846076965332,0.45247358083724976,237226.46875,0.02274322509765625,11924.0,0.009778976440429688,5127.0,0.012180328369140625,6386.0,0.0,0,0.475216805934906,249150.46875,5000,1000
othim17,erp,1,1,1,0.0006,37.839739591325774,0.46791452169418335,245321.96875,37.80803949590505,0.9518710970878601,0.4681488871574402,245444.84375,0.02313995361328125,12132.0,0.009937286376953125,5210.0,0.012294769287109375,6446.0,0.0,0,0.49128884077072144,257576.84375,5000,1000
othim18,erp,1,1,1,0.0006,37.87405195867297,0.4629979431629181,242744.265625,37.854035342431196,0.9519678354263306,0.4641561806201935,243351.515625,0.022264480590820312,11673.0,0.008958816528320312,4697.0,0.012281417846679688,6439.0,0.0,0,0.4864206612110138,255024.515625,5000,1000
othim19,erp,1,1,1,0.0006,35.30062025837292,1.0405669212341309,545556.75,35.297611045602345,0.9545100927352905,1.0416145324707031,546106.0,0.023088455200195312,12105.0,0.008687973022460938,4555.0,0.013616561889648438,7139.0,0.0,0,1.0647029876708984,558211.0,5000,1000
othim20,erp,1,1,1,0.0006,35.21409010657916,1.0252735614776611,537538.625,35.18938255661369,0.9514185786247253,1.025940179824829,537888.125,0.021024703979492188,11023.0,0.008655548095703125,4538.0,0.011341094970703125,5946.0,0.0,0,1.0469648838043213,548911.125,5000,1000
othim21,erp,1,1,1,0.0006,35.05787616048355,1.0564088821411133,553862.5,35.04545939543363,0.9518952369689941,1.0568993091583252,554119.625,0.022327423095703125,11706.0,0.00897979736328125,4708.0,0.012426376342773438,6515.0,0.0,0,1.0792267322540283,565825.625,5000,1000
othim22,erp,1,1,1,0.0006,36.632410992017526,0.5522090196609497,289516.5625,36.621584439073864,0.9412537813186646,0.5529440641403198,289901.9375,0.024021148681640625,12594.0,0.009801864624023438,5139.0,0.013044357299804688,6839.0,0.0,0,0.5769652128219604,302495.9375,5000,1000
othim23,erp,1,1,1,0.0006,36.66669243988975,0.6577150821685791,344832.125,36.644912215961476,0.9528536796569824,0.658523678779602,345256.0625,0.023439407348632812,12289.0,0.010129928588867188,5311.0,0.012346267700195312,6473.0,0.0,0,0.6819630861282349,357545.0625,5000,1000
othim24,erp,1,1,1,0.0006,35.9222985215877,0.8290448188781738,434658.25,35.91072605746418,0.9505729675292969,0.8302351236343384,435282.3125,0.022443771362304688,11767.0,0.0089874267578125,4712.0,0.012300491333007812,6449.0,0.0,0,0.8526788949966431,447049.3125,5000,1000
othim25,erp,1,1,1,0.0006,33.561475821283224,1.074810266494751,563510.125,33.55353863036649,0.9383929967880249,1.0753016471862793,563767.75,0.024524688720703125,12858.0,0.009805679321289062,5141.0,0.013887405395507812,7281.0,0.0,0,1.0998263359069824,576625.75,5000,1000
othim26,erp,1,1,1,0.0006,33.484807311403884,1.0893445014953613,571130.25,33.47659428283129,0.9380585551261902,1.089806079864502,571372.25,0.0239715576171875,12568.0,0.009813308715820312,5145.0,0.013353347778320312,7001.0,0.0,0,1.1137776374816895,583940.25,5000,1000
othim27,erp,1,1,1,0.0006,33.8557097262672,0.9612977504730225,503996.875,33.850699543818905,0.930090606212616,0.9617602825164795,504239.375,0.024097442626953125,12634.0,0.009874343872070312,5177.0,0.013299942016601562,6973.0,0.0,0,0.9858577251434326,516873.375,5000,1000
othim28,erp,1,1,1,0.0006,35.66000070057867,0.9702943563461304,508713.6875,35.64479666411415,0.9539658427238464,0.9712909460067749,509236.1875,0.021768569946289062,11413.0,0.008871078491210938,4651.0,0.011995315551757812,6289.0,0.0,0,0.993059515953064,520649.1875,5000,1000
othim29,erp,1,1,1,0.0006,35.833400642016095,0.9232802391052246,484064.75,35.82483372633889,0.9485732913017273,0.9242593050003052,484578.0625,0.022199630737304688,11639.0,0.00896453857421875,4700.0,0.012342453002929688,6471.0,0.0,0,0.9464589357376099,496217.0625,5000,1000
othim30,erp,1,1,1,0.0006,35.64099130549946,0.9671399593353271,507059.875,35.631527967425,0.9536406993865967,0.9676166772842407,507309.8125,0.022840499877929688,11975.0,0.009820938110351562,5149.0,0.012121200561523438,6355.0,0.0,0,0.9904571771621704,519284.8125,5000,1000
othim01,erp,1,1,1,0.0008,35.33267060019971,0.5815679430961609,304909.09375,35.325576727363135,0.93076491355896,0.5822175145149231,305249.65625,0.02332305908203125,12228.0,0.00894927978515625,4692.0,0.01345062255859375,7052.0,0.0,0,0.6055405735969543,317477.65625,5000,1000
othim02,erp,1,1,1,0.0008,35.21271455506451,0.5980319380760193,313540.96875,35.18007628302495,0.9266314506530762,0.5983747839927673,313720.71875,0.021883010864257812,11473.0,0.009992599487304688,5239.0,0.010831832885742188,5679.0,0.0,0,0.6202577948570251,325193.71875,5000,1000
othim03,erp,1,1,1,0.0008,35.208377830571784,0.587125301361084,307822.75,35.19444450961412,0.9284510612487793,0.5880249738693237,308294.4375,0.022268295288085938,11675.0,0.008840560913085938,4635.0,0.012380599975585938,6491.0,0.0,0,0.6102932691574097,319969.4375,5000,1000
othim04,erp,1,1,1,0.0008,33.684008239302806,1.167604923248291,612161.25,33.67771346600273,0.9477016925811768,1.1681749820709229,612460.125,0.022214889526367188,11647.0,0.008823394775390625,4626.0,0.012350082397460938,6475.0,0.0,0,1.19038987159729,624107.125,5000,1000
othim05,erp,1,1,1,0.0008,34.42722464797686,0.9728872776031494,510073.125,34.42377143647182,0.9410179853439331,0.9732964038848877,510287.625,0.024152755737304688,12663.0,0.009698867797851562,5085.0,0.013416290283203125,7034.0,0.0,0,0.9974491596221924,522950.625,5000,1000
othim06,erp,1,1,1,0.0008,34.329205600630026,0.9534051418304443,499858.875,34.318644361170975,0.9384943842887878,0.9546074271202087,500489.21875,0.0215911865234375,11320.0,0.008684158325195312,4553.0,0.011745452880859375,6158.0,0.0,0,0.9761986136436462,511809.21875,5000,1000
othim07,erp,1,1,1,0.0008,36.43898854744658,0.4285363256931305,224676.453125,36.416746734719766,0.9433717131614685,0.4292656183242798,225058.8125,0.021961212158203125,11514.0,0.008880615234375,4656.0,0.012144088745117188,6367.0,0.0,0,0.4512268304824829,236572.8125,5000,1000
othim08,erp,1,1,1,0.0008,36.70960207225223,0.41141363978385925,215699.234375,36.69182419823987,0.9436213970184326,0.4123481512069702,216189.1875,0.021841049194335938,11451.0,0.008874893188476562,4653.0,0.012022018432617188,6303.0,0.0,0,0.43418920040130615,227640.1875,5000,1000
othim09,erp,1,1,1,0.0008,36.35464674369265,0.4324834942817688,226745.90625,36.34335991713562,0.9404317736625671,0.43383798003196716,227456.046875,0.023061752319335938,12091.0,0.008840560913085938,4635.0,0.013368606567382812,7009.0,0.0,0,0.4568997323513031,239547.046875,5000,1000
othim10,erp,1,1,1,0.0008,35.221287934796074,0.530062198638916,277905.25,35.20581173759895,0.9190265536308289,0.5309675931930542,278379.9375,0.021938323974609375,11502.0,0.008882522583007812,4657.0,0.012231826782226562,6413.0,0.0,0,0.5529059171676636,289881.9375,5000,1000
othim11,erp,1,1,1,0.0008,35.09306035160815,0.6072257161140442,318361.15625,35.08726078278027,0.9257146716117859,0.607813835144043,318669.5,0.02353668212890625,12340.0,0.008882522583007812,4657.0,0.013875961303710938,7275.0,0.0,0,0.6313505172729492,331009.5,5000,1000
othim12,erp,1,1,1,0.0008,34.859033494098306,0.657148540019989,344535.09375,34.83743958153167,0.9269976615905762,0.6576470732688904,344796.46875,0.0217437744140625,11400.0,0.009754180908203125,5114.0,0.011074066162109375,5806.0,0.0,0,0.6793908476829529,356196.46875,5000,1000
othim13,erp,1,1,1,0.0008,36.30786170798582,0.43602705001831055,228603.75,36.28792237032684,0.93217933177948,0.43731552362442017,229279.28125,0.021650314331054688,11351.0,0.008819580078125,4624.0,0.012054443359375,6320.0,0.0,0,0.45896583795547485,240630.28125,5000,1000
othim14,erp,1,1,1,0.0008,36.270604324756,0.4365108609199524,228857.40625,36.25913868898488,0.9310194253921509,0.43721282482147217,229225.4375,0.022520065307617188,11807.0,0.009157180786132812,4801.0,0.012559890747070312,6585.0,0.0,0,0.45973289012908936,241032.4375,5000,1000
othim15,erp,1,1,1,0.0008,36.20820919182185,0.43791282176971436,229592.4375,36.19604124675916,0.9308130145072937,0.4381050765514374,229693.234375,0.023141860961914062,12133.0,0.010021209716796875,5254.0,0.012331008911132812,6465.0,0.0,0,0.46124693751335144,241826.234375,5000,1000
othim16,erp,1,1,1,0.0008,36.992843882585014,0.40364447236061096,211625.953125,36.977499146267796,0.9458317756652832,0.40487828850746155,212272.828125,0.021768569946289062,11413.0,0.008745193481445312,4585.0,0.012212753295898438,6403.0,0.0,0,0.4266468584537506,223685.828125,5000,1000
othim17,erp,1,1,1,0.0008,37.00865204087978,0.4205673336982727,220498.40625,36.9934698722044,0.945616602897644,0.42135801911354065,220912.953125,0.02161407470703125,11332.0,0.00878143310546875,4604.0,0.011922836303710938,6251.0,0.0,0,0.4429720938205719,232244.953125,5000,1000
othim18,erp,1,1,1,0.0008,37.00523971761515,0.42218729853630066,221347.734375,36.98625860404425,0.9455401301383972,0.4231272339820862,221840.53125,0.021541595458984375,11294.0,0.008760452270507812,4593.0,0.0119781494140625,6280.0,0.0,0,0.44466882944107056,233134.53125,5000,1000
othim19,erp,1,1,1,0.0008,34.27859066972463,0.9336475133895874,489500.1875,34.26995802925839,0.9430949687957764,0.9343277812004089,489856.84375,0.022321701049804688,11703.0,0.008899688720703125,4666.0,0.012481689453125,6544.0,0.0,0,0.9566494822502136,501559.84375,5000,1000
othim20,erp,1,1,1,0.0008,34.187851875328505,0.897000789642334,470286.75,34.18158036426203,0.9414143562316895,0.8973214030265808,470454.84375,0.024097442626953125,12634.0,0.009725570678710938,5099.0,0.01358795166015625,7124.0,0.0,0,0.9214188456535339,483088.84375,5000,1000
othim21,erp,1,1,1,0.0008,34.126037753888546,0.9262440204620361,485618.625,34.1223597528461,0.9416904449462891,0.9271246194839478,486080.3125,0.0235748291015625,12360.0,0.008985519409179688,4711.0,0.013677597045898438,7171.0,0.0,0,0.9506994485855103,498440.3125,5000,1000
othim22,erp,1,1,1,0.0008,35.865052170101535,0.4651052951812744,243849.125,35.85006732122562,0.934579610824585,0.4664425849914551,244550.25,0.022884368896484375,11998.0,0.008783340454101562,4605.0,0.013174057006835938,6907.0,0.0,0,0.48932695388793945,256548.25,5000,1000
othim23,erp,1,1,1,0.0008,35.83282656995507,0.5669663548469543,297253.65625,35.8267640090157,0.9465453028678894,0.5673865079879761,297473.9375,0.024448394775390625,12818.0,0.009988784790039062,5237.0,0.0135040283203125,7080.0,0.0,0,0.5918349027633667,310291.9375,5000,1000
othim24,erp,1,1,1,0.0008,35.07798994398076,0.7265055179595947,380898.125,35.07117849848164,0.9449220895767212,0.7268750667572021,381091.875,0.02462005615234375,12908.0,0.00997161865234375,5228.0,0.013612747192382812,7137.0,0.0,0,0.7514951229095459,393999.875,5000,1000
othim25,erp,1,1,1,0.0008,32.91218109821295,0.9422706365585327,494021.1875,32.90379004668387,0.9294211268424988,0.9435629844665527,494698.75,0.022247314453125,11664.0,0.008724212646484375,4574.0,0.012361526489257812,6481.0,0.0,0,0.9658102989196777,506362.75,5000,1000
othim26,erp,1,1,1,0.0008,32.8214089695466,0.9491636753082275,497635.125,32.813683948977086,0.9296690225601196,0.9502383470535278,498198.5625,0.022167205810546875,11622.0,0.008775711059570312,4601.0,0.012334823608398438,6467.0,0.0,0,0.9724055528640747,509820.5625,5000,1000
othim27,erp,1,1,1,0.0008,33.10957276451736,0.8446797132492065,442855.4375,33.10019137879379,0.9183751940727234,0.8450357913970947,443042.125,0.0232391357421875,12184.0,0.009735107421875,5104.0,0.012456893920898438,6531.0,0.0,0,0.8682749271392822,455226.125,5000,1000
othim28,erp,1,1,1,0.0008,34.67867709655155,0.8521000146865845,446745.8125,34.67026231706405,0.9455599784851074,0.8526651263237,447042.09375,0.021791458129882812,11425.0,0.008747100830078125,4586.0,0.012149810791015625,6370.0,0.0,0,0.8744565844535828,458467.09375,5000,1000
othim29,erp,1,1,1,0.0008,34.95380891472278,0.8046682476997375,421877.90625,34.92613023291248,0.940736711025238,0.8057372570037842,422438.375,0.02074432373046875,10876.0,0.008684158325195312,4553.0,0.011144638061523438,5843.0,0.0,0,0.8264815807342529,433314.375,5000,1000
othim30,erp,1,1,1,0.0008,34.751388026133846,0.878178060054779,460418.21875,34.74853153768205,0.9460715651512146,0.87838214635849,460525.21875,0.0244903564453125,12840.0,0.009853363037109375,5166.0,0.013616561889648438,7139.0,0.0,0,0.9028725028038025,473365.21875,5000,1000
othim01,full,0,0,1,0.0035,29.947825737689623,0.200013667345047,104864.765625,29.94260878256004,0.840362012386322,0.2008756399154663,105316.6875,0.019367218017578125,10154.0,0.0078105926513671875,4095.0,0.010461807250976562,5485.0,0.0,0,0.22024285793304443,115470.6875,5000,1000
othim02,full,0,0,1,0.0035,29.841941204920754,0.20044684410095215,105091.875,29.830674274996834,0.8368597030639648,0.20124894380569458,105512.40625,0.019350051879882812,10145.0,0.0079193115234375,4152.0,0.010465621948242188,5487.0,0.0,0,0.2205989956855774,115657.40625,5000,1000
othim03,full,0,0,1,0.0035,29.798950845458084,0.21729348599910736,113924.3671875,29.791341950536303,0.8337334394454956,0.21777227520942688,114175.390625,0.020198822021484375,10590.0,0.009063720703125,4752.0,0.010297775268554688,5399.0,0.0,0,0.23797109723091125,124765.390625,5000,1000
othim04,full,0,0,1,0.0035,27.770268715983644,0.4624951183795929,242480.640625,27.766584605611218,0.8205728530883789,0.46285825967788696,242671.03125,0.02037811279296875,10684.0,0.008922576904296875,4678.0,0.010507583618164062,5509.0,0.0,0,0.4832363724708557,253355.03125,5000,1000
othim05,full,0,0,1,0.0035,28.56479267831799,0.36547577381134033,191614.5625,28.552669908398798,0.8131089210510254,0.3659355938434601,191855.640625,0.019327163696289062,10133.0,0.0089569091796875,4696.0,0.0094146728515625,4936.0,0.0,0,0.38526275753974915,201988.640625,5000,1000
othim06,full,0,0,1,0.0035,28.652633941945357,0.3720126450061798,195041.765625,28.637589528938136,0.8189005255699158,0.372316837310791,195201.25,0.019197463989257812,10065.0,0.008975982666015625,4706.0,0.009271621704101562,4861.0,0.0,0,0.39151430130004883,205266.25,5000,1000
othim07,full,0,0,1,0.0035,31.632899278458268,0.16574695706367493,86899.140625,31.621058813332393,0.891552209854126,0.1660047173500061,87034.28125,0.02068328857421875,10844.0,0.009138107299804688,4791.0,0.010593414306640625,5554.0,0.0,0,0.18668800592422485,97878.28125,5000,1000
othim08,full,0,0,1,0.0035,31.409516602158693,0.13946673274040222,73120.734375,31.396219805428277,0.8853243589401245,0.14036665856838226,73592.5546875,0.019201278686523438,10067.0,0.007862091064453125,4122.0,0.010381698608398438,5443.0,0.0,0,0.1595679372549057,83659.5546875,5000,1000
othim09,full,0,0,1,0.0035,30.658489145218038,0.14421844482421875,75612.0,30.65002409431288,0.8769575953483582,0.14570912718772888,76393.546875,0.0190887451171875,10008.0,0.0077228546142578125,4049.0,0.010526657104492188,5519.0,0.0,0,0.16479787230491638,86401.546875,5000,1000
othim10,full,0,0,1,0.0035,30.115075649686503,0.14625898003578186,76681.828125,30.108808300039456,0.8001460433006287,0.14731000363826752,77232.8671875,0.019191741943359375,10062.0,0.00775909423828125,4068.0,0.010463714599609375,5486.0,0.0,0,0.1665017455816269,87294.8671875,5000,1000
othim11,full,0,0,1,0.0035,29.55480135229668,0.1694260537624359,88828.046875,29.545148690742582,0.7938469648361206,0.17033648490905762,89305.375,0.01998138427734375,10476.0,0.009054183959960938,4747.0,0.010206222534179688,5351.0,0.0,0,0.19031786918640137,99781.375,5000,1000
othim12,full,0,0,1,0.0035,29.433173048649362,0.2024064064025879,106119.25,29.42572750387893,0.7957093119621277,0.20290176570415497,106378.9609375,0.020132064819335938,10555.0,0.008863449096679688,4647.0,0.010293960571289062,5397.0,0.0,0,0.2230338305234909,116933.9609375,5000,1000
othim13,full,0,0,1,0.0035,30.702993776490015,0.1455399990081787,76304.875,30.686028542672393,0.8665353059768677,0.14645378291606903,76783.9609375,0.017824172973632812,9345.0,0.0076465606689453125,4009.0,0.009319305419921875,4886.0,0.0,0,0.16427795588970184,86128.9609375,5000,1000
othim14,full,0,0,1,0.0035,30.549231122602617,0.1429525464773178,74948.3046875,30.538543878962127,0.8674401044845581,0.14413049817085266,75565.890625,0.019098281860351562,10013.0,0.007902145385742188,4143.0,0.0102386474609375,5368.0,0.0,0,0.16322878003120422,85578.890625,5000,1000
othim15,full,0,0,1,0.0035,30.756627587629854,0.15823733806610107,82961.9375,30.736401497185245,0.8679171800613403,0.15924586355686188,83490.6953125,0.018110275268554688,9495.0,0.007846832275390625,4114.0,0.00940704345703125,4932.0,0.0,0,0.17735613882541656,92985.6953125,5000,1000
othim16,full,0,0,1,0.0035,31.35864288958096,0.13812156021595,72415.4765625,31.350144078873626,0.8819365501403809,0.13962070643901825,73201.4609375,0.019062042236328125,9994.0,0.0077724456787109375,4075.0,0.010463714599609375,5486.0,0.0,0,0.15868274867534637,83195.4609375,5000,1000
othim17,full,0,0,1,0.0035,31.080576734697363,0.13282358646392822,69637.8125,31.06036098140278,0.8799719214439392,0.13366460800170898,70078.75,0.018848419189453125,9882.0,0.008930206298828125,4682.0,0.008968353271484375,4702.0,0.0,0,0.1525130271911621,79960.75,5000,1000
othim18,full,0,0,1,0.0035,31.072120302923167,0.1357995867729187,71198.09375,31.04955055034803,0.8786856532096863,0.13608330488204956,71346.84375,0.018880844116210938,9899.0,0.008899688720703125,4666.0,0.009138107299804688,4791.0,0.0,0,0.1549641489982605,81245.84375,5000,1000
othim19,full,0,0,1,0.0035,28.659579246360508,0.36300593614578247,190319.65625,28.646177172818785,0.8339077830314636,0.3634305000305176,190542.25,0.019441604614257812,10193.0,0.0088958740234375,4664.0,0.009616851806640625,5042.0,0.0,0,0.3828721046447754,200735.25,5000,1000
othim20,full,0,0,1,0.0035,28.64610688956888,0.36110353469848633,189322.25,28.636329975036876,0.8340043425559998,0.36179959774017334,189687.1875,0.019100189208984375,10014.0,0.008752822875976562,4589.0,0.009540557861328125,5002.0,0.0,0,0.3808997869491577,199701.1875,5000,1000
othim21,full,0,0,1,0.0035,28.652791297413987,0.37509289383888245,196656.703125,28.636184227987243,0.8356575965881348,0.3764459788799286,197366.109375,0.018133163452148438,9507.0,0.007844924926757812,4113.0,0.00946044921875,4960.0,0.0,0,0.394579142332077,206873.109375,5000,1000
othim22,full,0,0,1,0.0035,31.137587225545747,0.1829659342765808,95926.84375,31.11204897989268,0.8721579313278198,0.18330685794353485,96105.5859375,0.020036697387695312,10505.0,0.008838653564453125,4634.0,0.010234832763671875,5366.0,0.0,0,0.20334355533123016,106610.5859375,5000,1000
othim23,full,0,0,1,0.0035,29.892026639890208,0.17597520351409912,92261.6875,29.884378609052565,0.8583304286003113,0.17693373560905457,92764.234375,0.020666122436523438,10835.0,0.009130477905273438,4787.0,0.010442733764648438,5475.0,0.0,0,0.197599858045578,103599.234375,5000,1000
othim24,full,0,0,1,0.0035,29.177332027003228,0.2647632360458374,138812.1875,29.15578058217388,0.8573789596557617,0.26537907123565674,139135.0625,0.019277572631835938,10107.0,0.008958816528320312,4697.0,0.009618759155273438,5043.0,0.0,0,0.2846566438674927,149242.0625,5000,1000
othim25,full,0,0,1,0.0035,28.003636679892406,0.4066965579986572,213226.125,27.9989470358734,0.8403916358947754,0.4070299565792084,213400.921875,0.020101547241210938,10539.0,0.008922576904296875,4678.0,0.010221481323242188,5359.0,0.0,0,0.4271315038204193,223939.921875,5000,1000
othim26,full,0,0,1,0.0035,28.167440687099056,0.39942467212677,209413.5625,28.154825005196113,0.8445541858673096,0.3999462127685547,209687.0,0.019308090209960938,10123.0,0.0089569091796875,4696.0,0.009387969970703125,4922.0,0.0,0,0.4192543029785156,219810.0,5000,1000
othim27,full,0,0,1,0.0035,28.291787537028053,0.32874631881713867,172357.75,28.283993477827384,0.8214292526245117,0.32898250222206116,172481.578125,0.020032882690429688,10503.0,0.008886337280273438,4659.0,0.010194778442382812,5345.0,0.0,0,0.34901538491249084,182984.578125,5000,1000
othim28,full,0,0,1,0.0035,28.78761519976022,0.32932984828948975,172663.6875,28.78247788396477,0.8439977169036865,0.3305336833000183,173294.84375,0.01904296875,9984.0,0.00786590576171875,4124.0,0.0103759765625,5440.0,0.0,0,0.3495766520500183,183278.84375,5000,1000
othim29,full,0,0,1,0.0035,29.27315708528569,0.3235049247741699,169609.75,29.257485476387263,0.8434821367263794,0.323649525642395,169685.5625,0.0194091796875,10176.0,0.0090789794921875,4760.0,0.009511947631835938,4987.0,0.0,0,0.343058705329895,179861.5625,5000,1000
othim30,full,0,0,1,0.0035,28.76741713595639,0.34742942452430725,182153.078125,28.758775524519933,0.8464306592941284,0.3486230969429016,182778.90625,0.018341064453125,9616.0,0.008020401000976562,4205.0,0.009389877319335938,4923.0,0.0,0,0.3669641613960266,192394.90625,5000,1000
othim01,full,0,0,1,0.005,28.866963004315636,0.14855152368545532,77883.78125,28.85574776089221,0.8118371367454529,0.1495317965745926,78397.7265625,0.01935577392578125,10148.0,0.009008407592773438,4723.0,0.009386062622070312,4921.0,0.0,0,0.16888757050037384,88545.7265625,5000,1000
othim02,full,0,0,1,0.005,28.909648840280454,0.1529206782579422,80174.4765625,28.892235088655664,0.8121106624603271,0.15339410305023193,80422.6875,0.0193939208984375,10168.0,0.009050369262695312,4745.0,0.009496688842773438,4979.0,0.0,0,0.17278802394866943,90590.6875,5000,1000
othim03,full,0,0,1,0.005,28.74489881023184,0.15474940836429596,81133.2578125,28.72837186473414,0.8063053488731384,0.15540698170661926,81478.015625,0.018026351928710938,9451.0,0.007898330688476562,4141.0,0.009395599365234375,4926.0,0.0,0,0.1734333336353302,90929.015625,5000,1000
othim04,full,0,0,1,0.005,26.620180209889593,0.36285603046417236,190241.0625,26.60988399550644,0.7771216630935669,0.3641323149204254,190910.203125,0.018192291259765625,9538.0,0.00789642333984375,4140.0,0.009471893310546875,4966.0,0.0,0,0.38232460618019104,200448.203125,5000,1000
othim05,full,0,0,1,0.005,27.338237104475628,0.2737382650375366,143517.6875,27.331685432749754,0.7694681882858276,0.275028258562088,144194.015625,0.018339157104492188,9615.0,0.0079193115234375,4152.0,0.009449005126953125,4954.0,0.0,0,0.2933674156665802,153809.015625,5000,1000
othim06,full,0,0,1,0.005,27.549674430043996,0.28339236974716187,148579.21875,27.544918215002507,0.7790209054946899,0.2848789691925049,149358.625,0.0191650390625,10048.0,0.008014678955078125,4202.0,0.010309219360351562,5405.0,0.0,0,0.3040440082550049,159406.625,5000,1000
othim07,full,0,0,1,0.005,30.467814562605895,0.1264825016260147,66313.2578125,30.447639438036862,0.8723304271697998,0.1268787384033203,66521.0,0.019380569458007812,10161.0,0.008886337280273438,4659.0,0.009649276733398438,5059.0,0.0,0,0.14625930786132812,76682.0,5000,1000
othim08,full,0,0,1,0.005,30.390396549554165,0.11182481050491333,58628.40625,30.367581594784795,0.8662914037704468,0.11233615130186081,58896.49609375,0.01922607421875,10080.0,0.009027481079101562,4733.0,0.009363174438476562,4909.0,0.0,0,0.1315622255206108,68976.49609375,5000,1000
othim09,full,0,0,1,0.005,30.08444501361063,0.1179976761341095,61864.765625,30.061586303162212,0.8633257150650024,0.11867573857307434,62220.265625,0.0182342529296875,9560.0,0.00801849365234375,4204.0,0.009265899658203125,4858.0,0.0,0,0.13690999150276184,71780.265625,5000,1000
othim10,full,0,0,1,0.005,29.34330580498758,0.11337122321128845,59439.171875,29.32116968340792,0.7716278433799744,0.11443254351615906,59995.609375,0.018285751342773438,9587.0,0.007843017578125,4112.0,0.00946807861328125,4964.0,0.0,0,0.1327182948589325,69582.609375,5000,1000
othim11,full,0,0,1,0.005,28.97025028235537,0.12875624001026154,67505.3515625,28.95111216148804,0.7672555446624756,0.12924529612064362,67761.7578125,0.018312454223632812,9601.0,0.0078277587890625,4104.0,0.009641647338867188,5055.0,0.0,0,0.14755775034427643,77362.7578125,5000,1000
othim12,full,0,0,1,0.005,28.54616264110891,0.144954651594162,75997.984375,28.528628360447954,0.7643544673919678,0.14540304243564606,76233.0703125,0.019092559814453125,10010.0,0.00897216796875,4704.0,0.009130477905273438,4787.0,0.0,0,0.16449560225009918,86243.0703125,5000,1000
othim13,full,0,0,1,0.005,29.858279808175514,0.11793152242898941,61830.08203125,29.837766232953218,0.8514378070831299,0.11882828176021576,62300.2421875,0.017946243286132812,9409.0,0.00777435302734375,4076.0,0.009449005126953125,4954.0,0.0,0,0.13677452504634857,71709.2421875,5000,1000
othim14,full,0,0,1,0.005,29.960636008548487,0.11826077103614807,62002.703125,29.95157447242086,0.8532633185386658,0.1184653788805008,62109.9765625,0.0194091796875,10176.0,0.009012222290039062,4725.0,0.009429931640625,4944.0,0.0,0,0.1378745585680008,72285.9765625,5000,1000
othim15,full,0,0,1,0.005,29.99033131960419,0.1184038370847702,62077.7109375,29.975795081576255,0.8545626401901245,0.11964382976293564,62727.82421875,0.018177032470703125,9530.0,0.007940292358398438,4163.0,0.009428024291992188,4943.0,0.0,0,0.13782086223363876,72257.82421875,5000,1000
othim16,full,0,0,1,0.005,30.415620480245355,0.10804760456085205,56648.0625,30.39425249802456,0.8658102750778198,0.10908997058868408,57194.5625,0.01812744140625,9504.0,0.007839202880859375,4110.0,0.009447097778320312,4953.0,0.0,0,0.12721741199493408,66698.5625,5000,1000
othim17,full,0,0,1,0.005,30.557072358280852,0.10799378156661987,56619.84375,30.51291352911407,0.8687939643859863,0.10834592580795288,56804.46875,0.018499374389648438,9699.0,0.008974075317382812,4705.0,0.008562088012695312,4489.0,0.0,0,0.12684530019760132,66503.46875,5000,1000
othim18,full,0,0,1,0.005,30.550201875872926,0.10558569431304932,55357.3125,30.523267296781015,0.8681219816207886,0.10683447867631912,56012.03515625,0.017839431762695312,9353.0,0.007877349853515625,4130.0,0.00913238525390625,4788.0,0.0,0,0.12467391043901443,65365.03515625,5000,1000
othim19,full,0,0,1,0.005,27.143926287885126,0.25561752915382385,134017.203125,27.14063824573564,0.7890111804008484,0.25590959191322327,134170.328125,0.020494461059570312,10745.0,0.0090789794921875,4760.0,0.010442733764648438,5475.0,0.0,0,0.2764040529727936,144915.328125,5000,1000
othim20,full,0,0,1,0.005,27.049720445026725,0.2567964196205139,134635.28125,27.042913148873527,0.7879597544670105,0.2578849792480469,135206.0,0.019130706787109375,10030.0,0.008876800537109375,4654.0,0.009410858154296875,4934.0,0.0,0,0.27701568603515625,145236.0,5000,1000
othim21,full,0,0,1,0.005,27.383561524752903,0.282434344291687,148076.9375,27.356589666220184,0.7947341799736023,0.28305673599243164,148403.25,0.017133712768554688,8983.0,0.007932662963867188,4159.0,0.008371353149414062,4389.0,0.0,0,0.30019044876098633,157386.25,5000,1000
othim22,full,0,0,1,0.005,30.129408420354498,0.13792409002780914,72311.9453125,30.096270278927776,0.8560814261436462,0.13821765780448914,72465.859375,0.01923370361328125,10084.0,0.008974075317382812,4705.0,0.009296417236328125,4874.0,0.0,0,0.15745136141777039,82549.859375,5000,1000
othim23,full,0,0,1,0.005,29.31557019419903,0.14330515265464783,75133.171875,29.305552301036496,0.8394381999969482,0.14384496212005615,75416.1875,0.020282745361328125,10634.0,0.008882522583007812,4657.0,0.01041412353515625,5460.0,0.0,0,0.16412770748138428,86050.1875,5000,1000
othim24,full,0,0,1,0.005,27.97676886937326,0.17796087265014648,93302.75,27.96979273898063,0.8284232020378113,0.17887569963932037,93782.3828125,0.019369125366210938,10155.0,0.0078887939453125,4136.0,0.010524749755859375,5518.0,0.0,0,0.1982448250055313,103937.3828125,5000,1000
othim25,full,0,0,1,0.005,27.144217663442024,0.3158498704433441,165596.296875,27.14116216135345,0.8142854571342468,0.3164162039756775,165893.21875,0.020416259765625,10704.0,0.009000778198242188,4719.0,0.010583877563476562,5549.0,0.0,0,0.3368324637413025,176597.21875,5000,1000
othim26,full,0,0,1,0.005,27.09562763804902,0.3121700882911682,163667.03125,27.081863367965866,0.8146588206291199,0.31321123242378235,164212.890625,0.018598556518554688,9751.0,0.007898330688476562,4141.0,0.009737014770507812,5105.0,0.0,0,0.33180978894233704,173963.890625,5000,1000
othim27,full,0,0,1,0.005,26.936385586662343,0.22893734276294708,120029.1015625,26.923811116979493,0.790570855140686,0.2302621752023697,120723.6953125,0.018360137939453125,9626.0,0.007884979248046875,4134.0,0.00939178466796875,4924.0,0.0,0,0.24862231314182281,130349.6953125,5000,1000
othim28,full,0,0,1,0.005,27.592809343618786,0.23823802173137665,124905.3359375,27.58626730915488,0.808688759803772,0.23845604062080383,125019.640625,0.0203704833984375,10680.0,0.009168624877929688,4807.0,0.01038360595703125,5444.0,0.0,0,0.25882652401924133,135699.640625,5000,1000
othim29,full,0,0,1,0.005,28.059952368185293,0.24069678783416748,126194.4375,28.047665805629777,0.8101339340209961,0.2409605085849762,126332.703125,0.01966094970703125,10308.0,0.009134292602539062,4789.0,0.009580612182617188,5023.0,0.0,0,0.26062145829200745,136640.703125,5000,1000
othim30,full,0,0,1,0.005,27.655244997467822,0.25625982880592346,134353.953125,27.6475333417892,0.8122844696044922,0.25725919008255005,134877.90625,0.018045425415039062,9461.0,0.00795745849609375,4172.0,0.009136199951171875,4790.0,0.0,0,0.2753046154975891,144338.90625,5000,1000
othim01,full,0,1,1,0.0035,29.828557879462636,0.20624694228172302,108132.796875,29.819019849261306,0.8383316993713379,0.2068432867527008,108445.453125,0.020784378051757812,10897.0,0.007925033569335938,4155.0,0.01189422607421875,6236.0,0.0,0,0.22762766480445862,119342.453125,5000,1000
othim02,full,0,1,1,0.0035,29.62736382016729,0.1898895502090454,99556.8125,29.604399983269804,0.8347148895263672,0.19012221693992615,99678.796875,0.021053314208984375,11038.0,0.00902557373046875,4732.0,0.011194229125976562,5869.0,0.0,0,0.21117553114891052,110716.796875,5000,1000
othim03,full,0,1,1,0.0035,29.778532502017555,0.21411535143852234,112258.109375,29.761352643321214,0.8347066640853882,0.21464335918426514,112534.9375,0.020151138305664062,10565.0,0.008831024169921875,4630.0,0.010377883911132812,5441.0,0.0,0,0.2347944974899292,123099.9375,5000,1000
othim04,full,0,1,1,0.0035,27.841254470630286,0.4659372866153717,244285.328125,27.838085063433226,0.8231903910636902,0.4670727550983429,244880.640625,0.021734237670898438,11395.0,0.0088653564453125,4648.0,0.011798858642578125,6186.0,0.0,0,0.48880699276924133,256275.640625,5000,1000
othim05,full,0,1,1,0.0035,28.57614964159308,0.367634117603302,192746.15625,28.56342486746793,0.8119760751724243,0.36787673830986023,192873.359375,0.020656585693359375,10830.0,0.009122848510742188,4783.0,0.010702133178710938,5611.0,0.0,0,0.3885333240032196,203703.359375,5000,1000
othim06,full,0,1,1,0.0035,28.58617570176486,0.3726189136505127,195359.625,28.57478571023675,0.8169527053833008,0.3736787438392639,195915.28125,0.020795822143554688,10903.0,0.0090484619140625,4744.0,0.010911941528320312,5721.0,0.0,0,0.3944745659828186,206818.28125,5000,1000
othim07,full,0,1,1,0.0035,31.35387960694858,0.16533440351486206,86682.84375,31.32420235831007,0.887174129486084,0.16621068120002747,87142.265625,0.021055221557617188,11039.0,0.009059906005859375,4750.0,0.011041641235351562,5789.0,0.0,0,0.18726590275764465,98181.265625,5000,1000
othim08,full,0,1,1,0.0035,31.4416408162524,0.14106139540672302,73956.796875,31.401828222798894,0.8852497935295105,0.14174491167068481,74315.15625,0.020738601684570312,10873.0,0.0089111328125,4672.0,0.010866165161132812,5697.0,0.0,0,0.16248351335525513,85188.15625,5000,1000
othim09,full,0,1,1,0.0035,31.38083139175068,0.16369274258613586,85822.140625,31.36074484633761,0.884706974029541,0.16603568196296692,87050.515625,0.018133163452148438,9507.0,0.0067119598388671875,3519.0,0.010463714599609375,5486.0,0.0,0,0.18416884541511536,96557.515625,5000,1000
othim10,full,0,1,1,0.0035,30.04225938537657,0.15398451685905457,80732.234375,30.018242554331625,0.7976200580596924,0.15432393550872803,80910.1875,0.020322799682617188,10655.0,0.008943557739257812,4689.0,0.010412216186523438,5459.0,0.0,0,0.17464673519134521,91565.1875,5000,1000
othim11,full,0,1,1,0.0035,29.61242158137507,0.16866472363471985,88428.890625,29.60578948124972,0.7938685417175293,0.16961374878883362,88926.453125,0.020694732666015625,10850.0,0.007848739624023438,4115.0,0.011880874633789062,6229.0,0.0,0,0.19030848145484924,99776.453125,5000,1000
othim12,full,0,1,1,0.0035,29.409366226632823,0.20303836464881897,106450.578125,29.397169851203667,0.7964221835136414,0.20552203059196472,107752.734375,0.018415451049804688,9655.0,0.0067462921142578125,3537.0,0.010723114013671875,5622.0,0.0,0,0.2239374816417694,117407.734375,5000,1000
othim13,full,0,1,1,0.0035,30.887293075568678,0.15575766563415527,81661.875,30.87314119894431,0.869170606136322,0.1574377417564392,82542.71875,0.019292831420898438,10115.0,0.0076656341552734375,4019.0,0.010778427124023438,5651.0,0.0,0,0.17673057317733765,92657.71875,5000,1000
othim14,full,0,1,1,0.0035,30.802379399244625,0.14387577772140503,75432.34375,30.77833346870339,0.8682615756988525,0.14448046684265137,75749.375,0.02074432373046875,10876.0,0.00902557373046875,4732.0,0.0108795166015625,5704.0,0.0,0,0.16522479057312012,86625.375,5000,1000
othim15,full,0,1,1,0.0035,30.676183528216754,0.1466989815235138,76912.515625,30.658063359545988,0.8680455088615417,0.1469934731721878,77066.9140625,0.020982742309570312,11001.0,0.008876800537109375,4654.0,0.011150360107421875,5846.0,0.0,0,0.16797621548175812,88067.9140625,5000,1000
othim16,full,0,1,1,0.0035,31.149006691133753,0.12928953766822815,67784.953125,31.141189572433607,0.8794560432434082,0.13078145682811737,68567.1484375,0.020050048828125,10512.0,0.0077362060546875,4056.0,0.01148223876953125,6020.0,0.0,0,0.15083150565624237,79079.1484375,5000,1000
othim17,full,0,1,1,0.0035,31.200396779306583,0.1314956545829773,68941.59375,31.177387829458798,0.8800882697105408,0.13177284598350525,69086.921875,0.020885467529296875,10950.0,0.008890151977539062,4661.0,0.011043548583984375,5790.0,0.0,0,0.15265831351280212,80036.921875,5000,1000
othim18,full,0,1,1,0.0035,31.330239336933218,0.13089177012443542,68624.984375,31.305831053346484,0.8823345899581909,0.13119015097618103,68781.421875,0.02010345458984375,10540.0,0.008874893188476562,4653.0,0.01038360595703125,5444.0,0.0,0,0.15129360556602478,79321.421875,5000,1000
othim19,full,0,1,1,0.0035,28.622802846071053,0.37454959750175476,196371.859375,28.601268087429247,0.8335644006729126,0.3749310374259949,196571.84375,0.02050018310546875,10748.0,0.008955001831054688,4695.0,0.010828018188476562,5677.0,0.0,0,0.3954312205314636,207319.84375,5000,1000
othim20,full,0,1,1,0.0035,28.669480099263666,0.3765881657600403,197440.65625,28.6537353382061,0.8313945531845093,0.3768604099750519,197583.390625,0.020252227783203125,10618.0,0.008916854858398438,4675.0,0.01050567626953125,5508.0,0.0,0,0.397112637758255,208201.390625,5000,1000
othim21,full,0,1,1,0.0035,28.61636793148672,0.3896484971046448,204288.03125,28.604879669636762,0.8333799242973328,0.3906245529651642,204799.765625,0.019651412963867188,10303.0,0.00791168212890625,4148.0,0.010793685913085938,5659.0,0.0,0,0.41027596592903137,215102.765625,5000,1000
othim22,full,0,1,1,0.0035,31.114643344677052,0.18085384368896484,94819.5,31.106617543778356,0.8733937740325928,0.18184596300125122,95339.65625,0.020814895629882812,10913.0,0.0077419281005859375,4059.0,0.011989593505859375,6286.0,0.0,0,0.20266085863113403,106252.65625,5000,1000
othim23,full,0,1,1,0.0035,29.997397086674813,0.18552085757255554,97266.359375,29.992419784978193,0.8584567904472351,0.18654680252075195,97804.25,0.021484375,11264.0,0.008775711059570312,4601.0,0.011739730834960938,6155.0,0.0,0,0.20803117752075195,109068.25,5000,1000
othim24,full,0,1,1,0.0035,29.339961829273644,0.26283448934555054,137800.96875,29.331881584609857,0.8609824180603027,0.26335734128952026,138075.09375,0.021900177001953125,11482.0,0.008882522583007812,4657.0,0.0119476318359375,6264.0,0.0,0,0.2852575182914734,149557.09375,5000,1000
othim25,full,0,1,1,0.0035,28.192599897513105,0.4022185504436493,210878.359375,28.17911918635932,0.8432550430297852,0.403179407119751,211382.125,0.01979827880859375,10380.0,0.007976531982421875,4182.0,0.010885238647460938,5707.0,0.0,0,0.4229776859283447,221762.125,5000,1000
othim26,full,0,1,1,0.0035,28.146613814386225,0.40536123514175415,212526.03125,28.14173898863979,0.8433727622032166,0.4058457911014557,212780.078125,0.021814346313476562,11437.0,0.00891876220703125,4676.0,0.011943817138671875,6262.0,0.0,0,0.42766013741493225,224217.078125,5000,1000
othim27,full,0,1,1,0.0035,28.357627867000918,0.33247262239456177,174311.40625,28.35018575757593,0.821890115737915,0.3333277106285095,174759.71875,0.020839691162109375,10926.0,0.007879257202148438,4131.0,0.012111663818359375,6350.0,0.0,0,0.3541674017906189,185685.71875,5000,1000
othim28,full,0,1,1,0.0035,28.84399913132,0.33630362153053284,176319.953125,28.83505439453764,0.8457479476928711,0.33741605281829834,176903.1875,0.020551681518554688,10775.0,0.0079193115234375,4152.0,0.011684417724609375,6126.0,0.0,0,0.357967734336853,187678.1875,5000,1000
othim29,full,0,1,1,0.0035,29.32937212559651,0.3240523338317871,169896.75,29.316293917579326,0.8460432887077332,0.3249959945678711,170391.5,0.01961517333984375,10284.0,0.007974624633789062,4181.0,0.010822296142578125,5674.0,0.0,0,0.34461116790771484,180675.5,5000,1000
othim30,full,0,1,1,0.0035,28.873243761460838,0.3442562222480774,180489.40625,28.855442953300003,0.8486616015434265,0.34444549679756165,180588.640625,0.02053070068359375,10764.0,0.009038925170898438,4739.0,0.01068878173828125,5604.0,0.0,0,0.3649761974811554,191352.640625,5000,1000
othim01,full,0,1,1,0.005,28.747841804658822,0.14869076013565063,77956.78125,28.735658546761467,0.8091143369674683,0.14900857210159302,78123.40625,0.02065277099609375,10828.0,0.008825302124023438,4627.0,0.010746002197265625,5634.0,0.0,0,0.16966134309768677,88951.40625,5000,1000
othim02,full,0,1,1,0.005,28.97829043475278,0.15067219734191895,78995.625,28.96396936526916,0.8136048316955566,0.15127909183502197,79313.8125,0.020952224731445312,10985.0,0.009042739868164062,4741.0,0.011075973510742188,5807.0,0.0,0,0.17223131656646729,90298.8125,5000,1000
othim03,full,0,1,1,0.005,28.650853489995352,0.15308858454227448,80262.5078125,28.636442759188068,0.8037396669387817,0.1540703922510147,80777.2578125,0.01959991455078125,10276.0,0.007902145385742188,4143.0,0.01073455810546875,5628.0,0.0,0,0.17367030680179596,91053.2578125,5000,1000
othim04,full,0,1,1,0.005,26.648753508025322,0.3663197159767151,192057.03125,26.639460009505697,0.7780686616897583,0.3673693537712097,192607.34375,0.019327163696289062,10133.0,0.00791168212890625,4148.0,0.010576248168945312,5545.0,0.0,0,0.3866965174674988,202740.34375,5000,1000
othim05,full,0,1,1,0.005,27.3641690278554,0.2727956473827362,143023.484375,27.353211340431216,0.7705535888671875,0.27299565076828003,143128.34375,0.020799636840820312,10905.0,0.009206771850585938,4827.0,0.010736465454101562,5629.0,0.0,0,0.29379528760910034,154033.34375,5000,1000
othim06,full,0,1,1,0.005,27.434252913134117,0.28018444776535034,146897.34375,27.418477802021624,0.7777552604675293,0.2819669246673584,147831.875,0.019487380981445312,10217.0,0.007879257202148438,4131.0,0.0107574462890625,5640.0,0.0,0,0.3014543056488037,158048.875,5000,1000
othim07,full,0,1,1,0.005,30.164582445424596,0.12171077728271484,63811.5,30.14104477519939,0.8682758212089539,0.12200059741735458,63963.44921875,0.020563125610351562,10781.0,0.008991241455078125,4714.0,0.010744094848632812,5633.0,0.0,0,0.14256372302770615,74744.44921875,5000,1000
othim08,full,0,1,1,0.005,30.456256842561107,0.11090238392353058,58144.7890625,30.436956697797253,0.8672957420349121,0.11110398173332214,58250.484375,0.020536422729492188,10767.0,0.009006500244140625,4722.0,0.010684967041015625,5602.0,0.0,0,0.13164040446281433,69017.484375,5000,1000
othim09,full,0,1,1,0.005,30.119563549384235,0.11867794394493103,62221.421875,30.10319456406728,0.8643765449523926,0.11960960179567337,62709.87890625,0.019639968872070312,10297.0,0.0078125,4096.0,0.010972976684570312,5753.0,0.0,0,0.13924957066774368,73006.87890625,5000,1000
othim10,full,0,1,1,0.005,29.259115175373125,0.11573747545480728,60679.76953125,29.238361389231656,0.7716137170791626,0.11612501740455627,60882.953125,0.020357131958007812,10673.0,0.008985519409179688,4711.0,0.010519027709960938,5515.0,0.0,0,0.1364821493625641,71555.953125,5000,1000
othim11,full,0,1,1,0.005,28.92014708369283,0.13016214966773987,68242.453125,28.899057366159642,0.7661058902740479,0.13112355768680573,68746.5078125,0.019008636474609375,9966.0,0.00780487060546875,4092.0,0.010362625122070312,5433.0,0.0,0,0.1501321941614151,78712.5078125,5000,1000
othim12,full,0,1,1,0.005,28.46163158639921,0.14364631474018097,75312.0390625,28.424111932258118,0.7625634074211121,0.14431039988994598,75660.2109375,0.01873016357421875,9820.0,0.008764266967773438,4595.0,0.009107589721679688,4775.0,0.0,0,0.16304056346416473,85480.2109375,5000,1000
othim13,full,0,1,1,0.005,29.847109562679393,0.11659358441829681,61128.6171875,29.826360594783154,0.8516696691513062,0.11766409128904343,61689.87109375,0.020463943481445312,10729.0,0.008909225463867188,4671.0,0.010589599609375,5552.0,0.0,0,0.13812803477048874,72418.87109375,5000,1000
othim14,full,0,1,1,0.005,30.053294813084012,0.11940200626850128,62601.0390625,30.0079419945515,0.8523566722869873,0.11990216374397278,62863.265625,0.019527435302734375,10238.0,0.009090423583984375,4766.0,0.009616851806640625,5042.0,0.0,0,0.13942959904670715,73101.265625,5000,1000
othim15,full,0,1,1,0.005,29.918902400676952,0.11974090337753296,62778.71875,29.896809813948863,0.8551703691482544,0.11998709291219711,62907.79296875,0.02097320556640625,10996.0,0.009088516235351562,4765.0,0.011045455932617188,5791.0,0.0,0,0.14096029847860336,73903.79296875,5000,1000
othim16,full,0,1,1,0.005,30.51275766716005,0.10668245702981949,55932.33203125,30.486428845266445,0.8676266670227051,0.10728182643651962,56246.57421875,0.019231796264648438,10083.0,0.007822036743164062,4101.0,0.01056671142578125,5540.0,0.0,0,0.12651362270116806,66329.57421875,5000,1000
othim17,full,0,1,1,0.005,30.426705562930547,0.1069386899471283,56066.671875,30.413990969168662,0.867652416229248,0.1090579405426979,57177.76953125,0.01865386962890625,9780.0,0.0067157745361328125,3521.0,0.010980606079101562,5757.0,0.0,0,0.12771181017160416,66957.76953125,5000,1000
othim18,full,0,1,1,0.005,30.59039140110828,0.10833680629730225,56799.6875,30.56531015133707,0.8693728446960449,0.10915790498256683,57230.1796875,0.019407272338867188,10175.0,0.007841110229492188,4111.0,0.010740280151367188,5631.0,0.0,0,0.12856517732143402,67405.1796875,5000,1000
othim19,full,0,1,1,0.005,27.462564863180518,0.28199219703674316,147845.125,27.446708088709105,0.7966980338096619,0.28225016593933105,147980.375,0.020353317260742188,10671.0,0.008970260620117188,4703.0,0.010532379150390625,5522.0,0.0,0,0.30260348320007324,158651.375,5000,1000
othim20,full,0,1,1,0.005,27.448603484168107,0.2856289744377136,149751.84375,27.431351104880587,0.7934919595718384,0.28650906682014465,150213.265625,0.019643783569335938,10299.0,0.007951736450195312,4169.0,0.010852813720703125,5690.0,0.0,0,0.3061528503894806,160512.265625,5000,1000
othim21,full,0,1,1,0.005,27.34527983984701,0.2867000102996826,150313.375,27.335872725166894,0.7946944236755371,0.287659615278244,150816.484375,0.020658493041992188,10831.0,0.00887298583984375,4652.0,0.010831832885742188,5679.0,0.0,0,0.3083181083202362,161647.484375,5000,1000
othim22,full,0,1,1,0.005,29.801279631912013,0.13045889139175415,68398.03125,29.764501707175416,0.8533307313919067,0.13167954981327057,69038.0078125,0.019269943237304688,10103.0,0.0077991485595703125,4089.0,0.0106201171875,5568.0,0.0,0,0.15094949305057526,79141.0078125,5000,1000
othim23,full,0,1,1,0.005,29.310374114926756,0.1470278948545456,77084.9609375,29.286451093918846,0.8374683260917664,0.14753097295761108,77348.71875,0.020717620849609375,10862.0,0.0089263916015625,4680.0,0.01084136962890625,5684.0,0.0,0,0.16824859380722046,88210.71875,5000,1000
othim24,full,0,1,1,0.005,28.089281201402752,0.18517524003982544,97085.15625,28.08467807431451,0.8299999237060547,0.18536436557769775,97184.3125,0.021841049194335938,11451.0,0.009035110473632812,4737.0,0.011829376220703125,6202.0,0.0,0,0.2072054147720337,108635.3125,5000,1000
othim25,full,0,1,1,0.005,27.13093000067427,0.3057735562324524,160313.40625,27.11710510641896,0.8144015073776245,0.3061617910861969,160516.953125,0.0206298828125,10816.0,0.008937835693359375,4686.0,0.010883331298828125,5706.0,0.0,0,0.3267916738986969,171332.953125,5000,1000
othim26,full,0,1,1,0.005,27.09358663528987,0.3149932622909546,165147.1875,27.075325696028596,0.8142616748809814,0.31554824113845825,165438.15625,0.020395278930664062,10693.0,0.00904083251953125,4740.0,0.010623931884765625,5570.0,0.0,0,0.3359435200691223,176131.15625,5000,1000
othim27,full,0,1,1,0.005,27.33624269833764,0.23931843042373657,125471.78125,27.32017037147155,0.7945588827133179,0.24047555029392242,126078.4453125,0.020914077758789062,10965.0,0.008855819702148438,4643.0,0.0110931396484375,5816.0,0.0,0,0.2613896280527115,137043.4453125,5000,1000
othim28,full,0,1,1,0.005,27.316336090798142,0.21701139211654663,113776.46875,27.300234844976945,0.8030728101730347,0.21799767017364502,114293.5625,0.019269943237304688,10103.0,0.007963180541992188,4175.0,0.010438919067382812,5473.0,0.0,0,0.2372676134109497,124396.5625,5000,1000
othim29,full,0,1,1,0.005,28.0715224399259,0.23609960079193115,123784.1875,28.06103741490922,0.8132963180541992,0.23714925348758698,124334.5078125,0.019762039184570312,10361.0,0.007921218872070312,4153.0,0.01088714599609375,5708.0,0.0,0,0.2569112926721573,134695.5078125,5000,1000
othim30,full,0,1,1,0.005,27.644694009055645,0.25090616941452026,131547.09375,27.638648072266694,0.8139123320579529,0.2522014081478119,132226.171875,0.019565582275390625,10258.0,0.0078125,4096.0,0.010793685913085938,5659.0,0.0,0,0.2717669904232025,142484.171875,5000,1000
othim01,full,1,0,1,0.0035,30.884554252951684,0.24204406142234802,126900.796875,30.8616744402423,0.8582041263580322,0.24280831217765808,127301.484375,0.018289566040039062,9589.0,0.008014678955078125,4202.0,0.009307861328125,4880.0,0.0,0,0.26109787821769714,136890.484375,5000,1000
othim02,full,1,0,1,0.0035,30.79113317070895,0.24018016457557678,125923.578125,30.776507086578125,0.8558266162872314,0.24050205945968628,126092.34375,0.019256591796875,10096.0,0.008993148803710938,4715.0,0.009296417236328125,4874.0,0.0,0,0.2597586512565613,136188.34375,5000,1000
othim03,full,1,0,1,0.0035,30.79805821863114,0.24118754267692566,126451.734375,30.783463707358795,0.8541244268417358,0.24202026426792145,126888.3203125,0.020111083984375,10544.0,0.0090484619140625,4744.0,0.010221481323242188,5359.0,0.0,0,0.26213134825229645,137432.3203125,5000,1000
othim04,full,1,0,1,0.0035,28.296895589719924,0.5027309656143188,263575.8125,28.283970141936937,0.8386077880859375,0.5030344724655151,263734.9375,0.018894195556640625,9906.0,0.008754730224609375,4590.0,0.009191513061523438,4819.0,0.0,0,0.5219286680221558,273640.9375,5000,1000
othim05,full,1,0,1,0.0035,29.121206416722178,0.39769983291625977,208509.25,29.114029853141968,0.8307312726974487,0.39827442169189453,208810.5,0.020124435424804688,10551.0,0.0088958740234375,4664.0,0.01027679443359375,5388.0,0.0,0,0.4183988571166992,219361.5,5000,1000
othim06,full,1,0,1,0.0035,29.2786624008982,0.3943469524383545,206751.375,29.271283933594404,0.8365412950515747,0.3948214054107666,207000.125,0.0194244384765625,10184.0,0.008020401000976562,4205.0,0.010463714599609375,5486.0,0.0,0,0.4142458438873291,217184.125,5000,1000
othim07,full,1,0,1,0.0035,32.23434421749746,0.20388942956924438,106896.78125,32.21350417558505,0.8976010084152222,0.20420053601264954,107059.890625,0.01981353759765625,10388.0,0.008901596069335938,4667.0,0.010084152221679688,5287.0,0.0,0,0.2240140736103058,117447.890625,5000,1000
othim08,full,1,0,1,0.0035,32.634782063387476,0.17904415726661682,93870.703125,32.595977405882316,0.8998176455497742,0.17952439188957214,94122.484375,0.019094467163085938,10011.0,0.009038925170898438,4739.0,0.009260177612304688,4855.0,0.0,0,0.19861885905265808,104133.484375,5000,1000
othim09,full,1,0,1,0.0035,32.32619746233487,0.19265109300613403,101004.65625,32.312709425280296,0.894957423210144,0.19428035616874695,101858.859375,0.019075393676757812,10001.0,0.007974624633789062,4181.0,0.010395050048828125,5450.0,0.0,0,0.21335574984550476,111859.859375,5000,1000
othim10,full,1,0,1,0.0035,30.782626810577842,0.18184877932071686,95341.1328125,30.770482900698365,0.8240684866905212,0.18317240476608276,96035.09375,0.0182647705078125,9576.0,0.0079345703125,4160.0,0.009389877319335938,4923.0,0.0,0,0.20143717527389526,105611.09375,5000,1000
othim11,full,1,0,1,0.0035,30.4360166101127,0.20986708998680115,110030.796875,30.430871580769434,0.8229230642318726,0.21020330488681793,110207.0703125,0.020063400268554688,10519.0,0.009004592895507812,4721.0,0.010213851928710938,5355.0,0.0,0,0.23026670515537262,120726.0703125,5000,1000
othim12,full,1,0,1,0.0035,30.042712179925207,0.2293854057788849,120264.015625,30.02232742530175,0.8196438550949097,0.22979260981082916,120477.5078125,0.018987655639648438,9955.0,0.008930206298828125,4682.0,0.009212493896484375,4830.0,0.0,0,0.2487802654504776,130432.5078125,5000,1000
othim13,full,1,0,1,0.0035,32.21869021776798,0.19947057962417603,104580.03125,32.19708628775528,0.8858846426010132,0.20128557085990906,105531.609375,0.017686843872070312,9273.0,0.0076885223388671875,4031.0,0.00916290283203125,4804.0,0.0,0,0.21897241473197937,114804.609375,5000,1000
othim14,full,1,0,1,0.0035,32.132604699648034,0.19640317559242249,102971.828125,32.06963174549491,0.884091854095459,0.19696013629436493,103263.8359375,0.016790390014648438,8803.0,0.007833480834960938,4107.0,0.008256912231445312,4329.0,0.0,0,0.21375052630901337,112066.8359375,5000,1000
othim15,full,1,0,1,0.0035,32.197132288315515,0.19936032593250275,104522.2265625,32.16841629119492,0.8858659267425537,0.1996316909790039,104664.5,0.01920318603515625,10068.0,0.009052276611328125,4746.0,0.009433746337890625,4946.0,0.0,0,0.21883487701416016,114732.5,5000,1000
othim16,full,1,0,1,0.0035,32.66095697297168,0.17426656186580658,91365.8671875,32.65284466552373,0.8967714309692383,0.1745888590812683,91534.84375,0.020162582397460938,10571.0,0.008855819702148438,4643.0,0.010499954223632812,5505.0,0.0,0,0.19475144147872925,102105.84375,5000,1000
othim17,full,1,0,1,0.0035,32.686669927119134,0.17638465762138367,92476.359375,32.66313083811284,0.8978828191757202,0.17757782340049744,93101.921875,0.018070220947265625,9474.0,0.007856369018554688,4119.0,0.009401321411132812,4929.0,0.0,0,0.19564804434776306,102575.921875,5000,1000
othim18,full,1,0,1,0.0035,32.52804385897894,0.17126822471618652,89793.875,32.49915653385386,0.895719051361084,0.17214325070381165,90252.640625,0.019237518310546875,10086.0,0.008975982666015625,4706.0,0.009426116943359375,4942.0,0.0,0,0.19138076901435852,100338.640625,5000,1000
othim19,full,1,0,1,0.0035,29.32412726115689,0.4067191481590271,213237.96875,29.313655937331998,0.8504899740219116,0.40729498863220215,213539.875,0.020137786865234375,10558.0,0.009096145629882812,4769.0,0.010332107543945312,5417.0,0.0,0,0.4274327754974365,224097.875,5000,1000
othim20,full,1,0,1,0.0035,29.283466338630475,0.3930482566356659,206070.484375,29.26777525349833,0.8468934893608093,0.3933682441711426,206238.25,0.019298553466796875,10118.0,0.008951187133789062,4693.0,0.009523391723632812,4993.0,0.0,0,0.41266679763793945,216356.25,5000,1000
othim21,full,1,0,1,0.0035,29.251889968689483,0.4037081003189087,211659.3125,29.234979950235687,0.8496994376182556,0.40497907996177673,212325.671875,0.018381118774414062,9637.0,0.007902145385742188,4143.0,0.009752273559570312,5113.0,0.0,0,0.4233601987361908,221962.671875,5000,1000
othim22,full,1,0,1,0.0035,31.918977918237072,0.20799089968204498,109047.1328125,31.913029415545292,0.8827425241470337,0.20944687724113464,109810.484375,0.019403457641601562,10173.0,0.0078067779541015625,4093.0,0.010528564453125,5520.0,0.0,0,0.2288503348827362,119983.484375,5000,1000
othim23,full,1,0,1,0.0035,30.928829331688586,0.21994945406913757,115316.859375,30.909700673937362,0.8791186213493347,0.2203460931777954,115524.8125,0.020450592041015625,10722.0,0.008928298950195312,4681.0,0.010547637939453125,5530.0,0.0,0,0.24079668521881104,126246.8125,5000,1000
othim24,full,1,0,1,0.0035,30.193150528924374,0.3103717267513275,162724.171875,30.164460928177476,0.8794471621513367,0.31227439641952515,163721.71875,0.018293380737304688,9591.0,0.007999420166015625,4194.0,0.009349822998046875,4902.0,0.0,0,0.33056777715682983,173312.71875,5000,1000
othim25,full,1,0,1,0.0035,28.7600655102833,0.43706178665161133,229146.25,28.754264491624166,0.8513413667678833,0.4375677704811096,229411.53125,0.020318984985351562,10653.0,0.008905410766601562,4669.0,0.0104522705078125,5480.0,0.0,0,0.4578867554664612,240064.53125,5000,1000
othim26,full,1,0,1,0.0035,28.829736338352035,0.44096657633781433,231193.484375,28.82500595358113,0.8525705337524414,0.4415588974952698,231504.03125,0.020273208618164062,10629.0,0.008859634399414062,4645.0,0.01045989990234375,5484.0,0.0,0,0.46183210611343384,242133.03125,5000,1000
othim27,full,1,0,1,0.0035,29.09562270914029,0.35814544558525085,187771.359375,29.08893008184675,0.8351526260375977,0.35838034749031067,187894.515625,0.020235061645507812,10609.0,0.0089874267578125,4712.0,0.010433197021484375,5470.0,0.0,0,0.3786154091358185,198503.515625,5000,1000
othim28,full,1,0,1,0.0035,29.412825557228103,0.368190735578537,193037.984375,29.397772430139014,0.8629963397979736,0.36918315291404724,193558.296875,0.018230438232421875,9558.0,0.00788116455078125,4132.0,0.00930023193359375,4876.0,0.0,0,0.3874135911464691,203116.296875,5000,1000
othim29,full,1,0,1,0.0035,29.798961269814843,0.3452240526676178,180996.828125,29.791861775137306,0.8603687286376953,0.3457530736923218,181274.1875,0.020452499389648438,10723.0,0.009065628051757812,4753.0,0.010580062866210938,5547.0,0.0,0,0.3662055730819702,191997.1875,5000,1000
othim30,full,1,0,1,0.0035,29.447294357293174,0.37148043513298035,194762.734375,29.430259907977902,0.8643402457237244,0.3718821108341217,194973.328125,0.019435882568359375,10190.0,0.00897216796875,4704.0,0.009525299072265625,4994.0,0.0,0,0.3913179934024811,205163.328125,5000,1000
othim01,full,1,0,1,0.005,29.72950711197221,0.1744692027568817,91472.109375,29.713310969213623,0.8306281566619873,0.1754169464111328,91969.0,0.018402099609375,9648.0,0.007917404174804688,4151.0,0.009517669677734375,4990.0,0.0,0,0.1938190460205078,101617.0,5000,1000
othim02,full,1,0,1,0.005,29.425598038751797,0.1681894212961197,88179.6953125,29.417659602876004,0.8254128694534302,0.16968971490859985,88966.28125,0.019567489624023438,10259.0,0.008008956909179688,4199.0,0.010601043701171875,5558.0,0.0,0,0.1892572045326233,99225.28125,5000,1000
othim03,full,1,0,1,0.005,29.618409751123295,0.18905267119407654,99118.046875,29.600595773850937,0.8281628489494324,0.18940706551074982,99303.8515625,0.019281387329101562,10109.0,0.00907135009765625,4756.0,0.009233474731445312,4841.0,0.0,0,0.20868845283985138,109412.8515625,5000,1000
othim04,full,1,0,1,0.005,27.23564254379592,0.39383208751678467,206481.4375,27.225111002867532,0.8026013374328613,0.39478790760040283,206982.5625,0.01845550537109375,9676.0,0.007871627807617188,4127.0,0.009748458862304688,5111.0,0.0,0,0.4132434129714966,216658.5625,5000,1000
othim05,full,1,0,1,0.005,27.982387110785265,0.3127180337905884,163954.3125,27.973143998891903,0.7942845821380615,0.31488919258117676,165092.625,0.017984390258789062,9429.0,0.0077648162841796875,4071.0,0.009122848510742188,4783.0,0.0,0,0.3328735828399658,174521.625,5000,1000
othim06,full,1,0,1,0.005,28.143574013409744,0.30999958515167236,162529.0625,28.135005892619272,0.8010945320129395,0.31120508909225464,163161.09375,0.018922805786132812,9921.0,0.0077686309814453125,4073.0,0.010219573974609375,5358.0,0.0,0,0.33012789487838745,173082.09375,5000,1000
othim07,full,1,0,1,0.005,31.566557679080102,0.15376606583595276,80617.703125,31.55099287933974,0.8880490064620972,0.15446369349956512,80983.4609375,0.01946258544921875,10204.0,0.008941650390625,4688.0,0.009700775146484375,5086.0,0.0,0,0.17392627894878387,91187.4609375,5000,1000
othim08,full,1,0,1,0.005,31.438537808797424,0.13814714550971985,72428.890625,31.40689634364465,0.8818100690841675,0.13848598301410675,72606.5390625,0.019052505493164062,9989.0,0.008962631225585938,4699.0,0.009387969970703125,4922.0,0.0,0,0.1575384885072708,82595.5390625,5000,1000
othim09,full,1,0,1,0.005,31.381571908647718,0.1528080254793167,80115.4140625,31.363241155919752,0.8808279037475586,0.15335257351398468,80400.9140625,0.019596099853515625,10274.0,0.008922576904296875,4678.0,0.00972747802734375,5100.0,0.0,0,0.1729486733675003,90674.9140625,5000,1000
othim10,full,1,0,1,0.005,29.927415605262507,0.1442956179380417,75652.4609375,29.90854863405998,0.7985339164733887,0.14490491151809692,75971.90625,0.018201828002929688,9543.0,0.0077667236328125,4072.0,0.009473800659179688,4967.0,0.0,0,0.1631067395210266,85514.90625,5000,1000
othim11,full,1,0,1,0.005,29.514852148593757,0.15370643138885498,80586.4375,29.500412935262897,0.7915024757385254,0.15570160746574402,81632.484375,0.018289566040039062,9589.0,0.008005142211914062,4197.0,0.009469985961914062,4965.0,0.0,0,0.17399117350578308,91221.484375,5000,1000
othim12,full,1,0,1,0.005,28.852106165852238,0.16229602694511414,85089.859375,28.833457215021657,0.7823588848114014,0.16300928592681885,85463.8125,0.01891326904296875,9916.0,0.0089263916015625,4680.0,0.00913238525390625,4788.0,0.0,0,0.1819225549697876,95379.8125,5000,1000
othim13,full,1,0,1,0.005,31.178960932245364,0.15216362476348877,79777.5625,31.15710599720084,0.8703450560569763,0.1531175822019577,80277.7109375,0.01824951171875,9568.0,0.007966995239257812,4177.0,0.009342193603515625,4898.0,0.0,0,0.1713670939207077,89845.7109375,5000,1000
othim14,full,1,0,1,0.005,30.566578625799195,0.13414722681045532,70331.78125,30.552855342288666,0.8637354373931885,0.13448168337345123,70507.1328125,0.019063949584960938,9995.0,0.008684158325195312,4553.0,0.00952911376953125,4996.0,0.0,0,0.15354563295841217,80502.1328125,5000,1000
othim15,full,1,0,1,0.005,31.064416633497597,0.15030506253242493,78803.140625,31.045554402635222,0.870339035987854,0.1516156941652298,79490.2890625,0.01808929443359375,9484.0,0.007966995239257812,4177.0,0.009305953979492188,4879.0,0.0,0,0.16970498859882355,88974.2890625,5000,1000
othim16,full,1,0,1,0.005,31.431730106903842,0.1315963864326477,68994.40625,31.41053647687441,0.8811079263687134,0.13231533765792847,69371.34375,0.018049240112304688,9463.0,0.00782012939453125,4100.0,0.009387969970703125,4922.0,0.0,0,0.15036457777023315,78834.34375,5000,1000
othim17,full,1,0,1,0.005,31.43704431980164,0.13064101338386536,68493.515625,31.399065907108707,0.8809094429016113,0.13145014643669128,68917.734375,0.018100738525390625,9490.0,0.007877349853515625,4130.0,0.009523391723632812,4993.0,0.0,0,0.1495508849620819,78407.734375,5000,1000
othim18,full,1,0,1,0.005,31.576016426435146,0.13050803542137146,68423.796875,31.53992415421702,0.8819960355758667,0.1315562129020691,68973.34375,0.017686843872070312,9273.0,0.00768280029296875,4028.0,0.009166717529296875,4806.0,0.0,0,0.1492430567741394,78246.34375,5000,1000
othim19,full,1,0,1,0.005,28.199477261266214,0.312061071395874,163609.875,28.187911181745616,0.8150686025619507,0.3128886818885803,164043.78125,0.018163681030273438,9523.0,0.007938385009765625,4162.0,0.009515762329101562,4989.0,0.0,0,0.33105236291885376,173566.78125,5000,1000
othim20,full,1,0,1,0.005,28.157495739169956,0.30717939138412476,161050.46875,28.145633439976052,0.8129425048828125,0.30735641717910767,161143.28125,0.019435882568359375,10190.0,0.008941650390625,4688.0,0.009517669677734375,4990.0,0.0,0,0.32679229974746704,171333.28125,5000,1000
othim21,full,1,0,1,0.005,28.151914919851034,0.3134840130805969,164355.90625,28.138448059915106,0.8170508146286011,0.314184308052063,164723.0625,0.01859283447265625,9748.0,0.008022308349609375,4206.0,0.009716033935546875,5094.0,0.0,0,0.33277714252471924,174471.0625,5000,1000
othim22,full,1,0,1,0.005,30.817659111937235,0.16360333561897278,85775.265625,30.805811462067037,0.8651966452598572,0.1641172617673874,86044.7109375,0.020196914672851562,10589.0,0.008836746215820312,4633.0,0.010511398315429688,5511.0,0.0,0,0.18431417644023895,96633.7109375,5000,1000
othim23,full,1,0,1,0.005,29.752518608115366,0.16403892636299133,86003.640625,29.738765638327237,0.8542429804801941,0.16461044549942017,86303.28125,0.019292831420898438,10115.0,0.009031295776367188,4735.0,0.009340286254882812,4897.0,0.0,0,0.1839032769203186,96418.28125,5000,1000
othim24,full,1,0,1,0.005,28.828474888528575,0.21682721376419067,113679.90625,28.81303888528446,0.8495284914970398,0.2176106870174408,114090.671875,0.019474029541015625,10210.0,0.008953094482421875,4694.0,0.009561538696289062,5013.0,0.0,0,0.23708471655845642,124300.671875,5000,1000
othim25,full,1,0,1,0.005,27.828815678632907,0.34811049699783325,182510.15625,27.806157849848105,0.8266762495040894,0.349216103553772,183089.8125,0.018514633178710938,9707.0,0.007940292358398438,4163.0,0.00974273681640625,5108.0,0.0,0,0.3677307367324829,192796.8125,5000,1000
othim26,full,1,0,1,0.005,27.86693845190783,0.34982651472091675,183409.84375,27.85192821866353,0.8270523548126221,0.35035592317581177,183687.40625,0.019191741943359375,10062.0,0.008777618408203125,4602.0,0.00958251953125,5024.0,0.0,0,0.36954766511917114,193749.40625,5000,1000
othim27,full,1,0,1,0.005,28.203111565660038,0.2864137291908264,150163.28125,28.1985510316363,0.8117634654045105,0.2869509160518646,150444.921875,0.02046966552734375,10732.0,0.008968353271484375,4702.0,0.0105438232421875,5528.0,0.0,0,0.3074205815792084,161176.921875,5000,1000
othim28,full,1,0,1,0.005,28.25853923137788,0.27274051308631897,142994.578125,28.2527000495221,0.830498218536377,0.2732571065425873,143265.421875,0.020139694213867188,10559.0,0.008924484252929688,4679.0,0.010265350341796875,5382.0,0.0,0,0.29339680075645447,153824.421875,5000,1000
othim29,full,1,0,1,0.005,28.540728079577022,0.25800445675849915,135268.640625,28.529910749745042,0.8284561038017273,0.2583202123641968,135434.1875,0.01915740966796875,10044.0,0.008955001831054688,4695.0,0.0093841552734375,4920.0,0.0,0,0.2774776220321655,145478.1875,5000,1000
othim30,full,1,0,1,0.005,28.183727972159044,0.2815619111061096,147619.53125,28.180650626342146,0.8323720693588257,0.2827466130256653,148240.65625,0.019037246704101562,9981.0,0.007816314697265625,4098.0,0.010267257690429688,5383.0,0.0,0,0.30178385972976685,158221.65625,5000,1000
othim01,full,1,1,1,0.0035,30.941329679936356,0.24189776182174683,126824.09375,30.911012337869305,0.8598143458366394,0.2424926459789276,127135.984375,0.02176666259765625,11412.0,0.009038925170898438,4739.0,0.01190185546875,6240.0,0.0,0,0.26425930857658386,138547.984375,5000,1000
othim02,full,1,1,1,0.0035,31.000171602798687,0.25120800733566284,131705.34375,30.97371423322362,0.8598923087120056,0.2521117925643921,132179.1875,0.019559860229492188,10255.0,0.007844924926757812,4113.0,0.010894775390625,5712.0,0.0,0,0.2716716527938843,142434.1875,5000,1000
othim03,full,1,1,1,0.0035,30.76269667586953,0.2479226440191269,129982.8671875,30.755986189524815,0.8534034490585327,0.24857670068740845,130325.78125,0.021335601806640625,11186.0,0.0089874267578125,4712.0,0.01143646240234375,5996.0,0.0,0,0.2699123024940491,141511.78125,5000,1000
othim04,full,1,1,1,0.0035,28.424435367914114,0.4964481592178345,260281.8125,28.421068607298874,0.8425126075744629,0.4969939887523651,260567.984375,0.021806716918945312,11433.0,0.008808135986328125,4618.0,0.01195526123046875,6268.0,0.0,0,0.5188007056713104,272000.984375,5000,1000
othim05,full,1,1,1,0.0035,29.15897050430536,0.39650776982307434,207884.265625,29.15276593683934,0.8303980231285095,0.39730727672576904,208303.4375,0.020551681518554688,10775.0,0.007801055908203125,4090.0,0.011932373046875,6256.0,0.0,0,0.41785895824432373,219078.4375,5000,1000
othim06,full,1,1,1,0.0035,29.229038079674552,0.3990890383720398,209237.59375,29.210796012578133,0.8372732400894165,0.3997148275375366,209565.6875,0.02056121826171875,10780.0,0.008998870849609375,4718.0,0.01061248779296875,5564.0,0.0,0,0.42027604579925537,220345.6875,5000,1000
othim07,full,1,1,1,0.0035,32.32240357862576,0.20200496912002563,105908.78125,32.302534959016064,0.8990561366081238,0.2027025818824768,106274.53125,0.020463943481445312,10729.0,0.00885772705078125,4644.0,0.010639190673828125,5578.0,0.0,0,0.22316652536392212,117003.53125,5000,1000
othim08,full,1,1,1,0.0035,32.622373300126945,0.17669083178043365,92636.8828125,32.59411655914915,0.8989825248718262,0.1778014600276947,93219.171875,0.01973724365234375,10348.0,0.007854461669921875,4118.0,0.01093292236328125,5732.0,0.0,0,0.19753870368003845,103567.171875,5000,1000
othim09,full,1,1,1,0.0035,32.30864983518914,0.20210936665534973,105963.515625,32.270146781402396,0.8957194089889526,0.20249179005622864,106164.015625,0.020235061645507812,10609.0,0.008937835693359375,4686.0,0.010349273681640625,5426.0,0.0,0,0.22272685170173645,116773.015625,5000,1000
othim10,full,1,1,1,0.0035,30.714375907722854,0.1829564869403839,95921.890625,30.697568249834493,0.8234823942184448,0.18325874209403992,96080.359375,0.020679473876953125,10842.0,0.008840560913085938,4635.0,0.0107574462890625,5640.0,0.0,0,0.20393821597099304,106922.359375,5000,1000
othim11,full,1,1,1,0.0035,30.306334712668928,0.20621953904628754,108118.4296875,30.302647511800114,0.8199421763420105,0.2063959538936615,108210.921875,0.021839141845703125,11450.0,0.00890350341796875,4668.0,0.011842727661132812,6209.0,0.0,0,0.22823509573936462,119660.921875,5000,1000
othim12,full,1,1,1,0.0035,30.021121807316955,0.22844333946704865,119770.1015625,29.998355724021923,0.8190968036651611,0.23010283708572388,120640.15625,0.019487380981445312,10217.0,0.007902145385742188,4143.0,0.010499954223632812,5505.0,0.0,0,0.2495902180671692,130857.15625,5000,1000
othim13,full,1,1,1,0.0035,32.147883952427115,0.1981244832277298,103874.2890625,32.127764890192964,0.8849424123764038,0.19931672513484955,104499.3671875,0.019250869750976562,10093.0,0.0077037811279296875,4039.0,0.010850906372070312,5689.0,0.0,0,0.2185675948858261,114592.3671875,5000,1000
othim14,full,1,1,1,0.0035,32.183887620309314,0.2047821283340454,107364.8125,32.16661102044387,0.8858296275138855,0.20506951212882996,107515.484375,0.020875930786132812,10945.0,0.008975982666015625,4706.0,0.010831832885742188,5679.0,0.0,0,0.22594544291496277,118460.484375,5000,1000
othim15,full,1,1,1,0.0035,32.09799990011452,0.19862890243530273,104138.75,32.06110264790656,0.8845977783203125,0.1992015838623047,104439.0,0.020551681518554688,10775.0,0.008871078491210938,4651.0,0.010599136352539062,5557.0,0.0,0,0.21975326538085938,115214.0,5000,1000
othim16,full,1,1,1,0.0035,32.66325142331094,0.1737489104270935,91094.46875,32.64330499728073,0.8982878923416138,0.17523415386676788,91873.1640625,0.019361495971679688,10151.0,0.007656097412109375,4014.0,0.010768890380859375,5646.0,0.0,0,0.19459564983844757,102024.1640625,5000,1000
othim17,full,1,1,1,0.0035,32.5013319423792,0.1712961494922638,89808.515625,32.474296505715834,0.8961606025695801,0.171995609998703,90175.234375,0.020511627197265625,10754.0,0.0089111328125,4672.0,0.010667800903320312,5593.0,0.0,0,0.19250723719596863,100929.234375,5000,1000
othim18,full,1,1,1,0.0035,32.768638851708914,0.16942983865737915,88830.03125,32.72284210871354,0.8984114527702332,0.17050859332084656,89395.609375,0.020023345947265625,10498.0,0.008031845092773438,4211.0,0.011051177978515625,5794.0,0.0,0,0.19053193926811218,99893.609375,5000,1000
othim19,full,1,1,1,0.0035,29.24885484009408,0.39998120069503784,209705.34375,29.208788639506878,0.8473601341247559,0.4006419777870178,210051.78125,0.01920318603515625,10068.0,0.0079803466796875,4184.0,0.010633468627929688,5575.0,0.0,0,0.4198451638221741,220119.78125,5000,1000
othim20,full,1,1,1,0.0035,29.203285314818814,0.39829814434051514,208822.9375,29.1948459392774,0.846286416053772,0.3987308740615845,209049.8125,0.02079010009765625,10900.0,0.008966445922851562,4701.0,0.010858535766601562,5693.0,0.0,0,0.4195209741592407,219949.8125,5000,1000
othim21,full,1,1,1,0.0035,29.28489808957551,0.4082069396972656,214018.0,29.279206211139183,0.8498486876487732,0.4090745747089386,214472.890625,0.02069854736328125,10852.0,0.008968353271484375,4702.0,0.010904312133789062,5717.0,0.0,0,0.42977312207221985,225324.890625,5000,1000
othim22,full,1,1,1,0.0035,31.87333999787931,0.21703940629959106,113791.15625,31.82870356863555,0.8829236030578613,0.21743953227996826,114000.9375,0.020631790161132812,10817.0,0.009031295776367188,4735.0,0.0106201171875,5568.0,0.0,0,0.23807132244110107,124817.9375,5000,1000
othim23,full,1,1,1,0.0035,30.857294664713802,0.2149849832057953,112714.046875,30.84543497538331,0.8774129152297974,0.21578146517276764,113131.6328125,0.021549224853515625,11298.0,0.00887298583984375,4652.0,0.011814117431640625,6194.0,0.0,0,0.23733069002628326,124429.6328125,5000,1000
othim24,full,1,1,1,0.0035,30.1220094350948,0.31376633048057556,164503.921875,30.094617723022214,0.8783048391342163,0.314530611038208,164904.625,0.021366119384765625,11202.0,0.009090423583984375,4766.0,0.011560440063476562,6061.0,0.0,0,0.33589673042297363,176106.625,5000,1000
othim25,full,1,1,1,0.0035,28.752454644914764,0.4361206889152527,228652.84375,28.74782173281729,0.851617693901062,0.43675845861434937,228987.21875,0.022123336791992188,11599.0,0.008853912353515625,4642.0,0.012331008911132812,6465.0,0.0,0,0.45888179540634155,240586.21875,5000,1000
othim26,full,1,1,1,0.0035,28.834562905163057,0.43570685386657715,228435.875,28.826358049327155,0.8509413003921509,0.4373089671134949,229275.84375,0.021007537841796875,11014.0,0.007968902587890625,4178.0,0.01210784912109375,6348.0,0.0,0,0.45831650495529175,240289.84375,5000,1000
othim27,full,1,1,1,0.0035,29.179655560284797,0.36530131101608276,191523.09375,29.16114987212897,0.8368891477584839,0.3664369583129883,192118.5,0.0194854736328125,10216.0,0.008075714111328125,4234.0,0.010690689086914062,5605.0,0.0,0,0.3859224319458008,202334.5,5000,1000
othim28,full,1,1,1,0.0035,29.39608364471444,0.3618597984313965,189718.75,29.39139555630238,0.8626831769943237,0.3625493049621582,190080.25,0.020978927612304688,10999.0,0.008054733276367188,4223.0,0.011968612670898438,6275.0,0.0,0,0.3835282325744629,201079.25,5000,1000
othim29,full,1,1,1,0.0035,29.86274233387307,0.3443830609321594,180555.90625,29.83976318836726,0.8618609309196472,0.34472620487213135,180735.8125,0.02033233642578125,10660.0,0.008962631225585938,4699.0,0.010450363159179688,5479.0,0.0,0,0.3650585412979126,191395.8125,5000,1000
othim30,full,1,1,1,0.0035,29.367319116407327,0.3700651526451111,194020.71875,29.351968336650803,0.8637610673904419,0.3712427616119385,194638.125,0.019588470458984375,10270.0,0.007978439331054688,4183.0,0.010698318481445312,5609.0,0.0,0,0.39083123207092285,204908.125,5000,1000
othim01,full,1,1,1,0.005,29.488437904032846,0.17539627850055695,91958.1640625,29.475347067169583,0.8283214569091797,0.1761699616909027,92363.796875,0.019380569458007812,10161.0,0.007904052734375,4144.0,0.010646820068359375,5582.0,0.0,0,0.19555053114891052,102524.796875,5000,1000
othim02,full,1,1,1,0.005,29.39198517573651,0.1843184530735016,96635.953125,29.357292850689372,0.8206404447555542,0.1853351593017578,97169.0,0.01999664306640625,10484.0,0.008020401000976562,4205.0,0.010896682739257812,5713.0,0.0,0,0.20533180236816406,107653.0,5000,1000
othim03,full,1,1,1,0.005,29.39648356120529,0.17775502800941467,93194.828125,29.37949373806082,0.8230088949203491,0.17890799045562744,93799.3125,0.019773483276367188,10367.0,0.008111953735351562,4253.0,0.01070404052734375,5612.0,0.0,0,0.19868147373199463,104166.3125,5000,1000
othim04,full,1,1,1,0.005,27.228938161061034,0.3843722939491272,201521.78125,27.223529399138172,0.8009762167930603,0.3847923278808594,201742.0,0.02193450927734375,11500.0,0.009019851684570312,4729.0,0.012086868286132812,6337.0,0.0,0,0.4067268371582031,213242.0,5000,1000
othim05,full,1,1,1,0.005,28.03259521678861,0.30384066700935364,159300.015625,28.017036022694317,0.7914155721664429,0.30466628074645996,159732.875,0.020471572875976562,10733.0,0.008989334106445312,4713.0,0.010770797729492188,5647.0,0.0,0,0.3251378536224365,170465.875,5000,1000
othim06,full,1,1,1,0.005,28.169975615544853,0.30900710821151733,162008.71875,28.15236023675854,0.8010033965110779,0.3102116286754608,162640.234375,0.0193939208984375,10168.0,0.007808685302734375,4094.0,0.010753631591796875,5638.0,0.0,0,0.3296055495738983,172808.234375,5000,1000
othim07,full,1,1,1,0.005,31.429055218216504,0.15957871079444885,83665.203125,31.394946109093652,0.8851561546325684,0.16021864116191864,84000.7109375,0.01961517333984375,10284.0,0.007940292358398438,4163.0,0.010713577270507812,5617.0,0.0,0,0.1798338145017624,94284.7109375,5000,1000
othim08,full,1,1,1,0.005,31.556046917424283,0.1343548595905304,70440.640625,31.533268572503676,0.8831925392150879,0.13717308640480042,71918.203125,0.018657684326171875,9782.0,0.0068302154541015625,3581.0,0.010889053344726562,5709.0,0.0,0,0.1558307707309723,81700.203125,5000,1000
othim09,full,1,1,1,0.005,31.46163121702179,0.15350152552127838,80479.0078125,31.449846106436297,0.8812782168388367,0.15363895893096924,80551.0625,0.02178955078125,11424.0,0.0090179443359375,4728.0,0.011968612670898438,6275.0,0.0,0,0.17542850971221924,91975.0625,5000,1000
othim10,full,1,1,1,0.005,29.916107253733845,0.13554233312606812,71063.21875,29.893439134343918,0.7963106036186218,0.13621382415294647,71415.2734375,0.020284652709960938,10635.0,0.008874893188476562,4653.0,0.010560989379882812,5537.0,0.0,0,0.1564984768629074,82050.2734375,5000,1000
othim11,full,1,1,1,0.005,29.28964859545935,0.148227721452713,77714.015625,29.263250323954292,0.7866012454032898,0.1494346708059311,78346.8046875,0.019901275634765625,10434.0,0.00809478759765625,4244.0,0.01096343994140625,5748.0,0.0,0,0.16933594644069672,88780.8046875,5000,1000
othim12,full,1,1,1,0.005,28.935389443134046,0.16540014743804932,86717.3125,28.909296227884067,0.7828346490859985,0.1657038927078247,86876.5625,0.019144058227539062,10037.0,0.009054183959960938,4747.0,0.009115219116210938,4779.0,0.0,0,0.18484795093536377,96913.5625,5000,1000
othim13,full,1,1,1,0.005,30.897595957078494,0.14707620441913605,77110.2890625,30.879417869512732,0.8654552698135376,0.14748644828796387,77325.375,0.020519256591796875,10758.0,0.008935928344726562,4685.0,0.010868072509765625,5698.0,0.0,0,0.16800570487976074,88083.375,5000,1000
othim14,full,1,1,1,0.005,30.87444080672219,0.1466895043849945,76907.546875,30.81523005466578,0.8662096858024597,0.1486610472202301,77941.203125,0.016880035400390625,8850.0,0.0068531036376953125,3593.0,0.009311676025390625,4882.0,0.0,0,0.16554108262062073,86791.203125,5000,1000
othim15,full,1,1,1,0.005,30.7925330207983,0.1371435821056366,71902.734375,30.770635948394954,0.8692015409469604,0.13759471476078033,72139.2578125,0.019598007202148438,10275.0,0.007907867431640625,4146.0,0.010744094848632812,5633.0,0.0,0,0.15719272196292877,82414.2578125,5000,1000
othim16,full,1,1,1,0.005,31.229345730022732,0.12855571508407593,67400.21875,31.2118734725133,0.8804251551628113,0.12948673963546753,67888.34375,0.019018173217773438,9971.0,0.0076847076416015625,4029.0,0.01050567626953125,5508.0,0.0,0,0.14850491285324097,77859.34375,5000,1000
othim17,full,1,1,1,0.005,31.411066352507035,0.1320464015007019,69230.34375,31.38441960235325,0.8805966377258301,0.13382482528686523,70162.75,0.01987457275390625,10420.0,0.008054733276367188,4223.0,0.011013031005859375,5774.0,0.0,0,0.15369939804077148,80582.75,5000,1000
othim18,full,1,1,1,0.005,31.113842257348324,0.11793599277734756,61832.42578125,31.08942778010673,0.8791698217391968,0.11813448369503021,61936.4921875,0.020801544189453125,10906.0,0.008985519409179688,4711.0,0.010862350463867188,5695.0,0.0,0,0.13893602788448334,72842.4921875,5000,1000
othim19,full,1,1,1,0.005,28.1671268721765,0.3035610318183899,159153.40625,28.141143129883204,0.8159964084625244,0.3047400116920471,159771.53125,0.018381118774414062,9637.0,0.008029937744140625,4210.0,0.009395599365234375,4926.0,0.0,0,0.3231211304664612,169408.53125,5000,1000
othim20,full,1,1,1,0.005,28.191755162442103,0.305885374546051,160372.03125,28.17756970641103,0.8136967420578003,0.30622291564941406,160549.0,0.021100997924804688,11063.0,0.009103775024414062,4773.0,0.011030197143554688,5783.0,0.0,0,0.32732391357421875,171612.0,5000,1000
othim21,full,1,1,1,0.005,28.108481028389516,0.3210086226463318,168300.96875,28.094579992157964,0.8137274980545044,0.32187533378601074,168755.375,0.019153594970703125,10042.0,0.007860183715820312,4121.0,0.010456085205078125,5482.0,0.0,0,0.34102892875671387,178797.375,5000,1000
othim22,full,1,1,1,0.005,30.92562281777585,0.16332130134105682,85627.3984375,30.91442960669343,0.8670659065246582,0.16379207372665405,85874.21875,0.021869659423828125,11466.0,0.008844375610351562,4637.0,0.012176513671875,6384.0,0.0,0,0.18566173315048218,97340.21875,5000,1000
othim23,full,1,1,1,0.005,29.818134447119345,0.16046202182769775,84128.3125,29.798643462610503,0.856052577495575,0.16269296407699585,85297.96875,0.020406723022460938,10699.0,0.007993698120117188,4191.0,0.011545181274414062,6053.0,0.0,0,0.1830996870994568,95996.96875,5000,1000
othim24,full,1,1,1,0.005,28.788412547342407,0.22302162647247314,116927.5625,28.78222994755261,0.8482407927513123,0.2240743190050125,117479.4765625,0.020708084106445312,10857.0,0.007917404174804688,4151.0,0.0118255615234375,6200.0,0.0,0,0.24478240311145782,128336.4765625,5000,1000
othim25,full,1,1,1,0.005,27.80954096468788,0.3466663062572479,181752.984375,27.793225686614264,0.8276493549346924,0.34704315662384033,181950.5625,0.0207366943359375,10872.0,0.00899505615234375,4716.0,0.0109100341796875,5720.0,0.0,0,0.36777985095977783,192822.5625,5000,1000
othim26,full,1,1,1,0.005,27.87366386962222,0.35325121879577637,185205.375,27.85646995287695,0.8275706171989441,0.35380464792251587,185495.53125,0.020837783813476562,10925.0,0.008974075317382812,4705.0,0.011022567749023438,5779.0,0.0,0,0.37464243173599243,196420.53125,5000,1000
othim27,full,1,1,1,0.005,28.298642394322147,0.28976017236709595,151917.78125,28.2872576615965,0.8136485815048218,0.29004886746406555,152069.140625,0.0218505859375,11456.0,0.009120941162109375,4782.0,0.011865615844726562,6221.0,0.0,0,0.31189945340156555,163525.140625,5000,1000
othim28,full,1,1,1,0.005,28.2540401789834,0.2664417326450348,139692.203125,28.249349200649693,0.8317098617553711,0.26742854714393616,140209.578125,0.020948410034179688,10983.0,0.00799560546875,4192.0,0.012002944946289062,6293.0,0.0,0,0.28837695717811584,151192.578125,5000,1000
othim29,full,1,1,1,0.005,28.563553510486027,0.2556689977645874,134044.1875,28.559650824799135,0.8315798044204712,0.2569701075553894,134726.34375,0.020847320556640625,10930.0,0.00787353515625,4128.0,0.012157440185546875,6374.0,0.0,0,0.27781742811203003,145656.34375,5000,1000
othim30,full,1,1,1,0.005,28.19863960121711,0.2768283486366272,145137.78125,28.185485559103657,0.8327361345291138,0.2776027023792267,145543.765625,0.019636154174804688,10295.0,0.007869720458984375,4126.0,0.01084136962890625,5684.0,0.0,0,0.29723885655403137,155838.765625,5000,1000
othim01,erp,0,0,1,0.0035,29.930015565560808,0.19868633151054382,104168.859375,29.921278879260075,0.8395723104476929,0.1998554915189743,104781.8359375,0.019512176513671875,10230.0,0.007871627807617188,4127.0,0.010814666748046875,5670.0,0.0,0,0.21936766803264618,115011.8359375,5000,1000
othim02,erp,0,0,1,0.0035,29.785624976894457,0.20832857489585876,109224.171875,29.776566965478665,0.8354381322860718,0.2108609974384308,110551.890625,0.01740264892578125,9124.0,0.0068988800048828125,3617.0,0.009546279907226562,5005.0,0.0,0,0.22826364636421204,119675.890625,5000,1000
othim03,erp,0,0,1,0.0035,29.81627741298748,0.21076656877994537,110502.3828125,29.80594716558083,0.835078239440918,0.21107380092144012,110663.4609375,0.020463943481445312,10729.0,0.009065628051757812,4753.0,0.010448455810546875,5478.0,0.0,0,0.23153774440288544,121392.4609375,5000,1000
othim04,erp,0,0,1,0.0035,27.77356938331705,0.46959584951400757,246203.46875,27.76794713710595,0.8221304416656494,0.4708893299102783,246881.625,0.020532608032226562,10765.0,0.00885009765625,4640.0,0.010740280151367188,5631.0,0.0,0,0.4914219379425049,257646.625,5000,1000
othim05,erp,0,0,1,0.0035,28.58780414522285,0.36887305974960327,193395.71875,28.580974467085838,0.8142049312591553,0.3701484203338623,194064.375,0.018407821655273438,9651.0,0.00788116455078125,4132.0,0.009679794311523438,5075.0,0.0,0,0.38855624198913574,203715.375,5000,1000
othim06,erp,0,0,1,0.0035,28.63730409889156,0.37605947256088257,197163.46875,28.63440792248046,0.8186990022659302,0.376825749874115,197565.21875,0.021495819091796875,11270.0,0.009033203125,4736.0,0.011646270751953125,6106.0,0.0,0,0.39832156896591187,208835.21875,5000,1000
othim07,erp,0,0,1,0.0035,31.69534332611828,0.163667693734169,85809.0078125,31.661316005081602,0.8914341926574707,0.1650630533695221,86540.578125,0.018312454223632812,9601.0,0.0077667236328125,4072.0,0.009710311889648438,5091.0,0.0,0,0.1833755075931549,96141.578125,5000,1000
othim08,erp,0,0,1,0.0035,31.62802015261941,0.1453268826007843,76193.140625,31.60273831564073,0.8866285681724548,0.145850270986557,76467.546875,0.019502639770507812,10225.0,0.009023666381835938,4731.0,0.009534835815429688,4999.0,0.0,0,0.16535291075706482,86692.546875,5000,1000
othim09,erp,0,0,1,0.0035,30.706974971152462,0.15048210322856903,78895.9609375,30.69281863376033,0.8759055137634277,0.1515549272298813,79458.4296875,0.018672943115234375,9790.0,0.007898330688476562,4141.0,0.009695053100585938,5083.0,0.0,0,0.17022787034511566,89248.4296875,5000,1000
othim10,erp,0,0,1,0.0035,30.07103961905571,0.14923016726970673,78239.5859375,30.054827994558792,0.7983049154281616,0.1498565971851349,78568.015625,0.019327163696289062,10133.0,0.008729934692382812,4577.0,0.009630203247070312,5049.0,0.0,0,0.16918376088142395,88701.015625,5000,1000
othim11,erp,0,0,1,0.0035,29.68276780104608,0.1734543740749359,90940.046875,29.665193147924697,0.7958029508590698,0.1745518147945404,91515.421875,0.020435333251953125,10714.0,0.009002685546875,4720.0,0.010457992553710938,5483.0,0.0,0,0.19498714804649353,102229.421875,5000,1000
othim12,erp,0,0,1,0.0035,29.40624254955081,0.20154832303524017,105669.3671875,29.39908123612679,0.794739842414856,0.20258855819702148,106214.75,0.019205093383789062,10069.0,0.007905960083007812,4145.0,0.010335922241210938,5419.0,0.0,0,0.22179365158081055,116283.75,5000,1000
othim13,erp,0,0,1,0.0035,30.72377621887034,0.14640550315380096,76758.6484375,30.700409543817845,0.8666001558303833,0.14734289050102234,77250.109375,0.0185699462890625,9736.0,0.007909774780273438,4147.0,0.009809494018554688,5143.0,0.0,0,0.16591283679008484,86986.109375,5000,1000
othim14,erp,0,0,1,0.0035,30.566186344830072,0.1421242356300354,74514.03125,30.537730730651703,0.8668422698974609,0.14263024926185608,74779.328125,0.019437789916992188,10191.0,0.008941650390625,4688.0,0.009664535522460938,5067.0,0.0,0,0.16206803917884827,84970.328125,5000,1000
othim15,erp,0,0,1,0.0035,30.732187573559248,0.14608819782733917,76592.2890625,30.717135867324572,0.8690736293792725,0.14711137115955353,77128.7265625,0.018573760986328125,9738.0,0.007831573486328125,4106.0,0.009784698486328125,5130.0,0.0,0,0.16568513214588165,86866.7265625,5000,1000
othim16,erp,0,0,1,0.0035,31.363239365749735,0.14017288386821747,73490.9609375,31.30827018525362,0.880344569683075,0.14131000638008118,74087.140625,0.017229080200195312,9033.0,0.0077381134033203125,4057.0,0.008550643920898438,4483.0,0.0,0,0.1585390865802765,83120.140625,5000,1000
othim17,erp,0,0,1,0.0035,31.23841898118971,0.12983840703964233,68072.71875,31.23283005600203,0.88141268491745,0.13041158020496368,68373.2265625,0.0205230712890625,10760.0,0.008947372436523438,4691.0,0.0106353759765625,5576.0,0.0,0,0.15093465149402618,79133.2265625,5000,1000
othim18,erp,0,0,1,0.0035,31.113450229044087,0.13634058833122253,71481.734375,31.097966442114366,0.8789631724357605,0.1373995542526245,72036.9375,0.019001007080078125,9962.0,0.007915496826171875,4150.0,0.010223388671875,5360.0,0.0,0,0.15640056133270264,81998.9375,5000,1000
othim19,erp,0,0,1,0.0035,28.685408658558597,0.35881251096725464,188121.09375,28.675168141732467,0.8343062400817871,0.35953885316848755,188501.90625,0.01882171630859375,9868.0,0.007884979248046875,4134.0,0.01000213623046875,5244.0,0.0,0,0.3783605694770813,198369.90625,5000,1000
othim20,erp,0,0,1,0.0035,28.672714874623818,0.3636339008808136,190648.890625,28.653938636458438,0.8333415985107422,0.3640172779560089,190849.890625,0.018644332885742188,9775.0,0.008905410766601562,4669.0,0.008691787719726562,4557.0,0.0,0,0.3826616108417511,200624.890625,5000,1000
othim21,erp,0,0,1,0.0035,28.671067854041652,0.3804020285606384,199440.21875,28.65631111515886,0.8335375785827637,0.3811904788017273,199853.59375,0.018341064453125,9616.0,0.0078105926513671875,4095.0,0.009721755981445312,5097.0,0.0,0,0.3995315432548523,209469.59375,5000,1000
othim22,erp,0,0,1,0.0035,31.067832267408267,0.1857661008834839,97394.9375,31.054535012940153,0.8710162043571472,0.18662989139556885,97847.8125,0.020259857177734375,10622.0,0.008836746215820312,4633.0,0.010448455810546875,5478.0,0.0,0,0.20688974857330322,108469.8125,5000,1000
othim23,erp,0,0,1,0.0035,29.928325398056256,0.18627138435840607,97659.8515625,29.910065726833707,0.8583806753158569,0.1872369647026062,98166.09375,0.019281387329101562,10109.0,0.009035110473632812,4737.0,0.009313583374023438,4883.0,0.0,0,0.20651835203170776,108275.09375,5000,1000
othim24,erp,0,0,1,0.0035,29.34410820463332,0.26877790689468384,140917.03125,29.338568064193776,0.8600893020629883,0.2691042125225067,141088.109375,0.02071380615234375,10860.0,0.008893966674804688,4663.0,0.010862350463867188,5695.0,0.0,0,0.28981801867485046,151948.109375,5000,1000
othim25,erp,0,0,1,0.0035,28.135814923574497,0.3978760242462158,208601.625,28.1307267254923,0.8422219157218933,0.39883917570114136,209106.59375,0.019359588623046875,10150.0,0.007999420166015625,4194.0,0.010528564453125,5520.0,0.0,0,0.41819876432418823,219256.59375,5000,1000
othim26,erp,0,0,1,0.0035,28.129399821999986,0.4031307101249695,211356.59375,28.12255560316524,0.842843234539032,0.4034874439239502,211543.625,0.020524978637695312,10761.0,0.008840560913085938,4635.0,0.010732650756835938,5627.0,0.0,0,0.4240124225616455,222304.625,5000,1000
othim27,erp,0,0,1,0.0035,28.266455530363398,0.3149755299091339,165137.890625,28.25363353013566,0.8205738067626953,0.31565651297569275,165494.921875,0.018629074096679688,9767.0,0.007869720458984375,4126.0,0.009784698486328125,5130.0,0.0,0,0.33428558707237244,175261.921875,5000,1000
othim28,erp,0,0,1,0.0035,28.87224276752005,0.3329038619995117,174537.5,28.86000750932997,0.8463601469993591,0.33324432373046875,174716.0,0.019613265991210938,10283.0,0.0089874267578125,4712.0,0.009830474853515625,5154.0,0.0,0,0.3528575897216797,184999.0,5000,1000
othim29,erp,0,0,1,0.0035,29.218457570737844,0.321437805891037,168525.984375,29.208024609247207,0.841725766658783,0.32170987129211426,168668.625,0.020099639892578125,10538.0,0.009098052978515625,4770.0,0.010068893432617188,5279.0,0.0,0,0.3418095111846924,179206.625,5000,1000
othim30,erp,0,0,1,0.0035,28.86486967363723,0.3412870466709137,178932.703125,28.854748527225514,0.8479663729667664,0.3424171209335327,179525.1875,0.018621444702148438,9763.0,0.007848739624023438,4115.0,0.009830474853515625,5154.0,0.0,0,0.36103856563568115,189288.1875,5000,1000
othim01,erp,0,0,1,0.005,28.984336147270465,0.14797018468379974,77578.9921875,28.974137191480835,0.8129588961601257,0.1489040106534958,78068.5859375,0.019716262817382812,10337.0,0.00803375244140625,4212.0,0.010723114013671875,5622.0,0.0,0,0.1686202734708786,88405.5859375,5000,1000
othim02,erp,0,0,1,0.005,28.924128551182275,0.15093493461608887,79133.375,28.910141651273168,0.8121665716171265,0.15182268619537354,79598.8125,0.018529891967773438,9715.0,0.0080413818359375,4216.0,0.009656906127929688,5063.0,0.0,0,0.17035257816314697,89313.8125,5000,1000
othim03,erp,0,0,1,0.005,28.786437218400806,0.15258178114891052,79996.796875,28.774027014258284,0.8074040412902832,0.1533990055322647,80425.2578125,0.018690109252929688,9799.0,0.007900238037109375,4142.0,0.009805679321289062,5141.0,0.0,0,0.1720891147851944,90224.2578125,5000,1000
othim04,erp,0,0,1,0.005,26.634288268640017,0.3658026158809662,191785.921875,26.631397779335554,0.7804794311523438,0.3666824698448181,192247.21875,0.020687103271484375,10846.0,0.0089263916015625,4680.0,0.010904312133789062,5717.0,0.0,0,0.3873695731163025,203093.21875,5000,1000
othim05,erp,0,0,1,0.005,27.315282834090116,0.27419817447662354,143758.8125,27.301865211174448,0.7705309391021729,0.2747410535812378,144043.4375,0.018743515014648438,9827.0,0.00795745849609375,4172.0,0.009937286376953125,5210.0,0.0,0,0.29348456859588623,153870.4375,5000,1000
othim06,erp,0,0,1,0.005,27.519621572947973,0.28586554527282715,149875.875,27.511794574914664,0.7796379923820496,0.28714364767074585,150545.96875,0.018621444702148438,9763.0,0.007974624633789062,4181.0,0.009683609008789062,5077.0,0.0,0,0.3057650923728943,160308.96875,5000,1000
othim07,erp,0,0,1,0.005,30.59031108566499,0.12601405382156372,66067.65625,30.56035027679646,0.8738855123519897,0.1281178891658783,67170.671875,0.018285751342773438,9587.0,0.0077342987060546875,4055.0,0.009708404541015625,5090.0,0.0,0,0.14640364050865173,76757.671875,5000,1000
othim08,erp,0,0,1,0.005,30.596761040161763,0.1101793497800827,57765.7109375,30.574820698461807,0.8688801527023315,0.11071258038282394,58045.27734375,0.019437789916992188,10191.0,0.009033203125,4736.0,0.009443283081054688,4951.0,0.0,0,0.13015037029981613,68236.27734375,5000,1000
othim09,erp,0,0,1,0.005,30.061060073282466,0.12018978595733643,63014.0625,30.03788231481474,0.8626664876937866,0.12089281529188156,63382.65234375,0.01856231689453125,9732.0,0.0079345703125,4160.0,0.009660720825195312,5065.0,0.0,0,0.1394551321864128,73114.65234375,5000,1000
othim10,erp,0,0,1,0.005,29.314547154923346,0.11768436431884766,61700.5,29.307986922199586,0.7701360583305359,0.11875266581773758,62260.59765625,0.019762039184570312,10361.0,0.008035659790039062,4213.0,0.010751724243164062,5637.0,0.0,0,0.1385147050023079,72621.59765625,5000,1000
othim11,erp,0,0,1,0.005,28.94780717854138,0.13170236349105835,69049.96875,28.93536546668032,0.7676817774772644,0.13314875960350037,69808.296875,0.018289566040039062,9589.0,0.007781982421875,4080.0,0.00965118408203125,5060.0,0.0,0,0.15143832564353943,79397.296875,5000,1000
othim12,erp,0,0,1,0.005,28.49992566283338,0.1454208493232727,76242.40625,28.47579022937177,0.7631019949913025,0.1470515877008438,77097.3828125,0.018255233764648438,9571.0,0.0078887939453125,4136.0,0.009387969970703125,4922.0,0.0,0,0.16530682146549225,86668.3828125,5000,1000
othim13,erp,0,0,1,0.005,30.033293392474906,0.11937403678894043,62586.375,30.01483966665018,0.8522114157676697,0.12059729546308517,63227.71484375,0.018693923950195312,9801.0,0.008020401000976562,4205.0,0.009830474853515625,5154.0,0.0,0,0.1392912194132805,73028.71484375,5000,1000
othim14,erp,0,0,1,0.005,29.89011037231727,0.11820954084396362,61975.84375,29.85838857535786,0.8531841039657593,0.11907687038183212,62430.57421875,0.018480300903320312,9689.0,0.008985519409179688,4711.0,0.008520126342773438,4467.0,0.0,0,0.13755717128515244,72119.57421875,5000,1000
othim15,erp,0,0,1,0.005,30.109637755473944,0.11973293125629425,62774.5390625,30.095816107842733,0.8571688532829285,0.1200769692659378,62954.9140625,0.019769668579101562,10365.0,0.008930206298828125,4682.0,0.009908676147460938,5195.0,0.0,0,0.13984663784503937,73319.9140625,5000,1000
othim16,erp,0,0,1,0.005,30.558583030457452,0.10857824981212616,56926.2734375,30.525086338383918,0.866722583770752,0.10880230367183685,57043.7421875,0.019704818725585938,10331.0,0.008916854858398438,4675.0,0.009836196899414062,5157.0,0.0,0,0.1285071223974228,67374.7421875,5000,1000
othim17,erp,0,0,1,0.005,30.608673684797726,0.10804499685764313,56646.6953125,30.582655236974304,0.8686151504516602,0.10845030099153519,56859.19140625,0.019475936889648438,10211.0,0.008825302124023438,4627.0,0.009836196899414062,5157.0,0.0,0,0.12792623788118362,67070.19140625,5000,1000
othim18,erp,0,0,1,0.005,30.51015265168307,0.10969148576259613,57509.9296875,30.47010240572908,0.8680447340011597,0.11051000654697418,57939.0703125,0.017999649047851562,9437.0,0.0077953338623046875,4087.0,0.009365081787109375,4910.0,0.0,0,0.12850965559482574,67376.0703125,5000,1000
othim19,erp,0,0,1,0.005,27.477468193732552,0.28695207834243774,150445.53125,27.466990326945904,0.796822726726532,0.2874472141265869,150705.125,0.019613265991210938,10283.0,0.008966445922851562,4701.0,0.009809494018554688,5143.0,0.0,0,0.30706048011779785,160988.125,5000,1000
othim20,erp,0,0,1,0.005,27.226599662251186,0.26192811131477356,137325.765625,27.211493698750946,0.7891430258750916,0.26236897706985474,137556.90625,0.019941329956054688,10455.0,0.009042739868164062,4741.0,0.010061264038085938,5275.0,0.0,0,0.2823103070259094,148011.90625,5000,1000
othim21,erp,0,0,1,0.005,26.931530585460667,0.2674044072628021,140196.921875,26.92640396638271,0.7868967056274414,0.2684790790081024,140760.359375,0.01836395263671875,9628.0,0.00789642333984375,4140.0,0.009611129760742188,5039.0,0.0,0,0.28684303164482117,150388.359375,5000,1000
othim22,erp,0,0,1,0.005,29.691705877173764,0.1362709105014801,71445.203125,29.676765477269054,0.8516673445701599,0.13728216290473938,71975.390625,0.019823074340820312,10393.0,0.00804901123046875,4220.0,0.010911941528320312,5721.0,0.0,0,0.1571052372455597,82368.390625,5000,1000
othim23,erp,0,0,1,0.005,29.345059575514217,0.14209884405136108,74500.71875,29.326394556799432,0.8392264246940613,0.14328163862228394,75120.84375,0.018568038940429688,9735.0,0.007940292358398438,4163.0,0.009763717651367188,5119.0,0.0,0,0.16184967756271362,84855.84375,5000,1000
othim24,erp,0,0,1,0.005,27.951402213062128,0.1822134405374527,95532.3203125,27.941220076842267,0.828018844127655,0.18258938193321228,95729.421875,0.020534515380859375,10766.0,0.009044647216796875,4742.0,0.010385513305664062,5445.0,0.0,0,0.20312389731407166,106495.421875,5000,1000
othim25,erp,0,0,1,0.005,27.093502708704765,0.3215131461620331,168565.484375,27.07965300153592,0.812559962272644,0.321830153465271,168731.6875,0.0196990966796875,10328.0,0.008874893188476562,4653.0,0.009870529174804688,5175.0,0.0,0,0.3415292501449585,179059.6875,5000,1000
othim26,erp,0,0,1,0.005,27.07672854961514,0.31062236428260803,162855.578125,27.059622772746366,0.8140975832939148,0.31161296367645264,163374.9375,0.019754409790039062,10357.0,0.008922576904296875,4678.0,0.009866714477539062,5173.0,0.0,0,0.3313673734664917,173731.9375,5000,1000
othim27,erp,0,0,1,0.005,27.238545144782375,0.23997080326080322,125813.8125,27.23001363310014,0.79378342628479,0.24079927802085876,126248.171875,0.018535614013671875,9718.0,0.007801055908203125,4090.0,0.009784698486328125,5130.0,0.0,0,0.25933489203453064,135966.171875,5000,1000
othim28,erp,0,0,1,0.005,27.532764066837554,0.23589292168617249,123675.828125,27.52162166128259,0.8077377676963806,0.23760229349136353,124572.03125,0.018838882446289062,9877.0,0.007951736450195312,4169.0,0.009923934936523438,5203.0,0.0,0,0.2564411759376526,134449.03125,5000,1000
othim29,erp,0,0,1,0.005,27.971462615039314,0.24050690233707428,126094.8828125,27.952317793000066,0.8084558844566345,0.24100008606910706,126353.453125,0.020013809204101562,10493.0,0.009052276611328125,4746.0,0.009893417358398438,5187.0,0.0,0,0.2610138952732086,136846.453125,5000,1000
othim30,erp,0,0,1,0.005,27.55709977080262,0.24373255670070648,127786.0546875,27.544898657129412,0.8106316328048706,0.24439945816993713,128135.703125,0.018667221069335938,9787.0,0.0077877044677734375,4083.0,0.009914398193359375,5198.0,0.0,0,0.26306667923927307,137922.703125,5000,1000
othim01,erp,0,1,1,0.0035,29.773146018177915,0.20546062290668488,107720.5390625,29.76745217894424,0.837570071220398,0.20560786128044128,107797.734375,0.022579193115234375,11838.0,0.009052276611328125,4746.0,0.0125732421875,6592.0,0.0,0,0.22818705439567566,119635.734375,5000,1000
othim02,erp,0,1,1,0.0035,29.92594669709983,0.21297869086265564,111662.171875,29.902922778983967,0.8377897143363953,0.21463075280189514,112528.328125,0.019886016845703125,10426.0,0.007921218872070312,4153.0,0.011142730712890625,5842.0,0.0,0,0.23451676964759827,122954.328125,5000,1000
othim03,erp,0,1,1,0.0035,29.78979569273268,0.2062639594078064,108141.71875,29.764325284136717,0.8341270685195923,0.20728155970573425,108675.234375,0.021154403686523438,11091.0,0.009090423583984375,4766.0,0.011106491088867188,5823.0,0.0,0,0.2284359633922577,119766.234375,5000,1000
othim04,erp,0,1,1,0.0035,27.72637393117922,0.4811429977416992,252257.5,27.72172763929314,0.8207743167877197,0.4826747179031372,253060.5625,0.021131515502929688,11079.0,0.007717132568359375,4046.0,0.01233673095703125,6468.0,0.0,0,0.5038062334060669,264139.5625,5000,1000
othim05,erp,0,1,1,0.0035,28.562478639305468,0.36761564016342163,192736.46875,28.556711980093567,0.8128269910812378,0.3685521185398102,193227.453125,0.021238327026367188,11135.0,0.00789642333984375,4140.0,0.012516021728515625,6562.0,0.0,0,0.38979044556617737,204362.453125,5000,1000
othim06,erp,0,1,1,0.0035,28.700188371251063,0.3759499192237854,197106.03125,28.696245007475977,0.8193990588188171,0.37657231092453003,197432.34375,0.022691726684570312,11897.0,0.008977890014648438,4707.0,0.012918472290039062,6773.0,0.0,0,0.39926403760910034,209329.34375,5000,1000
othim07,erp,0,1,1,0.0035,31.36669330814911,0.16246244311332703,85177.109375,31.33535982500385,0.8860916495323181,0.16358084976673126,85763.4765625,0.0198211669921875,10392.0,0.007963180541992188,4175.0,0.01102447509765625,5780.0,0.0,0,0.18340201675891876,96155.4765625,5000,1000
othim08,erp,0,1,1,0.0035,31.00592564500091,0.13472673296928406,70635.609375,30.969416872094868,0.8799125552177429,0.13579243421554565,71194.34375,0.020177841186523438,10579.0,0.007923126220703125,4154.0,0.011293411254882812,5921.0,0.0,0,0.1559702754020691,81773.34375,5000,1000
othim09,erp,0,1,1,0.0035,31.46012145288486,0.15949641168117523,83622.0546875,31.439126455192056,0.8841476440429688,0.15997682511806488,83873.9296875,0.021932601928710938,11499.0,0.008974075317382812,4705.0,0.012250900268554688,6423.0,0.0,0,0.18190942704677582,95372.9296875,5000,1000
othim10,erp,0,1,1,0.0035,29.98833870122093,0.15584367513656616,81706.96875,29.975606277228497,0.7972237467765808,0.15696942806243896,82297.1875,0.02093505859375,10976.0,0.007852554321289062,4117.0,0.012117385864257812,6353.0,0.0,0,0.17790448665618896,93273.1875,5000,1000
othim11,erp,0,1,1,0.0035,29.60354036081776,0.17311254143714905,90760.828125,29.59227094444206,0.7934579253196716,0.1740548014640808,91254.84375,0.019937515258789062,10453.0,0.00787353515625,4128.0,0.011224746704101562,5885.0,0.0,0,0.19399231672286987,101707.84375,5000,1000
othim12,erp,0,1,1,0.0035,29.38893281495592,0.20628778636455536,108154.2109375,29.383814034981572,0.7957296371459961,0.20688578486442566,108467.734375,0.022186279296875,11632.0,0.0089263916015625,4680.0,0.012294769287109375,6446.0,0.0,0,0.22907206416130066,120099.734375,5000,1000
othim13,erp,0,1,1,0.0035,30.606741660756892,0.15193314850330353,79656.7265625,30.584741376545406,0.8653572797775269,0.15260949730873108,80011.328125,0.020801544189453125,10906.0,0.008863449096679688,4647.0,0.010982513427734375,5758.0,0.0,0,0.1734110414981842,90917.328125,5000,1000
othim14,erp,0,1,1,0.0035,30.75535194462925,0.1433926522731781,75179.046875,30.728748392479304,0.8683068752288818,0.14351452887058258,75242.9453125,0.022451400756835938,11771.0,0.009960174560546875,5222.0,0.011531829833984375,6046.0,0.0,0,0.16596592962741852,87013.9453125,5000,1000
othim15,erp,0,1,1,0.0035,30.55106050064704,0.1441575586795807,75580.078125,30.5263254305149,0.8655014038085938,0.14487074315547943,75953.9921875,0.019998550415039062,10485.0,0.0078029632568359375,4091.0,0.011219024658203125,5882.0,0.0,0,0.1648692935705185,86438.9921875,5000,1000
othim16,erp,0,1,1,0.0035,31.26666903488231,0.13125008344650269,68812.84375,31.24963051839615,0.8808233141899109,0.131735160946846,69067.1640625,0.021383285522460938,11211.0,0.008892059326171875,4662.0,0.011533737182617188,6047.0,0.0,0,0.15311844646930695,80278.1640625,5000,1000
othim17,erp,0,1,1,0.0035,31.21708165782682,0.1309414803981781,68651.046875,31.200026853292595,0.881137490272522,0.1317693591117859,69085.09375,0.020280838012695312,10633.0,0.007848739624023438,4115.0,0.011499404907226562,6029.0,0.0,0,0.1520501971244812,79718.09375,5000,1000
othim18,erp,0,1,1,0.0035,31.439498896692623,0.13968214392662048,73233.671875,31.419185325209757,0.8821159601211548,0.14093731343746185,73891.7421875,0.020111083984375,10544.0,0.007854461669921875,4118.0,0.011304855346679688,5927.0,0.0,0,0.16104839742183685,84435.7421875,5000,1000
othim19,erp,0,1,1,0.0035,28.60624884245372,0.36792120337486267,192896.671875,28.587945736546583,0.8317912817001343,0.3688012361526489,193358.0625,0.019891738891601562,10429.0,0.007938385009765625,4162.0,0.011251449584960938,5899.0,0.0,0,0.3886929750442505,203787.0625,5000,1000
othim20,erp,0,1,1,0.0035,28.665795205599593,0.37270432710647583,195404.40625,28.653258866625322,0.8315776586532593,0.3738880753517151,196025.03125,0.020280838012695312,10633.0,0.007867813110351562,4125.0,0.0114593505859375,6008.0,0.0,0,0.3941689133644104,206658.03125,5000,1000
othim21,erp,0,1,1,0.0035,28.639397208665997,0.3737758994102478,195966.21875,28.62843524318676,0.8338773250579834,0.3753189444541931,196775.21875,0.020021438598632812,10497.0,0.0077571868896484375,4067.0,0.011323928833007812,5937.0,0.0,0,0.3953403830528259,207272.21875,5000,1000
othim22,erp,0,1,1,0.0035,31.05171684039838,0.18294265866279602,95914.640625,31.0146012219176,0.8722230792045593,0.18437345325946808,96664.7890625,0.019903182983398438,10435.0,0.007925033569335938,4155.0,0.0111236572265625,5832.0,0.0,0,0.20427663624286652,107099.7890625,5000,1000
othim23,erp,0,1,1,0.0035,29.875749081801157,0.19189807772636414,100609.859375,29.86579636022233,0.8555597066879272,0.19245514273643494,100901.921875,0.022218704223632812,11649.0,0.008916854858398438,4675.0,0.012304306030273438,6451.0,0.0,0,0.21467384696006775,112550.921875,5000,1000
othim24,erp,0,1,1,0.0035,29.240665581274584,0.2621537148952484,137444.046875,29.22748832694904,0.8589200973510742,0.26399508118629456,138409.453125,0.021348953247070312,11193.0,0.007928848266601562,4157.0,0.012460708618164062,6533.0,0.0,0,0.28534403443336487,149602.453125,5000,1000
othim25,erp,0,1,1,0.0035,28.14178966875718,0.4008444547653198,210157.9375,28.133647032151398,0.8418878316879272,0.4015614986419678,210533.875,0.021310806274414062,11173.0,0.0088958740234375,4664.0,0.01146697998046875,6012.0,0.0,0,0.42287230491638184,221706.875,5000,1000
othim26,erp,0,1,1,0.0035,28.12072051233028,0.40043702721595764,209944.328125,28.11692967040379,0.841853141784668,0.4008656144142151,210169.03125,0.022304534912109375,11694.0,0.00901031494140625,4724.0,0.012361526489257812,6481.0,0.0,0,0.42317014932632446,221863.03125,5000,1000
othim27,erp,0,1,1,0.0035,28.349660496832257,0.3312368392944336,173663.5,28.344463451979845,0.821283757686615,0.33229124546051025,174216.3125,0.021467208862304688,11255.0,0.007823944091796875,4102.0,0.012561798095703125,6586.0,0.0,0,0.35375845432281494,185471.3125,5000,1000
othim28,erp,0,1,1,0.0035,28.832153112422034,0.33176034688949585,173937.96875,28.81525729894493,0.844957709312439,0.33210909366607666,174120.8125,0.020998001098632812,11009.0,0.009126663208007812,4785.0,0.011049270629882812,5793.0,0.0,0,0.3531070947647095,185129.8125,5000,1000
othim29,erp,0,1,1,0.0035,29.272689054418368,0.3206688463687897,168122.828125,29.26840405189977,0.8452415466308594,0.3228604793548584,169271.875,0.021312713623046875,11174.0,0.007905960083007812,4145.0,0.012594223022460938,6603.0,0.0,0,0.3441731929779053,180445.875,5000,1000
othim30,erp,0,1,1,0.0035,28.79274581454473,0.33991461992263794,178213.15625,28.787953077516978,0.8472949862480164,0.34130918979644775,178944.3125,0.021074295043945312,11049.0,0.007915496826171875,4150.0,0.012359619140625,6480.0,0.0,0,0.36238348484039307,189993.3125,5000,1000
othim01,erp,0,1,1,0.005,28.732519982635008,0.1477288454771042,77452.4609375,28.722336467511255,0.8084684610366821,0.14835266768932343,77779.5234375,0.022390365600585938,11739.0,0.008968353271484375,4702.0,0.012571334838867188,6591.0,0.0,0,0.17074303328990936,89518.5234375,5000,1000
othim02,erp,0,1,1,0.005,28.869523060390634,0.14925891160964966,78254.65625,28.851730799675234,0.8101419806480408,0.14980937540531158,78543.2578125,0.020353317260742188,10671.0,0.008035659790039062,4213.0,0.011476516723632812,6017.0,0.0,0,0.17016269266605377,89214.2578125,5000,1000
othim03,erp,0,1,1,0.005,28.91905871791488,0.15367406606674194,80569.46875,28.904870059009983,0.810798168182373,0.15409019589424133,80787.640625,0.021097183227539062,11061.0,0.008932113647460938,4683.0,0.01120758056640625,5876.0,0.0,0,0.1751873791217804,91848.640625,5000,1000
othim04,erp,0,1,1,0.005,26.69905630164669,0.3689005970954895,193410.15625,26.692995397145935,0.7815918922424316,0.37002190947532654,193998.046875,0.02002716064453125,10500.0,0.0077075958251953125,4041.0,0.01136016845703125,5956.0,0.0,0,0.3900490701198578,204498.046875,5000,1000
othim05,erp,0,1,1,0.005,27.41629680240331,0.27491477131843567,144134.515625,27.399943037177508,0.7698237299919128,0.27584540843963623,144622.4375,0.0200958251953125,10536.0,0.00814056396484375,4268.0,0.010972976684570312,5753.0,0.0,0,0.29594123363494873,155158.4375,5000,1000
othim06,erp,0,1,1,0.005,27.52131668733,0.28288090229034424,148311.0625,27.51862378785758,0.7794243693351746,0.2832033634185791,148480.125,0.022174835205078125,11626.0,0.008836746215820312,4633.0,0.012491226196289062,6549.0,0.0,0,0.3053781986236572,160106.125,5000,1000
othim07,erp,0,1,1,0.005,30.110508057940667,0.12420706450939178,65120.2734375,30.10259125901096,0.8662667274475098,0.12468300759792328,65369.8046875,0.022212982177734375,11646.0,0.008998870849609375,4718.0,0.012371063232421875,6486.0,0.0,0,0.14689598977565765,77015.8046875,5000,1000
othim08,erp,0,1,1,0.005,30.35391260036614,0.1110614538192749,58228.1875,30.329726122719947,0.8662919402122498,0.11254367977380753,59005.30078125,0.020120620727539062,10549.0,0.007909774780273438,4147.0,0.011243820190429688,5895.0,0.0,0,0.1326643005013466,69554.30078125,5000,1000
othim09,erp,0,1,1,0.005,30.358168351009926,0.13133344054222107,68856.546875,30.337646643365606,0.8669208288192749,0.13186979293823242,69137.75,0.020763397216796875,10886.0,0.008884429931640625,4658.0,0.011030197143554688,5783.0,0.0,0,0.1526331901550293,80023.75,5000,1000
othim10,erp,0,1,1,0.005,29.231330556011567,0.11599208414554596,60813.2578125,29.226742494363908,0.7697625160217285,0.11627271771430969,60960.390625,0.022466659545898438,11779.0,0.008886337280273438,4659.0,0.01247406005859375,6540.0,0.0,0,0.13873937726020813,72739.390625,5000,1000
othim11,erp,0,1,1,0.005,28.906418618553044,0.13005058467388153,68183.9609375,28.880324027653284,0.7652148604393005,0.1306152641773224,68480.015625,0.020223617553710938,10603.0,0.007869720458984375,4126.0,0.011260986328125,5904.0,0.0,0,0.15083888173103333,79083.015625,5000,1000
othim12,erp,0,1,1,0.005,28.43897750915875,0.1441178321838379,75559.25,28.42889177571185,0.7622413039207458,0.14454329013824463,75782.3125,0.020660400390625,10832.0,0.00890350341796875,4668.0,0.010791778564453125,5658.0,0.0,0,0.16520369052886963,86614.3125,5000,1000
othim13,erp,0,1,1,0.005,30.03154412549188,0.11638084053993225,61017.078125,30.019385454833678,0.8546042442321777,0.11662915349006653,61147.265625,0.021409988403320312,11225.0,0.009029388427734375,4734.0,0.011415481567382812,5985.0,0.0,0,0.13803914189338684,72372.265625,5000,1000
othim14,erp,0,1,1,0.005,30.138574377627297,0.11834511160850525,62046.921875,30.11624220009398,0.8558275103569031,0.11919870227575302,62494.44921875,0.019941329956054688,10455.0,0.0077686309814453125,4073.0,0.01132965087890625,5940.0,0.0,0,0.1391400322318077,72949.44921875,5000,1000
othim15,erp,0,1,1,0.005,29.941003567975645,0.12055571377277374,63205.9140625,29.926520284644955,0.8536180853843689,0.12109794467687607,63490.19921875,0.020404815673828125,10698.0,0.008073806762695312,4233.0,0.011501312255859375,6030.0,0.0,0,0.1415027603507042,74188.19921875,5000,1000
othim16,erp,0,1,1,0.005,30.428690315835514,0.11083099246025085,58107.359375,30.412961379681946,0.8671298027038574,0.11211345344781876,58779.73828125,0.01891326904296875,9916.0,0.00681304931640625,3572.0,0.011144638061523438,5843.0,0.0,0,0.1310267224907875,68695.73828125,5000,1000
othim17,erp,0,1,1,0.005,30.342482020383034,0.10653989017009735,55857.5859375,30.31330820978104,0.8659234046936035,0.10720191895961761,56204.6796875,0.0201416015625,10560.0,0.0079498291015625,4168.0,0.011369705200195312,5961.0,0.0,0,0.12734352052211761,66764.6796875,5000,1000
othim18,erp,0,1,1,0.005,30.63266962119596,0.11235326528549194,58905.46875,30.608713725036495,0.8695000410079956,0.11260665208101273,59038.31640625,0.02094268798828125,10980.0,0.009000778198242188,4719.0,0.011220932006835938,5883.0,0.0,0,0.13354934006929398,70018.31640625,5000,1000
othim19,erp,0,1,1,0.005,27.385468287121707,0.27100443840026855,142084.375,27.37511197361603,0.797418475151062,0.27141839265823364,142301.40625,0.021636962890625,11344.0,0.009122848510742188,4783.0,0.011667251586914062,6117.0,0.0,0,0.29305535554885864,153645.40625,5000,1000
othim20,erp,0,1,1,0.005,27.466901400260827,0.286861777305603,150398.1875,27.453068215617204,0.7938146591186523,0.2875973582267761,150783.84375,0.02046966552734375,10732.0,0.008039474487304688,4215.0,0.01146697998046875,6012.0,0.0,0,0.3080670237541199,161515.84375,5000,1000
othim21,erp,0,1,1,0.005,27.471581380625185,0.2952922284603119,154818.171875,27.455897535385713,0.7953782081604004,0.29572319984436035,155044.125,0.021203994750976562,11117.0,0.00904083251953125,4740.0,0.011320114135742188,5935.0,0.0,0,0.3169271945953369,166161.125,5000,1000
othim22,erp,0,1,1,0.005,29.80919381003933,0.13026022911071777,68293.875,29.7731746516788,0.8522863388061523,0.1312137246131897,68793.78125,0.019865036010742188,10415.0,0.00789642333984375,4140.0,0.011007308959960938,5771.0,0.0,0,0.15107876062393188,79208.78125,5000,1000
othim23,erp,0,1,1,0.005,29.379677791004355,0.14621545374393463,76659.0078125,29.36890471223407,0.8406092524528503,0.14722347259521484,77187.5,0.022237777709960938,11659.0,0.009006500244140625,4722.0,0.012369155883789062,6485.0,0.0,0,0.16946125030517578,88846.5,5000,1000
othim24,erp,0,1,1,0.005,28.09993495794821,0.1828703135251999,95876.7109375,28.08279677789299,0.8293936252593994,0.18482381105422974,96900.90625,0.02021026611328125,10596.0,0.0079345703125,4160.0,0.01129150390625,5920.0,0.0,0,0.205034077167511,107496.90625,5000,1000
othim25,erp,0,1,1,0.005,27.08422355137238,0.30082929134368896,157721.1875,27.077319606318998,0.8126484155654907,0.3012472987174988,157940.34375,0.02264404296875,11872.0,0.009000778198242188,4719.0,0.012811660766601562,6717.0,0.0,0,0.3238913416862488,169812.34375,5000,1000
othim26,erp,0,1,1,0.005,27.06284468919674,0.32179534435272217,168713.4375,27.041562347675043,0.8125125169754028,0.32212579250335693,168886.6875,0.020994186401367188,11007.0,0.008819580078125,4624.0,0.011323928833007812,5937.0,0.0,0,0.3431199789047241,179893.6875,5000,1000
othim27,erp,0,1,1,0.005,27.303663857782137,0.25492826104164124,133655.828125,27.291565379515777,0.7910575866699219,0.2561926245689392,134318.71875,0.020200729370117188,10591.0,0.0078582763671875,4120.0,0.011373519897460938,5963.0,0.0,0,0.2763933539390564,144909.71875,5000,1000
othim28,erp,0,1,1,0.005,27.44042699360215,0.23352430760860443,122433.9921875,27.432163346961346,0.8050360679626465,0.234764963388443,123084.453125,0.020212173461914062,10597.0,0.007886886596679688,4135.0,0.011486053466796875,6022.0,0.0,0,0.25497713685035706,133681.453125,5000,1000
othim29,erp,0,1,1,0.005,28.04478104662333,0.23819634318351746,124883.484375,28.02554171791216,0.8114272952079773,0.2390899360179901,125351.984375,0.020151138305664062,10565.0,0.007894515991210938,4139.0,0.01143646240234375,5996.0,0.0,0,0.2592410743236542,135916.984375,5000,1000
othim30,erp,0,1,1,0.005,27.650498615754497,0.2548029124736786,133590.109375,27.640238438795194,0.8124622106552124,0.255448579788208,133928.625,0.0203094482421875,10648.0,0.00787353515625,4128.0,0.011487960815429688,6023.0,0.0,0,0.2757580280303955,144576.625,5000,1000
othim01,erp,1,0,1,0.0035,30.80515617986273,0.23748303949832916,124509.5078125,30.77319898731773,0.8581451773643494,0.23853904008865356,125063.15625,0.018785476684570312,9849.0,0.007965087890625,4176.0,0.009866714477539062,5173.0,0.0,0,0.2573245167732239,134912.15625,5000,1000
othim02,erp,1,0,1,0.0035,30.776976068923656,0.24296066164970398,127381.359375,30.752191790975132,0.8552185893058777,0.24437224864959717,128121.4375,0.018640518188476562,9773.0,0.007968902587890625,4178.0,0.009593963623046875,5030.0,0.0,0,0.26301276683807373,137894.4375,5000,1000
othim03,erp,1,0,1,0.0035,30.77536999933726,0.262894868850708,137832.625,30.752939156749573,0.8546086549758911,0.26335275173187256,138072.6875,0.019184112548828125,10058.0,0.009014129638671875,4726.0,0.009235382080078125,4842.0,0.0,0,0.2825368642807007,148130.6875,5000,1000
othim04,erp,1,0,1,0.0035,28.406185453180218,0.5033208131790161,263885.0625,28.393559228694414,0.8418964743614197,0.5040042996406555,264243.40625,0.019449234008789062,10197.0,0.008975982666015625,4706.0,0.009639739990234375,5054.0,0.0,0,0.5234535336494446,274440.40625,5000,1000
othim05,erp,1,0,1,0.0035,29.08930631211192,0.3962268531322479,207736.984375,29.084278675409745,0.8292891979217529,0.39661717414855957,207941.625,0.020412445068359375,10702.0,0.008989334106445312,4713.0,0.010471343994140625,5490.0,0.0,0,0.41702961921691895,218643.625,5000,1000
othim06,erp,1,0,1,0.0035,29.324972435348524,0.39575058221817017,207487.28125,29.291348333323565,0.8378588557243347,0.39697983860969543,208131.765625,0.01844024658203125,9668.0,0.0079803466796875,4184.0,0.009637832641601562,5053.0,0.0,0,0.4154200851917267,217799.765625,5000,1000
othim07,erp,1,0,1,0.0035,32.448727365291894,0.1903066337108612,99775.484375,32.403885275703495,0.8999025821685791,0.19074708223342896,100006.40625,0.019804000854492188,10383.0,0.008996963500976562,4717.0,0.009853363037109375,5166.0,0.0,0,0.21055108308792114,110389.40625,5000,1000
othim08,erp,1,0,1,0.0035,32.616396545001855,0.17174430191516876,90043.4765625,32.605531526183576,0.8995622396469116,0.1722983419895172,90333.953125,0.020650863647460938,10827.0,0.008977890014648438,4707.0,0.010845184326171875,5686.0,0.0,0,0.19294920563697815,101160.953125,5000,1000
othim09,erp,1,0,1,0.0035,32.34468172353535,0.19312962889671326,101255.546875,32.301076798284626,0.8951869010925293,0.1943412721157074,101890.796875,0.01861572265625,9760.0,0.007974624633789062,4181.0,0.00969696044921875,5084.0,0.0,0,0.2129569947719574,111650.796875,5000,1000
othim10,erp,1,0,1,0.0035,30.58913973789714,0.1793750822544098,94044.203125,30.573535537248414,0.820062518119812,0.17958888411521912,94156.296875,0.020557403564453125,10778.0,0.009868621826171875,5174.0,0.009717941284179688,5095.0,0.0,0,0.20014628767967224,104934.296875,5000,1000
othim11,erp,1,0,1,0.0035,30.45618836646463,0.20686379075050354,108456.203125,30.44269850537545,0.8233418464660645,0.20816153287887573,109136.59375,0.01993560791015625,10452.0,0.007930755615234375,4158.0,0.010919570922851562,5725.0,0.0,0,0.22809714078903198,119588.59375,5000,1000
othim12,erp,1,0,1,0.0035,30.04952000873854,0.2320091873407364,121639.6328125,30.039534809360685,0.8191126585006714,0.23314794898033142,122236.671875,0.0196685791015625,10312.0,0.0080108642578125,4200.0,0.0106964111328125,5608.0,0.0,0,0.2528165280818939,132548.671875,5000,1000
othim13,erp,1,0,1,0.0035,32.19508161044333,0.18835267424583435,98751.046875,32.18482760191604,0.8860859870910645,0.18880903720855713,98990.3125,0.020660400390625,10832.0,0.008941650390625,4688.0,0.0107879638671875,5656.0,0.0,0,0.20946943759918213,109822.3125,5000,1000
othim14,erp,1,0,1,0.0035,32.21801411163916,0.19422149658203125,101828.0,32.20281617388658,0.885487973690033,0.19514231383800507,102310.7734375,0.0184478759765625,9672.0,0.0078105926513671875,4095.0,0.009683609008789062,5077.0,0.0,0,0.21359018981456757,111982.7734375,5000,1000
othim15,erp,1,0,1,0.0035,32.09626128099119,0.19712680578231812,103351.21875,32.07025024554103,0.8851110935211182,0.19863903522491455,104144.0625,0.018169403076171875,9526.0,0.007900238037109375,4142.0,0.009572982788085938,5019.0,0.0,0,0.21680843830108643,113670.0625,5000,1000
othim16,erp,1,0,1,0.0035,32.669636598447205,0.17503558099269867,91769.0546875,32.6578743878896,0.8977340459823608,0.17526724934577942,91890.515625,0.020277023315429688,10631.0,0.008853912353515625,4642.0,0.010602951049804688,5559.0,0.0,0,0.1955442726612091,102521.515625,5000,1000
othim17,erp,1,0,1,0.0035,32.67408788063236,0.17597904801368713,92263.703125,32.6300936803361,0.8973530530929565,0.17616865038871765,92363.109375,0.018951416015625,9936.0,0.008968353271484375,4702.0,0.009176254272460938,4811.0,0.0,0,0.19512006640434265,102299.109375,5000,1000
othim18,erp,1,0,1,0.0035,32.71733100476299,0.17190828919410706,90129.453125,32.683463880867016,0.8968505263328552,0.17284733057022095,90621.78125,0.01853179931640625,9716.0,0.007921218872070312,4153.0,0.009668350219726562,5069.0,0.0,0,0.1913791298866272,100337.78125,5000,1000
othim19,erp,1,0,1,0.0035,29.28977373426768,0.39252185821533203,205794.5,29.27665855179693,0.8478774428367615,0.3930518925189972,206072.390625,0.019847869873046875,10406.0,0.008975982666015625,4706.0,0.009822845458984375,5150.0,0.0,0,0.41289976239204407,216478.390625,5000,1000
othim20,erp,1,0,1,0.0035,29.219344208217716,0.3896210789680481,204273.65625,29.206345367441696,0.8455977439880371,0.39000430703163147,204474.578125,0.01937103271484375,10156.0,0.008810043334960938,4619.0,0.0097198486328125,5096.0,0.0,0,0.4093753397464752,214630.578125,5000,1000
othim21,erp,1,0,1,0.0035,29.230979922903643,0.4007613956928253,210114.390625,29.221961757337677,0.8493940830230713,0.40115082263946533,210318.5625,0.01995849609375,10464.0,0.009065628051757812,4753.0,0.009927749633789062,5205.0,0.0,0,0.42110931873321533,220782.5625,5000,1000
othim22,erp,1,0,1,0.0035,31.834307268735802,0.21406161785125732,112229.9375,31.813114517433632,0.8815034627914429,0.21442435681819916,112420.1171875,0.020402908325195312,10697.0,0.008884429931640625,4658.0,0.010812759399414062,5669.0,0.0,0,0.23482726514339447,123117.1171875,5000,1000
othim23,erp,1,0,1,0.0035,30.368526505250543,0.19419172406196594,101812.390625,30.35296238048339,0.8714189529418945,0.19549688696861267,102496.671875,0.01854705810546875,9724.0,0.0077648162841796875,4071.0,0.0097198486328125,5096.0,0.0,0,0.21404394507408142,112220.671875,5000,1000
othim24,erp,1,0,1,0.0035,30.240392899353022,0.3066417872905731,160768.609375,30.20691800584042,0.8813468217849731,0.30719608068466187,161059.21875,0.019329071044921875,10134.0,0.009082794189453125,4762.0,0.009534835815429688,4999.0,0.0,0,0.32652515172958374,171193.21875,5000,1000
othim25,erp,1,0,1,0.0035,28.803864894712234,0.4432205259799957,232375.203125,28.791976279073523,0.8522032499313354,0.4438648223876953,232713.0,0.018705368041992188,9807.0,0.007930755615234375,4158.0,0.009828567504882812,5153.0,0.0,0,0.4625701904296875,242520.0,5000,1000
othim26,erp,1,0,1,0.0035,28.84068740363668,0.4433530271053314,232444.671875,28.834776581666357,0.8529237508773804,0.44404464960098267,232807.28125,0.020839691162109375,10926.0,0.008953094482421875,4694.0,0.010942459106445312,5737.0,0.0,0,0.46488434076309204,243733.28125,5000,1000
othim27,erp,1,0,1,0.0035,29.13707595653196,0.36487314105033875,191298.609375,29.11977074440672,0.8362796306610107,0.366407185792923,192102.890625,0.018743515014648438,9827.0,0.007925033569335938,4155.0,0.009860992431640625,5170.0,0.0,0,0.3851507008075714,201929.890625,5000,1000
othim28,erp,1,0,1,0.0035,29.44240473859983,0.3636125326156616,190637.6875,29.43577510422416,0.8631589412689209,0.36402207612991333,190852.40625,0.020620346069335938,10811.0,0.008935928344726562,4685.0,0.010747909545898438,5635.0,0.0,0,0.38464242219924927,201663.40625,5000,1000
othim29,erp,1,0,1,0.0035,29.800623067509566,0.33669784665107727,176526.640625,29.784219400419133,0.8607821464538574,0.33780723810195923,177108.28125,0.018457412719726562,9677.0,0.007884979248046875,4134.0,0.009893417358398438,5187.0,0.0,0,0.3562646508216858,186785.28125,5000,1000
othim30,erp,1,0,1,0.0035,29.43523993577885,0.3733173608779907,195725.8125,29.4214245774868,0.8646849393844604,0.3741928040981293,196184.796875,0.019582748413085938,10267.0,0.008909225463867188,4671.0,0.009721755981445312,5097.0,0.0,0,0.3937755525112152,206451.796875,5000,1000
othim01,erp,1,0,1,0.005,29.816421214810106,0.1753700077533722,91944.390625,29.80099592666565,0.8333499431610107,0.17651492357254028,92544.65625,0.0186309814453125,9768.0,0.007848739624023438,4115.0,0.0098114013671875,5144.0,0.0,0,0.19514590501785278,102312.65625,5000,1000
othim02,erp,1,0,1,0.005,29.42131160674892,0.16980132460594177,89024.796875,29.407108387345033,0.8246842622756958,0.17107287049293518,89691.453125,0.01851654052734375,9708.0,0.007984161376953125,4186.0,0.009572982788085938,5019.0,0.0,0,0.18958941102027893,99399.453125,5000,1000
othim03,erp,1,0,1,0.005,29.59972781958722,0.18151572346687317,95166.515625,29.58972450358881,0.8262002468109131,0.18273493647575378,95805.734375,0.019422531127929688,10183.0,0.007900238037109375,4142.0,0.010683059692382812,5601.0,0.0,0,0.20215746760368347,105988.734375,5000,1000
othim04,erp,1,0,1,0.005,27.175742196027112,0.396512508392334,207886.75,27.162596292639336,0.8000491857528687,0.3976387679576874,208477.234375,0.01853179931640625,9716.0,0.007907867431640625,4146.0,0.009675979614257812,5073.0,0.0,0,0.41617056727409363,218193.234375,5000,1000
othim05,erp,1,0,1,0.005,28.034401098476746,0.30584877729415894,160352.84375,28.019320974866854,0.793317437171936,0.3067489266395569,160824.78125,0.018339157104492188,9615.0,0.007862091064453125,4122.0,0.0096282958984375,5048.0,0.0,0,0.3250880837440491,170439.78125,5000,1000
othim06,erp,1,0,1,0.005,28.120833636372684,0.3103007674217224,162686.96875,28.11515876733391,0.8010821342468262,0.3115447163581848,163339.15625,0.019580841064453125,10266.0,0.008001327514648438,4195.0,0.010622024536132812,5569.0,0.0,0,0.33112555742263794,173605.15625,5000,1000
othim07,erp,1,0,1,0.005,31.524608227994765,0.1510726511478424,79205.578125,31.47360801710738,0.8852572441101074,0.1516062617301941,79485.34375,0.019426345825195312,10185.0,0.008756637573242188,4591.0,0.009725570678710938,5099.0,0.0,0,0.1710326075553894,89670.34375,5000,1000
othim08,erp,1,0,1,0.005,31.57320501930576,0.13696926832199097,71811.34375,31.547906292435073,0.8830679655075073,0.13725292682647705,71960.0625,0.019426345825195312,10185.0,0.008989334106445312,4713.0,0.009584426879882812,5025.0,0.0,0,0.15667927265167236,82145.0625,5000,1000
othim09,erp,1,0,1,0.005,31.399308290987033,0.15716251730918884,82398.421875,31.348464277354662,0.8804612159729004,0.15793529152870178,82803.578125,0.018741607666015625,9826.0,0.008029937744140625,4210.0,0.009883880615234375,5182.0,0.0,0,0.1766768991947174,92629.578125,5000,1000
othim10,erp,1,0,1,0.005,29.827273054720862,0.1402733325958252,73543.625,29.810079683724055,0.7966394424438477,0.14154505729675293,74210.375,0.018739700317382812,9825.0,0.008052825927734375,4222.0,0.009824752807617188,5151.0,0.0,0,0.16028475761413574,84035.375,5000,1000
othim11,erp,1,0,1,0.005,29.476519732049486,0.1537257432937622,80596.5625,29.465698830296606,0.7918163537979126,0.15457388758659363,81041.234375,0.019298553466796875,10118.0,0.007886886596679688,4135.0,0.010562896728515625,5538.0,0.0,0,0.1738724410533905,91159.234375,5000,1000
othim12,erp,1,0,1,0.005,29.012727233595523,0.1634756326675415,85708.3125,28.994076912604896,0.7849785089492798,0.16419515013694763,86085.546875,0.019636154174804688,10295.0,0.008890151977539062,4661.0,0.009771347045898438,5123.0,0.0,0,0.18383130431175232,96380.546875,5000,1000
othim13,erp,1,0,1,0.005,31.107235110913404,0.1558942347764969,81733.4765625,31.05452793009969,0.8688985109329224,0.15648841857910156,82045.0,0.018398284912109375,9646.0,0.0090179443359375,4728.0,0.008413314819335938,4411.0,0.0,0,0.17488670349121094,91691.0,5000,1000
othim14,erp,1,0,1,0.005,30.584599097858057,0.1339436024427414,70225.0234375,30.542854919751306,0.8650838136672974,0.1343773752450943,70452.4453125,0.018552780151367188,9727.0,0.008901596069335938,4667.0,0.008539199829101562,4477.0,0.0,0,0.1529301553964615,80179.4453125,5000,1000
othim15,erp,1,0,1,0.005,30.954133809748573,0.15470415353775024,81109.53125,30.93852068065823,0.8687866926193237,0.15518948435783386,81363.984375,0.019489288330078125,10218.0,0.008930206298828125,4682.0,0.00959014892578125,5028.0,0.0,0,0.174678772687912,91581.984375,5000,1000
othim16,erp,1,0,1,0.005,31.19470284558879,0.12580400705337524,65957.53125,31.16702839226043,0.8785110712051392,0.12642404437065125,66282.609375,0.018360137939453125,9626.0,0.007724761962890625,4050.0,0.009813308715820312,5145.0,0.0,0,0.14478418231010437,75908.609375,5000,1000
othim17,erp,1,0,1,0.005,31.47757447733645,0.13054729998111725,68444.3828125,31.408511699024345,0.8820444345474243,0.13231800496578217,69372.7421875,0.01647186279296875,8636.0,0.00677490234375,3552.0,0.0088653564453125,4648.0,0.0,0,0.14878986775875092,78008.7421875,5000,1000
othim18,erp,1,0,1,0.005,31.335206984091688,0.13313978910446167,69803.59375,31.30880990377751,0.8797034025192261,0.1334308534860611,69956.1953125,0.019256591796875,10096.0,0.0088043212890625,4616.0,0.009616851806640625,5042.0,0.0,0,0.1526874452829361,80052.1953125,5000,1000
othim19,erp,1,0,1,0.005,28.159603539167453,0.30315256118774414,158939.25,28.15238972074971,0.8149853944778442,0.3033350110054016,159034.90625,0.020965576171875,10992.0,0.010061264038085938,5275.0,0.009969711303710938,5227.0,0.0,0,0.3243005871772766,170026.90625,5000,1000
othim20,erp,1,0,1,0.005,28.168686002622508,0.3066692352294922,160783.0,28.154902402602357,0.8132611513137817,0.3076252341270447,161284.21875,0.0186920166015625,9800.0,0.007854461669921875,4118.0,0.009870529174804688,5175.0,0.0,0,0.3263172507286072,171084.21875,5000,1000
othim21,erp,1,0,1,0.005,28.13662189226459,0.3126286566257477,163907.453125,28.110098720565286,0.8168134689331055,0.31355512142181396,164393.1875,0.01892852783203125,9924.0,0.009113311767578125,4778.0,0.008846282958984375,4638.0,0.0,0,0.3324836492538452,174317.1875,5000,1000
othim22,erp,1,0,1,0.005,30.87686515693044,0.1664864867925644,87286.8671875,30.840562569144755,0.865024983882904,0.16687846183776855,87492.375,0.019580841064453125,10266.0,0.00890350341796875,4668.0,0.00969696044921875,5084.0,0.0,0,0.18645930290222168,97758.375,5000,1000
othim23,erp,1,0,1,0.005,29.80208920800763,0.15880872309207916,83261.5078125,29.794048333776384,0.8565536737442017,0.15916447341442108,83448.0234375,0.020555496215820312,10777.0,0.008913040161132812,4673.0,0.010694503784179688,5607.0,0.0,0,0.1797199696302414,94225.0234375,5000,1000
othim24,erp,1,0,1,0.005,28.93148773560939,0.22448372840881348,117694.125,28.925621588304768,0.851585865020752,0.22484250366687775,117882.2265625,0.020496368408203125,10746.0,0.009004592895507812,4721.0,0.010549545288085938,5531.0,0.0,0,0.24533887207508087,128628.2265625,5000,1000
othim25,erp,1,0,1,0.005,27.74604821029074,0.35528603196144104,186272.203125,27.729488925920474,0.8245958089828491,0.356472373008728,186894.1875,0.018381118774414062,9637.0,0.0079345703125,4160.0,0.009502410888671875,4982.0,0.0,0,0.3748534917831421,196531.1875,5000,1000
othim26,erp,1,0,1,0.005,27.871786043201173,0.3534465432167053,185307.78125,27.86659610518647,0.8279217481613159,0.35454824566841125,185885.390625,0.019992828369140625,10482.0,0.007904052734375,4144.0,0.011125564575195312,5833.0,0.0,0,0.3745410740375519,196367.390625,5000,1000
othim27,erp,1,0,1,0.005,28.21048450372393,0.2847403883934021,149285.96875,28.2029235666087,0.8124949932098389,0.28516659140586853,149509.421875,0.0195465087890625,10248.0,0.008941650390625,4688.0,0.009778976440429688,5127.0,0.0,0,0.30471310019493103,159757.421875,5000,1000
othim28,erp,1,0,1,0.005,28.24285775647839,0.2687137722969055,140883.40625,28.227482875282732,0.8306722640991211,0.26964548230171204,141371.890625,0.0185699462890625,9736.0,0.00799560546875,4192.0,0.009725570678710938,5099.0,0.0,0,0.28821542859077454,151107.890625,5000,1000
othim29,erp,1,0,1,0.005,28.535971607723507,0.2534151077270508,132862.5,28.515401154972306,0.8292942047119141,0.25364264845848083,132981.796875,0.019693374633789062,10325.0,0.008991241455078125,4714.0,0.0099945068359375,5240.0,0.0,0,0.2733360230922699,143306.796875,5000,1000
othim30,erp,1,0,1,0.005,28.191640299265504,0.2850962281227112,149472.53125,28.1797325142515,0.832456111907959,0.2854633331298828,149665.0,0.019519805908203125,10234.0,0.009126663208007812,4785.0,0.009700775146484375,5086.0,0.0,0,0.30498313903808594,159899.0,5000,1000
othim01,erp,1,1,1,0.0035,30.719719287298272,0.24480906128883362,128350.453125,30.701980411778212,0.8556258082389832,0.24531005322933197,128613.1171875,0.021955490112304688,11511.0,0.008928298950195312,4681.0,0.012310028076171875,6454.0,0.0,0,0.26726554334163666,140124.1171875,5000,1000
othim02,erp,1,1,1,0.0035,30.779451707755936,0.24166850745677948,126703.8984375,30.771726861470043,0.8551573753356934,0.2421007603406906,126930.5234375,0.021942138671875,11504.0,0.008901596069335938,4667.0,0.01222991943359375,6412.0,0.0,0,0.2640428990125656,138434.5234375,5000,1000
othim03,erp,1,1,1,0.0035,30.84212814683669,0.24281588196754456,127305.453125,30.83293966711963,0.8552634119987488,0.24355407059192657,127692.4765625,0.022344589233398438,11715.0,0.008989334106445312,4713.0,0.012409210205078125,6506.0,0.0,0,0.265898659825325,139407.4765625,5000,1000
othim04,erp,1,1,1,0.0035,28.373517155527008,0.4946078062057495,259316.9375,28.369587284568485,0.8414477109909058,0.4956773519515991,259877.6875,0.022092819213867188,11583.0,0.00885009765625,4640.0,0.012298583984375,6448.0,0.0,0,0.5177701711654663,271460.6875,5000,1000
othim05,erp,1,1,1,0.0035,29.143247844628572,0.3926706910133362,205872.53125,29.128365209158677,0.8304435610771179,0.393680214881897,206401.8125,0.020723342895507812,10865.0,0.009002685546875,4720.0,0.010904312133789062,5717.0,0.0,0,0.4144035577774048,217266.8125,5000,1000
othim06,erp,1,1,1,0.0035,29.26141366863473,0.3975368142127991,208423.78125,29.25380221403115,0.8376871347427368,0.398281991481781,208814.46875,0.021200180053710938,11115.0,0.0078277587890625,4104.0,0.012422561645507812,6513.0,0.0,0,0.41948217153549194,219929.46875,5000,1000
othim07,erp,1,1,1,0.0035,32.39852026015757,0.19628667831420898,102910.75,32.36482616226595,0.8997737765312195,0.19668927788734436,103121.828125,0.020992279052734375,11006.0,0.008823394775390625,4626.0,0.01134490966796875,5948.0,0.0,0,0.21768155694007874,114127.828125,5000,1000
othim08,erp,1,1,1,0.0035,32.44555374316519,0.17698580026626587,92791.53125,32.40256623272612,0.8976583480834961,0.17742380499839783,93021.171875,0.020921707153320312,10969.0,0.009033203125,4736.0,0.011186599731445312,5865.0,0.0,0,0.19834551215171814,103990.171875,5000,1000
othim09,erp,1,1,1,0.0035,32.38720805849779,0.1940496563911438,101737.90625,32.34963353308541,0.896563708782196,0.19430506229400635,101871.8125,0.020999908447265625,11010.0,0.008874893188476562,4653.0,0.011156082153320312,5849.0,0.0,0,0.21530497074127197,112881.8125,5000,1000
othim10,erp,1,1,1,0.0035,30.66505574017353,0.1834389716386795,96174.8515625,30.6581427869196,0.8217050433158875,0.1840004026889801,96469.203125,0.022153854370117188,11615.0,0.008882522583007812,4657.0,0.012451171875,6528.0,0.0,0,0.2061542570590973,108084.203125,5000,1000
othim11,erp,1,1,1,0.0035,30.381089329483842,0.2126920223236084,111511.875,30.3636463615516,0.8209476470947266,0.21312358975410461,111738.140625,0.021215438842773438,11123.0,0.008882522583007812,4657.0,0.01137542724609375,5964.0,0.0,0,0.23433902859687805,122861.140625,5000,1000
othim12,erp,1,1,1,0.0035,30.020108130278604,0.23214437067508698,121710.5078125,30.012453269216568,0.8190823793411255,0.23391284048557281,122637.6953125,0.021144866943359375,11086.0,0.0077419281005859375,4059.0,0.0125732421875,6592.0,0.0,0,0.2550577074289322,133723.6953125,5000,1000
othim13,erp,1,1,1,0.0035,32.08288830549808,0.20365606248378754,106774.4296875,32.071242597756786,0.8839350938796997,0.20409156382083893,107002.7578125,0.021230697631835938,11131.0,0.0088958740234375,4664.0,0.011388778686523438,5971.0,0.0,0,0.22532226145267487,118133.7578125,5000,1000
othim14,erp,1,1,1,0.0035,32.11611576974464,0.19594089686870575,102729.4609375,32.08209100719106,0.8842761516571045,0.1969788819551468,103273.6640625,0.019979476928710938,10475.0,0.007877349853515625,4130.0,0.011266708374023438,5907.0,0.0,0,0.21695835888385773,113748.6640625,5000,1000
othim15,erp,1,1,1,0.0035,31.942479355045013,0.19118823111057281,100237.6953125,31.929950407458907,0.8838326334953308,0.19220083951950073,100768.59375,0.021595001220703125,11322.0,0.007965087890625,4176.0,0.012689590454101562,6653.0,0.0,0,0.21379584074020386,112090.59375,5000,1000
othim16,erp,1,1,1,0.0035,32.65354036395387,0.17148275673389435,89906.3515625,32.643923300363035,0.8979300260543823,0.17183178663253784,90089.34375,0.022642135620117188,11871.0,0.0089874267578125,4712.0,0.012725830078125,6672.0,0.0,0,0.19447392225265503,101960.34375,5000,1000
othim17,erp,1,1,1,0.0035,32.45084027223753,0.17734795808792114,92981.40625,32.43557777747733,0.8958227634429932,0.17795777320861816,93301.125,0.021190643310546875,11110.0,0.007833480834960938,4107.0,0.012529373168945312,6569.0,0.0,0,0.19914841651916504,104411.125,5000,1000
othim18,erp,1,1,1,0.0035,32.605577663330045,0.16941609978675842,88822.828125,32.55797680270461,0.896761417388916,0.17061765491962433,89452.7890625,0.019884109497070312,10425.0,0.007854461669921875,4118.0,0.011198043823242188,5871.0,0.0,0,0.19050176441669464,99877.7890625,5000,1000
othim19,erp,1,1,1,0.0035,29.29254387957346,0.39528214931488037,207241.6875,29.28355856073774,0.8495849370956421,0.39590632915496826,207568.9375,0.02237701416015625,11732.0,0.00899505615234375,4716.0,0.012556076049804688,6583.0,0.0,0,0.4182833433151245,219300.9375,5000,1000
othim20,erp,1,1,1,0.0035,29.288695279817848,0.39371258020401,206418.78125,29.279532483134478,0.8458350896835327,0.39398908615112305,206563.75,0.022235870361328125,11658.0,0.008905410766601562,4669.0,0.012510299682617188,6559.0,0.0,0,0.41622495651245117,218221.75,5000,1000
othim21,erp,1,1,1,0.0035,29.257724062691604,0.408886194229126,214374.125,29.241831937466415,0.8481378555297852,0.4097827672958374,214844.1875,0.020296096801757812,10641.0,0.007862091064453125,4122.0,0.011487960815429688,6023.0,0.0,0,0.4300788640975952,225485.1875,5000,1000
othim22,erp,1,1,1,0.0035,31.913655928382767,0.21043497323989868,110328.53125,31.90539210412466,0.8842658400535583,0.21154581010341644,110910.9296875,0.021503448486328125,11274.0,0.0079498291015625,4168.0,0.012575149536132812,6593.0,0.0,0,0.23304925858974457,122184.9296875,5000,1000
othim23,erp,1,1,1,0.0035,30.7083463890482,0.21068048477172852,110457.25,30.677577858832176,0.8760203123092651,0.2112179398536682,110739.03125,0.020900726318359375,10958.0,0.008939743041992188,4687.0,0.01097869873046875,5756.0,0.0,0,0.2321186661720276,121697.03125,5000,1000
othim24,erp,1,1,1,0.0035,30.15950230175402,0.3034304976463318,159084.96875,30.131483270208793,0.8799111247062683,0.30406779050827026,159419.09375,0.02094268798828125,10980.0,0.00897979736328125,4708.0,0.011150360107421875,5846.0,0.0,0,0.3250104784965515,170399.09375,5000,1000
othim25,erp,1,1,1,0.0035,28.72712521507977,0.44376713037490845,232661.78125,28.70656970687824,0.8506455421447754,0.4441109895706177,232842.0625,0.0209808349609375,11000.0,0.008913040161132812,4673.0,0.010990142822265625,5762.0,0.0,0,0.4650918245315552,243842.0625,5000,1000
othim26,erp,1,1,1,0.0035,28.793503332152152,0.4471395015716553,234429.875,28.785711650352678,0.8527019023895264,0.44726550579071045,234495.9375,0.023530960083007812,12337.0,0.009958267211914062,5221.0,0.012624740600585938,6619.0,0.0,0,0.47079646587371826,246832.9375,5000,1000
othim27,erp,1,1,1,0.0035,29.15301836695259,0.3654692769050598,191611.15625,29.13363598998718,0.8357747793197632,0.366668701171875,192240.0,0.0201568603515625,10568.0,0.007879257202148438,4131.0,0.01141357421875,5984.0,0.0,0,0.3868255615234375,202808.0,5000,1000
othim28,erp,1,1,1,0.0035,29.453492524019808,0.3601587414741516,188826.90625,29.438710121784055,0.8645622730255127,0.3613786995410919,189466.515625,0.020055770874023438,10515.0,0.007974624633789062,4181.0,0.011255264282226562,5901.0,0.0,0,0.38143447041511536,199981.515625,5000,1000
othim29,erp,1,1,1,0.0035,29.78184112061103,0.33982473611831665,178166.03125,29.764410011892327,0.8605925440788269,0.34102293848991394,178794.234375,0.019804000854492188,10383.0,0.007898330688476562,4141.0,0.011089324951171875,5814.0,0.0,0,0.36082693934440613,189177.234375,5000,1000
othim30,erp,1,1,1,0.0035,29.374085230897975,0.36761271953582764,192734.9375,29.361407082500715,0.8638633489608765,0.3683573603630066,193125.34375,0.020025253295898438,10499.0,0.0077266693115234375,4051.0,0.011508941650390625,6034.0,0.0,0,0.38838261365890503,203624.34375,5000,1000
othim01,erp,1,1,1,0.005,29.528570818264516,0.17431728541851044,91392.4609375,29.49471993141456,0.8279328346252441,0.17523714900016785,91874.734375,0.020959854125976562,10989.0,0.009088516235351562,4765.0,0.011034011840820312,5785.0,0.0,0,0.1961970031261444,102863.734375,5000,1000
othim02,erp,1,1,1,0.005,29.54353871691338,0.1779342144727707,93288.7734375,29.536878371355655,0.8246669173240662,0.17951439321041107,94117.2421875,0.021791458129882812,11425.0,0.007905960083007812,4145.0,0.012807846069335938,6715.0,0.0,0,0.20130585134029388,105542.2421875,5000,1000
othim03,erp,1,1,1,0.005,29.45317421513577,0.17904047667980194,93868.7734375,29.44603547566233,0.8228527903556824,0.18033556640148163,94547.7734375,0.020986557006835938,11003.0,0.007841110229492188,4111.0,0.012315750122070312,6457.0,0.0,0,0.20132212340831757,105550.7734375,5000,1000
othim04,erp,1,1,1,0.005,27.16148849872663,0.3901432752609253,204547.4375,27.144264926209004,0.7988052368164062,0.3913572132587433,205183.890625,0.019838333129882812,10401.0,0.007884979248046875,4134.0,0.010986328125,5760.0,0.0,0,0.4111955463886261,215584.890625,5000,1000
othim05,erp,1,1,1,0.005,27.95883144997781,0.3085259199142456,161756.4375,27.944293295020472,0.7912096381187439,0.3091648817062378,162091.4375,0.020868301391601562,10941.0,0.009122848510742188,4783.0,0.010915756225585938,5723.0,0.0,0,0.33003318309783936,173032.4375,5000,1000
othim06,erp,1,1,1,0.005,28.217701941679476,0.3080557584762573,161509.9375,28.21047434522514,0.8033887147903442,0.30838069319725037,161680.296875,0.02130126953125,11168.0,0.008913040161132812,4673.0,0.011461257934570312,6009.0,0.0,0,0.32968196272850037,172848.296875,5000,1000
othim07,erp,1,1,1,0.005,31.478319229757915,0.15646231174468994,82031.3125,31.47022674695664,0.8854184150695801,0.15751463174819946,82583.03125,0.021154403686523438,11091.0,0.007902145385742188,4143.0,0.012434005737304688,6519.0,0.0,0,0.1786690354347229,93674.03125,5000,1000
othim08,erp,1,1,1,0.005,31.51030906173054,0.1352846622467041,70928.125,31.484864484889645,0.8832125067710876,0.13653792440891266,71585.1953125,0.020009994506835938,10491.0,0.007839202880859375,4110.0,0.011232376098632812,5889.0,0.0,0,0.1565479189157486,82076.1953125,5000,1000
othim09,erp,1,1,1,0.005,31.465310546450606,0.153021901845932,80227.546875,31.435141866355366,0.8814024925231934,0.1543481945991516,80922.90625,0.020008087158203125,10490.0,0.008016586303710938,4203.0,0.01116943359375,5856.0,0.0,0,0.17435628175735474,91412.90625,5000,1000
othim10,erp,1,1,1,0.005,29.90146035414716,0.13590283691883087,71252.2265625,29.885810455060593,0.7956223487854004,0.1362479329109192,71433.15625,0.02075958251953125,10884.0,0.008878707885742188,4655.0,0.011045455932617188,5791.0,0.0,0,0.15700751543045044,82317.15625,5000,1000
othim11,erp,1,1,1,0.005,29.408384362872,0.15979689359664917,83779.59375,29.397396014415552,0.7888946533203125,0.16018317639827728,83982.1171875,0.022336959838867188,11711.0,0.009054183959960938,4747.0,0.012449264526367188,6527.0,0.0,0,0.18252013623714447,95693.1171875,5000,1000
othim12,erp,1,1,1,0.005,28.94357943525903,0.16307878494262695,85500.25,28.930501431847404,0.7827262878417969,0.16343866288661957,85688.9296875,0.021165847778320312,11097.0,0.009016036987304688,4727.0,0.011426925659179688,5991.0,0.0,0,0.18460451066493988,96785.9296875,5000,1000
othim13,erp,1,1,1,0.005,30.945692352022178,0.14881902933120728,78024.03125,30.90324336360995,0.8680130839347839,0.14925992488861084,78255.1875,0.018968582153320312,9945.0,0.00787353515625,4128.0,0.01025390625,5376.0,0.0,0,0.16822850704193115,88200.1875,5000,1000
othim14,erp,1,1,1,0.005,31.03194383967741,0.15683111548423767,82224.671875,30.972324970933936,0.8683959245681763,0.15784341096878052,82755.40625,0.018941879272460938,9931.0,0.007936477661132812,4161.0,0.010158538818359375,5326.0,0.0,0,0.17678529024124146,92686.40625,5000,1000
othim15,erp,1,1,1,0.005,31.1742476687502,0.15507879853248596,81305.953125,31.14061963610796,0.8706180453300476,0.1561046689748764,81843.8046875,0.02025604248046875,10620.0,0.007904052734375,4144.0,0.011648178100585938,6107.0,0.0,0,0.17636071145534515,92463.8046875,5000,1000
othim16,erp,1,1,1,0.005,31.044697625338518,0.12302844971418381,64502.33984375,31.02293010346125,0.8764147758483887,0.12393675744533539,64978.5546875,0.0199737548828125,10472.0,0.007860183715820312,4121.0,0.011278152465820312,5913.0,0.0,0,0.1439105123281479,75450.5546875,5000,1000
othim17,erp,1,1,1,0.005,31.4338074374203,0.13064438104629517,68495.28125,31.424509784804997,0.8804017901420593,0.1309025138616562,68630.6171875,0.022312164306640625,11698.0,0.009038925170898438,4739.0,0.0123291015625,6464.0,0.0,0,0.15321467816829681,80328.6171875,5000,1000
othim18,erp,1,1,1,0.005,31.09305961193383,0.12351462244987488,64757.234375,31.068612167087306,0.8787805438041687,0.12506967782974243,65572.53125,0.0200042724609375,10488.0,0.008016586303710938,4203.0,0.011142730712890625,5842.0,0.0,0,0.14507395029067993,76060.53125,5000,1000
othim19,erp,1,1,1,0.005,28.203321325483625,0.3117237687110901,163433.03125,28.182559917808362,0.8173815011978149,0.31233420968055725,163753.078125,0.021312713623046875,11174.0,0.008869171142578125,4650.0,0.0116119384765625,6088.0,0.0,0,0.3336469233036041,174927.078125,5000,1000
othim20,erp,1,1,1,0.005,28.184016443330353,0.31031131744384766,162692.5,28.17312082195906,0.8126590251922607,0.31089842319488525,163000.3125,0.021505355834960938,11275.0,0.009029388427734375,4734.0,0.01165771484375,6112.0,0.0,0,0.3324037790298462,174275.3125,5000,1000
othim21,erp,1,1,1,0.005,28.132170930601674,0.31198081374168396,163567.796875,28.122180287455624,0.8143943548202515,0.31275659799575806,163974.53125,0.02126312255859375,11148.0,0.008909225463867188,4671.0,0.011526107788085938,6043.0,0.0,0,0.3340197205543518,175122.53125,5000,1000
othim22,erp,1,1,1,0.005,30.956171596974666,0.16250655055046082,85200.234375,30.915781852131033,0.8669673800468445,0.1629769206047058,85446.84375,0.02155303955078125,11300.0,0.008914947509765625,4674.0,0.011671066284179688,6119.0,0.0,0,0.18452996015548706,96746.84375,5000,1000
othim23,erp,1,1,1,0.005,29.778407018690796,0.15599456429481506,81786.078125,29.770956336485018,0.8558939695358276,0.15690657496452332,82264.234375,0.022439956665039062,11765.0,0.008838653564453125,4634.0,0.012605667114257812,6609.0,0.0,0,0.17934653162956238,94029.234375,5000,1000
othim24,erp,1,1,1,0.005,28.879544578538002,0.218690887093544,114657.0078125,28.85581276265371,0.8498275279998779,0.21936273574829102,115009.25,0.021076202392578125,11050.0,0.008970260620117188,4703.0,0.011281967163085938,5915.0,0.0,0,0.24043893814086914,126059.25,5000,1000
othim25,erp,1,1,1,0.005,27.81989311637069,0.34517157077789307,180969.3125,27.805973832639648,0.8270289301872253,0.3455760180950165,181181.359375,0.02130126953125,11168.0,0.009061813354492188,4751.0,0.01126861572265625,5908.0,0.0,0,0.3668772876262665,192349.359375,5000,1000
othim26,erp,1,1,1,0.005,27.823684234155866,0.3509783446788788,184013.734375,27.807021180630684,0.8261822462081909,0.35125482082366943,184158.6875,0.021654129028320312,11353.0,0.009944915771484375,5214.0,0.010986328125,5760.0,0.0,0,0.37290894985198975,195511.6875,5000,1000
othim27,erp,1,1,1,0.005,28.279831387972752,0.2873070240020752,150631.625,28.261756581439794,0.8118192553520203,0.28748369216918945,150724.25,0.021295547485351562,11165.0,0.009037017822265625,4738.0,0.01142120361328125,5988.0,0.0,0,0.308779239654541,161889.25,5000,1000
othim28,erp,1,1,1,0.005,28.273764598546975,0.2669069766998291,139936.125,28.263362989234068,0.8317181468009949,0.26762324571609497,140311.65625,0.02054595947265625,10772.0,0.007946014404296875,4166.0,0.01177978515625,6176.0,0.0,0,0.2881692051887512,151083.65625,5000,1000
othim29,erp,1,1,1,0.005,28.573470761058445,0.25978827476501465,136203.875,28.55207817176289,0.8312694430351257,0.2606772184371948,136669.9375,0.020030975341796875,10502.0,0.008005142211914062,4197.0,0.011304855346679688,5927.0,0.0,0,0.2807081937789917,147171.9375,5000,1000
othim30,erp,1,1,1,0.005,28.183796298844396,0.2775540351867676,145518.25,28.164207573872826,0.8319010734558105,0.27857744693756104,146054.8125,0.020170211791992188,10575.0,0.007938385009765625,4162.0,0.0114288330078125,5992.0,0.0,0,0.2987476587295532,156629.8125,5000,1000
