image_name,mask_type,wsmse_tag,swhdc_tag,erp_padding,lambda_rate,train_psnr,train_rate_bpp,train_rate_bits,eval_psnr,eval_wsssim,eval_y_rate_bpp,eval_y_rate_bits,eval_mlp_rate_bpp,eval_mlp_rate_bits,eval_arm_rate_bpp,eval_arm_rate_bits,eval_conv_rate_bpp,eval_conv_rate_bits,eval_border_rate_bpp,eval_border_rate_bits,eval_total_rate_bpp,eval_total_rate_bits,total_steps_1,total_steps_2
othim01,full,0,0,1,0.0015,32.68543504097491,0.3824995756149292,200539.9375,32.67408929526943,0.8961448669433594,0.38306546211242676,200836.625,0.020305633544921875,10646.0,0.00893402099609375,4684.0,0.010324478149414062,5413.0,0.0,0,0.40337109565734863,211482.625,5000,1000
othim02,full,0,0,1,0.0015,32.67671864063112,0.3831769824028015,200895.09375,32.67007880001928,0.8948621153831482,0.385348379611969,202033.53125,0.01941680908203125,10180.0,0.007904052734375,4144.0,0.0105743408203125,5544.0,0.0,0,0.40476518869400024,212213.53125,5000,1000
othim03,full,0,0,1,0.0015,32.680573007063714,0.38218817114830017,200376.671875,32.671908084397806,0.8932780623435974,0.38243022561073303,200503.578125,0.021032333374023438,11027.0,0.009906768798828125,5194.0,0.010202407836914062,5349.0,0.0,0,0.40346255898475647,211530.578125,5000,1000
othim04,full,0,0,1,0.0015,30.839462417595428,0.8174547553062439,428581.71875,30.83316340496697,0.9036502838134766,0.8176612854003906,428690.0,0.020864486694335938,10939.0,0.009744644165039062,5109.0,0.010196685791015625,5346.0,0.0,0,0.8385257720947266,439629.0,5000,1000
othim05,full,0,0,1,0.0015,31.426282357482993,0.6390703320503235,335056.90625,31.418184252450928,0.8911728858947754,0.6405404806137085,335827.6875,0.019071578979492188,9999.0,0.0077953338623046875,4087.0,0.01049041748046875,5500.0,0.0,0,0.6596120595932007,345826.6875,5000,1000
othim06,full,0,0,1,0.0015,31.390042622840994,0.6533194780349731,342527.5625,31.383778262960664,0.8920578956604004,0.6539607048034668,342863.75,0.020137786865234375,10558.0,0.008831024169921875,4630.0,0.010364532470703125,5434.0,0.0,0,0.6740984916687012,353421.75,5000,1000
othim07,full,0,0,1,0.0015,34.11979749920832,0.2798175811767578,146705.0,34.107323263855875,0.9241288900375366,0.28063029050827026,147131.09375,0.021175384521484375,11102.0,0.009935379028320312,5209.0,0.010280609130859375,5390.0,0.0,0,0.30180567502975464,158233.09375,5000,1000
othim08,full,0,0,1,0.0015,34.02878903665732,0.250263512134552,131210.15625,34.01858721232779,0.9196536540985107,0.2508242130279541,131504.125,0.019916534423828125,10442.0,0.008754730224609375,4590.0,0.010223388671875,5360.0,0.0,0,0.2707407474517822,141946.125,5000,1000
othim09,full,0,0,1,0.0015,33.93637883522828,0.2743037939071655,143814.1875,33.91722753654737,0.9199334979057312,0.2745460271835327,143941.1875,0.020660400390625,10832.0,0.009012222290039062,4725.0,0.010585784912109375,5550.0,0.0,0,0.2952064275741577,154773.1875,5000,1000
othim10,full,0,0,1,0.0015,32.2829779625877,0.2929712235927582,153601.296875,32.26796412593949,0.8606687784194946,0.2934332489967346,153843.53125,0.02021026611328125,10596.0,0.00896453857421875,4700.0,0.010282516479492188,5391.0,0.0,0,0.31364351511001587,164439.53125,5000,1000
othim11,full,0,0,1,0.0015,32.09727464590919,0.3524700999259949,184795.84375,32.09133482794147,0.866398274898529,0.35286736488342285,185004.125,0.020490646362304688,10743.0,0.008916854858398438,4675.0,0.010496139526367188,5503.0,0.0,0,0.37335801124572754,195747.125,5000,1000
othim12,full,0,0,1,0.0015,32.0316850955233,0.4081868529319763,214007.46875,32.01213260412059,0.8706545829772949,0.4083493947982788,214092.6875,0.020048141479492188,10511.0,0.009897232055664062,5189.0,0.009212493896484375,4830.0,0.0,0,0.428397536277771,224603.6875,5000,1000
othim13,full,0,0,1,0.0015,33.75730770263577,0.2859872281551361,149939.671875,33.744282601643114,0.9081621170043945,0.28669703006744385,150311.8125,0.018468856811523438,9683.0,0.007974624633789062,4181.0,0.009584426879882812,5025.0,0.0,0,0.3051658868789673,159994.8125,5000,1000
othim14,full,0,0,1,0.0015,33.821656571503844,0.28835630416870117,151181.75,33.813028147639336,0.9086825251579285,0.28971803188323975,151895.6875,0.019689559936523438,10323.0,0.008777618408203125,4602.0,0.010105133056640625,5298.0,0.0,0,0.3094075918197632,162218.6875,5000,1000
othim15,full,0,0,1,0.0015,33.62583297292859,0.29688018560409546,155650.71875,33.60568673861683,0.9060346484184265,0.29735660552978516,155900.5,0.018941879272460938,9931.0,0.008840560913085938,4635.0,0.009187698364257812,4817.0,0.0,0,0.3162984848022461,165831.5,5000,1000
othim16,full,0,0,1,0.0015,34.36287548678368,0.259493350982666,136049.25,34.33978152996831,0.9195502996444702,0.2601515054702759,136394.3125,0.019367218017578125,10154.0,0.008932113647460938,4683.0,0.0096588134765625,5064.0,0.0,0,0.279518723487854,146548.3125,5000,1000
othim17,full,0,0,1,0.0015,34.2377612748569,0.28531819581985474,149588.90625,34.22243875259913,0.9172123670578003,0.2861376404762268,150018.53125,0.019975662231445312,10473.0,0.009008407592773438,4723.0,0.00991058349609375,5196.0,0.0,0,0.3061133027076721,160491.53125,5000,1000
othim18,full,0,0,1,0.0015,34.322719240110935,0.26299840211868286,137886.90625,34.312766396130804,0.9185298681259155,0.2636963427066803,138252.828125,0.019975662231445312,10473.0,0.00885772705078125,4644.0,0.010290145874023438,5395.0,0.0,0,0.2836720049381256,148725.828125,5000,1000
othim19,full,0,0,1,0.0015,31.52213537169852,0.6306614279747009,330648.21875,31.502723370328265,0.9022672176361084,0.6313714981079102,331020.5,0.019262313842773438,10099.0,0.008968353271484375,4702.0,0.00949859619140625,4980.0,0.0,0,0.6506338119506836,341119.5,5000,1000
othim20,full,0,0,1,0.0015,31.528197190355428,0.6275354623794556,329009.3125,31.523481946485635,0.9000908136367798,0.6282237768173218,329370.1875,0.020414352416992188,10703.0,0.008945465087890625,4690.0,0.010555267333984375,5534.0,0.0,0,0.648638129234314,340073.1875,5000,1000
othim21,full,0,0,1,0.0015,31.39129215090843,0.6467081904411316,339061.34375,31.384052310541858,0.8999530673027039,0.6471047401428223,339269.25,0.020238876342773438,10611.0,0.009019851684570312,4729.0,0.010274887084960938,5387.0,0.0,0,0.6673436164855957,349880.25,5000,1000
othim22,full,0,0,1,0.0015,33.4157555653874,0.34822794795036316,182571.734375,33.38299442480222,0.9063300490379333,0.3487453758716583,182843.015625,0.018705368041992188,9807.0,0.008831024169921875,4630.0,0.008914947509765625,4674.0,0.0,0,0.3674507439136505,192650.015625,5000,1000
othim23,full,0,0,1,0.0015,32.995955376224664,0.3621111512184143,189850.53125,32.99185256857175,0.9122387766838074,0.36249011754989624,190049.21875,0.022655487060546875,11878.0,0.009862899780273438,5171.0,0.011810302734375,6192.0,0.0,0,0.3851456046104431,201927.21875,5000,1000
othim24,full,0,0,1,0.0015,32.37789864683964,0.5023735761642456,263388.4375,32.36752189339532,0.9175041913986206,0.5026438236236572,263530.125,0.021059036254882812,11041.0,0.009860992431640625,5170.0,0.01024627685546875,5372.0,0.0,0,0.52370285987854,274571.125,5000,1000
othim25,full,0,0,1,0.0015,30.62218589546406,0.6630077958106995,347607.03125,30.617993856455723,0.8963910341262817,0.6641121506690979,348186.03125,0.021184921264648438,11107.0,0.008798599243164062,4613.0,0.011453628540039062,6005.0,0.0,0,0.6852970719337463,359293.03125,5000,1000
othim26,full,0,0,1,0.0015,30.656927112811342,0.6631406545639038,347676.6875,30.641160057933345,0.8967664241790771,0.6638960242271423,348072.71875,0.018980026245117188,9951.0,0.008892059326171875,4662.0,0.00928497314453125,4868.0,0.0,0,0.6828760504722595,358023.71875,5000,1000
othim27,full,0,0,1,0.0015,30.632539207961372,0.5630201101303101,295184.6875,30.62454703677948,0.8800908327102661,0.5637016296386719,295542.0,0.019611358642578125,10282.0,0.008733749389648438,4579.0,0.010082244873046875,5286.0,0.0,0,0.58331298828125,305824.0,5000,1000
othim28,full,0,0,1,0.0015,31.75765145235397,0.5861623287200928,307317.875,31.751033104904227,0.9095333814620972,0.5864031314849854,307444.125,0.0212860107421875,11160.0,0.009990692138671875,5238.0,0.010519027709960938,5515.0,0.0,0,0.6076891422271729,318604.125,5000,1000
othim29,full,0,0,1,0.0015,32.02489841161153,0.5624426007270813,294881.90625,32.0168048932603,0.9019019603729248,0.5638341307640076,295611.46875,0.019159317016601562,10045.0,0.007989883422851562,4189.0,0.0103912353515625,5448.0,0.0,0,0.5829934477806091,305656.46875,5000,1000
othim30,full,0,0,1,0.0015,31.785274215164986,0.6077545881271362,318638.4375,31.77506254524282,0.9093960523605347,0.6080665588378906,318802.0,0.019756317138671875,10358.0,0.008758544921875,4592.0,0.010089874267578125,5290.0,0.0,0,0.6278228759765625,329160.0,5000,1000
othim01,full,0,0,1,0.0025,30.968911781635217,0.26248830556869507,137619.46875,30.95555753524326,0.8645315170288086,0.2629818022251129,137878.203125,0.020137786865234375,10558.0,0.00894927978515625,4692.0,0.010345458984375,5424.0,0.0,0,0.2831195890903473,148436.203125,5000,1000
othim02,full,0,0,1,0.0025,31.112656889183032,0.2718071937561035,142505.25,31.093332944820588,0.865172266960144,0.2726351022720337,142939.3125,0.01912689208984375,10028.0,0.00908660888671875,4764.0,0.009099960327148438,4771.0,0.0,0,0.29176199436187744,152967.3125,5000,1000
othim03,full,0,0,1,0.0025,31.121226099874608,0.2723575234413147,142793.78125,31.11394137437284,0.8638097643852234,0.2728293240070343,143041.140625,0.020174026489257812,10577.0,0.00894927978515625,4692.0,0.0102691650390625,5384.0,0.0,0,0.2930033504962921,153618.140625,5000,1000
othim04,full,0,0,1,0.0025,28.860306388815967,0.5847867727279663,306596.6875,28.851975495158452,0.8554250597953796,0.5861080884933472,307289.4375,0.0186767578125,9792.0,0.0076694488525390625,4021.0,0.010036468505859375,5262.0,0.0,0,0.6047848463058472,317081.4375,5000,1000
othim05,full,0,0,1,0.0025,29.612154625358595,0.45110148191452026,236507.09375,29.602714233570566,0.8461031913757324,0.45275548100471497,237374.265625,0.01781463623046875,9340.0,0.007848739624023438,4115.0,0.009130477905273438,4787.0,0.0,0,0.4705701172351837,246714.265625,5000,1000
othim06,full,0,0,1,0.0025,29.728052845392423,0.4629063010215759,242696.21875,29.726009459383267,0.8508543968200684,0.46326979994773865,242886.796875,0.021137237548828125,11082.0,0.00873565673828125,4580.0,0.011457443237304688,6007.0,0.0,0,0.4844070374965668,253968.796875,5000,1000
othim07,full,0,0,1,0.0025,32.47371932016231,0.2070479542016983,108552.7578125,32.449149750666145,0.9032730460166931,0.2090950459241867,109626.0234375,0.01796722412109375,9420.0,0.007856369018554688,4119.0,0.009283065795898438,4867.0,0.0,0,0.22706227004528046,119046.0234375,5000,1000
othim08,full,0,0,1,0.0025,32.508311591873394,0.18775804340839386,98439.2890625,32.49683482931467,0.9002076983451843,0.19003120064735413,99631.078125,0.018999099731445312,9961.0,0.007877349853515625,4130.0,0.0101776123046875,5336.0,0.0,0,0.20903030037879944,109592.078125,5000,1000
othim09,full,0,0,1,0.0025,32.38839491407009,0.19852611422538757,104084.859375,32.36377169565386,0.8978163003921509,0.19900554418563843,104336.21875,0.02056121826171875,10780.0,0.009019851684570312,4729.0,0.010694503784179688,5607.0,0.0,0,0.21956676244735718,115116.21875,5000,1000
othim10,full,0,0,1,0.0025,30.785793611198397,0.19797517359256744,103796.0078125,30.76119088644141,0.8212167620658875,0.19937631487846375,104530.609375,0.017942428588867188,9407.0,0.0078105926513671875,4095.0,0.00930023193359375,4876.0,0.0,0,0.21731874346733093,113937.609375,5000,1000
othim11,full,0,0,1,0.0025,30.575916398574876,0.2367303967475891,124114.90625,30.57035118335656,0.8262640237808228,0.23765721917152405,124600.828125,0.020275115966796875,10630.0,0.00901031494140625,4724.0,0.01030731201171875,5404.0,0.0,0,0.2579323351383209,135230.828125,5000,1000
othim12,full,0,0,1,0.0025,30.423238063812345,0.2821371257305145,147921.109375,30.410326931910337,0.8283040523529053,0.283502995967865,148637.21875,0.018110275268554688,9495.0,0.0077762603759765625,4077.0,0.00949859619140625,4980.0,0.0,0,0.3016132712364197,158132.21875,5000,1000
othim13,full,0,0,1,0.0025,32.05803610892812,0.2000303566455841,104873.515625,32.03188730512502,0.8845003843307495,0.20048654079437256,105112.6875,0.019195556640625,10064.0,0.009063720703125,4752.0,0.009313583374023438,4883.0,0.0,0,0.21968209743499756,115176.6875,5000,1000
othim14,full,0,0,1,0.0025,32.24627758238724,0.20497673749923706,107466.84375,32.23354501244865,0.8877541422843933,0.2064758688211441,108252.8203125,0.01796722412109375,9420.0,0.0077495574951171875,4063.0,0.009393692016601562,4925.0,0.0,0,0.22444309294223785,117672.8203125,5000,1000
othim15,full,0,0,1,0.0025,32.13026581091082,0.21310964226722717,111730.828125,32.10215383005461,0.8868250250816345,0.2142971158027649,112353.40625,0.017871856689453125,9370.0,0.007968902587890625,4178.0,0.00919342041015625,4820.0,0.0,0,0.23216897249221802,121723.40625,5000,1000
othim16,full,0,0,1,0.0025,32.60539635296578,0.18594621121883392,97489.3671875,32.59838605270837,0.8971214294433594,0.18628409504890442,97666.515625,0.019918441772460938,10443.0,0.008893966674804688,4663.0,0.010190963745117188,5343.0,0.0,0,0.20620253682136536,108109.515625,5000,1000
othim17,full,0,0,1,0.0025,32.61513820843848,0.18799951672554016,98565.890625,32.60697055274898,0.8982202410697937,0.18881383538246155,98992.828125,0.019077301025390625,10002.0,0.007946014404296875,4166.0,0.01018524169921875,5340.0,0.0,0,0.20789113640785217,108994.828125,5000,1000
othim18,full,0,0,1,0.0025,32.69824283763048,0.18200603127479553,95423.578125,32.68725700697891,0.8968930244445801,0.18293899297714233,95912.71875,0.019176483154296875,10054.0,0.007986068725585938,4187.0,0.010255813598632812,5377.0,0.0,0,0.2021154761314392,105966.71875,5000,1000
othim19,full,0,0,1,0.0025,29.735674930113237,0.47964462637901306,251471.921875,29.72616352732672,0.8644977807998657,0.480022132396698,251669.84375,0.019041061401367188,9983.0,0.009128570556640625,4786.0,0.009073257446289062,4757.0,0.0,0,0.4990631937980652,261652.84375,5000,1000
othim20,full,0,0,1,0.0025,29.87024168791973,0.475364089012146,249227.6875,29.866316572291584,0.8636910319328308,0.47568023204803467,249393.4375,0.02020263671875,10592.0,0.0088958740234375,4664.0,0.010477066040039062,5493.0,0.0,0,0.49588286876678467,259985.4375,5000,1000
othim21,full,0,0,1,0.0025,29.75625562676849,0.4719462990760803,247435.78125,29.739089314261037,0.8656348586082458,0.47303709387779236,248007.671875,0.0180816650390625,9480.0,0.00797271728515625,4180.0,0.009302139282226562,4877.0,0.0,0,0.49111875891685486,257487.671875,5000,1000
othim22,full,0,0,1,0.0025,32.03808076527241,0.232692688703537,121997.984375,32.02462815986769,0.8872272372245789,0.23394043743610382,122652.1640625,0.019186019897460938,10059.0,0.007884979248046875,4134.0,0.010326385498046875,5414.0,0.0,0,0.25312645733356476,132711.1640625,5000,1000
othim23,full,0,0,1,0.0025,31.144038393900747,0.2428140789270401,127304.5078125,31.133034508106146,0.8806936740875244,0.24382033944129944,127832.078125,0.020528793334960938,10763.0,0.00897979736328125,4708.0,0.010469436645507812,5489.0,0.0,0,0.2643491327762604,138595.078125,5000,1000
othim24,full,0,0,1,0.0025,30.803971397205682,0.3649318218231201,191329.375,30.79501115830601,0.8895245790481567,0.3655257821083069,191640.78125,0.020483016967773438,10739.0,0.0091400146484375,4792.0,0.01064300537109375,5580.0,0.0,0,0.3860087990760803,202379.78125,5000,1000
othim25,full,0,0,1,0.0025,28.998779646829757,0.49628400802612305,260195.75,28.991405094439873,0.8648542165756226,0.4966444671154022,260384.734375,0.0203704833984375,10680.0,0.00896453857421875,4700.0,0.010570526123046875,5542.0,0.0,0,0.5170149505138397,271064.734375,5000,1000
othim26,full,0,0,1,0.0025,29.11425337397044,0.49777957797050476,260979.859375,29.108397820161944,0.8670344352722168,0.4980264902114868,261109.3125,0.020154953002929688,10567.0,0.00897979736328125,4708.0,0.010227203369140625,5362.0,0.0,0,0.5181814432144165,271676.3125,5000,1000
othim27,full,0,0,1,0.0025,29.275390253558413,0.3995925188064575,209501.5625,29.27083539446608,0.8483972549438477,0.39989563822746277,209660.484375,0.020481109619140625,10738.0,0.00901031494140625,4724.0,0.010396957397460938,5451.0,0.0,0,0.4203767478466034,220398.484375,5000,1000
othim28,full,0,0,1,0.0025,29.94561828661702,0.42689114809036255,223813.90625,29.943788631169593,0.872862696647644,0.42760300636291504,224187.125,0.019487380981445312,10217.0,0.007940292358398438,4163.0,0.010629653930664062,5573.0,0.0,0,0.44709038734436035,234404.125,5000,1000
othim29,full,0,0,1,0.0025,30.36329761870286,0.40967831015586853,214789.421875,30.35270178858433,0.8697027564048767,0.4100120961666107,214964.421875,0.020313262939453125,10650.0,0.009143829345703125,4794.0,0.010370254516601562,5437.0,0.0,0,0.43032535910606384,225614.421875,5000,1000
othim30,full,0,0,1,0.0025,29.950441664470347,0.4403444230556488,230867.296875,29.944187945450995,0.8748526573181152,0.4406260550022125,231014.953125,0.019794464111328125,10378.0,0.008935928344726562,4685.0,0.010068893432617188,5279.0,0.0,0,0.46042051911354065,241392.953125,5000,1000
othim01,full,0,1,1,0.0015,32.696995924644796,0.38514244556427,201925.5625,32.68719071948644,0.896027684211731,0.3860502243041992,202401.5,0.021562576293945312,11305.0,0.009027481079101562,4733.0,0.0115814208984375,6072.0,0.0,0,0.40761280059814453,213706.5,5000,1000
othim02,full,0,1,1,0.0015,32.7226949574206,0.39544546604156494,207327.3125,32.70389425285151,0.8952960968017578,0.3961305618286133,207686.5,0.020933151245117188,10975.0,0.009008407592773438,4723.0,0.010982513427734375,5758.0,0.0,0,0.41706371307373047,218661.5,5000,1000
othim03,full,0,1,1,0.0015,32.62680920847966,0.38026830554008484,199370.109375,32.615800935158056,0.8925198316574097,0.3809237778186798,199713.765625,0.021799087524414062,11429.0,0.008861541748046875,4646.0,0.012018203735351562,6301.0,0.0,0,0.40272286534309387,211142.765625,5000,1000
othim04,full,0,1,1,0.0015,30.801129081019255,0.8226215839385986,431290.625,30.793855589740474,0.9038712382316589,0.8231058120727539,431544.5,0.0210723876953125,11048.0,0.008808135986328125,4618.0,0.011449813842773438,6003.0,0.0,0,0.8441781997680664,442592.5,5000,1000
othim05,full,0,1,1,0.0015,31.42394155788843,0.6373618841171265,334161.1875,31.420047952162793,0.8913986086845398,0.6379082798957825,334447.65625,0.02175140380859375,11404.0,0.009002685546875,4720.0,0.0118255615234375,6200.0,0.0,0,0.6596596837043762,345851.65625,5000,1000
othim06,full,0,1,1,0.0015,31.42945085012546,0.63410484790802,332453.5625,31.42351699936235,0.8914375305175781,0.6345947980880737,332710.4375,0.021680831909179688,11367.0,0.008947372436523438,4691.0,0.01180267333984375,6188.0,0.0,0,0.6562756299972534,344077.4375,5000,1000
othim07,full,0,1,1,0.0015,33.79533057354402,0.2891601324081421,151603.1875,33.78744103279973,0.919095516204834,0.28992393612861633,152003.640625,0.021261215209960938,11147.0,0.008739471435546875,4582.0,0.011575698852539062,6069.0,0.0,0,0.31118515133857727,163150.640625,5000,1000
othim08,full,0,1,1,0.0015,34.06456803002965,0.2637842297554016,138298.90625,34.05079377385537,0.9209029674530029,0.2640838027000427,138455.96875,0.021549224853515625,11298.0,0.008947372436523438,4691.0,0.0116729736328125,6120.0,0.0,0,0.28563302755355835,149753.96875,5000,1000
othim09,full,0,1,1,0.0015,33.891206644867665,0.28499484062194824,149419.375,33.877743792343786,0.9183110594749451,0.28525635600090027,149556.484375,0.021478652954101562,11261.0,0.008943557739257812,4689.0,0.011556625366210938,6059.0,0.0,0,0.30673500895500183,160817.484375,5000,1000
othim10,full,0,1,1,0.0015,32.24790617932514,0.31415316462516785,164706.734375,32.24193257404261,0.8603200316429138,0.3152885437011719,165302.0,0.022340774536132812,11713.0,0.008914947509765625,4674.0,0.012586593627929688,6599.0,0.0,0,0.3376293182373047,177015.0,5000,1000
othim11,full,0,1,1,0.0015,32.1069621238774,0.3526780903339386,184904.890625,32.09091910681196,0.8681944608688354,0.35408177971839905,185640.828125,0.01888275146484375,9900.0,0.0076923370361328125,4033.0,0.010370254516601562,5437.0,0.0,0,0.3729645311832428,195540.828125,5000,1000
othim12,full,0,1,1,0.0015,32.0192059872798,0.3962280750274658,207737.625,32.01464797092972,0.871005654335022,0.39703357219696045,208159.9375,0.023042678833007812,12081.0,0.00908660888671875,4764.0,0.013025283813476562,6829.0,0.0,0,0.42007625102996826,220240.9375,5000,1000
othim13,full,0,1,1,0.0015,33.720200264229824,0.30960512161254883,162322.25,33.70915092699686,0.9073635935783386,0.3110503554344177,163079.96875,0.020334243774414062,10661.0,0.007829666137695312,4105.0,0.011686325073242188,6127.0,0.0,0,0.3313845992088318,173740.96875,5000,1000
othim14,full,0,1,1,0.0015,33.802314997872564,0.29225853085517883,153227.640625,33.7745270735629,0.9081581830978394,0.2923821210861206,153292.4375,0.021625518798828125,11338.0,0.010072708129882812,5281.0,0.010766983032226562,5645.0,0.0,0,0.31400763988494873,164630.4375,5000,1000
othim15,full,0,1,1,0.0015,33.79816794639441,0.2874355912208557,150699.03125,33.76869227509405,0.9087752103805542,0.28845107555389404,151231.4375,0.020177841186523438,10579.0,0.008993148803710938,4715.0,0.01050567626953125,5508.0,0.0,0,0.3086289167404175,161810.4375,5000,1000
othim16,full,0,1,1,0.0015,34.26582849239145,0.2674178183078766,140203.953125,34.2134797381253,0.9196871519088745,0.26839908957481384,140718.421875,0.019176483154296875,10054.0,0.007982254028320312,4185.0,0.0101165771484375,5304.0,0.0,0,0.2875755727291107,150772.421875,5000,1000
othim17,full,0,1,1,0.0015,34.22118372755714,0.2581557035446167,135347.9375,34.21327162484689,0.9183322191238403,0.2593085765838623,135952.375,0.022350311279296875,11718.0,0.008998870849609375,4718.0,0.012418746948242188,6511.0,0.0,0,0.2816588878631592,147670.375,5000,1000
othim18,full,0,1,1,0.0015,34.20569117933665,0.25494620203971863,133665.234375,34.194552471675,0.9170204401016235,0.2556251287460327,134021.1875,0.021274566650390625,11154.0,0.008852005004882812,4641.0,0.011577606201171875,6070.0,0.0,0,0.27689969539642334,145175.1875,5000,1000
othim19,full,0,1,1,0.0015,31.476485942027214,0.628703236579895,329621.5625,31.471767217133053,0.9025101661682129,0.6292885541915894,329928.4375,0.021631240844726562,11341.0,0.00897979736328125,4708.0,0.011713027954101562,6141.0,0.0,0,0.6509197950363159,341269.4375,5000,1000
othim20,full,0,1,1,0.0015,31.497817803850953,0.6309279203414917,330787.9375,31.48934916368516,0.900442361831665,0.6315145492553711,331095.5,0.021823883056640625,11442.0,0.008724212646484375,4574.0,0.012319564819335938,6459.0,0.0,0,0.6533384323120117,342537.5,5000,1000
othim21,full,0,1,1,0.0015,31.428524593587298,0.6554446220397949,343641.75,31.41749019036028,0.9010655283927917,0.6561399698257446,344006.3125,0.021959304809570312,11513.0,0.008882522583007812,4657.0,0.012247085571289062,6421.0,0.0,0,0.6780992746353149,355519.3125,5000,1000
othim22,full,0,1,1,0.0015,33.46795668700508,0.34949207305908203,183234.5,33.46062717069527,0.9050270915031433,0.35033267736434937,183675.21875,0.021322250366210938,11179.0,0.008863449096679688,4647.0,0.011518478393554688,6039.0,0.0,0,0.3716549277305603,194854.21875,5000,1000
othim23,full,0,1,1,0.0015,32.85649865499944,0.36381086707115173,190741.671875,32.835339813590345,0.9099887609481812,0.3640608787536621,190872.75,0.022676467895507812,11889.0,0.009950637817382812,5217.0,0.011896133422851562,6237.0,0.0,0,0.3867373466491699,202761.75,5000,1000
othim24,full,0,1,1,0.0015,32.45312648703507,0.5022577047348022,263327.6875,32.43348197438128,0.9161038398742676,0.5032546520233154,263850.375,0.021821975708007812,11441.0,0.009136199951171875,4790.0,0.01174163818359375,6156.0,0.0,0,0.5250766277313232,275291.375,5000,1000
othim25,full,0,1,1,0.0015,30.73158420930172,0.662819504737854,347508.3125,30.72272646348954,0.898140549659729,0.6630064249038696,347606.3125,0.023099899291992188,12111.0,0.009944915771484375,5214.0,0.012094497680664062,6341.0,0.0,0,0.6861063241958618,359717.3125,5000,1000
othim26,full,0,1,1,0.0015,30.610765435351905,0.6692405939102173,350874.8125,30.602511210871608,0.896397590637207,0.6703749895095825,351469.5625,0.021165847778320312,11097.0,0.00878143310546875,4604.0,0.011569976806640625,6066.0,0.0,0,0.6915408372879028,362566.5625,5000,1000
othim27,full,0,1,1,0.0015,30.65079380791974,0.5696582794189453,298665.0,30.64135841612298,0.8800840377807617,0.5707151293754578,299219.09375,0.021488189697265625,11266.0,0.008928298950195312,4681.0,0.01160430908203125,6084.0,0.0,0,0.5922033190727234,310485.09375,5000,1000
othim28,full,0,1,1,0.0015,31.77417134012279,0.5906630158424377,309677.53125,31.7682568592615,0.9109123945236206,0.5919134616851807,310333.125,0.020904541015625,10960.0,0.007839202880859375,4110.0,0.012142181396484375,6366.0,0.0,0,0.6128180027008057,321293.125,5000,1000
othim29,full,0,1,1,0.0015,32.1548596764377,0.5674899816513062,297528.1875,32.133170530627815,0.9033745527267456,0.5680135488510132,297802.6875,0.020288467407226562,10637.0,0.009099960327148438,4771.0,0.010393142700195312,5449.0,0.0,0,0.5883020162582397,308439.6875,5000,1000
othim30,full,0,1,1,0.0015,31.802406892076224,0.6304157972335815,330519.4375,31.79446112266521,0.9106635451316833,0.6311697363853455,330914.71875,0.020450592041015625,10722.0,0.00885772705078125,4644.0,0.010564804077148438,5539.0,0.0,0,0.6516203284263611,341636.71875,5000,1000
othim01,full,0,1,1,0.0025,31.161512899945006,0.27267420291900635,142959.8125,31.144927616408282,0.8682551383972168,0.27309590578079224,143180.90625,0.020326614379882812,10657.0,0.009042739868164062,4741.0,0.010457992553710938,5483.0,0.0,0,0.29342252016067505,153837.90625,5000,1000
othim02,full,0,1,1,0.0025,31.063700894475943,0.2790413796901703,146298.046875,31.05368071190016,0.8644644021987915,0.27956950664520264,146574.9375,0.02143096923828125,11236.0,0.00890350341796875,4668.0,0.01172637939453125,6148.0,0.0,0,0.3010004758834839,157810.9375,5000,1000
othim03,full,0,1,1,0.0025,30.977513666094676,0.2757045328617096,144548.578125,30.9685132212224,0.8608995676040649,0.2766547203063965,145046.75,0.02159881591796875,11324.0,0.008951187133789062,4693.0,0.011823654174804688,6199.0,0.0,0,0.29825353622436523,156370.75,5000,1000
othim04,full,0,1,1,0.0025,28.92673018255769,0.5890105366706848,308811.15625,28.912179729349845,0.857133150100708,0.5894081592559814,309019.625,0.02005767822265625,10516.0,0.0085906982421875,4504.0,0.010538101196289062,5525.0,0.0,0,0.6094658374786377,319535.625,5000,1000
othim05,full,0,1,1,0.0025,29.58385631399034,0.4542567729949951,238161.375,29.565500925622292,0.8448789119720459,0.45563557744026184,238884.265625,0.019397735595703125,10170.0,0.0076732635498046875,4023.0,0.010793685913085938,5659.0,0.0,0,0.47503331303596497,249054.265625,5000,1000
othim06,full,0,1,1,0.0025,29.699720136271832,0.4583568572998047,240311.0,29.68132081310091,0.8507900238037109,0.4589678645133972,240631.34375,0.0206298828125,10816.0,0.008785247802734375,4606.0,0.010889053344726562,5709.0,0.0,0,0.4795977473258972,251447.34375,5000,1000
othim07,full,0,1,1,0.0025,32.418761617486254,0.2066194862127304,108328.1171875,32.4068194992756,0.9029110670089722,0.20729994773864746,108684.875,0.02231597900390625,11700.0,0.008985519409179688,4711.0,0.01238250732421875,6492.0,0.0,0,0.2296159267425537,120384.875,5000,1000
othim08,full,0,1,1,0.0025,32.56493627696596,0.1798325479030609,94284.046875,32.53140188820378,0.9018687009811401,0.1804683804512024,94617.40625,0.01961517333984375,10284.0,0.007904052734375,4144.0,0.010759353637695312,5641.0,0.0,0,0.20008355379104614,104901.40625,5000,1000
othim09,full,0,1,1,0.0025,32.49167644216242,0.19882702827453613,104242.625,32.47881371838498,0.900455117225647,0.19919270277023315,104434.34375,0.021848678588867188,11455.0,0.008764266967773438,4595.0,0.012125015258789062,6357.0,0.0,0,0.22104138135910034,115889.34375,5000,1000
othim10,full,0,1,1,0.0025,30.86216375723899,0.20068560540676117,105217.0546875,30.846790512343997,0.8222460746765137,0.2010529488325119,105409.6484375,0.022491455078125,11792.0,0.009889602661132812,5185.0,0.011623382568359375,6094.0,0.0,0,0.2235444039106369,117201.6484375,5000,1000
othim11,full,0,1,1,0.0025,30.526535245233884,0.22999879717826843,120585.609375,30.52038686408532,0.824726939201355,0.23107606172561646,121150.40625,0.020544052124023438,10771.0,0.007955551147460938,4171.0,0.011625289916992188,6095.0,0.0,0,0.2516201138496399,131921.40625,5000,1000
othim12,full,0,1,1,0.0025,30.374260699225616,0.2788214087486267,146182.71875,30.356451329724166,0.8264679908752441,0.2799296975135803,146763.78125,0.0204010009765625,10696.0,0.008880615234375,4656.0,0.010669708251953125,5594.0,0.0,0,0.3003306984901428,157459.78125,5000,1000
othim13,full,0,1,1,0.0025,32.182302712040006,0.21689000725746155,113712.828125,32.15296918602459,0.8865377306938171,0.2177828699350357,114180.9453125,0.019229888916015625,10082.0,0.007892608642578125,4138.0,0.010616302490234375,5566.0,0.0,0,0.23701275885105133,124262.9453125,5000,1000
othim14,full,0,1,1,0.0025,32.14265768722809,0.20326218008995056,106567.921875,32.11494878921595,0.8862597942352295,0.2046492099761963,107295.125,0.0188751220703125,9896.0,0.007875442504882812,4129.0,0.01029205322265625,5396.0,0.0,0,0.2235243320465088,117191.125,5000,1000
othim15,full,0,1,1,0.0025,32.182662060419524,0.20831412076950073,109216.59375,32.14861976667425,0.8887020945549011,0.20904695987701416,109600.8125,0.018461227416992188,9679.0,0.00792694091796875,4156.0,0.009632110595703125,5050.0,0.0,0,0.22750818729400635,119279.8125,5000,1000
othim16,full,0,1,1,0.0025,32.574924862383206,0.1849444955587387,96964.1796875,32.5506646747906,0.897260308265686,0.18584057688713074,97433.984375,0.0205078125,10752.0,0.00888824462890625,4660.0,0.010799407958984375,5662.0,0.0,0,0.20634838938713074,108185.984375,5000,1000
othim17,full,0,1,1,0.0025,32.659586051936316,0.18917006254196167,99179.59375,32.63300795229765,0.8980836868286133,0.1905127465724945,99883.546875,0.019550323486328125,10250.0,0.007909774780273438,4147.0,0.010692596435546875,5606.0,0.0,0,0.21006307005882263,110133.546875,5000,1000
othim18,full,0,1,1,0.0025,32.59187367265923,0.17863330245018005,93655.296875,32.55730284560798,0.8964545130729675,0.1790095567703247,93852.5625,0.020376205444335938,10683.0,0.008970260620117188,4703.0,0.010457992553710938,5483.0,0.0,0,0.19938576221466064,104535.5625,5000,1000
othim19,full,0,1,1,0.0025,29.7748043435768,0.45643121004104614,239301.40625,29.766963182720144,0.8640424013137817,0.4565233886241913,239349.734375,0.021656036376953125,11354.0,0.009939193725585938,5211.0,0.010778427124023438,5651.0,0.0,0,0.4781794250011444,250703.734375,5000,1000
othim20,full,0,1,1,0.0025,29.7263914679574,0.4621155858039856,242281.65625,29.715658199374463,0.8611159324645996,0.4624471366405487,242455.484375,0.020807266235351562,10909.0,0.008901596069335938,4667.0,0.010967254638671875,5750.0,0.0,0,0.48325440287590027,253364.484375,5000,1000
othim21,full,0,1,1,0.0025,29.748037776524836,0.4738440215587616,248430.734375,29.731781289229684,0.8639492988586426,0.47451913356781006,248784.6875,0.020380020141601562,10685.0,0.008890151977539062,4661.0,0.010555267333984375,5534.0,0.0,0,0.4948991537094116,259469.6875,5000,1000
othim22,full,0,1,1,0.0025,32.051350479732726,0.2360348105430603,123750.21875,32.0390632346072,0.8858420252799988,0.2366022765636444,124047.734375,0.021373748779296875,11206.0,0.008874893188476562,4653.0,0.011545181274414062,6053.0,0.0,0,0.2579760253429413,135253.734375,5000,1000
othim23,full,0,1,1,0.0025,30.848295250168025,0.2457098513841629,128822.7265625,30.83821714023539,0.8758198022842407,0.24589717388153076,128920.9375,0.023214340209960938,12171.0,0.01003265380859375,5260.0,0.01219940185546875,6396.0,0.0,0,0.2691115140914917,141091.9375,5000,1000
othim24,full,0,1,1,0.0025,30.580621836210188,0.38126230239868164,199891.25,30.559788373220623,0.8847877383232117,0.38164329528808594,200091.0,0.022718429565429688,11911.0,0.010068893432617188,5279.0,0.011821746826171875,6198.0,0.0,0,0.4043617248535156,212002.0,5000,1000
othim25,full,0,1,1,0.0025,29.050706386920808,0.4926692545413971,258300.578125,29.046755592876263,0.8648552298545837,0.493736207485199,258859.96875,0.0216522216796875,11352.0,0.00879669189453125,4612.0,0.011920928955078125,6250.0,0.0,0,0.5153884291648865,270211.96875,5000,1000
othim26,full,0,1,1,0.0025,28.99844145688785,0.4982299208641052,261215.96875,28.990837913373696,0.8643304705619812,0.49905768036842346,261649.953125,0.021505355834960938,11275.0,0.008569717407226562,4493.0,0.011869430541992188,6223.0,0.0,0,0.5205630362033844,272924.953125,5000,1000
othim27,full,0,1,1,0.0025,29.351941489261737,0.40142303705215454,210461.28125,29.335470562967277,0.8489019274711609,0.4017743468284607,210645.46875,0.020599365234375,10800.0,0.00893402099609375,4684.0,0.010850906372070312,5689.0,0.0,0,0.4223737120628357,221445.46875,5000,1000
othim28,full,0,1,1,0.0025,29.96965229089571,0.42913544178009033,224990.5625,29.963793601161274,0.8742771148681641,0.43009912967681885,225495.8125,0.0205535888671875,10776.0,0.007984161376953125,4186.0,0.011758804321289062,6165.0,0.0,0,0.45065271854400635,236271.8125,5000,1000
othim29,full,0,1,1,0.0025,30.34867059547283,0.4086076319217682,214228.078125,30.33678617190837,0.8696839213371277,0.40921610593795776,214547.09375,0.021610260009765625,11330.0,0.009160995483398438,4803.0,0.0117645263671875,6168.0,0.0,0,0.4308263659477234,225877.09375,5000,1000
othim30,full,0,1,1,0.0025,29.99467194894177,0.44348329305648804,232512.96875,29.989306241499715,0.8747506141662598,0.44385939836502075,232710.15625,0.021673202514648438,11363.0,0.009031295776367188,4735.0,0.011745452880859375,6158.0,0.0,0,0.4655326008796692,244073.15625,5000,1000
othim01,full,1,0,1,0.0015,33.40468025485752,0.4145693778991699,217353.75,33.38506006951871,0.9049065113067627,0.4147531986236572,217450.125,0.021160125732421875,11094.0,0.009996414184570312,5241.0,0.010211944580078125,5354.0,0.0,0,0.4359133243560791,228544.125,5000,1000
othim02,full,1,0,1,0.0015,33.30288725711481,0.41870981454849243,219524.53125,33.29217082503883,0.9012463092803955,0.41957542300224304,219978.359375,0.020589828491210938,10795.0,0.009023666381835938,4731.0,0.010503768920898438,5507.0,0.0,0,0.440165251493454,230773.359375,5000,1000
othim03,full,1,0,1,0.0015,33.326041938582556,0.421670138835907,221076.59375,33.30703671356539,0.9018868207931519,0.42204105854034424,221271.0625,0.019426345825195312,10185.0,0.008855819702148438,4643.0,0.009876251220703125,5178.0,0.0,0,0.44146740436553955,231456.0625,5000,1000
othim04,full,1,0,1,0.0015,31.539001556084603,0.8627371788024902,452322.75,31.532453809154376,0.9176484942436218,0.8634054064750671,452673.09375,0.020147323608398438,10563.0,0.008800506591796875,4614.0,0.010305404663085938,5403.0,0.0,0,0.8835527300834656,463236.09375,5000,1000
othim05,full,1,0,1,0.0015,32.042049756824625,0.6660823822021484,349219.0,32.010542385811526,0.9036858081817627,0.6664696335792542,349422.03125,0.018774032592773438,9843.0,0.008991241455078125,4714.0,0.009077072143554688,4759.0,0.0,0,0.6852436661720276,359265.03125,5000,1000
othim06,full,1,0,1,0.0015,32.03654402304767,0.6761890053749084,354517.78125,32.02861533656932,0.9032594561576843,0.6769076585769653,354894.5625,0.020296096801757812,10641.0,0.008798599243164062,4613.0,0.010324478149414062,5413.0,0.0,0,0.6972037553787231,365535.5625,5000,1000
othim07,full,1,0,1,0.0015,34.96404397487509,0.31643790006637573,165904.59375,34.94464783478779,0.9300488233566284,0.3174040615558624,166411.140625,0.020303726196289062,10645.0,0.008981704711914062,4709.0,0.010517120361328125,5514.0,0.0,0,0.3377077877521515,177056.140625,5000,1000
othim08,full,1,0,1,0.0015,34.93584626530156,0.29719412326812744,155815.3125,34.919121915087,0.9278091788291931,0.29794350266456604,156208.203125,0.020044326782226562,10509.0,0.009042739868164062,4741.0,0.010295867919921875,5398.0,0.0,0,0.3179878294467926,166717.203125,5000,1000
othim09,full,1,0,1,0.0015,34.6730193712903,0.3188413381576538,167164.6875,34.645834585879214,0.9245202541351318,0.319280743598938,167395.0625,0.019071578979492188,9999.0,0.009092330932617188,4767.0,0.009160995483398438,4803.0,0.0,0,0.3383523225784302,177394.0625,5000,1000
othim10,full,1,0,1,0.0015,33.16420930774199,0.3583115339279175,187858.4375,33.14798801798371,0.8841661810874939,0.3587194085121155,188072.28125,0.018838882446289062,9877.0,0.008941650390625,4688.0,0.00899505615234375,4716.0,0.0,0,0.37755829095840454,197949.28125,5000,1000
othim11,full,1,0,1,0.0015,32.94729042443527,0.429646372795105,225258.4375,32.934118462272586,0.8889960050582886,0.4316471815109253,226307.4375,0.018735885620117188,9823.0,0.007837295532226562,4109.0,0.009809494018554688,5143.0,0.0,0,0.4503830671310425,236130.4375,5000,1000
othim12,full,1,0,1,0.0015,32.70441693911848,0.4342406988143921,227667.1875,32.69356036386084,0.8888068199157715,0.43518567085266113,228162.625,0.0203094482421875,10648.0,0.008920669555664062,4677.0,0.010572433471679688,5543.0,0.0,0,0.45549511909484863,238810.625,5000,1000
othim13,full,1,0,1,0.0015,34.61019725261949,0.3219447731971741,168791.78125,34.599225544889514,0.9141577482223511,0.3235267102718353,169621.171875,0.019001007080078125,9962.0,0.00771331787109375,4044.0,0.010379791259765625,5442.0,0.0,0,0.34252771735191345,179583.171875,5000,1000
othim14,full,1,0,1,0.0015,34.61777974034771,0.3169524669647217,166174.375,34.603247784328275,0.9149026870727539,0.31737375259399414,166395.25,0.019153594970703125,10042.0,0.008880615234375,4656.0,0.00939178466796875,4924.0,0.0,0,0.33652734756469727,176437.25,5000,1000
othim15,full,1,0,1,0.0015,34.552300308582325,0.33179545402526855,173956.375,34.54352071385957,0.9137054681777954,0.33249613642692566,174323.734375,0.020151138305664062,10565.0,0.008960723876953125,4698.0,0.010255813598632812,5377.0,0.0,0,0.3526472747325897,184888.734375,5000,1000
othim16,full,1,0,1,0.0015,35.08099628539431,0.29921281337738037,156873.6875,35.07093950150679,0.9274249076843262,0.30025604367256165,157420.640625,0.02007293701171875,10524.0,0.008886337280273438,4659.0,0.010250091552734375,5374.0,0.0,0,0.3203289806842804,167944.640625,5000,1000
othim17,full,1,0,1,0.0015,35.11918577537475,0.3000432848930359,157309.09375,35.10371948660735,0.9273645281791687,0.3011854290962219,157907.90625,0.01969146728515625,10324.0,0.00888824462890625,4660.0,0.010122299194335938,5307.0,0.0,0,0.3208768963813782,168231.90625,5000,1000
othim18,full,1,0,1,0.0015,35.023942132168635,0.30324098467826843,158985.609375,35.010672108222934,0.9267332553863525,0.30418717861175537,159481.6875,0.019788742065429688,10375.0,0.008695602416992188,4559.0,0.010143280029296875,5318.0,0.0,0,0.32397592067718506,169856.6875,5000,1000
othim19,full,1,0,1,0.0015,32.05812546926686,0.6557666063308716,343810.5625,32.05043548115959,0.9114539623260498,0.6564562320709229,344172.125,0.020280838012695312,10633.0,0.00897216796875,4704.0,0.010509490966796875,5510.0,0.0,0,0.6767370700836182,354805.125,5000,1000
othim20,full,1,0,1,0.0015,32.01466745215698,0.6670156717300415,349708.3125,32.00982423650075,0.9084028601646423,0.6682834625244141,350373.0,0.0198516845703125,10408.0,0.008672714233398438,4547.0,0.010356903076171875,5430.0,0.0,0,0.6881351470947266,360781.0,5000,1000
othim21,full,1,0,1,0.0015,32.07666017012061,0.6675756573677063,350001.90625,32.055241205543744,0.9108555316925049,0.668694794178009,350588.65625,0.01894378662109375,9932.0,0.008840560913085938,4635.0,0.00928497314453125,4868.0,0.0,0,0.6876385807991028,360520.65625,5000,1000
othim22,full,1,0,1,0.0015,34.141655839000116,0.36393535137176514,190806.9375,34.120182414288756,0.9145703315734863,0.3649292588233948,191328.03125,0.020006179809570312,10489.0,0.00910186767578125,4772.0,0.010114669799804688,5303.0,0.0,0,0.3849354386329651,201817.03125,5000,1000
othim23,full,1,0,1,0.0015,33.77592477283323,0.4204877018928528,220456.65625,33.74218386993967,0.9234728813171387,0.42124494910240173,220853.671875,0.018962860107421875,9942.0,0.009004592895507812,4721.0,0.009000778198242188,4719.0,0.0,0,0.4402078092098236,230795.671875,5000,1000
othim24,full,1,0,1,0.0015,33.21035679260989,0.5403122901916504,283279.25,33.20103789301708,0.9280520677566528,0.5412005186080933,283744.9375,0.020511627197265625,10754.0,0.008943557739257812,4689.0,0.010669708251953125,5594.0,0.0,0,0.5617121458053589,294498.9375,5000,1000
othim25,full,1,0,1,0.0015,31.2729216135138,0.7061028480529785,370201.25,31.26631282354295,0.9028765559196472,0.707301914691925,370829.90625,0.020406723022460938,10699.0,0.0089111328125,4672.0,0.010580062866210938,5547.0,0.0,0,0.727708637714386,381528.90625,5000,1000
othim26,full,1,0,1,0.0015,31.208303919203846,0.6949134469032288,364334.78125,31.200647034587462,0.9020876884460449,0.695156455039978,364462.1875,0.0208740234375,10944.0,0.009782791137695312,5129.0,0.010295867919921875,5398.0,0.0,0,0.716030478477478,375406.1875,5000,1000
othim27,full,1,0,1,0.0015,31.415180289283512,0.602397084236145,315829.5625,31.408560532997267,0.8872209787368774,0.6041713356971741,316759.78125,0.019268035888671875,10102.0,0.007843017578125,4112.0,0.01038360595703125,5444.0,0.0,0,0.623439371585846,326861.78125,5000,1000
othim28,full,1,0,1,0.0015,32.56392386179487,0.6404248476028442,335767.0625,32.55850497230752,0.922783374786377,0.6410484313964844,336094.0,0.020175933837890625,10578.0,0.008945465087890625,4690.0,0.0103302001953125,5416.0,0.0,0,0.661224365234375,346672.0,5000,1000
othim29,full,1,0,1,0.0015,32.73229339094252,0.5892372131347656,308930.0,32.72600971302581,0.914741039276123,0.5903723239898682,309525.125,0.0204010009765625,10696.0,0.009037017822265625,4738.0,0.010471343994140625,5490.0,0.0,0,0.6107733249664307,320221.125,5000,1000
othim30,full,1,0,1,0.0015,32.561317171209986,0.6484036445617676,339950.25,32.55427868459834,0.921818733215332,0.6495129466056824,340531.84375,0.018587112426757812,9745.0,0.00771331787109375,4044.0,0.01007843017578125,5284.0,0.0,0,0.6681000590324402,350276.84375,5000,1000
othim01,full,1,0,1,0.0025,31.900022369740388,0.3254414200782776,170625.03125,31.87943856361075,0.8776642084121704,0.32572686672210693,170774.6875,0.018701553344726562,9805.0,0.008924484252929688,4679.0,0.008989334106445312,4713.0,0.0,0,0.3444284200668335,180579.6875,5000,1000
othim02,full,1,0,1,0.0025,31.9259152390088,0.30834630131721497,161662.265625,31.89989108562747,0.8787984251976013,0.30910906195640564,162062.171875,0.019275665283203125,10106.0,0.009069442749023438,4755.0,0.009250640869140625,4850.0,0.0,0,0.32838472723960876,172168.171875,5000,1000
othim03,full,1,0,1,0.0025,31.783187435695336,0.3058265447616577,160341.1875,31.7371805117086,0.8748198747634888,0.3079202473163605,161438.890625,0.017086029052734375,8958.0,0.007974624633789062,4181.0,0.008167266845703125,4282.0,0.0,0,0.32500627636909485,170396.890625,5000,1000
othim04,full,1,0,1,0.0025,29.671593701449776,0.6365466117858887,333733.75,29.664784469704006,0.877556562423706,0.6370445489883423,333994.8125,0.02020263671875,10592.0,0.008943557739257812,4689.0,0.010341644287109375,5422.0,0.0,0,0.6572471857070923,344586.8125,5000,1000
othim05,full,1,0,1,0.0025,30.259677198319295,0.5049055814743042,264715.9375,30.24666461833931,0.8639283180236816,0.5056056976318359,265083.0,0.01999664306640625,10484.0,0.008939743041992188,4687.0,0.01023101806640625,5364.0,0.0,0,0.5256023406982422,275567.0,5000,1000
othim06,full,1,0,1,0.0025,30.34761004146885,0.48767051100730896,255679.796875,30.340486458287952,0.8663303256034851,0.488857626914978,256302.1875,0.019205093383789062,10069.0,0.0080108642578125,4200.0,0.010251998901367188,5375.0,0.0,0,0.5080627202987671,266371.1875,5000,1000
othim07,full,1,0,1,0.0025,33.29073284428421,0.2428622841835022,127329.78125,33.24950719703961,0.911197304725647,0.2434426248073578,127634.046875,0.019258499145507812,10097.0,0.008943557739257812,4689.0,0.009248733520507812,4849.0,0.0,0,0.2627011239528656,137731.046875,5000,1000
othim08,full,1,0,1,0.0025,33.485380940662466,0.22612597048282623,118555.1328125,33.47735889035927,0.9108456969261169,0.22693979740142822,118981.8125,0.020414352416992188,10703.0,0.009172439575195312,4809.0,0.010318756103515625,5410.0,0.0,0,0.2473541498184204,129684.8125,5000,1000
othim09,full,1,0,1,0.0025,33.35432555981358,0.23257504403591156,121936.3046875,33.33280795257507,0.9094088077545166,0.23298723995685577,122152.4140625,0.019193649291992188,10063.0,0.008968353271484375,4702.0,0.0093994140625,4928.0,0.0,0,0.25218088924884796,132215.4140625,5000,1000
othim10,full,1,0,1,0.0025,31.760318679410016,0.24128830432891846,126504.5625,31.7315243985668,0.8497096300125122,0.24221640825271606,126991.15625,0.017974853515625,9424.0,0.0078125,4096.0,0.009113311767578125,4778.0,0.0,0,0.26019126176834106,136415.15625,5000,1000
othim11,full,1,0,1,0.0025,31.35956633994546,0.27516767382621765,144267.109375,31.35342124900099,0.8504956960678101,0.27548453211784363,144433.234375,0.020357131958007812,10673.0,0.008981704711914062,4709.0,0.01055908203125,5536.0,0.0,0,0.29584166407585144,155106.234375,5000,1000
othim12,full,1,0,1,0.0025,31.030653897643916,0.314331978559494,164800.484375,31.023549379284372,0.8496184349060059,0.3153398633003235,165328.90625,0.018871307373046875,9894.0,0.00791168212890625,4148.0,0.010126113891601562,5309.0,0.0,0,0.33421117067337036,175222.90625,5000,1000
othim13,full,1,0,1,0.0025,33.192783248000104,0.2365836501121521,124037.96875,33.1768400082556,0.8984731435775757,0.23705704510211945,124286.1640625,0.0193634033203125,10152.0,0.008855819702148438,4643.0,0.009569168090820312,5017.0,0.0,0,0.25642044842243195,134438.1640625,5000,1000
othim14,full,1,0,1,0.0025,33.03034465483545,0.25166812539100647,131946.578125,33.01561289859673,0.8961137533187866,0.25277814269065857,132528.546875,0.017919540405273438,9395.0,0.007946014404296875,4166.0,0.009029388427734375,4734.0,0.0,0,0.270697683095932,141923.546875,5000,1000
othim15,full,1,0,1,0.0025,33.090461033696435,0.2518450617790222,132039.34375,33.03540590755936,0.8978884220123291,0.25313231348991394,132714.234375,0.017156600952148438,8995.0,0.008035659790039062,4213.0,0.008174896240234375,4286.0,0.0,0,0.2702889144420624,141709.234375,5000,1000
othim16,full,1,0,1,0.0025,33.64482046319915,0.21326503157615662,111812.296875,33.63220775934154,0.9112507104873657,0.21444299817085266,112429.890625,0.019350051879882812,10145.0,0.007966995239257812,4177.0,0.010448455810546875,5478.0,0.0,0,0.23379305005073547,122574.890625,5000,1000
othim17,full,1,0,1,0.0025,33.70164738785497,0.21963030099868774,115149.53125,33.68486236675292,0.9108020663261414,0.22062182426452637,115669.375,0.01998138427734375,10476.0,0.008848190307617188,4639.0,0.010433197021484375,5470.0,0.0,0,0.24060320854187012,126145.375,5000,1000
othim18,full,1,0,1,0.0025,33.53796348025631,0.2208070456981659,115766.484375,33.52561160428965,0.9082363843917847,0.2210705578327179,115904.640625,0.020254135131835938,10619.0,0.00894927978515625,4692.0,0.010374069213867188,5439.0,0.0,0,0.24132469296455383,126523.640625,5000,1000
othim19,full,1,0,1,0.0025,30.3774654934341,0.4805260896682739,251934.0625,30.372769602716506,0.876555323600769,0.4815642237663269,252478.34375,0.019594192504882812,10273.0,0.007951736450195312,4169.0,0.010601043701171875,5558.0,0.0,0,0.5011584162712097,262751.34375,5000,1000
othim20,full,1,0,1,0.0025,30.341065810539344,0.48386457562446594,253684.390625,30.3292346610349,0.8739416003227234,0.4849122166633606,254233.65625,0.01909637451171875,10012.0,0.007928848266601562,4157.0,0.010210037231445312,5353.0,0.0,0,0.5040085911750793,264245.65625,5000,1000
othim21,full,1,0,1,0.0025,30.29811460453796,0.4883996248245239,256062.0625,30.287481043338307,0.8744251132011414,0.48884642124176025,256296.3125,0.019495010375976562,10221.0,0.008785247802734375,4606.0,0.009759902954101562,5117.0,0.0,0,0.5083414316177368,266517.3125,5000,1000
othim22,full,1,0,1,0.0025,32.82621302599728,0.2696484327316284,141373.4375,32.809190039883724,0.8980840444564819,0.27013659477233887,141629.375,0.020351409912109375,10670.0,0.008996963500976562,4717.0,0.010412216186523438,5459.0,0.0,0,0.29048800468444824,152299.375,5000,1000
othim23,full,1,0,1,0.0025,32.048134478622934,0.29303666949272156,153635.609375,32.041966037201625,0.8978366255760193,0.29368364810943604,153974.8125,0.020687103271484375,10846.0,0.009141921997070312,4793.0,0.010585784912109375,5550.0,0.0,0,0.3143707513809204,164820.8125,5000,1000
othim24,full,1,0,1,0.0025,31.327971911658114,0.3923315405845642,205694.71875,31.325419329979226,0.9013094902038574,0.39293617010116577,206011.71875,0.021509170532226562,11277.0,0.00897979736328125,4708.0,0.011474609375,6016.0,0.0,0,0.41444534063339233,217288.71875,5000,1000
othim25,full,1,0,1,0.0025,29.663217303575635,0.5336764454841614,279800.15625,29.65967180110944,0.8730825185775757,0.5340896844863892,280016.8125,0.020435333251953125,10714.0,0.009059906005859375,4750.0,0.01044464111328125,5476.0,0.0,0,0.5545250177383423,290730.8125,5000,1000
othim26,full,1,0,1,0.0025,29.570241949850892,0.551965594291687,289388.9375,29.56366255836193,0.8692811727523804,0.5540446043014526,290478.9375,0.018918991088867188,9919.0,0.007814407348632812,4097.0,0.010162353515625,5328.0,0.0,0,0.5729635953903198,300397.9375,5000,1000
othim27,full,1,0,1,0.0025,29.980087200202387,0.4442366063594818,232907.921875,29.97308055072395,0.8571158647537231,0.44611015915870667,233890.203125,0.019441604614257812,10193.0,0.007999420166015625,4194.0,0.010364532470703125,5434.0,0.0,0,0.4655517637729645,244083.203125,5000,1000
othim28,full,1,0,1,0.0025,30.704136513244904,0.46823471784591675,245489.84375,30.684367278322537,0.8916076421737671,0.46908998489379883,245938.25,0.018505096435546875,9702.0,0.007936477661132812,4161.0,0.009765625,5120.0,0.0,0,0.4875950813293457,255640.25,5000,1000
othim29,full,1,0,1,0.0025,30.961151697521398,0.43722450733184814,229231.5625,30.955132470687577,0.8853950500488281,0.4376862347126007,229473.640625,0.0203704833984375,10680.0,0.009042739868164062,4741.0,0.01041412353515625,5460.0,0.0,0,0.4580567181110382,240153.640625,5000,1000
othim30,full,1,0,1,0.0025,30.540116121749502,0.46948540210723877,246145.5625,30.533530277179562,0.8892300128936768,0.46992945671081543,246378.375,0.019678115844726562,10317.0,0.008832931518554688,4631.0,0.010189056396484375,5342.0,0.0,0,0.489607572555542,256695.375,5000,1000
othim01,full,1,1,1,0.0015,33.46641936406348,0.41860032081604004,219467.125,33.4545286733061,0.9062466025352478,0.41936159133911133,219866.25,0.0216217041015625,11336.0,0.009008407592773438,4723.0,0.01165771484375,6112.0,0.0,0,0.44098329544067383,231202.25,5000,1000
othim02,full,1,1,1,0.0015,33.37531356750129,0.42550167441368103,223085.421875,33.34580252820988,0.9033455848693848,0.42644721269607544,223581.15625,0.020513534545898438,10755.0,0.008943557739257812,4689.0,0.010501861572265625,5506.0,0.0,0,0.4469607472419739,234336.15625,5000,1000
othim03,full,1,1,1,0.0015,33.31536249634851,0.41364485025405884,216869.03125,33.3047907605282,0.9020799398422241,0.41413384675979614,217125.40625,0.021671295166015625,11362.0,0.00891876220703125,4676.0,0.011844635009765625,6210.0,0.0,0,0.43580514192581177,228487.40625,5000,1000
othim04,full,1,1,1,0.0015,31.37305868048396,0.8569812178611755,449304.96875,31.364628802196663,0.9148181676864624,0.8582876920700073,449989.9375,0.021749496459960938,11403.0,0.0088043212890625,4616.0,0.01203155517578125,6308.0,0.0,0,0.8800371885299683,461392.9375,5000,1000
othim05,full,1,1,1,0.0015,32.20865701505936,0.7120616436004639,373325.375,32.19029602863677,0.9076210260391235,0.7123074531555176,373454.25,0.022611618041992188,11855.0,0.009691238403320312,5081.0,0.012220382690429688,6407.0,0.0,0,0.7349190711975098,385309.25,5000,1000
othim06,full,1,1,1,0.0015,32.05715531887398,0.6688390970230103,350664.3125,32.050544460862426,0.9034953117370605,0.6700642108917236,351306.625,0.021471023559570312,11257.0,0.008680343627929688,4551.0,0.011976242065429688,6279.0,0.0,0,0.691535234451294,362563.625,5000,1000
othim07,full,1,1,1,0.0015,34.61712264702303,0.33116793632507324,173627.375,34.57081876688035,0.9266834259033203,0.3319985270500183,174062.84375,0.020122528076171875,10550.0,0.008855819702148438,4643.0,0.010309219360351562,5405.0,0.0,0,0.3521210551261902,184612.84375,5000,1000
othim08,full,1,1,1,0.0015,34.89889210097703,0.29525113105773926,154796.625,34.881634435973524,0.92708820104599,0.2959217429161072,155148.21875,0.021867752075195312,11465.0,0.0090484619140625,4744.0,0.011892318725585938,6235.0,0.0,0,0.3177894949913025,166613.21875,5000,1000
othim09,full,1,1,1,0.0015,34.69160616305388,0.3150857090950012,165195.65625,34.670114579928644,0.9255880117416382,0.3153132200241089,165314.9375,0.02277374267578125,11940.0,0.010068893432617188,5279.0,0.011884689331054688,6231.0,0.0,0,0.33808696269989014,177254.9375,5000,1000
othim10,full,1,1,1,0.0015,33.24311511537485,0.35560715198516846,186440.5625,33.227028228570994,0.8839690089225769,0.3559052050113678,186596.828125,0.022523880004882812,11809.0,0.009916305541992188,5199.0,0.011804580688476562,6189.0,0.0,0,0.3784290850162506,198405.828125,5000,1000
othim11,full,1,1,1,0.0015,33.00938688901847,0.4075411856174469,213668.953125,33.00285739245194,0.8898237943649292,0.4080694615840912,213945.921875,0.021978378295898438,11523.0,0.008817672729492188,4623.0,0.012125015258789062,6357.0,0.0,0,0.4300478398799896,225468.921875,5000,1000
othim12,full,1,1,1,0.0015,32.71872113984753,0.44473737478256226,233170.46875,32.70943218694749,0.88861483335495,0.4453487694263458,233491.015625,0.02155303955078125,11300.0,0.008977890014648438,4707.0,0.01139068603515625,5972.0,0.0,0,0.4669018089771271,244791.015625,5000,1000
othim13,full,1,1,1,0.0015,34.74315303628232,0.31904393434524536,167270.90625,34.73203293069224,0.9155616164207458,0.32001811265945435,167781.65625,0.021780014038085938,11419.0,0.008960723876953125,4698.0,0.012029647827148438,6307.0,0.0,0,0.3417981266975403,179200.65625,5000,1000
othim14,full,1,1,1,0.0015,34.57442824729847,0.32442915439605713,170094.3125,34.546066922313905,0.9136776328086853,0.3256259560585022,170721.78125,0.018829345703125,9872.0,0.007879257202148438,4131.0,0.010145187377929688,5319.0,0.0,0,0.3444553017616272,180593.78125,5000,1000
othim15,full,1,1,1,0.0015,34.50741277891768,0.32668107748031616,171274.96875,34.50024804049651,0.9135860204696655,0.3272640109062195,171580.59375,0.02187347412109375,11468.0,0.0089569091796875,4696.0,0.011852264404296875,6214.0,0.0,0,0.34913748502731323,183048.59375,5000,1000
othim16,full,1,1,1,0.0015,35.260903747766086,0.2964077591896057,155403.03125,35.1959215184424,0.9294344186782837,0.29684221744537354,155630.8125,0.020242691040039062,10613.0,0.00887298583984375,4652.0,0.01065826416015625,5588.0,0.0,0,0.3170849084854126,166243.8125,5000,1000
othim17,full,1,1,1,0.0015,35.19341859128806,0.29729175567626953,155866.5,35.169442321722535,0.9280226230621338,0.2981727123260498,156328.375,0.021791458129882812,11425.0,0.008890151977539062,4661.0,0.01187896728515625,6228.0,0.0,0,0.3199641704559326,167753.375,5000,1000
othim18,full,1,1,1,0.0015,35.177491189541904,0.2975926399230957,156024.25,35.14541996619757,0.9280608892440796,0.2984200119972229,156458.03125,0.02032470703125,10656.0,0.008848190307617188,4639.0,0.0106658935546875,5592.0,0.0,0,0.3187447190284729,167114.03125,5000,1000
othim19,full,1,1,1,0.0015,32.15875252892389,0.6552029848098755,343515.0625,32.13227084611187,0.9123548269271851,0.655342698097229,343588.3125,0.021806716918945312,11433.0,0.0098876953125,5184.0,0.010890960693359375,5710.0,0.0,0,0.6771494150161743,355021.3125,5000,1000
othim20,full,1,1,1,0.0015,32.08441741713555,0.6534976363182068,342620.96875,32.08052241284798,0.9085642695426941,0.6536113023757935,342680.5625,0.02288055419921875,11996.0,0.0099029541015625,5192.0,0.012075424194335938,6331.0,0.0,0,0.6764918565750122,354676.5625,5000,1000
othim21,full,1,1,1,0.0015,32.003008549867324,0.6750503778457642,353920.8125,31.98498477300241,0.9099351763725281,0.6754721403121948,354141.9375,0.02155303955078125,11300.0,0.009082794189453125,4762.0,0.01177215576171875,6172.0,0.0,0,0.6970251798629761,365441.9375,5000,1000
othim22,full,1,1,1,0.0015,34.17918737274234,0.3511337637901306,184095.21875,34.1635916392012,0.9157446622848511,0.3516855835914612,184384.53125,0.0229034423828125,12008.0,0.009943008422851562,5213.0,0.012048721313476562,6317.0,0.0,0,0.3745890259742737,196392.53125,5000,1000
othim23,full,1,1,1,0.0015,33.847089624703834,0.4160570502281189,218133.71875,33.8414254855135,0.9260997772216797,0.4174613356590271,218869.96875,0.022909164428710938,12011.0,0.008798599243164062,4613.0,0.013002395629882812,6817.0,0.0,0,0.44037050008773804,230880.96875,5000,1000
othim24,full,1,1,1,0.0015,33.113286558110254,0.5535454750061035,290217.25,33.10768248386254,0.9263591766357422,0.5541539192199707,290536.25,0.022953033447265625,12034.0,0.008935928344726562,4685.0,0.0131988525390625,6920.0,0.0,0,0.5771069526672363,302570.25,5000,1000
othim25,full,1,1,1,0.0015,31.23610093140236,0.6976601481437683,365774.84375,31.22097244487078,0.9020617008209229,0.69859379529953,366264.34375,0.020753860473632812,10881.0,0.00885772705078125,4644.0,0.010995864868164062,5765.0,0.0,0,0.7193476557731628,377145.34375,5000,1000
othim26,full,1,1,1,0.0015,31.151017406257495,0.6988242864608765,366385.1875,31.14898857566334,0.9025670886039734,0.6995452642440796,366763.1875,0.023311614990234375,12222.0,0.008945465087890625,4690.0,0.013336181640625,6992.0,0.0,0,0.722856879234314,378985.1875,5000,1000
othim27,full,1,1,1,0.0015,31.317155266060013,0.5995484590530396,314336.0625,31.309240960147644,0.8878623247146606,0.6001524925231934,314652.75,0.021532058715820312,11289.0,0.008871078491210938,4651.0,0.01172637939453125,6148.0,0.0,0,0.6216845512390137,325941.75,5000,1000
othim28,full,1,1,1,0.0015,32.515079417367815,0.6351305246353149,332991.3125,32.507218677595496,0.9219047427177429,0.6370819211006165,334014.40625,0.020534515380859375,10766.0,0.007913589477539062,4149.0,0.011859893798828125,6218.0,0.0,0,0.6576164364814758,344780.40625,5000,1000
othim29,full,1,1,1,0.0015,32.740735221696106,0.6048728227615356,317127.5625,32.73029848148014,0.914665937423706,0.6051879525184631,317292.78125,0.021272659301757812,11153.0,0.008886337280273438,4659.0,0.011484146118164062,6021.0,0.0,0,0.626460611820221,328445.78125,5000,1000
othim30,full,1,1,1,0.0015,32.467817299713765,0.6431515216827393,337196.625,32.46275625714166,0.9215089082717896,0.6444498300552368,337877.3125,0.021923065185546875,11494.0,0.007986068725585938,4187.0,0.013021469116210938,6827.0,0.0,0,0.6663728952407837,349371.3125,5000,1000
othim01,full,1,1,1,0.0025,31.93584823827759,0.312248170375824,163707.96875,31.908093315789472,0.8794195652008057,0.3136374056339264,164436.328125,0.019849777221679688,10407.0,0.007905960083007812,4145.0,0.010873794555664062,5701.0,0.0,0,0.3334871828556061,174843.328125,5000,1000
othim02,full,1,1,1,0.0025,31.982280839093704,0.30807745456695557,161521.3125,31.97309706607973,0.8792424201965332,0.3086129128932953,161802.046875,0.021726608276367188,11391.0,0.009067535400390625,4754.0,0.011831283569335938,6203.0,0.0,0,0.3303395211696625,173193.046875,5000,1000
othim03,full,1,1,1,0.0025,31.86676272935974,0.3112970292568207,163209.296875,31.855489982323018,0.8763179183006287,0.3124205768108368,163798.359375,0.02045440673828125,10724.0,0.007862091064453125,4122.0,0.011556625366210938,6059.0,0.0,0,0.33287498354911804,174522.359375,5000,1000
othim04,full,1,1,1,0.0025,29.591770257954213,0.624774694442749,327561.875,29.58915385771658,0.8751246929168701,0.6257926821708679,328095.59375,0.021753311157226562,11405.0,0.0076923370361328125,4033.0,0.013006210327148438,6819.0,0.0,0,0.6475459933280945,339500.59375,5000,1000
othim05,full,1,1,1,0.0025,30.267341234087457,0.5055022239685059,265028.75,30.2611734811784,0.8648223280906677,0.5066912770271301,265652.15625,0.02075958251953125,10884.0,0.00789642333984375,4140.0,0.011793136596679688,6183.0,0.0,0,0.5274508595466614,276536.15625,5000,1000
othim06,full,1,1,1,0.0025,30.305078168529217,0.506080150604248,265331.75,30.296138134050864,0.8660931587219238,0.507276713848114,265959.09375,0.020549774169921875,10774.0,0.00783538818359375,4108.0,0.011905670166015625,6242.0,0.0,0,0.5278264880180359,276733.09375,5000,1000
othim07,full,1,1,1,0.0025,33.333492615192654,0.24208779633045197,126923.7265625,33.306629962734746,0.911790132522583,0.24229751527309418,127033.6796875,0.02053070068359375,10764.0,0.008861541748046875,4646.0,0.010595321655273438,5555.0,0.0,0,0.2628282159566879,137797.6796875,5000,1000
othim08,full,1,1,1,0.0025,33.4835965732407,0.22060106694698334,115658.4921875,33.47053389204438,0.9109269976615906,0.2208479344844818,115787.921875,0.021671295166015625,11362.0,0.008813858032226562,4621.0,0.011922836303710938,6251.0,0.0,0,0.24251922965049744,127149.921875,5000,1000
othim09,full,1,1,1,0.0025,33.306909220876825,0.23829634487628937,124935.9140625,33.291581250981025,0.9099322557449341,0.2385108768939972,125048.390625,0.021442413330078125,11242.0,0.008852005004882812,4641.0,0.01161956787109375,6092.0,0.0,0,0.2599532902240753,136290.390625,5000,1000
othim10,full,1,1,1,0.0025,31.64487580823044,0.24253803491592407,127159.78125,31.637088412823644,0.8472551703453064,0.242812380194664,127303.6171875,0.021694183349609375,11374.0,0.00899505615234375,4716.0,0.011747360229492188,6159.0,0.0,0,0.2645065635442734,138677.6171875,5000,1000
othim11,full,1,1,1,0.0025,31.470068961807424,0.2935391068458557,153899.03125,31.449702141965783,0.852357029914856,0.2939656376838684,154122.65625,0.020475387573242188,10735.0,0.008817672729492188,4623.0,0.010721206665039062,5621.0,0.0,0,0.3144410252571106,164857.65625,5000,1000
othim12,full,1,1,1,0.0025,31.094842286864047,0.3238001763820648,169764.546875,31.06099221185836,0.8523802757263184,0.32397186756134033,169854.5625,0.020093917846679688,10535.0,0.009801864624023438,5139.0,0.00931549072265625,4884.0,0.0,0,0.34406578540802,180389.5625,5000,1000
othim13,full,1,1,1,0.0025,33.29623760626789,0.24391576647758484,127882.109375,33.26976000896706,0.8989702463150024,0.24399054050445557,127921.3125,0.021730422973632812,11393.0,0.010059356689453125,5274.0,0.01087188720703125,5700.0,0.0,0,0.2657209634780884,139314.3125,5000,1000
othim14,full,1,1,1,0.0025,32.97706916827868,0.24449145793914795,128183.9375,32.958784888066646,0.8962618112564087,0.24671919643878937,129351.9140625,0.017871856689453125,9370.0,0.006702423095703125,3514.0,0.010341644287109375,5422.0,0.0,0,0.2645910531282425,138721.9140625,5000,1000
othim15,full,1,1,1,0.0025,33.15443615186953,0.24288496375083923,127341.671875,33.1255611933206,0.8986932635307312,0.24316270649433136,127487.2890625,0.02063751220703125,10820.0,0.009069442749023438,4755.0,0.010740280151367188,5631.0,0.0,0,0.2638002187013626,138307.2890625,5000,1000
othim16,full,1,1,1,0.0025,33.7853352689081,0.21946118772029877,115060.8671875,33.74970880019338,0.9119904041290283,0.21983283758163452,115255.71875,0.02060699462890625,10804.0,0.008899688720703125,4666.0,0.010782241821289062,5653.0,0.0,0,0.24043983221054077,126059.71875,5000,1000
othim17,full,1,1,1,0.0025,33.498116530908526,0.2216736376285553,116220.828125,33.487331081486595,0.909491240978241,0.22242286801338196,116613.640625,0.021768569946289062,11413.0,0.008878707885742188,4655.0,0.01206207275390625,6324.0,0.0,0,0.24419143795967102,128026.640625,5000,1000
othim18,full,1,1,1,0.0025,33.669510754079376,0.21326836943626404,111814.046875,33.649359052963824,0.9087168574333191,0.21345055103302002,111909.5625,0.022220611572265625,11650.0,0.009943008422851562,5213.0,0.011465072631835938,6011.0,0.0,0,0.23567116260528564,123559.5625,5000,1000
othim19,full,1,1,1,0.0025,30.316590861401256,0.4875957667827606,255640.609375,30.30840120936033,0.8760416507720947,0.4880862832069397,255897.78125,0.021772384643554688,11415.0,0.0089111328125,4672.0,0.011928558349609375,6254.0,0.0,0,0.5098586678504944,267312.78125,5000,1000
othim20,full,1,1,1,0.0025,30.33792076460752,0.49182629585266113,257858.625,30.317383213445623,0.874464213848114,0.4929729700088501,258459.8125,0.01979827880859375,10380.0,0.007852554321289062,4117.0,0.011014938354492188,5775.0,0.0,0,0.5127712488174438,268839.8125,5000,1000
othim21,full,1,1,1,0.0025,30.27578970959226,0.5124928951263428,268693.875,30.247094096399028,0.8761200904846191,0.5132079720497131,269068.78125,0.02069854736328125,10852.0,0.008808135986328125,4618.0,0.010957717895507812,5745.0,0.0,0,0.5339065194129944,279920.78125,5000,1000
othim22,full,1,1,1,0.0025,32.999982225149395,0.2635156512260437,138158.09375,32.942240961610345,0.8974732756614685,0.26533961296081543,139114.375,0.019517898559570312,10233.0,0.007884979248046875,4134.0,0.01082611083984375,5676.0,0.0,0,0.28485751152038574,149347.375,5000,1000
othim23,full,1,1,1,0.0025,32.143491999702775,0.29234036803245544,153270.546875,32.127387140621195,0.8986530303955078,0.2934340536594391,153843.953125,0.0216827392578125,11368.0,0.009029388427734375,4734.0,0.011806488037109375,6190.0,0.0,0,0.3151167929172516,165211.953125,5000,1000
othim24,full,1,1,1,0.0025,31.444901505345843,0.3894343972206116,204175.78125,31.427997482518162,0.9022645950317383,0.38999876379966736,204471.671875,0.02053070068359375,10764.0,0.008831024169921875,4630.0,0.010770797729492188,5647.0,0.0,0,0.4105294644832611,215235.671875,5000,1000
othim25,full,1,1,1,0.0025,29.667140185655793,0.534669041633606,280320.5625,29.654989935934946,0.8715537786483765,0.5350912809371948,280541.9375,0.021661758422851562,11357.0,0.008771896362304688,4599.0,0.012081146240234375,6334.0,0.0,0,0.5567530393600464,291898.9375,5000,1000
othim26,full,1,1,1,0.0025,29.76295161882815,0.5380579829216003,282097.34375,29.756644329869193,0.8719499111175537,0.5386426448822021,282403.875,0.022020339965820312,11545.0,0.009067535400390625,4754.0,0.011882781982421875,6230.0,0.0,0,0.5606629848480225,293948.875,5000,1000
othim27,full,1,1,1,0.0025,30.00616065612516,0.44724342226982117,234484.359375,29.996689844633455,0.8573979139328003,0.44875001907348633,235274.25,0.020597457885742188,10799.0,0.007833480834960938,4107.0,0.011798858642578125,6186.0,0.0,0,0.4693474769592285,246073.25,5000,1000
othim28,full,1,1,1,0.0025,30.622408637227977,0.46175122261047363,242090.625,30.614244965947467,0.8901569247245789,0.4624815583229065,242473.53125,0.022075653076171875,11574.0,0.009046554565429688,4743.0,0.012205123901367188,6399.0,0.0,0,0.48455721139907837,254047.53125,5000,1000
othim29,full,1,1,1,0.0025,30.96949689475082,0.4362870454788208,228740.0625,30.95186049061355,0.8858493566513062,0.43748781085014343,229369.609375,0.019369125366210938,10155.0,0.008077621459960938,4235.0,0.010354995727539062,5429.0,0.0,0,0.45685693621635437,239524.609375,5000,1000
othim30,full,1,1,1,0.0025,30.622264684522026,0.46928030252456665,246038.03125,30.614700723144608,0.8918747901916504,0.47037479281425476,246611.859375,0.02152252197265625,11284.0,0.008913040161132812,4673.0,0.011823654174804688,6199.0,0.0,0,0.491897314786911,257895.859375,5000,1000
othim01,erp,0,0,1,0.0015,32.7741886028661,0.38106057047843933,199785.484375,32.76943937297457,0.8969638347625732,0.38158079981803894,200058.234375,0.02190399169921875,11484.0,0.009019851684570312,4729.0,0.011821746826171875,6198.0,0.0,0,0.4034847915172577,211542.234375,5000,1000
othim02,erp,0,0,1,0.0015,32.639403770276665,0.39465564489364624,206913.21875,32.628956348583095,0.8942244052886963,0.39520493149757385,207201.203125,0.020694732666015625,10850.0,0.008928298950195312,4681.0,0.010831832885742188,5679.0,0.0,0,0.4158996641635895,218051.203125,5000,1000
othim03,erp,0,0,1,0.0015,32.54399600835321,0.39834755659103394,208848.84375,32.5384467871825,0.8908812403678894,0.39949336647987366,209449.578125,0.020338058471679688,10663.0,0.0089111328125,4672.0,0.010522842407226562,5517.0,0.0,0,0.41983142495155334,220112.578125,5000,1000
othim04,erp,0,0,1,0.0015,30.846762981519745,0.8252142071723938,432649.90625,30.835379935805317,0.9030389785766602,0.8258670568466187,432992.1875,0.020196914672851562,10589.0,0.008871078491210938,4651.0,0.01050567626953125,5508.0,0.0,0,0.8460639715194702,443581.1875,5000,1000
othim05,erp,0,0,1,0.0015,31.413461918236113,0.6479451656341553,339709.875,31.40648354457032,0.8910939693450928,0.6482664346694946,339878.3125,0.020450592041015625,10722.0,0.0089111328125,4672.0,0.010492324829101562,5501.0,0.0,0,0.6687170267105103,350600.3125,5000,1000
othim06,erp,0,0,1,0.0015,31.33849279268314,0.6482163071632385,339852.03125,31.324854956710528,0.8918440341949463,0.6483924388885498,339944.375,0.0202178955078125,10600.0,0.009927749633789062,5205.0,0.0093536376953125,4904.0,0.0,0,0.6686103343963623,350544.375,5000,1000
othim07,erp,0,0,1,0.0015,33.88992491787902,0.2834169268608093,148592.09375,33.87409696895322,0.9207080602645874,0.2838587760925293,148823.75,0.02077484130859375,10892.0,0.009023666381835938,4731.0,0.010927200317382812,5729.0,0.0,0,0.30463361740112305,159715.75,5000,1000
othim08,erp,0,0,1,0.0015,34.1281608258719,0.25447478890419006,133418.078125,34.120867852076486,0.9215587973594666,0.25460392236709595,133485.78125,0.021585464477539062,11317.0,0.00998687744140625,5236.0,0.010519027709960938,5515.0,0.0,0,0.276189386844635,144802.78125,5000,1000
othim09,erp,0,0,1,0.0015,33.86647287763486,0.2871888279914856,150569.65625,33.85389440063692,0.9171895384788513,0.2874799966812134,150722.3125,0.021892547607421875,11478.0,0.010082244873046875,5286.0,0.010992050170898438,5763.0,0.0,0,0.30937254428863525,162200.3125,5000,1000
othim10,erp,0,0,1,0.0015,32.215195390603654,0.29816827178001404,156326.046875,32.197093599728035,0.8600918650627136,0.2992473244667053,156891.78125,0.018449783325195312,9673.0,0.008001327514648438,4195.0,0.00960540771484375,5036.0,0.0,0,0.31769710779190063,166564.78125,5000,1000
othim11,erp,0,0,1,0.0015,32.09829105677152,0.3598666191101074,188673.75,32.09218315056766,0.8690378665924072,0.36052367091178894,189018.234375,0.021533966064453125,11290.0,0.00911712646484375,4780.0,0.011438369750976562,5997.0,0.0,0,0.38205763697624207,200308.234375,5000,1000
othim12,erp,0,0,1,0.0015,31.97975667304658,0.40033358335494995,209890.09375,31.968162105491984,0.8693221807479858,0.4013020396232605,210397.84375,0.020336151123046875,10662.0,0.008998870849609375,4718.0,0.010498046875,5504.0,0.0,0,0.4216381907463074,221059.84375,5000,1000
othim13,erp,0,0,1,0.0015,33.74650701325325,0.2922188639640808,153206.84375,33.72274042800401,0.9078378081321716,0.2927766740322113,153499.296875,0.019338607788085938,10139.0,0.008922576904296875,4678.0,0.0096282958984375,5048.0,0.0,0,0.31211528182029724,163638.296875,5000,1000
othim14,erp,0,0,1,0.0015,33.86826231537483,0.28315800428390503,148456.34375,33.854535003766735,0.909912109375,0.2833651304244995,148564.9375,0.020868301391601562,10941.0,0.010019302368164062,5253.0,0.009939193725585938,5211.0,0.0,0,0.3042334318161011,159505.9375,5000,1000
othim15,erp,0,0,1,0.0015,33.58726104481551,0.29391348361968994,154095.3125,33.56323802001861,0.9066183567047119,0.294457346200943,154380.453125,0.01959228515625,10272.0,0.009004592895507812,4721.0,0.00963592529296875,5052.0,0.0,0,0.314049631357193,164652.453125,5000,1000
othim16,erp,0,0,1,0.0015,34.27910056961762,0.26553329825401306,139215.921875,34.26417964827491,0.9183099269866943,0.26620036363601685,139565.65625,0.02051544189453125,10756.0,0.00882720947265625,4628.0,0.010751724243164062,5637.0,0.0,0,0.2867158055305481,150321.65625,5000,1000
othim17,erp,0,0,1,0.0015,34.234239764204105,0.26629915833473206,139617.453125,34.22410963725496,0.9177145957946777,0.26683327555656433,139897.484375,0.020427703857421875,10710.0,0.008955001831054688,4695.0,0.010534286499023438,5523.0,0.0,0,0.2872609794139862,150607.484375,5000,1000
othim18,erp,0,0,1,0.0015,34.292062027459856,0.27027764916419983,141703.328125,34.27428930659636,0.9177771806716919,0.2707849442958832,141969.296875,0.020544052124023438,10771.0,0.008880615234375,4656.0,0.010740280151367188,5631.0,0.0,0,0.2913289964199066,152740.296875,5000,1000
othim19,erp,0,0,1,0.0015,31.52650320053293,0.6262840032577515,328353.1875,31.521772572745245,0.9023517370223999,0.6271268129348755,328795.0625,0.020717620849609375,10862.0,0.009008407592773438,4723.0,0.010789871215820312,5657.0,0.0,0,0.6478444337844849,339657.0625,5000,1000
othim20,erp,0,0,1,0.0015,31.575801501500237,0.641196608543396,336171.6875,31.568552282525577,0.9003207087516785,0.642096757888794,336643.625,0.020837783813476562,10925.0,0.00890350341796875,4668.0,0.011005401611328125,5770.0,0.0,0,0.6629345417022705,347568.625,5000,1000
othim21,erp,0,0,1,0.0015,31.463879929920452,0.6354914903640747,333180.5625,31.45568950702498,0.900405764579773,0.6359586119651794,333425.46875,0.020414352416992188,10703.0,0.008909225463867188,4671.0,0.010595321655273438,5555.0,0.0,0,0.6563729643821716,344128.46875,5000,1000
othim22,erp,0,0,1,0.0015,33.69876598902417,0.3348398208618164,175552.5,33.68526600810599,0.9107502698898315,0.33508169651031494,175679.3125,0.021139144897460938,11083.0,0.009859085083007812,5169.0,0.010448455810546875,5478.0,0.0,0,0.3562208414077759,186762.3125,5000,1000
othim23,erp,0,0,1,0.0015,32.96030780502367,0.36788976192474365,192880.1875,32.94994179120823,0.911786675453186,0.3689916729927063,193457.90625,0.020330429077148438,10659.0,0.0089263916015625,4680.0,0.010547637939453125,5530.0,0.0,0,0.38932210206985474,204116.90625,5000,1000
othim24,erp,0,0,1,0.0015,32.52029658331852,0.5185530185699463,271871.125,32.51244309304092,0.9166557192802429,0.5190961360931396,272155.875,0.021810531616210938,11435.0,0.009990692138671875,5238.0,0.0108795166015625,5704.0,0.0,0,0.5409066677093506,283590.875,5000,1000
othim25,erp,0,0,1,0.0015,30.532479763719774,0.6623324751853943,347252.96875,30.523675365061678,0.894777774810791,0.6627034544944763,347447.46875,0.020435333251953125,10714.0,0.008869171142578125,4650.0,0.010766983032226562,5645.0,0.0,0,0.6831387877464294,358161.46875,5000,1000
othim26,erp,0,0,1,0.0015,30.613603999044102,0.6625744104385376,347379.8125,30.604403696932135,0.8956496119499207,0.6629408597946167,347571.9375,0.020700454711914062,10853.0,0.008928298950195312,4681.0,0.010725021362304688,5623.0,0.0,0,0.6836413145065308,358424.9375,5000,1000
othim27,erp,0,0,1,0.0015,30.651165955036618,0.5668046474456787,297168.875,30.6465049716812,0.8798772692680359,0.5673408508300781,297450.0,0.02032470703125,10656.0,0.00885772705078125,4644.0,0.010553359985351562,5533.0,0.0,0,0.5876655578613281,308106.0,5000,1000
othim28,erp,0,0,1,0.0015,31.775519622685653,0.5813738703727722,304807.34375,31.77259191151926,0.909610390663147,0.5821000337600708,305188.0625,0.020620346069335938,10811.0,0.00897979736328125,4708.0,0.010728836059570312,5625.0,0.0,0,0.6027203798294067,315999.0625,5000,1000
othim29,erp,0,0,1,0.0015,32.11523856364038,0.5708990097045898,299315.5,32.111218258193304,0.9033321142196655,0.5721510052680969,299971.90625,0.021692276000976562,11373.0,0.00891876220703125,4676.0,0.011882781982421875,6230.0,0.0,0,0.5938432812690735,311344.90625,5000,1000
othim30,erp,0,0,1,0.0015,31.7807920374192,0.6096087694168091,319610.5625,31.768187788078563,0.9097532033920288,0.6110663414001465,320374.75,0.0194091796875,10176.0,0.007814407348632812,4097.0,0.01081085205078125,5668.0,0.0,0,0.6304755210876465,330550.75,5000,1000
othim01,erp,0,0,1,0.0025,31.15231302492789,0.2690761387348175,141073.390625,31.12412390784804,0.8666858077049255,0.2706053853034973,141875.15625,0.018352508544921875,9622.0,0.008092880249023438,4243.0,0.009313583374023438,4883.0,0.0,0,0.2889578938484192,151497.15625,5000,1000
othim02,erp,0,0,1,0.0025,31.11605766570712,0.27665236592292786,145045.515625,31.10551192450889,0.865365743637085,0.278587281703949,146059.96875,0.019464492797851562,10205.0,0.007907867431640625,4146.0,0.010606765747070312,5561.0,0.0,0,0.29805177450180054,156264.96875,5000,1000
othim03,erp,0,0,1,0.0025,31.093496809074185,0.28607386350631714,149985.09375,31.08125094196471,0.8628149032592773,0.287217915058136,150584.90625,0.019670486450195312,10313.0,0.008989334106445312,4713.0,0.009731292724609375,5102.0,0.0,0,0.3068884015083313,160897.90625,5000,1000
othim04,erp,0,0,1,0.0025,28.974042526605327,0.5935333967208862,311182.4375,28.96596623131148,0.8580788373947144,0.5938372611999512,311341.75,0.021404266357421875,11222.0,0.0100860595703125,5288.0,0.01049041748046875,5500.0,0.0,0,0.615241527557373,322563.75,5000,1000
othim05,erp,0,0,1,0.0025,29.575923727005403,0.4432978630065918,232415.75,29.56509631489287,0.8454567193984985,0.44371211528778076,232632.9375,0.020244598388671875,10614.0,0.008831024169921875,4630.0,0.010448455810546875,5478.0,0.0,0,0.46395671367645264,243246.9375,5000,1000
othim06,erp,0,0,1,0.0025,29.757397526267024,0.4605860710144043,241479.75,29.75151597886867,0.850969672203064,0.4616996645927429,242063.59375,0.0197296142578125,10344.0,0.00797271728515625,4180.0,0.010683059692382812,5601.0,0.0,0,0.4814292788505554,252407.59375,5000,1000
othim07,erp,0,0,1,0.0025,32.537590264841924,0.20808501541614532,109096.4765625,32.525425469396076,0.90350341796875,0.20876425504684448,109452.59375,0.020696640014648438,10851.0,0.00907135009765625,4756.0,0.01079559326171875,5660.0,0.0,0,0.22946089506149292,120303.59375,5000,1000
othim08,erp,0,0,1,0.0025,32.589543958373504,0.18604862689971924,97543.0625,32.57508937837934,0.9010159969329834,0.18651482462882996,97787.484375,0.020563125610351562,10781.0,0.009016036987304688,4727.0,0.01059722900390625,5556.0,0.0,0,0.20707795023918152,108568.484375,5000,1000
othim09,erp,0,0,1,0.0025,32.39100819914492,0.20078614354133606,105269.765625,32.34236898647791,0.8987878561019897,0.2025395929813385,106189.078125,0.018716812133789062,9813.0,0.007869720458984375,4126.0,0.009901046752929688,5191.0,0.0,0,0.22125640511512756,116002.078125,5000,1000
othim10,erp,0,0,1,0.0025,30.905053336896035,0.19602538645267487,102773.7578125,30.89867020864246,0.8231930732727051,0.19696827232837677,103268.1015625,0.019474029541015625,10210.0,0.007944107055664062,4165.0,0.010599136352539062,5557.0,0.0,0,0.2164423018693924,113478.1015625,5000,1000
othim11,erp,0,0,1,0.0025,30.46217166047754,0.22969721257686615,120427.4921875,30.45423636214356,0.8240658640861511,0.23100066184997559,121110.875,0.019561767578125,10256.0,0.008058547973632812,4225.0,0.010648727416992188,5583.0,0.0,0,0.2505624294281006,131366.875,5000,1000
othim12,erp,0,0,1,0.0025,30.380128892578327,0.2724808156490326,142858.421875,30.372893650764215,0.8260461688041687,0.2735530138015747,143420.5625,0.020307540893554688,10647.0,0.008821487426757812,4625.0,0.010522842407226562,5517.0,0.0,0,0.2938605546951294,154067.5625,5000,1000
othim13,erp,0,0,1,0.0025,32.11969104081519,0.210358127951622,110288.2421875,32.099174140000024,0.8853208422660828,0.2111755907535553,110716.828125,0.019031524658203125,9978.0,0.008853912353515625,4642.0,0.009336471557617188,4895.0,0.0,0,0.23020711541175842,120694.828125,5000,1000
othim14,erp,0,0,1,0.0025,31.995727750445894,0.19738513231277466,103486.65625,31.98087685737515,0.8857619762420654,0.19750264286994934,103548.265625,0.020786285400390625,10898.0,0.010019302368164062,5253.0,0.00970458984375,5088.0,0.0,0,0.21828892827033997,114446.265625,5000,1000
othim15,erp,0,0,1,0.0025,32.09107912037245,0.20956337451934814,109871.5625,32.062879303450096,0.885926365852356,0.21022474765777588,110218.3125,0.018335342407226562,9613.0,0.007925033569335938,4155.0,0.009561538696289062,5013.0,0.0,0,0.22856009006500244,119831.3125,5000,1000
othim16,erp,0,0,1,0.0025,32.54438535956285,0.1924745738506317,100912.109375,32.495022496173846,0.8974210619926453,0.19316984713077545,101276.6328125,0.018388748168945312,9641.0,0.008846282958984375,4638.0,0.008457183837890625,4434.0,0.0,0,0.21155859529972076,110917.6328125,5000,1000
othim17,erp,0,0,1,0.0025,32.71448170284827,0.19907380640506744,104372.0078125,32.708288050580755,0.8987782001495361,0.19937604665756226,104530.46875,0.020730972290039062,10869.0,0.00904083251953125,4740.0,0.010866165161132812,5697.0,0.0,0,0.22010701894760132,115399.46875,5000,1000
othim18,erp,0,0,1,0.0025,32.603580662899496,0.19423028826713562,101832.609375,32.59537967160566,0.8967291116714478,0.19525352120399475,102369.078125,0.019319534301757812,10129.0,0.007848739624023438,4115.0,0.010496139526367188,5503.0,0.0,0,0.21457305550575256,112498.078125,5000,1000
othim19,erp,0,0,1,0.0025,29.784335052912017,0.4589846730232239,240640.15625,29.77082451121898,0.8641619086265564,0.46046632528305054,241416.96875,0.01844024658203125,9668.0,0.007816314697265625,4098.0,0.00969696044921875,5084.0,0.0,0,0.4789065718650818,251084.96875,5000,1000
othim20,erp,0,0,1,0.0025,29.701541257942086,0.4762362539768219,249684.953125,29.695387703814017,0.86058509349823,0.4768841564655304,250024.640625,0.020544052124023438,10771.0,0.008897781372070312,4665.0,0.010692596435546875,5606.0,0.0,0,0.49742820858955383,260795.640625,5000,1000
othim21,erp,0,0,1,0.0025,29.637363700731402,0.47138500213623047,247141.5,29.623728675096615,0.8627676367759705,0.4720916152000427,247511.96875,0.01956939697265625,10260.0,0.00891876220703125,4676.0,0.009717941284179688,5095.0,0.0,0,0.491661012172699,257771.96875,5000,1000
othim22,erp,0,0,1,0.0025,32.13825562944266,0.24000900983810425,125833.84375,32.09624295771306,0.8877052664756775,0.24078547954559326,126240.9375,0.019374847412109375,10158.0,0.00893402099609375,4684.0,0.00933837890625,4896.0,0.0,0,0.26016032695770264,136398.9375,5000,1000
othim23,erp,0,0,1,0.0025,30.99495075530786,0.24530038237571716,128608.046875,30.98344427709014,0.8785173296928406,0.24625971913337708,129111.015625,0.020944595336914062,10981.0,0.009061813354492188,4751.0,0.010883331298828125,5706.0,0.0,0,0.26720431447029114,140092.015625,5000,1000
othim24,erp,0,0,1,0.0025,30.820165165027447,0.3642885088920593,190992.09375,30.813734071310847,0.8895261287689209,0.36486226320266724,191292.90625,0.020427703857421875,10710.0,0.0090179443359375,4728.0,0.010578155517578125,5546.0,0.0,0,0.3852899670600891,202002.90625,5000,1000
othim25,erp,0,0,1,0.0025,28.952518238664624,0.5017949938774109,263085.09375,28.946554458652624,0.8612024188041687,0.5020008087158203,263193.0,0.021205902099609375,11118.0,0.009786605834960938,5131.0,0.010473251342773438,5491.0,0.0,0,0.5232067108154297,274311.0,5000,1000
othim26,erp,0,0,1,0.0025,28.961068451912396,0.5044074058532715,264454.75,28.956196301679068,0.8627694845199585,0.505115270614624,264825.875,0.020137786865234375,10558.0,0.008775711059570312,4601.0,0.010427474975585938,5467.0,0.0,0,0.5252530574798584,275383.875,5000,1000
othim27,erp,0,0,1,0.0025,29.17207977102665,0.40980076789855957,214853.625,29.16591764014522,0.8444348573684692,0.4111737906932831,215573.484375,0.019594192504882812,10273.0,0.007890701293945312,4137.0,0.010637283325195312,5577.0,0.0,0,0.4307679831981659,225846.484375,5000,1000
othim28,erp,0,0,1,0.0025,29.99129918250503,0.4276576638221741,224215.78125,29.986573809422946,0.8744877576828003,0.42851710319519043,224666.375,0.019380569458007812,10161.0,0.0078887939453125,4136.0,0.01070404052734375,5612.0,0.0,0,0.44789767265319824,234827.375,5000,1000
othim29,erp,0,0,1,0.0025,30.383706441283437,0.4098958671092987,214903.484375,30.3785173518701,0.8701249957084656,0.4111477732658386,215559.84375,0.01971435546875,10336.0,0.007968902587890625,4178.0,0.010824203491210938,5675.0,0.0,0,0.4308621287345886,225895.84375,5000,1000
othim30,erp,0,0,1,0.0025,29.948291091056394,0.4352114200592041,228176.125,29.933033078827023,0.874956488609314,0.4364544153213501,228827.8125,0.01877593994140625,9844.0,0.0077152252197265625,4045.0,0.010364532470703125,5434.0,0.0,0,0.45523035526275635,238671.8125,5000,1000
othim01,erp,0,1,1,0.0015,32.623947741462416,0.3970806300640106,208184.609375,32.61153710802186,0.8942457437515259,0.397613525390625,208464.0,0.022218704223632812,11649.0,0.009057998657226562,4749.0,0.01224517822265625,6420.0,0.0,0,0.4198322296142578,220113.0,5000,1000
othim02,erp,0,1,1,0.0015,32.53605320546611,0.39176610112190247,205398.265625,32.52842139601082,0.8911110758781433,0.392611563205719,205841.53125,0.0220794677734375,11576.0,0.009080886840820312,4761.0,0.011951446533203125,6266.0,0.0,0,0.4146910309791565,217417.53125,5000,1000
othim03,erp,0,1,1,0.0015,32.65354782207621,0.3943919539451599,206774.96875,32.63553794992463,0.8929974436759949,0.39513099193573,207162.4375,0.0209503173828125,10984.0,0.008958816528320312,4697.0,0.011056900024414062,5797.0,0.0,0,0.4160813093185425,218146.4375,5000,1000
othim04,erp,0,1,1,0.0015,30.86684001601155,0.8145146369934082,427040.25,30.86040213054685,0.9039304256439209,0.8153908252716064,427499.625,0.021595001220703125,11322.0,0.008701324462890625,4562.0,0.01197052001953125,6276.0,0.0,0,0.8369858264923096,438821.625,5000,1000
othim05,erp,0,1,1,0.0015,31.38697310044773,0.6367124915122986,333820.71875,31.370473565714843,0.8904596567153931,0.6373682022094727,334164.5,0.020784378051757812,10897.0,0.008810043334960938,4619.0,0.011043548583984375,5790.0,0.0,0,0.6581525802612305,345061.5,5000,1000
othim06,erp,0,1,1,0.0015,31.453252689748307,0.638279914855957,334642.5,31.44377185592386,0.8919171690940857,0.6394714117050171,335267.1875,0.022226333618164062,11653.0,0.00904083251953125,4740.0,0.012271881103515625,6434.0,0.0,0,0.6616977453231812,346920.1875,5000,1000
othim07,erp,0,1,1,0.0015,33.91614749992345,0.2857086658477783,149793.625,33.90616463004213,0.9202953577041626,0.28605347871780396,149974.40625,0.023040771484375,12080.0,0.00989532470703125,5188.0,0.012331008911132812,6465.0,0.0,0,0.30909425020217896,162054.40625,5000,1000
othim08,erp,0,1,1,0.0015,34.063563693733016,0.25908035039901733,135832.71875,34.05399298688409,0.9211906790733337,0.260445773601532,136548.59375,0.021026611328125,11024.0,0.00799560546875,4192.0,0.012235641479492188,6415.0,0.0,0,0.281472384929657,147572.59375,5000,1000
othim09,erp,0,1,1,0.0015,33.73014719568737,0.27500709891319275,144182.921875,33.71172322439542,0.9172797203063965,0.2757216691970825,144557.5625,0.022174835205078125,11626.0,0.008800506591796875,4614.0,0.012422561645507812,6513.0,0.0,0,0.29789650440216064,156183.5625,5000,1000
othim10,erp,0,1,1,0.0015,32.294825086055425,0.3073107898235321,161119.359375,32.268367951182945,0.8604221343994141,0.3078565299510956,161405.484375,0.020538330078125,10768.0,0.008695602416992188,4559.0,0.01111602783203125,5828.0,0.0,0,0.3283948600292206,172173.484375,5000,1000
othim11,erp,0,1,1,0.0015,32.12974611289403,0.35341548919677734,185291.5,32.123221730573654,0.8680046796798706,0.3538777232170105,185533.84375,0.022319793701171875,11702.0,0.0089111328125,4672.0,0.012453079223632812,6529.0,0.0,0,0.3761975169181824,197235.84375,5000,1000
othim12,erp,0,1,1,0.0015,31.93603504415478,0.40742242336273193,213606.6875,31.927570911766065,0.8698036074638367,0.4081754684448242,214001.5,0.0214691162109375,11256.0,0.008890151977539062,4661.0,0.011749267578125,6160.0,0.0,0,0.4296445846557617,225257.5,5000,1000
othim13,erp,0,1,1,0.0015,33.75753970455137,0.29261451959609985,153414.28125,33.74594294053633,0.9082850217819214,0.2929457426071167,153587.9375,0.022212982177734375,11646.0,0.008920669555664062,4677.0,0.012357711791992188,6479.0,0.0,0,0.3151587247848511,165233.9375,5000,1000
othim14,erp,0,1,1,0.0015,33.79341021010822,0.2891435921192169,151594.515625,33.76793291471602,0.9082614183425903,0.29021894931793213,152158.3125,0.020214080810546875,10598.0,0.007856369018554688,4119.0,0.01143646240234375,5996.0,0.0,0,0.310433030128479,162756.3125,5000,1000
othim15,erp,0,1,1,0.0015,33.86556820707704,0.28506365418434143,149455.453125,33.85781298025038,0.9097367525100708,0.2854691743850708,149668.0625,0.02230072021484375,11692.0,0.008951187133789062,4693.0,0.012418746948242188,6511.0,0.0,0,0.30776989459991455,161360.0625,5000,1000
othim16,erp,0,1,1,0.0015,34.214199630528945,0.2681150734424591,140569.515625,34.18642514699919,0.9174772500991821,0.26876428723335266,140909.890625,0.020748138427734375,10878.0,0.008831024169921875,4630.0,0.01110076904296875,5820.0,0.0,0,0.28951242566108704,151787.890625,5000,1000
othim17,erp,0,1,1,0.0015,34.223368926066776,0.270089328289032,141604.59375,34.181770461543245,0.9184510111808777,0.27118706703186035,142180.125,0.021173477172851562,11101.0,0.008863449096679688,4647.0,0.0113677978515625,5960.0,0.0,0,0.2923605442047119,153281.125,5000,1000
othim18,erp,0,1,1,0.0015,34.17930872615276,0.26935189962387085,141217.96875,34.16693168176167,0.918117880821228,0.2705106735229492,141825.5,0.02220916748046875,11644.0,0.00890350341796875,4668.0,0.0123443603515625,6472.0,0.0,0,0.29271984100341797,153469.5,5000,1000
othim19,erp,0,1,1,0.0015,31.56355538603796,0.6256554126739502,328023.625,31.559890188980138,0.9034034013748169,0.6258432865142822,328122.125,0.023344039916992188,12239.0,0.009874343872070312,5177.0,0.012544631958007812,6577.0,0.0,0,0.6491873264312744,340361.125,5000,1000
othim20,erp,0,1,1,0.0015,31.523421953150834,0.6311618089675903,330910.5625,31.503627281856605,0.9002008438110352,0.6321036219596863,331404.34375,0.020856857299804688,10935.0,0.008716583251953125,4570.0,0.011348724365234375,5950.0,0.0,0,0.652960479259491,342339.34375,5000,1000
othim21,erp,0,1,1,0.0015,31.507958694812192,0.6558061838150024,343831.3125,31.48844113299721,0.9019969701766968,0.6564146280288696,344150.3125,0.02135467529296875,11196.0,0.008853912353515625,4642.0,0.011579513549804688,6071.0,0.0,0,0.6777693033218384,355346.3125,5000,1000
othim22,erp,0,1,1,0.0015,33.58652090470525,0.33343613147735596,174816.5625,33.56816852735529,0.9069850444793701,0.3342500627040863,175243.296875,0.021785736083984375,11422.0,0.008731842041015625,4578.0,0.012132644653320312,6361.0,0.0,0,0.3560357987880707,186665.296875,5000,1000
othim23,erp,0,1,1,0.0015,32.8586903573373,0.37823009490966797,198301.5,32.83752375375019,0.9106907844543457,0.380781888961792,199639.375,0.021066665649414062,11045.0,0.008029937744140625,4210.0,0.012298583984375,6448.0,0.0,0,0.40184855461120605,210684.375,5000,1000
othim24,erp,0,1,1,0.0015,32.43082593747662,0.5059605240821838,265269.03125,32.41444087695734,0.9158334732055664,0.5062209367752075,265405.5625,0.023700714111328125,12426.0,0.0102081298828125,5352.0,0.012323379516601562,6461.0,0.0,0,0.5299216508865356,277831.5625,5000,1000
othim25,erp,0,1,1,0.0015,30.564937824304156,0.6545565128326416,343176.125,30.556412971978144,0.8958971500396729,0.6554452180862427,343642.0625,0.022653579711914062,11877.0,0.008968353271484375,4702.0,0.012645721435546875,6630.0,0.0,0,0.6780987977981567,355519.0625,5000,1000
othim26,erp,0,1,1,0.0015,30.571726588051984,0.6687847971916199,350635.84375,30.56579121589463,0.8961365222930908,0.6692558526992798,350882.8125,0.02213287353515625,11604.0,0.00884246826171875,4636.0,0.012361526489257812,6481.0,0.0,0,0.691388726234436,362486.8125,5000,1000
othim27,erp,0,1,1,0.0015,30.68455621224909,0.5682573318481445,297930.5,30.675494794671398,0.8797129392623901,0.5694179534912109,298539.0,0.022188186645507812,11633.0,0.008876800537109375,4654.0,0.0122528076171875,6424.0,0.0,0,0.5916061401367188,310172.0,5000,1000
othim28,erp,0,1,1,0.0015,31.778945763470556,0.6018995642662048,315568.71875,31.775905135514687,0.909531831741333,0.6039893627166748,316664.375,0.022180557250976562,11629.0,0.007818222045898438,4099.0,0.01345062255859375,7052.0,0.0,0,0.6261699199676514,328293.375,5000,1000
othim29,erp,0,1,1,0.0015,32.16019293823002,0.5571788549423218,292122.1875,32.15350867426357,0.9034988284111023,0.5574639439582825,292271.65625,0.022592544555664062,11845.0,0.008981704711914062,4709.0,0.012691497802734375,6654.0,0.0,0,0.5800564885139465,304116.65625,5000,1000
othim30,erp,0,1,1,0.0015,31.79581797949327,0.6009631752967834,315077.78125,31.79006104414832,0.9100786447525024,0.6021828651428223,315717.25,0.021331787109375,11184.0,0.007955551147460938,4171.0,0.012481689453125,6544.0,0.0,0,0.6235146522521973,326901.25,5000,1000
othim01,erp,0,1,1,0.0025,31.011402067871817,0.27727383375167847,145371.34375,30.998484788419308,0.8636206388473511,0.2784826457500458,146005.109375,0.021228790283203125,11130.0,0.008060455322265625,4226.0,0.012235641479492188,6415.0,0.0,0,0.2997114360332489,157135.109375,5000,1000
othim02,erp,0,1,1,0.0025,30.884980946829003,0.273257851600647,143265.8125,30.87971653648904,0.8616610765457153,0.27375689148902893,143527.453125,0.022466659545898438,11779.0,0.008829116821289062,4629.0,0.012819290161132812,6721.0,0.0,0,0.29622355103492737,155306.453125,5000,1000
othim03,erp,0,1,1,0.0025,31.01590758479092,0.2741956114768982,143757.46875,30.994357114893408,0.8607580065727234,0.2751719355583191,144269.34375,0.02079010009765625,10900.0,0.009037017822265625,4738.0,0.01093292236328125,5732.0,0.0,0,0.29596203565597534,155169.34375,5000,1000
othim04,erp,0,1,1,0.0025,28.927207815916333,0.5853769779205322,306906.125,28.90662453761777,0.8573190569877625,0.5867214798927307,307611.03125,0.019067764282226562,9997.0,0.0077762603759765625,4077.0,0.010372161865234375,5438.0,0.0,0,0.6057892441749573,317608.03125,5000,1000
othim05,erp,0,1,1,0.0025,29.609204650727914,0.4538862109184265,237967.09375,29.60378352633761,0.8456727862358093,0.45436644554138184,238218.875,0.022054672241210938,11563.0,0.00885009765625,4640.0,0.01227569580078125,6436.0,0.0,0,0.4764211177825928,249781.875,5000,1000
othim06,erp,0,1,1,0.0025,29.744946806239824,0.45801177620887756,240130.078125,29.73981812455628,0.851744532585144,0.4583682119846344,240316.953125,0.022457122802734375,11774.0,0.008871078491210938,4651.0,0.012790679931640625,6706.0,0.0,0,0.4808253347873688,252090.953125,5000,1000
othim07,erp,0,1,1,0.0025,32.511937960030025,0.20716404914855957,108613.625,32.48951334868244,0.903106689453125,0.20777159929275513,108932.15625,0.020906448364257812,10961.0,0.00897216796875,4704.0,0.011106491088867188,5823.0,0.0,0,0.22867804765701294,119893.15625,5000,1000
othim08,erp,0,1,1,0.0025,32.4805025580172,0.18580786883831024,97416.8359375,32.43703043883832,0.9010414481163025,0.18619690835475922,97620.8046875,0.02074432373046875,10876.0,0.008899688720703125,4666.0,0.011020660400390625,5778.0,0.0,0,0.20694123208522797,108496.8046875,5000,1000
othim09,erp,0,1,1,0.0025,32.241819667814326,0.21359947323799133,111987.640625,32.23195447986236,0.896866500377655,0.21400204300880432,112198.703125,0.021907806396484375,11486.0,0.008913040161132812,4673.0,0.012035369873046875,6310.0,0.0,0,0.2359098494052887,123684.703125,5000,1000
othim10,erp,0,1,1,0.0025,30.799440394645824,0.20664557814598083,108341.796875,30.78045988311729,0.8208775520324707,0.20847702026367188,109302.0,0.020870208740234375,10942.0,0.00778961181640625,4084.0,0.01210784912109375,6348.0,0.0,0,0.22934722900390625,120244.0,5000,1000
othim11,erp,0,1,1,0.0025,30.61295933372321,0.23000648617744446,120589.640625,30.60406158289152,0.8249876499176025,0.23093850910663605,121078.2890625,0.0211029052734375,11064.0,0.007871627807617188,4127.0,0.012395858764648438,6499.0,0.0,0,0.25204141438007355,132142.2890625,5000,1000
othim12,erp,0,1,1,0.0025,30.343791033413154,0.27216440439224243,142692.53125,30.335874363826587,0.8259832859039307,0.27382344007492065,143562.34375,0.020753860473632812,10881.0,0.007856369018554688,4119.0,0.011936187744140625,6258.0,0.0,0,0.29457730054855347,154443.34375,5000,1000
othim13,erp,0,1,1,0.0025,32.21016770051718,0.2082892805337906,109203.5703125,32.17183493852644,0.8882091045379639,0.20908543467521667,109620.984375,0.021272659301757812,11153.0,0.008970260620117188,4703.0,0.01145172119140625,6004.0,0.0,0,0.2303580939769745,120773.984375,5000,1000
othim14,erp,0,1,1,0.0025,31.415626235266632,0.17803484201431274,93341.53125,31.408941316181075,0.8783285021781921,0.17869848012924194,93689.46875,0.022298812866210938,11691.0,0.008855819702148438,4643.0,0.012599945068359375,6606.0,0.0,0,0.20099729299545288,105380.46875,5000,1000
othim15,erp,0,1,1,0.0025,32.04841819508625,0.2025454342365265,106192.140625,32.03272035426303,0.886806845664978,0.20330281555652618,106589.2265625,0.021266937255859375,11150.0,0.009019851684570312,4729.0,0.011316299438476562,5933.0,0.0,0,0.22456975281238556,117739.2265625,5000,1000
othim16,erp,0,1,1,0.0025,32.6306121426181,0.1914006471633911,100349.0625,32.59721074177558,0.8978111743927002,0.19162896275520325,100468.765625,0.021131515502929688,11079.0,0.009059906005859375,4750.0,0.011232376098632812,5889.0,0.0,0,0.21276047825813293,111547.765625,5000,1000
othim17,erp,0,1,1,0.0025,32.68344376012115,0.18873834609985352,98953.25,32.65452079562738,0.8987959623336792,0.1897437423467636,99480.3671875,0.0202484130859375,10616.0,0.007974624633789062,4181.0,0.011343002319335938,5947.0,0.0,0,0.2099921554327011,110096.3671875,5000,1000
othim18,erp,0,1,1,0.0025,32.638919029753616,0.19134388864040375,100319.3046875,32.624937401984674,0.8973399996757507,0.19168317317962646,100497.1875,0.0219573974609375,11512.0,0.008975982666015625,4706.0,0.012149810791015625,6370.0,0.0,0,0.21364057064056396,112009.1875,5000,1000
othim19,erp,0,1,1,0.0025,29.674155886939133,0.45583468675613403,238988.65625,29.65808323063511,0.8629215955734253,0.45652860403060913,239352.46875,0.021383285522460938,11211.0,0.008897781372070312,4665.0,0.01154327392578125,6052.0,0.0,0,0.47791188955307007,250563.46875,5000,1000
othim20,erp,0,1,1,0.0025,29.8163335609464,0.46172481775283813,242076.78125,29.810175668569936,0.8631759881973267,0.4620797634124756,242262.875,0.021923065185546875,11494.0,0.00878143310546875,4604.0,0.012437820434570312,6521.0,0.0,0,0.48400282859802246,253756.875,5000,1000
othim21,erp,0,1,1,0.0025,29.725630200280623,0.47472864389419556,248894.53125,29.72190079731242,0.862549901008606,0.47504302859306335,249059.359375,0.022380828857421875,11734.0,0.00884246826171875,4636.0,0.012601852416992188,6607.0,0.0,0,0.49742385745048523,260793.359375,5000,1000
othim22,erp,0,1,1,0.0025,32.089968971851384,0.23885944485664368,125231.140625,32.071278278109126,0.8858664035797119,0.24056483805179596,126125.2578125,0.020864486694335938,10939.0,0.007854461669921875,4118.0,0.012063980102539062,6325.0,0.0,0,0.2614293247461319,137064.2578125,5000,1000
othim23,erp,0,1,1,0.0025,30.997557816964193,0.2525061368942261,132385.9375,30.967955044131674,0.8784217834472656,0.25344932079315186,132880.4375,0.020990371704101562,11005.0,0.009090423583984375,4766.0,0.01078033447265625,5652.0,0.0,0,0.2744396924972534,143885.4375,5000,1000
othim24,erp,0,1,1,0.0025,30.537655559805945,0.3586826026439667,188052.984375,30.522743841810563,0.8849610686302185,0.3590867519378662,188264.875,0.0222015380859375,11640.0,0.00907135009765625,4756.0,0.0124359130859375,6520.0,0.0,0,0.3812882900238037,199904.875,5000,1000
othim25,erp,0,1,1,0.0025,29.102812469828887,0.4892321228981018,256498.53125,29.098644146992232,0.8644336462020874,0.4896697998046875,256728.0,0.0223388671875,11712.0,0.00887298583984375,4652.0,0.012537002563476562,6573.0,0.0,0,0.5120086669921875,268440.0,5000,1000
othim26,erp,0,1,1,0.0025,29.082599454406573,0.4896116852760315,256697.53125,29.075499614160623,0.8655110597610474,0.4902000427246094,257006.0,0.022396087646484375,11742.0,0.0087890625,4608.0,0.012561798095703125,6586.0,0.0,0,0.5125961303710938,268748.0,5000,1000
othim27,erp,0,1,1,0.0025,29.36420740645488,0.4033004939556122,211445.609375,29.347327211032802,0.8489503264427185,0.4036596119403839,211633.890625,0.02118682861328125,11108.0,0.008989334106445312,4713.0,0.011240005493164062,5893.0,0.0,0,0.42484644055366516,222741.890625,5000,1000
othim28,erp,0,1,1,0.0025,29.99493720147068,0.4335189461708069,227288.78125,29.982716874037532,0.8751950263977051,0.4344451129436493,227774.359375,0.022058486938476562,11565.0,0.009180068969726562,4813.0,0.012048721313476562,6317.0,0.0,0,0.45650359988212585,239339.359375,5000,1000
othim29,erp,0,1,1,0.0025,30.328543810615685,0.4056650400161743,212685.3125,30.323396352781074,0.8699886202812195,0.4068414568901062,213302.09375,0.021190643310546875,11110.0,0.007965087890625,4176.0,0.012310028076171875,6454.0,0.0,0,0.4280321002006531,224412.09375,5000,1000
othim30,erp,0,1,1,0.0025,30.013561038368483,0.4355772137641907,228367.90625,30.008161439697975,0.8751525282859802,0.43666383624076843,228937.609375,0.021280288696289062,11157.0,0.007917404174804688,4151.0,0.012453079223632812,6529.0,0.0,0,0.4579441249370575,240094.609375,5000,1000
othim01,erp,1,0,1,0.0015,33.395969361785234,0.4087478518486023,214301.59375,33.37466481201157,0.9045743942260742,0.40900012850761414,214433.859375,0.021631240844726562,11341.0,0.0099945068359375,5240.0,0.010683059692382812,5601.0,0.0,0,0.4306313693523407,225774.859375,5000,1000
othim02,erp,1,0,1,0.0015,33.36000898406062,0.42069512605667114,220565.40625,33.34376136977165,0.9026398658752441,0.42234671115875244,221431.3125,0.02056884765625,10784.0,0.008966445922851562,4701.0,0.010675430297851562,5597.0,0.0,0,0.44291555881500244,232215.3125,5000,1000
othim03,erp,1,0,1,0.0015,33.32343216382765,0.4287935495376587,224811.3125,33.29169241370561,0.9023772478103638,0.4299616515636444,225423.734375,0.019311904907226562,10125.0,0.008829116821289062,4629.0,0.009552001953125,5008.0,0.0,0,0.44927355647087097,235548.734375,5000,1000
othim04,erp,1,0,1,0.0015,31.51961701351615,0.8650211095809937,453520.1875,31.50815171430752,0.9168453216552734,0.8659499287605286,454007.15625,0.0198516845703125,10408.0,0.008668899536132812,4545.0,0.010263442993164062,5381.0,0.0,0,0.8858016133308411,464415.15625,5000,1000
othim05,erp,1,0,1,0.0015,32.02722345198243,0.6717504262924194,352190.6875,32.012750483918744,0.9024673700332642,0.6721251010894775,352387.125,0.01912689208984375,10028.0,0.008909225463867188,4671.0,0.009296417236328125,4874.0,0.0,0,0.6912519931793213,362415.125,5000,1000
othim06,erp,1,0,1,0.0015,32.02222983236961,0.6780433058738708,355489.96875,32.0029000810276,0.9029952883720398,0.6786852478981018,355826.53125,0.020263671875,10624.0,0.008800506591796875,4614.0,0.010663986206054688,5591.0,0.0,0,0.6989489197731018,366450.53125,5000,1000
othim07,erp,1,0,1,0.0015,34.733020992841226,0.31965580582618713,167591.703125,34.71554104244914,0.927402675151825,0.3205280005931854,168048.984375,0.02032470703125,10656.0,0.008855819702148438,4643.0,0.010524749755859375,5518.0,0.0,0,0.3408527076244354,178704.984375,5000,1000
othim08,erp,1,0,1,0.0015,35.02235789900073,0.29227811098098755,153237.90625,35.004880760027035,0.9274205565452576,0.29329681396484375,153772.0,0.020784378051757812,10897.0,0.009128570556640625,4786.0,0.010845184326171875,5686.0,0.0,0,0.31408119201660156,164669.0,5000,1000
othim09,erp,1,0,1,0.0015,34.664640723977314,0.31942445039749146,167470.40625,34.65652918742577,0.9249410033226013,0.32043004035949707,167997.625,0.020381927490234375,10686.0,0.008890151977539062,4661.0,0.010549545288085938,5531.0,0.0,0,0.34081196784973145,178683.625,5000,1000
othim10,erp,1,0,1,0.0015,33.163045960182515,0.35199856758117676,184548.625,33.15386650419713,0.8842355012893677,0.3530231714248657,185085.8125,0.020433425903320312,10713.0,0.008974075317382812,4705.0,0.010284423828125,5392.0,0.0,0,0.37345659732818604,195798.8125,5000,1000
othim11,erp,1,0,1,0.0015,33.00885329013237,0.45299720764160156,237501.0,33.001559389352444,0.8906631469726562,0.45374053716659546,237890.71875,0.020122528076171875,10550.0,0.00881195068359375,4620.0,0.01047515869140625,5492.0,0.0,0,0.47386306524276733,248440.71875,5000,1000
othim12,erp,1,0,1,0.0015,32.71662907531223,0.43606874346733093,228625.609375,32.70315095888528,0.8891114592552185,0.4365305006504059,228867.703125,0.020206451416015625,10594.0,0.008893966674804688,4663.0,0.0104827880859375,5496.0,0.0,0,0.4567369520664215,239461.703125,5000,1000
othim13,erp,1,0,1,0.0015,34.611221748534504,0.32180869579315186,168720.4375,34.59308544801056,0.9140558242797852,0.3223412334918976,168999.640625,0.019296646118164062,10117.0,0.008899688720703125,4666.0,0.009622573852539062,5045.0,0.0,0,0.34163787961006165,179116.640625,5000,1000
othim14,erp,1,0,1,0.0015,34.59271614693009,0.31407612562179565,164666.34375,34.54721747961923,0.9152334928512573,0.31470444798469543,164995.765625,0.019548416137695312,10249.0,0.0089263916015625,4680.0,0.009721755981445312,5097.0,0.0,0,0.33425286412239075,175244.765625,5000,1000
othim15,erp,1,0,1,0.0015,34.340500541811004,0.3243354558944702,170045.1875,34.314560893303884,0.9121498465538025,0.3246965706348419,170234.515625,0.019212722778320312,10073.0,0.008928298950195312,4681.0,0.009473800659179688,4967.0,0.0,0,0.34390929341316223,180307.515625,5000,1000
othim16,erp,1,0,1,0.0015,35.13551305371343,0.30221107602119446,158445.640625,35.09219642237584,0.9280030131340027,0.302753210067749,158729.875,0.019437789916992188,10191.0,0.009012222290039062,4725.0,0.009380340576171875,4918.0,0.0,0,0.3221909999847412,168920.875,5000,1000
othim17,erp,1,0,1,0.0015,35.13611146383669,0.29244357347488403,153324.65625,35.09546597726379,0.9280368089675903,0.2929629683494568,153596.96875,0.019357681274414062,10149.0,0.0088653564453125,4648.0,0.009552001953125,5008.0,0.0,0,0.31232064962387085,163745.96875,5000,1000
othim18,erp,1,0,1,0.0015,35.218137543147954,0.30142128467559814,158031.5625,35.19677719311363,0.9282995462417603,0.3019367456436157,158301.8125,0.020696640014648438,10851.0,0.008975982666015625,4706.0,0.010770797729492188,5647.0,0.0,0,0.32263338565826416,169152.8125,5000,1000
othim19,erp,1,0,1,0.0015,32.130559596593294,0.6592949032783508,345660.40625,32.12602722832671,0.9117971658706665,0.660093367099762,346079.03125,0.020862579345703125,10938.0,0.008844375610351562,4637.0,0.01108551025390625,5812.0,0.0,0,0.6809559464454651,357017.03125,5000,1000
othim20,erp,1,0,1,0.0015,32.0811752159643,0.6564706563949585,344179.6875,32.059525972569354,0.9082435369491577,0.6572080850601196,344566.3125,0.020330429077148438,10659.0,0.00893402099609375,4684.0,0.01081085205078125,5668.0,0.0,0,0.6775385141372681,355225.3125,5000,1000
othim21,erp,1,0,1,0.0015,32.133065646700786,0.6805603504180908,356809.625,32.12511536769498,0.9112051725387573,0.681544303894043,357325.5,0.020524978637695312,10761.0,0.0089874267578125,4712.0,0.01073455810546875,5628.0,0.0,0,0.7020692825317383,368086.5,5000,1000
othim22,erp,1,0,1,0.0015,34.28017132809504,0.3502359390258789,183624.5,34.27649149106206,0.9167882204055786,0.35155394673347473,184315.515625,0.02155303955078125,11300.0,0.008909225463867188,4671.0,0.0115966796875,6080.0,0.0,0,0.373106986284256,195615.515625,5000,1000
othim23,erp,1,0,1,0.0015,33.84244760885324,0.4102054834365845,215065.8125,33.822350929495435,0.9251031875610352,0.4114517271518707,215719.203125,0.020635604858398438,10819.0,0.008907318115234375,4670.0,0.010768890380859375,5646.0,0.0,0,0.43208733201026917,226538.203125,5000,1000
othim24,erp,1,0,1,0.0015,33.07583636156097,0.5650092363357544,296227.5625,33.05975319512872,0.9257115721702576,0.5659530162811279,296722.375,0.02034759521484375,10668.0,0.009073257446289062,4757.0,0.010457992553710938,5483.0,0.0,0,0.5863006114959717,307390.375,5000,1000
othim25,erp,1,0,1,0.0015,30.982132029847154,0.7196917533874512,377325.75,30.978834790123074,0.900801420211792,0.7208458185195923,377930.8125,0.021360397338867188,11199.0,0.008878707885742188,4655.0,0.011547088623046875,6054.0,0.0,0,0.7422062158584595,389129.8125,5000,1000
othim26,erp,1,0,1,0.0015,31.203766125762943,0.704642653465271,369435.6875,31.19332370560633,0.9023169279098511,0.7048795819282532,369559.90625,0.021335601806640625,11186.0,0.00989532470703125,5188.0,0.0105133056640625,5512.0,0.0,0,0.7262151837348938,380745.90625,5000,1000
othim27,erp,1,0,1,0.0015,31.34887933923369,0.6161038875579834,323015.875,31.337317232697185,0.8864395618438721,0.6175533533096313,323775.8125,0.019344329833984375,10142.0,0.007877349853515625,4130.0,0.010534286499023438,5523.0,0.0,0,0.6368976831436157,333917.8125,5000,1000
othim28,erp,1,0,1,0.0015,32.55285848148001,0.6363959908485413,333654.78125,32.54558324349163,0.922527551651001,0.6374384760856628,334201.34375,0.019336700439453125,10138.0,0.007959365844726562,4173.0,0.010589599609375,5552.0,0.0,0,0.656775176525116,344339.34375,5000,1000
othim29,erp,1,0,1,0.0015,32.73208146304457,0.58900386095047,308807.65625,32.716950057715366,0.9145716428756714,0.5897027254104614,309174.0625,0.019617080688476562,10285.0,0.008920669555664062,4677.0,0.009904861450195312,5193.0,0.0,0,0.609319806098938,319459.0625,5000,1000
othim30,erp,1,0,1,0.0015,32.394980463493845,0.6420270204544067,336607.0625,32.389762928809795,0.9202176332473755,0.6424908638000488,336850.25,0.020320892333984375,10654.0,0.00901031494140625,4724.0,0.010530471801757812,5521.0,0.0,0,0.6628117561340332,347504.25,5000,1000
othim01,erp,1,0,1,0.0025,31.89739734093405,0.30232083797454834,158503.1875,31.8845280279486,0.8804716467857361,0.3026171624660492,158658.546875,0.020452499389648438,10723.0,0.008975982666015625,4706.0,0.010747909545898438,5635.0,0.0,0,0.32306966185569763,169381.546875,5000,1000
othim02,erp,1,0,1,0.0025,31.883677125580192,0.3070906400680542,161003.9375,31.85529390900959,0.8780001997947693,0.3086347281932831,161813.484375,0.018558502197265625,9730.0,0.007963180541992188,4175.0,0.009771347045898438,5123.0,0.0,0,0.3271932303905487,171543.484375,5000,1000
othim03,erp,1,0,1,0.0025,31.753204686159965,0.3231275975704193,169411.921875,31.734449999581745,0.8739613890647888,0.32353344559669495,169624.703125,0.0202178955078125,10600.0,0.009975433349609375,5230.0,0.009313583374023438,4883.0,0.0,0,0.34375134110450745,180224.703125,5000,1000
othim04,erp,1,0,1,0.0025,29.65361850844322,0.6375528573989868,334261.3125,29.644486785613584,0.8763070106506348,0.638089656829834,334542.75,0.020496368408203125,10746.0,0.008941650390625,4688.0,0.0106201171875,5568.0,0.0,0,0.6585860252380371,345288.75,5000,1000
othim05,erp,1,0,1,0.0025,30.290758311879582,0.48618030548095703,254898.5,30.278194373988793,0.862970769405365,0.48734861612319946,255511.03125,0.019435882568359375,10190.0,0.00801849365234375,4204.0,0.010711669921875,5616.0,0.0,0,0.5067844986915588,265701.03125,5000,1000
othim06,erp,1,0,1,0.0025,30.382839263871734,0.49825519323349,261229.21875,30.360773895069027,0.866799533367157,0.4986623227596283,261442.671875,0.019430160522460938,10187.0,0.008920669555664062,4677.0,0.0095672607421875,5016.0,0.0,0,0.5180924832820892,271629.671875,5000,1000
othim07,erp,1,0,1,0.0025,33.35979445615205,0.2478404939174652,129939.796875,33.34738759028611,0.9115689992904663,0.24963164329528809,130878.875,0.019575119018554688,10263.0,0.007778167724609375,4078.0,0.010852813720703125,5690.0,0.0,0,0.2692067623138428,141141.875,5000,1000
othim08,erp,1,0,1,0.0025,33.49995050257376,0.2115674614906311,110922.28125,33.48505388338298,0.9107599258422852,0.21246092021465302,111390.7109375,0.020147323608398438,10563.0,0.008935928344726562,4685.0,0.010499954223632812,5505.0,0.0,0,0.23260824382305145,121953.7109375,5000,1000
othim09,erp,1,0,1,0.0025,33.30333848722247,0.23423540592193604,122806.8125,33.27876455819612,0.9084171652793884,0.23466365039348602,123031.3359375,0.019397735595703125,10170.0,0.00891876220703125,4676.0,0.009654998779296875,5062.0,0.0,0,0.25406138598918915,133201.3359375,5000,1000
othim10,erp,1,0,1,0.0025,31.7592174584699,0.261006236076355,136842.4375,31.749104763594804,0.8508948683738708,0.2628440856933594,137806.0,0.019397735595703125,10170.0,0.007844924926757812,4113.0,0.01061248779296875,5564.0,0.0,0,0.2822418212890625,147976.0,5000,1000
othim11,erp,1,0,1,0.0025,31.45433920020658,0.3031698763370514,158948.328125,31.44787910502784,0.8536290526390076,0.3035873770713806,159167.21875,0.02040863037109375,10700.0,0.009067535400390625,4754.0,0.010412216186523438,5459.0,0.0,0,0.32399600744247437,169867.21875,5000,1000
othim12,erp,1,0,1,0.0025,31.09343821833905,0.3092159330844879,162118.203125,31.087530505371035,0.8503316640853882,0.30959415435791016,162316.5,0.020641326904296875,10822.0,0.008993148803710938,4715.0,0.010700225830078125,5610.0,0.0,0,0.33023548126220703,173138.5,5000,1000
othim13,erp,1,0,1,0.0025,33.082824210677906,0.25956422090530396,136086.40625,33.070941559221325,0.8965217471122742,0.2604970932006836,136575.5,0.019201278686523438,10067.0,0.007961273193359375,4174.0,0.0103912353515625,5448.0,0.0,0,0.27969837188720703,146642.5,5000,1000
othim14,erp,1,0,1,0.0025,33.12026395844038,0.2413185089826584,126520.3984375,33.094562435964804,0.8980717658996582,0.24243277311325073,127104.59375,0.0182037353515625,9544.0,0.007875442504882812,4129.0,0.009515762329101562,4989.0,0.0,0,0.26063650846481323,136648.59375,5000,1000
othim15,erp,1,0,1,0.0025,33.11142974927306,0.24654513597488403,129260.65625,33.088456025824414,0.8972581624984741,0.2480262964963913,130037.2109375,0.0181427001953125,9512.0,0.00763702392578125,4004.0,0.00972747802734375,5100.0,0.0,0,0.2661689966917038,139549.2109375,5000,1000
othim16,erp,1,0,1,0.0025,33.62075833084152,0.21587815880775452,113182.328125,33.61356158908492,0.9110784530639648,0.21679392457008362,113662.453125,0.019557952880859375,10254.0,0.0078887939453125,4136.0,0.01073455810546875,5628.0,0.0,0,0.236351877450943,123916.453125,5000,1000
othim17,erp,1,0,1,0.0025,33.539052814233095,0.23450231552124023,122946.75,33.46636998350109,0.9097477793693542,0.2360163927078247,123740.5625,0.018367767333984375,9630.0,0.008001327514648438,4195.0,0.009542465209960938,5003.0,0.0,0,0.2543841600418091,133370.5625,5000,1000
othim18,erp,1,0,1,0.0025,33.70255054776038,0.2128911167383194,111616.2578125,33.67244677067547,0.9103586077690125,0.2132262885570526,111791.984375,0.019664764404296875,10310.0,0.008960723876953125,4698.0,0.009769439697265625,5122.0,0.0,0,0.2328910529613495,122101.984375,5000,1000
othim19,erp,1,0,1,0.0025,30.37807053918795,0.4778321087360382,250521.640625,30.370675625525468,0.876505970954895,0.4787403345108032,250997.8125,0.021610260009765625,11330.0,0.0089569091796875,4696.0,0.011716842651367188,6143.0,0.0,0,0.5003505945205688,262327.8125,5000,1000
othim20,erp,1,0,1,0.0025,30.366367550322277,0.48747044801712036,255574.90625,30.330644296917324,0.8732484579086304,0.4877645969390869,255729.125,0.018411636352539062,9653.0,0.008985519409179688,4711.0,0.008708953857421875,4566.0,0.0,0,0.506176233291626,265382.125,5000,1000
othim21,erp,1,0,1,0.0025,30.317864791014355,0.494179368019104,259092.3125,30.297624053627583,0.8752467036247253,0.49589651823043823,259992.59375,0.018529891967773438,9715.0,0.007904052734375,4144.0,0.009784698486328125,5130.0,0.0,0,0.5144264101982117,269707.59375,5000,1000
othim22,erp,1,0,1,0.0025,32.97311148421295,0.2570606470108032,134773.8125,32.94002385302945,0.8991316556930542,0.25758951902389526,135051.09375,0.0196075439453125,10280.0,0.008993148803710938,4715.0,0.009801864624023438,5139.0,0.0,0,0.27719706296920776,145331.09375,5000,1000
othim23,erp,1,0,1,0.0025,32.05710037257202,0.2896113991737366,151839.78125,32.04431313103082,0.8974010944366455,0.29084569215774536,152486.90625,0.020555496215820312,10777.0,0.008836746215820312,4633.0,0.010755538940429688,5639.0,0.0,0,0.3114011883735657,163263.90625,5000,1000
othim24,erp,1,0,1,0.0025,31.409597990038268,0.38848310708999634,203677.03125,31.388355365972405,0.9020900130271912,0.3892664909362793,204087.75,0.020215988159179688,10599.0,0.00899505615234375,4716.0,0.010524749755859375,5518.0,0.0,0,0.409482479095459,214686.75,5000,1000
othim25,erp,1,0,1,0.0025,29.70012031413097,0.548831045627594,287745.53125,29.694664757562226,0.8718356490135193,0.5494129657745361,288050.625,0.020538330078125,10768.0,0.008790969848632812,4609.0,0.010812759399414062,5669.0,0.0,0,0.5699512958526611,298818.625,5000,1000
othim26,erp,1,0,1,0.0025,29.72471531004641,0.5476082563400269,287104.4375,29.718036555351222,0.8742759227752686,0.5485221147537231,287583.5625,0.02033233642578125,10660.0,0.008760452270507812,4593.0,0.010736465454101562,5629.0,0.0,0,0.5688544511795044,298243.5625,5000,1000
othim27,erp,1,0,1,0.0025,29.958335727318357,0.44459402561187744,233095.3125,29.95069705637844,0.8561827540397644,0.4450916647911072,233356.21875,0.020570755004882812,10785.0,0.008937835693359375,4686.0,0.010801315307617188,5663.0,0.0,0,0.46566241979599,244141.21875,5000,1000
othim28,erp,1,0,1,0.0025,30.648035855994426,0.46844184398651123,245598.4375,30.6362797537307,0.8910754919052124,0.4687172472476959,245742.828125,0.020483016967773438,10739.0,0.00897979736328125,4708.0,0.010713577270507812,5617.0,0.0,0,0.48920026421546936,256481.828125,5000,1000
othim29,erp,1,0,1,0.0025,30.89512747770182,0.4280722439289093,224433.140625,30.88493213296231,0.8845414519309998,0.42997556924819946,225431.03125,0.01953125,10240.0,0.007877349853515625,4130.0,0.010860443115234375,5694.0,0.0,0,0.44950681924819946,235671.03125,5000,1000
othim30,erp,1,0,1,0.0025,30.6805286688115,0.47002682089805603,246429.421875,30.67502006192586,0.8928138017654419,0.4718431830406189,247381.71875,0.019502639770507812,10225.0,0.007947921752929688,4167.0,0.010770797729492188,5647.0,0.0,0,0.4913458228111267,257606.71875,5000,1000
othim01,erp,1,1,1,0.0015,33.39689714157611,0.4345719814300537,227840.875,33.37413769472514,0.9039673805236816,0.4364073872566223,228803.15625,0.01982879638671875,10396.0,0.007837295532226562,4109.0,0.01119232177734375,5868.0,0.0,0,0.45623618364334106,239199.15625,5000,1000
othim02,erp,1,1,1,0.0015,33.36185182347735,0.417874276638031,219086.46875,33.337715334165296,0.903782069683075,0.418526291847229,219428.3125,0.0210113525390625,11016.0,0.008977890014648438,4707.0,0.011112213134765625,5826.0,0.0,0,0.4395376443862915,230444.3125,5000,1000
othim03,erp,1,1,1,0.0015,33.42369982510899,0.4182398319244385,219278.125,33.397503049668046,0.9042563438415527,0.41847777366638184,219402.875,0.022016525268554688,11543.0,0.01000213623046875,5244.0,0.01108551025390625,5812.0,0.0,0,0.4404942989349365,230945.875,5000,1000
othim04,erp,1,1,1,0.0015,31.426301834967543,0.8527179956436157,447069.8125,31.420335081649743,0.915019154548645,0.8533902168273926,447422.25,0.022230148315429688,11655.0,0.008792877197265625,4610.0,0.012414932250976562,6509.0,0.0,0,0.8756203651428223,459077.25,5000,1000
othim05,erp,1,1,1,0.0015,32.22625060584281,0.7087046504020691,371565.34375,32.2223077133278,0.907821536064148,0.7096789479255676,372076.15625,0.02339935302734375,12268.0,0.008852005004882812,4641.0,0.013721466064453125,7194.0,0.0,0,0.7330783009529114,384344.15625,5000,1000
othim06,erp,1,1,1,0.0015,32.11583450638371,0.67133629322052,351973.5625,32.10712289250326,0.9041495323181152,0.6723909974098206,352526.53125,0.022275924682617188,11679.0,0.00897979736328125,4708.0,0.012361526489257812,6481.0,0.0,0,0.6946669220924377,364205.53125,5000,1000
othim07,erp,1,1,1,0.0015,34.64749788626379,0.34089380502700806,178726.53125,34.63103676642345,0.9265722036361694,0.34129536151885986,178937.0625,0.022600173950195312,11849.0,0.0098114013671875,5144.0,0.011852264404296875,6214.0,0.0,0,0.3638955354690552,190786.0625,5000,1000
othim08,erp,1,1,1,0.0015,34.96142686450074,0.2916964292526245,152932.9375,34.94784683506011,0.9280728697776794,0.2920067608356476,153095.640625,0.022230148315429688,11655.0,0.008953094482421875,4694.0,0.012331008911132812,6465.0,0.0,0,0.31423690915107727,164750.640625,5000,1000
othim09,erp,1,1,1,0.0015,34.82787956745201,0.31839442253112793,166930.375,34.79738060349036,0.9265428781509399,0.318752259016037,167117.984375,0.022783279418945312,11945.0,0.008960723876953125,4698.0,0.01276397705078125,6692.0,0.0,0,0.3415355384349823,179062.984375,5000,1000
othim10,erp,1,1,1,0.0015,33.109985889360225,0.3741781711578369,196177.125,33.10140414064815,0.8834845423698425,0.3753320574760437,196782.09375,0.022050857543945312,11561.0,0.008998870849609375,4718.0,0.012216567993164062,6405.0,0.0,0,0.397382915019989,208343.09375,5000,1000
othim11,erp,1,1,1,0.0015,32.89583953269689,0.40756940841674805,213683.75,32.867853139606204,0.8877880573272705,0.40858668088912964,214217.09375,0.021148681640625,11088.0,0.009031295776367188,4735.0,0.011194229125976562,5869.0,0.0,0,0.42973536252975464,225305.09375,5000,1000
othim12,erp,1,1,1,0.0015,32.722899632259626,0.4535406827926636,237785.9375,32.71075398699674,0.8894369602203369,0.4546835422515869,238385.125,0.020837783813476562,10925.0,0.0077838897705078125,4081.0,0.012254714965820312,6425.0,0.0,0,0.4755213260650635,249310.125,5000,1000
othim13,erp,1,1,1,0.0015,34.43219062710113,0.3274209499359131,171662.875,34.42446823963588,0.9124870300292969,0.32775062322616577,171835.71875,0.023418426513671875,12278.0,0.009857177734375,5168.0,0.01263427734375,6624.0,0.0,0,0.35116904973983765,184113.71875,5000,1000
othim14,erp,1,1,1,0.0015,34.60477577526568,0.3246832489967346,170227.53125,34.592029063067535,0.9138531684875488,0.32501092553138733,170399.328125,0.02202606201171875,11548.0,0.008882522583007812,4657.0,0.01220703125,6400.0,0.0,0,0.3470369875431061,181947.328125,5000,1000
othim15,erp,1,1,1,0.0015,34.37819252987907,0.3333507776260376,174771.8125,34.360391965130965,0.9121079444885254,0.3339718282222748,175097.421875,0.021205902099609375,11118.0,0.009069442749023438,4755.0,0.011199951171875,5872.0,0.0,0,0.35517773032188416,186215.421875,5000,1000
othim16,erp,1,1,1,0.0015,35.26121661130712,0.2950785160064697,154706.125,35.24692237076368,0.9288747310638428,0.2954905033111572,154922.125,0.02252197265625,11808.0,0.008993148803710938,4715.0,0.012735366821289062,6677.0,0.0,0,0.3180124759674072,166730.125,5000,1000
othim17,erp,1,1,1,0.0015,35.1415369437747,0.31077438592910767,162935.28125,35.109517412293236,0.92772376537323,0.3111475110054016,163130.90625,0.021381378173828125,11210.0,0.0099029541015625,5192.0,0.0106658935546875,5592.0,0.0,0,0.33252888917922974,174340.90625,5000,1000
othim18,erp,1,1,1,0.0015,35.24964523971798,0.29003578424453735,152062.28125,35.225203916209786,0.928329586982727,0.29073435068130493,152428.53125,0.020969390869140625,10994.0,0.009033203125,4736.0,0.010988235473632812,5761.0,0.0,0,0.31170374155044556,163422.53125,5000,1000
othim19,erp,1,1,1,0.0015,32.110221221533585,0.6553789377212524,343607.3125,32.10487889437888,0.9114047884941101,0.6559534072875977,343908.5,0.022199630737304688,11639.0,0.008874893188476562,4653.0,0.01251220703125,6560.0,0.0,0,0.6781530380249023,355547.5,5000,1000
othim20,erp,1,1,1,0.0015,32.05830689644541,0.6539880633354187,342878.09375,32.05572913402485,0.9097170233726501,0.6545282006263733,343161.28125,0.02371978759765625,12436.0,0.008884429931640625,4658.0,0.013788223266601562,7229.0,0.0,0,0.6782479882240295,355597.28125,5000,1000
othim21,erp,1,1,1,0.0015,31.98777627418202,0.6833276152610779,358260.46875,31.977127964977626,0.9097015261650085,0.6849671006202698,359120.03125,0.021272659301757812,11153.0,0.007862091064453125,4122.0,0.0124969482421875,6552.0,0.0,0,0.7062397599220276,370273.03125,5000,1000
othim22,erp,1,1,1,0.0015,34.302738978571405,0.33502405881881714,175649.09375,34.28080507987798,0.9141891002655029,0.33551427721977234,175906.109375,0.022174835205078125,11626.0,0.009035110473632812,4737.0,0.012332916259765625,6466.0,0.0,0,0.35768911242485046,187532.109375,5000,1000
othim23,erp,1,1,1,0.0015,33.79097389157453,0.40648892521858215,213117.265625,33.77196869793636,0.9234442710876465,0.40774863958358765,213777.71875,0.022426605224609375,11758.0,0.008939743041992188,4687.0,0.012531280517578125,6570.0,0.0,0,0.430175244808197,225535.71875,5000,1000
othim24,erp,1,1,1,0.0015,33.17492937776337,0.5404220223426819,283336.78125,33.169983088594165,0.9264364242553711,0.5413880348205566,283843.25,0.023714065551757812,12433.0,0.0090484619140625,4744.0,0.0136260986328125,7144.0,0.0,0,0.5651021003723145,296276.25,5000,1000
othim25,erp,1,1,1,0.0015,31.266721932597537,0.7104644775390625,372488.0,31.26239098236356,0.9028735160827637,0.7111979126930237,372872.53125,0.024005889892578125,12586.0,0.0089111328125,4672.0,0.014190673828125,7440.0,0.0,0,0.7352038025856018,385458.53125,5000,1000
othim26,erp,1,1,1,0.0015,31.205613928822146,0.699820339679718,366907.40625,31.192355918236462,0.9018545150756836,0.7000998258590698,367053.9375,0.023097991943359375,12110.0,0.010028839111328125,5258.0,0.01227569580078125,6436.0,0.0,0,0.7231978178024292,379163.9375,5000,1000
othim27,erp,1,1,1,0.0015,31.349577636831583,0.6015229225158691,315371.25,31.341085101692016,0.8879398703575134,0.6025351285934448,315901.9375,0.02213287353515625,11604.0,0.00868988037109375,4556.0,0.012388229370117188,6495.0,0.0,0,0.6246680021286011,327505.9375,5000,1000
othim28,erp,1,1,1,0.0015,32.56719874956716,0.6315320730209351,331104.6875,32.55865978305357,0.9221388697624207,0.6329966187477112,331872.53125,0.021251678466796875,11142.0,0.007781982421875,4080.0,0.012441635131835938,6523.0,0.0,0,0.6542482972145081,343014.53125,5000,1000
othim29,erp,1,1,1,0.0015,32.76049261613761,0.5832316875457764,305781.375,32.7373454491883,0.9152218699455261,0.5837938785552979,306076.125,0.020809173583984375,10910.0,0.008787155151367188,4607.0,0.011251449584960938,5899.0,0.0,0,0.6046030521392822,316986.125,5000,1000
othim30,erp,1,1,1,0.0015,32.530855138732115,0.6518659591674805,341765.5,32.52115388845194,0.921903133392334,0.6529624462127686,342340.375,0.022035598754882812,11553.0,0.00885009765625,4640.0,0.012384414672851562,6493.0,0.0,0,0.6749980449676514,353893.375,5000,1000
othim01,erp,1,1,1,0.0025,31.938309435186074,0.30702000856399536,160966.90625,31.91317014384087,0.8795832395553589,0.30777788162231445,161364.25,0.02214813232421875,11612.0,0.008892059326171875,4662.0,0.012426376342773438,6515.0,0.0,0,0.3299260139465332,172976.25,5000,1000
othim02,erp,1,1,1,0.0025,31.803349166719034,0.3157970607280731,165568.609375,31.795259806170737,0.8775224685668945,0.3163326382637024,165849.40625,0.0225830078125,11840.0,0.008893966674804688,4663.0,0.012884140014648438,6755.0,0.0,0,0.3389156460762024,177689.40625,5000,1000
othim03,erp,1,1,1,0.0025,31.866147457664578,0.31770390272140503,166568.34375,31.85876259256936,0.8770370483398438,0.3183966875076294,166931.5625,0.022180557250976562,11629.0,0.009035110473632812,4737.0,0.012208938598632812,6401.0,0.0,0,0.34057724475860596,178560.5625,5000,1000
othim04,erp,1,1,1,0.0025,29.55294365074263,0.6294620037078857,330019.375,29.542259165216034,0.8738187551498413,0.6308697462081909,330757.4375,0.020128250122070312,10553.0,0.007913589477539062,4149.0,0.011156082153320312,5849.0,0.0,0,0.6509979963302612,341310.4375,5000,1000
othim05,erp,1,1,1,0.0025,30.23419828150146,0.5056213140487671,265091.1875,30.227009394959833,0.8641671538352966,0.5066192150115967,265614.375,0.021221160888671875,11126.0,0.008052825927734375,4222.0,0.012090682983398438,6339.0,0.0,0,0.5278403759002686,276740.375,5000,1000
othim06,erp,1,1,1,0.0025,30.265998030846813,0.5049551725387573,264741.9375,30.26125644610632,0.8660873770713806,0.5060446262359619,265313.125,0.022434234619140625,11762.0,0.008966445922851562,4701.0,0.012407302856445312,6505.0,0.0,0,0.5284788608551025,277075.125,5000,1000
othim07,erp,1,1,1,0.0025,33.260680131943154,0.2488548308610916,130471.6015625,33.248525858449284,0.9117164015769958,0.24933573603630066,130723.734375,0.021894454956054688,11479.0,0.00875091552734375,4588.0,0.012189865112304688,6391.0,0.0,0,0.27123019099235535,142202.734375,5000,1000
othim08,erp,1,1,1,0.0025,33.50590840680094,0.2172921746969223,113923.6796875,33.46326787872368,0.9111410975456238,0.21872565150260925,114675.234375,0.019948959350585938,10459.0,0.007928848266601562,4157.0,0.011188507080078125,5866.0,0.0,0,0.2386746108531952,125134.234375,5000,1000
othim09,erp,1,1,1,0.0025,33.250474266690524,0.2418234795331955,126785.1484375,33.20015433373808,0.9067461490631104,0.24237538874149323,127074.5078125,0.021387100219726562,11213.0,0.008907318115234375,4670.0,0.0116424560546875,6104.0,0.0,0,0.2637624889612198,138287.5078125,5000,1000
othim10,erp,1,1,1,0.0025,31.65497991765291,0.2623347043991089,137538.9375,31.64525276221866,0.8478374481201172,0.262981116771698,137877.84375,0.022054672241210938,11563.0,0.008844375610351562,4637.0,0.012250900268554688,6423.0,0.0,0,0.28503578901290894,149440.84375,5000,1000
othim11,erp,1,1,1,0.0025,31.352752619616705,0.28113096952438354,147393.59375,31.294683537899573,0.849014163017273,0.2813988924026489,147534.0625,0.021087646484375,11056.0,0.010046005249023438,5267.0,0.010091781616210938,5291.0,0.0,0,0.3024865388870239,158590.0625,5000,1000
othim12,erp,1,1,1,0.0025,31.027301521399078,0.3073534667491913,161141.734375,31.018012528217877,0.8490259051322937,0.3078365921974182,161395.03125,0.022190093994140625,11634.0,0.008945465087890625,4690.0,0.012416839599609375,6510.0,0.0,0,0.33002668619155884,173029.03125,5000,1000
othim13,erp,1,1,1,0.0025,33.159081375560476,0.24607418477535248,129013.7421875,33.13811435385043,0.898064374923706,0.24646133184432983,129216.71875,0.021051406860351562,11037.0,0.00884246826171875,4636.0,0.011377334594726562,5965.0,0.0,0,0.2675127387046814,140253.71875,5000,1000
othim14,erp,1,1,1,0.0025,33.120936571363636,0.2436862587928772,127761.78125,33.093500658456215,0.8977822661399841,0.24513456225395203,128521.109375,0.020252227783203125,10618.0,0.007938385009765625,4162.0,0.011371612548828125,5962.0,0.0,0,0.26538679003715515,139139.109375,5000,1000
othim15,erp,1,1,1,0.0025,33.121267975748374,0.24032314121723175,125998.5390625,33.096565071914895,0.8982460498809814,0.2408023178577423,126249.765625,0.022260665893554688,11671.0,0.009012222290039062,4725.0,0.012681961059570312,6649.0,0.0,0,0.263062983751297,137920.765625,5000,1000
othim16,erp,1,1,1,0.0025,33.66553671476667,0.2227734625339508,116797.453125,33.65253130813853,0.9102534651756287,0.22323116660118103,117037.421875,0.022405624389648438,11747.0,0.009008407592773438,4723.0,0.012571334838867188,6591.0,0.0,0,0.24563679099082947,128784.421875,5000,1000
othim17,erp,1,1,1,0.0025,33.529308268966986,0.2199222892522812,115302.6171875,33.52177346361362,0.9090856313705444,0.22021666169166565,115456.953125,0.022703170776367188,11903.0,0.009027481079101562,4733.0,0.012601852416992188,6607.0,0.0,0,0.24291983246803284,127359.953125,5000,1000
othim18,erp,1,1,1,0.0025,33.62569998644738,0.21223771572113037,111273.6875,33.60570644155877,0.9095126986503601,0.2125522792339325,111438.609375,0.022123336791992188,11599.0,0.008886337280273438,4659.0,0.012422561645507812,6513.0,0.0,0,0.23467561602592468,123037.609375,5000,1000
othim19,erp,1,1,1,0.0025,30.385316882780973,0.4892368018627167,256500.984375,30.366096336046567,0.8771176338195801,0.48952344059944153,256651.265625,0.021406173706054688,11223.0,0.008886337280273438,4659.0,0.011579513549804688,6071.0,0.0,0,0.5109296143054962,267874.265625,5000,1000
othim20,erp,1,1,1,0.0025,30.358174736991117,0.47792208194732666,250568.8125,30.353304276279697,0.8728780150413513,0.47858917713165283,250918.5625,0.022348403930664062,11717.0,0.008871078491210938,4651.0,0.012540817260742188,6575.0,0.0,0,0.5009375810623169,262635.5625,5000,1000
othim21,erp,1,1,1,0.0025,30.246585086156188,0.5145084857940674,269750.625,30.231161913089974,0.875028133392334,0.5153744220733643,270204.625,0.021348953247070312,11193.0,0.009088516235351562,4765.0,0.0113067626953125,5928.0,0.0,0,0.5367233753204346,281397.625,5000,1000
othim22,erp,1,1,1,0.0025,32.94668183283908,0.2660375237464905,139480.28125,32.929409586028264,0.8975569009780884,0.2680903375148773,140556.546875,0.021276473999023438,11155.0,0.007846832275390625,4114.0,0.012514114379882812,6561.0,0.0,0,0.28936681151390076,151711.546875,5000,1000
othim23,erp,1,1,1,0.0025,32.1031083323634,0.29701969027519226,155723.859375,32.08500547842848,0.8983401656150818,0.2980578541755676,156268.15625,0.022073745727539062,11573.0,0.008920669555664062,4677.0,0.012298583984375,6448.0,0.0,0,0.3201315999031067,167841.15625,5000,1000
othim24,erp,1,1,1,0.0025,31.33930178449384,0.3897087872028351,204319.640625,31.335051322688816,0.9017008543014526,0.3900265395641327,204486.234375,0.023494720458984375,12318.0,0.009008407592773438,4723.0,0.013685226440429688,7175.0,0.0,0,0.41352126002311707,216804.234375,5000,1000
othim25,erp,1,1,1,0.0025,29.701991774737518,0.5291059613227844,277403.90625,29.692527024614936,0.8737694025039673,0.5295351147651672,277628.90625,0.021871566772460938,11467.0,0.0086212158203125,4520.0,0.012317657470703125,6458.0,0.0,0,0.5514066815376282,289095.90625,5000,1000
othim26,erp,1,1,1,0.0025,29.742844157226685,0.543689489364624,285049.875,29.737369337349747,0.8735544681549072,0.5440130233764648,285219.5,0.022380828857421875,11734.0,0.009031295776367188,4735.0,0.012531280517578125,6570.0,0.0,0,0.5663938522338867,296953.5,5000,1000
othim27,erp,1,1,1,0.0025,30.06383105489419,0.4552752673625946,238695.359375,30.04060521007285,0.8578393459320068,0.45724013447761536,239725.515625,0.019773483276367188,10367.0,0.007844924926757812,4113.0,0.010990142822265625,5762.0,0.0,0,0.47701361775398254,250092.515625,5000,1000
othim28,erp,1,1,1,0.0025,30.619234240061612,0.4666767120361328,244673.0,30.605899824250532,0.8906084895133972,0.46715718507766724,244924.90625,0.02081298828125,10912.0,0.009073257446289062,4757.0,0.01094818115234375,5740.0,0.0,0,0.48797017335891724,255836.90625,5000,1000
othim29,erp,1,1,1,0.0025,30.943743860132727,0.43288469314575195,226956.25,30.926666491430677,0.8839963674545288,0.43377622961997986,227423.671875,0.021001815795898438,11011.0,0.0089874267578125,4712.0,0.011096954345703125,5818.0,0.0,0,0.4547780454158783,238434.671875,5000,1000
othim30,erp,1,1,1,0.0025,30.58149081837439,0.4738529920578003,248435.4375,30.577029671589525,0.8898188471794128,0.47445034980773926,248748.625,0.021114349365234375,11070.0,0.007928848266601562,4157.0,0.012388229370117188,6495.0,0.0,0,0.49556469917297363,259818.625,5000,1000
