seed 1
Namespace(batch_size=1, lr=0.01, data='../data', sparsity=0.0, local_upsampling_kernel_size=8, upsampling_kernel_size=8, static_upsampling_kernel=False, latent_factor=1, mod_base=7, highest_flag=1, context_arm=16, dim_arm_mod=16, use_candidate=True, type='other', mod_hid_layer=0, sythesis_features=12, hidden_features=64, hidden_layer=2, scale=1, lambda_rate=0.00406, lambda_rate_list=[0.00406, 0.00208, 0.0001], start_index=0, mask_type='full', wsmse_tag=1, swhdc_tag=0, swhdc_dilations=[1, 2, 3, 4], erp_upsampling=0, erp_phi_ref=30.0, workdir='./experiments/02', train_steps_1=1000, train_steps_2=1000, patch_h=512, patch_w=1024, all_pix_num=524288, eval_pix_num=524288)
Directory './saved/modbase_7/context_16_arm_mod_16' already exists.
Directory './saved/modbase_7/context_16_arm_mod_16/sparity_0.0' already exists.
top %: 0.0

🔁 Stage-1 Training Candidate 1/7
Quantizer parameter: encoding gain  16
total pixel: 524288
Get Mod with shape torch.Size([1, 1, 8, 16]) at layer: 1
Get Mod with shape torch.Size([1, 1, 16, 32]) at layer: 2
Get Mod with shape torch.Size([1, 1, 32, 64]) at layer: 3
Get Mod with shape torch.Size([1, 1, 64, 128]) at layer: 4
Get Mod with shape torch.Size([1, 1, 128, 256]) at layer: 5
Get Mod with shape torch.Size([1, 1, 256, 512]) at layer: 6
Get Mod with shape torch.Size([1, 1, 512, 1024]) at layer: 7
start temperature: 0.3 noise parameter: 2.0
end temperature: 0.3 noise parameter: 2.0
********************Start from stage I
/home/diego/Desktop/moric360-again/models/candidate_train.py:172: UserWarning: Converting a tensor with requires_grad=True to a scalar may lead to unexpected behavior.
Consider using tensor.detach() first. (Triggered internally at /pytorch/torch/csrc/autograd/generated/python_variable_methods.cpp:838.)
  "Step %d, BEST PSNR: %0.6f, Total loss %0.6f"
Step 400, BEST PSNR: 27.555454, Total loss 0.002824 with its rate 0.2607039213180542 latent_bits 136683.9375

🔁 Stage-1 Training Candidate 2/7
Quantizer parameter: encoding gain  16
total pixel: 524288
Get Mod with shape torch.Size([1, 1, 8, 16]) at layer: 1
Get Mod with shape torch.Size([1, 1, 16, 32]) at layer: 2
Get Mod with shape torch.Size([1, 1, 32, 64]) at layer: 3
Get Mod with shape torch.Size([1, 1, 64, 128]) at layer: 4
Get Mod with shape torch.Size([1, 1, 128, 256]) at layer: 5
Get Mod with shape torch.Size([1, 1, 256, 512]) at layer: 6
Get Mod with shape torch.Size([1, 1, 512, 1024]) at layer: 7
start temperature: 0.3 noise parameter: 2.0
end temperature: 0.3 noise parameter: 2.0
********************Start from stage I
Step 400, BEST PSNR: 28.362398, Total loss 0.002656 with its rate 0.29313570261001587 latent_bits 153687.53125

🔁 Stage-1 Training Candidate 3/7
Quantizer parameter: encoding gain  16
total pixel: 524288
Get Mod with shape torch.Size([1, 1, 8, 16]) at layer: 1
Get Mod with shape torch.Size([1, 1, 16, 32]) at layer: 2
Get Mod with shape torch.Size([1, 1, 32, 64]) at layer: 3
Get Mod with shape torch.Size([1, 1, 64, 128]) at layer: 4
Get Mod with shape torch.Size([1, 1, 128, 256]) at layer: 5
Get Mod with shape torch.Size([1, 1, 256, 512]) at layer: 6
Get Mod with shape torch.Size([1, 1, 512, 1024]) at layer: 7
start temperature: 0.3 noise parameter: 2.0
end temperature: 0.3 noise parameter: 2.0
********************Start from stage I
Step 400, BEST PSNR: 28.312203, Total loss 0.002691 with its rate 0.2975173592567444 latent_bits 155984.78125

🔁 Stage-1 Training Candidate 4/7
Quantizer parameter: encoding gain  16
total pixel: 524288
Get Mod with shape torch.Size([1, 1, 8, 16]) at layer: 1
Get Mod with shape torch.Size([1, 1, 16, 32]) at layer: 2
Get Mod with shape torch.Size([1, 1, 32, 64]) at layer: 3
Get Mod with shape torch.Size([1, 1, 64, 128]) at layer: 4
Get Mod with shape torch.Size([1, 1, 128, 256]) at layer: 5
Get Mod with shape torch.Size([1, 1, 256, 512]) at layer: 6
Get Mod with shape torch.Size([1, 1, 512, 1024]) at layer: 7
start temperature: 0.3 noise parameter: 2.0
end temperature: 0.3 noise parameter: 2.0
********************Start from stage I
Step 400, BEST PSNR: 27.935816, Total loss 0.002834 with its rate 0.29973286390304565 latent_bits 157146.34375

🔁 Stage-1 Training Candidate 5/7
Quantizer parameter: encoding gain  16
total pixel: 524288
Get Mod with shape torch.Size([1, 1, 8, 16]) at layer: 1
Get Mod with shape torch.Size([1, 1, 16, 32]) at layer: 2
Get Mod with shape torch.Size([1, 1, 32, 64]) at layer: 3
Get Mod with shape torch.Size([1, 1, 64, 128]) at layer: 4
Get Mod with shape torch.Size([1, 1, 128, 256]) at layer: 5
Get Mod with shape torch.Size([1, 1, 256, 512]) at layer: 6
Get Mod with shape torch.Size([1, 1, 512, 1024]) at layer: 7
start temperature: 0.3 noise parameter: 2.0
end temperature: 0.3 noise parameter: 2.0
********************Start from stage I
Step 400, BEST PSNR: 27.605568, Total loss 0.003005 with its rate 0.3069549798965454 latent_bits 160932.8125

🔁 Stage-1 Training Candidate 6/7
Quantizer parameter: encoding gain  16
total pixel: 524288
Get Mod with shape torch.Size([1, 1, 8, 16]) at layer: 1
Get Mod with shape torch.Size([1, 1, 16, 32]) at layer: 2
Get Mod with shape torch.Size([1, 1, 32, 64]) at layer: 3
Get Mod with shape torch.Size([1, 1, 64, 128]) at layer: 4
Get Mod with shape torch.Size([1, 1, 128, 256]) at layer: 5
Get Mod with shape torch.Size([1, 1, 256, 512]) at layer: 6
Get Mod with shape torch.Size([1, 1, 512, 1024]) at layer: 7
start temperature: 0.3 noise parameter: 2.0
end temperature: 0.3 noise parameter: 2.0
********************Start from stage I
Step 400, BEST PSNR: 27.427808, Total loss 0.003076 with its rate 0.3074237108230591 latent_bits 161178.5625

🔁 Stage-1 Training Candidate 7/7
Quantizer parameter: encoding gain  16
total pixel: 524288
Get Mod with shape torch.Size([1, 1, 8, 16]) at layer: 1
Get Mod with shape torch.Size([1, 1, 16, 32]) at layer: 2
Get Mod with shape torch.Size([1, 1, 32, 64]) at layer: 3
Get Mod with shape torch.Size([1, 1, 64, 128]) at layer: 4
Get Mod with shape torch.Size([1, 1, 128, 256]) at layer: 5
Get Mod with shape torch.Size([1, 1, 256, 512]) at layer: 6
Get Mod with shape torch.Size([1, 1, 512, 1024]) at layer: 7
start temperature: 0.3 noise parameter: 2.0
end temperature: 0.3 noise parameter: 2.0
********************Start from stage I
Step 400, BEST PSNR: 27.318224, Total loss 0.003068 with its rate 0.29156798124313354 latent_bits 152865.59375

🌟 Selected Top-3 Candidates by RD cost

🎯 Stage-2 Refining Candidate 1/3
start temperature: 0.3 noise parameter: 2.0
end temperature: 0.3 noise parameter: 2.0
********************Start from stage I
Step 400, BEST PSNR: 29.013279, Total loss 0.002591 with its rate 0.3274582028388977 latent_bits 171682.40625

🎯 Stage-2 Refining Candidate 2/3
start temperature: 0.3 noise parameter: 2.0
end temperature: 0.3 noise parameter: 2.0
********************Start from stage I
Step 400, BEST PSNR: 29.136687, Total loss 0.002527 with its rate 0.32003670930862427 latent_bits 167791.40625

🎯 Stage-2 Refining Candidate 3/3
start temperature: 0.3 noise parameter: 2.0
end temperature: 0.3 noise parameter: 2.0
********************Start from stage I
Step 400, BEST PSNR: 28.604567, Total loss 0.002616 with its rate 0.3035033941268921 latent_bits 159123.1875

🏆 Best Candidate Final PSNR: 29.14, Rate: 0.3200
Masked_INR(
  (upsampling_2d): Upsampling(
    (conv_transpose2d): UpsamplingConvTranspose2d()
  )
  (arm): Arm(
    (mlp): Sequential(
      (0): ArmConv(
        (conv1_1): Conv1d(16, 16, kernel_size=(1,), stride=(1,))
      )
      (1): GELU(approximate='none')
      (2): ArmConv(
        (conv1_1): Conv1d(16, 16, kernel_size=(1,), stride=(1,))
      )
      (3): GELU(approximate='none')
      (4): ArmConv(
        (conv1_1): Conv1d(16, 2, kernel_size=(1,), stride=(1,))
      )
    )
  )
  (conv_mod): LocalGlobalBlock(
    (net): Sequential(
      (0): SynthesisLayer(
        (pad): ReplicationPad2d((0, 0, 0, 0))
        (conv_layer): Conv2d(2, 3, kernel_size=(1, 1), stride=(1, 1))
        (non_linearity): GELU(approximate='none')
      )
      (1): SynthesisResidualLayer(
        (pad): ReplicationPad2d((0, 0, 0, 0))
        (conv_layer): Conv2d(3, 3, kernel_size=(1, 1), stride=(1, 1))
        (non_linearity): GELU(approximate='none')
      )
      (2): SynthesisResidualLayer(
        (pad): ReplicationPad2d((0, 0, 0, 0))
        (conv_layer): Conv2d(3, 3, kernel_size=(1, 1), stride=(1, 1))
        (non_linearity): GELU(approximate='none')
      )
      (3): SynthesisResidualLayer(
        (pad): ReplicationPad2d((0, 0, 0, 0))
        (conv_layer): Conv2d(3, 3, kernel_size=(1, 1), stride=(1, 1))
        (non_linearity): Identity()
      )
    )
    (global_net): Sequential(
      (0): SynthesisLayer(
        (pad): ReplicationPad2d((0, 0, 0, 0))
        (conv_layer): Conv2d(2, 3, kernel_size=(1, 1), stride=(1, 1))
        (non_linearity): GELU(approximate='none')
      )
      (1): SynthesisResidualLayer(
        (pad): ReplicationPad2d((0, 0, 0, 0))
        (conv_layer): Conv2d(3, 3, kernel_size=(1, 1), stride=(1, 1))
        (non_linearity): GELU(approximate='none')
      )
      (2): SynthesisResidualLayer(
        (pad): ReplicationPad2d((0, 0, 0, 0))
        (conv_layer): Conv2d(3, 3, kernel_size=(1, 1), stride=(1, 1))
        (non_linearity): GELU(approximate='none')
      )
      (3): SynthesisResidualLayer(
        (pad): ReplicationPad2d((0, 0, 0, 0))
        (conv_layer): Conv2d(3, 3, kernel_size=(1, 1), stride=(1, 1))
        (non_linearity): Identity()
      )
    )
    (agg_func): Sequential(
      (0): SynthesisLayer(
        (pad): ReplicationPad2d((0, 0, 0, 0))
        (conv_layer): Conv2d(18, 3, kernel_size=(1, 1), stride=(1, 1))
        (non_linearity): GELU(approximate='none')
      )
      (1): SynthesisLayer(
        (pad): ReplicationPad2d((0, 0, 0, 0))
        (conv_layer): Conv2d(21, 3, kernel_size=(1, 1), stride=(1, 1))
        (non_linearity): GELU(approximate='none')
      )
      (2): SynthesisLayer(
        (pad): ReplicationPad2d((0, 0, 0, 0))
        (conv_layer): Conv2d(24, 3, kernel_size=(1, 1), stride=(1, 1))
        (non_linearity): GELU(approximate='none')
      )
    )
    (full_net): Sequential(
      (0): SynthesisLayer(
        (pad): ReplicationPad2d((0, 0, 0, 0))
        (conv_layer): Conv2d(7, 12, kernel_size=(1, 1), stride=(1, 1))
        (non_linearity): GELU(approximate='none')
      )
      (1): SynthesisLayer(
        (pad): ReplicationPad2d((0, 0, 0, 0))
        (conv_layer): Conv2d(12, 3, kernel_size=(1, 1), stride=(1, 1))
        (non_linearity): GELU(approximate='none')
      )
      (2): SynthesisResidualLayer(
        (pad): ReplicationPad2d((1, 1, 1, 1))
        (conv_layer): Conv2d(3, 3, kernel_size=(3, 3), stride=(1, 1))
        (non_linearity): GELU(approximate='none')
      )
      (3): SynthesisResidualLayer(
        (pad): ReplicationPad2d((1, 1, 1, 1))
        (conv_layer): Conv2d(3, 3, kernel_size=(3, 3), stride=(1, 1))
        (non_linearity): GELU(approximate='none')
      )
    )
  )
  (modulation_sf): ParameterList(
      (0): Parameter containing: [torch.float32 of size 1x1x8x16 (cuda:0)]
      (1): Parameter containing: [torch.float32 of size 1x1x16x32 (cuda:0)]
      (2): Parameter containing: [torch.float32 of size 1x1x32x64 (cuda:0)]
      (3): Parameter containing: [torch.float32 of size 1x1x64x128 (cuda:0)]
      (4): Parameter containing: [torch.float32 of size 1x1x128x256 (cuda:0)]
      (5): Parameter containing: [torch.float32 of size 1x1x256x512 (cuda:0)]
      (6): Parameter containing: [torch.float32 of size 1x1x512x1024 (cuda:0)]
  )
)
train the 0 -th image
start temperature: 0.3 noise parameter: 2.0
end temperature: 0.1 noise parameter: 1.0
********************Start from stage I
********************going into stage II
eval_object_psnr: 29.80217276723887
eval_background_psnr: 100.0
eval_background_psnr: 100.0
********************Evaluation the Image 0-th, after Step 999, BEST PSNR: 29.802173, Print rate 0.223887. *************************
Saved model at ./saved/modbase_7/context_16_arm_mod_16/sparity_0.0/inr_mod_16KODAK_ROI_Global_new_struture_7_12_3_33_orderconcat_operator_0_pw_0.00406_img_object0.pth
Trained the image with PSNR: 29.80217276723887  latent bits 0.2238871455192566 latent bits number 117381.34375
[29.80217276723887]
[0.2238871455192566]
[117381.34375]
load the model: ./saved/modbase_7/context_16_arm_mod_16/sparity_0.0/inr_mod_16KODAK_ROI_Global_new_struture_7_12_3_33_orderconcat_operator_0_pw_0.00406_img_object0.pth for the  0 -th image
********************Evalutation with quantization
********************Starting quantizing models
eval_object_psnr: 29.778528551034725
full_image_psnr: 29.778528551034725
object_psnr: 29.778528551034725
background_psnr: 100.0
********************Evaluation the Image 0-th, BEST PSNR: 29.778529, Print rate 0.224632, Network rate 0.018486. *************************
Evaluate the image: PSNR: 29.778528551034725 All bits: 0.24311834573745728  latent bits: 0.22463232278823853  network bits: 0.01848602294921875
Evaluate arm network bits: 0.007671356201171875 Evaluate synthesis network bits: 0.010107040405273438
Image All bits num: 127464.03125 latent bits num: 117772.03125 mlp bits num: 9692.0 border bits num:
arm bits num: 4022.0 synthesis bits num: 5299.0
[29.778528551034725]
[0.24311834573745728]
[127464.03125]
Metrics saved to ./experiments/02/results.csv
Current eval Ave PSNR: 29.778528551034725 Ave Bits 0.24311834573745728
Namespace(batch_size=1, lr=0.01, data='../data', sparsity=0.0, local_upsampling_kernel_size=8, upsampling_kernel_size=8, static_upsampling_kernel=False, latent_factor=1, mod_base=7, highest_flag=1, context_arm=16, dim_arm_mod=16, use_candidate=True, type='other', mod_hid_layer=0, sythesis_features=12, hidden_features=64, hidden_layer=2, scale=1, lambda_rate=0.00406, lambda_rate_list=[0.00406, 0.00208, 0.0001], start_index=0, mask_type='full', wsmse_tag=1, swhdc_tag=0, swhdc_dilations=[1, 2, 3, 4], erp_upsampling=0, erp_phi_ref=30.0, workdir='./experiments/02', train_steps_1=1000, train_steps_2=1000, patch_h=512, patch_w=1024, all_pix_num=524288, eval_pix_num=524288)
Directory './saved/modbase_7/context_16_arm_mod_16' already exists.
Directory './saved/modbase_7/context_16_arm_mod_16/sparity_0.0' already exists.
top %: 0.0

🔁 Stage-1 Training Candidate 1/7
Quantizer parameter: encoding gain  16
total pixel: 524288
Get Mod with shape torch.Size([1, 1, 8, 16]) at layer: 1
Get Mod with shape torch.Size([1, 1, 16, 32]) at layer: 2
Get Mod with shape torch.Size([1, 1, 32, 64]) at layer: 3
Get Mod with shape torch.Size([1, 1, 64, 128]) at layer: 4
Get Mod with shape torch.Size([1, 1, 128, 256]) at layer: 5
Get Mod with shape torch.Size([1, 1, 256, 512]) at layer: 6
Get Mod with shape torch.Size([1, 1, 512, 1024]) at layer: 7
start temperature: 0.3 noise parameter: 2.0
end temperature: 0.3 noise parameter: 2.0
********************Start from stage I
Step 400, BEST PSNR: 26.259188, Total loss 0.004901 with its rate 0.6235471367835999 latent_bits 326918.28125

🔁 Stage-1 Training Candidate 2/7
Quantizer parameter: encoding gain  16
total pixel: 524288
Get Mod with shape torch.Size([1, 1, 8, 16]) at layer: 1
Get Mod with shape torch.Size([1, 1, 16, 32]) at layer: 2
Get Mod with shape torch.Size([1, 1, 32, 64]) at layer: 3
Get Mod with shape torch.Size([1, 1, 64, 128]) at layer: 4
Get Mod with shape torch.Size([1, 1, 128, 256]) at layer: 5
Get Mod with shape torch.Size([1, 1, 256, 512]) at layer: 6
Get Mod with shape torch.Size([1, 1, 512, 1024]) at layer: 7
start temperature: 0.3 noise parameter: 2.0
end temperature: 0.3 noise parameter: 2.0
********************Start from stage I
Step 400, BEST PSNR: 26.256299, Total loss 0.004797 with its rate 0.5973864793777466 latent_bits 313202.5625

🔁 Stage-1 Training Candidate 3/7
Quantizer parameter: encoding gain  16
total pixel: 524288
Get Mod with shape torch.Size([1, 1, 8, 16]) at layer: 1
Get Mod with shape torch.Size([1, 1, 16, 32]) at layer: 2
Get Mod with shape torch.Size([1, 1, 32, 64]) at layer: 3
Get Mod with shape torch.Size([1, 1, 64, 128]) at layer: 4
Get Mod with shape torch.Size([1, 1, 128, 256]) at layer: 5
Get Mod with shape torch.Size([1, 1, 256, 512]) at layer: 6
Get Mod with shape torch.Size([1, 1, 512, 1024]) at layer: 7
start temperature: 0.3 noise parameter: 2.0
end temperature: 0.3 noise parameter: 2.0
********************Start from stage I
Step 400, BEST PSNR: 26.307457, Total loss 0.004807 with its rate 0.6069555878639221 latent_bits 318219.53125

🔁 Stage-1 Training Candidate 4/7
Quantizer parameter: encoding gain  16
total pixel: 524288
Get Mod with shape torch.Size([1, 1, 8, 16]) at layer: 1
Get Mod with shape torch.Size([1, 1, 16, 32]) at layer: 2
Get Mod with shape torch.Size([1, 1, 32, 64]) at layer: 3
Get Mod with shape torch.Size([1, 1, 64, 128]) at layer: 4
Get Mod with shape torch.Size([1, 1, 128, 256]) at layer: 5
Get Mod with shape torch.Size([1, 1, 256, 512]) at layer: 6
Get Mod with shape torch.Size([1, 1, 512, 1024]) at layer: 7
start temperature: 0.3 noise parameter: 2.0
end temperature: 0.3 noise parameter: 2.0
********************Start from stage I
Step 400, BEST PSNR: 26.170567, Total loss 0.004779 with its rate 0.5815337896347046 latent_bits 304891.1875

🔁 Stage-1 Training Candidate 5/7
Quantizer parameter: encoding gain  16
total pixel: 524288
Get Mod with shape torch.Size([1, 1, 8, 16]) at layer: 1
Get Mod with shape torch.Size([1, 1, 16, 32]) at layer: 2
Get Mod with shape torch.Size([1, 1, 32, 64]) at layer: 3
Get Mod with shape torch.Size([1, 1, 64, 128]) at layer: 4
Get Mod with shape torch.Size([1, 1, 128, 256]) at layer: 5
Get Mod with shape torch.Size([1, 1, 256, 512]) at layer: 6
Get Mod with shape torch.Size([1, 1, 512, 1024]) at layer: 7
start temperature: 0.3 noise parameter: 2.0
end temperature: 0.3 noise parameter: 2.0
********************Start from stage I
Step 400, BEST PSNR: 26.234294, Total loss 0.004786 with its rate 0.5919106602668762 latent_bits 310331.65625

🔁 Stage-1 Training Candidate 6/7
Quantizer parameter: encoding gain  16
total pixel: 524288
Get Mod with shape torch.Size([1, 1, 8, 16]) at layer: 1
Get Mod with shape torch.Size([1, 1, 16, 32]) at layer: 2
Get Mod with shape torch.Size([1, 1, 32, 64]) at layer: 3
Get Mod with shape torch.Size([1, 1, 64, 128]) at layer: 4
Get Mod with shape torch.Size([1, 1, 128, 256]) at layer: 5
Get Mod with shape torch.Size([1, 1, 256, 512]) at layer: 6
Get Mod with shape torch.Size([1, 1, 512, 1024]) at layer: 7
start temperature: 0.3 noise parameter: 2.0
end temperature: 0.3 noise parameter: 2.0
********************Start from stage I
Step 400, BEST PSNR: 26.348437, Total loss 0.004737 with its rate 0.5952731370925903 latent_bits 312094.5625

🔁 Stage-1 Training Candidate 7/7
Quantizer parameter: encoding gain  16
total pixel: 524288
Get Mod with shape torch.Size([1, 1, 8, 16]) at layer: 1
Get Mod with shape torch.Size([1, 1, 16, 32]) at layer: 2
Get Mod with shape torch.Size([1, 1, 32, 64]) at layer: 3
Get Mod with shape torch.Size([1, 1, 64, 128]) at layer: 4
Get Mod with shape torch.Size([1, 1, 128, 256]) at layer: 5
Get Mod with shape torch.Size([1, 1, 256, 512]) at layer: 6
Get Mod with shape torch.Size([1, 1, 512, 1024]) at layer: 7
start temperature: 0.3 noise parameter: 2.0
end temperature: 0.3 noise parameter: 2.0
********************Start from stage I
Step 400, BEST PSNR: 26.055795, Total loss 0.004950 with its rate 0.6076447367668152 latent_bits 318580.84375

🌟 Selected Top-3 Candidates by RD cost

🎯 Stage-2 Refining Candidate 1/3
start temperature: 0.3 noise parameter: 2.0
end temperature: 0.3 noise parameter: 2.0
********************Start from stage I
Step 400, BEST PSNR: 27.042331, Total loss 0.004422 with its rate 0.6025097966194153 latent_bits 315888.65625

🎯 Stage-2 Refining Candidate 2/3
start temperature: 0.3 noise parameter: 2.0
end temperature: 0.3 noise parameter: 2.0
********************Start from stage I
Step 400, BEST PSNR: 27.197408, Total loss 0.004335 with its rate 0.5981653928756714 latent_bits 313610.9375

🎯 Stage-2 Refining Candidate 3/3
start temperature: 0.3 noise parameter: 2.0
end temperature: 0.3 noise parameter: 2.0
********************Start from stage I
Step 400, BEST PSNR: 26.993333, Total loss 0.004488 with its rate 0.6131905317306519 latent_bits 321488.4375

🏆 Best Candidate Final PSNR: 27.20, Rate: 0.5982
Masked_INR(
  (upsampling_2d): Upsampling(
    (conv_transpose2d): UpsamplingConvTranspose2d()
  )
  (arm): Arm(
    (mlp): Sequential(
      (0): ArmConv(
        (conv1_1): Conv1d(16, 16, kernel_size=(1,), stride=(1,))
      )
      (1): GELU(approximate='none')
      (2): ArmConv(
        (conv1_1): Conv1d(16, 16, kernel_size=(1,), stride=(1,))
      )
      (3): GELU(approximate='none')
      (4): ArmConv(
        (conv1_1): Conv1d(16, 2, kernel_size=(1,), stride=(1,))
      )
    )
  )
  (conv_mod): LocalGlobalBlock(
    (net): Sequential(
      (0): SynthesisLayer(
        (pad): ReplicationPad2d((0, 0, 0, 0))
        (conv_layer): Conv2d(2, 3, kernel_size=(1, 1), stride=(1, 1))
        (non_linearity): GELU(approximate='none')
      )
      (1): SynthesisResidualLayer(
        (pad): ReplicationPad2d((0, 0, 0, 0))
        (conv_layer): Conv2d(3, 3, kernel_size=(1, 1), stride=(1, 1))
        (non_linearity): GELU(approximate='none')
      )
      (2): SynthesisResidualLayer(
        (pad): ReplicationPad2d((0, 0, 0, 0))
        (conv_layer): Conv2d(3, 3, kernel_size=(1, 1), stride=(1, 1))
        (non_linearity): GELU(approximate='none')
      )
      (3): SynthesisResidualLayer(
        (pad): ReplicationPad2d((0, 0, 0, 0))
        (conv_layer): Conv2d(3, 3, kernel_size=(1, 1), stride=(1, 1))
        (non_linearity): Identity()
      )
    )
    (global_net): Sequential(
      (0): SynthesisLayer(
        (pad): ReplicationPad2d((0, 0, 0, 0))
        (conv_layer): Conv2d(2, 3, kernel_size=(1, 1), stride=(1, 1))
        (non_linearity): GELU(approximate='none')
      )
      (1): SynthesisResidualLayer(
        (pad): ReplicationPad2d((0, 0, 0, 0))
        (conv_layer): Conv2d(3, 3, kernel_size=(1, 1), stride=(1, 1))
        (non_linearity): GELU(approximate='none')
      )
      (2): SynthesisResidualLayer(
        (pad): ReplicationPad2d((0, 0, 0, 0))
        (conv_layer): Conv2d(3, 3, kernel_size=(1, 1), stride=(1, 1))
        (non_linearity): GELU(approximate='none')
      )
      (3): SynthesisResidualLayer(
        (pad): ReplicationPad2d((0, 0, 0, 0))
        (conv_layer): Conv2d(3, 3, kernel_size=(1, 1), stride=(1, 1))
        (non_linearity): Identity()
      )
    )
    (agg_func): Sequential(
      (0): SynthesisLayer(
        (pad): ReplicationPad2d((0, 0, 0, 0))
        (conv_layer): Conv2d(18, 3, kernel_size=(1, 1), stride=(1, 1))
        (non_linearity): GELU(approximate='none')
      )
      (1): SynthesisLayer(
        (pad): ReplicationPad2d((0, 0, 0, 0))
        (conv_layer): Conv2d(21, 3, kernel_size=(1, 1), stride=(1, 1))
        (non_linearity): GELU(approximate='none')
      )
      (2): SynthesisLayer(
        (pad): ReplicationPad2d((0, 0, 0, 0))
        (conv_layer): Conv2d(24, 3, kernel_size=(1, 1), stride=(1, 1))
        (non_linearity): GELU(approximate='none')
      )
    )
    (full_net): Sequential(
      (0): SynthesisLayer(
        (pad): ReplicationPad2d((0, 0, 0, 0))
        (conv_layer): Conv2d(7, 12, kernel_size=(1, 1), stride=(1, 1))
        (non_linearity): GELU(approximate='none')
      )
      (1): SynthesisLayer(
        (pad): ReplicationPad2d((0, 0, 0, 0))
        (conv_layer): Conv2d(12, 3, kernel_size=(1, 1), stride=(1, 1))
        (non_linearity): GELU(approximate='none')
      )
      (2): SynthesisResidualLayer(
        (pad): ReplicationPad2d((1, 1, 1, 1))
        (conv_layer): Conv2d(3, 3, kernel_size=(3, 3), stride=(1, 1))
        (non_linearity): GELU(approximate='none')
      )
      (3): SynthesisResidualLayer(
        (pad): ReplicationPad2d((1, 1, 1, 1))
        (conv_layer): Conv2d(3, 3, kernel_size=(3, 3), stride=(1, 1))
        (non_linearity): GELU(approximate='none')
      )
    )
  )
  (modulation_sf): ParameterList(
      (0): Parameter containing: [torch.float32 of size 1x1x8x16 (cuda:0)]
      (1): Parameter containing: [torch.float32 of size 1x1x16x32 (cuda:0)]
      (2): Parameter containing: [torch.float32 of size 1x1x32x64 (cuda:0)]
      (3): Parameter containing: [torch.float32 of size 1x1x64x128 (cuda:0)]
      (4): Parameter containing: [torch.float32 of size 1x1x128x256 (cuda:0)]
      (5): Parameter containing: [torch.float32 of size 1x1x256x512 (cuda:0)]
      (6): Parameter containing: [torch.float32 of size 1x1x512x1024 (cuda:0)]
  )
)
train the 3 -th image
start temperature: 0.3 noise parameter: 2.0
end temperature: 0.1 noise parameter: 1.0
********************Start from stage I
********************going into stage II
eval_object_psnr: 27.666306569777248
eval_background_psnr: 100.0
eval_background_psnr: 100.0
********************Evaluation the Image 3-th, after Step 999, BEST PSNR: 27.666307, Print rate 0.479629. *************************
Saved model at ./saved/modbase_7/context_16_arm_mod_16/sparity_0.0/inr_mod_16KODAK_ROI_Global_new_struture_7_12_3_33_orderconcat_operator_0_pw_0.00406_img_object3.pth
Trained the image with PSNR: 27.666306569777248  latent bits 0.4796288311481476 latent bits number 251463.640625
[29.80217276723887, 27.666306569777248]
[0.2238871455192566, 0.4796288311481476]
[117381.34375, 251463.640625]
load the model: ./saved/modbase_7/context_16_arm_mod_16/sparity_0.0/inr_mod_16KODAK_ROI_Global_new_struture_7_12_3_33_orderconcat_operator_0_pw_0.00406_img_object3.pth for the  3 -th image
********************Evalutation with quantization
********************Starting quantizing models
eval_object_psnr: 27.664481487814445
full_image_psnr: 27.664481487814445
object_psnr: 27.664481487814445
background_psnr: 100.0
********************Evaluation the Image 3-th, BEST PSNR: 27.664481, Print rate 0.480778, Network rate 0.018642. *************************
Evaluate the image: PSNR: 27.664481487814445 All bits: 0.4994208812713623  latent bits: 0.48077845573425293  network bits: 0.018642425537109375
Evaluate arm network bits: 0.0076122283935546875 Evaluate synthesis network bits: 0.009950637817382812
Image All bits num: 261840.375 latent bits num: 252066.375 mlp bits num: 9774.0 border bits num:
arm bits num: 3991.0 synthesis bits num: 5217.0
[29.778528551034725, 27.664481487814445]
[0.24311834573745728, 0.4994208812713623]
[127464.03125, 261840.375]
Metrics saved to ./experiments/02/results.csv
Current eval Ave PSNR: 28.721505019424583 Ave Bits 0.3712696135044098
Namespace(batch_size=1, lr=0.01, data='../data', sparsity=0.0, local_upsampling_kernel_size=8, upsampling_kernel_size=8, static_upsampling_kernel=False, latent_factor=1, mod_base=7, highest_flag=1, context_arm=16, dim_arm_mod=16, use_candidate=True, type='other', mod_hid_layer=0, sythesis_features=12, hidden_features=64, hidden_layer=2, scale=1, lambda_rate=0.00406, lambda_rate_list=[0.00406, 0.00208, 0.0001], start_index=0, mask_type='full', wsmse_tag=1, swhdc_tag=0, swhdc_dilations=[1, 2, 3, 4], erp_upsampling=0, erp_phi_ref=30.0, workdir='./experiments/02', train_steps_1=1000, train_steps_2=1000, patch_h=512, patch_w=1024, all_pix_num=524288, eval_pix_num=524288)
Directory './saved/modbase_7/context_16_arm_mod_16' already exists.
Directory './saved/modbase_7/context_16_arm_mod_16/sparity_0.0' already exists.
top %: 0.0

🔁 Stage-1 Training Candidate 1/7
Quantizer parameter: encoding gain  16
total pixel: 524288
Get Mod with shape torch.Size([1, 1, 8, 16]) at layer: 1
Get Mod with shape torch.Size([1, 1, 16, 32]) at layer: 2
Get Mod with shape torch.Size([1, 1, 32, 64]) at layer: 3
Get Mod with shape torch.Size([1, 1, 64, 128]) at layer: 4
Get Mod with shape torch.Size([1, 1, 128, 256]) at layer: 5
Get Mod with shape torch.Size([1, 1, 256, 512]) at layer: 6
Get Mod with shape torch.Size([1, 1, 512, 1024]) at layer: 7
start temperature: 0.3 noise parameter: 2.0
end temperature: 0.3 noise parameter: 2.0
********************Start from stage I
Step 400, BEST PSNR: 29.137790, Total loss 0.002378 with its rate 0.2835143208503723 latent_bits 148643.15625

🔁 Stage-1 Training Candidate 2/7
Quantizer parameter: encoding gain  16
total pixel: 524288
Get Mod with shape torch.Size([1, 1, 8, 16]) at layer: 1
Get Mod with shape torch.Size([1, 1, 16, 32]) at layer: 2
Get Mod with shape torch.Size([1, 1, 32, 64]) at layer: 3
Get Mod with shape torch.Size([1, 1, 64, 128]) at layer: 4
Get Mod with shape torch.Size([1, 1, 128, 256]) at layer: 5
Get Mod with shape torch.Size([1, 1, 256, 512]) at layer: 6
Get Mod with shape torch.Size([1, 1, 512, 1024]) at layer: 7
start temperature: 0.3 noise parameter: 2.0
end temperature: 0.3 noise parameter: 2.0
********************Start from stage I
Step 400, BEST PSNR: 29.772791, Total loss 0.002252 with its rate 0.2941843867301941 latent_bits 154237.34375

🔁 Stage-1 Training Candidate 3/7
Quantizer parameter: encoding gain  16
total pixel: 524288
Get Mod with shape torch.Size([1, 1, 8, 16]) at layer: 1
Get Mod with shape torch.Size([1, 1, 16, 32]) at layer: 2
Get Mod with shape torch.Size([1, 1, 32, 64]) at layer: 3
Get Mod with shape torch.Size([1, 1, 64, 128]) at layer: 4
Get Mod with shape torch.Size([1, 1, 128, 256]) at layer: 5
Get Mod with shape torch.Size([1, 1, 256, 512]) at layer: 6
Get Mod with shape torch.Size([1, 1, 512, 1024]) at layer: 7
start temperature: 0.3 noise parameter: 2.0
end temperature: 0.3 noise parameter: 2.0
********************Start from stage I
Step 400, BEST PSNR: 29.354705, Total loss 0.002292 with its rate 0.2775004506111145 latent_bits 145490.15625

🔁 Stage-1 Training Candidate 4/7
Quantizer parameter: encoding gain  16
total pixel: 524288
Get Mod with shape torch.Size([1, 1, 8, 16]) at layer: 1
Get Mod with shape torch.Size([1, 1, 16, 32]) at layer: 2
Get Mod with shape torch.Size([1, 1, 32, 64]) at layer: 3
Get Mod with shape torch.Size([1, 1, 64, 128]) at layer: 4
Get Mod with shape torch.Size([1, 1, 128, 256]) at layer: 5
Get Mod with shape torch.Size([1, 1, 256, 512]) at layer: 6
Get Mod with shape torch.Size([1, 1, 512, 1024]) at layer: 7
start temperature: 0.3 noise parameter: 2.0
end temperature: 0.3 noise parameter: 2.0
********************Start from stage I
Step 400, BEST PSNR: 29.193833, Total loss 0.002367 with its rate 0.28528591990470886 latent_bits 149571.984375

🔁 Stage-1 Training Candidate 5/7
Quantizer parameter: encoding gain  16
total pixel: 524288
Get Mod with shape torch.Size([1, 1, 8, 16]) at layer: 1
Get Mod with shape torch.Size([1, 1, 16, 32]) at layer: 2
Get Mod with shape torch.Size([1, 1, 32, 64]) at layer: 3
Get Mod with shape torch.Size([1, 1, 64, 128]) at layer: 4
Get Mod with shape torch.Size([1, 1, 128, 256]) at layer: 5
Get Mod with shape torch.Size([1, 1, 256, 512]) at layer: 6
Get Mod with shape torch.Size([1, 1, 512, 1024]) at layer: 7
start temperature: 0.3 noise parameter: 2.0
end temperature: 0.3 noise parameter: 2.0
********************Start from stage I
Step 400, BEST PSNR: 28.719951, Total loss 0.002436 with its rate 0.2683899402618408 latent_bits 140713.625

🔁 Stage-1 Training Candidate 6/7
Quantizer parameter: encoding gain  16
total pixel: 524288
Get Mod with shape torch.Size([1, 1, 8, 16]) at layer: 1
Get Mod with shape torch.Size([1, 1, 16, 32]) at layer: 2
Get Mod with shape torch.Size([1, 1, 32, 64]) at layer: 3
Get Mod with shape torch.Size([1, 1, 64, 128]) at layer: 4
Get Mod with shape torch.Size([1, 1, 128, 256]) at layer: 5
Get Mod with shape torch.Size([1, 1, 256, 512]) at layer: 6
Get Mod with shape torch.Size([1, 1, 512, 1024]) at layer: 7
start temperature: 0.3 noise parameter: 2.0
end temperature: 0.3 noise parameter: 2.0
********************Start from stage I
Step 400, BEST PSNR: 28.681126, Total loss 0.002369 with its rate 0.2483961284160614 latent_bits 130231.109375

🔁 Stage-1 Training Candidate 7/7
Quantizer parameter: encoding gain  16
total pixel: 524288
Get Mod with shape torch.Size([1, 1, 8, 16]) at layer: 1
Get Mod with shape torch.Size([1, 1, 16, 32]) at layer: 2
Get Mod with shape torch.Size([1, 1, 32, 64]) at layer: 3
Get Mod with shape torch.Size([1, 1, 64, 128]) at layer: 4
Get Mod with shape torch.Size([1, 1, 128, 256]) at layer: 5
Get Mod with shape torch.Size([1, 1, 256, 512]) at layer: 6
Get Mod with shape torch.Size([1, 1, 512, 1024]) at layer: 7
start temperature: 0.3 noise parameter: 2.0
end temperature: 0.3 noise parameter: 2.0
********************Start from stage I
Step 400, BEST PSNR: 29.351973, Total loss 0.002287 with its rate 0.27521374821662903 latent_bits 144291.265625

🌟 Selected Top-3 Candidates by RD cost

🎯 Stage-2 Refining Candidate 1/3
start temperature: 0.3 noise parameter: 2.0
end temperature: 0.3 noise parameter: 2.0
********************Start from stage I
Step 400, BEST PSNR: 30.512082, Total loss 0.002129 with its rate 0.30440300703048706 latent_bits 159594.84375

🎯 Stage-2 Refining Candidate 2/3
start temperature: 0.3 noise parameter: 2.0
end temperature: 0.3 noise parameter: 2.0
********************Start from stage I
Step 400, BEST PSNR: 30.422053, Total loss 0.002141 with its rate 0.30286478996276855 latent_bits 158788.375

🎯 Stage-2 Refining Candidate 3/3
start temperature: 0.3 noise parameter: 2.0
end temperature: 0.3 noise parameter: 2.0
********************Start from stage I
Step 400, BEST PSNR: 30.328179, Total loss 0.002161 with its rate 0.3031260371208191 latent_bits 158925.34375

🏆 Best Candidate Final PSNR: 30.51, Rate: 0.3044
Masked_INR(
  (upsampling_2d): Upsampling(
    (conv_transpose2d): UpsamplingConvTranspose2d()
  )
  (arm): Arm(
    (mlp): Sequential(
      (0): ArmConv(
        (conv1_1): Conv1d(16, 16, kernel_size=(1,), stride=(1,))
      )
      (1): GELU(approximate='none')
      (2): ArmConv(
        (conv1_1): Conv1d(16, 16, kernel_size=(1,), stride=(1,))
      )
      (3): GELU(approximate='none')
      (4): ArmConv(
        (conv1_1): Conv1d(16, 2, kernel_size=(1,), stride=(1,))
      )
    )
  )
  (conv_mod): LocalGlobalBlock(
    (net): Sequential(
      (0): SynthesisLayer(
        (pad): ReplicationPad2d((0, 0, 0, 0))
        (conv_layer): Conv2d(2, 3, kernel_size=(1, 1), stride=(1, 1))
        (non_linearity): GELU(approximate='none')
      )
      (1): SynthesisResidualLayer(
        (pad): ReplicationPad2d((0, 0, 0, 0))
        (conv_layer): Conv2d(3, 3, kernel_size=(1, 1), stride=(1, 1))
        (non_linearity): GELU(approximate='none')
      )
      (2): SynthesisResidualLayer(
        (pad): ReplicationPad2d((0, 0, 0, 0))
        (conv_layer): Conv2d(3, 3, kernel_size=(1, 1), stride=(1, 1))
        (non_linearity): GELU(approximate='none')
      )
      (3): SynthesisResidualLayer(
        (pad): ReplicationPad2d((0, 0, 0, 0))
        (conv_layer): Conv2d(3, 3, kernel_size=(1, 1), stride=(1, 1))
        (non_linearity): Identity()
      )
    )
    (global_net): Sequential(
      (0): SynthesisLayer(
        (pad): ReplicationPad2d((0, 0, 0, 0))
        (conv_layer): Conv2d(2, 3, kernel_size=(1, 1), stride=(1, 1))
        (non_linearity): GELU(approximate='none')
      )
      (1): SynthesisResidualLayer(
        (pad): ReplicationPad2d((0, 0, 0, 0))
        (conv_layer): Conv2d(3, 3, kernel_size=(1, 1), stride=(1, 1))
        (non_linearity): GELU(approximate='none')
      )
      (2): SynthesisResidualLayer(
        (pad): ReplicationPad2d((0, 0, 0, 0))
        (conv_layer): Conv2d(3, 3, kernel_size=(1, 1), stride=(1, 1))
        (non_linearity): GELU(approximate='none')
      )
      (3): SynthesisResidualLayer(
        (pad): ReplicationPad2d((0, 0, 0, 0))
        (conv_layer): Conv2d(3, 3, kernel_size=(1, 1), stride=(1, 1))
        (non_linearity): Identity()
      )
    )
    (agg_func): Sequential(
      (0): SynthesisLayer(
        (pad): ReplicationPad2d((0, 0, 0, 0))
        (conv_layer): Conv2d(18, 3, kernel_size=(1, 1), stride=(1, 1))
        (non_linearity): GELU(approximate='none')
      )
      (1): SynthesisLayer(
        (pad): ReplicationPad2d((0, 0, 0, 0))
        (conv_layer): Conv2d(21, 3, kernel_size=(1, 1), stride=(1, 1))
        (non_linearity): GELU(approximate='none')
      )
      (2): SynthesisLayer(
        (pad): ReplicationPad2d((0, 0, 0, 0))
        (conv_layer): Conv2d(24, 3, kernel_size=(1, 1), stride=(1, 1))
        (non_linearity): GELU(approximate='none')
      )
    )
    (full_net): Sequential(
      (0): SynthesisLayer(
        (pad): ReplicationPad2d((0, 0, 0, 0))
        (conv_layer): Conv2d(7, 12, kernel_size=(1, 1), stride=(1, 1))
        (non_linearity): GELU(approximate='none')
      )
      (1): SynthesisLayer(
        (pad): ReplicationPad2d((0, 0, 0, 0))
        (conv_layer): Conv2d(12, 3, kernel_size=(1, 1), stride=(1, 1))
        (non_linearity): GELU(approximate='none')
      )
      (2): SynthesisResidualLayer(
        (pad): ReplicationPad2d((1, 1, 1, 1))
        (conv_layer): Conv2d(3, 3, kernel_size=(3, 3), stride=(1, 1))
        (non_linearity): GELU(approximate='none')
      )
      (3): SynthesisResidualLayer(
        (pad): ReplicationPad2d((1, 1, 1, 1))
        (conv_layer): Conv2d(3, 3, kernel_size=(3, 3), stride=(1, 1))
        (non_linearity): GELU(approximate='none')
      )
    )
  )
  (modulation_sf): ParameterList(
      (0): Parameter containing: [torch.float32 of size 1x1x8x16 (cuda:0)]
      (1): Parameter containing: [torch.float32 of size 1x1x16x32 (cuda:0)]
      (2): Parameter containing: [torch.float32 of size 1x1x32x64 (cuda:0)]
      (3): Parameter containing: [torch.float32 of size 1x1x64x128 (cuda:0)]
      (4): Parameter containing: [torch.float32 of size 1x1x128x256 (cuda:0)]
      (5): Parameter containing: [torch.float32 of size 1x1x256x512 (cuda:0)]
      (6): Parameter containing: [torch.float32 of size 1x1x512x1024 (cuda:0)]
  )
)
train the 6 -th image
start temperature: 0.3 noise parameter: 2.0
end temperature: 0.1 noise parameter: 1.0
********************Start from stage I
********************going into stage II
eval_object_psnr: 31.411833895494425
eval_background_psnr: 100.0
eval_background_psnr: 100.0
********************Evaluation the Image 6-th, after Step 999, BEST PSNR: 31.411834, Print rate 0.203526. *************************
Saved model at ./saved/modbase_7/context_16_arm_mod_16/sparity_0.0/inr_mod_16KODAK_ROI_Global_new_struture_7_12_3_33_orderconcat_operator_0_pw_0.00406_img_object6.pth
Trained the image with PSNR: 31.411833895494425  latent bits 0.20352646708488464 latent bits number 106706.484375
[29.80217276723887, 27.666306569777248, 31.411833895494425]
[0.2238871455192566, 0.4796288311481476, 0.20352646708488464]
[117381.34375, 251463.640625, 106706.484375]
load the model: ./saved/modbase_7/context_16_arm_mod_16/sparity_0.0/inr_mod_16KODAK_ROI_Global_new_struture_7_12_3_33_orderconcat_operator_0_pw_0.00406_img_object6.pth for the  6 -th image
********************Evalutation with quantization
********************Starting quantizing models
eval_object_psnr: 31.372995805348506
full_image_psnr: 31.372995805348506
object_psnr: 31.372995805348506
background_psnr: 100.0
********************Evaluation the Image 6-th, BEST PSNR: 31.372996, Print rate 0.203890, Network rate 0.018267. *************************
Evaluate the image: PSNR: 31.372995805348506 All bits: 0.22215643525123596  latent bits: 0.20388975739479065  network bits: 0.018266677856445312
Evaluate arm network bits: 0.008640289306640625 Evaluate synthesis network bits: 0.008668899536132812
Image All bits num: 116473.953125 latent bits num: 106896.953125 mlp bits num: 9577.0 border bits num:
arm bits num: 4530.0 synthesis bits num: 4545.0
[29.778528551034725, 27.664481487814445, 31.372995805348506]
[0.24311834573745728, 0.4994208812713623, 0.22215643525123596]
[127464.03125, 261840.375, 116473.953125]
Metrics saved to ./experiments/02/results.csv
Current eval Ave PSNR: 29.605335281399224 Ave Bits 0.32156522075335187
Namespace(batch_size=1, lr=0.01, data='../data', sparsity=0.0, local_upsampling_kernel_size=8, upsampling_kernel_size=8, static_upsampling_kernel=False, latent_factor=1, mod_base=7, highest_flag=1, context_arm=16, dim_arm_mod=16, use_candidate=True, type='other', mod_hid_layer=0, sythesis_features=12, hidden_features=64, hidden_layer=2, scale=1, lambda_rate=0.00406, lambda_rate_list=[0.00406, 0.00208, 0.0001], start_index=0, mask_type='full', wsmse_tag=1, swhdc_tag=0, swhdc_dilations=[1, 2, 3, 4], erp_upsampling=0, erp_phi_ref=30.0, workdir='./experiments/02', train_steps_1=1000, train_steps_2=1000, patch_h=512, patch_w=1024, all_pix_num=524288, eval_pix_num=524288)
Directory './saved/modbase_7/context_16_arm_mod_16' already exists.
Directory './saved/modbase_7/context_16_arm_mod_16/sparity_0.0' already exists.
top %: 0.0

🔁 Stage-1 Training Candidate 1/7
Quantizer parameter: encoding gain  16
total pixel: 524288
Get Mod with shape torch.Size([1, 1, 8, 16]) at layer: 1
Get Mod with shape torch.Size([1, 1, 16, 32]) at layer: 2
Get Mod with shape torch.Size([1, 1, 32, 64]) at layer: 3
Get Mod with shape torch.Size([1, 1, 64, 128]) at layer: 4
Get Mod with shape torch.Size([1, 1, 128, 256]) at layer: 5
Get Mod with shape torch.Size([1, 1, 256, 512]) at layer: 6
Get Mod with shape torch.Size([1, 1, 512, 1024]) at layer: 7
start temperature: 0.3 noise parameter: 2.0
end temperature: 0.3 noise parameter: 2.0
********************Start from stage I
Step 400, BEST PSNR: 26.928392, Total loss 0.003121 with its rate 0.2550552487373352 latent_bits 133722.40625

🔁 Stage-1 Training Candidate 2/7
Quantizer parameter: encoding gain  16
total pixel: 524288
Get Mod with shape torch.Size([1, 1, 8, 16]) at layer: 1
Get Mod with shape torch.Size([1, 1, 16, 32]) at layer: 2
Get Mod with shape torch.Size([1, 1, 32, 64]) at layer: 3
Get Mod with shape torch.Size([1, 1, 64, 128]) at layer: 4
Get Mod with shape torch.Size([1, 1, 128, 256]) at layer: 5
Get Mod with shape torch.Size([1, 1, 256, 512]) at layer: 6
Get Mod with shape torch.Size([1, 1, 512, 1024]) at layer: 7
start temperature: 0.3 noise parameter: 2.0
end temperature: 0.3 noise parameter: 2.0
********************Start from stage I
Step 400, BEST PSNR: 28.382678, Total loss 0.002431 with its rate 0.24128732085227966 latent_bits 126504.046875

🔁 Stage-1 Training Candidate 3/7
Quantizer parameter: encoding gain  16
total pixel: 524288
Get Mod with shape torch.Size([1, 1, 8, 16]) at layer: 1
Get Mod with shape torch.Size([1, 1, 16, 32]) at layer: 2
Get Mod with shape torch.Size([1, 1, 32, 64]) at layer: 3
Get Mod with shape torch.Size([1, 1, 64, 128]) at layer: 4
Get Mod with shape torch.Size([1, 1, 128, 256]) at layer: 5
Get Mod with shape torch.Size([1, 1, 256, 512]) at layer: 6
Get Mod with shape torch.Size([1, 1, 512, 1024]) at layer: 7
start temperature: 0.3 noise parameter: 2.0
end temperature: 0.3 noise parameter: 2.0
********************Start from stage I
Step 400, BEST PSNR: 28.264385, Total loss 0.002571 with its rate 0.265714168548584 latent_bits 139310.75

🔁 Stage-1 Training Candidate 4/7
Quantizer parameter: encoding gain  16
total pixel: 524288
Get Mod with shape torch.Size([1, 1, 8, 16]) at layer: 1
Get Mod with shape torch.Size([1, 1, 16, 32]) at layer: 2
Get Mod with shape torch.Size([1, 1, 32, 64]) at layer: 3
Get Mod with shape torch.Size([1, 1, 64, 128]) at layer: 4
Get Mod with shape torch.Size([1, 1, 128, 256]) at layer: 5
Get Mod with shape torch.Size([1, 1, 256, 512]) at layer: 6
Get Mod with shape torch.Size([1, 1, 512, 1024]) at layer: 7
start temperature: 0.3 noise parameter: 2.0
end temperature: 0.3 noise parameter: 2.0
********************Start from stage I
Step 400, BEST PSNR: 26.620042, Total loss 0.003256 with its rate 0.24739322066307068 latent_bits 129705.296875

🔁 Stage-1 Training Candidate 5/7
Quantizer parameter: encoding gain  16
total pixel: 524288
Get Mod with shape torch.Size([1, 1, 8, 16]) at layer: 1
Get Mod with shape torch.Size([1, 1, 16, 32]) at layer: 2
Get Mod with shape torch.Size([1, 1, 32, 64]) at layer: 3
Get Mod with shape torch.Size([1, 1, 64, 128]) at layer: 4
Get Mod with shape torch.Size([1, 1, 128, 256]) at layer: 5
Get Mod with shape torch.Size([1, 1, 256, 512]) at layer: 6
Get Mod with shape torch.Size([1, 1, 512, 1024]) at layer: 7
start temperature: 0.3 noise parameter: 2.0
end temperature: 0.3 noise parameter: 2.0
********************Start from stage I
Step 400, BEST PSNR: 26.830744, Total loss 0.003235 with its rate 0.26885563135147095 latent_bits 140957.78125

🔁 Stage-1 Training Candidate 6/7
Quantizer parameter: encoding gain  16
total pixel: 524288
Get Mod with shape torch.Size([1, 1, 8, 16]) at layer: 1
Get Mod with shape torch.Size([1, 1, 16, 32]) at layer: 2
Get Mod with shape torch.Size([1, 1, 32, 64]) at layer: 3
Get Mod with shape torch.Size([1, 1, 64, 128]) at layer: 4
Get Mod with shape torch.Size([1, 1, 128, 256]) at layer: 5
Get Mod with shape torch.Size([1, 1, 256, 512]) at layer: 6
Get Mod with shape torch.Size([1, 1, 512, 1024]) at layer: 7
start temperature: 0.3 noise parameter: 2.0
end temperature: 0.3 noise parameter: 2.0
********************Start from stage I
Step 400, BEST PSNR: 28.642263, Total loss 0.002382 with its rate 0.24995161592960358 latent_bits 131046.6328125

🔁 Stage-1 Training Candidate 7/7
Quantizer parameter: encoding gain  16
total pixel: 524288
Get Mod with shape torch.Size([1, 1, 8, 16]) at layer: 1
Get Mod with shape torch.Size([1, 1, 16, 32]) at layer: 2
Get Mod with shape torch.Size([1, 1, 32, 64]) at layer: 3
Get Mod with shape torch.Size([1, 1, 64, 128]) at layer: 4
Get Mod with shape torch.Size([1, 1, 128, 256]) at layer: 5
Get Mod with shape torch.Size([1, 1, 256, 512]) at layer: 6
Get Mod with shape torch.Size([1, 1, 512, 1024]) at layer: 7
start temperature: 0.3 noise parameter: 2.0
end temperature: 0.3 noise parameter: 2.0
********************Start from stage I
Step 400, BEST PSNR: 28.522594, Total loss 0.002423 with its rate 0.25063556432724 latent_bits 131405.21875

🌟 Selected Top-3 Candidates by RD cost

🎯 Stage-2 Refining Candidate 1/3
start temperature: 0.3 noise parameter: 2.0
end temperature: 0.3 noise parameter: 2.0
********************Start from stage I
Step 400, BEST PSNR: 28.929190, Total loss 0.002507 with its rate 0.30205392837524414 latent_bits 158363.25

🎯 Stage-2 Refining Candidate 2/3
start temperature: 0.3 noise parameter: 2.0
end temperature: 0.3 noise parameter: 2.0
********************Start from stage I
Step 400, BEST PSNR: 28.880023, Total loss 0.002473 with its rate 0.2900512218475342 latent_bits 152070.375

🎯 Stage-2 Refining Candidate 3/3
start temperature: 0.3 noise parameter: 2.0
end temperature: 0.3 noise parameter: 2.0
********************Start from stage I
Step 400, BEST PSNR: 29.079494, Total loss 0.002385 with its rate 0.28275266289711 latent_bits 148243.828125

🏆 Best Candidate Final PSNR: 29.08, Rate: 0.2828
Masked_INR(
  (upsampling_2d): Upsampling(
    (conv_transpose2d): UpsamplingConvTranspose2d()
  )
  (arm): Arm(
    (mlp): Sequential(
      (0): ArmConv(
        (conv1_1): Conv1d(16, 16, kernel_size=(1,), stride=(1,))
      )
      (1): GELU(approximate='none')
      (2): ArmConv(
        (conv1_1): Conv1d(16, 16, kernel_size=(1,), stride=(1,))
      )
      (3): GELU(approximate='none')
      (4): ArmConv(
        (conv1_1): Conv1d(16, 2, kernel_size=(1,), stride=(1,))
      )
    )
  )
  (conv_mod): LocalGlobalBlock(
    (net): Sequential(
      (0): SynthesisLayer(
        (pad): ReplicationPad2d((0, 0, 0, 0))
        (conv_layer): Conv2d(2, 3, kernel_size=(1, 1), stride=(1, 1))
        (non_linearity): GELU(approximate='none')
      )
      (1): SynthesisResidualLayer(
        (pad): ReplicationPad2d((0, 0, 0, 0))
        (conv_layer): Conv2d(3, 3, kernel_size=(1, 1), stride=(1, 1))
        (non_linearity): GELU(approximate='none')
      )
      (2): SynthesisResidualLayer(
        (pad): ReplicationPad2d((0, 0, 0, 0))
        (conv_layer): Conv2d(3, 3, kernel_size=(1, 1), stride=(1, 1))
        (non_linearity): GELU(approximate='none')
      )
      (3): SynthesisResidualLayer(
        (pad): ReplicationPad2d((0, 0, 0, 0))
        (conv_layer): Conv2d(3, 3, kernel_size=(1, 1), stride=(1, 1))
        (non_linearity): Identity()
      )
    )
    (global_net): Sequential(
      (0): SynthesisLayer(
        (pad): ReplicationPad2d((0, 0, 0, 0))
        (conv_layer): Conv2d(2, 3, kernel_size=(1, 1), stride=(1, 1))
        (non_linearity): GELU(approximate='none')
      )
      (1): SynthesisResidualLayer(
        (pad): ReplicationPad2d((0, 0, 0, 0))
        (conv_layer): Conv2d(3, 3, kernel_size=(1, 1), stride=(1, 1))
        (non_linearity): GELU(approximate='none')
      )
      (2): SynthesisResidualLayer(
        (pad): ReplicationPad2d((0, 0, 0, 0))
        (conv_layer): Conv2d(3, 3, kernel_size=(1, 1), stride=(1, 1))
        (non_linearity): GELU(approximate='none')
      )
      (3): SynthesisResidualLayer(
        (pad): ReplicationPad2d((0, 0, 0, 0))
        (conv_layer): Conv2d(3, 3, kernel_size=(1, 1), stride=(1, 1))
        (non_linearity): Identity()
      )
    )
    (agg_func): Sequential(
      (0): SynthesisLayer(
        (pad): ReplicationPad2d((0, 0, 0, 0))
        (conv_layer): Conv2d(18, 3, kernel_size=(1, 1), stride=(1, 1))
        (non_linearity): GELU(approximate='none')
      )
      (1): SynthesisLayer(
        (pad): ReplicationPad2d((0, 0, 0, 0))
        (conv_layer): Conv2d(21, 3, kernel_size=(1, 1), stride=(1, 1))
        (non_linearity): GELU(approximate='none')
      )
      (2): SynthesisLayer(
        (pad): ReplicationPad2d((0, 0, 0, 0))
        (conv_layer): Conv2d(24, 3, kernel_size=(1, 1), stride=(1, 1))
        (non_linearity): GELU(approximate='none')
      )
    )
    (full_net): Sequential(
      (0): SynthesisLayer(
        (pad): ReplicationPad2d((0, 0, 0, 0))
        (conv_layer): Conv2d(7, 12, kernel_size=(1, 1), stride=(1, 1))
        (non_linearity): GELU(approximate='none')
      )
      (1): SynthesisLayer(
        (pad): ReplicationPad2d((0, 0, 0, 0))
        (conv_layer): Conv2d(12, 3, kernel_size=(1, 1), stride=(1, 1))
        (non_linearity): GELU(approximate='none')
      )
      (2): SynthesisResidualLayer(
        (pad): ReplicationPad2d((1, 1, 1, 1))
        (conv_layer): Conv2d(3, 3, kernel_size=(3, 3), stride=(1, 1))
        (non_linearity): GELU(approximate='none')
      )
      (3): SynthesisResidualLayer(
        (pad): ReplicationPad2d((1, 1, 1, 1))
        (conv_layer): Conv2d(3, 3, kernel_size=(3, 3), stride=(1, 1))
        (non_linearity): GELU(approximate='none')
      )
    )
  )
  (modulation_sf): ParameterList(
      (0): Parameter containing: [torch.float32 of size 1x1x8x16 (cuda:0)]
      (1): Parameter containing: [torch.float32 of size 1x1x16x32 (cuda:0)]
      (2): Parameter containing: [torch.float32 of size 1x1x32x64 (cuda:0)]
      (3): Parameter containing: [torch.float32 of size 1x1x64x128 (cuda:0)]
      (4): Parameter containing: [torch.float32 of size 1x1x128x256 (cuda:0)]
      (5): Parameter containing: [torch.float32 of size 1x1x256x512 (cuda:0)]
      (6): Parameter containing: [torch.float32 of size 1x1x512x1024 (cuda:0)]
  )
)
train the 9 -th image
start temperature: 0.3 noise parameter: 2.0
end temperature: 0.1 noise parameter: 1.0
********************Start from stage I
********************going into stage II
eval_object_psnr: 29.875232749775346
eval_background_psnr: 100.0
eval_background_psnr: 100.0
********************Evaluation the Image 9-th, after Step 999, BEST PSNR: 29.875233, Print rate 0.178616. *************************
Saved model at ./saved/modbase_7/context_16_arm_mod_16/sparity_0.0/inr_mod_16KODAK_ROI_Global_new_struture_7_12_3_33_orderconcat_operator_0_pw_0.00406_img_object9.pth
Trained the image with PSNR: 29.875232749775346  latent bits 0.17861558496952057 latent bits number 93646.0078125
[29.80217276723887, 27.666306569777248, 31.411833895494425, 29.875232749775346]
[0.2238871455192566, 0.4796288311481476, 0.20352646708488464, 0.17861558496952057]
[117381.34375, 251463.640625, 106706.484375, 93646.0078125]
load the model: ./saved/modbase_7/context_16_arm_mod_16/sparity_0.0/inr_mod_16KODAK_ROI_Global_new_struture_7_12_3_33_orderconcat_operator_0_pw_0.00406_img_object9.pth for the  9 -th image
********************Evalutation with quantization
********************Starting quantizing models
eval_object_psnr: 29.857613803292747
full_image_psnr: 29.857613803292747
object_psnr: 29.857613803292747
background_psnr: 100.0
********************Evaluation the Image 9-th, BEST PSNR: 29.857614, Print rate 0.179891, Network rate 0.018156. *************************
Evaluate the image: PSNR: 29.857613803292747 All bits: 0.19804705679416656  latent bits: 0.17989100515842438  network bits: 0.018156051635742188
Evaluate arm network bits: 0.0075836181640625 Evaluate synthesis network bits: 0.009588241577148438
Image All bits num: 103833.6953125 latent bits num: 94314.6953125 mlp bits num: 9519.0 border bits num:
arm bits num: 3976.0 synthesis bits num: 5027.0
[29.778528551034725, 27.664481487814445, 31.372995805348506, 29.857613803292747]
[0.24311834573745728, 0.4994208812713623, 0.22215643525123596, 0.19804705679416656]
[127464.03125, 261840.375, 116473.953125, 103833.6953125]
Metrics saved to ./experiments/02/results.csv
Current eval Ave PSNR: 29.668404911872607 Ave Bits 0.2906856797635555
Namespace(batch_size=1, lr=0.01, data='../data', sparsity=0.0, local_upsampling_kernel_size=8, upsampling_kernel_size=8, static_upsampling_kernel=False, latent_factor=1, mod_base=7, highest_flag=1, context_arm=16, dim_arm_mod=16, use_candidate=True, type='other', mod_hid_layer=0, sythesis_features=12, hidden_features=64, hidden_layer=2, scale=1, lambda_rate=0.00406, lambda_rate_list=[0.00406, 0.00208, 0.0001], start_index=0, mask_type='full', wsmse_tag=1, swhdc_tag=0, swhdc_dilations=[1, 2, 3, 4], erp_upsampling=0, erp_phi_ref=30.0, workdir='./experiments/02', train_steps_1=1000, train_steps_2=1000, patch_h=512, patch_w=1024, all_pix_num=524288, eval_pix_num=524288)
Directory './saved/modbase_7/context_16_arm_mod_16' already exists.
Directory './saved/modbase_7/context_16_arm_mod_16/sparity_0.0' already exists.
top %: 0.0

🔁 Stage-1 Training Candidate 1/7
Quantizer parameter: encoding gain  16
total pixel: 524288
Get Mod with shape torch.Size([1, 1, 8, 16]) at layer: 1
Get Mod with shape torch.Size([1, 1, 16, 32]) at layer: 2
Get Mod with shape torch.Size([1, 1, 32, 64]) at layer: 3
Get Mod with shape torch.Size([1, 1, 64, 128]) at layer: 4
Get Mod with shape torch.Size([1, 1, 128, 256]) at layer: 5
Get Mod with shape torch.Size([1, 1, 256, 512]) at layer: 6
Get Mod with shape torch.Size([1, 1, 512, 1024]) at layer: 7
start temperature: 0.3 noise parameter: 2.0
end temperature: 0.3 noise parameter: 2.0
********************Start from stage I
Step 400, BEST PSNR: 28.723972, Total loss 0.002450 with its rate 0.2662627100944519 latent_bits 139598.34375

🔁 Stage-1 Training Candidate 2/7
Quantizer parameter: encoding gain  16
total pixel: 524288
Get Mod with shape torch.Size([1, 1, 8, 16]) at layer: 1
Get Mod with shape torch.Size([1, 1, 16, 32]) at layer: 2
Get Mod with shape torch.Size([1, 1, 32, 64]) at layer: 3
Get Mod with shape torch.Size([1, 1, 64, 128]) at layer: 4
Get Mod with shape torch.Size([1, 1, 128, 256]) at layer: 5
Get Mod with shape torch.Size([1, 1, 256, 512]) at layer: 6
Get Mod with shape torch.Size([1, 1, 512, 1024]) at layer: 7
start temperature: 0.3 noise parameter: 2.0
end temperature: 0.3 noise parameter: 2.0
********************Start from stage I
Step 400, BEST PSNR: 28.252335, Total loss 0.002445 with its rate 0.2319823056459427 latent_bits 121625.5390625

🔁 Stage-1 Training Candidate 3/7
Quantizer parameter: encoding gain  16
total pixel: 524288
Get Mod with shape torch.Size([1, 1, 8, 16]) at layer: 1
Get Mod with shape torch.Size([1, 1, 16, 32]) at layer: 2
Get Mod with shape torch.Size([1, 1, 32, 64]) at layer: 3
Get Mod with shape torch.Size([1, 1, 64, 128]) at layer: 4
Get Mod with shape torch.Size([1, 1, 128, 256]) at layer: 5
Get Mod with shape torch.Size([1, 1, 256, 512]) at layer: 6
Get Mod with shape torch.Size([1, 1, 512, 1024]) at layer: 7
start temperature: 0.3 noise parameter: 2.0
end temperature: 0.3 noise parameter: 2.0
********************Start from stage I
Step 400, BEST PSNR: 29.297572, Total loss 0.002263 with its rate 0.26671749353408813 latent_bits 139836.78125

🔁 Stage-1 Training Candidate 4/7
Quantizer parameter: encoding gain  16
total pixel: 524288
Get Mod with shape torch.Size([1, 1, 8, 16]) at layer: 1
Get Mod with shape torch.Size([1, 1, 16, 32]) at layer: 2
Get Mod with shape torch.Size([1, 1, 32, 64]) at layer: 3
Get Mod with shape torch.Size([1, 1, 64, 128]) at layer: 4
Get Mod with shape torch.Size([1, 1, 128, 256]) at layer: 5
Get Mod with shape torch.Size([1, 1, 256, 512]) at layer: 6
Get Mod with shape torch.Size([1, 1, 512, 1024]) at layer: 7
start temperature: 0.3 noise parameter: 2.0
end temperature: 0.3 noise parameter: 2.0
********************Start from stage I
Step 400, BEST PSNR: 26.695210, Total loss 0.003384 with its rate 0.26527899503707886 latent_bits 139082.59375

🔁 Stage-1 Training Candidate 5/7
Quantizer parameter: encoding gain  16
total pixel: 524288
Get Mod with shape torch.Size([1, 1, 8, 16]) at layer: 1
Get Mod with shape torch.Size([1, 1, 16, 32]) at layer: 2
Get Mod with shape torch.Size([1, 1, 32, 64]) at layer: 3
Get Mod with shape torch.Size([1, 1, 64, 128]) at layer: 4
Get Mod with shape torch.Size([1, 1, 128, 256]) at layer: 5
Get Mod with shape torch.Size([1, 1, 256, 512]) at layer: 6
Get Mod with shape torch.Size([1, 1, 512, 1024]) at layer: 7
start temperature: 0.3 noise parameter: 2.0
end temperature: 0.3 noise parameter: 2.0
********************Start from stage I
Step 400, BEST PSNR: 29.726943, Total loss 0.002138 with its rate 0.263752818107605 latent_bits 138282.4375

🔁 Stage-1 Training Candidate 6/7
Quantizer parameter: encoding gain  16
total pixel: 524288
Get Mod with shape torch.Size([1, 1, 8, 16]) at layer: 1
Get Mod with shape torch.Size([1, 1, 16, 32]) at layer: 2
Get Mod with shape torch.Size([1, 1, 32, 64]) at layer: 3
Get Mod with shape torch.Size([1, 1, 64, 128]) at layer: 4
Get Mod with shape torch.Size([1, 1, 128, 256]) at layer: 5
Get Mod with shape torch.Size([1, 1, 256, 512]) at layer: 6
Get Mod with shape torch.Size([1, 1, 512, 1024]) at layer: 7
start temperature: 0.3 noise parameter: 2.0
end temperature: 0.3 noise parameter: 2.0
********************Start from stage I
Step 400, BEST PSNR: 27.941991, Total loss 0.002708 with its rate 0.25733497738838196 latent_bits 134917.640625

🔁 Stage-1 Training Candidate 7/7
Quantizer parameter: encoding gain  16
total pixel: 524288
Get Mod with shape torch.Size([1, 1, 8, 16]) at layer: 1
Get Mod with shape torch.Size([1, 1, 16, 32]) at layer: 2
Get Mod with shape torch.Size([1, 1, 32, 64]) at layer: 3
Get Mod with shape torch.Size([1, 1, 64, 128]) at layer: 4
Get Mod with shape torch.Size([1, 1, 128, 256]) at layer: 5
Get Mod with shape torch.Size([1, 1, 256, 512]) at layer: 6
Get Mod with shape torch.Size([1, 1, 512, 1024]) at layer: 7
start temperature: 0.3 noise parameter: 2.0
end temperature: 0.3 noise parameter: 2.0
********************Start from stage I
Step 400, BEST PSNR: 29.581498, Total loss 0.002262 with its rate 0.2852232754230499 latent_bits 149539.140625

🌟 Selected Top-3 Candidates by RD cost

🎯 Stage-2 Refining Candidate 1/3
start temperature: 0.3 noise parameter: 2.0
end temperature: 0.3 noise parameter: 2.0
********************Start from stage I
Step 400, BEST PSNR: 30.701394, Total loss 0.002004 with its rate 0.2837485671043396 latent_bits 148765.96875

🎯 Stage-2 Refining Candidate 2/3
start temperature: 0.3 noise parameter: 2.0
end temperature: 0.3 noise parameter: 2.0
********************Start from stage I
Step 400, BEST PSNR: 30.657920, Total loss 0.002081 with its rate 0.3005577325820923 latent_bits 157578.8125

🎯 Stage-2 Refining Candidate 3/3
start temperature: 0.3 noise parameter: 2.0
end temperature: 0.3 noise parameter: 2.0
********************Start from stage I
Step 400, BEST PSNR: 30.397255, Total loss 0.002111 with its rate 0.294853150844574 latent_bits 154587.96875

🏆 Best Candidate Final PSNR: 30.70, Rate: 0.2837
Masked_INR(
  (upsampling_2d): Upsampling(
    (conv_transpose2d): UpsamplingConvTranspose2d()
  )
  (arm): Arm(
    (mlp): Sequential(
      (0): ArmConv(
        (conv1_1): Conv1d(16, 16, kernel_size=(1,), stride=(1,))
      )
      (1): GELU(approximate='none')
      (2): ArmConv(
        (conv1_1): Conv1d(16, 16, kernel_size=(1,), stride=(1,))
      )
      (3): GELU(approximate='none')
      (4): ArmConv(
        (conv1_1): Conv1d(16, 2, kernel_size=(1,), stride=(1,))
      )
    )
  )
  (conv_mod): LocalGlobalBlock(
    (net): Sequential(
      (0): SynthesisLayer(
        (pad): ReplicationPad2d((0, 0, 0, 0))
        (conv_layer): Conv2d(2, 3, kernel_size=(1, 1), stride=(1, 1))
        (non_linearity): GELU(approximate='none')
      )
      (1): SynthesisResidualLayer(
        (pad): ReplicationPad2d((0, 0, 0, 0))
        (conv_layer): Conv2d(3, 3, kernel_size=(1, 1), stride=(1, 1))
        (non_linearity): GELU(approximate='none')
      )
      (2): SynthesisResidualLayer(
        (pad): ReplicationPad2d((0, 0, 0, 0))
        (conv_layer): Conv2d(3, 3, kernel_size=(1, 1), stride=(1, 1))
        (non_linearity): GELU(approximate='none')
      )
      (3): SynthesisResidualLayer(
        (pad): ReplicationPad2d((0, 0, 0, 0))
        (conv_layer): Conv2d(3, 3, kernel_size=(1, 1), stride=(1, 1))
        (non_linearity): Identity()
      )
    )
    (global_net): Sequential(
      (0): SynthesisLayer(
        (pad): ReplicationPad2d((0, 0, 0, 0))
        (conv_layer): Conv2d(2, 3, kernel_size=(1, 1), stride=(1, 1))
        (non_linearity): GELU(approximate='none')
      )
      (1): SynthesisResidualLayer(
        (pad): ReplicationPad2d((0, 0, 0, 0))
        (conv_layer): Conv2d(3, 3, kernel_size=(1, 1), stride=(1, 1))
        (non_linearity): GELU(approximate='none')
      )
      (2): SynthesisResidualLayer(
        (pad): ReplicationPad2d((0, 0, 0, 0))
        (conv_layer): Conv2d(3, 3, kernel_size=(1, 1), stride=(1, 1))
        (non_linearity): GELU(approximate='none')
      )
      (3): SynthesisResidualLayer(
        (pad): ReplicationPad2d((0, 0, 0, 0))
        (conv_layer): Conv2d(3, 3, kernel_size=(1, 1), stride=(1, 1))
        (non_linearity): Identity()
      )
    )
    (agg_func): Sequential(
      (0): SynthesisLayer(
        (pad): ReplicationPad2d((0, 0, 0, 0))
        (conv_layer): Conv2d(18, 3, kernel_size=(1, 1), stride=(1, 1))
        (non_linearity): GELU(approximate='none')
      )
      (1): SynthesisLayer(
        (pad): ReplicationPad2d((0, 0, 0, 0))
        (conv_layer): Conv2d(21, 3, kernel_size=(1, 1), stride=(1, 1))
        (non_linearity): GELU(approximate='none')
      )
      (2): SynthesisLayer(
        (pad): ReplicationPad2d((0, 0, 0, 0))
        (conv_layer): Conv2d(24, 3, kernel_size=(1, 1), stride=(1, 1))
        (non_linearity): GELU(approximate='none')
      )
    )
    (full_net): Sequential(
      (0): SynthesisLayer(
        (pad): ReplicationPad2d((0, 0, 0, 0))
        (conv_layer): Conv2d(7, 12, kernel_size=(1, 1), stride=(1, 1))
        (non_linearity): GELU(approximate='none')
      )
      (1): SynthesisLayer(
        (pad): ReplicationPad2d((0, 0, 0, 0))
        (conv_layer): Conv2d(12, 3, kernel_size=(1, 1), stride=(1, 1))
        (non_linearity): GELU(approximate='none')
      )
      (2): SynthesisResidualLayer(
        (pad): ReplicationPad2d((1, 1, 1, 1))
        (conv_layer): Conv2d(3, 3, kernel_size=(3, 3), stride=(1, 1))
        (non_linearity): GELU(approximate='none')
      )
      (3): SynthesisResidualLayer(
        (pad): ReplicationPad2d((1, 1, 1, 1))
        (conv_layer): Conv2d(3, 3, kernel_size=(3, 3), stride=(1, 1))
        (non_linearity): GELU(approximate='none')
      )
    )
  )
  (modulation_sf): ParameterList(
      (0): Parameter containing: [torch.float32 of size 1x1x8x16 (cuda:0)]
      (1): Parameter containing: [torch.float32 of size 1x1x16x32 (cuda:0)]
      (2): Parameter containing: [torch.float32 of size 1x1x32x64 (cuda:0)]
      (3): Parameter containing: [torch.float32 of size 1x1x64x128 (cuda:0)]
      (4): Parameter containing: [torch.float32 of size 1x1x128x256 (cuda:0)]
      (5): Parameter containing: [torch.float32 of size 1x1x256x512 (cuda:0)]
      (6): Parameter containing: [torch.float32 of size 1x1x512x1024 (cuda:0)]
  )
)
train the 12 -th image
start temperature: 0.3 noise parameter: 2.0
end temperature: 0.1 noise parameter: 1.0
********************Start from stage I
********************going into stage II
eval_object_psnr: 31.383534027304776
eval_background_psnr: 100.0
eval_background_psnr: 100.0
********************Evaluation the Image 12-th, after Step 999, BEST PSNR: 31.383534, Print rate 0.182892. *************************
Saved model at ./saved/modbase_7/context_16_arm_mod_16/sparity_0.0/inr_mod_16KODAK_ROI_Global_new_struture_7_12_3_33_orderconcat_operator_0_pw_0.00406_img_object12.pth
Trained the image with PSNR: 31.383534027304776  latent bits 0.18289153277873993 latent bits number 95887.8359375
[29.80217276723887, 27.666306569777248, 31.411833895494425, 29.875232749775346, 31.383534027304776]
[0.2238871455192566, 0.4796288311481476, 0.20352646708488464, 0.17861558496952057, 0.18289153277873993]
[117381.34375, 251463.640625, 106706.484375, 93646.0078125, 95887.8359375]
load the model: ./saved/modbase_7/context_16_arm_mod_16/sparity_0.0/inr_mod_16KODAK_ROI_Global_new_struture_7_12_3_33_orderconcat_operator_0_pw_0.00406_img_object12.pth for the  12 -th image
********************Evalutation with quantization
********************Starting quantizing models
eval_object_psnr: 31.37164293933385
full_image_psnr: 31.37164293933385
object_psnr: 31.37164293933385
background_psnr: 100.0
********************Evaluation the Image 12-th, BEST PSNR: 31.371643, Print rate 0.183454, Network rate 0.017460. *************************
Evaluate the image: PSNR: 31.37164293933385 All bits: 0.20091411471366882  latent bits: 0.1834542453289032  network bits: 0.017459869384765625
Evaluate arm network bits: 0.007724761962890625 Evaluate synthesis network bits: 0.008768081665039062
Image All bits num: 105336.859375 latent bits num: 96182.859375 mlp bits num: 9154.0 border bits num:
arm bits num: 4050.0 synthesis bits num: 4597.0
[29.778528551034725, 27.664481487814445, 31.372995805348506, 29.857613803292747, 31.37164293933385]
[0.24311834573745728, 0.4994208812713623, 0.22215643525123596, 0.19804705679416656, 0.20091411471366882]
[127464.03125, 261840.375, 116473.953125, 103833.6953125, 105336.859375]
Metrics saved to ./experiments/02/results.csv
Current eval Ave PSNR: 30.009052517364854 Ave Bits 0.2727313667535782
.......Copmlete all dataset training......
Ave Training PSNR: 30.027816001918133 Ave Training Bits 0.25370991230010986
Training PSNR: [29.80217276723887, 27.666306569777248, 31.411833895494425, 29.875232749775346, 31.383534027304776]
Training rate: [0.2238871455192566, 0.4796288311481476, 0.20352646708488464, 0.17861558496952057, 0.18289153277873993]
Evalutation: Ave Eval PSNR: 30.009052517364854 Ave Eval all bits: 0.2727313667535782 Ave Eval Bits 0.25452915728092196 Ave Eval Network 0.01820220947265625
Eval All PSNR: [29.778528551034725, 27.664481487814445, 31.372995805348506, 29.857613803292747, 31.37164293933385]
Eval All rate [0.24311834573745728, 0.4994208812713623, 0.22215643525123596, 0.19804705679416656, 0.20091411471366882]
Eval Latent rate [0.22463232278823853, 0.48077845573425293, 0.20388975739479065, 0.17989100515842438, 0.1834542453289032]
Eval MLP rate [0.01848602294921875, 0.018642425537109375, 0.018266677856445312, 0.018156051635742188, 0.017459869384765625]
Namespace(batch_size=1, lr=0.01, data='../data', sparsity=0.0, local_upsampling_kernel_size=8, upsampling_kernel_size=8, static_upsampling_kernel=False, latent_factor=1, mod_base=7, highest_flag=1, context_arm=16, dim_arm_mod=16, use_candidate=True, type='other', mod_hid_layer=0, sythesis_features=12, hidden_features=64, hidden_layer=2, scale=1, lambda_rate=0.00208, lambda_rate_list=[0.00406, 0.00208, 0.0001], start_index=0, mask_type='full', wsmse_tag=1, swhdc_tag=0, swhdc_dilations=[1, 2, 3, 4], erp_upsampling=0, erp_phi_ref=30.0, workdir='./experiments/02', train_steps_1=1000, train_steps_2=1000, patch_h=512, patch_w=1024, all_pix_num=524288, eval_pix_num=524288)
Directory './saved/modbase_7/context_16_arm_mod_16' already exists.
Directory './saved/modbase_7/context_16_arm_mod_16/sparity_0.0' already exists.
top %: 0.0

🔁 Stage-1 Training Candidate 1/7
Quantizer parameter: encoding gain  16
total pixel: 524288
Get Mod with shape torch.Size([1, 1, 8, 16]) at layer: 1
Get Mod with shape torch.Size([1, 1, 16, 32]) at layer: 2
Get Mod with shape torch.Size([1, 1, 32, 64]) at layer: 3
Get Mod with shape torch.Size([1, 1, 64, 128]) at layer: 4
Get Mod with shape torch.Size([1, 1, 128, 256]) at layer: 5
Get Mod with shape torch.Size([1, 1, 256, 512]) at layer: 6
Get Mod with shape torch.Size([1, 1, 512, 1024]) at layer: 7
start temperature: 0.3 noise parameter: 2.0
end temperature: 0.3 noise parameter: 2.0
********************Start from stage I
Step 400, BEST PSNR: 29.573129, Total loss 0.002092 with its rate 0.4711812436580658 latent_bits 247034.671875

🔁 Stage-1 Training Candidate 2/7
Quantizer parameter: encoding gain  16
total pixel: 524288
Get Mod with shape torch.Size([1, 1, 8, 16]) at layer: 1
Get Mod with shape torch.Size([1, 1, 16, 32]) at layer: 2
Get Mod with shape torch.Size([1, 1, 32, 64]) at layer: 3
Get Mod with shape torch.Size([1, 1, 64, 128]) at layer: 4
Get Mod with shape torch.Size([1, 1, 128, 256]) at layer: 5
Get Mod with shape torch.Size([1, 1, 256, 512]) at layer: 6
Get Mod with shape torch.Size([1, 1, 512, 1024]) at layer: 7
start temperature: 0.3 noise parameter: 2.0
end temperature: 0.3 noise parameter: 2.0
********************Start from stage I
Step 400, BEST PSNR: 30.213016, Total loss 0.001901 with its rate 0.45320063829421997 latent_bits 237607.65625

🔁 Stage-1 Training Candidate 3/7
Quantizer parameter: encoding gain  16
total pixel: 524288
Get Mod with shape torch.Size([1, 1, 8, 16]) at layer: 1
Get Mod with shape torch.Size([1, 1, 16, 32]) at layer: 2
Get Mod with shape torch.Size([1, 1, 32, 64]) at layer: 3
Get Mod with shape torch.Size([1, 1, 64, 128]) at layer: 4
Get Mod with shape torch.Size([1, 1, 128, 256]) at layer: 5
Get Mod with shape torch.Size([1, 1, 256, 512]) at layer: 6
Get Mod with shape torch.Size([1, 1, 512, 1024]) at layer: 7
start temperature: 0.3 noise parameter: 2.0
end temperature: 0.3 noise parameter: 2.0
********************Start from stage I
Step 400, BEST PSNR: 30.063343, Total loss 0.001947 with its rate 0.4601099491119385 latent_bits 241230.125

🔁 Stage-1 Training Candidate 4/7
Quantizer parameter: encoding gain  16
total pixel: 524288
Get Mod with shape torch.Size([1, 1, 8, 16]) at layer: 1
Get Mod with shape torch.Size([1, 1, 16, 32]) at layer: 2
Get Mod with shape torch.Size([1, 1, 32, 64]) at layer: 3
Get Mod with shape torch.Size([1, 1, 64, 128]) at layer: 4
Get Mod with shape torch.Size([1, 1, 128, 256]) at layer: 5
Get Mod with shape torch.Size([1, 1, 256, 512]) at layer: 6
Get Mod with shape torch.Size([1, 1, 512, 1024]) at layer: 7
start temperature: 0.3 noise parameter: 2.0
end temperature: 0.3 noise parameter: 2.0
********************Start from stage I
Step 400, BEST PSNR: 29.179501, Total loss 0.002185 with its rate 0.46101003885269165 latent_bits 241702.03125

🔁 Stage-1 Training Candidate 5/7
Quantizer parameter: encoding gain  16
total pixel: 524288
Get Mod with shape torch.Size([1, 1, 8, 16]) at layer: 1
Get Mod with shape torch.Size([1, 1, 16, 32]) at layer: 2
Get Mod with shape torch.Size([1, 1, 32, 64]) at layer: 3
Get Mod with shape torch.Size([1, 1, 64, 128]) at layer: 4
Get Mod with shape torch.Size([1, 1, 128, 256]) at layer: 5
Get Mod with shape torch.Size([1, 1, 256, 512]) at layer: 6
Get Mod with shape torch.Size([1, 1, 512, 1024]) at layer: 7
start temperature: 0.3 noise parameter: 2.0
end temperature: 0.3 noise parameter: 2.0
********************Start from stage I
Step 400, BEST PSNR: 29.544803, Total loss 0.002141 with its rate 0.487382709980011 latent_bits 255528.90625

🔁 Stage-1 Training Candidate 6/7
Quantizer parameter: encoding gain  16
total pixel: 524288
Get Mod with shape torch.Size([1, 1, 8, 16]) at layer: 1
Get Mod with shape torch.Size([1, 1, 16, 32]) at layer: 2
Get Mod with shape torch.Size([1, 1, 32, 64]) at layer: 3
Get Mod with shape torch.Size([1, 1, 64, 128]) at layer: 4
Get Mod with shape torch.Size([1, 1, 128, 256]) at layer: 5
Get Mod with shape torch.Size([1, 1, 256, 512]) at layer: 6
Get Mod with shape torch.Size([1, 1, 512, 1024]) at layer: 7
start temperature: 0.3 noise parameter: 2.0
end temperature: 0.3 noise parameter: 2.0
********************Start from stage I
Step 400, BEST PSNR: 29.153164, Total loss 0.002206 with its rate 0.4685056507587433 latent_bits 245631.890625

🔁 Stage-1 Training Candidate 7/7
Quantizer parameter: encoding gain  16
total pixel: 524288
Get Mod with shape torch.Size([1, 1, 8, 16]) at layer: 1
Get Mod with shape torch.Size([1, 1, 16, 32]) at layer: 2
Get Mod with shape torch.Size([1, 1, 32, 64]) at layer: 3
Get Mod with shape torch.Size([1, 1, 64, 128]) at layer: 4
Get Mod with shape torch.Size([1, 1, 128, 256]) at layer: 5
Get Mod with shape torch.Size([1, 1, 256, 512]) at layer: 6
Get Mod with shape torch.Size([1, 1, 512, 1024]) at layer: 7
start temperature: 0.3 noise parameter: 2.0
end temperature: 0.3 noise parameter: 2.0
********************Start from stage I
Step 400, BEST PSNR: 28.599842, Total loss 0.002358 with its rate 0.456275999546051 latent_bits 239220.03125

🌟 Selected Top-3 Candidates by RD cost

🎯 Stage-2 Refining Candidate 1/3
start temperature: 0.3 noise parameter: 2.0
end temperature: 0.3 noise parameter: 2.0
********************Start from stage I
Step 400, BEST PSNR: 30.693682, Total loss 0.001949 with its rate 0.5255485773086548 latent_bits 275538.8125

🎯 Stage-2 Refining Candidate 2/3
start temperature: 0.3 noise parameter: 2.0
end temperature: 0.3 noise parameter: 2.0
********************Start from stage I
Step 400, BEST PSNR: 31.101251, Total loss 0.001771 with its rate 0.47593599557876587 latent_bits 249527.53125

🎯 Stage-2 Refining Candidate 3/3
start temperature: 0.3 noise parameter: 2.0
end temperature: 0.3 noise parameter: 2.0
********************Start from stage I
Step 400, BEST PSNR: 31.433853, Total loss 0.001726 with its rate 0.48228082060813904 latent_bits 252854.046875

🏆 Best Candidate Final PSNR: 31.43, Rate: 0.4823
Masked_INR(
  (upsampling_2d): Upsampling(
    (conv_transpose2d): UpsamplingConvTranspose2d()
  )
  (arm): Arm(
    (mlp): Sequential(
      (0): ArmConv(
        (conv1_1): Conv1d(16, 16, kernel_size=(1,), stride=(1,))
      )
      (1): GELU(approximate='none')
      (2): ArmConv(
        (conv1_1): Conv1d(16, 16, kernel_size=(1,), stride=(1,))
      )
      (3): GELU(approximate='none')
      (4): ArmConv(
        (conv1_1): Conv1d(16, 2, kernel_size=(1,), stride=(1,))
      )
    )
  )
  (conv_mod): LocalGlobalBlock(
    (net): Sequential(
      (0): SynthesisLayer(
        (pad): ReplicationPad2d((0, 0, 0, 0))
        (conv_layer): Conv2d(2, 3, kernel_size=(1, 1), stride=(1, 1))
        (non_linearity): GELU(approximate='none')
      )
      (1): SynthesisResidualLayer(
        (pad): ReplicationPad2d((0, 0, 0, 0))
        (conv_layer): Conv2d(3, 3, kernel_size=(1, 1), stride=(1, 1))
        (non_linearity): GELU(approximate='none')
      )
      (2): SynthesisResidualLayer(
        (pad): ReplicationPad2d((0, 0, 0, 0))
        (conv_layer): Conv2d(3, 3, kernel_size=(1, 1), stride=(1, 1))
        (non_linearity): GELU(approximate='none')
      )
      (3): SynthesisResidualLayer(
        (pad): ReplicationPad2d((0, 0, 0, 0))
        (conv_layer): Conv2d(3, 3, kernel_size=(1, 1), stride=(1, 1))
        (non_linearity): Identity()
      )
    )
    (global_net): Sequential(
      (0): SynthesisLayer(
        (pad): ReplicationPad2d((0, 0, 0, 0))
        (conv_layer): Conv2d(2, 3, kernel_size=(1, 1), stride=(1, 1))
        (non_linearity): GELU(approximate='none')
      )
      (1): SynthesisResidualLayer(
        (pad): ReplicationPad2d((0, 0, 0, 0))
        (conv_layer): Conv2d(3, 3, kernel_size=(1, 1), stride=(1, 1))
        (non_linearity): GELU(approximate='none')
      )
      (2): SynthesisResidualLayer(
        (pad): ReplicationPad2d((0, 0, 0, 0))
        (conv_layer): Conv2d(3, 3, kernel_size=(1, 1), stride=(1, 1))
        (non_linearity): GELU(approximate='none')
      )
      (3): SynthesisResidualLayer(
        (pad): ReplicationPad2d((0, 0, 0, 0))
        (conv_layer): Conv2d(3, 3, kernel_size=(1, 1), stride=(1, 1))
        (non_linearity): Identity()
      )
    )
    (agg_func): Sequential(
      (0): SynthesisLayer(
        (pad): ReplicationPad2d((0, 0, 0, 0))
        (conv_layer): Conv2d(18, 3, kernel_size=(1, 1), stride=(1, 1))
        (non_linearity): GELU(approximate='none')
      )
      (1): SynthesisLayer(
        (pad): ReplicationPad2d((0, 0, 0, 0))
        (conv_layer): Conv2d(21, 3, kernel_size=(1, 1), stride=(1, 1))
        (non_linearity): GELU(approximate='none')
      )
      (2): SynthesisLayer(
        (pad): ReplicationPad2d((0, 0, 0, 0))
        (conv_layer): Conv2d(24, 3, kernel_size=(1, 1), stride=(1, 1))
        (non_linearity): GELU(approximate='none')
      )
    )
    (full_net): Sequential(
      (0): SynthesisLayer(
        (pad): ReplicationPad2d((0, 0, 0, 0))
        (conv_layer): Conv2d(7, 12, kernel_size=(1, 1), stride=(1, 1))
        (non_linearity): GELU(approximate='none')
      )
      (1): SynthesisLayer(
        (pad): ReplicationPad2d((0, 0, 0, 0))
        (conv_layer): Conv2d(12, 3, kernel_size=(1, 1), stride=(1, 1))
        (non_linearity): GELU(approximate='none')
      )
      (2): SynthesisResidualLayer(
        (pad): ReplicationPad2d((1, 1, 1, 1))
        (conv_layer): Conv2d(3, 3, kernel_size=(3, 3), stride=(1, 1))
        (non_linearity): GELU(approximate='none')
      )
      (3): SynthesisResidualLayer(
        (pad): ReplicationPad2d((1, 1, 1, 1))
        (conv_layer): Conv2d(3, 3, kernel_size=(3, 3), stride=(1, 1))
        (non_linearity): GELU(approximate='none')
      )
    )
  )
  (modulation_sf): ParameterList(
      (0): Parameter containing: [torch.float32 of size 1x1x8x16 (cuda:0)]
      (1): Parameter containing: [torch.float32 of size 1x1x16x32 (cuda:0)]
      (2): Parameter containing: [torch.float32 of size 1x1x32x64 (cuda:0)]
      (3): Parameter containing: [torch.float32 of size 1x1x64x128 (cuda:0)]
      (4): Parameter containing: [torch.float32 of size 1x1x128x256 (cuda:0)]
      (5): Parameter containing: [torch.float32 of size 1x1x256x512 (cuda:0)]
      (6): Parameter containing: [torch.float32 of size 1x1x512x1024 (cuda:0)]
  )
)
train the 0 -th image
start temperature: 0.3 noise parameter: 2.0
end temperature: 0.1 noise parameter: 1.0
********************Start from stage I
********************going into stage II
eval_object_psnr: 32.31993127530558
eval_background_psnr: 100.0
eval_background_psnr: 100.0
********************Evaluation the Image 0-th, after Step 999, BEST PSNR: 32.319931, Print rate 0.380290. *************************
Saved model at ./saved/modbase_7/context_16_arm_mod_16/sparity_0.0/inr_mod_16KODAK_ROI_Global_new_struture_7_12_3_33_orderconcat_operator_0_pw_0.00208_img_object0.pth
Trained the image with PSNR: 32.31993127530558  latent bits 0.38029009103775024 latent bits number 199381.53125
[32.31993127530558]
[0.38029009103775024]
[199381.53125]
load the model: ./saved/modbase_7/context_16_arm_mod_16/sparity_0.0/inr_mod_16KODAK_ROI_Global_new_struture_7_12_3_33_orderconcat_operator_0_pw_0.00208_img_object0.pth for the  0 -th image
********************Evalutation with quantization
********************Starting quantizing models
eval_object_psnr: 32.28666851699443
full_image_psnr: 32.28666851699443
object_psnr: 32.28666851699443
background_psnr: 100.0
********************Evaluation the Image 0-th, BEST PSNR: 32.286669, Print rate 0.381138, Network rate 0.017223. *************************
Evaluate the image: PSNR: 32.28666851699443 All bits: 0.3983614444732666  latent bits: 0.3811380863189697  network bits: 0.017223358154296875
Evaluate arm network bits: 0.007701873779296875 Evaluate synthesis network bits: 0.00870513916015625
Image All bits num: 208856.125 latent bits num: 199826.125 mlp bits num: 9030.0 border bits num:
arm bits num: 4038.0 synthesis bits num: 4564.0
[32.28666851699443]
[0.3983614444732666]
[208856.125]
Metrics saved to ./experiments/02/results.csv
Current eval Ave PSNR: 32.28666851699443 Ave Bits 0.3983614444732666
Namespace(batch_size=1, lr=0.01, data='../data', sparsity=0.0, local_upsampling_kernel_size=8, upsampling_kernel_size=8, static_upsampling_kernel=False, latent_factor=1, mod_base=7, highest_flag=1, context_arm=16, dim_arm_mod=16, use_candidate=True, type='other', mod_hid_layer=0, sythesis_features=12, hidden_features=64, hidden_layer=2, scale=1, lambda_rate=0.00208, lambda_rate_list=[0.00406, 0.00208, 0.0001], start_index=0, mask_type='full', wsmse_tag=1, swhdc_tag=0, swhdc_dilations=[1, 2, 3, 4], erp_upsampling=0, erp_phi_ref=30.0, workdir='./experiments/02', train_steps_1=1000, train_steps_2=1000, patch_h=512, patch_w=1024, all_pix_num=524288, eval_pix_num=524288)
Directory './saved/modbase_7/context_16_arm_mod_16' already exists.
Directory './saved/modbase_7/context_16_arm_mod_16/sparity_0.0' already exists.
top %: 0.0

🔁 Stage-1 Training Candidate 1/7
Quantizer parameter: encoding gain  16
total pixel: 524288
Get Mod with shape torch.Size([1, 1, 8, 16]) at layer: 1
Get Mod with shape torch.Size([1, 1, 16, 32]) at layer: 2
Get Mod with shape torch.Size([1, 1, 32, 64]) at layer: 3
Get Mod with shape torch.Size([1, 1, 64, 128]) at layer: 4
Get Mod with shape torch.Size([1, 1, 128, 256]) at layer: 5
Get Mod with shape torch.Size([1, 1, 256, 512]) at layer: 6
Get Mod with shape torch.Size([1, 1, 512, 1024]) at layer: 7
start temperature: 0.3 noise parameter: 2.0
end temperature: 0.3 noise parameter: 2.0
********************Start from stage I
Step 400, BEST PSNR: 28.080094, Total loss 0.003444 with its rate 0.9044516682624817 latent_bits 474193.15625

🔁 Stage-1 Training Candidate 2/7
Quantizer parameter: encoding gain  16
total pixel: 524288
Get Mod with shape torch.Size([1, 1, 8, 16]) at layer: 1
Get Mod with shape torch.Size([1, 1, 16, 32]) at layer: 2
Get Mod with shape torch.Size([1, 1, 32, 64]) at layer: 3
Get Mod with shape torch.Size([1, 1, 64, 128]) at layer: 4
Get Mod with shape torch.Size([1, 1, 128, 256]) at layer: 5
Get Mod with shape torch.Size([1, 1, 256, 512]) at layer: 6
Get Mod with shape torch.Size([1, 1, 512, 1024]) at layer: 7
start temperature: 0.3 noise parameter: 2.0
end temperature: 0.3 noise parameter: 2.0
********************Start from stage I
Step 400, BEST PSNR: 28.036466, Total loss 0.003407 with its rate 0.878929615020752 latent_bits 460812.25

🔁 Stage-1 Training Candidate 3/7
Quantizer parameter: encoding gain  16
total pixel: 524288
Get Mod with shape torch.Size([1, 1, 8, 16]) at layer: 1
Get Mod with shape torch.Size([1, 1, 16, 32]) at layer: 2
Get Mod with shape torch.Size([1, 1, 32, 64]) at layer: 3
Get Mod with shape torch.Size([1, 1, 64, 128]) at layer: 4
Get Mod with shape torch.Size([1, 1, 128, 256]) at layer: 5
Get Mod with shape torch.Size([1, 1, 256, 512]) at layer: 6
Get Mod with shape torch.Size([1, 1, 512, 1024]) at layer: 7
start temperature: 0.3 noise parameter: 2.0
end temperature: 0.3 noise parameter: 2.0
********************Start from stage I
Step 400, BEST PSNR: 28.238493, Total loss 0.003364 with its rate 0.893892765045166 latent_bits 468657.25

🔁 Stage-1 Training Candidate 4/7
Quantizer parameter: encoding gain  16
total pixel: 524288
Get Mod with shape torch.Size([1, 1, 8, 16]) at layer: 1
Get Mod with shape torch.Size([1, 1, 16, 32]) at layer: 2
Get Mod with shape torch.Size([1, 1, 32, 64]) at layer: 3
Get Mod with shape torch.Size([1, 1, 64, 128]) at layer: 4
Get Mod with shape torch.Size([1, 1, 128, 256]) at layer: 5
Get Mod with shape torch.Size([1, 1, 256, 512]) at layer: 6
Get Mod with shape torch.Size([1, 1, 512, 1024]) at layer: 7
start temperature: 0.3 noise parameter: 2.0
end temperature: 0.3 noise parameter: 2.0
********************Start from stage I
Step 400, BEST PSNR: 28.019808, Total loss 0.003392 with its rate 0.8695185780525208 latent_bits 455878.15625

🔁 Stage-1 Training Candidate 5/7
Quantizer parameter: encoding gain  16
total pixel: 524288
Get Mod with shape torch.Size([1, 1, 8, 16]) at layer: 1
Get Mod with shape torch.Size([1, 1, 16, 32]) at layer: 2
Get Mod with shape torch.Size([1, 1, 32, 64]) at layer: 3
Get Mod with shape torch.Size([1, 1, 64, 128]) at layer: 4
Get Mod with shape torch.Size([1, 1, 128, 256]) at layer: 5
Get Mod with shape torch.Size([1, 1, 256, 512]) at layer: 6
Get Mod with shape torch.Size([1, 1, 512, 1024]) at layer: 7
start temperature: 0.3 noise parameter: 2.0
end temperature: 0.3 noise parameter: 2.0
********************Start from stage I
Step 400, BEST PSNR: 27.987262, Total loss 0.003395 with its rate 0.8654698133468628 latent_bits 453755.4375

🔁 Stage-1 Training Candidate 6/7
Quantizer parameter: encoding gain  16
total pixel: 524288
Get Mod with shape torch.Size([1, 1, 8, 16]) at layer: 1
Get Mod with shape torch.Size([1, 1, 16, 32]) at layer: 2
Get Mod with shape torch.Size([1, 1, 32, 64]) at layer: 3
Get Mod with shape torch.Size([1, 1, 64, 128]) at layer: 4
Get Mod with shape torch.Size([1, 1, 128, 256]) at layer: 5
Get Mod with shape torch.Size([1, 1, 256, 512]) at layer: 6
Get Mod with shape torch.Size([1, 1, 512, 1024]) at layer: 7
start temperature: 0.3 noise parameter: 2.0
end temperature: 0.3 noise parameter: 2.0
********************Start from stage I
Step 400, BEST PSNR: 28.183229, Total loss 0.003358 with its rate 0.8817378282546997 latent_bits 462284.5625

🔁 Stage-1 Training Candidate 7/7
Quantizer parameter: encoding gain  16
total pixel: 524288
Get Mod with shape torch.Size([1, 1, 8, 16]) at layer: 1
Get Mod with shape torch.Size([1, 1, 16, 32]) at layer: 2
Get Mod with shape torch.Size([1, 1, 32, 64]) at layer: 3
Get Mod with shape torch.Size([1, 1, 64, 128]) at layer: 4
Get Mod with shape torch.Size([1, 1, 128, 256]) at layer: 5
Get Mod with shape torch.Size([1, 1, 256, 512]) at layer: 6
Get Mod with shape torch.Size([1, 1, 512, 1024]) at layer: 7
start temperature: 0.3 noise parameter: 2.0
end temperature: 0.3 noise parameter: 2.0
********************Start from stage I
Step 400, BEST PSNR: 27.613495, Total loss 0.003567 with its rate 0.8794053196907043 latent_bits 461061.65625

🌟 Selected Top-3 Candidates by RD cost

🎯 Stage-2 Refining Candidate 1/3
start temperature: 0.3 noise parameter: 2.0
end temperature: 0.3 noise parameter: 2.0
********************Start from stage I
Step 400, BEST PSNR: 29.092488, Total loss 0.003044 with its rate 0.8709419965744019 latent_bits 456624.4375

🎯 Stage-2 Refining Candidate 2/3
start temperature: 0.3 noise parameter: 2.0
end temperature: 0.3 noise parameter: 2.0
********************Start from stage I
Step 400, BEST PSNR: 29.094038, Total loss 0.003056 with its rate 0.8768079876899719 latent_bits 459699.90625

🎯 Stage-2 Refining Candidate 3/3
start temperature: 0.3 noise parameter: 2.0
end temperature: 0.3 noise parameter: 2.0
********************Start from stage I
Step 400, BEST PSNR: 29.013765, Total loss 0.003098 with its rate 0.8858879804611206 latent_bits 464460.4375

🏆 Best Candidate Final PSNR: 29.09, Rate: 0.8709
Masked_INR(
  (upsampling_2d): Upsampling(
    (conv_transpose2d): UpsamplingConvTranspose2d()
  )
  (arm): Arm(
    (mlp): Sequential(
      (0): ArmConv(
        (conv1_1): Conv1d(16, 16, kernel_size=(1,), stride=(1,))
      )
      (1): GELU(approximate='none')
      (2): ArmConv(
        (conv1_1): Conv1d(16, 16, kernel_size=(1,), stride=(1,))
      )
      (3): GELU(approximate='none')
      (4): ArmConv(
        (conv1_1): Conv1d(16, 2, kernel_size=(1,), stride=(1,))
      )
    )
  )
  (conv_mod): LocalGlobalBlock(
    (net): Sequential(
      (0): SynthesisLayer(
        (pad): ReplicationPad2d((0, 0, 0, 0))
        (conv_layer): Conv2d(2, 3, kernel_size=(1, 1), stride=(1, 1))
        (non_linearity): GELU(approximate='none')
      )
      (1): SynthesisResidualLayer(
        (pad): ReplicationPad2d((0, 0, 0, 0))
        (conv_layer): Conv2d(3, 3, kernel_size=(1, 1), stride=(1, 1))
        (non_linearity): GELU(approximate='none')
      )
      (2): SynthesisResidualLayer(
        (pad): ReplicationPad2d((0, 0, 0, 0))
        (conv_layer): Conv2d(3, 3, kernel_size=(1, 1), stride=(1, 1))
        (non_linearity): GELU(approximate='none')
      )
      (3): SynthesisResidualLayer(
        (pad): ReplicationPad2d((0, 0, 0, 0))
        (conv_layer): Conv2d(3, 3, kernel_size=(1, 1), stride=(1, 1))
        (non_linearity): Identity()
      )
    )
    (global_net): Sequential(
      (0): SynthesisLayer(
        (pad): ReplicationPad2d((0, 0, 0, 0))
        (conv_layer): Conv2d(2, 3, kernel_size=(1, 1), stride=(1, 1))
        (non_linearity): GELU(approximate='none')
      )
      (1): SynthesisResidualLayer(
        (pad): ReplicationPad2d((0, 0, 0, 0))
        (conv_layer): Conv2d(3, 3, kernel_size=(1, 1), stride=(1, 1))
        (non_linearity): GELU(approximate='none')
      )
      (2): SynthesisResidualLayer(
        (pad): ReplicationPad2d((0, 0, 0, 0))
        (conv_layer): Conv2d(3, 3, kernel_size=(1, 1), stride=(1, 1))
        (non_linearity): GELU(approximate='none')
      )
      (3): SynthesisResidualLayer(
        (pad): ReplicationPad2d((0, 0, 0, 0))
        (conv_layer): Conv2d(3, 3, kernel_size=(1, 1), stride=(1, 1))
        (non_linearity): Identity()
      )
    )
    (agg_func): Sequential(
      (0): SynthesisLayer(
        (pad): ReplicationPad2d((0, 0, 0, 0))
        (conv_layer): Conv2d(18, 3, kernel_size=(1, 1), stride=(1, 1))
        (non_linearity): GELU(approximate='none')
      )
      (1): SynthesisLayer(
        (pad): ReplicationPad2d((0, 0, 0, 0))
        (conv_layer): Conv2d(21, 3, kernel_size=(1, 1), stride=(1, 1))
        (non_linearity): GELU(approximate='none')
      )
      (2): SynthesisLayer(
        (pad): ReplicationPad2d((0, 0, 0, 0))
        (conv_layer): Conv2d(24, 3, kernel_size=(1, 1), stride=(1, 1))
        (non_linearity): GELU(approximate='none')
      )
    )
    (full_net): Sequential(
      (0): SynthesisLayer(
        (pad): ReplicationPad2d((0, 0, 0, 0))
        (conv_layer): Conv2d(7, 12, kernel_size=(1, 1), stride=(1, 1))
        (non_linearity): GELU(approximate='none')
      )
      (1): SynthesisLayer(
        (pad): ReplicationPad2d((0, 0, 0, 0))
        (conv_layer): Conv2d(12, 3, kernel_size=(1, 1), stride=(1, 1))
        (non_linearity): GELU(approximate='none')
      )
      (2): SynthesisResidualLayer(
        (pad): ReplicationPad2d((1, 1, 1, 1))
        (conv_layer): Conv2d(3, 3, kernel_size=(3, 3), stride=(1, 1))
        (non_linearity): GELU(approximate='none')
      )
      (3): SynthesisResidualLayer(
        (pad): ReplicationPad2d((1, 1, 1, 1))
        (conv_layer): Conv2d(3, 3, kernel_size=(3, 3), stride=(1, 1))
        (non_linearity): GELU(approximate='none')
      )
    )
  )
  (modulation_sf): ParameterList(
      (0): Parameter containing: [torch.float32 of size 1x1x8x16 (cuda:0)]
      (1): Parameter containing: [torch.float32 of size 1x1x16x32 (cuda:0)]
      (2): Parameter containing: [torch.float32 of size 1x1x32x64 (cuda:0)]
      (3): Parameter containing: [torch.float32 of size 1x1x64x128 (cuda:0)]
      (4): Parameter containing: [torch.float32 of size 1x1x128x256 (cuda:0)]
      (5): Parameter containing: [torch.float32 of size 1x1x256x512 (cuda:0)]
      (6): Parameter containing: [torch.float32 of size 1x1x512x1024 (cuda:0)]
  )
)
train the 3 -th image
start temperature: 0.3 noise parameter: 2.0
end temperature: 0.1 noise parameter: 1.0
********************Start from stage I
********************going into stage II
eval_object_psnr: 29.961800344221146
eval_background_psnr: 100.0
eval_background_psnr: 100.0
********************Evaluation the Image 3-th, after Step 999, BEST PSNR: 29.961800, Print rate 0.781269. *************************
Saved model at ./saved/modbase_7/context_16_arm_mod_16/sparity_0.0/inr_mod_16KODAK_ROI_Global_new_struture_7_12_3_33_orderconcat_operator_0_pw_0.00208_img_object3.pth
Trained the image with PSNR: 29.961800344221146  latent bits 0.7812686562538147 latent bits number 409609.78125
[32.31993127530558, 29.961800344221146]
[0.38029009103775024, 0.7812686562538147]
[199381.53125, 409609.78125]
load the model: ./saved/modbase_7/context_16_arm_mod_16/sparity_0.0/inr_mod_16KODAK_ROI_Global_new_struture_7_12_3_33_orderconcat_operator_0_pw_0.00208_img_object3.pth for the  3 -th image
********************Evalutation with quantization
********************Starting quantizing models
eval_object_psnr: 29.94576529933161
full_image_psnr: 29.94576529933161
object_psnr: 29.94576529933161
background_psnr: 100.0
********************Evaluation the Image 3-th, BEST PSNR: 29.945765, Print rate 0.782088, Network rate 0.018196. *************************
Evaluate the image: PSNR: 29.94576529933161 All bits: 0.8002839088439941  latent bits: 0.7820878028869629  network bits: 0.01819610595703125
Evaluate arm network bits: 0.0076694488525390625 Evaluate synthesis network bits: 0.00968170166015625
Image All bits num: 419579.25 latent bits num: 410039.25 mlp bits num: 9540.0 border bits num:
arm bits num: 4021.0 synthesis bits num: 5076.0
[32.28666851699443, 29.94576529933161]
[0.3983614444732666, 0.8002839088439941]
[208856.125, 419579.25]
Metrics saved to ./experiments/02/results.csv
Current eval Ave PSNR: 31.11621690816302 Ave Bits 0.5993226766586304
Namespace(batch_size=1, lr=0.01, data='../data', sparsity=0.0, local_upsampling_kernel_size=8, upsampling_kernel_size=8, static_upsampling_kernel=False, latent_factor=1, mod_base=7, highest_flag=1, context_arm=16, dim_arm_mod=16, use_candidate=True, type='other', mod_hid_layer=0, sythesis_features=12, hidden_features=64, hidden_layer=2, scale=1, lambda_rate=0.00208, lambda_rate_list=[0.00406, 0.00208, 0.0001], start_index=0, mask_type='full', wsmse_tag=1, swhdc_tag=0, swhdc_dilations=[1, 2, 3, 4], erp_upsampling=0, erp_phi_ref=30.0, workdir='./experiments/02', train_steps_1=1000, train_steps_2=1000, patch_h=512, patch_w=1024, all_pix_num=524288, eval_pix_num=524288)
Directory './saved/modbase_7/context_16_arm_mod_16' already exists.
Directory './saved/modbase_7/context_16_arm_mod_16/sparity_0.0' already exists.
top %: 0.0

🔁 Stage-1 Training Candidate 1/7
Quantizer parameter: encoding gain  16
total pixel: 524288
Get Mod with shape torch.Size([1, 1, 8, 16]) at layer: 1
Get Mod with shape torch.Size([1, 1, 16, 32]) at layer: 2
Get Mod with shape torch.Size([1, 1, 32, 64]) at layer: 3
Get Mod with shape torch.Size([1, 1, 64, 128]) at layer: 4
Get Mod with shape torch.Size([1, 1, 128, 256]) at layer: 5
Get Mod with shape torch.Size([1, 1, 256, 512]) at layer: 6
Get Mod with shape torch.Size([1, 1, 512, 1024]) at layer: 7
start temperature: 0.3 noise parameter: 2.0
end temperature: 0.3 noise parameter: 2.0
********************Start from stage I
Step 400, BEST PSNR: 30.867409, Total loss 0.001651 with its rate 0.3986737132072449 latent_bits 209019.84375

🔁 Stage-1 Training Candidate 2/7
Quantizer parameter: encoding gain  16
total pixel: 524288
Get Mod with shape torch.Size([1, 1, 8, 16]) at layer: 1
Get Mod with shape torch.Size([1, 1, 16, 32]) at layer: 2
Get Mod with shape torch.Size([1, 1, 32, 64]) at layer: 3
Get Mod with shape torch.Size([1, 1, 64, 128]) at layer: 4
Get Mod with shape torch.Size([1, 1, 128, 256]) at layer: 5
Get Mod with shape torch.Size([1, 1, 256, 512]) at layer: 6
Get Mod with shape torch.Size([1, 1, 512, 1024]) at layer: 7
start temperature: 0.3 noise parameter: 2.0
end temperature: 0.3 noise parameter: 2.0
********************Start from stage I
Step 400, BEST PSNR: 31.558789, Total loss 0.001553 with its rate 0.4094947576522827 latent_bits 214693.1875

🔁 Stage-1 Training Candidate 3/7
Quantizer parameter: encoding gain  16
total pixel: 524288
Get Mod with shape torch.Size([1, 1, 8, 16]) at layer: 1
Get Mod with shape torch.Size([1, 1, 16, 32]) at layer: 2
Get Mod with shape torch.Size([1, 1, 32, 64]) at layer: 3
Get Mod with shape torch.Size([1, 1, 64, 128]) at layer: 4
Get Mod with shape torch.Size([1, 1, 128, 256]) at layer: 5
Get Mod with shape torch.Size([1, 1, 256, 512]) at layer: 6
Get Mod with shape torch.Size([1, 1, 512, 1024]) at layer: 7
start temperature: 0.3 noise parameter: 2.0
end temperature: 0.3 noise parameter: 2.0
********************Start from stage I
Step 400, BEST PSNR: 31.265823, Total loss 0.001577 with its rate 0.39807161688804626 latent_bits 208704.171875

🔁 Stage-1 Training Candidate 4/7
Quantizer parameter: encoding gain  16
total pixel: 524288
Get Mod with shape torch.Size([1, 1, 8, 16]) at layer: 1
Get Mod with shape torch.Size([1, 1, 16, 32]) at layer: 2
Get Mod with shape torch.Size([1, 1, 32, 64]) at layer: 3
Get Mod with shape torch.Size([1, 1, 64, 128]) at layer: 4
Get Mod with shape torch.Size([1, 1, 128, 256]) at layer: 5
Get Mod with shape torch.Size([1, 1, 256, 512]) at layer: 6
Get Mod with shape torch.Size([1, 1, 512, 1024]) at layer: 7
start temperature: 0.3 noise parameter: 2.0
end temperature: 0.3 noise parameter: 2.0
********************Start from stage I
Step 400, BEST PSNR: 31.290737, Total loss 0.001577 with its rate 0.40015125274658203 latent_bits 209794.5

🔁 Stage-1 Training Candidate 5/7
Quantizer parameter: encoding gain  16
total pixel: 524288
Get Mod with shape torch.Size([1, 1, 8, 16]) at layer: 1
Get Mod with shape torch.Size([1, 1, 16, 32]) at layer: 2
Get Mod with shape torch.Size([1, 1, 32, 64]) at layer: 3
Get Mod with shape torch.Size([1, 1, 64, 128]) at layer: 4
Get Mod with shape torch.Size([1, 1, 128, 256]) at layer: 5
Get Mod with shape torch.Size([1, 1, 256, 512]) at layer: 6
Get Mod with shape torch.Size([1, 1, 512, 1024]) at layer: 7
start temperature: 0.3 noise parameter: 2.0
end temperature: 0.3 noise parameter: 2.0
********************Start from stage I
Step 400, BEST PSNR: 31.006299, Total loss 0.001634 with its rate 0.40239962935447693 latent_bits 210973.296875

🔁 Stage-1 Training Candidate 6/7
Quantizer parameter: encoding gain  16
total pixel: 524288
Get Mod with shape torch.Size([1, 1, 8, 16]) at layer: 1
Get Mod with shape torch.Size([1, 1, 16, 32]) at layer: 2
Get Mod with shape torch.Size([1, 1, 32, 64]) at layer: 3
Get Mod with shape torch.Size([1, 1, 64, 128]) at layer: 4
Get Mod with shape torch.Size([1, 1, 128, 256]) at layer: 5
Get Mod with shape torch.Size([1, 1, 256, 512]) at layer: 6
Get Mod with shape torch.Size([1, 1, 512, 1024]) at layer: 7
start temperature: 0.3 noise parameter: 2.0
end temperature: 0.3 noise parameter: 2.0
********************Start from stage I
Step 400, BEST PSNR: 31.103556, Total loss 0.001573 with its rate 0.3815838694572449 latent_bits 200059.84375

🔁 Stage-1 Training Candidate 7/7
Quantizer parameter: encoding gain  16
total pixel: 524288
Get Mod with shape torch.Size([1, 1, 8, 16]) at layer: 1
Get Mod with shape torch.Size([1, 1, 16, 32]) at layer: 2
Get Mod with shape torch.Size([1, 1, 32, 64]) at layer: 3
Get Mod with shape torch.Size([1, 1, 64, 128]) at layer: 4
Get Mod with shape torch.Size([1, 1, 128, 256]) at layer: 5
Get Mod with shape torch.Size([1, 1, 256, 512]) at layer: 6
Get Mod with shape torch.Size([1, 1, 512, 1024]) at layer: 7
start temperature: 0.3 noise parameter: 2.0
end temperature: 0.3 noise parameter: 2.0
********************Start from stage I
Step 400, BEST PSNR: 30.899382, Total loss 0.001640 with its rate 0.3952282965183258 latent_bits 207213.453125

🌟 Selected Top-3 Candidates by RD cost

🎯 Stage-2 Refining Candidate 1/3
start temperature: 0.3 noise parameter: 2.0
end temperature: 0.3 noise parameter: 2.0
********************Start from stage I
Step 400, BEST PSNR: 32.387397, Total loss 0.001412 with its rate 0.3997761905193329 latent_bits 209597.859375

🎯 Stage-2 Refining Candidate 2/3
start temperature: 0.3 noise parameter: 2.0
end temperature: 0.3 noise parameter: 2.0
********************Start from stage I
Step 400, BEST PSNR: 31.870217, Total loss 0.001542 with its rate 0.4283970594406128 latent_bits 224603.4375

🎯 Stage-2 Refining Candidate 3/3
start temperature: 0.3 noise parameter: 2.0
end temperature: 0.3 noise parameter: 2.0
********************Start from stage I
Step 400, BEST PSNR: 31.923843, Total loss 0.001534 with its rate 0.427239328622818 latent_bits 223996.453125

🏆 Best Candidate Final PSNR: 32.39, Rate: 0.3998
Masked_INR(
  (upsampling_2d): Upsampling(
    (conv_transpose2d): UpsamplingConvTranspose2d()
  )
  (arm): Arm(
    (mlp): Sequential(
      (0): ArmConv(
        (conv1_1): Conv1d(16, 16, kernel_size=(1,), stride=(1,))
      )
      (1): GELU(approximate='none')
      (2): ArmConv(
        (conv1_1): Conv1d(16, 16, kernel_size=(1,), stride=(1,))
      )
      (3): GELU(approximate='none')
      (4): ArmConv(
        (conv1_1): Conv1d(16, 2, kernel_size=(1,), stride=(1,))
      )
    )
  )
  (conv_mod): LocalGlobalBlock(
    (net): Sequential(
      (0): SynthesisLayer(
        (pad): ReplicationPad2d((0, 0, 0, 0))
        (conv_layer): Conv2d(2, 3, kernel_size=(1, 1), stride=(1, 1))
        (non_linearity): GELU(approximate='none')
      )
      (1): SynthesisResidualLayer(
        (pad): ReplicationPad2d((0, 0, 0, 0))
        (conv_layer): Conv2d(3, 3, kernel_size=(1, 1), stride=(1, 1))
        (non_linearity): GELU(approximate='none')
      )
      (2): SynthesisResidualLayer(
        (pad): ReplicationPad2d((0, 0, 0, 0))
        (conv_layer): Conv2d(3, 3, kernel_size=(1, 1), stride=(1, 1))
        (non_linearity): GELU(approximate='none')
      )
      (3): SynthesisResidualLayer(
        (pad): ReplicationPad2d((0, 0, 0, 0))
        (conv_layer): Conv2d(3, 3, kernel_size=(1, 1), stride=(1, 1))
        (non_linearity): Identity()
      )
    )
    (global_net): Sequential(
      (0): SynthesisLayer(
        (pad): ReplicationPad2d((0, 0, 0, 0))
        (conv_layer): Conv2d(2, 3, kernel_size=(1, 1), stride=(1, 1))
        (non_linearity): GELU(approximate='none')
      )
      (1): SynthesisResidualLayer(
        (pad): ReplicationPad2d((0, 0, 0, 0))
        (conv_layer): Conv2d(3, 3, kernel_size=(1, 1), stride=(1, 1))
        (non_linearity): GELU(approximate='none')
      )
      (2): SynthesisResidualLayer(
        (pad): ReplicationPad2d((0, 0, 0, 0))
        (conv_layer): Conv2d(3, 3, kernel_size=(1, 1), stride=(1, 1))
        (non_linearity): GELU(approximate='none')
      )
      (3): SynthesisResidualLayer(
        (pad): ReplicationPad2d((0, 0, 0, 0))
        (conv_layer): Conv2d(3, 3, kernel_size=(1, 1), stride=(1, 1))
        (non_linearity): Identity()
      )
    )
    (agg_func): Sequential(
      (0): SynthesisLayer(
        (pad): ReplicationPad2d((0, 0, 0, 0))
        (conv_layer): Conv2d(18, 3, kernel_size=(1, 1), stride=(1, 1))
        (non_linearity): GELU(approximate='none')
      )
      (1): SynthesisLayer(
        (pad): ReplicationPad2d((0, 0, 0, 0))
        (conv_layer): Conv2d(21, 3, kernel_size=(1, 1), stride=(1, 1))
        (non_linearity): GELU(approximate='none')
      )
      (2): SynthesisLayer(
        (pad): ReplicationPad2d((0, 0, 0, 0))
        (conv_layer): Conv2d(24, 3, kernel_size=(1, 1), stride=(1, 1))
        (non_linearity): GELU(approximate='none')
      )
    )
    (full_net): Sequential(
      (0): SynthesisLayer(
        (pad): ReplicationPad2d((0, 0, 0, 0))
        (conv_layer): Conv2d(7, 12, kernel_size=(1, 1), stride=(1, 1))
        (non_linearity): GELU(approximate='none')
      )
      (1): SynthesisLayer(
        (pad): ReplicationPad2d((0, 0, 0, 0))
        (conv_layer): Conv2d(12, 3, kernel_size=(1, 1), stride=(1, 1))
        (non_linearity): GELU(approximate='none')
      )
      (2): SynthesisResidualLayer(
        (pad): ReplicationPad2d((1, 1, 1, 1))
        (conv_layer): Conv2d(3, 3, kernel_size=(3, 3), stride=(1, 1))
        (non_linearity): GELU(approximate='none')
      )
      (3): SynthesisResidualLayer(
        (pad): ReplicationPad2d((1, 1, 1, 1))
        (conv_layer): Conv2d(3, 3, kernel_size=(3, 3), stride=(1, 1))
        (non_linearity): GELU(approximate='none')
      )
    )
  )
  (modulation_sf): ParameterList(
      (0): Parameter containing: [torch.float32 of size 1x1x8x16 (cuda:0)]
      (1): Parameter containing: [torch.float32 of size 1x1x16x32 (cuda:0)]
      (2): Parameter containing: [torch.float32 of size 1x1x32x64 (cuda:0)]
      (3): Parameter containing: [torch.float32 of size 1x1x64x128 (cuda:0)]
      (4): Parameter containing: [torch.float32 of size 1x1x128x256 (cuda:0)]
      (5): Parameter containing: [torch.float32 of size 1x1x256x512 (cuda:0)]
      (6): Parameter containing: [torch.float32 of size 1x1x512x1024 (cuda:0)]
  )
)
train the 6 -th image
start temperature: 0.3 noise parameter: 2.0
end temperature: 0.1 noise parameter: 1.0
********************Start from stage I
********************going into stage II
eval_object_psnr: 33.18186684953206
eval_background_psnr: 100.0
eval_background_psnr: 100.0
********************Evaluation the Image 6-th, after Step 999, BEST PSNR: 33.181867, Print rate 0.326234. *************************
Saved model at ./saved/modbase_7/context_16_arm_mod_16/sparity_0.0/inr_mod_16KODAK_ROI_Global_new_struture_7_12_3_33_orderconcat_operator_0_pw_0.00208_img_object6.pth
Trained the image with PSNR: 33.18186684953206  latent bits 0.32623428106307983 latent bits number 171040.71875
[32.31993127530558, 29.961800344221146, 33.18186684953206]
[0.38029009103775024, 0.7812686562538147, 0.32623428106307983]
[199381.53125, 409609.78125, 171040.71875]
load the model: ./saved/modbase_7/context_16_arm_mod_16/sparity_0.0/inr_mod_16KODAK_ROI_Global_new_struture_7_12_3_33_orderconcat_operator_0_pw_0.00208_img_object6.pth for the  6 -th image
********************Evalutation with quantization
********************Starting quantizing models
eval_object_psnr: 33.1743231468764
full_image_psnr: 33.1743231468764
object_psnr: 33.1743231468764
background_psnr: 100.0
********************Evaluation the Image 6-th, BEST PSNR: 33.174323, Print rate 0.327329, Network rate 0.018133. *************************
Evaluate the image: PSNR: 33.1743231468764 All bits: 0.34546178579330444  latent bits: 0.327328622341156  network bits: 0.018133163452148438
Evaluate arm network bits: 0.0075702667236328125 Evaluate synthesis network bits: 0.009624481201171875
Image All bits num: 181121.46875 latent bits num: 171614.46875 mlp bits num: 9507.0 border bits num:
arm bits num: 3969.0 synthesis bits num: 5046.0
[32.28666851699443, 29.94576529933161, 33.1743231468764]
[0.3983614444732666, 0.8002839088439941, 0.34546178579330444]
[208856.125, 419579.25, 181121.46875]
Metrics saved to ./experiments/02/results.csv
Current eval Ave PSNR: 31.80225232106748 Ave Bits 0.5147023797035217
Namespace(batch_size=1, lr=0.01, data='../data', sparsity=0.0, local_upsampling_kernel_size=8, upsampling_kernel_size=8, static_upsampling_kernel=False, latent_factor=1, mod_base=7, highest_flag=1, context_arm=16, dim_arm_mod=16, use_candidate=True, type='other', mod_hid_layer=0, sythesis_features=12, hidden_features=64, hidden_layer=2, scale=1, lambda_rate=0.00208, lambda_rate_list=[0.00406, 0.00208, 0.0001], start_index=0, mask_type='full', wsmse_tag=1, swhdc_tag=0, swhdc_dilations=[1, 2, 3, 4], erp_upsampling=0, erp_phi_ref=30.0, workdir='./experiments/02', train_steps_1=1000, train_steps_2=1000, patch_h=512, patch_w=1024, all_pix_num=524288, eval_pix_num=524288)
Directory './saved/modbase_7/context_16_arm_mod_16' already exists.
Directory './saved/modbase_7/context_16_arm_mod_16/sparity_0.0' already exists.
top %: 0.0

🔁 Stage-1 Training Candidate 1/7
Quantizer parameter: encoding gain  16
total pixel: 524288
Get Mod with shape torch.Size([1, 1, 8, 16]) at layer: 1
Get Mod with shape torch.Size([1, 1, 16, 32]) at layer: 2
Get Mod with shape torch.Size([1, 1, 32, 64]) at layer: 3
Get Mod with shape torch.Size([1, 1, 64, 128]) at layer: 4
Get Mod with shape torch.Size([1, 1, 128, 256]) at layer: 5
Get Mod with shape torch.Size([1, 1, 256, 512]) at layer: 6
Get Mod with shape torch.Size([1, 1, 512, 1024]) at layer: 7
start temperature: 0.3 noise parameter: 2.0
end temperature: 0.3 noise parameter: 2.0
********************Start from stage I
Step 400, BEST PSNR: 28.180447, Total loss 0.002476 with its rate 0.41981929540634155 latent_bits 220106.21875

🔁 Stage-1 Training Candidate 2/7
Quantizer parameter: encoding gain  16
total pixel: 524288
Get Mod with shape torch.Size([1, 1, 8, 16]) at layer: 1
Get Mod with shape torch.Size([1, 1, 16, 32]) at layer: 2
Get Mod with shape torch.Size([1, 1, 32, 64]) at layer: 3
Get Mod with shape torch.Size([1, 1, 64, 128]) at layer: 4
Get Mod with shape torch.Size([1, 1, 128, 256]) at layer: 5
Get Mod with shape torch.Size([1, 1, 256, 512]) at layer: 6
Get Mod with shape torch.Size([1, 1, 512, 1024]) at layer: 7
start temperature: 0.3 noise parameter: 2.0
end temperature: 0.3 noise parameter: 2.0
********************Start from stage I
Step 400, BEST PSNR: 30.459425, Total loss 0.001711 with its rate 0.3898608088493347 latent_bits 204399.34375

🔁 Stage-1 Training Candidate 3/7
Quantizer parameter: encoding gain  16
total pixel: 524288
Get Mod with shape torch.Size([1, 1, 8, 16]) at layer: 1
Get Mod with shape torch.Size([1, 1, 16, 32]) at layer: 2
Get Mod with shape torch.Size([1, 1, 32, 64]) at layer: 3
Get Mod with shape torch.Size([1, 1, 64, 128]) at layer: 4
Get Mod with shape torch.Size([1, 1, 128, 256]) at layer: 5
Get Mod with shape torch.Size([1, 1, 256, 512]) at layer: 6
Get Mod with shape torch.Size([1, 1, 512, 1024]) at layer: 7
start temperature: 0.3 noise parameter: 2.0
end temperature: 0.3 noise parameter: 2.0
********************Start from stage I
Step 400, BEST PSNR: 29.681652, Total loss 0.001963 with its rate 0.42422157526016235 latent_bits 222414.28125

🔁 Stage-1 Training Candidate 4/7
Quantizer parameter: encoding gain  16
total pixel: 524288
Get Mod with shape torch.Size([1, 1, 8, 16]) at layer: 1
Get Mod with shape torch.Size([1, 1, 16, 32]) at layer: 2
Get Mod with shape torch.Size([1, 1, 32, 64]) at layer: 3
Get Mod with shape torch.Size([1, 1, 64, 128]) at layer: 4
Get Mod with shape torch.Size([1, 1, 128, 256]) at layer: 5
Get Mod with shape torch.Size([1, 1, 256, 512]) at layer: 6
Get Mod with shape torch.Size([1, 1, 512, 1024]) at layer: 7
start temperature: 0.3 noise parameter: 2.0
end temperature: 0.3 noise parameter: 2.0
********************Start from stage I
Step 400, BEST PSNR: 27.930063, Total loss 0.002545 with its rate 0.3996720016002655 latent_bits 209543.234375

🔁 Stage-1 Training Candidate 5/7
Quantizer parameter: encoding gain  16
total pixel: 524288
Get Mod with shape torch.Size([1, 1, 8, 16]) at layer: 1
Get Mod with shape torch.Size([1, 1, 16, 32]) at layer: 2
Get Mod with shape torch.Size([1, 1, 32, 64]) at layer: 3
Get Mod with shape torch.Size([1, 1, 64, 128]) at layer: 4
Get Mod with shape torch.Size([1, 1, 128, 256]) at layer: 5
Get Mod with shape torch.Size([1, 1, 256, 512]) at layer: 6
Get Mod with shape torch.Size([1, 1, 512, 1024]) at layer: 7
start temperature: 0.3 noise parameter: 2.0
end temperature: 0.3 noise parameter: 2.0
********************Start from stage I
Step 400, BEST PSNR: 28.265967, Total loss 0.002412 with its rate 0.40451472997665405 latent_bits 212082.21875

🔁 Stage-1 Training Candidate 6/7
Quantizer parameter: encoding gain  16
total pixel: 524288
Get Mod with shape torch.Size([1, 1, 8, 16]) at layer: 1
Get Mod with shape torch.Size([1, 1, 16, 32]) at layer: 2
Get Mod with shape torch.Size([1, 1, 32, 64]) at layer: 3
Get Mod with shape torch.Size([1, 1, 64, 128]) at layer: 4
Get Mod with shape torch.Size([1, 1, 128, 256]) at layer: 5
Get Mod with shape torch.Size([1, 1, 256, 512]) at layer: 6
Get Mod with shape torch.Size([1, 1, 512, 1024]) at layer: 7
start temperature: 0.3 noise parameter: 2.0
end temperature: 0.3 noise parameter: 2.0
********************Start from stage I
Step 400, BEST PSNR: 30.382640, Total loss 0.001783 with its rate 0.41692331433296204 latent_bits 218587.890625

🔁 Stage-1 Training Candidate 7/7
Quantizer parameter: encoding gain  16
total pixel: 524288
Get Mod with shape torch.Size([1, 1, 8, 16]) at layer: 1
Get Mod with shape torch.Size([1, 1, 16, 32]) at layer: 2
Get Mod with shape torch.Size([1, 1, 32, 64]) at layer: 3
Get Mod with shape torch.Size([1, 1, 64, 128]) at layer: 4
Get Mod with shape torch.Size([1, 1, 128, 256]) at layer: 5
Get Mod with shape torch.Size([1, 1, 256, 512]) at layer: 6
Get Mod with shape torch.Size([1, 1, 512, 1024]) at layer: 7
start temperature: 0.3 noise parameter: 2.0
end temperature: 0.3 noise parameter: 2.0
********************Start from stage I
Step 400, BEST PSNR: 30.332935, Total loss 0.001774 with its rate 0.40738582611083984 latent_bits 213587.5

🌟 Selected Top-3 Candidates by RD cost

🎯 Stage-2 Refining Candidate 1/3
start temperature: 0.3 noise parameter: 2.0
end temperature: 0.3 noise parameter: 2.0
********************Start from stage I
Step 400, BEST PSNR: 31.158737, Total loss 0.001632 with its rate 0.4161948561668396 latent_bits 218205.96875

🎯 Stage-2 Refining Candidate 2/3
start temperature: 0.3 noise parameter: 2.0
end temperature: 0.3 noise parameter: 2.0
********************Start from stage I
Step 400, BEST PSNR: 30.799159, Total loss 0.001838 with its rate 0.4833943247795105 latent_bits 253437.84375

🎯 Stage-2 Refining Candidate 3/3
start temperature: 0.3 noise parameter: 2.0
end temperature: 0.3 noise parameter: 2.0
********************Start from stage I
Step 400, BEST PSNR: 30.785961, Total loss 0.001836 with its rate 0.4813016951084137 latent_bits 252340.703125

🏆 Best Candidate Final PSNR: 31.16, Rate: 0.4162
Masked_INR(
  (upsampling_2d): Upsampling(
    (conv_transpose2d): UpsamplingConvTranspose2d()
  )
  (arm): Arm(
    (mlp): Sequential(
      (0): ArmConv(
        (conv1_1): Conv1d(16, 16, kernel_size=(1,), stride=(1,))
      )
      (1): GELU(approximate='none')
      (2): ArmConv(
        (conv1_1): Conv1d(16, 16, kernel_size=(1,), stride=(1,))
      )
      (3): GELU(approximate='none')
      (4): ArmConv(
        (conv1_1): Conv1d(16, 2, kernel_size=(1,), stride=(1,))
      )
    )
  )
  (conv_mod): LocalGlobalBlock(
    (net): Sequential(
      (0): SynthesisLayer(
        (pad): ReplicationPad2d((0, 0, 0, 0))
        (conv_layer): Conv2d(2, 3, kernel_size=(1, 1), stride=(1, 1))
        (non_linearity): GELU(approximate='none')
      )
      (1): SynthesisResidualLayer(
        (pad): ReplicationPad2d((0, 0, 0, 0))
        (conv_layer): Conv2d(3, 3, kernel_size=(1, 1), stride=(1, 1))
        (non_linearity): GELU(approximate='none')
      )
      (2): SynthesisResidualLayer(
        (pad): ReplicationPad2d((0, 0, 0, 0))
        (conv_layer): Conv2d(3, 3, kernel_size=(1, 1), stride=(1, 1))
        (non_linearity): GELU(approximate='none')
      )
      (3): SynthesisResidualLayer(
        (pad): ReplicationPad2d((0, 0, 0, 0))
        (conv_layer): Conv2d(3, 3, kernel_size=(1, 1), stride=(1, 1))
        (non_linearity): Identity()
      )
    )
    (global_net): Sequential(
      (0): SynthesisLayer(
        (pad): ReplicationPad2d((0, 0, 0, 0))
        (conv_layer): Conv2d(2, 3, kernel_size=(1, 1), stride=(1, 1))
        (non_linearity): GELU(approximate='none')
      )
      (1): SynthesisResidualLayer(
        (pad): ReplicationPad2d((0, 0, 0, 0))
        (conv_layer): Conv2d(3, 3, kernel_size=(1, 1), stride=(1, 1))
        (non_linearity): GELU(approximate='none')
      )
      (2): SynthesisResidualLayer(
        (pad): ReplicationPad2d((0, 0, 0, 0))
        (conv_layer): Conv2d(3, 3, kernel_size=(1, 1), stride=(1, 1))
        (non_linearity): GELU(approximate='none')
      )
      (3): SynthesisResidualLayer(
        (pad): ReplicationPad2d((0, 0, 0, 0))
        (conv_layer): Conv2d(3, 3, kernel_size=(1, 1), stride=(1, 1))
        (non_linearity): Identity()
      )
    )
    (agg_func): Sequential(
      (0): SynthesisLayer(
        (pad): ReplicationPad2d((0, 0, 0, 0))
        (conv_layer): Conv2d(18, 3, kernel_size=(1, 1), stride=(1, 1))
        (non_linearity): GELU(approximate='none')
      )
      (1): SynthesisLayer(
        (pad): ReplicationPad2d((0, 0, 0, 0))
        (conv_layer): Conv2d(21, 3, kernel_size=(1, 1), stride=(1, 1))
        (non_linearity): GELU(approximate='none')
      )
      (2): SynthesisLayer(
        (pad): ReplicationPad2d((0, 0, 0, 0))
        (conv_layer): Conv2d(24, 3, kernel_size=(1, 1), stride=(1, 1))
        (non_linearity): GELU(approximate='none')
      )
    )
    (full_net): Sequential(
      (0): SynthesisLayer(
        (pad): ReplicationPad2d((0, 0, 0, 0))
        (conv_layer): Conv2d(7, 12, kernel_size=(1, 1), stride=(1, 1))
        (non_linearity): GELU(approximate='none')
      )
      (1): SynthesisLayer(
        (pad): ReplicationPad2d((0, 0, 0, 0))
        (conv_layer): Conv2d(12, 3, kernel_size=(1, 1), stride=(1, 1))
        (non_linearity): GELU(approximate='none')
      )
      (2): SynthesisResidualLayer(
        (pad): ReplicationPad2d((1, 1, 1, 1))
        (conv_layer): Conv2d(3, 3, kernel_size=(3, 3), stride=(1, 1))
        (non_linearity): GELU(approximate='none')
      )
      (3): SynthesisResidualLayer(
        (pad): ReplicationPad2d((1, 1, 1, 1))
        (conv_layer): Conv2d(3, 3, kernel_size=(3, 3), stride=(1, 1))
        (non_linearity): GELU(approximate='none')
      )
    )
  )
  (modulation_sf): ParameterList(
      (0): Parameter containing: [torch.float32 of size 1x1x8x16 (cuda:0)]
      (1): Parameter containing: [torch.float32 of size 1x1x16x32 (cuda:0)]
      (2): Parameter containing: [torch.float32 of size 1x1x32x64 (cuda:0)]
      (3): Parameter containing: [torch.float32 of size 1x1x64x128 (cuda:0)]
      (4): Parameter containing: [torch.float32 of size 1x1x128x256 (cuda:0)]
      (5): Parameter containing: [torch.float32 of size 1x1x256x512 (cuda:0)]
      (6): Parameter containing: [torch.float32 of size 1x1x512x1024 (cuda:0)]
  )
)
train the 9 -th image
start temperature: 0.3 noise parameter: 2.0
end temperature: 0.1 noise parameter: 1.0
********************Start from stage I
********************going into stage II
eval_object_psnr: 31.946029550779972
eval_background_psnr: 100.0
eval_background_psnr: 100.0
********************Evaluation the Image 9-th, after Step 999, BEST PSNR: 31.946030, Print rate 0.309809. *************************
Saved model at ./saved/modbase_7/context_16_arm_mod_16/sparity_0.0/inr_mod_16KODAK_ROI_Global_new_struture_7_12_3_33_orderconcat_operator_0_pw_0.00208_img_object9.pth
Trained the image with PSNR: 31.946029550779972  latent bits 0.3098086714744568 latent bits number 162428.96875
[32.31993127530558, 29.961800344221146, 33.18186684953206, 31.946029550779972]
[0.38029009103775024, 0.7812686562538147, 0.32623428106307983, 0.3098086714744568]
[199381.53125, 409609.78125, 171040.71875, 162428.96875]
load the model: ./saved/modbase_7/context_16_arm_mod_16/sparity_0.0/inr_mod_16KODAK_ROI_Global_new_struture_7_12_3_33_orderconcat_operator_0_pw_0.00208_img_object9.pth for the  9 -th image
********************Evalutation with quantization
********************Starting quantizing models
eval_object_psnr: 31.936745047385045
full_image_psnr: 31.936745047385045
object_psnr: 31.936745047385045
background_psnr: 100.0
********************Evaluation the Image 9-th, BEST PSNR: 31.936745, Print rate 0.310228, Network rate 0.019556. *************************
Evaluate the image: PSNR: 31.936745047385045 All bits: 0.32978376746177673  latent bits: 0.31022772192955017  network bits: 0.019556045532226562
Evaluate arm network bits: 0.008646011352539062 Evaluate synthesis network bits: 0.009950637817382812
Image All bits num: 172901.671875 latent bits num: 162648.671875 mlp bits num: 10253.0 border bits num:
arm bits num: 4533.0 synthesis bits num: 5217.0
[32.28666851699443, 29.94576529933161, 33.1743231468764, 31.936745047385045]
[0.3983614444732666, 0.8002839088439941, 0.34546178579330444, 0.32978376746177673]
[208856.125, 419579.25, 181121.46875, 172901.671875]
Metrics saved to ./experiments/02/results.csv
Current eval Ave PSNR: 31.83587550264687 Ave Bits 0.4684727266430855
Namespace(batch_size=1, lr=0.01, data='../data', sparsity=0.0, local_upsampling_kernel_size=8, upsampling_kernel_size=8, static_upsampling_kernel=False, latent_factor=1, mod_base=7, highest_flag=1, context_arm=16, dim_arm_mod=16, use_candidate=True, type='other', mod_hid_layer=0, sythesis_features=12, hidden_features=64, hidden_layer=2, scale=1, lambda_rate=0.00208, lambda_rate_list=[0.00406, 0.00208, 0.0001], start_index=0, mask_type='full', wsmse_tag=1, swhdc_tag=0, swhdc_dilations=[1, 2, 3, 4], erp_upsampling=0, erp_phi_ref=30.0, workdir='./experiments/02', train_steps_1=1000, train_steps_2=1000, patch_h=512, patch_w=1024, all_pix_num=524288, eval_pix_num=524288)
Directory './saved/modbase_7/context_16_arm_mod_16' already exists.
Directory './saved/modbase_7/context_16_arm_mod_16/sparity_0.0' already exists.
top %: 0.0

🔁 Stage-1 Training Candidate 1/7
Quantizer parameter: encoding gain  16
total pixel: 524288
Get Mod with shape torch.Size([1, 1, 8, 16]) at layer: 1
Get Mod with shape torch.Size([1, 1, 16, 32]) at layer: 2
Get Mod with shape torch.Size([1, 1, 32, 64]) at layer: 3
Get Mod with shape torch.Size([1, 1, 64, 128]) at layer: 4
Get Mod with shape torch.Size([1, 1, 128, 256]) at layer: 5
Get Mod with shape torch.Size([1, 1, 256, 512]) at layer: 6
Get Mod with shape torch.Size([1, 1, 512, 1024]) at layer: 7
start temperature: 0.3 noise parameter: 2.0
end temperature: 0.3 noise parameter: 2.0
********************Start from stage I
Step 400, BEST PSNR: 30.276509, Total loss 0.001813 with its rate 0.39771100878715515 latent_bits 208515.109375

🔁 Stage-1 Training Candidate 2/7
Quantizer parameter: encoding gain  16
total pixel: 524288
Get Mod with shape torch.Size([1, 1, 8, 16]) at layer: 1
Get Mod with shape torch.Size([1, 1, 16, 32]) at layer: 2
Get Mod with shape torch.Size([1, 1, 32, 64]) at layer: 3
Get Mod with shape torch.Size([1, 1, 64, 128]) at layer: 4
Get Mod with shape torch.Size([1, 1, 128, 256]) at layer: 5
Get Mod with shape torch.Size([1, 1, 256, 512]) at layer: 6
Get Mod with shape torch.Size([1, 1, 512, 1024]) at layer: 7
start temperature: 0.3 noise parameter: 2.0
end temperature: 0.3 noise parameter: 2.0
********************Start from stage I
Step 400, BEST PSNR: 29.952826, Total loss 0.001876 with its rate 0.39907553791999817 latent_bits 209230.515625

🔁 Stage-1 Training Candidate 3/7
Quantizer parameter: encoding gain  16
total pixel: 524288
Get Mod with shape torch.Size([1, 1, 8, 16]) at layer: 1
Get Mod with shape torch.Size([1, 1, 16, 32]) at layer: 2
Get Mod with shape torch.Size([1, 1, 32, 64]) at layer: 3
Get Mod with shape torch.Size([1, 1, 64, 128]) at layer: 4
Get Mod with shape torch.Size([1, 1, 128, 256]) at layer: 5
Get Mod with shape torch.Size([1, 1, 256, 512]) at layer: 6
Get Mod with shape torch.Size([1, 1, 512, 1024]) at layer: 7
start temperature: 0.3 noise parameter: 2.0
end temperature: 0.3 noise parameter: 2.0
********************Start from stage I
Step 400, BEST PSNR: 31.042926, Total loss 0.001648 with its rate 0.4098818302154541 latent_bits 214896.125

🔁 Stage-1 Training Candidate 4/7
Quantizer parameter: encoding gain  16
total pixel: 524288
Get Mod with shape torch.Size([1, 1, 8, 16]) at layer: 1
Get Mod with shape torch.Size([1, 1, 16, 32]) at layer: 2
Get Mod with shape torch.Size([1, 1, 32, 64]) at layer: 3
Get Mod with shape torch.Size([1, 1, 64, 128]) at layer: 4
Get Mod with shape torch.Size([1, 1, 128, 256]) at layer: 5
Get Mod with shape torch.Size([1, 1, 256, 512]) at layer: 6
Get Mod with shape torch.Size([1, 1, 512, 1024]) at layer: 7
start temperature: 0.3 noise parameter: 2.0
end temperature: 0.3 noise parameter: 2.0
********************Start from stage I
Step 400, BEST PSNR: 27.954992, Total loss 0.002690 with its rate 0.4125726819038391 latent_bits 216306.90625

🔁 Stage-1 Training Candidate 5/7
Quantizer parameter: encoding gain  16
total pixel: 524288
Get Mod with shape torch.Size([1, 1, 8, 16]) at layer: 1
Get Mod with shape torch.Size([1, 1, 16, 32]) at layer: 2
Get Mod with shape torch.Size([1, 1, 32, 64]) at layer: 3
Get Mod with shape torch.Size([1, 1, 64, 128]) at layer: 4
Get Mod with shape torch.Size([1, 1, 128, 256]) at layer: 5
Get Mod with shape torch.Size([1, 1, 256, 512]) at layer: 6
Get Mod with shape torch.Size([1, 1, 512, 1024]) at layer: 7
start temperature: 0.3 noise parameter: 2.0
end temperature: 0.3 noise parameter: 2.0
********************Start from stage I
Step 400, BEST PSNR: 31.701424, Total loss 0.001497 with its rate 0.3935519754886627 latent_bits 206334.578125

🔁 Stage-1 Training Candidate 6/7
Quantizer parameter: encoding gain  16
total pixel: 524288
Get Mod with shape torch.Size([1, 1, 8, 16]) at layer: 1
Get Mod with shape torch.Size([1, 1, 16, 32]) at layer: 2
Get Mod with shape torch.Size([1, 1, 32, 64]) at layer: 3
Get Mod with shape torch.Size([1, 1, 64, 128]) at layer: 4
Get Mod with shape torch.Size([1, 1, 128, 256]) at layer: 5
Get Mod with shape torch.Size([1, 1, 256, 512]) at layer: 6
Get Mod with shape torch.Size([1, 1, 512, 1024]) at layer: 7
start temperature: 0.3 noise parameter: 2.0
end temperature: 0.3 noise parameter: 2.0
********************Start from stage I
Step 400, BEST PSNR: 29.059000, Total loss 0.002154 with its rate 0.398711234331131 latent_bits 209039.515625

🔁 Stage-1 Training Candidate 7/7
Quantizer parameter: encoding gain  16
total pixel: 524288
Get Mod with shape torch.Size([1, 1, 8, 16]) at layer: 1
Get Mod with shape torch.Size([1, 1, 16, 32]) at layer: 2
Get Mod with shape torch.Size([1, 1, 32, 64]) at layer: 3
Get Mod with shape torch.Size([1, 1, 64, 128]) at layer: 4
Get Mod with shape torch.Size([1, 1, 128, 256]) at layer: 5
Get Mod with shape torch.Size([1, 1, 256, 512]) at layer: 6
Get Mod with shape torch.Size([1, 1, 512, 1024]) at layer: 7
start temperature: 0.3 noise parameter: 2.0
end temperature: 0.3 noise parameter: 2.0
********************Start from stage I
Step 400, BEST PSNR: 31.792496, Total loss 0.001519 with its rate 0.41172659397125244 latent_bits 215863.3125

🌟 Selected Top-3 Candidates by RD cost

🎯 Stage-2 Refining Candidate 1/3
start temperature: 0.3 noise parameter: 2.0
end temperature: 0.3 noise parameter: 2.0
********************Start from stage I
Step 400, BEST PSNR: 32.437384, Total loss 0.001427 with its rate 0.410919189453125 latent_bits 215440.0

🎯 Stage-2 Refining Candidate 2/3
start temperature: 0.3 noise parameter: 2.0
end temperature: 0.3 noise parameter: 2.0
********************Start from stage I
Step 400, BEST PSNR: 32.704254, Total loss 0.001398 with its rate 0.4139358103275299 latent_bits 217021.578125

🎯 Stage-2 Refining Candidate 3/3
start temperature: 0.3 noise parameter: 2.0
end temperature: 0.3 noise parameter: 2.0
********************Start from stage I
Step 400, BEST PSNR: 32.542193, Total loss 0.001409 with its rate 0.4087366461753845 latent_bits 214295.71875

🏆 Best Candidate Final PSNR: 32.70, Rate: 0.4139
Masked_INR(
  (upsampling_2d): Upsampling(
    (conv_transpose2d): UpsamplingConvTranspose2d()
  )
  (arm): Arm(
    (mlp): Sequential(
      (0): ArmConv(
        (conv1_1): Conv1d(16, 16, kernel_size=(1,), stride=(1,))
      )
      (1): GELU(approximate='none')
      (2): ArmConv(
        (conv1_1): Conv1d(16, 16, kernel_size=(1,), stride=(1,))
      )
      (3): GELU(approximate='none')
      (4): ArmConv(
        (conv1_1): Conv1d(16, 2, kernel_size=(1,), stride=(1,))
      )
    )
  )
  (conv_mod): LocalGlobalBlock(
    (net): Sequential(
      (0): SynthesisLayer(
        (pad): ReplicationPad2d((0, 0, 0, 0))
        (conv_layer): Conv2d(2, 3, kernel_size=(1, 1), stride=(1, 1))
        (non_linearity): GELU(approximate='none')
      )
      (1): SynthesisResidualLayer(
        (pad): ReplicationPad2d((0, 0, 0, 0))
        (conv_layer): Conv2d(3, 3, kernel_size=(1, 1), stride=(1, 1))
        (non_linearity): GELU(approximate='none')
      )
      (2): SynthesisResidualLayer(
        (pad): ReplicationPad2d((0, 0, 0, 0))
        (conv_layer): Conv2d(3, 3, kernel_size=(1, 1), stride=(1, 1))
        (non_linearity): GELU(approximate='none')
      )
      (3): SynthesisResidualLayer(
        (pad): ReplicationPad2d((0, 0, 0, 0))
        (conv_layer): Conv2d(3, 3, kernel_size=(1, 1), stride=(1, 1))
        (non_linearity): Identity()
      )
    )
    (global_net): Sequential(
      (0): SynthesisLayer(
        (pad): ReplicationPad2d((0, 0, 0, 0))
        (conv_layer): Conv2d(2, 3, kernel_size=(1, 1), stride=(1, 1))
        (non_linearity): GELU(approximate='none')
      )
      (1): SynthesisResidualLayer(
        (pad): ReplicationPad2d((0, 0, 0, 0))
        (conv_layer): Conv2d(3, 3, kernel_size=(1, 1), stride=(1, 1))
        (non_linearity): GELU(approximate='none')
      )
      (2): SynthesisResidualLayer(
        (pad): ReplicationPad2d((0, 0, 0, 0))
        (conv_layer): Conv2d(3, 3, kernel_size=(1, 1), stride=(1, 1))
        (non_linearity): GELU(approximate='none')
      )
      (3): SynthesisResidualLayer(
        (pad): ReplicationPad2d((0, 0, 0, 0))
        (conv_layer): Conv2d(3, 3, kernel_size=(1, 1), stride=(1, 1))
        (non_linearity): Identity()
      )
    )
    (agg_func): Sequential(
      (0): SynthesisLayer(
        (pad): ReplicationPad2d((0, 0, 0, 0))
        (conv_layer): Conv2d(18, 3, kernel_size=(1, 1), stride=(1, 1))
        (non_linearity): GELU(approximate='none')
      )
      (1): SynthesisLayer(
        (pad): ReplicationPad2d((0, 0, 0, 0))
        (conv_layer): Conv2d(21, 3, kernel_size=(1, 1), stride=(1, 1))
        (non_linearity): GELU(approximate='none')
      )
      (2): SynthesisLayer(
        (pad): ReplicationPad2d((0, 0, 0, 0))
        (conv_layer): Conv2d(24, 3, kernel_size=(1, 1), stride=(1, 1))
        (non_linearity): GELU(approximate='none')
      )
    )
    (full_net): Sequential(
      (0): SynthesisLayer(
        (pad): ReplicationPad2d((0, 0, 0, 0))
        (conv_layer): Conv2d(7, 12, kernel_size=(1, 1), stride=(1, 1))
        (non_linearity): GELU(approximate='none')
      )
      (1): SynthesisLayer(
        (pad): ReplicationPad2d((0, 0, 0, 0))
        (conv_layer): Conv2d(12, 3, kernel_size=(1, 1), stride=(1, 1))
        (non_linearity): GELU(approximate='none')
      )
      (2): SynthesisResidualLayer(
        (pad): ReplicationPad2d((1, 1, 1, 1))
        (conv_layer): Conv2d(3, 3, kernel_size=(3, 3), stride=(1, 1))
        (non_linearity): GELU(approximate='none')
      )
      (3): SynthesisResidualLayer(
        (pad): ReplicationPad2d((1, 1, 1, 1))
        (conv_layer): Conv2d(3, 3, kernel_size=(3, 3), stride=(1, 1))
        (non_linearity): GELU(approximate='none')
      )
    )
  )
  (modulation_sf): ParameterList(
      (0): Parameter containing: [torch.float32 of size 1x1x8x16 (cuda:0)]
      (1): Parameter containing: [torch.float32 of size 1x1x16x32 (cuda:0)]
      (2): Parameter containing: [torch.float32 of size 1x1x32x64 (cuda:0)]
      (3): Parameter containing: [torch.float32 of size 1x1x64x128 (cuda:0)]
      (4): Parameter containing: [torch.float32 of size 1x1x128x256 (cuda:0)]
      (5): Parameter containing: [torch.float32 of size 1x1x256x512 (cuda:0)]
      (6): Parameter containing: [torch.float32 of size 1x1x512x1024 (cuda:0)]
  )
)
train the 12 -th image
start temperature: 0.3 noise parameter: 2.0
end temperature: 0.1 noise parameter: 1.0
********************Start from stage I
********************going into stage II
eval_object_psnr: 33.32812024765993
eval_background_psnr: 100.0
eval_background_psnr: 100.0
********************Evaluation the Image 12-th, after Step 999, BEST PSNR: 33.328120, Print rate 0.322907. *************************
Saved model at ./saved/modbase_7/context_16_arm_mod_16/sparity_0.0/inr_mod_16KODAK_ROI_Global_new_struture_7_12_3_33_orderconcat_operator_0_pw_0.00208_img_object12.pth
Trained the image with PSNR: 33.32812024765993  latent bits 0.3229074478149414 latent bits number 169296.5
[32.31993127530558, 29.961800344221146, 33.18186684953206, 31.946029550779972, 33.32812024765993]
[0.38029009103775024, 0.7812686562538147, 0.32623428106307983, 0.3098086714744568, 0.3229074478149414]
[199381.53125, 409609.78125, 171040.71875, 162428.96875, 169296.5]
load the model: ./saved/modbase_7/context_16_arm_mod_16/sparity_0.0/inr_mod_16KODAK_ROI_Global_new_struture_7_12_3_33_orderconcat_operator_0_pw_0.00208_img_object12.pth for the  12 -th image
********************Evalutation with quantization
********************Starting quantizing models
eval_object_psnr: 33.31061824168751
full_image_psnr: 33.31061824168751
object_psnr: 33.31061824168751
background_psnr: 100.0
********************Evaluation the Image 12-th, BEST PSNR: 33.310618, Print rate 0.324133, Network rate 0.018112. *************************
Evaluate the image: PSNR: 33.31061824168751 All bits: 0.3422447443008423  latent bits: 0.3241325616836548  network bits: 0.0181121826171875
Evaluate arm network bits: 0.0076446533203125 Evaluate synthesis network bits: 0.009792327880859375
Image All bits num: 179434.8125 latent bits num: 169938.8125 mlp bits num: 9496.0 border bits num:
arm bits num: 4008.0 synthesis bits num: 5134.0
[32.28666851699443, 29.94576529933161, 33.1743231468764, 31.936745047385045, 33.31061824168751]
[0.3983614444732666, 0.8002839088439941, 0.34546178579330444, 0.32978376746177673, 0.3422447443008423]
[208856.125, 419579.25, 181121.46875, 172901.671875, 179434.8125]
Metrics saved to ./experiments/02/results.csv
Current eval Ave PSNR: 32.130824050455 Ave Bits 0.44322713017463683
.......Copmlete all dataset training......
Ave Training PSNR: 32.14754965349974 Ave Training Bits 0.4241018295288086
Training PSNR: [32.31993127530558, 29.961800344221146, 33.18186684953206, 31.946029550779972, 33.32812024765993]
Training rate: [0.38029009103775024, 0.7812686562538147, 0.32623428106307983, 0.3098086714744568, 0.3229074478149414]
Evalutation: Ave Eval PSNR: 32.130824050455 Ave Eval all bits: 0.44322713017463683 Ave Eval Bits 0.42498295903205874 Ave Eval Network 0.018244171142578126
Eval All PSNR: [32.28666851699443, 29.94576529933161, 33.1743231468764, 31.936745047385045, 33.31061824168751]
Eval All rate [0.3983614444732666, 0.8002839088439941, 0.34546178579330444, 0.32978376746177673, 0.3422447443008423]
Eval Latent rate [0.3811380863189697, 0.7820878028869629, 0.327328622341156, 0.31022772192955017, 0.3241325616836548]
Eval MLP rate [0.017223358154296875, 0.01819610595703125, 0.018133163452148438, 0.019556045532226562, 0.0181121826171875]
Namespace(batch_size=1, lr=0.01, data='../data', sparsity=0.0, local_upsampling_kernel_size=8, upsampling_kernel_size=8, static_upsampling_kernel=False, latent_factor=1, mod_base=7, highest_flag=1, context_arm=16, dim_arm_mod=16, use_candidate=True, type='other', mod_hid_layer=0, sythesis_features=12, hidden_features=64, hidden_layer=2, scale=1, lambda_rate=0.0001, lambda_rate_list=[0.00406, 0.00208, 0.0001], start_index=0, mask_type='full', wsmse_tag=1, swhdc_tag=0, swhdc_dilations=[1, 2, 3, 4], erp_upsampling=0, erp_phi_ref=30.0, workdir='./experiments/02', train_steps_1=1000, train_steps_2=1000, patch_h=512, patch_w=1024, all_pix_num=524288, eval_pix_num=524288)
Directory './saved/modbase_7/context_16_arm_mod_16' already exists.
Directory './saved/modbase_7/context_16_arm_mod_16/sparity_0.0' already exists.
top %: 0.0

🔁 Stage-1 Training Candidate 1/7
Quantizer parameter: encoding gain  16
total pixel: 524288
Get Mod with shape torch.Size([1, 1, 8, 16]) at layer: 1
Get Mod with shape torch.Size([1, 1, 16, 32]) at layer: 2
Get Mod with shape torch.Size([1, 1, 32, 64]) at layer: 3
Get Mod with shape torch.Size([1, 1, 64, 128]) at layer: 4
Get Mod with shape torch.Size([1, 1, 128, 256]) at layer: 5
Get Mod with shape torch.Size([1, 1, 256, 512]) at layer: 6
Get Mod with shape torch.Size([1, 1, 512, 1024]) at layer: 7
start temperature: 0.3 noise parameter: 2.0
end temperature: 0.3 noise parameter: 2.0
********************Start from stage I
Step 400, BEST PSNR: 31.976309, Total loss 0.000803 with its rate 1.3587175607681274 latent_bits 712359.3125

🔁 Stage-1 Training Candidate 2/7
Quantizer parameter: encoding gain  16
total pixel: 524288
Get Mod with shape torch.Size([1, 1, 8, 16]) at layer: 1
Get Mod with shape torch.Size([1, 1, 16, 32]) at layer: 2
Get Mod with shape torch.Size([1, 1, 32, 64]) at layer: 3
Get Mod with shape torch.Size([1, 1, 64, 128]) at layer: 4
Get Mod with shape torch.Size([1, 1, 128, 256]) at layer: 5
Get Mod with shape torch.Size([1, 1, 256, 512]) at layer: 6
Get Mod with shape torch.Size([1, 1, 512, 1024]) at layer: 7
start temperature: 0.3 noise parameter: 2.0
end temperature: 0.3 noise parameter: 2.0
********************Start from stage I
Step 400, BEST PSNR: 34.841096, Total loss 0.000465 with its rate 1.3659424781799316 latent_bits 716147.25

🔁 Stage-1 Training Candidate 3/7
Quantizer parameter: encoding gain  16
total pixel: 524288
Get Mod with shape torch.Size([1, 1, 8, 16]) at layer: 1
Get Mod with shape torch.Size([1, 1, 16, 32]) at layer: 2
Get Mod with shape torch.Size([1, 1, 32, 64]) at layer: 3
Get Mod with shape torch.Size([1, 1, 64, 128]) at layer: 4
Get Mod with shape torch.Size([1, 1, 128, 256]) at layer: 5
Get Mod with shape torch.Size([1, 1, 256, 512]) at layer: 6
Get Mod with shape torch.Size([1, 1, 512, 1024]) at layer: 7
start temperature: 0.3 noise parameter: 2.0
end temperature: 0.3 noise parameter: 2.0
********************Start from stage I
Step 400, BEST PSNR: 31.972985, Total loss 0.000801 with its rate 1.3492776155471802 latent_bits 707410.0625

🔁 Stage-1 Training Candidate 4/7
Quantizer parameter: encoding gain  16
total pixel: 524288
Get Mod with shape torch.Size([1, 1, 8, 16]) at layer: 1
Get Mod with shape torch.Size([1, 1, 16, 32]) at layer: 2
Get Mod with shape torch.Size([1, 1, 32, 64]) at layer: 3
Get Mod with shape torch.Size([1, 1, 64, 128]) at layer: 4
Get Mod with shape torch.Size([1, 1, 128, 256]) at layer: 5
Get Mod with shape torch.Size([1, 1, 256, 512]) at layer: 6
Get Mod with shape torch.Size([1, 1, 512, 1024]) at layer: 7
start temperature: 0.3 noise parameter: 2.0
end temperature: 0.3 noise parameter: 2.0
********************Start from stage I
Step 400, BEST PSNR: 31.861537, Total loss 0.000820 with its rate 1.36045503616333 latent_bits 713270.25

🔁 Stage-1 Training Candidate 5/7
Quantizer parameter: encoding gain  16
total pixel: 524288
Get Mod with shape torch.Size([1, 1, 8, 16]) at layer: 1
Get Mod with shape torch.Size([1, 1, 16, 32]) at layer: 2
Get Mod with shape torch.Size([1, 1, 32, 64]) at layer: 3
Get Mod with shape torch.Size([1, 1, 64, 128]) at layer: 4
Get Mod with shape torch.Size([1, 1, 128, 256]) at layer: 5
Get Mod with shape torch.Size([1, 1, 256, 512]) at layer: 6
Get Mod with shape torch.Size([1, 1, 512, 1024]) at layer: 7
start temperature: 0.3 noise parameter: 2.0
end temperature: 0.3 noise parameter: 2.0
********************Start from stage I
Step 400, BEST PSNR: 34.875761, Total loss 0.000477 with its rate 1.5066936016082764 latent_bits 789941.375

🔁 Stage-1 Training Candidate 6/7
Quantizer parameter: encoding gain  16
total pixel: 524288
Get Mod with shape torch.Size([1, 1, 8, 16]) at layer: 1
Get Mod with shape torch.Size([1, 1, 16, 32]) at layer: 2
Get Mod with shape torch.Size([1, 1, 32, 64]) at layer: 3
Get Mod with shape torch.Size([1, 1, 64, 128]) at layer: 4
Get Mod with shape torch.Size([1, 1, 128, 256]) at layer: 5
Get Mod with shape torch.Size([1, 1, 256, 512]) at layer: 6
Get Mod with shape torch.Size([1, 1, 512, 1024]) at layer: 7
start temperature: 0.3 noise parameter: 2.0
end temperature: 0.3 noise parameter: 2.0
********************Start from stage I
Step 400, BEST PSNR: 30.910292, Total loss 0.000979 with its rate 1.4099056720733643 latent_bits 739196.625

🔁 Stage-1 Training Candidate 7/7
Quantizer parameter: encoding gain  16
total pixel: 524288
Get Mod with shape torch.Size([1, 1, 8, 16]) at layer: 1
Get Mod with shape torch.Size([1, 1, 16, 32]) at layer: 2
Get Mod with shape torch.Size([1, 1, 32, 64]) at layer: 3
Get Mod with shape torch.Size([1, 1, 64, 128]) at layer: 4
Get Mod with shape torch.Size([1, 1, 128, 256]) at layer: 5
Get Mod with shape torch.Size([1, 1, 256, 512]) at layer: 6
Get Mod with shape torch.Size([1, 1, 512, 1024]) at layer: 7
start temperature: 0.3 noise parameter: 2.0
end temperature: 0.3 noise parameter: 2.0
********************Start from stage I
Step 400, BEST PSNR: 31.022239, Total loss 0.000942 with its rate 1.3394529819488525 latent_bits 702259.125

🌟 Selected Top-3 Candidates by RD cost

🎯 Stage-2 Refining Candidate 1/3
start temperature: 0.3 noise parameter: 2.0
end temperature: 0.3 noise parameter: 2.0
********************Start from stage I
Step 400, BEST PSNR: 36.819075, Total loss 0.000349 with its rate 1.4085158109664917 latent_bits 738467.9375

🎯 Stage-2 Refining Candidate 2/3
start temperature: 0.3 noise parameter: 2.0
end temperature: 0.3 noise parameter: 2.0
********************Start from stage I
Step 400, BEST PSNR: 37.112252, Total loss 0.000342 with its rate 1.4769058227539062 latent_bits 774324.0

🎯 Stage-2 Refining Candidate 3/3
start temperature: 0.3 noise parameter: 2.0
end temperature: 0.3 noise parameter: 2.0
********************Start from stage I
Step 400, BEST PSNR: 36.389666, Total loss 0.000372 with its rate 1.401855707168579 latent_bits 734976.125

🏆 Best Candidate Final PSNR: 37.11, Rate: 1.4769
Masked_INR(
  (upsampling_2d): Upsampling(
    (conv_transpose2d): UpsamplingConvTranspose2d()
  )
  (arm): Arm(
    (mlp): Sequential(
      (0): ArmConv(
        (conv1_1): Conv1d(16, 16, kernel_size=(1,), stride=(1,))
      )
      (1): GELU(approximate='none')
      (2): ArmConv(
        (conv1_1): Conv1d(16, 16, kernel_size=(1,), stride=(1,))
      )
      (3): GELU(approximate='none')
      (4): ArmConv(
        (conv1_1): Conv1d(16, 2, kernel_size=(1,), stride=(1,))
      )
    )
  )
  (conv_mod): LocalGlobalBlock(
    (net): Sequential(
      (0): SynthesisLayer(
        (pad): ReplicationPad2d((0, 0, 0, 0))
        (conv_layer): Conv2d(2, 3, kernel_size=(1, 1), stride=(1, 1))
        (non_linearity): GELU(approximate='none')
      )
      (1): SynthesisResidualLayer(
        (pad): ReplicationPad2d((0, 0, 0, 0))
        (conv_layer): Conv2d(3, 3, kernel_size=(1, 1), stride=(1, 1))
        (non_linearity): GELU(approximate='none')
      )
      (2): SynthesisResidualLayer(
        (pad): ReplicationPad2d((0, 0, 0, 0))
        (conv_layer): Conv2d(3, 3, kernel_size=(1, 1), stride=(1, 1))
        (non_linearity): GELU(approximate='none')
      )
      (3): SynthesisResidualLayer(
        (pad): ReplicationPad2d((0, 0, 0, 0))
        (conv_layer): Conv2d(3, 3, kernel_size=(1, 1), stride=(1, 1))
        (non_linearity): Identity()
      )
    )
    (global_net): Sequential(
      (0): SynthesisLayer(
        (pad): ReplicationPad2d((0, 0, 0, 0))
        (conv_layer): Conv2d(2, 3, kernel_size=(1, 1), stride=(1, 1))
        (non_linearity): GELU(approximate='none')
      )
      (1): SynthesisResidualLayer(
        (pad): ReplicationPad2d((0, 0, 0, 0))
        (conv_layer): Conv2d(3, 3, kernel_size=(1, 1), stride=(1, 1))
        (non_linearity): GELU(approximate='none')
      )
      (2): SynthesisResidualLayer(
        (pad): ReplicationPad2d((0, 0, 0, 0))
        (conv_layer): Conv2d(3, 3, kernel_size=(1, 1), stride=(1, 1))
        (non_linearity): GELU(approximate='none')
      )
      (3): SynthesisResidualLayer(
        (pad): ReplicationPad2d((0, 0, 0, 0))
        (conv_layer): Conv2d(3, 3, kernel_size=(1, 1), stride=(1, 1))
        (non_linearity): Identity()
      )
    )
    (agg_func): Sequential(
      (0): SynthesisLayer(
        (pad): ReplicationPad2d((0, 0, 0, 0))
        (conv_layer): Conv2d(18, 3, kernel_size=(1, 1), stride=(1, 1))
        (non_linearity): GELU(approximate='none')
      )
      (1): SynthesisLayer(
        (pad): ReplicationPad2d((0, 0, 0, 0))
        (conv_layer): Conv2d(21, 3, kernel_size=(1, 1), stride=(1, 1))
        (non_linearity): GELU(approximate='none')
      )
      (2): SynthesisLayer(
        (pad): ReplicationPad2d((0, 0, 0, 0))
        (conv_layer): Conv2d(24, 3, kernel_size=(1, 1), stride=(1, 1))
        (non_linearity): GELU(approximate='none')
      )
    )
    (full_net): Sequential(
      (0): SynthesisLayer(
        (pad): ReplicationPad2d((0, 0, 0, 0))
        (conv_layer): Conv2d(7, 12, kernel_size=(1, 1), stride=(1, 1))
        (non_linearity): GELU(approximate='none')
      )
      (1): SynthesisLayer(
        (pad): ReplicationPad2d((0, 0, 0, 0))
        (conv_layer): Conv2d(12, 3, kernel_size=(1, 1), stride=(1, 1))
        (non_linearity): GELU(approximate='none')
      )
      (2): SynthesisResidualLayer(
        (pad): ReplicationPad2d((1, 1, 1, 1))
        (conv_layer): Conv2d(3, 3, kernel_size=(3, 3), stride=(1, 1))
        (non_linearity): GELU(approximate='none')
      )
      (3): SynthesisResidualLayer(
        (pad): ReplicationPad2d((1, 1, 1, 1))
        (conv_layer): Conv2d(3, 3, kernel_size=(3, 3), stride=(1, 1))
        (non_linearity): GELU(approximate='none')
      )
    )
  )
  (modulation_sf): ParameterList(
      (0): Parameter containing: [torch.float32 of size 1x1x8x16 (cuda:0)]
      (1): Parameter containing: [torch.float32 of size 1x1x16x32 (cuda:0)]
      (2): Parameter containing: [torch.float32 of size 1x1x32x64 (cuda:0)]
      (3): Parameter containing: [torch.float32 of size 1x1x64x128 (cuda:0)]
      (4): Parameter containing: [torch.float32 of size 1x1x128x256 (cuda:0)]
      (5): Parameter containing: [torch.float32 of size 1x1x256x512 (cuda:0)]
      (6): Parameter containing: [torch.float32 of size 1x1x512x1024 (cuda:0)]
  )
)
train the 0 -th image
start temperature: 0.3 noise parameter: 2.0
end temperature: 0.1 noise parameter: 1.0
********************Start from stage I
********************going into stage II
eval_object_psnr: 38.37646999341854
eval_background_psnr: 100.0
eval_background_psnr: 100.0
********************Evaluation the Image 0-th, after Step 999, BEST PSNR: 38.376470, Print rate 1.498620. *************************
Saved model at ./saved/modbase_7/context_16_arm_mod_16/sparity_0.0/inr_mod_16KODAK_ROI_Global_new_struture_7_12_3_33_orderconcat_operator_0_pw_0.0001_img_object0.pth
Trained the image with PSNR: 38.37646999341854  latent bits 1.498619556427002 latent bits number 785708.25
[38.37646999341854]
[1.498619556427002]
[785708.25]
load the model: ./saved/modbase_7/context_16_arm_mod_16/sparity_0.0/inr_mod_16KODAK_ROI_Global_new_struture_7_12_3_33_orderconcat_operator_0_pw_0.0001_img_object0.pth for the  0 -th image
********************Evalutation with quantization
********************Starting quantizing models
eval_object_psnr: 38.370066433722
full_image_psnr: 38.370066433722
object_psnr: 38.370066433722
background_psnr: 100.0
********************Evaluation the Image 0-th, BEST PSNR: 38.370066, Print rate 1.500137, Network rate 0.021515. *************************
Evaluate the image: PSNR: 38.370066433722 All bits: 1.5216519832611084  latent bits: 1.5001370906829834  network bits: 0.021514892578125
Evaluate arm network bits: 0.0086517333984375 Evaluate synthesis network bits: 0.011823654174804688
Image All bits num: 797783.875 latent bits num: 786503.875 mlp bits num: 11280.0 border bits num:
arm bits num: 4536.0 synthesis bits num: 6199.0
[38.370066433722]
[1.5216519832611084]
[797783.875]
Metrics saved to ./experiments/02/results.csv
Current eval Ave PSNR: 38.370066433722 Ave Bits 1.5216519832611084
Namespace(batch_size=1, lr=0.01, data='../data', sparsity=0.0, local_upsampling_kernel_size=8, upsampling_kernel_size=8, static_upsampling_kernel=False, latent_factor=1, mod_base=7, highest_flag=1, context_arm=16, dim_arm_mod=16, use_candidate=True, type='other', mod_hid_layer=0, sythesis_features=12, hidden_features=64, hidden_layer=2, scale=1, lambda_rate=0.0001, lambda_rate_list=[0.00406, 0.00208, 0.0001], start_index=0, mask_type='full', wsmse_tag=1, swhdc_tag=0, swhdc_dilations=[1, 2, 3, 4], erp_upsampling=0, erp_phi_ref=30.0, workdir='./experiments/02', train_steps_1=1000, train_steps_2=1000, patch_h=512, patch_w=1024, all_pix_num=524288, eval_pix_num=524288)
Directory './saved/modbase_7/context_16_arm_mod_16' already exists.
Directory './saved/modbase_7/context_16_arm_mod_16/sparity_0.0' already exists.
top %: 0.0

🔁 Stage-1 Training Candidate 1/7
Quantizer parameter: encoding gain  16
total pixel: 524288
Get Mod with shape torch.Size([1, 1, 8, 16]) at layer: 1
Get Mod with shape torch.Size([1, 1, 16, 32]) at layer: 2
Get Mod with shape torch.Size([1, 1, 32, 64]) at layer: 3
Get Mod with shape torch.Size([1, 1, 64, 128]) at layer: 4
Get Mod with shape torch.Size([1, 1, 128, 256]) at layer: 5
Get Mod with shape torch.Size([1, 1, 256, 512]) at layer: 6
Get Mod with shape torch.Size([1, 1, 512, 1024]) at layer: 7
start temperature: 0.3 noise parameter: 2.0
end temperature: 0.3 noise parameter: 2.0
********************Start from stage I
Step 400, BEST PSNR: 32.023780, Total loss 0.000875 with its rate 2.2422025203704834 latent_bits 1175559.875

🔁 Stage-1 Training Candidate 2/7
Quantizer parameter: encoding gain  16
total pixel: 524288
Get Mod with shape torch.Size([1, 1, 8, 16]) at layer: 1
Get Mod with shape torch.Size([1, 1, 16, 32]) at layer: 2
Get Mod with shape torch.Size([1, 1, 32, 64]) at layer: 3
Get Mod with shape torch.Size([1, 1, 64, 128]) at layer: 4
Get Mod with shape torch.Size([1, 1, 128, 256]) at layer: 5
Get Mod with shape torch.Size([1, 1, 256, 512]) at layer: 6
Get Mod with shape torch.Size([1, 1, 512, 1024]) at layer: 7
start temperature: 0.3 noise parameter: 2.0
end temperature: 0.3 noise parameter: 2.0
********************Start from stage I
Step 400, BEST PSNR: 31.996758, Total loss 0.000893 with its rate 2.3890280723571777 latent_bits 1252538.75

🔁 Stage-1 Training Candidate 3/7
Quantizer parameter: encoding gain  16
total pixel: 524288
Get Mod with shape torch.Size([1, 1, 8, 16]) at layer: 1
Get Mod with shape torch.Size([1, 1, 16, 32]) at layer: 2
Get Mod with shape torch.Size([1, 1, 32, 64]) at layer: 3
Get Mod with shape torch.Size([1, 1, 64, 128]) at layer: 4
Get Mod with shape torch.Size([1, 1, 128, 256]) at layer: 5
Get Mod with shape torch.Size([1, 1, 256, 512]) at layer: 6
Get Mod with shape torch.Size([1, 1, 512, 1024]) at layer: 7
start temperature: 0.3 noise parameter: 2.0
end temperature: 0.3 noise parameter: 2.0
********************Start from stage I
Step 400, BEST PSNR: 33.215507, Total loss 0.000737 with its rate 2.4416675567626953 latent_bits 1280137.0

🔁 Stage-1 Training Candidate 4/7
Quantizer parameter: encoding gain  16
total pixel: 524288
Get Mod with shape torch.Size([1, 1, 8, 16]) at layer: 1
Get Mod with shape torch.Size([1, 1, 16, 32]) at layer: 2
Get Mod with shape torch.Size([1, 1, 32, 64]) at layer: 3
Get Mod with shape torch.Size([1, 1, 64, 128]) at layer: 4
Get Mod with shape torch.Size([1, 1, 128, 256]) at layer: 5
Get Mod with shape torch.Size([1, 1, 256, 512]) at layer: 6
Get Mod with shape torch.Size([1, 1, 512, 1024]) at layer: 7
start temperature: 0.3 noise parameter: 2.0
end temperature: 0.3 noise parameter: 2.0
********************Start from stage I
Step 400, BEST PSNR: 32.193283, Total loss 0.000844 with its rate 2.2065391540527344 latent_bits 1156862.0

🔁 Stage-1 Training Candidate 5/7
Quantizer parameter: encoding gain  16
total pixel: 524288
Get Mod with shape torch.Size([1, 1, 8, 16]) at layer: 1
Get Mod with shape torch.Size([1, 1, 16, 32]) at layer: 2
Get Mod with shape torch.Size([1, 1, 32, 64]) at layer: 3
Get Mod with shape torch.Size([1, 1, 64, 128]) at layer: 4
Get Mod with shape torch.Size([1, 1, 128, 256]) at layer: 5
Get Mod with shape torch.Size([1, 1, 256, 512]) at layer: 6
Get Mod with shape torch.Size([1, 1, 512, 1024]) at layer: 7
start temperature: 0.3 noise parameter: 2.0
end temperature: 0.3 noise parameter: 2.0
********************Start from stage I
Step 400, BEST PSNR: 31.878455, Total loss 0.000891 with its rate 2.2359561920166016 latent_bits 1172285.0

🔁 Stage-1 Training Candidate 6/7
Quantizer parameter: encoding gain  16
total pixel: 524288
Get Mod with shape torch.Size([1, 1, 8, 16]) at layer: 1
Get Mod with shape torch.Size([1, 1, 16, 32]) at layer: 2
Get Mod with shape torch.Size([1, 1, 32, 64]) at layer: 3
Get Mod with shape torch.Size([1, 1, 64, 128]) at layer: 4
Get Mod with shape torch.Size([1, 1, 128, 256]) at layer: 5
Get Mod with shape torch.Size([1, 1, 256, 512]) at layer: 6
Get Mod with shape torch.Size([1, 1, 512, 1024]) at layer: 7
start temperature: 0.3 noise parameter: 2.0
end temperature: 0.3 noise parameter: 2.0
********************Start from stage I
Step 400, BEST PSNR: 32.261136, Total loss 0.000848 with its rate 2.3295540809631348 latent_bits 1221357.25

🔁 Stage-1 Training Candidate 7/7
Quantizer parameter: encoding gain  16
total pixel: 524288
Get Mod with shape torch.Size([1, 1, 8, 16]) at layer: 1
Get Mod with shape torch.Size([1, 1, 16, 32]) at layer: 2
Get Mod with shape torch.Size([1, 1, 32, 64]) at layer: 3
Get Mod with shape torch.Size([1, 1, 64, 128]) at layer: 4
Get Mod with shape torch.Size([1, 1, 128, 256]) at layer: 5
Get Mod with shape torch.Size([1, 1, 256, 512]) at layer: 6
Get Mod with shape torch.Size([1, 1, 512, 1024]) at layer: 7
start temperature: 0.3 noise parameter: 2.0
end temperature: 0.3 noise parameter: 2.0
********************Start from stage I
Step 400, BEST PSNR: 31.973753, Total loss 0.000893 with its rate 2.3347318172454834 latent_bits 1224071.875

🌟 Selected Top-3 Candidates by RD cost

🎯 Stage-2 Refining Candidate 1/3
start temperature: 0.3 noise parameter: 2.0
end temperature: 0.3 noise parameter: 2.0
********************Start from stage I
Step 400, BEST PSNR: 35.877043, Total loss 0.000505 with its rate 2.4649057388305664 latent_bits 1292320.5

🎯 Stage-2 Refining Candidate 2/3
start temperature: 0.3 noise parameter: 2.0
end temperature: 0.3 noise parameter: 2.0
********************Start from stage I
Step 400, BEST PSNR: 35.204012, Total loss 0.000540 with its rate 2.377041816711426 latent_bits 1246254.5

🎯 Stage-2 Refining Candidate 3/3
start temperature: 0.3 noise parameter: 2.0
end temperature: 0.3 noise parameter: 2.0
********************Start from stage I
Step 400, BEST PSNR: 36.279742, Total loss 0.000477 with its rate 2.4104270935058594 latent_bits 1263758.0

🏆 Best Candidate Final PSNR: 36.28, Rate: 2.4104
Masked_INR(
  (upsampling_2d): Upsampling(
    (conv_transpose2d): UpsamplingConvTranspose2d()
  )
  (arm): Arm(
    (mlp): Sequential(
      (0): ArmConv(
        (conv1_1): Conv1d(16, 16, kernel_size=(1,), stride=(1,))
      )
      (1): GELU(approximate='none')
      (2): ArmConv(
        (conv1_1): Conv1d(16, 16, kernel_size=(1,), stride=(1,))
      )
      (3): GELU(approximate='none')
      (4): ArmConv(
        (conv1_1): Conv1d(16, 2, kernel_size=(1,), stride=(1,))
      )
    )
  )
  (conv_mod): LocalGlobalBlock(
    (net): Sequential(
      (0): SynthesisLayer(
        (pad): ReplicationPad2d((0, 0, 0, 0))
        (conv_layer): Conv2d(2, 3, kernel_size=(1, 1), stride=(1, 1))
        (non_linearity): GELU(approximate='none')
      )
      (1): SynthesisResidualLayer(
        (pad): ReplicationPad2d((0, 0, 0, 0))
        (conv_layer): Conv2d(3, 3, kernel_size=(1, 1), stride=(1, 1))
        (non_linearity): GELU(approximate='none')
      )
      (2): SynthesisResidualLayer(
        (pad): ReplicationPad2d((0, 0, 0, 0))
        (conv_layer): Conv2d(3, 3, kernel_size=(1, 1), stride=(1, 1))
        (non_linearity): GELU(approximate='none')
      )
      (3): SynthesisResidualLayer(
        (pad): ReplicationPad2d((0, 0, 0, 0))
        (conv_layer): Conv2d(3, 3, kernel_size=(1, 1), stride=(1, 1))
        (non_linearity): Identity()
      )
    )
    (global_net): Sequential(
      (0): SynthesisLayer(
        (pad): ReplicationPad2d((0, 0, 0, 0))
        (conv_layer): Conv2d(2, 3, kernel_size=(1, 1), stride=(1, 1))
        (non_linearity): GELU(approximate='none')
      )
      (1): SynthesisResidualLayer(
        (pad): ReplicationPad2d((0, 0, 0, 0))
        (conv_layer): Conv2d(3, 3, kernel_size=(1, 1), stride=(1, 1))
        (non_linearity): GELU(approximate='none')
      )
      (2): SynthesisResidualLayer(
        (pad): ReplicationPad2d((0, 0, 0, 0))
        (conv_layer): Conv2d(3, 3, kernel_size=(1, 1), stride=(1, 1))
        (non_linearity): GELU(approximate='none')
      )
      (3): SynthesisResidualLayer(
        (pad): ReplicationPad2d((0, 0, 0, 0))
        (conv_layer): Conv2d(3, 3, kernel_size=(1, 1), stride=(1, 1))
        (non_linearity): Identity()
      )
    )
    (agg_func): Sequential(
      (0): SynthesisLayer(
        (pad): ReplicationPad2d((0, 0, 0, 0))
        (conv_layer): Conv2d(18, 3, kernel_size=(1, 1), stride=(1, 1))
        (non_linearity): GELU(approximate='none')
      )
      (1): SynthesisLayer(
        (pad): ReplicationPad2d((0, 0, 0, 0))
        (conv_layer): Conv2d(21, 3, kernel_size=(1, 1), stride=(1, 1))
        (non_linearity): GELU(approximate='none')
      )
      (2): SynthesisLayer(
        (pad): ReplicationPad2d((0, 0, 0, 0))
        (conv_layer): Conv2d(24, 3, kernel_size=(1, 1), stride=(1, 1))
        (non_linearity): GELU(approximate='none')
      )
    )
    (full_net): Sequential(
      (0): SynthesisLayer(
        (pad): ReplicationPad2d((0, 0, 0, 0))
        (conv_layer): Conv2d(7, 12, kernel_size=(1, 1), stride=(1, 1))
        (non_linearity): GELU(approximate='none')
      )
      (1): SynthesisLayer(
        (pad): ReplicationPad2d((0, 0, 0, 0))
        (conv_layer): Conv2d(12, 3, kernel_size=(1, 1), stride=(1, 1))
        (non_linearity): GELU(approximate='none')
      )
      (2): SynthesisResidualLayer(
        (pad): ReplicationPad2d((1, 1, 1, 1))
        (conv_layer): Conv2d(3, 3, kernel_size=(3, 3), stride=(1, 1))
        (non_linearity): GELU(approximate='none')
      )
      (3): SynthesisResidualLayer(
        (pad): ReplicationPad2d((1, 1, 1, 1))
        (conv_layer): Conv2d(3, 3, kernel_size=(3, 3), stride=(1, 1))
        (non_linearity): GELU(approximate='none')
      )
    )
  )
  (modulation_sf): ParameterList(
      (0): Parameter containing: [torch.float32 of size 1x1x8x16 (cuda:0)]
      (1): Parameter containing: [torch.float32 of size 1x1x16x32 (cuda:0)]
      (2): Parameter containing: [torch.float32 of size 1x1x32x64 (cuda:0)]
      (3): Parameter containing: [torch.float32 of size 1x1x64x128 (cuda:0)]
      (4): Parameter containing: [torch.float32 of size 1x1x128x256 (cuda:0)]
      (5): Parameter containing: [torch.float32 of size 1x1x256x512 (cuda:0)]
      (6): Parameter containing: [torch.float32 of size 1x1x512x1024 (cuda:0)]
  )
)
train the 3 -th image
start temperature: 0.3 noise parameter: 2.0
end temperature: 0.1 noise parameter: 1.0
********************Start from stage I
********************going into stage II
eval_object_psnr: 38.01589822677355
eval_background_psnr: 100.0
eval_background_psnr: 100.0
********************Evaluation the Image 3-th, after Step 999, BEST PSNR: 38.015898, Print rate 2.435066. *************************
Saved model at ./saved/modbase_7/context_16_arm_mod_16/sparity_0.0/inr_mod_16KODAK_ROI_Global_new_struture_7_12_3_33_orderconcat_operator_0_pw_0.0001_img_object3.pth
Trained the image with PSNR: 38.01589822677355  latent bits 2.4350664615631104 latent bits number 1276676.125
[38.37646999341854, 38.01589822677355]
[1.498619556427002, 2.4350664615631104]
[785708.25, 1276676.125]
load the model: ./saved/modbase_7/context_16_arm_mod_16/sparity_0.0/inr_mod_16KODAK_ROI_Global_new_struture_7_12_3_33_orderconcat_operator_0_pw_0.0001_img_object3.pth for the  3 -th image
********************Evalutation with quantization
********************Starting quantizing models
eval_object_psnr: 38.01421247419568
full_image_psnr: 38.01421247419568
object_psnr: 38.01421247419568
background_psnr: 100.0
********************Evaluation the Image 3-th, BEST PSNR: 38.014212, Print rate 2.435238, Network rate 0.022041. *************************
Evaluate the image: PSNR: 38.01421247419568 All bits: 2.4572792053222656  latent bits: 2.4352378845214844  network bits: 0.02204132080078125
Evaluate arm network bits: 0.009424209594726562 Evaluate synthesis network bits: 0.011575698852539062
Image All bits num: 1288322.0 latent bits num: 1276766.0 mlp bits num: 11556.0 border bits num:
arm bits num: 4941.0 synthesis bits num: 6069.0
[38.370066433722, 38.01421247419568]
[1.5216519832611084, 2.4572792053222656]
[797783.875, 1288322.0]
Metrics saved to ./experiments/02/results.csv
Current eval Ave PSNR: 38.192139453958845 Ave Bits 1.989465594291687
Namespace(batch_size=1, lr=0.01, data='../data', sparsity=0.0, local_upsampling_kernel_size=8, upsampling_kernel_size=8, static_upsampling_kernel=False, latent_factor=1, mod_base=7, highest_flag=1, context_arm=16, dim_arm_mod=16, use_candidate=True, type='other', mod_hid_layer=0, sythesis_features=12, hidden_features=64, hidden_layer=2, scale=1, lambda_rate=0.0001, lambda_rate_list=[0.00406, 0.00208, 0.0001], start_index=0, mask_type='full', wsmse_tag=1, swhdc_tag=0, swhdc_dilations=[1, 2, 3, 4], erp_upsampling=0, erp_phi_ref=30.0, workdir='./experiments/02', train_steps_1=1000, train_steps_2=1000, patch_h=512, patch_w=1024, all_pix_num=524288, eval_pix_num=524288)
Directory './saved/modbase_7/context_16_arm_mod_16' already exists.
Directory './saved/modbase_7/context_16_arm_mod_16/sparity_0.0' already exists.
top %: 0.0

🔁 Stage-1 Training Candidate 1/7
Quantizer parameter: encoding gain  16
total pixel: 524288
Get Mod with shape torch.Size([1, 1, 8, 16]) at layer: 1
Get Mod with shape torch.Size([1, 1, 16, 32]) at layer: 2
Get Mod with shape torch.Size([1, 1, 32, 64]) at layer: 3
Get Mod with shape torch.Size([1, 1, 64, 128]) at layer: 4
Get Mod with shape torch.Size([1, 1, 128, 256]) at layer: 5
Get Mod with shape torch.Size([1, 1, 256, 512]) at layer: 6
Get Mod with shape torch.Size([1, 1, 512, 1024]) at layer: 7
start temperature: 0.3 noise parameter: 2.0
end temperature: 0.3 noise parameter: 2.0
********************Start from stage I
Step 400, BEST PSNR: 33.427183, Total loss 0.000558 with its rate 1.0236058235168457 latent_bits 536664.25

🔁 Stage-1 Training Candidate 2/7
Quantizer parameter: encoding gain  16
total pixel: 524288
Get Mod with shape torch.Size([1, 1, 8, 16]) at layer: 1
Get Mod with shape torch.Size([1, 1, 16, 32]) at layer: 2
Get Mod with shape torch.Size([1, 1, 32, 64]) at layer: 3
Get Mod with shape torch.Size([1, 1, 64, 128]) at layer: 4
Get Mod with shape torch.Size([1, 1, 128, 256]) at layer: 5
Get Mod with shape torch.Size([1, 1, 256, 512]) at layer: 6
Get Mod with shape torch.Size([1, 1, 512, 1024]) at layer: 7
start temperature: 0.3 noise parameter: 2.0
end temperature: 0.3 noise parameter: 2.0
********************Start from stage I
Step 400, BEST PSNR: 35.709744, Total loss 0.000380 with its rate 1.1167460680007935 latent_bits 585496.5625

🔁 Stage-1 Training Candidate 3/7
Quantizer parameter: encoding gain  16
total pixel: 524288
Get Mod with shape torch.Size([1, 1, 8, 16]) at layer: 1
Get Mod with shape torch.Size([1, 1, 16, 32]) at layer: 2
Get Mod with shape torch.Size([1, 1, 32, 64]) at layer: 3
Get Mod with shape torch.Size([1, 1, 64, 128]) at layer: 4
Get Mod with shape torch.Size([1, 1, 128, 256]) at layer: 5
Get Mod with shape torch.Size([1, 1, 256, 512]) at layer: 6
Get Mod with shape torch.Size([1, 1, 512, 1024]) at layer: 7
start temperature: 0.3 noise parameter: 2.0
end temperature: 0.3 noise parameter: 2.0
********************Start from stage I
Step 400, BEST PSNR: 35.742321, Total loss 0.000372 with its rate 1.0449721813201904 latent_bits 547866.375

🔁 Stage-1 Training Candidate 4/7
Quantizer parameter: encoding gain  16
total pixel: 524288
Get Mod with shape torch.Size([1, 1, 8, 16]) at layer: 1
Get Mod with shape torch.Size([1, 1, 16, 32]) at layer: 2
Get Mod with shape torch.Size([1, 1, 32, 64]) at layer: 3
Get Mod with shape torch.Size([1, 1, 64, 128]) at layer: 4
Get Mod with shape torch.Size([1, 1, 128, 256]) at layer: 5
Get Mod with shape torch.Size([1, 1, 256, 512]) at layer: 6
Get Mod with shape torch.Size([1, 1, 512, 1024]) at layer: 7
start temperature: 0.3 noise parameter: 2.0
end temperature: 0.3 noise parameter: 2.0
********************Start from stage I
Step 400, BEST PSNR: 33.356042, Total loss 0.000571 with its rate 1.0850437879562378 latent_bits 568875.4375

🔁 Stage-1 Training Candidate 5/7
Quantizer parameter: encoding gain  16
total pixel: 524288
Get Mod with shape torch.Size([1, 1, 8, 16]) at layer: 1
Get Mod with shape torch.Size([1, 1, 16, 32]) at layer: 2
Get Mod with shape torch.Size([1, 1, 32, 64]) at layer: 3
Get Mod with shape torch.Size([1, 1, 64, 128]) at layer: 4
Get Mod with shape torch.Size([1, 1, 128, 256]) at layer: 5
Get Mod with shape torch.Size([1, 1, 256, 512]) at layer: 6
Get Mod with shape torch.Size([1, 1, 512, 1024]) at layer: 7
start temperature: 0.3 noise parameter: 2.0
end temperature: 0.3 noise parameter: 2.0
********************Start from stage I
Step 400, BEST PSNR: 33.559791, Total loss 0.000549 with its rate 1.058213472366333 latent_bits 554808.625

🔁 Stage-1 Training Candidate 6/7
Quantizer parameter: encoding gain  16
total pixel: 524288
Get Mod with shape torch.Size([1, 1, 8, 16]) at layer: 1
Get Mod with shape torch.Size([1, 1, 16, 32]) at layer: 2
Get Mod with shape torch.Size([1, 1, 32, 64]) at layer: 3
Get Mod with shape torch.Size([1, 1, 64, 128]) at layer: 4
Get Mod with shape torch.Size([1, 1, 128, 256]) at layer: 5
Get Mod with shape torch.Size([1, 1, 256, 512]) at layer: 6
Get Mod with shape torch.Size([1, 1, 512, 1024]) at layer: 7
start temperature: 0.3 noise parameter: 2.0
end temperature: 0.3 noise parameter: 2.0
********************Start from stage I
Step 400, BEST PSNR: 35.195118, Total loss 0.000413 with its rate 1.0844526290893555 latent_bits 568565.5

🔁 Stage-1 Training Candidate 7/7
Quantizer parameter: encoding gain  16
total pixel: 524288
Get Mod with shape torch.Size([1, 1, 8, 16]) at layer: 1
Get Mod with shape torch.Size([1, 1, 16, 32]) at layer: 2
Get Mod with shape torch.Size([1, 1, 32, 64]) at layer: 3
Get Mod with shape torch.Size([1, 1, 64, 128]) at layer: 4
Get Mod with shape torch.Size([1, 1, 128, 256]) at layer: 5
Get Mod with shape torch.Size([1, 1, 256, 512]) at layer: 6
Get Mod with shape torch.Size([1, 1, 512, 1024]) at layer: 7
start temperature: 0.3 noise parameter: 2.0
end temperature: 0.3 noise parameter: 2.0
********************Start from stage I
Step 400, BEST PSNR: 35.104990, Total loss 0.000415 with its rate 1.0306119918823242 latent_bits 540337.5

🌟 Selected Top-3 Candidates by RD cost

🎯 Stage-2 Refining Candidate 1/3
start temperature: 0.3 noise parameter: 2.0
end temperature: 0.3 noise parameter: 2.0
********************Start from stage I
Step 400, BEST PSNR: 37.611431, Total loss 0.000281 with its rate 1.072790503501892 latent_bits 562451.1875

🎯 Stage-2 Refining Candidate 2/3
start temperature: 0.3 noise parameter: 2.0
end temperature: 0.3 noise parameter: 2.0
********************Start from stage I
Step 400, BEST PSNR: 37.803636, Total loss 0.000273 with its rate 1.069620132446289 latent_bits 560789.0

🎯 Stage-2 Refining Candidate 3/3
start temperature: 0.3 noise parameter: 2.0
end temperature: 0.3 noise parameter: 2.0
********************Start from stage I
Step 400, BEST PSNR: 38.004017, Total loss 0.000268 with its rate 1.0850164890289307 latent_bits 568861.125

🏆 Best Candidate Final PSNR: 38.00, Rate: 1.0850
Masked_INR(
  (upsampling_2d): Upsampling(
    (conv_transpose2d): UpsamplingConvTranspose2d()
  )
  (arm): Arm(
    (mlp): Sequential(
      (0): ArmConv(
        (conv1_1): Conv1d(16, 16, kernel_size=(1,), stride=(1,))
      )
      (1): GELU(approximate='none')
      (2): ArmConv(
        (conv1_1): Conv1d(16, 16, kernel_size=(1,), stride=(1,))
      )
      (3): GELU(approximate='none')
      (4): ArmConv(
        (conv1_1): Conv1d(16, 2, kernel_size=(1,), stride=(1,))
      )
    )
  )
  (conv_mod): LocalGlobalBlock(
    (net): Sequential(
      (0): SynthesisLayer(
        (pad): ReplicationPad2d((0, 0, 0, 0))
        (conv_layer): Conv2d(2, 3, kernel_size=(1, 1), stride=(1, 1))
        (non_linearity): GELU(approximate='none')
      )
      (1): SynthesisResidualLayer(
        (pad): ReplicationPad2d((0, 0, 0, 0))
        (conv_layer): Conv2d(3, 3, kernel_size=(1, 1), stride=(1, 1))
        (non_linearity): GELU(approximate='none')
      )
      (2): SynthesisResidualLayer(
        (pad): ReplicationPad2d((0, 0, 0, 0))
        (conv_layer): Conv2d(3, 3, kernel_size=(1, 1), stride=(1, 1))
        (non_linearity): GELU(approximate='none')
      )
      (3): SynthesisResidualLayer(
        (pad): ReplicationPad2d((0, 0, 0, 0))
        (conv_layer): Conv2d(3, 3, kernel_size=(1, 1), stride=(1, 1))
        (non_linearity): Identity()
      )
    )
    (global_net): Sequential(
      (0): SynthesisLayer(
        (pad): ReplicationPad2d((0, 0, 0, 0))
        (conv_layer): Conv2d(2, 3, kernel_size=(1, 1), stride=(1, 1))
        (non_linearity): GELU(approximate='none')
      )
      (1): SynthesisResidualLayer(
        (pad): ReplicationPad2d((0, 0, 0, 0))
        (conv_layer): Conv2d(3, 3, kernel_size=(1, 1), stride=(1, 1))
        (non_linearity): GELU(approximate='none')
      )
      (2): SynthesisResidualLayer(
        (pad): ReplicationPad2d((0, 0, 0, 0))
        (conv_layer): Conv2d(3, 3, kernel_size=(1, 1), stride=(1, 1))
        (non_linearity): GELU(approximate='none')
      )
      (3): SynthesisResidualLayer(
        (pad): ReplicationPad2d((0, 0, 0, 0))
        (conv_layer): Conv2d(3, 3, kernel_size=(1, 1), stride=(1, 1))
        (non_linearity): Identity()
      )
    )
    (agg_func): Sequential(
      (0): SynthesisLayer(
        (pad): ReplicationPad2d((0, 0, 0, 0))
        (conv_layer): Conv2d(18, 3, kernel_size=(1, 1), stride=(1, 1))
        (non_linearity): GELU(approximate='none')
      )
      (1): SynthesisLayer(
        (pad): ReplicationPad2d((0, 0, 0, 0))
        (conv_layer): Conv2d(21, 3, kernel_size=(1, 1), stride=(1, 1))
        (non_linearity): GELU(approximate='none')
      )
      (2): SynthesisLayer(
        (pad): ReplicationPad2d((0, 0, 0, 0))
        (conv_layer): Conv2d(24, 3, kernel_size=(1, 1), stride=(1, 1))
        (non_linearity): GELU(approximate='none')
      )
    )
    (full_net): Sequential(
      (0): SynthesisLayer(
        (pad): ReplicationPad2d((0, 0, 0, 0))
        (conv_layer): Conv2d(7, 12, kernel_size=(1, 1), stride=(1, 1))
        (non_linearity): GELU(approximate='none')
      )
      (1): SynthesisLayer(
        (pad): ReplicationPad2d((0, 0, 0, 0))
        (conv_layer): Conv2d(12, 3, kernel_size=(1, 1), stride=(1, 1))
        (non_linearity): GELU(approximate='none')
      )
      (2): SynthesisResidualLayer(
        (pad): ReplicationPad2d((1, 1, 1, 1))
        (conv_layer): Conv2d(3, 3, kernel_size=(3, 3), stride=(1, 1))
        (non_linearity): GELU(approximate='none')
      )
      (3): SynthesisResidualLayer(
        (pad): ReplicationPad2d((1, 1, 1, 1))
        (conv_layer): Conv2d(3, 3, kernel_size=(3, 3), stride=(1, 1))
        (non_linearity): GELU(approximate='none')
      )
    )
  )
  (modulation_sf): ParameterList(
      (0): Parameter containing: [torch.float32 of size 1x1x8x16 (cuda:0)]
      (1): Parameter containing: [torch.float32 of size 1x1x16x32 (cuda:0)]
      (2): Parameter containing: [torch.float32 of size 1x1x32x64 (cuda:0)]
      (3): Parameter containing: [torch.float32 of size 1x1x64x128 (cuda:0)]
      (4): Parameter containing: [torch.float32 of size 1x1x128x256 (cuda:0)]
      (5): Parameter containing: [torch.float32 of size 1x1x256x512 (cuda:0)]
      (6): Parameter containing: [torch.float32 of size 1x1x512x1024 (cuda:0)]
  )
)
train the 6 -th image
start temperature: 0.3 noise parameter: 2.0
end temperature: 0.1 noise parameter: 1.0
********************Start from stage I
********************going into stage II
eval_object_psnr: 39.762174848108806
eval_background_psnr: 100.0
eval_background_psnr: 100.0
********************Evaluation the Image 6-th, after Step 999, BEST PSNR: 39.762175, Print rate 1.069284. *************************
Saved model at ./saved/modbase_7/context_16_arm_mod_16/sparity_0.0/inr_mod_16KODAK_ROI_Global_new_struture_7_12_3_33_orderconcat_operator_0_pw_0.0001_img_object6.pth
Trained the image with PSNR: 39.762174848108806  latent bits 1.0692840814590454 latent bits number 560612.8125
[38.37646999341854, 38.01589822677355, 39.762174848108806]
[1.498619556427002, 2.4350664615631104, 1.0692840814590454]
[785708.25, 1276676.125, 560612.8125]
load the model: ./saved/modbase_7/context_16_arm_mod_16/sparity_0.0/inr_mod_16KODAK_ROI_Global_new_struture_7_12_3_33_orderconcat_operator_0_pw_0.0001_img_object6.pth for the  6 -th image
********************Evalutation with quantization
********************Starting quantizing models
eval_object_psnr: 39.76154876964913
full_image_psnr: 39.76154876964913
object_psnr: 39.76154876964913
background_psnr: 100.0
********************Evaluation the Image 6-th, BEST PSNR: 39.761549, Print rate 1.069637, Network rate 0.023457. *************************
Evaluate the image: PSNR: 39.76154876964913 All bits: 1.0930933952331543  latent bits: 1.0696368217468262  network bits: 0.023456573486328125
Evaluate arm network bits: 0.009304046630859375 Evaluate synthesis network bits: 0.013109207153320312
Image All bits num: 573095.75 latent bits num: 560797.75 mlp bits num: 12298.0 border bits num:
arm bits num: 4878.0 synthesis bits num: 6873.0
[38.370066433722, 38.01421247419568, 39.76154876964913]
[1.5216519832611084, 2.4572792053222656, 1.0930933952331543]
[797783.875, 1288322.0, 573095.75]
Metrics saved to ./experiments/02/results.csv
Current eval Ave PSNR: 38.71527589252227 Ave Bits 1.690674861272176
Namespace(batch_size=1, lr=0.01, data='../data', sparsity=0.0, local_upsampling_kernel_size=8, upsampling_kernel_size=8, static_upsampling_kernel=False, latent_factor=1, mod_base=7, highest_flag=1, context_arm=16, dim_arm_mod=16, use_candidate=True, type='other', mod_hid_layer=0, sythesis_features=12, hidden_features=64, hidden_layer=2, scale=1, lambda_rate=0.0001, lambda_rate_list=[0.00406, 0.00208, 0.0001], start_index=0, mask_type='full', wsmse_tag=1, swhdc_tag=0, swhdc_dilations=[1, 2, 3, 4], erp_upsampling=0, erp_phi_ref=30.0, workdir='./experiments/02', train_steps_1=1000, train_steps_2=1000, patch_h=512, patch_w=1024, all_pix_num=524288, eval_pix_num=524288)
Directory './saved/modbase_7/context_16_arm_mod_16' already exists.
Directory './saved/modbase_7/context_16_arm_mod_16/sparity_0.0' already exists.
top %: 0.0

🔁 Stage-1 Training Candidate 1/7
Quantizer parameter: encoding gain  16
total pixel: 524288
Get Mod with shape torch.Size([1, 1, 8, 16]) at layer: 1
Get Mod with shape torch.Size([1, 1, 16, 32]) at layer: 2
Get Mod with shape torch.Size([1, 1, 32, 64]) at layer: 3
Get Mod with shape torch.Size([1, 1, 64, 128]) at layer: 4
Get Mod with shape torch.Size([1, 1, 128, 256]) at layer: 5
Get Mod with shape torch.Size([1, 1, 256, 512]) at layer: 6
Get Mod with shape torch.Size([1, 1, 512, 1024]) at layer: 7
start temperature: 0.3 noise parameter: 2.0
end temperature: 0.3 noise parameter: 2.0
********************Start from stage I
Step 400, BEST PSNR: 30.478624, Total loss 0.001200 with its rate 1.5430830717086792 latent_bits 809019.9375

🔁 Stage-1 Training Candidate 2/7
Quantizer parameter: encoding gain  16
total pixel: 524288
Get Mod with shape torch.Size([1, 1, 8, 16]) at layer: 1
Get Mod with shape torch.Size([1, 1, 16, 32]) at layer: 2
Get Mod with shape torch.Size([1, 1, 32, 64]) at layer: 3
Get Mod with shape torch.Size([1, 1, 64, 128]) at layer: 4
Get Mod with shape torch.Size([1, 1, 128, 256]) at layer: 5
Get Mod with shape torch.Size([1, 1, 256, 512]) at layer: 6
Get Mod with shape torch.Size([1, 1, 512, 1024]) at layer: 7
start temperature: 0.3 noise parameter: 2.0
end temperature: 0.3 noise parameter: 2.0
********************Start from stage I
Step 400, BEST PSNR: 34.472833, Total loss 0.000498 with its rate 1.3869671821594238 latent_bits 727170.25

🔁 Stage-1 Training Candidate 3/7
Quantizer parameter: encoding gain  16
total pixel: 524288
Get Mod with shape torch.Size([1, 1, 8, 16]) at layer: 1
Get Mod with shape torch.Size([1, 1, 16, 32]) at layer: 2
Get Mod with shape torch.Size([1, 1, 32, 64]) at layer: 3
Get Mod with shape torch.Size([1, 1, 64, 128]) at layer: 4
Get Mod with shape torch.Size([1, 1, 128, 256]) at layer: 5
Get Mod with shape torch.Size([1, 1, 256, 512]) at layer: 6
Get Mod with shape torch.Size([1, 1, 512, 1024]) at layer: 7
start temperature: 0.3 noise parameter: 2.0
end temperature: 0.3 noise parameter: 2.0
********************Start from stage I
Step 400, BEST PSNR: 32.262079, Total loss 0.000765 with its rate 1.382516622543335 latent_bits 724836.875

🔁 Stage-1 Training Candidate 4/7
Quantizer parameter: encoding gain  16
total pixel: 524288
Get Mod with shape torch.Size([1, 1, 8, 16]) at layer: 1
Get Mod with shape torch.Size([1, 1, 16, 32]) at layer: 2
Get Mod with shape torch.Size([1, 1, 32, 64]) at layer: 3
Get Mod with shape torch.Size([1, 1, 64, 128]) at layer: 4
Get Mod with shape torch.Size([1, 1, 128, 256]) at layer: 5
Get Mod with shape torch.Size([1, 1, 256, 512]) at layer: 6
Get Mod with shape torch.Size([1, 1, 512, 1024]) at layer: 7
start temperature: 0.3 noise parameter: 2.0
end temperature: 0.3 noise parameter: 2.0
********************Start from stage I
Step 400, BEST PSNR: 30.236701, Total loss 0.001280 with its rate 1.3852005004882812 latent_bits 726244.0

🔁 Stage-1 Training Candidate 5/7
Quantizer parameter: encoding gain  16
total pixel: 524288
Get Mod with shape torch.Size([1, 1, 8, 16]) at layer: 1
Get Mod with shape torch.Size([1, 1, 16, 32]) at layer: 2
Get Mod with shape torch.Size([1, 1, 32, 64]) at layer: 3
Get Mod with shape torch.Size([1, 1, 64, 128]) at layer: 4
Get Mod with shape torch.Size([1, 1, 128, 256]) at layer: 5
Get Mod with shape torch.Size([1, 1, 256, 512]) at layer: 6
Get Mod with shape torch.Size([1, 1, 512, 1024]) at layer: 7
start temperature: 0.3 noise parameter: 2.0
end temperature: 0.3 noise parameter: 2.0
********************Start from stage I
Step 400, BEST PSNR: 33.007401, Total loss 0.000656 with its rate 1.4374253749847412 latent_bits 753624.875

🔁 Stage-1 Training Candidate 6/7
Quantizer parameter: encoding gain  16
total pixel: 524288
Get Mod with shape torch.Size([1, 1, 8, 16]) at layer: 1
Get Mod with shape torch.Size([1, 1, 16, 32]) at layer: 2
Get Mod with shape torch.Size([1, 1, 32, 64]) at layer: 3
Get Mod with shape torch.Size([1, 1, 64, 128]) at layer: 4
Get Mod with shape torch.Size([1, 1, 128, 256]) at layer: 5
Get Mod with shape torch.Size([1, 1, 256, 512]) at layer: 6
Get Mod with shape torch.Size([1, 1, 512, 1024]) at layer: 7
start temperature: 0.3 noise parameter: 2.0
end temperature: 0.3 noise parameter: 2.0
********************Start from stage I
Step 400, BEST PSNR: 35.033284, Total loss 0.000448 with its rate 1.3389317989349365 latent_bits 701985.875

🔁 Stage-1 Training Candidate 7/7
Quantizer parameter: encoding gain  16
total pixel: 524288
Get Mod with shape torch.Size([1, 1, 8, 16]) at layer: 1
Get Mod with shape torch.Size([1, 1, 16, 32]) at layer: 2
Get Mod with shape torch.Size([1, 1, 32, 64]) at layer: 3
Get Mod with shape torch.Size([1, 1, 64, 128]) at layer: 4
Get Mod with shape torch.Size([1, 1, 128, 256]) at layer: 5
Get Mod with shape torch.Size([1, 1, 256, 512]) at layer: 6
Get Mod with shape torch.Size([1, 1, 512, 1024]) at layer: 7
start temperature: 0.3 noise parameter: 2.0
end temperature: 0.3 noise parameter: 2.0
********************Start from stage I
Step 400, BEST PSNR: 34.016473, Total loss 0.000544 with its rate 1.4431946277618408 latent_bits 756649.625

🌟 Selected Top-3 Candidates by RD cost

🎯 Stage-2 Refining Candidate 1/3
start temperature: 0.3 noise parameter: 2.0
end temperature: 0.3 noise parameter: 2.0
********************Start from stage I
Step 400, BEST PSNR: 37.155071, Total loss 0.000332 with its rate 1.3859126567840576 latent_bits 726617.375

🎯 Stage-2 Refining Candidate 2/3
start temperature: 0.3 noise parameter: 2.0
end temperature: 0.3 noise parameter: 2.0
********************Start from stage I
Step 400, BEST PSNR: 36.135849, Total loss 0.000388 with its rate 1.4297070503234863 latent_bits 749578.25

🎯 Stage-2 Refining Candidate 3/3
start temperature: 0.3 noise parameter: 2.0
end temperature: 0.3 noise parameter: 2.0
********************Start from stage I
Step 400, BEST PSNR: 35.132075, Total loss 0.000465 with its rate 1.5748960971832275 latent_bits 825699.125

🏆 Best Candidate Final PSNR: 37.16, Rate: 1.3859
Masked_INR(
  (upsampling_2d): Upsampling(
    (conv_transpose2d): UpsamplingConvTranspose2d()
  )
  (arm): Arm(
    (mlp): Sequential(
      (0): ArmConv(
        (conv1_1): Conv1d(16, 16, kernel_size=(1,), stride=(1,))
      )
      (1): GELU(approximate='none')
      (2): ArmConv(
        (conv1_1): Conv1d(16, 16, kernel_size=(1,), stride=(1,))
      )
      (3): GELU(approximate='none')
      (4): ArmConv(
        (conv1_1): Conv1d(16, 2, kernel_size=(1,), stride=(1,))
      )
    )
  )
  (conv_mod): LocalGlobalBlock(
    (net): Sequential(
      (0): SynthesisLayer(
        (pad): ReplicationPad2d((0, 0, 0, 0))
        (conv_layer): Conv2d(2, 3, kernel_size=(1, 1), stride=(1, 1))
        (non_linearity): GELU(approximate='none')
      )
      (1): SynthesisResidualLayer(
        (pad): ReplicationPad2d((0, 0, 0, 0))
        (conv_layer): Conv2d(3, 3, kernel_size=(1, 1), stride=(1, 1))
        (non_linearity): GELU(approximate='none')
      )
      (2): SynthesisResidualLayer(
        (pad): ReplicationPad2d((0, 0, 0, 0))
        (conv_layer): Conv2d(3, 3, kernel_size=(1, 1), stride=(1, 1))
        (non_linearity): GELU(approximate='none')
      )
      (3): SynthesisResidualLayer(
        (pad): ReplicationPad2d((0, 0, 0, 0))
        (conv_layer): Conv2d(3, 3, kernel_size=(1, 1), stride=(1, 1))
        (non_linearity): Identity()
      )
    )
    (global_net): Sequential(
      (0): SynthesisLayer(
        (pad): ReplicationPad2d((0, 0, 0, 0))
        (conv_layer): Conv2d(2, 3, kernel_size=(1, 1), stride=(1, 1))
        (non_linearity): GELU(approximate='none')
      )
      (1): SynthesisResidualLayer(
        (pad): ReplicationPad2d((0, 0, 0, 0))
        (conv_layer): Conv2d(3, 3, kernel_size=(1, 1), stride=(1, 1))
        (non_linearity): GELU(approximate='none')
      )
      (2): SynthesisResidualLayer(
        (pad): ReplicationPad2d((0, 0, 0, 0))
        (conv_layer): Conv2d(3, 3, kernel_size=(1, 1), stride=(1, 1))
        (non_linearity): GELU(approximate='none')
      )
      (3): SynthesisResidualLayer(
        (pad): ReplicationPad2d((0, 0, 0, 0))
        (conv_layer): Conv2d(3, 3, kernel_size=(1, 1), stride=(1, 1))
        (non_linearity): Identity()
      )
    )
    (agg_func): Sequential(
      (0): SynthesisLayer(
        (pad): ReplicationPad2d((0, 0, 0, 0))
        (conv_layer): Conv2d(18, 3, kernel_size=(1, 1), stride=(1, 1))
        (non_linearity): GELU(approximate='none')
      )
      (1): SynthesisLayer(
        (pad): ReplicationPad2d((0, 0, 0, 0))
        (conv_layer): Conv2d(21, 3, kernel_size=(1, 1), stride=(1, 1))
        (non_linearity): GELU(approximate='none')
      )
      (2): SynthesisLayer(
        (pad): ReplicationPad2d((0, 0, 0, 0))
        (conv_layer): Conv2d(24, 3, kernel_size=(1, 1), stride=(1, 1))
        (non_linearity): GELU(approximate='none')
      )
    )
    (full_net): Sequential(
      (0): SynthesisLayer(
        (pad): ReplicationPad2d((0, 0, 0, 0))
        (conv_layer): Conv2d(7, 12, kernel_size=(1, 1), stride=(1, 1))
        (non_linearity): GELU(approximate='none')
      )
      (1): SynthesisLayer(
        (pad): ReplicationPad2d((0, 0, 0, 0))
        (conv_layer): Conv2d(12, 3, kernel_size=(1, 1), stride=(1, 1))
        (non_linearity): GELU(approximate='none')
      )
      (2): SynthesisResidualLayer(
        (pad): ReplicationPad2d((1, 1, 1, 1))
        (conv_layer): Conv2d(3, 3, kernel_size=(3, 3), stride=(1, 1))
        (non_linearity): GELU(approximate='none')
      )
      (3): SynthesisResidualLayer(
        (pad): ReplicationPad2d((1, 1, 1, 1))
        (conv_layer): Conv2d(3, 3, kernel_size=(3, 3), stride=(1, 1))
        (non_linearity): GELU(approximate='none')
      )
    )
  )
  (modulation_sf): ParameterList(
      (0): Parameter containing: [torch.float32 of size 1x1x8x16 (cuda:0)]
      (1): Parameter containing: [torch.float32 of size 1x1x16x32 (cuda:0)]
      (2): Parameter containing: [torch.float32 of size 1x1x32x64 (cuda:0)]
      (3): Parameter containing: [torch.float32 of size 1x1x64x128 (cuda:0)]
      (4): Parameter containing: [torch.float32 of size 1x1x128x256 (cuda:0)]
      (5): Parameter containing: [torch.float32 of size 1x1x256x512 (cuda:0)]
      (6): Parameter containing: [torch.float32 of size 1x1x512x1024 (cuda:0)]
  )
)
train the 9 -th image
start temperature: 0.3 noise parameter: 2.0
end temperature: 0.1 noise parameter: 1.0
********************Start from stage I
********************going into stage II
eval_object_psnr: 39.69191535078251
eval_background_psnr: 100.0
eval_background_psnr: 100.0
********************Evaluation the Image 9-th, after Step 999, BEST PSNR: 39.691915, Print rate 1.432346. *************************
Saved model at ./saved/modbase_7/context_16_arm_mod_16/sparity_0.0/inr_mod_16KODAK_ROI_Global_new_struture_7_12_3_33_orderconcat_operator_0_pw_0.0001_img_object9.pth
Trained the image with PSNR: 39.69191535078251  latent bits 1.4323458671569824 latent bits number 750961.75
[38.37646999341854, 38.01589822677355, 39.762174848108806, 39.69191535078251]
[1.498619556427002, 2.4350664615631104, 1.0692840814590454, 1.4323458671569824]
[785708.25, 1276676.125, 560612.8125, 750961.75]
load the model: ./saved/modbase_7/context_16_arm_mod_16/sparity_0.0/inr_mod_16KODAK_ROI_Global_new_struture_7_12_3_33_orderconcat_operator_0_pw_0.0001_img_object9.pth for the  9 -th image
********************Evalutation with quantization
********************Starting quantizing models
eval_object_psnr: 39.68677562942464
full_image_psnr: 39.68677562942464
object_psnr: 39.68677562942464
background_psnr: 100.0
********************Evaluation the Image 9-th, BEST PSNR: 39.686776, Print rate 1.434765, Network rate 0.020182. *************************
Evaluate the image: PSNR: 39.68677562942464 All bits: 1.454946517944336  latent bits: 1.4347648620605469  network bits: 0.020181655883789062
Evaluate arm network bits: 0.008325576782226562 Evaluate synthesis network bits: 0.010797500610351562
Image All bits num: 762811.0 latent bits num: 752230.0 mlp bits num: 10581.0 border bits num:
arm bits num: 4365.0 synthesis bits num: 5661.0
[38.370066433722, 38.01421247419568, 39.76154876964913, 39.68677562942464]
[1.5216519832611084, 2.4572792053222656, 1.0930933952331543, 1.454946517944336]
[797783.875, 1288322.0, 573095.75, 762811.0]
Metrics saved to ./experiments/02/results.csv
Current eval Ave PSNR: 38.95815082674786 Ave Bits 1.631742775440216
Namespace(batch_size=1, lr=0.01, data='../data', sparsity=0.0, local_upsampling_kernel_size=8, upsampling_kernel_size=8, static_upsampling_kernel=False, latent_factor=1, mod_base=7, highest_flag=1, context_arm=16, dim_arm_mod=16, use_candidate=True, type='other', mod_hid_layer=0, sythesis_features=12, hidden_features=64, hidden_layer=2, scale=1, lambda_rate=0.0001, lambda_rate_list=[0.00406, 0.00208, 0.0001], start_index=0, mask_type='full', wsmse_tag=1, swhdc_tag=0, swhdc_dilations=[1, 2, 3, 4], erp_upsampling=0, erp_phi_ref=30.0, workdir='./experiments/02', train_steps_1=1000, train_steps_2=1000, patch_h=512, patch_w=1024, all_pix_num=524288, eval_pix_num=524288)
Directory './saved/modbase_7/context_16_arm_mod_16' already exists.
Directory './saved/modbase_7/context_16_arm_mod_16/sparity_0.0' already exists.
top %: 0.0

🔁 Stage-1 Training Candidate 1/7
Quantizer parameter: encoding gain  16
total pixel: 524288
Get Mod with shape torch.Size([1, 1, 8, 16]) at layer: 1
Get Mod with shape torch.Size([1, 1, 16, 32]) at layer: 2
Get Mod with shape torch.Size([1, 1, 32, 64]) at layer: 3
Get Mod with shape torch.Size([1, 1, 64, 128]) at layer: 4
Get Mod with shape torch.Size([1, 1, 128, 256]) at layer: 5
Get Mod with shape torch.Size([1, 1, 256, 512]) at layer: 6
Get Mod with shape torch.Size([1, 1, 512, 1024]) at layer: 7
start temperature: 0.3 noise parameter: 2.0
end temperature: 0.3 noise parameter: 2.0
********************Start from stage I
Step 400, BEST PSNR: 33.182851, Total loss 0.000714 with its rate 1.2020924091339111 latent_bits 630242.625

🔁 Stage-1 Training Candidate 2/7
Quantizer parameter: encoding gain  16
total pixel: 524288
Get Mod with shape torch.Size([1, 1, 8, 16]) at layer: 1
Get Mod with shape torch.Size([1, 1, 16, 32]) at layer: 2
Get Mod with shape torch.Size([1, 1, 32, 64]) at layer: 3
Get Mod with shape torch.Size([1, 1, 64, 128]) at layer: 4
Get Mod with shape torch.Size([1, 1, 128, 256]) at layer: 5
Get Mod with shape torch.Size([1, 1, 256, 512]) at layer: 6
Get Mod with shape torch.Size([1, 1, 512, 1024]) at layer: 7
start temperature: 0.3 noise parameter: 2.0
end temperature: 0.3 noise parameter: 2.0
********************Start from stage I
Step 400, BEST PSNR: 32.115517, Total loss 0.000852 with its rate 1.2837659120559692 latent_bits 673063.0625

🔁 Stage-1 Training Candidate 3/7
Quantizer parameter: encoding gain  16
total pixel: 524288
Get Mod with shape torch.Size([1, 1, 8, 16]) at layer: 1
Get Mod with shape torch.Size([1, 1, 16, 32]) at layer: 2
Get Mod with shape torch.Size([1, 1, 32, 64]) at layer: 3
Get Mod with shape torch.Size([1, 1, 64, 128]) at layer: 4
Get Mod with shape torch.Size([1, 1, 128, 256]) at layer: 5
Get Mod with shape torch.Size([1, 1, 256, 512]) at layer: 6
Get Mod with shape torch.Size([1, 1, 512, 1024]) at layer: 7
start temperature: 0.3 noise parameter: 2.0
end temperature: 0.3 noise parameter: 2.0
********************Start from stage I
Step 400, BEST PSNR: 34.202939, Total loss 0.000530 with its rate 1.2525126934051514 latent_bits 656677.375

🔁 Stage-1 Training Candidate 4/7
Quantizer parameter: encoding gain  16
total pixel: 524288
Get Mod with shape torch.Size([1, 1, 8, 16]) at layer: 1
Get Mod with shape torch.Size([1, 1, 16, 32]) at layer: 2
Get Mod with shape torch.Size([1, 1, 32, 64]) at layer: 3
Get Mod with shape torch.Size([1, 1, 64, 128]) at layer: 4
Get Mod with shape torch.Size([1, 1, 128, 256]) at layer: 5
Get Mod with shape torch.Size([1, 1, 256, 512]) at layer: 6
Get Mod with shape torch.Size([1, 1, 512, 1024]) at layer: 7
start temperature: 0.3 noise parameter: 2.0
end temperature: 0.3 noise parameter: 2.0
********************Start from stage I
Step 400, BEST PSNR: 30.352038, Total loss 0.001450 with its rate 1.1345840692520142 latent_bits 594848.8125

🔁 Stage-1 Training Candidate 5/7
Quantizer parameter: encoding gain  16
total pixel: 524288
Get Mod with shape torch.Size([1, 1, 8, 16]) at layer: 1
Get Mod with shape torch.Size([1, 1, 16, 32]) at layer: 2
Get Mod with shape torch.Size([1, 1, 32, 64]) at layer: 3
Get Mod with shape torch.Size([1, 1, 64, 128]) at layer: 4
Get Mod with shape torch.Size([1, 1, 128, 256]) at layer: 5
Get Mod with shape torch.Size([1, 1, 256, 512]) at layer: 6
Get Mod with shape torch.Size([1, 1, 512, 1024]) at layer: 7
start temperature: 0.3 noise parameter: 2.0
end temperature: 0.3 noise parameter: 2.0
********************Start from stage I
Step 400, BEST PSNR: 35.743819, Total loss 0.000392 with its rate 1.1675689220428467 latent_bits 612142.375

🔁 Stage-1 Training Candidate 6/7
Quantizer parameter: encoding gain  16
total pixel: 524288
Get Mod with shape torch.Size([1, 1, 8, 16]) at layer: 1
Get Mod with shape torch.Size([1, 1, 16, 32]) at layer: 2
Get Mod with shape torch.Size([1, 1, 32, 64]) at layer: 3
Get Mod with shape torch.Size([1, 1, 64, 128]) at layer: 4
Get Mod with shape torch.Size([1, 1, 128, 256]) at layer: 5
Get Mod with shape torch.Size([1, 1, 256, 512]) at layer: 6
Get Mod with shape torch.Size([1, 1, 512, 1024]) at layer: 7
start temperature: 0.3 noise parameter: 2.0
end temperature: 0.3 noise parameter: 2.0
********************Start from stage I
Step 400, BEST PSNR: 30.401075, Total loss 0.001455 with its rate 1.250188946723938 latent_bits 655459.0625

🔁 Stage-1 Training Candidate 7/7
Quantizer parameter: encoding gain  16
total pixel: 524288
Get Mod with shape torch.Size([1, 1, 8, 16]) at layer: 1
Get Mod with shape torch.Size([1, 1, 16, 32]) at layer: 2
Get Mod with shape torch.Size([1, 1, 32, 64]) at layer: 3
Get Mod with shape torch.Size([1, 1, 64, 128]) at layer: 4
Get Mod with shape torch.Size([1, 1, 128, 256]) at layer: 5
Get Mod with shape torch.Size([1, 1, 256, 512]) at layer: 6
Get Mod with shape torch.Size([1, 1, 512, 1024]) at layer: 7
start temperature: 0.3 noise parameter: 2.0
end temperature: 0.3 noise parameter: 2.0
********************Start from stage I
Step 400, BEST PSNR: 36.795988, Total loss 0.000326 with its rate 1.1434144973754883 latent_bits 599478.5

🌟 Selected Top-3 Candidates by RD cost

🎯 Stage-2 Refining Candidate 1/3
start temperature: 0.3 noise parameter: 2.0
end temperature: 0.3 noise parameter: 2.0
********************Start from stage I
Step 400, BEST PSNR: 37.891365, Total loss 0.000280 with its rate 1.1633052825927734 latent_bits 609907.0

🎯 Stage-2 Refining Candidate 2/3
start temperature: 0.3 noise parameter: 2.0
end temperature: 0.3 noise parameter: 2.0
********************Start from stage I
Step 400, BEST PSNR: 38.740323, Total loss 0.000245 with its rate 1.1052289009094238 latent_bits 579458.25

🎯 Stage-2 Refining Candidate 3/3
start temperature: 0.3 noise parameter: 2.0
end temperature: 0.3 noise parameter: 2.0
********************Start from stage I
Step 400, BEST PSNR: 39.162491, Total loss 0.000240 with its rate 1.178604245185852 latent_bits 617928.0625

🏆 Best Candidate Final PSNR: 39.16, Rate: 1.1786
Masked_INR(
  (upsampling_2d): Upsampling(
    (conv_transpose2d): UpsamplingConvTranspose2d()
  )
  (arm): Arm(
    (mlp): Sequential(
      (0): ArmConv(
        (conv1_1): Conv1d(16, 16, kernel_size=(1,), stride=(1,))
      )
      (1): GELU(approximate='none')
      (2): ArmConv(
        (conv1_1): Conv1d(16, 16, kernel_size=(1,), stride=(1,))
      )
      (3): GELU(approximate='none')
      (4): ArmConv(
        (conv1_1): Conv1d(16, 2, kernel_size=(1,), stride=(1,))
      )
    )
  )
  (conv_mod): LocalGlobalBlock(
    (net): Sequential(
      (0): SynthesisLayer(
        (pad): ReplicationPad2d((0, 0, 0, 0))
        (conv_layer): Conv2d(2, 3, kernel_size=(1, 1), stride=(1, 1))
        (non_linearity): GELU(approximate='none')
      )
      (1): SynthesisResidualLayer(
        (pad): ReplicationPad2d((0, 0, 0, 0))
        (conv_layer): Conv2d(3, 3, kernel_size=(1, 1), stride=(1, 1))
        (non_linearity): GELU(approximate='none')
      )
      (2): SynthesisResidualLayer(
        (pad): ReplicationPad2d((0, 0, 0, 0))
        (conv_layer): Conv2d(3, 3, kernel_size=(1, 1), stride=(1, 1))
        (non_linearity): GELU(approximate='none')
      )
      (3): SynthesisResidualLayer(
        (pad): ReplicationPad2d((0, 0, 0, 0))
        (conv_layer): Conv2d(3, 3, kernel_size=(1, 1), stride=(1, 1))
        (non_linearity): Identity()
      )
    )
    (global_net): Sequential(
      (0): SynthesisLayer(
        (pad): ReplicationPad2d((0, 0, 0, 0))
        (conv_layer): Conv2d(2, 3, kernel_size=(1, 1), stride=(1, 1))
        (non_linearity): GELU(approximate='none')
      )
      (1): SynthesisResidualLayer(
        (pad): ReplicationPad2d((0, 0, 0, 0))
        (conv_layer): Conv2d(3, 3, kernel_size=(1, 1), stride=(1, 1))
        (non_linearity): GELU(approximate='none')
      )
      (2): SynthesisResidualLayer(
        (pad): ReplicationPad2d((0, 0, 0, 0))
        (conv_layer): Conv2d(3, 3, kernel_size=(1, 1), stride=(1, 1))
        (non_linearity): GELU(approximate='none')
      )
      (3): SynthesisResidualLayer(
        (pad): ReplicationPad2d((0, 0, 0, 0))
        (conv_layer): Conv2d(3, 3, kernel_size=(1, 1), stride=(1, 1))
        (non_linearity): Identity()
      )
    )
    (agg_func): Sequential(
      (0): SynthesisLayer(
        (pad): ReplicationPad2d((0, 0, 0, 0))
        (conv_layer): Conv2d(18, 3, kernel_size=(1, 1), stride=(1, 1))
        (non_linearity): GELU(approximate='none')
      )
      (1): SynthesisLayer(
        (pad): ReplicationPad2d((0, 0, 0, 0))
        (conv_layer): Conv2d(21, 3, kernel_size=(1, 1), stride=(1, 1))
        (non_linearity): GELU(approximate='none')
      )
      (2): SynthesisLayer(
        (pad): ReplicationPad2d((0, 0, 0, 0))
        (conv_layer): Conv2d(24, 3, kernel_size=(1, 1), stride=(1, 1))
        (non_linearity): GELU(approximate='none')
      )
    )
    (full_net): Sequential(
      (0): SynthesisLayer(
        (pad): ReplicationPad2d((0, 0, 0, 0))
        (conv_layer): Conv2d(7, 12, kernel_size=(1, 1), stride=(1, 1))
        (non_linearity): GELU(approximate='none')
      )
      (1): SynthesisLayer(
        (pad): ReplicationPad2d((0, 0, 0, 0))
        (conv_layer): Conv2d(12, 3, kernel_size=(1, 1), stride=(1, 1))
        (non_linearity): GELU(approximate='none')
      )
      (2): SynthesisResidualLayer(
        (pad): ReplicationPad2d((1, 1, 1, 1))
        (conv_layer): Conv2d(3, 3, kernel_size=(3, 3), stride=(1, 1))
        (non_linearity): GELU(approximate='none')
      )
      (3): SynthesisResidualLayer(
        (pad): ReplicationPad2d((1, 1, 1, 1))
        (conv_layer): Conv2d(3, 3, kernel_size=(3, 3), stride=(1, 1))
        (non_linearity): GELU(approximate='none')
      )
    )
  )
  (modulation_sf): ParameterList(
      (0): Parameter containing: [torch.float32 of size 1x1x8x16 (cuda:0)]
      (1): Parameter containing: [torch.float32 of size 1x1x16x32 (cuda:0)]
      (2): Parameter containing: [torch.float32 of size 1x1x32x64 (cuda:0)]
      (3): Parameter containing: [torch.float32 of size 1x1x64x128 (cuda:0)]
      (4): Parameter containing: [torch.float32 of size 1x1x128x256 (cuda:0)]
      (5): Parameter containing: [torch.float32 of size 1x1x256x512 (cuda:0)]
      (6): Parameter containing: [torch.float32 of size 1x1x512x1024 (cuda:0)]
  )
)
train the 12 -th image
start temperature: 0.3 noise parameter: 2.0
end temperature: 0.1 noise parameter: 1.0
********************Start from stage I
********************going into stage II
eval_object_psnr: 40.78296122905906
eval_background_psnr: 100.0
eval_background_psnr: 100.0
********************Evaluation the Image 12-th, after Step 999, BEST PSNR: 40.782961, Print rate 1.143350. *************************
Saved model at ./saved/modbase_7/context_16_arm_mod_16/sparity_0.0/inr_mod_16KODAK_ROI_Global_new_struture_7_12_3_33_orderconcat_operator_0_pw_0.0001_img_object12.pth
Trained the image with PSNR: 40.78296122905906  latent bits 1.1433498859405518 latent bits number 599444.625
[38.37646999341854, 38.01589822677355, 39.762174848108806, 39.69191535078251, 40.78296122905906]
[1.498619556427002, 2.4350664615631104, 1.0692840814590454, 1.4323458671569824, 1.1433498859405518]
[785708.25, 1276676.125, 560612.8125, 750961.75, 599444.625]
load the model: ./saved/modbase_7/context_16_arm_mod_16/sparity_0.0/inr_mod_16KODAK_ROI_Global_new_struture_7_12_3_33_orderconcat_operator_0_pw_0.0001_img_object12.pth for the  12 -th image
********************Evalutation with quantization
********************Starting quantizing models
eval_object_psnr: 40.78143841322509
full_image_psnr: 40.78143841322509
object_psnr: 40.78143841322509
background_psnr: 100.0
********************Evaluation the Image 12-th, BEST PSNR: 40.781438, Print rate 1.143580, Network rate 0.022348. *************************
Evaluate the image: PSNR: 40.78143841322509 All bits: 1.1659287214279175  latent bits: 1.1435803174972534  network bits: 0.022348403930664062
Evaluate arm network bits: 0.009523391723632812 Evaluate synthesis network bits: 0.011936187744140625
Image All bits num: 611282.4375 latent bits num: 599565.4375 mlp bits num: 11717.0 border bits num:
arm bits num: 4993.0 synthesis bits num: 6258.0
[38.370066433722, 38.01421247419568, 39.76154876964913, 39.68677562942464, 40.78143841322509]
[1.5216519832611084, 2.4572792053222656, 1.0930933952331543, 1.454946517944336, 1.1659287214279175]
[797783.875, 1288322.0, 573095.75, 762811.0, 611282.4375]
Metrics saved to ./experiments/02/results.csv
Current eval Ave PSNR: 39.32280834404331 Ave Bits 1.5385799646377563
.......Copmlete all dataset training......
Ave Training PSNR: 39.32588392962849 Ave Training Bits 1.5157331705093384
Training PSNR: [38.37646999341854, 38.01589822677355, 39.762174848108806, 39.69191535078251, 40.78296122905906]
Training rate: [1.498619556427002, 2.4350664615631104, 1.0692840814590454, 1.4323458671569824, 1.1433498859405518]
Evalutation: Ave Eval PSNR: 39.32280834404331 Ave Eval all bits: 1.5385799646377563 Ave Eval Bits 1.516671395301819 Ave Eval Network 0.0219085693359375
Eval All PSNR: [38.370066433722, 38.01421247419568, 39.76154876964913, 39.68677562942464, 40.78143841322509]
Eval All rate [1.5216519832611084, 2.4572792053222656, 1.0930933952331543, 1.454946517944336, 1.1659287214279175]
Eval Latent rate [1.5001370906829834, 2.4352378845214844, 1.0696368217468262, 1.4347648620605469, 1.1435803174972534]
Eval MLP rate [0.021514892578125, 0.02204132080078125, 0.023456573486328125, 0.020181655883789062, 0.022348403930664062]
======== ALL Results ========
Lambda = 0.00406:
  all_psnr: [29.80217276723887, 27.666306569777248, 31.411833895494425, 29.875232749775346, 31.383534027304776]
  all_rate: [0.2238871455192566, 0.4796288311481476, 0.20352646708488464, 0.17861558496952057, 0.18289153277873993]
  all_rate_num: [117381.34375, 251463.640625, 106706.484375, 93646.0078125, 95887.8359375]
  eval_all_psnr: [29.778528551034725, 27.664481487814445, 31.372995805348506, 29.857613803292747, 31.37164293933385]
  eval_all_y_rate: [0.22463232278823853, 0.48077845573425293, 0.20388975739479065, 0.17989100515842438, 0.1834542453289032]
  eval_all_y_rate_num: [117772.03125, 252066.375, 106896.953125, 94314.6953125, 96182.859375]
  eval_all_mlp_rate: [0.01848602294921875, 0.018642425537109375, 0.018266677856445312, 0.018156051635742188, 0.017459869384765625]
  eval_all_mlp_rate_num: [9692.0, 9774.0, 9577.0, 9519.0, 9154.0]
  eval_all_arm_rate: [0.007671356201171875, 0.0076122283935546875, 0.008640289306640625, 0.0075836181640625, 0.007724761962890625]
  eval_all_arm_rate_num: [4022.0, 3991.0, 4530.0, 3976.0, 4050.0]
  eval_all_conv_rate: [0.010107040405273438, 0.009950637817382812, 0.008668899536132812, 0.009588241577148438, 0.008768081665039062]
  eval_all_conv_rate_num: [5299.0, 5217.0, 4545.0, 5027.0, 4597.0]
  eval_all_border_rate: [0.0, 0.0, 0.0, 0.0, 0.0]
  eval_all_border_rate_num: [0, 0, 0, 0, 0]
  eval_all_total_rate [[0.24311834573745728], [0.24311834573745728, 0.4994208812713623], [0.24311834573745728, 0.4994208812713623, 0.22215643525123596], [0.24311834573745728, 0.4994208812713623, 0.22215643525123596, 0.19804705679416656], [0.24311834573745728, 0.4994208812713623, 0.22215643525123596, 0.19804705679416656, 0.20091411471366882]]
  eval_all_total_rate_num [[127464.03125], [127464.03125, 261840.375], [127464.03125, 261840.375, 116473.953125], [127464.03125, 261840.375, 116473.953125, 103833.6953125], [127464.03125, 261840.375, 116473.953125, 103833.6953125, 105336.859375]]
---------------------------------
Lambda = 0.00208:
  all_psnr: [32.31993127530558, 29.961800344221146, 33.18186684953206, 31.946029550779972, 33.32812024765993]
  all_rate: [0.38029009103775024, 0.7812686562538147, 0.32623428106307983, 0.3098086714744568, 0.3229074478149414]
  all_rate_num: [199381.53125, 409609.78125, 171040.71875, 162428.96875, 169296.5]
  eval_all_psnr: [32.28666851699443, 29.94576529933161, 33.1743231468764, 31.936745047385045, 33.31061824168751]
  eval_all_y_rate: [0.3811380863189697, 0.7820878028869629, 0.327328622341156, 0.31022772192955017, 0.3241325616836548]
  eval_all_y_rate_num: [199826.125, 410039.25, 171614.46875, 162648.671875, 169938.8125]
  eval_all_mlp_rate: [0.017223358154296875, 0.01819610595703125, 0.018133163452148438, 0.019556045532226562, 0.0181121826171875]
  eval_all_mlp_rate_num: [9030.0, 9540.0, 9507.0, 10253.0, 9496.0]
  eval_all_arm_rate: [0.007701873779296875, 0.0076694488525390625, 0.0075702667236328125, 0.008646011352539062, 0.0076446533203125]
  eval_all_arm_rate_num: [4038.0, 4021.0, 3969.0, 4533.0, 4008.0]
  eval_all_conv_rate: [0.00870513916015625, 0.00968170166015625, 0.009624481201171875, 0.009950637817382812, 0.009792327880859375]
  eval_all_conv_rate_num: [4564.0, 5076.0, 5046.0, 5217.0, 5134.0]
  eval_all_border_rate: [0.0, 0.0, 0.0, 0.0, 0.0]
  eval_all_border_rate_num: [0, 0, 0, 0, 0]
  eval_all_total_rate [[0.3983614444732666], [0.3983614444732666, 0.8002839088439941], [0.3983614444732666, 0.8002839088439941, 0.34546178579330444], [0.3983614444732666, 0.8002839088439941, 0.34546178579330444, 0.32978376746177673], [0.3983614444732666, 0.8002839088439941, 0.34546178579330444, 0.32978376746177673, 0.3422447443008423]]
  eval_all_total_rate_num [[208856.125], [208856.125, 419579.25], [208856.125, 419579.25, 181121.46875], [208856.125, 419579.25, 181121.46875, 172901.671875], [208856.125, 419579.25, 181121.46875, 172901.671875, 179434.8125]]
---------------------------------
Lambda = 0.0001:
  all_psnr: [38.37646999341854, 38.01589822677355, 39.762174848108806, 39.69191535078251, 40.78296122905906]
  all_rate: [1.498619556427002, 2.4350664615631104, 1.0692840814590454, 1.4323458671569824, 1.1433498859405518]
  all_rate_num: [785708.25, 1276676.125, 560612.8125, 750961.75, 599444.625]
  eval_all_psnr: [38.370066433722, 38.01421247419568, 39.76154876964913, 39.68677562942464, 40.78143841322509]
  eval_all_y_rate: [1.5001370906829834, 2.4352378845214844, 1.0696368217468262, 1.4347648620605469, 1.1435803174972534]
  eval_all_y_rate_num: [786503.875, 1276766.0, 560797.75, 752230.0, 599565.4375]
  eval_all_mlp_rate: [0.021514892578125, 0.02204132080078125, 0.023456573486328125, 0.020181655883789062, 0.022348403930664062]
  eval_all_mlp_rate_num: [11280.0, 11556.0, 12298.0, 10581.0, 11717.0]
  eval_all_arm_rate: [0.0086517333984375, 0.009424209594726562, 0.009304046630859375, 0.008325576782226562, 0.009523391723632812]
  eval_all_arm_rate_num: [4536.0, 4941.0, 4878.0, 4365.0, 4993.0]
  eval_all_conv_rate: [0.011823654174804688, 0.011575698852539062, 0.013109207153320312, 0.010797500610351562, 0.011936187744140625]
  eval_all_conv_rate_num: [6199.0, 6069.0, 6873.0, 5661.0, 6258.0]
  eval_all_border_rate: [0.0, 0.0, 0.0, 0.0, 0.0]
  eval_all_border_rate_num: [0, 0, 0, 0, 0]
  eval_all_total_rate [[1.5216519832611084], [1.5216519832611084, 2.4572792053222656], [1.5216519832611084, 2.4572792053222656, 1.0930933952331543], [1.5216519832611084, 2.4572792053222656, 1.0930933952331543, 1.454946517944336], [1.5216519832611084, 2.4572792053222656, 1.0930933952331543, 1.454946517944336, 1.1659287214279175]]
  eval_all_total_rate_num [[797783.875], [797783.875, 1288322.0], [797783.875, 1288322.0, 573095.75], [797783.875, 1288322.0, 573095.75, 762811.0], [797783.875, 1288322.0, 573095.75, 762811.0, 611282.4375]]
---------------------------------
