seed 1
Namespace(batch_size=1, lr=0.01, data='../data', sparsity=0.0, local_upsampling_kernel_size=8, upsampling_kernel_size=8, static_upsampling_kernel=False, latent_factor=1, mod_base=7, highest_flag=1, context_arm=16, dim_arm_mod=16, use_candidate=True, type='other', mod_hid_layer=0, sythesis_features=12, hidden_features=64, hidden_layer=2, scale=1, lambda_rate=0.00406, lambda_rate_list=[0.00406, 0.00208, 0.0001], start_index=0, mask_type='full', wsmse_tag=0, swhdc_tag=0, swhdc_dilations=[1, 2, 3, 4], erp_upsampling=0, erp_phi_ref=30.0, workdir='./experiments/02', train_steps_1=1000, train_steps_2=1000, patch_h=512, patch_w=1024, all_pix_num=524288, eval_pix_num=524288)
Directory './saved/modbase_7/context_16_arm_mod_16' already exists.
Directory './saved/modbase_7/context_16_arm_mod_16/sparity_0.0' already exists.
top %: 0.0

🔁 Stage-1 Training Candidate 1/7
Quantizer parameter: encoding gain  16
total pixel: 524288
Get Mod with shape torch.Size([1, 1, 8, 16]) at layer: 1
Get Mod with shape torch.Size([1, 1, 16, 32]) at layer: 2
Get Mod with shape torch.Size([1, 1, 32, 64]) at layer: 3
Get Mod with shape torch.Size([1, 1, 64, 128]) at layer: 4
Get Mod with shape torch.Size([1, 1, 128, 256]) at layer: 5
Get Mod with shape torch.Size([1, 1, 256, 512]) at layer: 6
Get Mod with shape torch.Size([1, 1, 512, 1024]) at layer: 7
start temperature: 0.3 noise parameter: 2.0
end temperature: 0.3 noise parameter: 2.0
********************Start from stage I
/home/diego/Desktop/moric360-again/models/candidate_train.py:172: UserWarning: Converting a tensor with requires_grad=True to a scalar may lead to unexpected behavior.
Consider using tensor.detach() first. (Triggered internally at /pytorch/torch/csrc/autograd/generated/python_variable_methods.cpp:838.)
  "Step %d, BEST PSNR: %0.6f, Total loss %0.6f"
Step 400, BEST PSNR: 27.551237, Total loss 0.002479 with its rate 0.24072209000587463 latent_bits 126207.703125

🔁 Stage-1 Training Candidate 2/7
Quantizer parameter: encoding gain  16
total pixel: 524288
Get Mod with shape torch.Size([1, 1, 8, 16]) at layer: 1
Get Mod with shape torch.Size([1, 1, 16, 32]) at layer: 2
Get Mod with shape torch.Size([1, 1, 32, 64]) at layer: 3
Get Mod with shape torch.Size([1, 1, 64, 128]) at layer: 4
Get Mod with shape torch.Size([1, 1, 128, 256]) at layer: 5
Get Mod with shape torch.Size([1, 1, 256, 512]) at layer: 6
Get Mod with shape torch.Size([1, 1, 512, 1024]) at layer: 7
start temperature: 0.3 noise parameter: 2.0
end temperature: 0.3 noise parameter: 2.0
********************Start from stage I
Step 400, BEST PSNR: 27.479940, Total loss 0.002473 with its rate 0.23491112887859344 latent_bits 123161.0859375

🔁 Stage-1 Training Candidate 3/7
Quantizer parameter: encoding gain  16
total pixel: 524288
Get Mod with shape torch.Size([1, 1, 8, 16]) at layer: 1
Get Mod with shape torch.Size([1, 1, 16, 32]) at layer: 2
Get Mod with shape torch.Size([1, 1, 32, 64]) at layer: 3
Get Mod with shape torch.Size([1, 1, 64, 128]) at layer: 4
Get Mod with shape torch.Size([1, 1, 128, 256]) at layer: 5
Get Mod with shape torch.Size([1, 1, 256, 512]) at layer: 6
Get Mod with shape torch.Size([1, 1, 512, 1024]) at layer: 7
start temperature: 0.3 noise parameter: 2.0
end temperature: 0.3 noise parameter: 2.0
********************Start from stage I
Step 400, BEST PSNR: 27.524968, Total loss 0.002515 with its rate 0.24947142601013184 latent_bits 130794.875

🔁 Stage-1 Training Candidate 4/7
Quantizer parameter: encoding gain  16
total pixel: 524288
Get Mod with shape torch.Size([1, 1, 8, 16]) at layer: 1
Get Mod with shape torch.Size([1, 1, 16, 32]) at layer: 2
Get Mod with shape torch.Size([1, 1, 32, 64]) at layer: 3
Get Mod with shape torch.Size([1, 1, 64, 128]) at layer: 4
Get Mod with shape torch.Size([1, 1, 128, 256]) at layer: 5
Get Mod with shape torch.Size([1, 1, 256, 512]) at layer: 6
Get Mod with shape torch.Size([1, 1, 512, 1024]) at layer: 7
start temperature: 0.3 noise parameter: 2.0
end temperature: 0.3 noise parameter: 2.0
********************Start from stage I
Step 400, BEST PSNR: 27.460874, Total loss 0.002549 with its rate 0.24831172823905945 latent_bits 130186.859375

🔁 Stage-1 Training Candidate 5/7
Quantizer parameter: encoding gain  16
total pixel: 524288
Get Mod with shape torch.Size([1, 1, 8, 16]) at layer: 1
Get Mod with shape torch.Size([1, 1, 16, 32]) at layer: 2
Get Mod with shape torch.Size([1, 1, 32, 64]) at layer: 3
Get Mod with shape torch.Size([1, 1, 64, 128]) at layer: 4
Get Mod with shape torch.Size([1, 1, 128, 256]) at layer: 5
Get Mod with shape torch.Size([1, 1, 256, 512]) at layer: 6
Get Mod with shape torch.Size([1, 1, 512, 1024]) at layer: 7
start temperature: 0.3 noise parameter: 2.0
end temperature: 0.3 noise parameter: 2.0
********************Start from stage I
Step 400, BEST PSNR: 27.619698, Total loss 0.002519 with its rate 0.257272869348526 latent_bits 134885.078125

🔁 Stage-1 Training Candidate 6/7
Quantizer parameter: encoding gain  16
total pixel: 524288
Get Mod with shape torch.Size([1, 1, 8, 16]) at layer: 1
Get Mod with shape torch.Size([1, 1, 16, 32]) at layer: 2
Get Mod with shape torch.Size([1, 1, 32, 64]) at layer: 3
Get Mod with shape torch.Size([1, 1, 64, 128]) at layer: 4
Get Mod with shape torch.Size([1, 1, 128, 256]) at layer: 5
Get Mod with shape torch.Size([1, 1, 256, 512]) at layer: 6
Get Mod with shape torch.Size([1, 1, 512, 1024]) at layer: 7
start temperature: 0.3 noise parameter: 2.0
end temperature: 0.3 noise parameter: 2.0
********************Start from stage I
Step 400, BEST PSNR: 27.253359, Total loss 0.002617 with its rate 0.24449500441551208 latent_bits 128185.796875

🔁 Stage-1 Training Candidate 7/7
Quantizer parameter: encoding gain  16
total pixel: 524288
Get Mod with shape torch.Size([1, 1, 8, 16]) at layer: 1
Get Mod with shape torch.Size([1, 1, 16, 32]) at layer: 2
Get Mod with shape torch.Size([1, 1, 32, 64]) at layer: 3
Get Mod with shape torch.Size([1, 1, 64, 128]) at layer: 4
Get Mod with shape torch.Size([1, 1, 128, 256]) at layer: 5
Get Mod with shape torch.Size([1, 1, 256, 512]) at layer: 6
Get Mod with shape torch.Size([1, 1, 512, 1024]) at layer: 7
start temperature: 0.3 noise parameter: 2.0
end temperature: 0.3 noise parameter: 2.0
********************Start from stage I
Step 400, BEST PSNR: 27.478094, Total loss 0.002473 with its rate 0.23455314338207245 latent_bits 122973.3984375

🌟 Selected Top-3 Candidates by RD cost

🎯 Stage-2 Refining Candidate 1/3
start temperature: 0.3 noise parameter: 2.0
end temperature: 0.3 noise parameter: 2.0
********************Start from stage I
Step 400, BEST PSNR: 27.801884, Total loss 0.002557 with its rate 0.28514885902404785 latent_bits 149500.125

🎯 Stage-2 Refining Candidate 2/3
start temperature: 0.3 noise parameter: 2.0
end temperature: 0.3 noise parameter: 2.0
********************Start from stage I
Step 400, BEST PSNR: 28.276714, Total loss 0.002346 with its rate 0.2733193635940552 latent_bits 143298.0625

🎯 Stage-2 Refining Candidate 3/3
start temperature: 0.3 noise parameter: 2.0
end temperature: 0.3 noise parameter: 2.0
********************Start from stage I
Step 400, BEST PSNR: 28.304963, Total loss 0.002350 with its rate 0.272668719291687 latent_bits 142956.9375

🏆 Best Candidate Final PSNR: 28.28, Rate: 0.2733
Masked_INR(
  (upsampling_2d): Upsampling(
    (conv_transpose2d): UpsamplingConvTranspose2d()
  )
  (arm): Arm(
    (mlp): Sequential(
      (0): ArmConv(
        (conv1_1): Conv1d(16, 16, kernel_size=(1,), stride=(1,))
      )
      (1): GELU(approximate='none')
      (2): ArmConv(
        (conv1_1): Conv1d(16, 16, kernel_size=(1,), stride=(1,))
      )
      (3): GELU(approximate='none')
      (4): ArmConv(
        (conv1_1): Conv1d(16, 2, kernel_size=(1,), stride=(1,))
      )
    )
  )
  (conv_mod): LocalGlobalBlock(
    (net): Sequential(
      (0): SynthesisLayer(
        (pad): ReplicationPad2d((0, 0, 0, 0))
        (conv_layer): Conv2d(2, 3, kernel_size=(1, 1), stride=(1, 1))
        (non_linearity): GELU(approximate='none')
      )
      (1): SynthesisResidualLayer(
        (pad): ReplicationPad2d((0, 0, 0, 0))
        (conv_layer): Conv2d(3, 3, kernel_size=(1, 1), stride=(1, 1))
        (non_linearity): GELU(approximate='none')
      )
      (2): SynthesisResidualLayer(
        (pad): ReplicationPad2d((0, 0, 0, 0))
        (conv_layer): Conv2d(3, 3, kernel_size=(1, 1), stride=(1, 1))
        (non_linearity): GELU(approximate='none')
      )
      (3): SynthesisResidualLayer(
        (pad): ReplicationPad2d((0, 0, 0, 0))
        (conv_layer): Conv2d(3, 3, kernel_size=(1, 1), stride=(1, 1))
        (non_linearity): Identity()
      )
    )
    (global_net): Sequential(
      (0): SynthesisLayer(
        (pad): ReplicationPad2d((0, 0, 0, 0))
        (conv_layer): Conv2d(2, 3, kernel_size=(1, 1), stride=(1, 1))
        (non_linearity): GELU(approximate='none')
      )
      (1): SynthesisResidualLayer(
        (pad): ReplicationPad2d((0, 0, 0, 0))
        (conv_layer): Conv2d(3, 3, kernel_size=(1, 1), stride=(1, 1))
        (non_linearity): GELU(approximate='none')
      )
      (2): SynthesisResidualLayer(
        (pad): ReplicationPad2d((0, 0, 0, 0))
        (conv_layer): Conv2d(3, 3, kernel_size=(1, 1), stride=(1, 1))
        (non_linearity): GELU(approximate='none')
      )
      (3): SynthesisResidualLayer(
        (pad): ReplicationPad2d((0, 0, 0, 0))
        (conv_layer): Conv2d(3, 3, kernel_size=(1, 1), stride=(1, 1))
        (non_linearity): Identity()
      )
    )
    (agg_func): Sequential(
      (0): SynthesisLayer(
        (pad): ReplicationPad2d((0, 0, 0, 0))
        (conv_layer): Conv2d(18, 3, kernel_size=(1, 1), stride=(1, 1))
        (non_linearity): GELU(approximate='none')
      )
      (1): SynthesisLayer(
        (pad): ReplicationPad2d((0, 0, 0, 0))
        (conv_layer): Conv2d(21, 3, kernel_size=(1, 1), stride=(1, 1))
        (non_linearity): GELU(approximate='none')
      )
      (2): SynthesisLayer(
        (pad): ReplicationPad2d((0, 0, 0, 0))
        (conv_layer): Conv2d(24, 3, kernel_size=(1, 1), stride=(1, 1))
        (non_linearity): GELU(approximate='none')
      )
    )
    (full_net): Sequential(
      (0): SynthesisLayer(
        (pad): ReplicationPad2d((0, 0, 0, 0))
        (conv_layer): Conv2d(7, 12, kernel_size=(1, 1), stride=(1, 1))
        (non_linearity): GELU(approximate='none')
      )
      (1): SynthesisLayer(
        (pad): ReplicationPad2d((0, 0, 0, 0))
        (conv_layer): Conv2d(12, 3, kernel_size=(1, 1), stride=(1, 1))
        (non_linearity): GELU(approximate='none')
      )
      (2): SynthesisResidualLayer(
        (pad): ReplicationPad2d((1, 1, 1, 1))
        (conv_layer): Conv2d(3, 3, kernel_size=(3, 3), stride=(1, 1))
        (non_linearity): GELU(approximate='none')
      )
      (3): SynthesisResidualLayer(
        (pad): ReplicationPad2d((1, 1, 1, 1))
        (conv_layer): Conv2d(3, 3, kernel_size=(3, 3), stride=(1, 1))
        (non_linearity): GELU(approximate='none')
      )
    )
  )
  (modulation_sf): ParameterList(
      (0): Parameter containing: [torch.float32 of size 1x1x8x16 (cuda:0)]
      (1): Parameter containing: [torch.float32 of size 1x1x16x32 (cuda:0)]
      (2): Parameter containing: [torch.float32 of size 1x1x32x64 (cuda:0)]
      (3): Parameter containing: [torch.float32 of size 1x1x64x128 (cuda:0)]
      (4): Parameter containing: [torch.float32 of size 1x1x128x256 (cuda:0)]
      (5): Parameter containing: [torch.float32 of size 1x1x256x512 (cuda:0)]
      (6): Parameter containing: [torch.float32 of size 1x1x512x1024 (cuda:0)]
  )
)
train the 0 -th image
start temperature: 0.3 noise parameter: 2.0
end temperature: 0.1 noise parameter: 1.0
********************Start from stage I
********************going into stage II
eval_object_psnr: 28.669144852412334
eval_background_psnr: 100.0
eval_background_psnr: 100.0
********************Evaluation the Image 0-th, after Step 999, BEST PSNR: 28.669145, Print rate 0.176803. *************************
Saved model at ./saved/modbase_7/context_16_arm_mod_16/sparity_0.0/inr_mod_16KODAK_ROI_Global_new_struture_7_12_3_33_orderconcat_operator_0_pw_0.00406_img_object0.pth
Trained the image with PSNR: 28.669144852412334  latent bits 0.17680320143699646 latent bits number 92695.796875
[28.669144852412334]
[0.17680320143699646]
[92695.796875]
load the model: ./saved/modbase_7/context_16_arm_mod_16/sparity_0.0/inr_mod_16KODAK_ROI_Global_new_struture_7_12_3_33_orderconcat_operator_0_pw_0.00406_img_object0.pth for the  0 -th image
********************Evalutation with quantization
********************Starting quantizing models
eval_object_psnr: 28.653091501917455
full_image_psnr: 28.653091501917455
object_psnr: 28.653091501917455
background_psnr: 100.0
********************Evaluation the Image 0-th, BEST PSNR: 28.653092, Print rate 0.177236, Network rate 0.017664. *************************
Evaluate the image: PSNR: 28.653091501917455 All bits: 0.19489949941635132  latent bits: 0.17723554372787476  network bits: 0.017663955688476562
Evaluate arm network bits: 0.0076618194580078125 Evaluate synthesis network bits: 0.009166717529296875
Image All bits num: 102183.46875 latent bits num: 92922.46875 mlp bits num: 9261.0 border bits num:
arm bits num: 4017.0 synthesis bits num: 4806.0
[28.653091501917455]
[0.19489949941635132]
[102183.46875]
Metrics saved to ./experiments/02/results.csv
Current eval Ave PSNR: 28.653091501917455 Ave Bits 0.19489949941635132
Namespace(batch_size=1, lr=0.01, data='../data', sparsity=0.0, local_upsampling_kernel_size=8, upsampling_kernel_size=8, static_upsampling_kernel=False, latent_factor=1, mod_base=7, highest_flag=1, context_arm=16, dim_arm_mod=16, use_candidate=True, type='other', mod_hid_layer=0, sythesis_features=12, hidden_features=64, hidden_layer=2, scale=1, lambda_rate=0.00406, lambda_rate_list=[0.00406, 0.00208, 0.0001], start_index=0, mask_type='full', wsmse_tag=0, swhdc_tag=0, swhdc_dilations=[1, 2, 3, 4], erp_upsampling=0, erp_phi_ref=30.0, workdir='./experiments/02', train_steps_1=1000, train_steps_2=1000, patch_h=512, patch_w=1024, all_pix_num=524288, eval_pix_num=524288)
Directory './saved/modbase_7/context_16_arm_mod_16' already exists.
Directory './saved/modbase_7/context_16_arm_mod_16/sparity_0.0' already exists.
top %: 0.0

🔁 Stage-1 Training Candidate 1/7
Quantizer parameter: encoding gain  16
total pixel: 524288
Get Mod with shape torch.Size([1, 1, 8, 16]) at layer: 1
Get Mod with shape torch.Size([1, 1, 16, 32]) at layer: 2
Get Mod with shape torch.Size([1, 1, 32, 64]) at layer: 3
Get Mod with shape torch.Size([1, 1, 64, 128]) at layer: 4
Get Mod with shape torch.Size([1, 1, 128, 256]) at layer: 5
Get Mod with shape torch.Size([1, 1, 256, 512]) at layer: 6
Get Mod with shape torch.Size([1, 1, 512, 1024]) at layer: 7
start temperature: 0.3 noise parameter: 2.0
end temperature: 0.3 noise parameter: 2.0
********************Start from stage I
Step 400, BEST PSNR: 25.670750, Total loss 0.004887 with its rate 0.5774073600769043 latent_bits 302727.75

🔁 Stage-1 Training Candidate 2/7
Quantizer parameter: encoding gain  16
total pixel: 524288
Get Mod with shape torch.Size([1, 1, 8, 16]) at layer: 1
Get Mod with shape torch.Size([1, 1, 16, 32]) at layer: 2
Get Mod with shape torch.Size([1, 1, 32, 64]) at layer: 3
Get Mod with shape torch.Size([1, 1, 64, 128]) at layer: 4
Get Mod with shape torch.Size([1, 1, 128, 256]) at layer: 5
Get Mod with shape torch.Size([1, 1, 256, 512]) at layer: 6
Get Mod with shape torch.Size([1, 1, 512, 1024]) at layer: 7
start temperature: 0.3 noise parameter: 2.0
end temperature: 0.3 noise parameter: 2.0
********************Start from stage I
Step 400, BEST PSNR: 25.798327, Total loss 0.004750 with its rate 0.5589332580566406 latent_bits 293042.0

🔁 Stage-1 Training Candidate 3/7
Quantizer parameter: encoding gain  16
total pixel: 524288
Get Mod with shape torch.Size([1, 1, 8, 16]) at layer: 1
Get Mod with shape torch.Size([1, 1, 16, 32]) at layer: 2
Get Mod with shape torch.Size([1, 1, 32, 64]) at layer: 3
Get Mod with shape torch.Size([1, 1, 64, 128]) at layer: 4
Get Mod with shape torch.Size([1, 1, 128, 256]) at layer: 5
Get Mod with shape torch.Size([1, 1, 256, 512]) at layer: 6
Get Mod with shape torch.Size([1, 1, 512, 1024]) at layer: 7
start temperature: 0.3 noise parameter: 2.0
end temperature: 0.3 noise parameter: 2.0
********************Start from stage I
Step 400, BEST PSNR: 25.747668, Total loss 0.004754 with its rate 0.5578249096870422 latent_bits 292460.90625

🔁 Stage-1 Training Candidate 4/7
Quantizer parameter: encoding gain  16
total pixel: 524288
Get Mod with shape torch.Size([1, 1, 8, 16]) at layer: 1
Get Mod with shape torch.Size([1, 1, 16, 32]) at layer: 2
Get Mod with shape torch.Size([1, 1, 32, 64]) at layer: 3
Get Mod with shape torch.Size([1, 1, 64, 128]) at layer: 4
Get Mod with shape torch.Size([1, 1, 128, 256]) at layer: 5
Get Mod with shape torch.Size([1, 1, 256, 512]) at layer: 6
Get Mod with shape torch.Size([1, 1, 512, 1024]) at layer: 7
start temperature: 0.3 noise parameter: 2.0
end temperature: 0.3 noise parameter: 2.0
********************Start from stage I
Step 400, BEST PSNR: 25.944004, Total loss 0.004516 with its rate 0.5396307110786438 latent_bits 282921.90625

🔁 Stage-1 Training Candidate 5/7
Quantizer parameter: encoding gain  16
total pixel: 524288
Get Mod with shape torch.Size([1, 1, 8, 16]) at layer: 1
Get Mod with shape torch.Size([1, 1, 16, 32]) at layer: 2
Get Mod with shape torch.Size([1, 1, 32, 64]) at layer: 3
Get Mod with shape torch.Size([1, 1, 64, 128]) at layer: 4
Get Mod with shape torch.Size([1, 1, 128, 256]) at layer: 5
Get Mod with shape torch.Size([1, 1, 256, 512]) at layer: 6
Get Mod with shape torch.Size([1, 1, 512, 1024]) at layer: 7
start temperature: 0.3 noise parameter: 2.0
end temperature: 0.3 noise parameter: 2.0
********************Start from stage I
Step 400, BEST PSNR: 25.735182, Total loss 0.004790 with its rate 0.5671430230140686 latent_bits 297346.28125

🔁 Stage-1 Training Candidate 6/7
Quantizer parameter: encoding gain  16
total pixel: 524288
Get Mod with shape torch.Size([1, 1, 8, 16]) at layer: 1
Get Mod with shape torch.Size([1, 1, 16, 32]) at layer: 2
Get Mod with shape torch.Size([1, 1, 32, 64]) at layer: 3
Get Mod with shape torch.Size([1, 1, 64, 128]) at layer: 4
Get Mod with shape torch.Size([1, 1, 128, 256]) at layer: 5
Get Mod with shape torch.Size([1, 1, 256, 512]) at layer: 6
Get Mod with shape torch.Size([1, 1, 512, 1024]) at layer: 7
start temperature: 0.3 noise parameter: 2.0
end temperature: 0.3 noise parameter: 2.0
********************Start from stage I
Step 400, BEST PSNR: 25.611801, Total loss 0.004808 with its rate 0.5487788915634155 latent_bits 287718.1875

🔁 Stage-1 Training Candidate 7/7
Quantizer parameter: encoding gain  16
total pixel: 524288
Get Mod with shape torch.Size([1, 1, 8, 16]) at layer: 1
Get Mod with shape torch.Size([1, 1, 16, 32]) at layer: 2
Get Mod with shape torch.Size([1, 1, 32, 64]) at layer: 3
Get Mod with shape torch.Size([1, 1, 64, 128]) at layer: 4
Get Mod with shape torch.Size([1, 1, 128, 256]) at layer: 5
Get Mod with shape torch.Size([1, 1, 256, 512]) at layer: 6
Get Mod with shape torch.Size([1, 1, 512, 1024]) at layer: 7
start temperature: 0.3 noise parameter: 2.0
end temperature: 0.3 noise parameter: 2.0
********************Start from stage I
Step 400, BEST PSNR: 25.543533, Total loss 0.004963 with its rate 0.5756953358650208 latent_bits 301830.15625

🌟 Selected Top-3 Candidates by RD cost

🎯 Stage-2 Refining Candidate 1/3
start temperature: 0.3 noise parameter: 2.0
end temperature: 0.3 noise parameter: 2.0
********************Start from stage I
Step 400, BEST PSNR: 26.455082, Total loss 0.004425 with its rate 0.5880460739135742 latent_bits 308305.5

🎯 Stage-2 Refining Candidate 2/3
start temperature: 0.3 noise parameter: 2.0
end temperature: 0.3 noise parameter: 2.0
********************Start from stage I
Step 400, BEST PSNR: 26.508068, Total loss 0.004417 with its rate 0.588615894317627 latent_bits 308604.25

🎯 Stage-2 Refining Candidate 3/3
start temperature: 0.3 noise parameter: 2.0
end temperature: 0.3 noise parameter: 2.0
********************Start from stage I
Step 400, BEST PSNR: 26.612161, Total loss 0.004231 with its rate 0.5624595284461975 latent_bits 294890.78125

🏆 Best Candidate Final PSNR: 26.61, Rate: 0.5625
Masked_INR(
  (upsampling_2d): Upsampling(
    (conv_transpose2d): UpsamplingConvTranspose2d()
  )
  (arm): Arm(
    (mlp): Sequential(
      (0): ArmConv(
        (conv1_1): Conv1d(16, 16, kernel_size=(1,), stride=(1,))
      )
      (1): GELU(approximate='none')
      (2): ArmConv(
        (conv1_1): Conv1d(16, 16, kernel_size=(1,), stride=(1,))
      )
      (3): GELU(approximate='none')
      (4): ArmConv(
        (conv1_1): Conv1d(16, 2, kernel_size=(1,), stride=(1,))
      )
    )
  )
  (conv_mod): LocalGlobalBlock(
    (net): Sequential(
      (0): SynthesisLayer(
        (pad): ReplicationPad2d((0, 0, 0, 0))
        (conv_layer): Conv2d(2, 3, kernel_size=(1, 1), stride=(1, 1))
        (non_linearity): GELU(approximate='none')
      )
      (1): SynthesisResidualLayer(
        (pad): ReplicationPad2d((0, 0, 0, 0))
        (conv_layer): Conv2d(3, 3, kernel_size=(1, 1), stride=(1, 1))
        (non_linearity): GELU(approximate='none')
      )
      (2): SynthesisResidualLayer(
        (pad): ReplicationPad2d((0, 0, 0, 0))
        (conv_layer): Conv2d(3, 3, kernel_size=(1, 1), stride=(1, 1))
        (non_linearity): GELU(approximate='none')
      )
      (3): SynthesisResidualLayer(
        (pad): ReplicationPad2d((0, 0, 0, 0))
        (conv_layer): Conv2d(3, 3, kernel_size=(1, 1), stride=(1, 1))
        (non_linearity): Identity()
      )
    )
    (global_net): Sequential(
      (0): SynthesisLayer(
        (pad): ReplicationPad2d((0, 0, 0, 0))
        (conv_layer): Conv2d(2, 3, kernel_size=(1, 1), stride=(1, 1))
        (non_linearity): GELU(approximate='none')
      )
      (1): SynthesisResidualLayer(
        (pad): ReplicationPad2d((0, 0, 0, 0))
        (conv_layer): Conv2d(3, 3, kernel_size=(1, 1), stride=(1, 1))
        (non_linearity): GELU(approximate='none')
      )
      (2): SynthesisResidualLayer(
        (pad): ReplicationPad2d((0, 0, 0, 0))
        (conv_layer): Conv2d(3, 3, kernel_size=(1, 1), stride=(1, 1))
        (non_linearity): GELU(approximate='none')
      )
      (3): SynthesisResidualLayer(
        (pad): ReplicationPad2d((0, 0, 0, 0))
        (conv_layer): Conv2d(3, 3, kernel_size=(1, 1), stride=(1, 1))
        (non_linearity): Identity()
      )
    )
    (agg_func): Sequential(
      (0): SynthesisLayer(
        (pad): ReplicationPad2d((0, 0, 0, 0))
        (conv_layer): Conv2d(18, 3, kernel_size=(1, 1), stride=(1, 1))
        (non_linearity): GELU(approximate='none')
      )
      (1): SynthesisLayer(
        (pad): ReplicationPad2d((0, 0, 0, 0))
        (conv_layer): Conv2d(21, 3, kernel_size=(1, 1), stride=(1, 1))
        (non_linearity): GELU(approximate='none')
      )
      (2): SynthesisLayer(
        (pad): ReplicationPad2d((0, 0, 0, 0))
        (conv_layer): Conv2d(24, 3, kernel_size=(1, 1), stride=(1, 1))
        (non_linearity): GELU(approximate='none')
      )
    )
    (full_net): Sequential(
      (0): SynthesisLayer(
        (pad): ReplicationPad2d((0, 0, 0, 0))
        (conv_layer): Conv2d(7, 12, kernel_size=(1, 1), stride=(1, 1))
        (non_linearity): GELU(approximate='none')
      )
      (1): SynthesisLayer(
        (pad): ReplicationPad2d((0, 0, 0, 0))
        (conv_layer): Conv2d(12, 3, kernel_size=(1, 1), stride=(1, 1))
        (non_linearity): GELU(approximate='none')
      )
      (2): SynthesisResidualLayer(
        (pad): ReplicationPad2d((1, 1, 1, 1))
        (conv_layer): Conv2d(3, 3, kernel_size=(3, 3), stride=(1, 1))
        (non_linearity): GELU(approximate='none')
      )
      (3): SynthesisResidualLayer(
        (pad): ReplicationPad2d((1, 1, 1, 1))
        (conv_layer): Conv2d(3, 3, kernel_size=(3, 3), stride=(1, 1))
        (non_linearity): GELU(approximate='none')
      )
    )
  )
  (modulation_sf): ParameterList(
      (0): Parameter containing: [torch.float32 of size 1x1x8x16 (cuda:0)]
      (1): Parameter containing: [torch.float32 of size 1x1x16x32 (cuda:0)]
      (2): Parameter containing: [torch.float32 of size 1x1x32x64 (cuda:0)]
      (3): Parameter containing: [torch.float32 of size 1x1x64x128 (cuda:0)]
      (4): Parameter containing: [torch.float32 of size 1x1x128x256 (cuda:0)]
      (5): Parameter containing: [torch.float32 of size 1x1x256x512 (cuda:0)]
      (6): Parameter containing: [torch.float32 of size 1x1x512x1024 (cuda:0)]
  )
)
train the 3 -th image
start temperature: 0.3 noise parameter: 2.0
end temperature: 0.1 noise parameter: 1.0
********************Start from stage I
********************going into stage II
eval_object_psnr: 27.110614586903207
eval_background_psnr: 100.0
eval_background_psnr: 100.0
********************Evaluation the Image 3-th, after Step 999, BEST PSNR: 27.110615, Print rate 0.444078. *************************
Saved model at ./saved/modbase_7/context_16_arm_mod_16/sparity_0.0/inr_mod_16KODAK_ROI_Global_new_struture_7_12_3_33_orderconcat_operator_0_pw_0.00406_img_object3.pth
Trained the image with PSNR: 27.110614586903207  latent bits 0.44407808780670166 latent bits number 232824.8125
[28.669144852412334, 27.110614586903207]
[0.17680320143699646, 0.44407808780670166]
[92695.796875, 232824.8125]
load the model: ./saved/modbase_7/context_16_arm_mod_16/sparity_0.0/inr_mod_16KODAK_ROI_Global_new_struture_7_12_3_33_orderconcat_operator_0_pw_0.00406_img_object3.pth for the  3 -th image
********************Evalutation with quantization
********************Starting quantizing models
eval_object_psnr: 27.105775714582535
full_image_psnr: 27.105775714582535
object_psnr: 27.105775714582535
background_psnr: 100.0
********************Evaluation the Image 3-th, BEST PSNR: 27.105776, Print rate 0.445276, Network rate 0.017794. *************************
Evaluate the image: PSNR: 27.105775714582535 All bits: 0.463069885969162  latent bits: 0.4452762305736542  network bits: 0.017793655395507812
Evaluate arm network bits: 0.007732391357421875 Evaluate synthesis network bits: 0.0092010498046875
Image All bits num: 242781.984375 latent bits num: 233452.984375 mlp bits num: 9329.0 border bits num:
arm bits num: 4054.0 synthesis bits num: 4824.0
[28.653091501917455, 27.105775714582535]
[0.19489949941635132, 0.463069885969162]
[102183.46875, 242781.984375]
Metrics saved to ./experiments/02/results.csv
Current eval Ave PSNR: 27.879433608249997 Ave Bits 0.32898469269275665
Namespace(batch_size=1, lr=0.01, data='../data', sparsity=0.0, local_upsampling_kernel_size=8, upsampling_kernel_size=8, static_upsampling_kernel=False, latent_factor=1, mod_base=7, highest_flag=1, context_arm=16, dim_arm_mod=16, use_candidate=True, type='other', mod_hid_layer=0, sythesis_features=12, hidden_features=64, hidden_layer=2, scale=1, lambda_rate=0.00406, lambda_rate_list=[0.00406, 0.00208, 0.0001], start_index=0, mask_type='full', wsmse_tag=0, swhdc_tag=0, swhdc_dilations=[1, 2, 3, 4], erp_upsampling=0, erp_phi_ref=30.0, workdir='./experiments/02', train_steps_1=1000, train_steps_2=1000, patch_h=512, patch_w=1024, all_pix_num=524288, eval_pix_num=524288)
Directory './saved/modbase_7/context_16_arm_mod_16' already exists.
Directory './saved/modbase_7/context_16_arm_mod_16/sparity_0.0' already exists.
top %: 0.0

🔁 Stage-1 Training Candidate 1/7
Quantizer parameter: encoding gain  16
total pixel: 524288
Get Mod with shape torch.Size([1, 1, 8, 16]) at layer: 1
Get Mod with shape torch.Size([1, 1, 16, 32]) at layer: 2
Get Mod with shape torch.Size([1, 1, 32, 64]) at layer: 3
Get Mod with shape torch.Size([1, 1, 64, 128]) at layer: 4
Get Mod with shape torch.Size([1, 1, 128, 256]) at layer: 5
Get Mod with shape torch.Size([1, 1, 256, 512]) at layer: 6
Get Mod with shape torch.Size([1, 1, 512, 1024]) at layer: 7
start temperature: 0.3 noise parameter: 2.0
end temperature: 0.3 noise parameter: 2.0
********************Start from stage I
Step 400, BEST PSNR: 27.495069, Total loss 0.002300 with its rate 0.2235938459634781 latent_bits 117227.5703125

🔁 Stage-1 Training Candidate 2/7
Quantizer parameter: encoding gain  16
total pixel: 524288
Get Mod with shape torch.Size([1, 1, 8, 16]) at layer: 1
Get Mod with shape torch.Size([1, 1, 16, 32]) at layer: 2
Get Mod with shape torch.Size([1, 1, 32, 64]) at layer: 3
Get Mod with shape torch.Size([1, 1, 64, 128]) at layer: 4
Get Mod with shape torch.Size([1, 1, 128, 256]) at layer: 5
Get Mod with shape torch.Size([1, 1, 256, 512]) at layer: 6
Get Mod with shape torch.Size([1, 1, 512, 1024]) at layer: 7
start temperature: 0.3 noise parameter: 2.0
end temperature: 0.3 noise parameter: 2.0
********************Start from stage I
Step 400, BEST PSNR: 28.476857, Total loss 0.002085 with its rate 0.2431785613298416 latent_bits 127495.6015625

🔁 Stage-1 Training Candidate 3/7
Quantizer parameter: encoding gain  16
total pixel: 524288
Get Mod with shape torch.Size([1, 1, 8, 16]) at layer: 1
Get Mod with shape torch.Size([1, 1, 16, 32]) at layer: 2
Get Mod with shape torch.Size([1, 1, 32, 64]) at layer: 3
Get Mod with shape torch.Size([1, 1, 64, 128]) at layer: 4
Get Mod with shape torch.Size([1, 1, 128, 256]) at layer: 5
Get Mod with shape torch.Size([1, 1, 256, 512]) at layer: 6
Get Mod with shape torch.Size([1, 1, 512, 1024]) at layer: 7
start temperature: 0.3 noise parameter: 2.0
end temperature: 0.3 noise parameter: 2.0
********************Start from stage I
Step 400, BEST PSNR: 27.349951, Total loss 0.002265 with its rate 0.20744436979293823 latent_bits 108760.59375

🔁 Stage-1 Training Candidate 4/7
Quantizer parameter: encoding gain  16
total pixel: 524288
Get Mod with shape torch.Size([1, 1, 8, 16]) at layer: 1
Get Mod with shape torch.Size([1, 1, 16, 32]) at layer: 2
Get Mod with shape torch.Size([1, 1, 32, 64]) at layer: 3
Get Mod with shape torch.Size([1, 1, 64, 128]) at layer: 4
Get Mod with shape torch.Size([1, 1, 128, 256]) at layer: 5
Get Mod with shape torch.Size([1, 1, 256, 512]) at layer: 6
Get Mod with shape torch.Size([1, 1, 512, 1024]) at layer: 7
start temperature: 0.3 noise parameter: 2.0
end temperature: 0.3 noise parameter: 2.0
********************Start from stage I
Step 400, BEST PSNR: 27.908868, Total loss 0.002214 with its rate 0.2311873435974121 latent_bits 121208.75

🔁 Stage-1 Training Candidate 5/7
Quantizer parameter: encoding gain  16
total pixel: 524288
Get Mod with shape torch.Size([1, 1, 8, 16]) at layer: 1
Get Mod with shape torch.Size([1, 1, 16, 32]) at layer: 2
Get Mod with shape torch.Size([1, 1, 32, 64]) at layer: 3
Get Mod with shape torch.Size([1, 1, 64, 128]) at layer: 4
Get Mod with shape torch.Size([1, 1, 128, 256]) at layer: 5
Get Mod with shape torch.Size([1, 1, 256, 512]) at layer: 6
Get Mod with shape torch.Size([1, 1, 512, 1024]) at layer: 7
start temperature: 0.3 noise parameter: 2.0
end temperature: 0.3 noise parameter: 2.0
********************Start from stage I
Step 400, BEST PSNR: 28.034401, Total loss 0.002129 with its rate 0.22216443717479706 latent_bits 116478.1484375

🔁 Stage-1 Training Candidate 6/7
Quantizer parameter: encoding gain  16
total pixel: 524288
Get Mod with shape torch.Size([1, 1, 8, 16]) at layer: 1
Get Mod with shape torch.Size([1, 1, 16, 32]) at layer: 2
Get Mod with shape torch.Size([1, 1, 32, 64]) at layer: 3
Get Mod with shape torch.Size([1, 1, 64, 128]) at layer: 4
Get Mod with shape torch.Size([1, 1, 128, 256]) at layer: 5
Get Mod with shape torch.Size([1, 1, 256, 512]) at layer: 6
Get Mod with shape torch.Size([1, 1, 512, 1024]) at layer: 7
start temperature: 0.3 noise parameter: 2.0
end temperature: 0.3 noise parameter: 2.0
********************Start from stage I
Step 400, BEST PSNR: 27.838932, Total loss 0.002108 with its rate 0.20677900314331055 latent_bits 108411.75

🔁 Stage-1 Training Candidate 7/7
Quantizer parameter: encoding gain  16
total pixel: 524288
Get Mod with shape torch.Size([1, 1, 8, 16]) at layer: 1
Get Mod with shape torch.Size([1, 1, 16, 32]) at layer: 2
Get Mod with shape torch.Size([1, 1, 32, 64]) at layer: 3
Get Mod with shape torch.Size([1, 1, 64, 128]) at layer: 4
Get Mod with shape torch.Size([1, 1, 128, 256]) at layer: 5
Get Mod with shape torch.Size([1, 1, 256, 512]) at layer: 6
Get Mod with shape torch.Size([1, 1, 512, 1024]) at layer: 7
start temperature: 0.3 noise parameter: 2.0
end temperature: 0.3 noise parameter: 2.0
********************Start from stage I
Step 400, BEST PSNR: 27.892319, Total loss 0.002219 with its rate 0.23212674260139465 latent_bits 121701.265625

🌟 Selected Top-3 Candidates by RD cost

🎯 Stage-2 Refining Candidate 1/3
start temperature: 0.3 noise parameter: 2.0
end temperature: 0.3 noise parameter: 2.0
********************Start from stage I
Step 400, BEST PSNR: 29.471319, Total loss 0.001953 with its rate 0.26480063796043396 latent_bits 138831.796875

🎯 Stage-2 Refining Candidate 2/3
start temperature: 0.3 noise parameter: 2.0
end temperature: 0.3 noise parameter: 2.0
********************Start from stage I
Step 400, BEST PSNR: 29.048523, Total loss 0.001957 with its rate 0.2472781240940094 latent_bits 129644.953125

🎯 Stage-2 Refining Candidate 3/3
start temperature: 0.3 noise parameter: 2.0
end temperature: 0.3 noise parameter: 2.0
********************Start from stage I
Step 400, BEST PSNR: 29.398493, Total loss 0.001876 with its rate 0.24678632616996765 latent_bits 129387.109375

🏆 Best Candidate Final PSNR: 29.40, Rate: 0.2468
Masked_INR(
  (upsampling_2d): Upsampling(
    (conv_transpose2d): UpsamplingConvTranspose2d()
  )
  (arm): Arm(
    (mlp): Sequential(
      (0): ArmConv(
        (conv1_1): Conv1d(16, 16, kernel_size=(1,), stride=(1,))
      )
      (1): GELU(approximate='none')
      (2): ArmConv(
        (conv1_1): Conv1d(16, 16, kernel_size=(1,), stride=(1,))
      )
      (3): GELU(approximate='none')
      (4): ArmConv(
        (conv1_1): Conv1d(16, 2, kernel_size=(1,), stride=(1,))
      )
    )
  )
  (conv_mod): LocalGlobalBlock(
    (net): Sequential(
      (0): SynthesisLayer(
        (pad): ReplicationPad2d((0, 0, 0, 0))
        (conv_layer): Conv2d(2, 3, kernel_size=(1, 1), stride=(1, 1))
        (non_linearity): GELU(approximate='none')
      )
      (1): SynthesisResidualLayer(
        (pad): ReplicationPad2d((0, 0, 0, 0))
        (conv_layer): Conv2d(3, 3, kernel_size=(1, 1), stride=(1, 1))
        (non_linearity): GELU(approximate='none')
      )
      (2): SynthesisResidualLayer(
        (pad): ReplicationPad2d((0, 0, 0, 0))
        (conv_layer): Conv2d(3, 3, kernel_size=(1, 1), stride=(1, 1))
        (non_linearity): GELU(approximate='none')
      )
      (3): SynthesisResidualLayer(
        (pad): ReplicationPad2d((0, 0, 0, 0))
        (conv_layer): Conv2d(3, 3, kernel_size=(1, 1), stride=(1, 1))
        (non_linearity): Identity()
      )
    )
    (global_net): Sequential(
      (0): SynthesisLayer(
        (pad): ReplicationPad2d((0, 0, 0, 0))
        (conv_layer): Conv2d(2, 3, kernel_size=(1, 1), stride=(1, 1))
        (non_linearity): GELU(approximate='none')
      )
      (1): SynthesisResidualLayer(
        (pad): ReplicationPad2d((0, 0, 0, 0))
        (conv_layer): Conv2d(3, 3, kernel_size=(1, 1), stride=(1, 1))
        (non_linearity): GELU(approximate='none')
      )
      (2): SynthesisResidualLayer(
        (pad): ReplicationPad2d((0, 0, 0, 0))
        (conv_layer): Conv2d(3, 3, kernel_size=(1, 1), stride=(1, 1))
        (non_linearity): GELU(approximate='none')
      )
      (3): SynthesisResidualLayer(
        (pad): ReplicationPad2d((0, 0, 0, 0))
        (conv_layer): Conv2d(3, 3, kernel_size=(1, 1), stride=(1, 1))
        (non_linearity): Identity()
      )
    )
    (agg_func): Sequential(
      (0): SynthesisLayer(
        (pad): ReplicationPad2d((0, 0, 0, 0))
        (conv_layer): Conv2d(18, 3, kernel_size=(1, 1), stride=(1, 1))
        (non_linearity): GELU(approximate='none')
      )
      (1): SynthesisLayer(
        (pad): ReplicationPad2d((0, 0, 0, 0))
        (conv_layer): Conv2d(21, 3, kernel_size=(1, 1), stride=(1, 1))
        (non_linearity): GELU(approximate='none')
      )
      (2): SynthesisLayer(
        (pad): ReplicationPad2d((0, 0, 0, 0))
        (conv_layer): Conv2d(24, 3, kernel_size=(1, 1), stride=(1, 1))
        (non_linearity): GELU(approximate='none')
      )
    )
    (full_net): Sequential(
      (0): SynthesisLayer(
        (pad): ReplicationPad2d((0, 0, 0, 0))
        (conv_layer): Conv2d(7, 12, kernel_size=(1, 1), stride=(1, 1))
        (non_linearity): GELU(approximate='none')
      )
      (1): SynthesisLayer(
        (pad): ReplicationPad2d((0, 0, 0, 0))
        (conv_layer): Conv2d(12, 3, kernel_size=(1, 1), stride=(1, 1))
        (non_linearity): GELU(approximate='none')
      )
      (2): SynthesisResidualLayer(
        (pad): ReplicationPad2d((1, 1, 1, 1))
        (conv_layer): Conv2d(3, 3, kernel_size=(3, 3), stride=(1, 1))
        (non_linearity): GELU(approximate='none')
      )
      (3): SynthesisResidualLayer(
        (pad): ReplicationPad2d((1, 1, 1, 1))
        (conv_layer): Conv2d(3, 3, kernel_size=(3, 3), stride=(1, 1))
        (non_linearity): GELU(approximate='none')
      )
    )
  )
  (modulation_sf): ParameterList(
      (0): Parameter containing: [torch.float32 of size 1x1x8x16 (cuda:0)]
      (1): Parameter containing: [torch.float32 of size 1x1x16x32 (cuda:0)]
      (2): Parameter containing: [torch.float32 of size 1x1x32x64 (cuda:0)]
      (3): Parameter containing: [torch.float32 of size 1x1x64x128 (cuda:0)]
      (4): Parameter containing: [torch.float32 of size 1x1x128x256 (cuda:0)]
      (5): Parameter containing: [torch.float32 of size 1x1x256x512 (cuda:0)]
      (6): Parameter containing: [torch.float32 of size 1x1x512x1024 (cuda:0)]
  )
)
train the 6 -th image
start temperature: 0.3 noise parameter: 2.0
end temperature: 0.1 noise parameter: 1.0
********************Start from stage I
********************going into stage II
eval_object_psnr: 30.239182288003416
eval_background_psnr: 100.0
eval_background_psnr: 100.0
********************Evaluation the Image 6-th, after Step 999, BEST PSNR: 30.239182, Print rate 0.145517. *************************
Saved model at ./saved/modbase_7/context_16_arm_mod_16/sparity_0.0/inr_mod_16KODAK_ROI_Global_new_struture_7_12_3_33_orderconcat_operator_0_pw_0.00406_img_object6.pth
Trained the image with PSNR: 30.239182288003416  latent bits 0.14551664888858795 latent bits number 76292.6328125
[28.669144852412334, 27.110614586903207, 30.239182288003416]
[0.17680320143699646, 0.44407808780670166, 0.14551664888858795]
[92695.796875, 232824.8125, 76292.6328125]
load the model: ./saved/modbase_7/context_16_arm_mod_16/sparity_0.0/inr_mod_16KODAK_ROI_Global_new_struture_7_12_3_33_orderconcat_operator_0_pw_0.00406_img_object6.pth for the  6 -th image
********************Evalutation with quantization
********************Starting quantizing models
eval_object_psnr: 30.20884805340464
full_image_psnr: 30.20884805340464
object_psnr: 30.20884805340464
background_psnr: 100.0
********************Evaluation the Image 6-th, BEST PSNR: 30.208848, Print rate 0.146640, Network rate 0.016739. *************************
Evaluate the image: PSNR: 30.20884805340464 All bits: 0.1633787453174591  latent bits: 0.1466398537158966  network bits: 0.0167388916015625
Evaluate arm network bits: 0.0075397491455078125 Evaluate synthesis network bits: 0.00812530517578125
Image All bits num: 85657.515625 latent bits num: 76881.515625 mlp bits num: 8776.0 border bits num:
arm bits num: 3953.0 synthesis bits num: 4260.0
[28.653091501917455, 27.105775714582535, 30.20884805340464]
[0.19489949941635132, 0.463069885969162, 0.1633787453174591]
[102183.46875, 242781.984375, 85657.515625]
Metrics saved to ./experiments/02/results.csv
Current eval Ave PSNR: 28.65590508996821 Ave Bits 0.27378271023432416
Namespace(batch_size=1, lr=0.01, data='../data', sparsity=0.0, local_upsampling_kernel_size=8, upsampling_kernel_size=8, static_upsampling_kernel=False, latent_factor=1, mod_base=7, highest_flag=1, context_arm=16, dim_arm_mod=16, use_candidate=True, type='other', mod_hid_layer=0, sythesis_features=12, hidden_features=64, hidden_layer=2, scale=1, lambda_rate=0.00406, lambda_rate_list=[0.00406, 0.00208, 0.0001], start_index=0, mask_type='full', wsmse_tag=0, swhdc_tag=0, swhdc_dilations=[1, 2, 3, 4], erp_upsampling=0, erp_phi_ref=30.0, workdir='./experiments/02', train_steps_1=1000, train_steps_2=1000, patch_h=512, patch_w=1024, all_pix_num=524288, eval_pix_num=524288)
Directory './saved/modbase_7/context_16_arm_mod_16' already exists.
Directory './saved/modbase_7/context_16_arm_mod_16/sparity_0.0' already exists.
top %: 0.0

🔁 Stage-1 Training Candidate 1/7
Quantizer parameter: encoding gain  16
total pixel: 524288
Get Mod with shape torch.Size([1, 1, 8, 16]) at layer: 1
Get Mod with shape torch.Size([1, 1, 16, 32]) at layer: 2
Get Mod with shape torch.Size([1, 1, 32, 64]) at layer: 3
Get Mod with shape torch.Size([1, 1, 64, 128]) at layer: 4
Get Mod with shape torch.Size([1, 1, 128, 256]) at layer: 5
Get Mod with shape torch.Size([1, 1, 256, 512]) at layer: 6
Get Mod with shape torch.Size([1, 1, 512, 1024]) at layer: 7
start temperature: 0.3 noise parameter: 2.0
end temperature: 0.3 noise parameter: 2.0
********************Start from stage I
Step 400, BEST PSNR: 27.367869, Total loss 0.002494 with its rate 0.23067133128643036 latent_bits 120938.2109375

🔁 Stage-1 Training Candidate 2/7
Quantizer parameter: encoding gain  16
total pixel: 524288
Get Mod with shape torch.Size([1, 1, 8, 16]) at layer: 1
Get Mod with shape torch.Size([1, 1, 16, 32]) at layer: 2
Get Mod with shape torch.Size([1, 1, 32, 64]) at layer: 3
Get Mod with shape torch.Size([1, 1, 64, 128]) at layer: 4
Get Mod with shape torch.Size([1, 1, 128, 256]) at layer: 5
Get Mod with shape torch.Size([1, 1, 256, 512]) at layer: 6
Get Mod with shape torch.Size([1, 1, 512, 1024]) at layer: 7
start temperature: 0.3 noise parameter: 2.0
end temperature: 0.3 noise parameter: 2.0
********************Start from stage I
Step 400, BEST PSNR: 27.909054, Total loss 0.002253 with its rate 0.22255857288837433 latent_bits 116684.7890625

🔁 Stage-1 Training Candidate 3/7
Quantizer parameter: encoding gain  16
total pixel: 524288
Get Mod with shape torch.Size([1, 1, 8, 16]) at layer: 1
Get Mod with shape torch.Size([1, 1, 16, 32]) at layer: 2
Get Mod with shape torch.Size([1, 1, 32, 64]) at layer: 3
Get Mod with shape torch.Size([1, 1, 64, 128]) at layer: 4
Get Mod with shape torch.Size([1, 1, 128, 256]) at layer: 5
Get Mod with shape torch.Size([1, 1, 256, 512]) at layer: 6
Get Mod with shape torch.Size([1, 1, 512, 1024]) at layer: 7
start temperature: 0.3 noise parameter: 2.0
end temperature: 0.3 noise parameter: 2.0
********************Start from stage I
Step 400, BEST PSNR: 27.558447, Total loss 0.002420 with its rate 0.2349267154932022 latent_bits 123169.2578125

🔁 Stage-1 Training Candidate 4/7
Quantizer parameter: encoding gain  16
total pixel: 524288
Get Mod with shape torch.Size([1, 1, 8, 16]) at layer: 1
Get Mod with shape torch.Size([1, 1, 16, 32]) at layer: 2
Get Mod with shape torch.Size([1, 1, 32, 64]) at layer: 3
Get Mod with shape torch.Size([1, 1, 64, 128]) at layer: 4
Get Mod with shape torch.Size([1, 1, 128, 256]) at layer: 5
Get Mod with shape torch.Size([1, 1, 256, 512]) at layer: 6
Get Mod with shape torch.Size([1, 1, 512, 1024]) at layer: 7
start temperature: 0.3 noise parameter: 2.0
end temperature: 0.3 noise parameter: 2.0
********************Start from stage I
Step 400, BEST PSNR: 26.359592, Total loss 0.002935 with its rate 0.23049035668373108 latent_bits 120843.328125

🔁 Stage-1 Training Candidate 5/7
Quantizer parameter: encoding gain  16
total pixel: 524288
Get Mod with shape torch.Size([1, 1, 8, 16]) at layer: 1
Get Mod with shape torch.Size([1, 1, 16, 32]) at layer: 2
Get Mod with shape torch.Size([1, 1, 32, 64]) at layer: 3
Get Mod with shape torch.Size([1, 1, 64, 128]) at layer: 4
Get Mod with shape torch.Size([1, 1, 128, 256]) at layer: 5
Get Mod with shape torch.Size([1, 1, 256, 512]) at layer: 6
Get Mod with shape torch.Size([1, 1, 512, 1024]) at layer: 7
start temperature: 0.3 noise parameter: 2.0
end temperature: 0.3 noise parameter: 2.0
********************Start from stage I
Step 400, BEST PSNR: 27.158235, Total loss 0.002520 with its rate 0.21479830145835876 latent_bits 112616.171875

🔁 Stage-1 Training Candidate 6/7
Quantizer parameter: encoding gain  16
total pixel: 524288
Get Mod with shape torch.Size([1, 1, 8, 16]) at layer: 1
Get Mod with shape torch.Size([1, 1, 16, 32]) at layer: 2
Get Mod with shape torch.Size([1, 1, 32, 64]) at layer: 3
Get Mod with shape torch.Size([1, 1, 64, 128]) at layer: 4
Get Mod with shape torch.Size([1, 1, 128, 256]) at layer: 5
Get Mod with shape torch.Size([1, 1, 256, 512]) at layer: 6
Get Mod with shape torch.Size([1, 1, 512, 1024]) at layer: 7
start temperature: 0.3 noise parameter: 2.0
end temperature: 0.3 noise parameter: 2.0
********************Start from stage I
Step 400, BEST PSNR: 27.611567, Total loss 0.002425 with its rate 0.23487907648086548 latent_bits 123144.28125

🔁 Stage-1 Training Candidate 7/7
Quantizer parameter: encoding gain  16
total pixel: 524288
Get Mod with shape torch.Size([1, 1, 8, 16]) at layer: 1
Get Mod with shape torch.Size([1, 1, 16, 32]) at layer: 2
Get Mod with shape torch.Size([1, 1, 32, 64]) at layer: 3
Get Mod with shape torch.Size([1, 1, 64, 128]) at layer: 4
Get Mod with shape torch.Size([1, 1, 128, 256]) at layer: 5
Get Mod with shape torch.Size([1, 1, 256, 512]) at layer: 6
Get Mod with shape torch.Size([1, 1, 512, 1024]) at layer: 7
start temperature: 0.3 noise parameter: 2.0
end temperature: 0.3 noise parameter: 2.0
********************Start from stage I
Step 400, BEST PSNR: 26.655070, Total loss 0.002900 with its rate 0.2565120458602905 latent_bits 134486.1875

🌟 Selected Top-3 Candidates by RD cost

🎯 Stage-2 Refining Candidate 1/3
start temperature: 0.3 noise parameter: 2.0
end temperature: 0.3 noise parameter: 2.0
********************Start from stage I
Step 400, BEST PSNR: 28.893484, Total loss 0.002054 with its rate 0.2463800609111786 latent_bits 129174.109375

🎯 Stage-2 Refining Candidate 2/3
start temperature: 0.3 noise parameter: 2.0
end temperature: 0.3 noise parameter: 2.0
********************Start from stage I
Step 400, BEST PSNR: 28.651032, Total loss 0.002201 with its rate 0.26455822587013245 latent_bits 138704.703125

🎯 Stage-2 Refining Candidate 3/3
start temperature: 0.3 noise parameter: 2.0
end temperature: 0.3 noise parameter: 2.0
********************Start from stage I
Step 400, BEST PSNR: 28.786676, Total loss 0.002088 with its rate 0.24735577404499054 latent_bits 129685.6640625

🏆 Best Candidate Final PSNR: 28.89, Rate: 0.2464
Masked_INR(
  (upsampling_2d): Upsampling(
    (conv_transpose2d): UpsamplingConvTranspose2d()
  )
  (arm): Arm(
    (mlp): Sequential(
      (0): ArmConv(
        (conv1_1): Conv1d(16, 16, kernel_size=(1,), stride=(1,))
      )
      (1): GELU(approximate='none')
      (2): ArmConv(
        (conv1_1): Conv1d(16, 16, kernel_size=(1,), stride=(1,))
      )
      (3): GELU(approximate='none')
      (4): ArmConv(
        (conv1_1): Conv1d(16, 2, kernel_size=(1,), stride=(1,))
      )
    )
  )
  (conv_mod): LocalGlobalBlock(
    (net): Sequential(
      (0): SynthesisLayer(
        (pad): ReplicationPad2d((0, 0, 0, 0))
        (conv_layer): Conv2d(2, 3, kernel_size=(1, 1), stride=(1, 1))
        (non_linearity): GELU(approximate='none')
      )
      (1): SynthesisResidualLayer(
        (pad): ReplicationPad2d((0, 0, 0, 0))
        (conv_layer): Conv2d(3, 3, kernel_size=(1, 1), stride=(1, 1))
        (non_linearity): GELU(approximate='none')
      )
      (2): SynthesisResidualLayer(
        (pad): ReplicationPad2d((0, 0, 0, 0))
        (conv_layer): Conv2d(3, 3, kernel_size=(1, 1), stride=(1, 1))
        (non_linearity): GELU(approximate='none')
      )
      (3): SynthesisResidualLayer(
        (pad): ReplicationPad2d((0, 0, 0, 0))
        (conv_layer): Conv2d(3, 3, kernel_size=(1, 1), stride=(1, 1))
        (non_linearity): Identity()
      )
    )
    (global_net): Sequential(
      (0): SynthesisLayer(
        (pad): ReplicationPad2d((0, 0, 0, 0))
        (conv_layer): Conv2d(2, 3, kernel_size=(1, 1), stride=(1, 1))
        (non_linearity): GELU(approximate='none')
      )
      (1): SynthesisResidualLayer(
        (pad): ReplicationPad2d((0, 0, 0, 0))
        (conv_layer): Conv2d(3, 3, kernel_size=(1, 1), stride=(1, 1))
        (non_linearity): GELU(approximate='none')
      )
      (2): SynthesisResidualLayer(
        (pad): ReplicationPad2d((0, 0, 0, 0))
        (conv_layer): Conv2d(3, 3, kernel_size=(1, 1), stride=(1, 1))
        (non_linearity): GELU(approximate='none')
      )
      (3): SynthesisResidualLayer(
        (pad): ReplicationPad2d((0, 0, 0, 0))
        (conv_layer): Conv2d(3, 3, kernel_size=(1, 1), stride=(1, 1))
        (non_linearity): Identity()
      )
    )
    (agg_func): Sequential(
      (0): SynthesisLayer(
        (pad): ReplicationPad2d((0, 0, 0, 0))
        (conv_layer): Conv2d(18, 3, kernel_size=(1, 1), stride=(1, 1))
        (non_linearity): GELU(approximate='none')
      )
      (1): SynthesisLayer(
        (pad): ReplicationPad2d((0, 0, 0, 0))
        (conv_layer): Conv2d(21, 3, kernel_size=(1, 1), stride=(1, 1))
        (non_linearity): GELU(approximate='none')
      )
      (2): SynthesisLayer(
        (pad): ReplicationPad2d((0, 0, 0, 0))
        (conv_layer): Conv2d(24, 3, kernel_size=(1, 1), stride=(1, 1))
        (non_linearity): GELU(approximate='none')
      )
    )
    (full_net): Sequential(
      (0): SynthesisLayer(
        (pad): ReplicationPad2d((0, 0, 0, 0))
        (conv_layer): Conv2d(7, 12, kernel_size=(1, 1), stride=(1, 1))
        (non_linearity): GELU(approximate='none')
      )
      (1): SynthesisLayer(
        (pad): ReplicationPad2d((0, 0, 0, 0))
        (conv_layer): Conv2d(12, 3, kernel_size=(1, 1), stride=(1, 1))
        (non_linearity): GELU(approximate='none')
      )
      (2): SynthesisResidualLayer(
        (pad): ReplicationPad2d((1, 1, 1, 1))
        (conv_layer): Conv2d(3, 3, kernel_size=(3, 3), stride=(1, 1))
        (non_linearity): GELU(approximate='none')
      )
      (3): SynthesisResidualLayer(
        (pad): ReplicationPad2d((1, 1, 1, 1))
        (conv_layer): Conv2d(3, 3, kernel_size=(3, 3), stride=(1, 1))
        (non_linearity): GELU(approximate='none')
      )
    )
  )
  (modulation_sf): ParameterList(
      (0): Parameter containing: [torch.float32 of size 1x1x8x16 (cuda:0)]
      (1): Parameter containing: [torch.float32 of size 1x1x16x32 (cuda:0)]
      (2): Parameter containing: [torch.float32 of size 1x1x32x64 (cuda:0)]
      (3): Parameter containing: [torch.float32 of size 1x1x64x128 (cuda:0)]
      (4): Parameter containing: [torch.float32 of size 1x1x128x256 (cuda:0)]
      (5): Parameter containing: [torch.float32 of size 1x1x256x512 (cuda:0)]
      (6): Parameter containing: [torch.float32 of size 1x1x512x1024 (cuda:0)]
  )
)
train the 9 -th image
start temperature: 0.3 noise parameter: 2.0
end temperature: 0.1 noise parameter: 1.0
********************Start from stage I
********************going into stage II
eval_object_psnr: 29.317702064300864
eval_background_psnr: 100.0
eval_background_psnr: 100.0
********************Evaluation the Image 9-th, after Step 999, BEST PSNR: 29.317702, Print rate 0.147578. *************************
Saved model at ./saved/modbase_7/context_16_arm_mod_16/sparity_0.0/inr_mod_16KODAK_ROI_Global_new_struture_7_12_3_33_orderconcat_operator_0_pw_0.00406_img_object9.pth
Trained the image with PSNR: 29.317702064300864  latent bits 0.14757803082466125 latent bits number 77373.390625
[28.669144852412334, 27.110614586903207, 30.239182288003416, 29.317702064300864]
[0.17680320143699646, 0.44407808780670166, 0.14551664888858795, 0.14757803082466125]
[92695.796875, 232824.8125, 76292.6328125, 77373.390625]
load the model: ./saved/modbase_7/context_16_arm_mod_16/sparity_0.0/inr_mod_16KODAK_ROI_Global_new_struture_7_12_3_33_orderconcat_operator_0_pw_0.00406_img_object9.pth for the  9 -th image
********************Evalutation with quantization
********************Starting quantizing models
eval_object_psnr: 29.28836402316212
full_image_psnr: 29.28836402316212
object_psnr: 29.28836402316212
background_psnr: 100.0
********************Evaluation the Image 9-th, BEST PSNR: 29.288364, Print rate 0.148171, Network rate 0.016148. *************************
Evaluate the image: PSNR: 29.28836402316212 All bits: 0.16431903839111328  latent bits: 0.14817142486572266  network bits: 0.016147613525390625
Evaluate arm network bits: 0.00757598876953125 Evaluate synthesis network bits: 0.0077152252197265625
Image All bits num: 86150.5 latent bits num: 77684.5 mlp bits num: 8466.0 border bits num:
arm bits num: 3972.0 synthesis bits num: 4045.0
[28.653091501917455, 27.105775714582535, 30.20884805340464, 29.28836402316212]
[0.19489949941635132, 0.463069885969162, 0.1633787453174591, 0.16431903839111328]
[102183.46875, 242781.984375, 85657.515625, 86150.5]
Metrics saved to ./experiments/02/results.csv
Current eval Ave PSNR: 28.814019823266687 Ave Bits 0.24641679227352142
Namespace(batch_size=1, lr=0.01, data='../data', sparsity=0.0, local_upsampling_kernel_size=8, upsampling_kernel_size=8, static_upsampling_kernel=False, latent_factor=1, mod_base=7, highest_flag=1, context_arm=16, dim_arm_mod=16, use_candidate=True, type='other', mod_hid_layer=0, sythesis_features=12, hidden_features=64, hidden_layer=2, scale=1, lambda_rate=0.00406, lambda_rate_list=[0.00406, 0.00208, 0.0001], start_index=0, mask_type='full', wsmse_tag=0, swhdc_tag=0, swhdc_dilations=[1, 2, 3, 4], erp_upsampling=0, erp_phi_ref=30.0, workdir='./experiments/02', train_steps_1=1000, train_steps_2=1000, patch_h=512, patch_w=1024, all_pix_num=524288, eval_pix_num=524288)
Directory './saved/modbase_7/context_16_arm_mod_16' already exists.
Directory './saved/modbase_7/context_16_arm_mod_16/sparity_0.0' already exists.
top %: 0.0

🔁 Stage-1 Training Candidate 1/7
Quantizer parameter: encoding gain  16
total pixel: 524288
Get Mod with shape torch.Size([1, 1, 8, 16]) at layer: 1
Get Mod with shape torch.Size([1, 1, 16, 32]) at layer: 2
Get Mod with shape torch.Size([1, 1, 32, 64]) at layer: 3
Get Mod with shape torch.Size([1, 1, 64, 128]) at layer: 4
Get Mod with shape torch.Size([1, 1, 128, 256]) at layer: 5
Get Mod with shape torch.Size([1, 1, 256, 512]) at layer: 6
Get Mod with shape torch.Size([1, 1, 512, 1024]) at layer: 7
start temperature: 0.3 noise parameter: 2.0
end temperature: 0.3 noise parameter: 2.0
********************Start from stage I
Step 400, BEST PSNR: 28.465937, Total loss 0.002025 with its rate 0.21378248929977417 latent_bits 112083.59375

🔁 Stage-1 Training Candidate 2/7
Quantizer parameter: encoding gain  16
total pixel: 524288
Get Mod with shape torch.Size([1, 1, 8, 16]) at layer: 1
Get Mod with shape torch.Size([1, 1, 16, 32]) at layer: 2
Get Mod with shape torch.Size([1, 1, 32, 64]) at layer: 3
Get Mod with shape torch.Size([1, 1, 64, 128]) at layer: 4
Get Mod with shape torch.Size([1, 1, 128, 256]) at layer: 5
Get Mod with shape torch.Size([1, 1, 256, 512]) at layer: 6
Get Mod with shape torch.Size([1, 1, 512, 1024]) at layer: 7
start temperature: 0.3 noise parameter: 2.0
end temperature: 0.3 noise parameter: 2.0
********************Start from stage I
Step 400, BEST PSNR: 28.286917, Total loss 0.002153 with its rate 0.22623106837272644 latent_bits 118610.234375

🔁 Stage-1 Training Candidate 3/7
Quantizer parameter: encoding gain  16
total pixel: 524288
Get Mod with shape torch.Size([1, 1, 8, 16]) at layer: 1
Get Mod with shape torch.Size([1, 1, 16, 32]) at layer: 2
Get Mod with shape torch.Size([1, 1, 32, 64]) at layer: 3
Get Mod with shape torch.Size([1, 1, 64, 128]) at layer: 4
Get Mod with shape torch.Size([1, 1, 128, 256]) at layer: 5
Get Mod with shape torch.Size([1, 1, 256, 512]) at layer: 6
Get Mod with shape torch.Size([1, 1, 512, 1024]) at layer: 7
start temperature: 0.3 noise parameter: 2.0
end temperature: 0.3 noise parameter: 2.0
********************Start from stage I
Step 400, BEST PSNR: 28.616949, Total loss 0.002003 with its rate 0.21358329057693481 latent_bits 111979.15625

🔁 Stage-1 Training Candidate 4/7
Quantizer parameter: encoding gain  16
total pixel: 524288
Get Mod with shape torch.Size([1, 1, 8, 16]) at layer: 1
Get Mod with shape torch.Size([1, 1, 16, 32]) at layer: 2
Get Mod with shape torch.Size([1, 1, 32, 64]) at layer: 3
Get Mod with shape torch.Size([1, 1, 64, 128]) at layer: 4
Get Mod with shape torch.Size([1, 1, 128, 256]) at layer: 5
Get Mod with shape torch.Size([1, 1, 256, 512]) at layer: 6
Get Mod with shape torch.Size([1, 1, 512, 1024]) at layer: 7
start temperature: 0.3 noise parameter: 2.0
end temperature: 0.3 noise parameter: 2.0
********************Start from stage I
Step 400, BEST PSNR: 26.437301, Total loss 0.003265 with its rate 0.21706736087799072 latent_bits 113805.8125

🔁 Stage-1 Training Candidate 5/7
Quantizer parameter: encoding gain  16
total pixel: 524288
Get Mod with shape torch.Size([1, 1, 8, 16]) at layer: 1
Get Mod with shape torch.Size([1, 1, 16, 32]) at layer: 2
Get Mod with shape torch.Size([1, 1, 32, 64]) at layer: 3
Get Mod with shape torch.Size([1, 1, 64, 128]) at layer: 4
Get Mod with shape torch.Size([1, 1, 128, 256]) at layer: 5
Get Mod with shape torch.Size([1, 1, 256, 512]) at layer: 6
Get Mod with shape torch.Size([1, 1, 512, 1024]) at layer: 7
start temperature: 0.3 noise parameter: 2.0
end temperature: 0.3 noise parameter: 2.0
********************Start from stage I
Step 400, BEST PSNR: 28.660257, Total loss 0.001958 with its rate 0.2142695188522339 latent_bits 112338.9375

🔁 Stage-1 Training Candidate 6/7
Quantizer parameter: encoding gain  16
total pixel: 524288
Get Mod with shape torch.Size([1, 1, 8, 16]) at layer: 1
Get Mod with shape torch.Size([1, 1, 16, 32]) at layer: 2
Get Mod with shape torch.Size([1, 1, 32, 64]) at layer: 3
Get Mod with shape torch.Size([1, 1, 64, 128]) at layer: 4
Get Mod with shape torch.Size([1, 1, 128, 256]) at layer: 5
Get Mod with shape torch.Size([1, 1, 256, 512]) at layer: 6
Get Mod with shape torch.Size([1, 1, 512, 1024]) at layer: 7
start temperature: 0.3 noise parameter: 2.0
end temperature: 0.3 noise parameter: 2.0
********************Start from stage I
Step 400, BEST PSNR: 27.565584, Total loss 0.002375 with its rate 0.21015118062496185 latent_bits 110179.7421875

🔁 Stage-1 Training Candidate 7/7
Quantizer parameter: encoding gain  16
total pixel: 524288
Get Mod with shape torch.Size([1, 1, 8, 16]) at layer: 1
Get Mod with shape torch.Size([1, 1, 16, 32]) at layer: 2
Get Mod with shape torch.Size([1, 1, 32, 64]) at layer: 3
Get Mod with shape torch.Size([1, 1, 64, 128]) at layer: 4
Get Mod with shape torch.Size([1, 1, 128, 256]) at layer: 5
Get Mod with shape torch.Size([1, 1, 256, 512]) at layer: 6
Get Mod with shape torch.Size([1, 1, 512, 1024]) at layer: 7
start temperature: 0.3 noise parameter: 2.0
end temperature: 0.3 noise parameter: 2.0
********************Start from stage I
Step 400, BEST PSNR: 28.469446, Total loss 0.002070 with its rate 0.2223844826221466 latent_bits 116593.515625

🌟 Selected Top-3 Candidates by RD cost

🎯 Stage-2 Refining Candidate 1/3
start temperature: 0.3 noise parameter: 2.0
end temperature: 0.3 noise parameter: 2.0
********************Start from stage I
Step 400, BEST PSNR: 29.094102, Total loss 0.002028 with its rate 0.2527216374874115 latent_bits 132498.921875

🎯 Stage-2 Refining Candidate 2/3
start temperature: 0.3 noise parameter: 2.0
end temperature: 0.3 noise parameter: 2.0
********************Start from stage I
Step 400, BEST PSNR: 29.221462, Total loss 0.001912 with its rate 0.23689350485801697 latent_bits 124200.421875

🎯 Stage-2 Refining Candidate 3/3
start temperature: 0.3 noise parameter: 2.0
end temperature: 0.3 noise parameter: 2.0
********************Start from stage I
Step 400, BEST PSNR: 29.315071, Total loss 0.001890 with its rate 0.23796141147613525 latent_bits 124760.3125

🏆 Best Candidate Final PSNR: 29.32, Rate: 0.2380
Masked_INR(
  (upsampling_2d): Upsampling(
    (conv_transpose2d): UpsamplingConvTranspose2d()
  )
  (arm): Arm(
    (mlp): Sequential(
      (0): ArmConv(
        (conv1_1): Conv1d(16, 16, kernel_size=(1,), stride=(1,))
      )
      (1): GELU(approximate='none')
      (2): ArmConv(
        (conv1_1): Conv1d(16, 16, kernel_size=(1,), stride=(1,))
      )
      (3): GELU(approximate='none')
      (4): ArmConv(
        (conv1_1): Conv1d(16, 2, kernel_size=(1,), stride=(1,))
      )
    )
  )
  (conv_mod): LocalGlobalBlock(
    (net): Sequential(
      (0): SynthesisLayer(
        (pad): ReplicationPad2d((0, 0, 0, 0))
        (conv_layer): Conv2d(2, 3, kernel_size=(1, 1), stride=(1, 1))
        (non_linearity): GELU(approximate='none')
      )
      (1): SynthesisResidualLayer(
        (pad): ReplicationPad2d((0, 0, 0, 0))
        (conv_layer): Conv2d(3, 3, kernel_size=(1, 1), stride=(1, 1))
        (non_linearity): GELU(approximate='none')
      )
      (2): SynthesisResidualLayer(
        (pad): ReplicationPad2d((0, 0, 0, 0))
        (conv_layer): Conv2d(3, 3, kernel_size=(1, 1), stride=(1, 1))
        (non_linearity): GELU(approximate='none')
      )
      (3): SynthesisResidualLayer(
        (pad): ReplicationPad2d((0, 0, 0, 0))
        (conv_layer): Conv2d(3, 3, kernel_size=(1, 1), stride=(1, 1))
        (non_linearity): Identity()
      )
    )
    (global_net): Sequential(
      (0): SynthesisLayer(
        (pad): ReplicationPad2d((0, 0, 0, 0))
        (conv_layer): Conv2d(2, 3, kernel_size=(1, 1), stride=(1, 1))
        (non_linearity): GELU(approximate='none')
      )
      (1): SynthesisResidualLayer(
        (pad): ReplicationPad2d((0, 0, 0, 0))
        (conv_layer): Conv2d(3, 3, kernel_size=(1, 1), stride=(1, 1))
        (non_linearity): GELU(approximate='none')
      )
      (2): SynthesisResidualLayer(
        (pad): ReplicationPad2d((0, 0, 0, 0))
        (conv_layer): Conv2d(3, 3, kernel_size=(1, 1), stride=(1, 1))
        (non_linearity): GELU(approximate='none')
      )
      (3): SynthesisResidualLayer(
        (pad): ReplicationPad2d((0, 0, 0, 0))
        (conv_layer): Conv2d(3, 3, kernel_size=(1, 1), stride=(1, 1))
        (non_linearity): Identity()
      )
    )
    (agg_func): Sequential(
      (0): SynthesisLayer(
        (pad): ReplicationPad2d((0, 0, 0, 0))
        (conv_layer): Conv2d(18, 3, kernel_size=(1, 1), stride=(1, 1))
        (non_linearity): GELU(approximate='none')
      )
      (1): SynthesisLayer(
        (pad): ReplicationPad2d((0, 0, 0, 0))
        (conv_layer): Conv2d(21, 3, kernel_size=(1, 1), stride=(1, 1))
        (non_linearity): GELU(approximate='none')
      )
      (2): SynthesisLayer(
        (pad): ReplicationPad2d((0, 0, 0, 0))
        (conv_layer): Conv2d(24, 3, kernel_size=(1, 1), stride=(1, 1))
        (non_linearity): GELU(approximate='none')
      )
    )
    (full_net): Sequential(
      (0): SynthesisLayer(
        (pad): ReplicationPad2d((0, 0, 0, 0))
        (conv_layer): Conv2d(7, 12, kernel_size=(1, 1), stride=(1, 1))
        (non_linearity): GELU(approximate='none')
      )
      (1): SynthesisLayer(
        (pad): ReplicationPad2d((0, 0, 0, 0))
        (conv_layer): Conv2d(12, 3, kernel_size=(1, 1), stride=(1, 1))
        (non_linearity): GELU(approximate='none')
      )
      (2): SynthesisResidualLayer(
        (pad): ReplicationPad2d((1, 1, 1, 1))
        (conv_layer): Conv2d(3, 3, kernel_size=(3, 3), stride=(1, 1))
        (non_linearity): GELU(approximate='none')
      )
      (3): SynthesisResidualLayer(
        (pad): ReplicationPad2d((1, 1, 1, 1))
        (conv_layer): Conv2d(3, 3, kernel_size=(3, 3), stride=(1, 1))
        (non_linearity): GELU(approximate='none')
      )
    )
  )
  (modulation_sf): ParameterList(
      (0): Parameter containing: [torch.float32 of size 1x1x8x16 (cuda:0)]
      (1): Parameter containing: [torch.float32 of size 1x1x16x32 (cuda:0)]
      (2): Parameter containing: [torch.float32 of size 1x1x32x64 (cuda:0)]
      (3): Parameter containing: [torch.float32 of size 1x1x64x128 (cuda:0)]
      (4): Parameter containing: [torch.float32 of size 1x1x128x256 (cuda:0)]
      (5): Parameter containing: [torch.float32 of size 1x1x256x512 (cuda:0)]
      (6): Parameter containing: [torch.float32 of size 1x1x512x1024 (cuda:0)]
  )
)
train the 12 -th image
start temperature: 0.3 noise parameter: 2.0
end temperature: 0.1 noise parameter: 1.0
********************Start from stage I
********************going into stage II
eval_object_psnr: 29.97104999769194
eval_background_psnr: 100.0
eval_background_psnr: 100.0
********************Evaluation the Image 12-th, after Step 999, BEST PSNR: 29.971050, Print rate 0.137725. *************************
Saved model at ./saved/modbase_7/context_16_arm_mod_16/sparity_0.0/inr_mod_16KODAK_ROI_Global_new_struture_7_12_3_33_orderconcat_operator_0_pw_0.00406_img_object12.pth
Trained the image with PSNR: 29.97104999769194  latent bits 0.13772517442703247 latent bits number 72207.65625
[28.669144852412334, 27.110614586903207, 30.239182288003416, 29.317702064300864, 29.97104999769194]
[0.17680320143699646, 0.44407808780670166, 0.14551664888858795, 0.14757803082466125, 0.13772517442703247]
[92695.796875, 232824.8125, 76292.6328125, 77373.390625, 72207.65625]
load the model: ./saved/modbase_7/context_16_arm_mod_16/sparity_0.0/inr_mod_16KODAK_ROI_Global_new_struture_7_12_3_33_orderconcat_operator_0_pw_0.00406_img_object12.pth for the  12 -th image
********************Evalutation with quantization
********************Starting quantizing models
eval_object_psnr: 29.949514681314913
full_image_psnr: 29.949514681314913
object_psnr: 29.949514681314913
background_psnr: 100.0
********************Evaluation the Image 12-th, BEST PSNR: 29.949515, Print rate 0.138388, Network rate 0.016306. *************************
Evaluate the image: PSNR: 29.949514681314913 All bits: 0.15469416975975037  latent bits: 0.1383882462978363  network bits: 0.016305923461914062
Evaluate arm network bits: 0.0076236724853515625 Evaluate synthesis network bits: 0.0078277587890625
Image All bits num: 81104.296875 latent bits num: 72555.296875 mlp bits num: 8549.0 border bits num:
arm bits num: 3997.0 synthesis bits num: 4104.0
[28.653091501917455, 27.105775714582535, 30.20884805340464, 29.28836402316212, 29.949514681314913]
[0.19489949941635132, 0.463069885969162, 0.1633787453174591, 0.16431903839111328, 0.15469416975975037]
[102183.46875, 242781.984375, 85657.515625, 86150.5, 81104.296875]
Metrics saved to ./experiments/02/results.csv
Current eval Ave PSNR: 29.041118794876333 Ave Bits 0.22807226777076722
.......Copmlete all dataset training......
Ave Training PSNR: 29.061538757862355 Ave Training Bits 0.21034022867679597
Training PSNR: [28.669144852412334, 27.110614586903207, 30.239182288003416, 29.317702064300864, 29.97104999769194]
Training rate: [0.17680320143699646, 0.44407808780670166, 0.14551664888858795, 0.14757803082466125, 0.13772517442703247]
Evalutation: Ave Eval PSNR: 29.041118794876333 Ave Eval all bits: 0.22807226777076722 Ave Eval Bits 0.2111422598361969 Ave Eval Network 0.016930007934570314
Eval All PSNR: [28.653091501917455, 27.105775714582535, 30.20884805340464, 29.28836402316212, 29.949514681314913]
Eval All rate [0.19489949941635132, 0.463069885969162, 0.1633787453174591, 0.16431903839111328, 0.15469416975975037]
Eval Latent rate [0.17723554372787476, 0.4452762305736542, 0.1466398537158966, 0.14817142486572266, 0.1383882462978363]
Eval MLP rate [0.017663955688476562, 0.017793655395507812, 0.0167388916015625, 0.016147613525390625, 0.016305923461914062]
Namespace(batch_size=1, lr=0.01, data='../data', sparsity=0.0, local_upsampling_kernel_size=8, upsampling_kernel_size=8, static_upsampling_kernel=False, latent_factor=1, mod_base=7, highest_flag=1, context_arm=16, dim_arm_mod=16, use_candidate=True, type='other', mod_hid_layer=0, sythesis_features=12, hidden_features=64, hidden_layer=2, scale=1, lambda_rate=0.00208, lambda_rate_list=[0.00406, 0.00208, 0.0001], start_index=0, mask_type='full', wsmse_tag=0, swhdc_tag=0, swhdc_dilations=[1, 2, 3, 4], erp_upsampling=0, erp_phi_ref=30.0, workdir='./experiments/02', train_steps_1=1000, train_steps_2=1000, patch_h=512, patch_w=1024, all_pix_num=524288, eval_pix_num=524288)
Directory './saved/modbase_7/context_16_arm_mod_16' already exists.
Directory './saved/modbase_7/context_16_arm_mod_16/sparity_0.0' already exists.
top %: 0.0

🔁 Stage-1 Training Candidate 1/7
Quantizer parameter: encoding gain  16
total pixel: 524288
Get Mod with shape torch.Size([1, 1, 8, 16]) at layer: 1
Get Mod with shape torch.Size([1, 1, 16, 32]) at layer: 2
Get Mod with shape torch.Size([1, 1, 32, 64]) at layer: 3
Get Mod with shape torch.Size([1, 1, 64, 128]) at layer: 4
Get Mod with shape torch.Size([1, 1, 128, 256]) at layer: 5
Get Mod with shape torch.Size([1, 1, 256, 512]) at layer: 6
Get Mod with shape torch.Size([1, 1, 512, 1024]) at layer: 7
start temperature: 0.3 noise parameter: 2.0
end temperature: 0.3 noise parameter: 2.0
********************Start from stage I
Step 400, BEST PSNR: 29.150718, Total loss 0.001915 with its rate 0.4070955514907837 latent_bits 213435.3125

🔁 Stage-1 Training Candidate 2/7
Quantizer parameter: encoding gain  16
total pixel: 524288
Get Mod with shape torch.Size([1, 1, 8, 16]) at layer: 1
Get Mod with shape torch.Size([1, 1, 16, 32]) at layer: 2
Get Mod with shape torch.Size([1, 1, 32, 64]) at layer: 3
Get Mod with shape torch.Size([1, 1, 64, 128]) at layer: 4
Get Mod with shape torch.Size([1, 1, 128, 256]) at layer: 5
Get Mod with shape torch.Size([1, 1, 256, 512]) at layer: 6
Get Mod with shape torch.Size([1, 1, 512, 1024]) at layer: 7
start temperature: 0.3 noise parameter: 2.0
end temperature: 0.3 noise parameter: 2.0
********************Start from stage I
Step 400, BEST PSNR: 29.707406, Total loss 0.001772 with its rate 0.40677815675735474 latent_bits 213268.90625

🔁 Stage-1 Training Candidate 3/7
Quantizer parameter: encoding gain  16
total pixel: 524288
Get Mod with shape torch.Size([1, 1, 8, 16]) at layer: 1
Get Mod with shape torch.Size([1, 1, 16, 32]) at layer: 2
Get Mod with shape torch.Size([1, 1, 32, 64]) at layer: 3
Get Mod with shape torch.Size([1, 1, 64, 128]) at layer: 4
Get Mod with shape torch.Size([1, 1, 128, 256]) at layer: 5
Get Mod with shape torch.Size([1, 1, 256, 512]) at layer: 6
Get Mod with shape torch.Size([1, 1, 512, 1024]) at layer: 7
start temperature: 0.3 noise parameter: 2.0
end temperature: 0.3 noise parameter: 2.0
********************Start from stage I
Step 400, BEST PSNR: 29.444651, Total loss 0.001829 with its rate 0.4094765782356262 latent_bits 214683.65625

🔁 Stage-1 Training Candidate 4/7
Quantizer parameter: encoding gain  16
total pixel: 524288
Get Mod with shape torch.Size([1, 1, 8, 16]) at layer: 1
Get Mod with shape torch.Size([1, 1, 16, 32]) at layer: 2
Get Mod with shape torch.Size([1, 1, 32, 64]) at layer: 3
Get Mod with shape torch.Size([1, 1, 64, 128]) at layer: 4
Get Mod with shape torch.Size([1, 1, 128, 256]) at layer: 5
Get Mod with shape torch.Size([1, 1, 256, 512]) at layer: 6
Get Mod with shape torch.Size([1, 1, 512, 1024]) at layer: 7
start temperature: 0.3 noise parameter: 2.0
end temperature: 0.3 noise parameter: 2.0
********************Start from stage I
Step 400, BEST PSNR: 29.241481, Total loss 0.001969 with its rate 0.4375636577606201 latent_bits 229409.375

🔁 Stage-1 Training Candidate 5/7
Quantizer parameter: encoding gain  16
total pixel: 524288
Get Mod with shape torch.Size([1, 1, 8, 16]) at layer: 1
Get Mod with shape torch.Size([1, 1, 16, 32]) at layer: 2
Get Mod with shape torch.Size([1, 1, 32, 64]) at layer: 3
Get Mod with shape torch.Size([1, 1, 64, 128]) at layer: 4
Get Mod with shape torch.Size([1, 1, 128, 256]) at layer: 5
Get Mod with shape torch.Size([1, 1, 256, 512]) at layer: 6
Get Mod with shape torch.Size([1, 1, 512, 1024]) at layer: 7
start temperature: 0.3 noise parameter: 2.0
end temperature: 0.3 noise parameter: 2.0
********************Start from stage I
Step 400, BEST PSNR: 29.051719, Total loss 0.001967 with its rate 0.43203216791152954 latent_bits 226509.28125

🔁 Stage-1 Training Candidate 6/7
Quantizer parameter: encoding gain  16
total pixel: 524288
Get Mod with shape torch.Size([1, 1, 8, 16]) at layer: 1
Get Mod with shape torch.Size([1, 1, 16, 32]) at layer: 2
Get Mod with shape torch.Size([1, 1, 32, 64]) at layer: 3
Get Mod with shape torch.Size([1, 1, 64, 128]) at layer: 4
Get Mod with shape torch.Size([1, 1, 128, 256]) at layer: 5
Get Mod with shape torch.Size([1, 1, 256, 512]) at layer: 6
Get Mod with shape torch.Size([1, 1, 512, 1024]) at layer: 7
start temperature: 0.3 noise parameter: 2.0
end temperature: 0.3 noise parameter: 2.0
********************Start from stage I
Step 400, BEST PSNR: 29.223497, Total loss 0.001927 with its rate 0.41841191053390503 latent_bits 219368.34375

🔁 Stage-1 Training Candidate 7/7
Quantizer parameter: encoding gain  16
total pixel: 524288
Get Mod with shape torch.Size([1, 1, 8, 16]) at layer: 1
Get Mod with shape torch.Size([1, 1, 16, 32]) at layer: 2
Get Mod with shape torch.Size([1, 1, 32, 64]) at layer: 3
Get Mod with shape torch.Size([1, 1, 64, 128]) at layer: 4
Get Mod with shape torch.Size([1, 1, 128, 256]) at layer: 5
Get Mod with shape torch.Size([1, 1, 256, 512]) at layer: 6
Get Mod with shape torch.Size([1, 1, 512, 1024]) at layer: 7
start temperature: 0.3 noise parameter: 2.0
end temperature: 0.3 noise parameter: 2.0
********************Start from stage I
Step 400, BEST PSNR: 29.377322, Total loss 0.001853 with its rate 0.4071216285228729 latent_bits 213448.984375

🌟 Selected Top-3 Candidates by RD cost

🎯 Stage-2 Refining Candidate 1/3
start temperature: 0.3 noise parameter: 2.0
end temperature: 0.3 noise parameter: 2.0
********************Start from stage I
Step 400, BEST PSNR: 30.268102, Total loss 0.001814 with its rate 0.4794779121875763 latent_bits 251384.515625

🎯 Stage-2 Refining Candidate 2/3
start temperature: 0.3 noise parameter: 2.0
end temperature: 0.3 noise parameter: 2.0
********************Start from stage I
Step 400, BEST PSNR: 30.476299, Total loss 0.001636 with its rate 0.4230304956436157 latent_bits 221789.8125

🎯 Stage-2 Refining Candidate 3/3
start temperature: 0.3 noise parameter: 2.0
end temperature: 0.3 noise parameter: 2.0
********************Start from stage I
Step 400, BEST PSNR: 30.348403, Total loss 0.001713 with its rate 0.44229331612586975 latent_bits 231889.078125

🏆 Best Candidate Final PSNR: 30.48, Rate: 0.4230
Masked_INR(
  (upsampling_2d): Upsampling(
    (conv_transpose2d): UpsamplingConvTranspose2d()
  )
  (arm): Arm(
    (mlp): Sequential(
      (0): ArmConv(
        (conv1_1): Conv1d(16, 16, kernel_size=(1,), stride=(1,))
      )
      (1): GELU(approximate='none')
      (2): ArmConv(
        (conv1_1): Conv1d(16, 16, kernel_size=(1,), stride=(1,))
      )
      (3): GELU(approximate='none')
      (4): ArmConv(
        (conv1_1): Conv1d(16, 2, kernel_size=(1,), stride=(1,))
      )
    )
  )
  (conv_mod): LocalGlobalBlock(
    (net): Sequential(
      (0): SynthesisLayer(
        (pad): ReplicationPad2d((0, 0, 0, 0))
        (conv_layer): Conv2d(2, 3, kernel_size=(1, 1), stride=(1, 1))
        (non_linearity): GELU(approximate='none')
      )
      (1): SynthesisResidualLayer(
        (pad): ReplicationPad2d((0, 0, 0, 0))
        (conv_layer): Conv2d(3, 3, kernel_size=(1, 1), stride=(1, 1))
        (non_linearity): GELU(approximate='none')
      )
      (2): SynthesisResidualLayer(
        (pad): ReplicationPad2d((0, 0, 0, 0))
        (conv_layer): Conv2d(3, 3, kernel_size=(1, 1), stride=(1, 1))
        (non_linearity): GELU(approximate='none')
      )
      (3): SynthesisResidualLayer(
        (pad): ReplicationPad2d((0, 0, 0, 0))
        (conv_layer): Conv2d(3, 3, kernel_size=(1, 1), stride=(1, 1))
        (non_linearity): Identity()
      )
    )
    (global_net): Sequential(
      (0): SynthesisLayer(
        (pad): ReplicationPad2d((0, 0, 0, 0))
        (conv_layer): Conv2d(2, 3, kernel_size=(1, 1), stride=(1, 1))
        (non_linearity): GELU(approximate='none')
      )
      (1): SynthesisResidualLayer(
        (pad): ReplicationPad2d((0, 0, 0, 0))
        (conv_layer): Conv2d(3, 3, kernel_size=(1, 1), stride=(1, 1))
        (non_linearity): GELU(approximate='none')
      )
      (2): SynthesisResidualLayer(
        (pad): ReplicationPad2d((0, 0, 0, 0))
        (conv_layer): Conv2d(3, 3, kernel_size=(1, 1), stride=(1, 1))
        (non_linearity): GELU(approximate='none')
      )
      (3): SynthesisResidualLayer(
        (pad): ReplicationPad2d((0, 0, 0, 0))
        (conv_layer): Conv2d(3, 3, kernel_size=(1, 1), stride=(1, 1))
        (non_linearity): Identity()
      )
    )
    (agg_func): Sequential(
      (0): SynthesisLayer(
        (pad): ReplicationPad2d((0, 0, 0, 0))
        (conv_layer): Conv2d(18, 3, kernel_size=(1, 1), stride=(1, 1))
        (non_linearity): GELU(approximate='none')
      )
      (1): SynthesisLayer(
        (pad): ReplicationPad2d((0, 0, 0, 0))
        (conv_layer): Conv2d(21, 3, kernel_size=(1, 1), stride=(1, 1))
        (non_linearity): GELU(approximate='none')
      )
      (2): SynthesisLayer(
        (pad): ReplicationPad2d((0, 0, 0, 0))
        (conv_layer): Conv2d(24, 3, kernel_size=(1, 1), stride=(1, 1))
        (non_linearity): GELU(approximate='none')
      )
    )
    (full_net): Sequential(
      (0): SynthesisLayer(
        (pad): ReplicationPad2d((0, 0, 0, 0))
        (conv_layer): Conv2d(7, 12, kernel_size=(1, 1), stride=(1, 1))
        (non_linearity): GELU(approximate='none')
      )
      (1): SynthesisLayer(
        (pad): ReplicationPad2d((0, 0, 0, 0))
        (conv_layer): Conv2d(12, 3, kernel_size=(1, 1), stride=(1, 1))
        (non_linearity): GELU(approximate='none')
      )
      (2): SynthesisResidualLayer(
        (pad): ReplicationPad2d((1, 1, 1, 1))
        (conv_layer): Conv2d(3, 3, kernel_size=(3, 3), stride=(1, 1))
        (non_linearity): GELU(approximate='none')
      )
      (3): SynthesisResidualLayer(
        (pad): ReplicationPad2d((1, 1, 1, 1))
        (conv_layer): Conv2d(3, 3, kernel_size=(3, 3), stride=(1, 1))
        (non_linearity): GELU(approximate='none')
      )
    )
  )
  (modulation_sf): ParameterList(
      (0): Parameter containing: [torch.float32 of size 1x1x8x16 (cuda:0)]
      (1): Parameter containing: [torch.float32 of size 1x1x16x32 (cuda:0)]
      (2): Parameter containing: [torch.float32 of size 1x1x32x64 (cuda:0)]
      (3): Parameter containing: [torch.float32 of size 1x1x64x128 (cuda:0)]
      (4): Parameter containing: [torch.float32 of size 1x1x128x256 (cuda:0)]
      (5): Parameter containing: [torch.float32 of size 1x1x256x512 (cuda:0)]
      (6): Parameter containing: [torch.float32 of size 1x1x512x1024 (cuda:0)]
  )
)
train the 0 -th image
start temperature: 0.3 noise parameter: 2.0
end temperature: 0.1 noise parameter: 1.0
********************Start from stage I
********************going into stage II
eval_object_psnr: 31.206718914416555
eval_background_psnr: 100.0
eval_background_psnr: 100.0
********************Evaluation the Image 0-th, after Step 999, BEST PSNR: 31.206719, Print rate 0.324065. *************************
Saved model at ./saved/modbase_7/context_16_arm_mod_16/sparity_0.0/inr_mod_16KODAK_ROI_Global_new_struture_7_12_3_33_orderconcat_operator_0_pw_0.00208_img_object0.pth
Trained the image with PSNR: 31.206718914416555  latent bits 0.3240654766559601 latent bits number 169903.640625
[31.206718914416555]
[0.3240654766559601]
[169903.640625]
load the model: ./saved/modbase_7/context_16_arm_mod_16/sparity_0.0/inr_mod_16KODAK_ROI_Global_new_struture_7_12_3_33_orderconcat_operator_0_pw_0.00208_img_object0.pth for the  0 -th image
********************Evalutation with quantization
********************Starting quantizing models
eval_object_psnr: 31.198781791865404
full_image_psnr: 31.198781791865404
object_psnr: 31.198781791865404
background_psnr: 100.0
********************Evaluation the Image 0-th, BEST PSNR: 31.198782, Print rate 0.324823, Network rate 0.018328. *************************
Evaluate the image: PSNR: 31.198781791865404 All bits: 0.34315070509910583  latent bits: 0.3248229920864105  network bits: 0.018327713012695312
Evaluate arm network bits: 0.007587432861328125 Evaluate synthesis network bits: 0.009769439697265625
Image All bits num: 179909.796875 latent bits num: 170300.796875 mlp bits num: 9609.0 border bits num:
arm bits num: 3978.0 synthesis bits num: 5122.0
[31.198781791865404]
[0.34315070509910583]
[179909.796875]
Metrics saved to ./experiments/02/results.csv
Current eval Ave PSNR: 31.198781791865404 Ave Bits 0.34315070509910583
Namespace(batch_size=1, lr=0.01, data='../data', sparsity=0.0, local_upsampling_kernel_size=8, upsampling_kernel_size=8, static_upsampling_kernel=False, latent_factor=1, mod_base=7, highest_flag=1, context_arm=16, dim_arm_mod=16, use_candidate=True, type='other', mod_hid_layer=0, sythesis_features=12, hidden_features=64, hidden_layer=2, scale=1, lambda_rate=0.00208, lambda_rate_list=[0.00406, 0.00208, 0.0001], start_index=0, mask_type='full', wsmse_tag=0, swhdc_tag=0, swhdc_dilations=[1, 2, 3, 4], erp_upsampling=0, erp_phi_ref=30.0, workdir='./experiments/02', train_steps_1=1000, train_steps_2=1000, patch_h=512, patch_w=1024, all_pix_num=524288, eval_pix_num=524288)
Directory './saved/modbase_7/context_16_arm_mod_16' already exists.
Directory './saved/modbase_7/context_16_arm_mod_16/sparity_0.0' already exists.
top %: 0.0

🔁 Stage-1 Training Candidate 1/7
Quantizer parameter: encoding gain  16
total pixel: 524288
Get Mod with shape torch.Size([1, 1, 8, 16]) at layer: 1
Get Mod with shape torch.Size([1, 1, 16, 32]) at layer: 2
Get Mod with shape torch.Size([1, 1, 32, 64]) at layer: 3
Get Mod with shape torch.Size([1, 1, 64, 128]) at layer: 4
Get Mod with shape torch.Size([1, 1, 128, 256]) at layer: 5
Get Mod with shape torch.Size([1, 1, 256, 512]) at layer: 6
Get Mod with shape torch.Size([1, 1, 512, 1024]) at layer: 7
start temperature: 0.3 noise parameter: 2.0
end temperature: 0.3 noise parameter: 2.0
********************Start from stage I
Step 400, BEST PSNR: 27.628872, Total loss 0.003482 with its rate 0.8683639764785767 latent_bits 455272.8125

🔁 Stage-1 Training Candidate 2/7
Quantizer parameter: encoding gain  16
total pixel: 524288
Get Mod with shape torch.Size([1, 1, 8, 16]) at layer: 1
Get Mod with shape torch.Size([1, 1, 16, 32]) at layer: 2
Get Mod with shape torch.Size([1, 1, 32, 64]) at layer: 3
Get Mod with shape torch.Size([1, 1, 64, 128]) at layer: 4
Get Mod with shape torch.Size([1, 1, 128, 256]) at layer: 5
Get Mod with shape torch.Size([1, 1, 256, 512]) at layer: 6
Get Mod with shape torch.Size([1, 1, 512, 1024]) at layer: 7
start temperature: 0.3 noise parameter: 2.0
end temperature: 0.3 noise parameter: 2.0
********************Start from stage I
Step 400, BEST PSNR: 27.690321, Total loss 0.003404 with its rate 0.8389545679092407 latent_bits 439853.8125

🔁 Stage-1 Training Candidate 3/7
Quantizer parameter: encoding gain  16
total pixel: 524288
Get Mod with shape torch.Size([1, 1, 8, 16]) at layer: 1
Get Mod with shape torch.Size([1, 1, 16, 32]) at layer: 2
Get Mod with shape torch.Size([1, 1, 32, 64]) at layer: 3
Get Mod with shape torch.Size([1, 1, 64, 128]) at layer: 4
Get Mod with shape torch.Size([1, 1, 128, 256]) at layer: 5
Get Mod with shape torch.Size([1, 1, 256, 512]) at layer: 6
Get Mod with shape torch.Size([1, 1, 512, 1024]) at layer: 7
start temperature: 0.3 noise parameter: 2.0
end temperature: 0.3 noise parameter: 2.0
********************Start from stage I
Step 400, BEST PSNR: 27.805995, Total loss 0.003364 with its rate 0.8504052758216858 latent_bits 445857.28125

🔁 Stage-1 Training Candidate 4/7
Quantizer parameter: encoding gain  16
total pixel: 524288
Get Mod with shape torch.Size([1, 1, 8, 16]) at layer: 1
Get Mod with shape torch.Size([1, 1, 16, 32]) at layer: 2
Get Mod with shape torch.Size([1, 1, 32, 64]) at layer: 3
Get Mod with shape torch.Size([1, 1, 64, 128]) at layer: 4
Get Mod with shape torch.Size([1, 1, 128, 256]) at layer: 5
Get Mod with shape torch.Size([1, 1, 256, 512]) at layer: 6
Get Mod with shape torch.Size([1, 1, 512, 1024]) at layer: 7
start temperature: 0.3 noise parameter: 2.0
end temperature: 0.3 noise parameter: 2.0
********************Start from stage I
Step 400, BEST PSNR: 27.832588, Total loss 0.003244 with its rate 0.8235341906547546 latent_bits 431769.09375

🔁 Stage-1 Training Candidate 5/7
Quantizer parameter: encoding gain  16
total pixel: 524288
Get Mod with shape torch.Size([1, 1, 8, 16]) at layer: 1
Get Mod with shape torch.Size([1, 1, 16, 32]) at layer: 2
Get Mod with shape torch.Size([1, 1, 32, 64]) at layer: 3
Get Mod with shape torch.Size([1, 1, 64, 128]) at layer: 4
Get Mod with shape torch.Size([1, 1, 128, 256]) at layer: 5
Get Mod with shape torch.Size([1, 1, 256, 512]) at layer: 6
Get Mod with shape torch.Size([1, 1, 512, 1024]) at layer: 7
start temperature: 0.3 noise parameter: 2.0
end temperature: 0.3 noise parameter: 2.0
********************Start from stage I
Step 400, BEST PSNR: 27.667310, Total loss 0.003455 with its rate 0.8759357929229736 latent_bits 459242.625

🔁 Stage-1 Training Candidate 6/7
Quantizer parameter: encoding gain  16
total pixel: 524288
Get Mod with shape torch.Size([1, 1, 8, 16]) at layer: 1
Get Mod with shape torch.Size([1, 1, 16, 32]) at layer: 2
Get Mod with shape torch.Size([1, 1, 32, 64]) at layer: 3
Get Mod with shape torch.Size([1, 1, 64, 128]) at layer: 4
Get Mod with shape torch.Size([1, 1, 128, 256]) at layer: 5
Get Mod with shape torch.Size([1, 1, 256, 512]) at layer: 6
Get Mod with shape torch.Size([1, 1, 512, 1024]) at layer: 7
start temperature: 0.3 noise parameter: 2.0
end temperature: 0.3 noise parameter: 2.0
********************Start from stage I
Step 400, BEST PSNR: 27.557545, Total loss 0.003471 with its rate 0.8510618209838867 latent_bits 446201.5

🔁 Stage-1 Training Candidate 7/7
Quantizer parameter: encoding gain  16
total pixel: 524288
Get Mod with shape torch.Size([1, 1, 8, 16]) at layer: 1
Get Mod with shape torch.Size([1, 1, 16, 32]) at layer: 2
Get Mod with shape torch.Size([1, 1, 32, 64]) at layer: 3
Get Mod with shape torch.Size([1, 1, 64, 128]) at layer: 4
Get Mod with shape torch.Size([1, 1, 128, 256]) at layer: 5
Get Mod with shape torch.Size([1, 1, 256, 512]) at layer: 6
Get Mod with shape torch.Size([1, 1, 512, 1024]) at layer: 7
start temperature: 0.3 noise parameter: 2.0
end temperature: 0.3 noise parameter: 2.0
********************Start from stage I
Step 400, BEST PSNR: 27.157524, Total loss 0.003631 with its rate 0.8614499568939209 latent_bits 451647.875

🌟 Selected Top-3 Candidates by RD cost

🎯 Stage-2 Refining Candidate 1/3
start temperature: 0.3 noise parameter: 2.0
end temperature: 0.3 noise parameter: 2.0
********************Start from stage I
Step 400, BEST PSNR: 28.662978, Total loss 0.003029 with its rate 0.8583887219429016 latent_bits 450042.90625

🎯 Stage-2 Refining Candidate 2/3
start temperature: 0.3 noise parameter: 2.0
end temperature: 0.3 noise parameter: 2.0
********************Start from stage I
Step 400, BEST PSNR: 28.820039, Total loss 0.002992 with its rate 0.8598585724830627 latent_bits 450813.53125

🎯 Stage-2 Refining Candidate 3/3
start temperature: 0.3 noise parameter: 2.0
end temperature: 0.3 noise parameter: 2.0
********************Start from stage I
Step 400, BEST PSNR: 28.777557, Total loss 0.002962 with its rate 0.84203040599823 latent_bits 441466.4375

🏆 Best Candidate Final PSNR: 28.78, Rate: 0.8420
Masked_INR(
  (upsampling_2d): Upsampling(
    (conv_transpose2d): UpsamplingConvTranspose2d()
  )
  (arm): Arm(
    (mlp): Sequential(
      (0): ArmConv(
        (conv1_1): Conv1d(16, 16, kernel_size=(1,), stride=(1,))
      )
      (1): GELU(approximate='none')
      (2): ArmConv(
        (conv1_1): Conv1d(16, 16, kernel_size=(1,), stride=(1,))
      )
      (3): GELU(approximate='none')
      (4): ArmConv(
        (conv1_1): Conv1d(16, 2, kernel_size=(1,), stride=(1,))
      )
    )
  )
  (conv_mod): LocalGlobalBlock(
    (net): Sequential(
      (0): SynthesisLayer(
        (pad): ReplicationPad2d((0, 0, 0, 0))
        (conv_layer): Conv2d(2, 3, kernel_size=(1, 1), stride=(1, 1))
        (non_linearity): GELU(approximate='none')
      )
      (1): SynthesisResidualLayer(
        (pad): ReplicationPad2d((0, 0, 0, 0))
        (conv_layer): Conv2d(3, 3, kernel_size=(1, 1), stride=(1, 1))
        (non_linearity): GELU(approximate='none')
      )
      (2): SynthesisResidualLayer(
        (pad): ReplicationPad2d((0, 0, 0, 0))
        (conv_layer): Conv2d(3, 3, kernel_size=(1, 1), stride=(1, 1))
        (non_linearity): GELU(approximate='none')
      )
      (3): SynthesisResidualLayer(
        (pad): ReplicationPad2d((0, 0, 0, 0))
        (conv_layer): Conv2d(3, 3, kernel_size=(1, 1), stride=(1, 1))
        (non_linearity): Identity()
      )
    )
    (global_net): Sequential(
      (0): SynthesisLayer(
        (pad): ReplicationPad2d((0, 0, 0, 0))
        (conv_layer): Conv2d(2, 3, kernel_size=(1, 1), stride=(1, 1))
        (non_linearity): GELU(approximate='none')
      )
      (1): SynthesisResidualLayer(
        (pad): ReplicationPad2d((0, 0, 0, 0))
        (conv_layer): Conv2d(3, 3, kernel_size=(1, 1), stride=(1, 1))
        (non_linearity): GELU(approximate='none')
      )
      (2): SynthesisResidualLayer(
        (pad): ReplicationPad2d((0, 0, 0, 0))
        (conv_layer): Conv2d(3, 3, kernel_size=(1, 1), stride=(1, 1))
        (non_linearity): GELU(approximate='none')
      )
      (3): SynthesisResidualLayer(
        (pad): ReplicationPad2d((0, 0, 0, 0))
        (conv_layer): Conv2d(3, 3, kernel_size=(1, 1), stride=(1, 1))
        (non_linearity): Identity()
      )
    )
    (agg_func): Sequential(
      (0): SynthesisLayer(
        (pad): ReplicationPad2d((0, 0, 0, 0))
        (conv_layer): Conv2d(18, 3, kernel_size=(1, 1), stride=(1, 1))
        (non_linearity): GELU(approximate='none')
      )
      (1): SynthesisLayer(
        (pad): ReplicationPad2d((0, 0, 0, 0))
        (conv_layer): Conv2d(21, 3, kernel_size=(1, 1), stride=(1, 1))
        (non_linearity): GELU(approximate='none')
      )
      (2): SynthesisLayer(
        (pad): ReplicationPad2d((0, 0, 0, 0))
        (conv_layer): Conv2d(24, 3, kernel_size=(1, 1), stride=(1, 1))
        (non_linearity): GELU(approximate='none')
      )
    )
    (full_net): Sequential(
      (0): SynthesisLayer(
        (pad): ReplicationPad2d((0, 0, 0, 0))
        (conv_layer): Conv2d(7, 12, kernel_size=(1, 1), stride=(1, 1))
        (non_linearity): GELU(approximate='none')
      )
      (1): SynthesisLayer(
        (pad): ReplicationPad2d((0, 0, 0, 0))
        (conv_layer): Conv2d(12, 3, kernel_size=(1, 1), stride=(1, 1))
        (non_linearity): GELU(approximate='none')
      )
      (2): SynthesisResidualLayer(
        (pad): ReplicationPad2d((1, 1, 1, 1))
        (conv_layer): Conv2d(3, 3, kernel_size=(3, 3), stride=(1, 1))
        (non_linearity): GELU(approximate='none')
      )
      (3): SynthesisResidualLayer(
        (pad): ReplicationPad2d((1, 1, 1, 1))
        (conv_layer): Conv2d(3, 3, kernel_size=(3, 3), stride=(1, 1))
        (non_linearity): GELU(approximate='none')
      )
    )
  )
  (modulation_sf): ParameterList(
      (0): Parameter containing: [torch.float32 of size 1x1x8x16 (cuda:0)]
      (1): Parameter containing: [torch.float32 of size 1x1x16x32 (cuda:0)]
      (2): Parameter containing: [torch.float32 of size 1x1x32x64 (cuda:0)]
      (3): Parameter containing: [torch.float32 of size 1x1x64x128 (cuda:0)]
      (4): Parameter containing: [torch.float32 of size 1x1x128x256 (cuda:0)]
      (5): Parameter containing: [torch.float32 of size 1x1x256x512 (cuda:0)]
      (6): Parameter containing: [torch.float32 of size 1x1x512x1024 (cuda:0)]
  )
)
train the 3 -th image
start temperature: 0.3 noise parameter: 2.0
end temperature: 0.1 noise parameter: 1.0
********************Start from stage I
********************going into stage II
eval_object_psnr: 29.46536765296622
eval_background_psnr: 100.0
eval_background_psnr: 100.0
********************Evaluation the Image 3-th, after Step 999, BEST PSNR: 29.465368, Print rate 0.746781. *************************
Saved model at ./saved/modbase_7/context_16_arm_mod_16/sparity_0.0/inr_mod_16KODAK_ROI_Global_new_struture_7_12_3_33_orderconcat_operator_0_pw_0.00208_img_object3.pth
Trained the image with PSNR: 29.46536765296622  latent bits 0.7467812299728394 latent bits number 391528.4375
[31.206718914416555, 29.46536765296622]
[0.3240654766559601, 0.7467812299728394]
[169903.640625, 391528.4375]
load the model: ./saved/modbase_7/context_16_arm_mod_16/sparity_0.0/inr_mod_16KODAK_ROI_Global_new_struture_7_12_3_33_orderconcat_operator_0_pw_0.00208_img_object3.pth for the  3 -th image
********************Evalutation with quantization
********************Starting quantizing models
eval_object_psnr: 29.462573496723014
full_image_psnr: 29.462573496723014
object_psnr: 29.462573496723014
background_psnr: 100.0
********************Evaluation the Image 3-th, BEST PSNR: 29.462573, Print rate 0.747317, Network rate 0.019480. *************************
Evaluate the image: PSNR: 29.462573496723014 All bits: 0.7667968273162842  latent bits: 0.7473170757293701  network bits: 0.019479751586914062
Evaluate arm network bits: 0.008707046508789062 Evaluate synthesis network bits: 0.009698867797851562
Image All bits num: 402022.375 latent bits num: 391809.375 mlp bits num: 10213.0 border bits num:
arm bits num: 4565.0 synthesis bits num: 5085.0
[31.198781791865404, 29.462573496723014]
[0.34315070509910583, 0.7667968273162842]
[179909.796875, 402022.375]
Metrics saved to ./experiments/02/results.csv
Current eval Ave PSNR: 30.33067764429421 Ave Bits 0.554973766207695
Namespace(batch_size=1, lr=0.01, data='../data', sparsity=0.0, local_upsampling_kernel_size=8, upsampling_kernel_size=8, static_upsampling_kernel=False, latent_factor=1, mod_base=7, highest_flag=1, context_arm=16, dim_arm_mod=16, use_candidate=True, type='other', mod_hid_layer=0, sythesis_features=12, hidden_features=64, hidden_layer=2, scale=1, lambda_rate=0.00208, lambda_rate_list=[0.00406, 0.00208, 0.0001], start_index=0, mask_type='full', wsmse_tag=0, swhdc_tag=0, swhdc_dilations=[1, 2, 3, 4], erp_upsampling=0, erp_phi_ref=30.0, workdir='./experiments/02', train_steps_1=1000, train_steps_2=1000, patch_h=512, patch_w=1024, all_pix_num=524288, eval_pix_num=524288)
Directory './saved/modbase_7/context_16_arm_mod_16' already exists.
Directory './saved/modbase_7/context_16_arm_mod_16/sparity_0.0' already exists.
top %: 0.0

🔁 Stage-1 Training Candidate 1/7
Quantizer parameter: encoding gain  16
total pixel: 524288
Get Mod with shape torch.Size([1, 1, 8, 16]) at layer: 1
Get Mod with shape torch.Size([1, 1, 16, 32]) at layer: 2
Get Mod with shape torch.Size([1, 1, 32, 64]) at layer: 3
Get Mod with shape torch.Size([1, 1, 64, 128]) at layer: 4
Get Mod with shape torch.Size([1, 1, 128, 256]) at layer: 5
Get Mod with shape torch.Size([1, 1, 256, 512]) at layer: 6
Get Mod with shape torch.Size([1, 1, 512, 1024]) at layer: 7
start temperature: 0.3 noise parameter: 2.0
end temperature: 0.3 noise parameter: 2.0
********************Start from stage I
Step 400, BEST PSNR: 29.559707, Total loss 0.001654 with its rate 0.3577909767627716 latent_bits 187585.515625

🔁 Stage-1 Training Candidate 2/7
Quantizer parameter: encoding gain  16
total pixel: 524288
Get Mod with shape torch.Size([1, 1, 8, 16]) at layer: 1
Get Mod with shape torch.Size([1, 1, 16, 32]) at layer: 2
Get Mod with shape torch.Size([1, 1, 32, 64]) at layer: 3
Get Mod with shape torch.Size([1, 1, 64, 128]) at layer: 4
Get Mod with shape torch.Size([1, 1, 128, 256]) at layer: 5
Get Mod with shape torch.Size([1, 1, 256, 512]) at layer: 6
Get Mod with shape torch.Size([1, 1, 512, 1024]) at layer: 7
start temperature: 0.3 noise parameter: 2.0
end temperature: 0.3 noise parameter: 2.0
********************Start from stage I
Step 400, BEST PSNR: 30.817201, Total loss 0.001405 with its rate 0.3563462495803833 latent_bits 186828.0625

🔁 Stage-1 Training Candidate 3/7
Quantizer parameter: encoding gain  16
total pixel: 524288
Get Mod with shape torch.Size([1, 1, 8, 16]) at layer: 1
Get Mod with shape torch.Size([1, 1, 16, 32]) at layer: 2
Get Mod with shape torch.Size([1, 1, 32, 64]) at layer: 3
Get Mod with shape torch.Size([1, 1, 64, 128]) at layer: 4
Get Mod with shape torch.Size([1, 1, 128, 256]) at layer: 5
Get Mod with shape torch.Size([1, 1, 256, 512]) at layer: 6
Get Mod with shape torch.Size([1, 1, 512, 1024]) at layer: 7
start temperature: 0.3 noise parameter: 2.0
end temperature: 0.3 noise parameter: 2.0
********************Start from stage I
Step 400, BEST PSNR: 29.471232, Total loss 0.001632 with its rate 0.34151723980903625 latent_bits 179053.390625

🔁 Stage-1 Training Candidate 4/7
Quantizer parameter: encoding gain  16
total pixel: 524288
Get Mod with shape torch.Size([1, 1, 8, 16]) at layer: 1
Get Mod with shape torch.Size([1, 1, 16, 32]) at layer: 2
Get Mod with shape torch.Size([1, 1, 32, 64]) at layer: 3
Get Mod with shape torch.Size([1, 1, 64, 128]) at layer: 4
Get Mod with shape torch.Size([1, 1, 128, 256]) at layer: 5
Get Mod with shape torch.Size([1, 1, 256, 512]) at layer: 6
Get Mod with shape torch.Size([1, 1, 512, 1024]) at layer: 7
start temperature: 0.3 noise parameter: 2.0
end temperature: 0.3 noise parameter: 2.0
********************Start from stage I
Step 400, BEST PSNR: 28.973720, Total loss 0.001859 with its rate 0.3842014670372009 latent_bits 201432.21875

🔁 Stage-1 Training Candidate 5/7
Quantizer parameter: encoding gain  16
total pixel: 524288
Get Mod with shape torch.Size([1, 1, 8, 16]) at layer: 1
Get Mod with shape torch.Size([1, 1, 16, 32]) at layer: 2
Get Mod with shape torch.Size([1, 1, 32, 64]) at layer: 3
Get Mod with shape torch.Size([1, 1, 64, 128]) at layer: 4
Get Mod with shape torch.Size([1, 1, 128, 256]) at layer: 5
Get Mod with shape torch.Size([1, 1, 256, 512]) at layer: 6
Get Mod with shape torch.Size([1, 1, 512, 1024]) at layer: 7
start temperature: 0.3 noise parameter: 2.0
end temperature: 0.3 noise parameter: 2.0
********************Start from stage I
Step 400, BEST PSNR: 30.311400, Total loss 0.001536 with its rate 0.370233952999115 latent_bits 194109.21875

🔁 Stage-1 Training Candidate 6/7
Quantizer parameter: encoding gain  16
total pixel: 524288
Get Mod with shape torch.Size([1, 1, 8, 16]) at layer: 1
Get Mod with shape torch.Size([1, 1, 16, 32]) at layer: 2
Get Mod with shape torch.Size([1, 1, 32, 64]) at layer: 3
Get Mod with shape torch.Size([1, 1, 64, 128]) at layer: 4
Get Mod with shape torch.Size([1, 1, 128, 256]) at layer: 5
Get Mod with shape torch.Size([1, 1, 256, 512]) at layer: 6
Get Mod with shape torch.Size([1, 1, 512, 1024]) at layer: 7
start temperature: 0.3 noise parameter: 2.0
end temperature: 0.3 noise parameter: 2.0
********************Start from stage I
Step 400, BEST PSNR: 29.982824, Total loss 0.001497 with its rate 0.3277919888496399 latent_bits 171857.40625

🔁 Stage-1 Training Candidate 7/7
Quantizer parameter: encoding gain  16
total pixel: 524288
Get Mod with shape torch.Size([1, 1, 8, 16]) at layer: 1
Get Mod with shape torch.Size([1, 1, 16, 32]) at layer: 2
Get Mod with shape torch.Size([1, 1, 32, 64]) at layer: 3
Get Mod with shape torch.Size([1, 1, 64, 128]) at layer: 4
Get Mod with shape torch.Size([1, 1, 128, 256]) at layer: 5
Get Mod with shape torch.Size([1, 1, 256, 512]) at layer: 6
Get Mod with shape torch.Size([1, 1, 512, 1024]) at layer: 7
start temperature: 0.3 noise parameter: 2.0
end temperature: 0.3 noise parameter: 2.0
********************Start from stage I
Step 400, BEST PSNR: 29.879503, Total loss 0.001616 with its rate 0.3658209443092346 latent_bits 191795.53125

🌟 Selected Top-3 Candidates by RD cost

🎯 Stage-2 Refining Candidate 1/3
start temperature: 0.3 noise parameter: 2.0
end temperature: 0.3 noise parameter: 2.0
********************Start from stage I
Step 400, BEST PSNR: 31.557317, Total loss 0.001300 with its rate 0.35689812898635864 latent_bits 187117.40625

🎯 Stage-2 Refining Candidate 2/3
start temperature: 0.3 noise parameter: 2.0
end temperature: 0.3 noise parameter: 2.0
********************Start from stage I
Step 400, BEST PSNR: 31.141724, Total loss 0.001354 with its rate 0.35439664125442505 latent_bits 185805.90625

🎯 Stage-2 Refining Candidate 3/3
start temperature: 0.3 noise parameter: 2.0
end temperature: 0.3 noise parameter: 2.0
********************Start from stage I
Step 400, BEST PSNR: 31.890922, Total loss 0.001305 with its rate 0.3775753378868103 latent_bits 197958.21875

🏆 Best Candidate Final PSNR: 31.56, Rate: 0.3569
Masked_INR(
  (upsampling_2d): Upsampling(
    (conv_transpose2d): UpsamplingConvTranspose2d()
  )
  (arm): Arm(
    (mlp): Sequential(
      (0): ArmConv(
        (conv1_1): Conv1d(16, 16, kernel_size=(1,), stride=(1,))
      )
      (1): GELU(approximate='none')
      (2): ArmConv(
        (conv1_1): Conv1d(16, 16, kernel_size=(1,), stride=(1,))
      )
      (3): GELU(approximate='none')
      (4): ArmConv(
        (conv1_1): Conv1d(16, 2, kernel_size=(1,), stride=(1,))
      )
    )
  )
  (conv_mod): LocalGlobalBlock(
    (net): Sequential(
      (0): SynthesisLayer(
        (pad): ReplicationPad2d((0, 0, 0, 0))
        (conv_layer): Conv2d(2, 3, kernel_size=(1, 1), stride=(1, 1))
        (non_linearity): GELU(approximate='none')
      )
      (1): SynthesisResidualLayer(
        (pad): ReplicationPad2d((0, 0, 0, 0))
        (conv_layer): Conv2d(3, 3, kernel_size=(1, 1), stride=(1, 1))
        (non_linearity): GELU(approximate='none')
      )
      (2): SynthesisResidualLayer(
        (pad): ReplicationPad2d((0, 0, 0, 0))
        (conv_layer): Conv2d(3, 3, kernel_size=(1, 1), stride=(1, 1))
        (non_linearity): GELU(approximate='none')
      )
      (3): SynthesisResidualLayer(
        (pad): ReplicationPad2d((0, 0, 0, 0))
        (conv_layer): Conv2d(3, 3, kernel_size=(1, 1), stride=(1, 1))
        (non_linearity): Identity()
      )
    )
    (global_net): Sequential(
      (0): SynthesisLayer(
        (pad): ReplicationPad2d((0, 0, 0, 0))
        (conv_layer): Conv2d(2, 3, kernel_size=(1, 1), stride=(1, 1))
        (non_linearity): GELU(approximate='none')
      )
      (1): SynthesisResidualLayer(
        (pad): ReplicationPad2d((0, 0, 0, 0))
        (conv_layer): Conv2d(3, 3, kernel_size=(1, 1), stride=(1, 1))
        (non_linearity): GELU(approximate='none')
      )
      (2): SynthesisResidualLayer(
        (pad): ReplicationPad2d((0, 0, 0, 0))
        (conv_layer): Conv2d(3, 3, kernel_size=(1, 1), stride=(1, 1))
        (non_linearity): GELU(approximate='none')
      )
      (3): SynthesisResidualLayer(
        (pad): ReplicationPad2d((0, 0, 0, 0))
        (conv_layer): Conv2d(3, 3, kernel_size=(1, 1), stride=(1, 1))
        (non_linearity): Identity()
      )
    )
    (agg_func): Sequential(
      (0): SynthesisLayer(
        (pad): ReplicationPad2d((0, 0, 0, 0))
        (conv_layer): Conv2d(18, 3, kernel_size=(1, 1), stride=(1, 1))
        (non_linearity): GELU(approximate='none')
      )
      (1): SynthesisLayer(
        (pad): ReplicationPad2d((0, 0, 0, 0))
        (conv_layer): Conv2d(21, 3, kernel_size=(1, 1), stride=(1, 1))
        (non_linearity): GELU(approximate='none')
      )
      (2): SynthesisLayer(
        (pad): ReplicationPad2d((0, 0, 0, 0))
        (conv_layer): Conv2d(24, 3, kernel_size=(1, 1), stride=(1, 1))
        (non_linearity): GELU(approximate='none')
      )
    )
    (full_net): Sequential(
      (0): SynthesisLayer(
        (pad): ReplicationPad2d((0, 0, 0, 0))
        (conv_layer): Conv2d(7, 12, kernel_size=(1, 1), stride=(1, 1))
        (non_linearity): GELU(approximate='none')
      )
      (1): SynthesisLayer(
        (pad): ReplicationPad2d((0, 0, 0, 0))
        (conv_layer): Conv2d(12, 3, kernel_size=(1, 1), stride=(1, 1))
        (non_linearity): GELU(approximate='none')
      )
      (2): SynthesisResidualLayer(
        (pad): ReplicationPad2d((1, 1, 1, 1))
        (conv_layer): Conv2d(3, 3, kernel_size=(3, 3), stride=(1, 1))
        (non_linearity): GELU(approximate='none')
      )
      (3): SynthesisResidualLayer(
        (pad): ReplicationPad2d((1, 1, 1, 1))
        (conv_layer): Conv2d(3, 3, kernel_size=(3, 3), stride=(1, 1))
        (non_linearity): GELU(approximate='none')
      )
    )
  )
  (modulation_sf): ParameterList(
      (0): Parameter containing: [torch.float32 of size 1x1x8x16 (cuda:0)]
      (1): Parameter containing: [torch.float32 of size 1x1x16x32 (cuda:0)]
      (2): Parameter containing: [torch.float32 of size 1x1x32x64 (cuda:0)]
      (3): Parameter containing: [torch.float32 of size 1x1x64x128 (cuda:0)]
      (4): Parameter containing: [torch.float32 of size 1x1x128x256 (cuda:0)]
      (5): Parameter containing: [torch.float32 of size 1x1x256x512 (cuda:0)]
      (6): Parameter containing: [torch.float32 of size 1x1x512x1024 (cuda:0)]
  )
)
train the 6 -th image
start temperature: 0.3 noise parameter: 2.0
end temperature: 0.1 noise parameter: 1.0
********************Start from stage I
********************going into stage II
eval_object_psnr: 32.51467830451427
eval_background_psnr: 100.0
eval_background_psnr: 100.0
********************Evaluation the Image 6-th, after Step 999, BEST PSNR: 32.514678, Print rate 0.260313. *************************
Saved model at ./saved/modbase_7/context_16_arm_mod_16/sparity_0.0/inr_mod_16KODAK_ROI_Global_new_struture_7_12_3_33_orderconcat_operator_0_pw_0.00208_img_object6.pth
Trained the image with PSNR: 32.51467830451427  latent bits 0.26031285524368286 latent bits number 136478.90625
[31.206718914416555, 29.46536765296622, 32.51467830451427]
[0.3240654766559601, 0.7467812299728394, 0.26031285524368286]
[169903.640625, 391528.4375, 136478.90625]
load the model: ./saved/modbase_7/context_16_arm_mod_16/sparity_0.0/inr_mod_16KODAK_ROI_Global_new_struture_7_12_3_33_orderconcat_operator_0_pw_0.00208_img_object6.pth for the  6 -th image
********************Evalutation with quantization
********************Starting quantizing models
eval_object_psnr: 32.500234190007774
full_image_psnr: 32.500234190007774
object_psnr: 32.500234190007774
background_psnr: 100.0
********************Evaluation the Image 6-th, BEST PSNR: 32.500234, Print rate 0.260622, Network rate 0.019411. *************************
Evaluate the image: PSNR: 32.500234190007774 All bits: 0.2800326347351074  latent bits: 0.2606215476989746  network bits: 0.019411087036132812
Evaluate arm network bits: 0.008602142333984375 Evaluate synthesis network bits: 0.009731292724609375
Image All bits num: 146817.75 latent bits num: 136640.75 mlp bits num: 10177.0 border bits num:
arm bits num: 4510.0 synthesis bits num: 5102.0
[31.198781791865404, 29.462573496723014, 32.500234190007774]
[0.34315070509910583, 0.7667968273162842, 0.2800326347351074]
[179909.796875, 402022.375, 146817.75]
Metrics saved to ./experiments/02/results.csv
Current eval Ave PSNR: 31.053863159532067 Ave Bits 0.46332672238349915
Namespace(batch_size=1, lr=0.01, data='../data', sparsity=0.0, local_upsampling_kernel_size=8, upsampling_kernel_size=8, static_upsampling_kernel=False, latent_factor=1, mod_base=7, highest_flag=1, context_arm=16, dim_arm_mod=16, use_candidate=True, type='other', mod_hid_layer=0, sythesis_features=12, hidden_features=64, hidden_layer=2, scale=1, lambda_rate=0.00208, lambda_rate_list=[0.00406, 0.00208, 0.0001], start_index=0, mask_type='full', wsmse_tag=0, swhdc_tag=0, swhdc_dilations=[1, 2, 3, 4], erp_upsampling=0, erp_phi_ref=30.0, workdir='./experiments/02', train_steps_1=1000, train_steps_2=1000, patch_h=512, patch_w=1024, all_pix_num=524288, eval_pix_num=524288)
Directory './saved/modbase_7/context_16_arm_mod_16' already exists.
Directory './saved/modbase_7/context_16_arm_mod_16/sparity_0.0' already exists.
top %: 0.0

🔁 Stage-1 Training Candidate 1/7
Quantizer parameter: encoding gain  16
total pixel: 524288
Get Mod with shape torch.Size([1, 1, 8, 16]) at layer: 1
Get Mod with shape torch.Size([1, 1, 16, 32]) at layer: 2
Get Mod with shape torch.Size([1, 1, 32, 64]) at layer: 3
Get Mod with shape torch.Size([1, 1, 64, 128]) at layer: 4
Get Mod with shape torch.Size([1, 1, 128, 256]) at layer: 5
Get Mod with shape torch.Size([1, 1, 256, 512]) at layer: 6
Get Mod with shape torch.Size([1, 1, 512, 1024]) at layer: 7
start temperature: 0.3 noise parameter: 2.0
end temperature: 0.3 noise parameter: 2.0
********************Start from stage I
Step 400, BEST PSNR: 28.463057, Total loss 0.001988 with its rate 0.3656708300113678 latent_bits 191716.828125

🔁 Stage-1 Training Candidate 2/7
Quantizer parameter: encoding gain  16
total pixel: 524288
Get Mod with shape torch.Size([1, 1, 8, 16]) at layer: 1
Get Mod with shape torch.Size([1, 1, 16, 32]) at layer: 2
Get Mod with shape torch.Size([1, 1, 32, 64]) at layer: 3
Get Mod with shape torch.Size([1, 1, 64, 128]) at layer: 4
Get Mod with shape torch.Size([1, 1, 128, 256]) at layer: 5
Get Mod with shape torch.Size([1, 1, 256, 512]) at layer: 6
Get Mod with shape torch.Size([1, 1, 512, 1024]) at layer: 7
start temperature: 0.3 noise parameter: 2.0
end temperature: 0.3 noise parameter: 2.0
********************Start from stage I
Step 400, BEST PSNR: 29.021893, Total loss 0.001768 with its rate 0.35484710335731506 latent_bits 186042.078125

🔁 Stage-1 Training Candidate 3/7
Quantizer parameter: encoding gain  16
total pixel: 524288
Get Mod with shape torch.Size([1, 1, 8, 16]) at layer: 1
Get Mod with shape torch.Size([1, 1, 16, 32]) at layer: 2
Get Mod with shape torch.Size([1, 1, 32, 64]) at layer: 3
Get Mod with shape torch.Size([1, 1, 64, 128]) at layer: 4
Get Mod with shape torch.Size([1, 1, 128, 256]) at layer: 5
Get Mod with shape torch.Size([1, 1, 256, 512]) at layer: 6
Get Mod with shape torch.Size([1, 1, 512, 1024]) at layer: 7
start temperature: 0.3 noise parameter: 2.0
end temperature: 0.3 noise parameter: 2.0
********************Start from stage I
Step 400, BEST PSNR: 28.831449, Total loss 0.001869 with its rate 0.3683663606643677 latent_bits 193130.0625

🔁 Stage-1 Training Candidate 4/7
Quantizer parameter: encoding gain  16
total pixel: 524288
Get Mod with shape torch.Size([1, 1, 8, 16]) at layer: 1
Get Mod with shape torch.Size([1, 1, 16, 32]) at layer: 2
Get Mod with shape torch.Size([1, 1, 32, 64]) at layer: 3
Get Mod with shape torch.Size([1, 1, 64, 128]) at layer: 4
Get Mod with shape torch.Size([1, 1, 128, 256]) at layer: 5
Get Mod with shape torch.Size([1, 1, 256, 512]) at layer: 6
Get Mod with shape torch.Size([1, 1, 512, 1024]) at layer: 7
start temperature: 0.3 noise parameter: 2.0
end temperature: 0.3 noise parameter: 2.0
********************Start from stage I
Step 400, BEST PSNR: 27.466104, Total loss 0.002290 with its rate 0.34549057483673096 latent_bits 181136.5625

🔁 Stage-1 Training Candidate 5/7
Quantizer parameter: encoding gain  16
total pixel: 524288
Get Mod with shape torch.Size([1, 1, 8, 16]) at layer: 1
Get Mod with shape torch.Size([1, 1, 16, 32]) at layer: 2
Get Mod with shape torch.Size([1, 1, 32, 64]) at layer: 3
Get Mod with shape torch.Size([1, 1, 64, 128]) at layer: 4
Get Mod with shape torch.Size([1, 1, 128, 256]) at layer: 5
Get Mod with shape torch.Size([1, 1, 256, 512]) at layer: 6
Get Mod with shape torch.Size([1, 1, 512, 1024]) at layer: 7
start temperature: 0.3 noise parameter: 2.0
end temperature: 0.3 noise parameter: 2.0
********************Start from stage I
Step 400, BEST PSNR: 28.716747, Total loss 0.001858 with its rate 0.34162455797195435 latent_bits 179109.65625

🔁 Stage-1 Training Candidate 6/7
Quantizer parameter: encoding gain  16
total pixel: 524288
Get Mod with shape torch.Size([1, 1, 8, 16]) at layer: 1
Get Mod with shape torch.Size([1, 1, 16, 32]) at layer: 2
Get Mod with shape torch.Size([1, 1, 32, 64]) at layer: 3
Get Mod with shape torch.Size([1, 1, 64, 128]) at layer: 4
Get Mod with shape torch.Size([1, 1, 128, 256]) at layer: 5
Get Mod with shape torch.Size([1, 1, 256, 512]) at layer: 6
Get Mod with shape torch.Size([1, 1, 512, 1024]) at layer: 7
start temperature: 0.3 noise parameter: 2.0
end temperature: 0.3 noise parameter: 2.0
********************Start from stage I
Step 400, BEST PSNR: 28.425884, Total loss 0.002009 with its rate 0.37683627009391785 latent_bits 197570.734375

🔁 Stage-1 Training Candidate 7/7
Quantizer parameter: encoding gain  16
total pixel: 524288
Get Mod with shape torch.Size([1, 1, 8, 16]) at layer: 1
Get Mod with shape torch.Size([1, 1, 16, 32]) at layer: 2
Get Mod with shape torch.Size([1, 1, 32, 64]) at layer: 3
Get Mod with shape torch.Size([1, 1, 64, 128]) at layer: 4
Get Mod with shape torch.Size([1, 1, 128, 256]) at layer: 5
Get Mod with shape torch.Size([1, 1, 256, 512]) at layer: 6
Get Mod with shape torch.Size([1, 1, 512, 1024]) at layer: 7
start temperature: 0.3 noise parameter: 2.0
end temperature: 0.3 noise parameter: 2.0
********************Start from stage I
Step 400, BEST PSNR: 27.648094, Total loss 0.002370 with its rate 0.4111047387123108 latent_bits 215537.28125

🌟 Selected Top-3 Candidates by RD cost

🎯 Stage-2 Refining Candidate 1/3
start temperature: 0.3 noise parameter: 2.0
end temperature: 0.3 noise parameter: 2.0
********************Start from stage I
Step 400, BEST PSNR: 30.446520, Total loss 0.001515 with its rate 0.37725338339805603 latent_bits 197789.421875

🎯 Stage-2 Refining Candidate 2/3
start temperature: 0.3 noise parameter: 2.0
end temperature: 0.3 noise parameter: 2.0
********************Start from stage I
Step 400, BEST PSNR: 30.144606, Total loss 0.001709 with its rate 0.4360548257827759 latent_bits 228618.3125

🎯 Stage-2 Refining Candidate 3/3
start temperature: 0.3 noise parameter: 2.0
end temperature: 0.3 noise parameter: 2.0
********************Start from stage I
Step 400, BEST PSNR: 30.131513, Total loss 0.001640 with its rate 0.4045954942703247 latent_bits 212124.5625

🏆 Best Candidate Final PSNR: 30.45, Rate: 0.3773
Masked_INR(
  (upsampling_2d): Upsampling(
    (conv_transpose2d): UpsamplingConvTranspose2d()
  )
  (arm): Arm(
    (mlp): Sequential(
      (0): ArmConv(
        (conv1_1): Conv1d(16, 16, kernel_size=(1,), stride=(1,))
      )
      (1): GELU(approximate='none')
      (2): ArmConv(
        (conv1_1): Conv1d(16, 16, kernel_size=(1,), stride=(1,))
      )
      (3): GELU(approximate='none')
      (4): ArmConv(
        (conv1_1): Conv1d(16, 2, kernel_size=(1,), stride=(1,))
      )
    )
  )
  (conv_mod): LocalGlobalBlock(
    (net): Sequential(
      (0): SynthesisLayer(
        (pad): ReplicationPad2d((0, 0, 0, 0))
        (conv_layer): Conv2d(2, 3, kernel_size=(1, 1), stride=(1, 1))
        (non_linearity): GELU(approximate='none')
      )
      (1): SynthesisResidualLayer(
        (pad): ReplicationPad2d((0, 0, 0, 0))
        (conv_layer): Conv2d(3, 3, kernel_size=(1, 1), stride=(1, 1))
        (non_linearity): GELU(approximate='none')
      )
      (2): SynthesisResidualLayer(
        (pad): ReplicationPad2d((0, 0, 0, 0))
        (conv_layer): Conv2d(3, 3, kernel_size=(1, 1), stride=(1, 1))
        (non_linearity): GELU(approximate='none')
      )
      (3): SynthesisResidualLayer(
        (pad): ReplicationPad2d((0, 0, 0, 0))
        (conv_layer): Conv2d(3, 3, kernel_size=(1, 1), stride=(1, 1))
        (non_linearity): Identity()
      )
    )
    (global_net): Sequential(
      (0): SynthesisLayer(
        (pad): ReplicationPad2d((0, 0, 0, 0))
        (conv_layer): Conv2d(2, 3, kernel_size=(1, 1), stride=(1, 1))
        (non_linearity): GELU(approximate='none')
      )
      (1): SynthesisResidualLayer(
        (pad): ReplicationPad2d((0, 0, 0, 0))
        (conv_layer): Conv2d(3, 3, kernel_size=(1, 1), stride=(1, 1))
        (non_linearity): GELU(approximate='none')
      )
      (2): SynthesisResidualLayer(
        (pad): ReplicationPad2d((0, 0, 0, 0))
        (conv_layer): Conv2d(3, 3, kernel_size=(1, 1), stride=(1, 1))
        (non_linearity): GELU(approximate='none')
      )
      (3): SynthesisResidualLayer(
        (pad): ReplicationPad2d((0, 0, 0, 0))
        (conv_layer): Conv2d(3, 3, kernel_size=(1, 1), stride=(1, 1))
        (non_linearity): Identity()
      )
    )
    (agg_func): Sequential(
      (0): SynthesisLayer(
        (pad): ReplicationPad2d((0, 0, 0, 0))
        (conv_layer): Conv2d(18, 3, kernel_size=(1, 1), stride=(1, 1))
        (non_linearity): GELU(approximate='none')
      )
      (1): SynthesisLayer(
        (pad): ReplicationPad2d((0, 0, 0, 0))
        (conv_layer): Conv2d(21, 3, kernel_size=(1, 1), stride=(1, 1))
        (non_linearity): GELU(approximate='none')
      )
      (2): SynthesisLayer(
        (pad): ReplicationPad2d((0, 0, 0, 0))
        (conv_layer): Conv2d(24, 3, kernel_size=(1, 1), stride=(1, 1))
        (non_linearity): GELU(approximate='none')
      )
    )
    (full_net): Sequential(
      (0): SynthesisLayer(
        (pad): ReplicationPad2d((0, 0, 0, 0))
        (conv_layer): Conv2d(7, 12, kernel_size=(1, 1), stride=(1, 1))
        (non_linearity): GELU(approximate='none')
      )
      (1): SynthesisLayer(
        (pad): ReplicationPad2d((0, 0, 0, 0))
        (conv_layer): Conv2d(12, 3, kernel_size=(1, 1), stride=(1, 1))
        (non_linearity): GELU(approximate='none')
      )
      (2): SynthesisResidualLayer(
        (pad): ReplicationPad2d((1, 1, 1, 1))
        (conv_layer): Conv2d(3, 3, kernel_size=(3, 3), stride=(1, 1))
        (non_linearity): GELU(approximate='none')
      )
      (3): SynthesisResidualLayer(
        (pad): ReplicationPad2d((1, 1, 1, 1))
        (conv_layer): Conv2d(3, 3, kernel_size=(3, 3), stride=(1, 1))
        (non_linearity): GELU(approximate='none')
      )
    )
  )
  (modulation_sf): ParameterList(
      (0): Parameter containing: [torch.float32 of size 1x1x8x16 (cuda:0)]
      (1): Parameter containing: [torch.float32 of size 1x1x16x32 (cuda:0)]
      (2): Parameter containing: [torch.float32 of size 1x1x32x64 (cuda:0)]
      (3): Parameter containing: [torch.float32 of size 1x1x64x128 (cuda:0)]
      (4): Parameter containing: [torch.float32 of size 1x1x128x256 (cuda:0)]
      (5): Parameter containing: [torch.float32 of size 1x1x256x512 (cuda:0)]
      (6): Parameter containing: [torch.float32 of size 1x1x512x1024 (cuda:0)]
  )
)
train the 9 -th image
start temperature: 0.3 noise parameter: 2.0
end temperature: 0.1 noise parameter: 1.0
********************Start from stage I
********************going into stage II
eval_object_psnr: 30.834551878009183
eval_background_psnr: 100.0
eval_background_psnr: 100.0
********************Evaluation the Image 9-th, after Step 999, BEST PSNR: 30.834552, Print rate 0.269666. *************************
Saved model at ./saved/modbase_7/context_16_arm_mod_16/sparity_0.0/inr_mod_16KODAK_ROI_Global_new_struture_7_12_3_33_orderconcat_operator_0_pw_0.00208_img_object9.pth
Trained the image with PSNR: 30.834551878009183  latent bits 0.2696656882762909 latent bits number 141382.484375
[31.206718914416555, 29.46536765296622, 32.51467830451427, 30.834551878009183]
[0.3240654766559601, 0.7467812299728394, 0.26031285524368286, 0.2696656882762909]
[169903.640625, 391528.4375, 136478.90625, 141382.484375]
load the model: ./saved/modbase_7/context_16_arm_mod_16/sparity_0.0/inr_mod_16KODAK_ROI_Global_new_struture_7_12_3_33_orderconcat_operator_0_pw_0.00208_img_object9.pth for the  9 -th image
********************Evalutation with quantization
********************Starting quantizing models
eval_object_psnr: 30.814544097700036
full_image_psnr: 30.814544097700036
object_psnr: 30.814544097700036
background_psnr: 100.0
********************Evaluation the Image 9-th, BEST PSNR: 30.814544, Print rate 0.270605, Network rate 0.017488. *************************
Evaluate the image: PSNR: 30.814544097700036 All bits: 0.28809356689453125  latent bits: 0.27060508728027344  network bits: 0.017488479614257812
Evaluate arm network bits: 0.007617950439453125 Evaluate synthesis network bits: 0.009014129638671875
Image All bits num: 151044.0 latent bits num: 141875.0 mlp bits num: 9169.0 border bits num:
arm bits num: 3994.0 synthesis bits num: 4726.0
[31.198781791865404, 29.462573496723014, 32.500234190007774, 30.814544097700036]
[0.34315070509910583, 0.7667968273162842, 0.2800326347351074, 0.28809356689453125]
[179909.796875, 402022.375, 146817.75, 151044.0]
Metrics saved to ./experiments/02/results.csv
Current eval Ave PSNR: 30.99403339407406 Ave Bits 0.41951843351125717
Namespace(batch_size=1, lr=0.01, data='../data', sparsity=0.0, local_upsampling_kernel_size=8, upsampling_kernel_size=8, static_upsampling_kernel=False, latent_factor=1, mod_base=7, highest_flag=1, context_arm=16, dim_arm_mod=16, use_candidate=True, type='other', mod_hid_layer=0, sythesis_features=12, hidden_features=64, hidden_layer=2, scale=1, lambda_rate=0.00208, lambda_rate_list=[0.00406, 0.00208, 0.0001], start_index=0, mask_type='full', wsmse_tag=0, swhdc_tag=0, swhdc_dilations=[1, 2, 3, 4], erp_upsampling=0, erp_phi_ref=30.0, workdir='./experiments/02', train_steps_1=1000, train_steps_2=1000, patch_h=512, patch_w=1024, all_pix_num=524288, eval_pix_num=524288)
Directory './saved/modbase_7/context_16_arm_mod_16' already exists.
Directory './saved/modbase_7/context_16_arm_mod_16/sparity_0.0' already exists.
top %: 0.0

🔁 Stage-1 Training Candidate 1/7
Quantizer parameter: encoding gain  16
total pixel: 524288
Get Mod with shape torch.Size([1, 1, 8, 16]) at layer: 1
Get Mod with shape torch.Size([1, 1, 16, 32]) at layer: 2
Get Mod with shape torch.Size([1, 1, 32, 64]) at layer: 3
Get Mod with shape torch.Size([1, 1, 64, 128]) at layer: 4
Get Mod with shape torch.Size([1, 1, 128, 256]) at layer: 5
Get Mod with shape torch.Size([1, 1, 256, 512]) at layer: 6
Get Mod with shape torch.Size([1, 1, 512, 1024]) at layer: 7
start temperature: 0.3 noise parameter: 2.0
end temperature: 0.3 noise parameter: 2.0
********************Start from stage I
Step 400, BEST PSNR: 30.555938, Total loss 0.001476 with its rate 0.35191982984542847 latent_bits 184507.34375

🔁 Stage-1 Training Candidate 2/7
Quantizer parameter: encoding gain  16
total pixel: 524288
Get Mod with shape torch.Size([1, 1, 8, 16]) at layer: 1
Get Mod with shape torch.Size([1, 1, 16, 32]) at layer: 2
Get Mod with shape torch.Size([1, 1, 32, 64]) at layer: 3
Get Mod with shape torch.Size([1, 1, 64, 128]) at layer: 4
Get Mod with shape torch.Size([1, 1, 128, 256]) at layer: 5
Get Mod with shape torch.Size([1, 1, 256, 512]) at layer: 6
Get Mod with shape torch.Size([1, 1, 512, 1024]) at layer: 7
start temperature: 0.3 noise parameter: 2.0
end temperature: 0.3 noise parameter: 2.0
********************Start from stage I
Step 400, BEST PSNR: 29.531438, Total loss 0.001708 with its rate 0.3474627733230591 latent_bits 182170.5625

🔁 Stage-1 Training Candidate 3/7
Quantizer parameter: encoding gain  16
total pixel: 524288
Get Mod with shape torch.Size([1, 1, 8, 16]) at layer: 1
Get Mod with shape torch.Size([1, 1, 16, 32]) at layer: 2
Get Mod with shape torch.Size([1, 1, 32, 64]) at layer: 3
Get Mod with shape torch.Size([1, 1, 64, 128]) at layer: 4
Get Mod with shape torch.Size([1, 1, 128, 256]) at layer: 5
Get Mod with shape torch.Size([1, 1, 256, 512]) at layer: 6
Get Mod with shape torch.Size([1, 1, 512, 1024]) at layer: 7
start temperature: 0.3 noise parameter: 2.0
end temperature: 0.3 noise parameter: 2.0
********************Start from stage I
Step 400, BEST PSNR: 30.613000, Total loss 0.001511 with its rate 0.3597946763038635 latent_bits 188636.03125

🔁 Stage-1 Training Candidate 4/7
Quantizer parameter: encoding gain  16
total pixel: 524288
Get Mod with shape torch.Size([1, 1, 8, 16]) at layer: 1
Get Mod with shape torch.Size([1, 1, 16, 32]) at layer: 2
Get Mod with shape torch.Size([1, 1, 32, 64]) at layer: 3
Get Mod with shape torch.Size([1, 1, 64, 128]) at layer: 4
Get Mod with shape torch.Size([1, 1, 128, 256]) at layer: 5
Get Mod with shape torch.Size([1, 1, 256, 512]) at layer: 6
Get Mod with shape torch.Size([1, 1, 512, 1024]) at layer: 7
start temperature: 0.3 noise parameter: 2.0
end temperature: 0.3 noise parameter: 2.0
********************Start from stage I
Step 400, BEST PSNR: 27.474911, Total loss 0.002832 with its rate 0.3520568013191223 latent_bits 184579.15625

🔁 Stage-1 Training Candidate 5/7
Quantizer parameter: encoding gain  16
total pixel: 524288
Get Mod with shape torch.Size([1, 1, 8, 16]) at layer: 1
Get Mod with shape torch.Size([1, 1, 16, 32]) at layer: 2
Get Mod with shape torch.Size([1, 1, 32, 64]) at layer: 3
Get Mod with shape torch.Size([1, 1, 64, 128]) at layer: 4
Get Mod with shape torch.Size([1, 1, 128, 256]) at layer: 5
Get Mod with shape torch.Size([1, 1, 256, 512]) at layer: 6
Get Mod with shape torch.Size([1, 1, 512, 1024]) at layer: 7
start temperature: 0.3 noise parameter: 2.0
end temperature: 0.3 noise parameter: 2.0
********************Start from stage I
Step 400, BEST PSNR: 30.678360, Total loss 0.001405 with its rate 0.3304007351398468 latent_bits 173225.140625

🔁 Stage-1 Training Candidate 6/7
Quantizer parameter: encoding gain  16
total pixel: 524288
Get Mod with shape torch.Size([1, 1, 8, 16]) at layer: 1
Get Mod with shape torch.Size([1, 1, 16, 32]) at layer: 2
Get Mod with shape torch.Size([1, 1, 32, 64]) at layer: 3
Get Mod with shape torch.Size([1, 1, 64, 128]) at layer: 4
Get Mod with shape torch.Size([1, 1, 128, 256]) at layer: 5
Get Mod with shape torch.Size([1, 1, 256, 512]) at layer: 6
Get Mod with shape torch.Size([1, 1, 512, 1024]) at layer: 7
start temperature: 0.3 noise parameter: 2.0
end temperature: 0.3 noise parameter: 2.0
********************Start from stage I
Step 400, BEST PSNR: 28.609113, Total loss 0.002063 with its rate 0.3596450388431549 latent_bits 188557.578125

🔁 Stage-1 Training Candidate 7/7
Quantizer parameter: encoding gain  16
total pixel: 524288
Get Mod with shape torch.Size([1, 1, 8, 16]) at layer: 1
Get Mod with shape torch.Size([1, 1, 16, 32]) at layer: 2
Get Mod with shape torch.Size([1, 1, 32, 64]) at layer: 3
Get Mod with shape torch.Size([1, 1, 64, 128]) at layer: 4
Get Mod with shape torch.Size([1, 1, 128, 256]) at layer: 5
Get Mod with shape torch.Size([1, 1, 256, 512]) at layer: 6
Get Mod with shape torch.Size([1, 1, 512, 1024]) at layer: 7
start temperature: 0.3 noise parameter: 2.0
end temperature: 0.3 noise parameter: 2.0
********************Start from stage I
Step 400, BEST PSNR: 31.043232, Total loss 0.001449 with its rate 0.36866575479507446 latent_bits 193287.03125

🌟 Selected Top-3 Candidates by RD cost

🎯 Stage-2 Refining Candidate 1/3
start temperature: 0.3 noise parameter: 2.0
end temperature: 0.3 noise parameter: 2.0
********************Start from stage I
Step 400, BEST PSNR: 31.366857, Total loss 0.001360 with its rate 0.3565061092376709 latent_bits 186911.875

🎯 Stage-2 Refining Candidate 2/3
start temperature: 0.3 noise parameter: 2.0
end temperature: 0.3 noise parameter: 2.0
********************Start from stage I
Step 400, BEST PSNR: 31.405113, Total loss 0.001452 with its rate 0.39436838030815125 latent_bits 206762.609375

🎯 Stage-2 Refining Candidate 3/3
start temperature: 0.3 noise parameter: 2.0
end temperature: 0.3 noise parameter: 2.0
********************Start from stage I
Step 400, BEST PSNR: 31.650448, Total loss 0.001325 with its rate 0.3626669645309448 latent_bits 190141.9375

🏆 Best Candidate Final PSNR: 31.65, Rate: 0.3627
Masked_INR(
  (upsampling_2d): Upsampling(
    (conv_transpose2d): UpsamplingConvTranspose2d()
  )
  (arm): Arm(
    (mlp): Sequential(
      (0): ArmConv(
        (conv1_1): Conv1d(16, 16, kernel_size=(1,), stride=(1,))
      )
      (1): GELU(approximate='none')
      (2): ArmConv(
        (conv1_1): Conv1d(16, 16, kernel_size=(1,), stride=(1,))
      )
      (3): GELU(approximate='none')
      (4): ArmConv(
        (conv1_1): Conv1d(16, 2, kernel_size=(1,), stride=(1,))
      )
    )
  )
  (conv_mod): LocalGlobalBlock(
    (net): Sequential(
      (0): SynthesisLayer(
        (pad): ReplicationPad2d((0, 0, 0, 0))
        (conv_layer): Conv2d(2, 3, kernel_size=(1, 1), stride=(1, 1))
        (non_linearity): GELU(approximate='none')
      )
      (1): SynthesisResidualLayer(
        (pad): ReplicationPad2d((0, 0, 0, 0))
        (conv_layer): Conv2d(3, 3, kernel_size=(1, 1), stride=(1, 1))
        (non_linearity): GELU(approximate='none')
      )
      (2): SynthesisResidualLayer(
        (pad): ReplicationPad2d((0, 0, 0, 0))
        (conv_layer): Conv2d(3, 3, kernel_size=(1, 1), stride=(1, 1))
        (non_linearity): GELU(approximate='none')
      )
      (3): SynthesisResidualLayer(
        (pad): ReplicationPad2d((0, 0, 0, 0))
        (conv_layer): Conv2d(3, 3, kernel_size=(1, 1), stride=(1, 1))
        (non_linearity): Identity()
      )
    )
    (global_net): Sequential(
      (0): SynthesisLayer(
        (pad): ReplicationPad2d((0, 0, 0, 0))
        (conv_layer): Conv2d(2, 3, kernel_size=(1, 1), stride=(1, 1))
        (non_linearity): GELU(approximate='none')
      )
      (1): SynthesisResidualLayer(
        (pad): ReplicationPad2d((0, 0, 0, 0))
        (conv_layer): Conv2d(3, 3, kernel_size=(1, 1), stride=(1, 1))
        (non_linearity): GELU(approximate='none')
      )
      (2): SynthesisResidualLayer(
        (pad): ReplicationPad2d((0, 0, 0, 0))
        (conv_layer): Conv2d(3, 3, kernel_size=(1, 1), stride=(1, 1))
        (non_linearity): GELU(approximate='none')
      )
      (3): SynthesisResidualLayer(
        (pad): ReplicationPad2d((0, 0, 0, 0))
        (conv_layer): Conv2d(3, 3, kernel_size=(1, 1), stride=(1, 1))
        (non_linearity): Identity()
      )
    )
    (agg_func): Sequential(
      (0): SynthesisLayer(
        (pad): ReplicationPad2d((0, 0, 0, 0))
        (conv_layer): Conv2d(18, 3, kernel_size=(1, 1), stride=(1, 1))
        (non_linearity): GELU(approximate='none')
      )
      (1): SynthesisLayer(
        (pad): ReplicationPad2d((0, 0, 0, 0))
        (conv_layer): Conv2d(21, 3, kernel_size=(1, 1), stride=(1, 1))
        (non_linearity): GELU(approximate='none')
      )
      (2): SynthesisLayer(
        (pad): ReplicationPad2d((0, 0, 0, 0))
        (conv_layer): Conv2d(24, 3, kernel_size=(1, 1), stride=(1, 1))
        (non_linearity): GELU(approximate='none')
      )
    )
    (full_net): Sequential(
      (0): SynthesisLayer(
        (pad): ReplicationPad2d((0, 0, 0, 0))
        (conv_layer): Conv2d(7, 12, kernel_size=(1, 1), stride=(1, 1))
        (non_linearity): GELU(approximate='none')
      )
      (1): SynthesisLayer(
        (pad): ReplicationPad2d((0, 0, 0, 0))
        (conv_layer): Conv2d(12, 3, kernel_size=(1, 1), stride=(1, 1))
        (non_linearity): GELU(approximate='none')
      )
      (2): SynthesisResidualLayer(
        (pad): ReplicationPad2d((1, 1, 1, 1))
        (conv_layer): Conv2d(3, 3, kernel_size=(3, 3), stride=(1, 1))
        (non_linearity): GELU(approximate='none')
      )
      (3): SynthesisResidualLayer(
        (pad): ReplicationPad2d((1, 1, 1, 1))
        (conv_layer): Conv2d(3, 3, kernel_size=(3, 3), stride=(1, 1))
        (non_linearity): GELU(approximate='none')
      )
    )
  )
  (modulation_sf): ParameterList(
      (0): Parameter containing: [torch.float32 of size 1x1x8x16 (cuda:0)]
      (1): Parameter containing: [torch.float32 of size 1x1x16x32 (cuda:0)]
      (2): Parameter containing: [torch.float32 of size 1x1x32x64 (cuda:0)]
      (3): Parameter containing: [torch.float32 of size 1x1x64x128 (cuda:0)]
      (4): Parameter containing: [torch.float32 of size 1x1x128x256 (cuda:0)]
      (5): Parameter containing: [torch.float32 of size 1x1x256x512 (cuda:0)]
      (6): Parameter containing: [torch.float32 of size 1x1x512x1024 (cuda:0)]
  )
)
train the 12 -th image
start temperature: 0.3 noise parameter: 2.0
end temperature: 0.1 noise parameter: 1.0
********************Start from stage I
********************going into stage II
eval_object_psnr: 32.48168149875787
eval_background_psnr: 100.0
eval_background_psnr: 100.0
********************Evaluation the Image 12-th, after Step 999, BEST PSNR: 32.481681, Print rate 0.256670. *************************
Saved model at ./saved/modbase_7/context_16_arm_mod_16/sparity_0.0/inr_mod_16KODAK_ROI_Global_new_struture_7_12_3_33_orderconcat_operator_0_pw_0.00208_img_object12.pth
Trained the image with PSNR: 32.48168149875787  latent bits 0.256669819355011 latent bits number 134568.90625
[31.206718914416555, 29.46536765296622, 32.51467830451427, 30.834551878009183, 32.48168149875787]
[0.3240654766559601, 0.7467812299728394, 0.26031285524368286, 0.2696656882762909, 0.256669819355011]
[169903.640625, 391528.4375, 136478.90625, 141382.484375, 134568.90625]
load the model: ./saved/modbase_7/context_16_arm_mod_16/sparity_0.0/inr_mod_16KODAK_ROI_Global_new_struture_7_12_3_33_orderconcat_operator_0_pw_0.00208_img_object12.pth for the  12 -th image
********************Evalutation with quantization
********************Starting quantizing models
eval_object_psnr: 32.463992844432745
full_image_psnr: 32.463992844432745
object_psnr: 32.463992844432745
background_psnr: 100.0
********************Evaluation the Image 12-th, BEST PSNR: 32.463993, Print rate 0.257145, Network rate 0.018284. *************************
Evaluate the image: PSNR: 32.463992844432745 All bits: 0.27542901039123535  latent bits: 0.2571451663970947  network bits: 0.018283843994140625
Evaluate arm network bits: 0.008756637573242188 Evaluate synthesis network bits: 0.008556365966796875
Image All bits num: 144404.125 latent bits num: 134818.125 mlp bits num: 9586.0 border bits num:
arm bits num: 4591.0 synthesis bits num: 4486.0
[31.198781791865404, 29.462573496723014, 32.500234190007774, 30.814544097700036, 32.463992844432745]
[0.34315070509910583, 0.7667968273162842, 0.2800326347351074, 0.28809356689453125, 0.27542901039123535]
[179909.796875, 402022.375, 146817.75, 151044.0, 144404.125]
Metrics saved to ./experiments/02/results.csv
Current eval Ave PSNR: 31.288025284145796 Ave Bits 0.3907005488872528
.......Copmlete all dataset training......
Ave Training PSNR: 31.300599649732824 Ave Training Bits 0.37149901390075685
Training PSNR: [31.206718914416555, 29.46536765296622, 32.51467830451427, 30.834551878009183, 32.48168149875787]
Training rate: [0.3240654766559601, 0.7467812299728394, 0.26031285524368286, 0.2696656882762909, 0.256669819355011]
Evalutation: Ave Eval PSNR: 31.288025284145796 Ave Eval all bits: 0.3907005488872528 Ave Eval Bits 0.3721023738384247 Ave Eval Network 0.018598175048828124
Eval All PSNR: [31.198781791865404, 29.462573496723014, 32.500234190007774, 30.814544097700036, 32.463992844432745]
Eval All rate [0.34315070509910583, 0.7667968273162842, 0.2800326347351074, 0.28809356689453125, 0.27542901039123535]
Eval Latent rate [0.3248229920864105, 0.7473170757293701, 0.2606215476989746, 0.27060508728027344, 0.2571451663970947]
Eval MLP rate [0.018327713012695312, 0.019479751586914062, 0.019411087036132812, 0.017488479614257812, 0.018283843994140625]
Namespace(batch_size=1, lr=0.01, data='../data', sparsity=0.0, local_upsampling_kernel_size=8, upsampling_kernel_size=8, static_upsampling_kernel=False, latent_factor=1, mod_base=7, highest_flag=1, context_arm=16, dim_arm_mod=16, use_candidate=True, type='other', mod_hid_layer=0, sythesis_features=12, hidden_features=64, hidden_layer=2, scale=1, lambda_rate=0.0001, lambda_rate_list=[0.00406, 0.00208, 0.0001], start_index=0, mask_type='full', wsmse_tag=0, swhdc_tag=0, swhdc_dilations=[1, 2, 3, 4], erp_upsampling=0, erp_phi_ref=30.0, workdir='./experiments/02', train_steps_1=1000, train_steps_2=1000, patch_h=512, patch_w=1024, all_pix_num=524288, eval_pix_num=524288)
Directory './saved/modbase_7/context_16_arm_mod_16' already exists.
Directory './saved/modbase_7/context_16_arm_mod_16/sparity_0.0' already exists.
top %: 0.0

🔁 Stage-1 Training Candidate 1/7
Quantizer parameter: encoding gain  16
total pixel: 524288
Get Mod with shape torch.Size([1, 1, 8, 16]) at layer: 1
Get Mod with shape torch.Size([1, 1, 16, 32]) at layer: 2
Get Mod with shape torch.Size([1, 1, 32, 64]) at layer: 3
Get Mod with shape torch.Size([1, 1, 64, 128]) at layer: 4
Get Mod with shape torch.Size([1, 1, 128, 256]) at layer: 5
Get Mod with shape torch.Size([1, 1, 256, 512]) at layer: 6
Get Mod with shape torch.Size([1, 1, 512, 1024]) at layer: 7
start temperature: 0.3 noise parameter: 2.0
end temperature: 0.3 noise parameter: 2.0
********************Start from stage I
Step 400, BEST PSNR: 33.348288, Total loss 0.000560 with its rate 1.3052282333374023 latent_bits 684315.5

🔁 Stage-1 Training Candidate 2/7
Quantizer parameter: encoding gain  16
total pixel: 524288
Get Mod with shape torch.Size([1, 1, 8, 16]) at layer: 1
Get Mod with shape torch.Size([1, 1, 16, 32]) at layer: 2
Get Mod with shape torch.Size([1, 1, 32, 64]) at layer: 3
Get Mod with shape torch.Size([1, 1, 64, 128]) at layer: 4
Get Mod with shape torch.Size([1, 1, 128, 256]) at layer: 5
Get Mod with shape torch.Size([1, 1, 256, 512]) at layer: 6
Get Mod with shape torch.Size([1, 1, 512, 1024]) at layer: 7
start temperature: 0.3 noise parameter: 2.0
end temperature: 0.3 noise parameter: 2.0
********************Start from stage I
Step 400, BEST PSNR: 34.926633, Total loss 0.000432 with its rate 1.3564796447753906 latent_bits 711186.0

🔁 Stage-1 Training Candidate 3/7
Quantizer parameter: encoding gain  16
total pixel: 524288
Get Mod with shape torch.Size([1, 1, 8, 16]) at layer: 1
Get Mod with shape torch.Size([1, 1, 16, 32]) at layer: 2
Get Mod with shape torch.Size([1, 1, 32, 64]) at layer: 3
Get Mod with shape torch.Size([1, 1, 64, 128]) at layer: 4
Get Mod with shape torch.Size([1, 1, 128, 256]) at layer: 5
Get Mod with shape torch.Size([1, 1, 256, 512]) at layer: 6
Get Mod with shape torch.Size([1, 1, 512, 1024]) at layer: 7
start temperature: 0.3 noise parameter: 2.0
end temperature: 0.3 noise parameter: 2.0
********************Start from stage I
Step 400, BEST PSNR: 34.400607, Total loss 0.000475 with its rate 1.4244767427444458 latent_bits 746836.0625

🔁 Stage-1 Training Candidate 4/7
Quantizer parameter: encoding gain  16
total pixel: 524288
Get Mod with shape torch.Size([1, 1, 8, 16]) at layer: 1
Get Mod with shape torch.Size([1, 1, 16, 32]) at layer: 2
Get Mod with shape torch.Size([1, 1, 32, 64]) at layer: 3
Get Mod with shape torch.Size([1, 1, 64, 128]) at layer: 4
Get Mod with shape torch.Size([1, 1, 128, 256]) at layer: 5
Get Mod with shape torch.Size([1, 1, 256, 512]) at layer: 6
Get Mod with shape torch.Size([1, 1, 512, 1024]) at layer: 7
start temperature: 0.3 noise parameter: 2.0
end temperature: 0.3 noise parameter: 2.0
********************Start from stage I
Step 400, BEST PSNR: 33.262561, Total loss 0.000568 with its rate 1.2888619899749756 latent_bits 675734.875

🔁 Stage-1 Training Candidate 5/7
Quantizer parameter: encoding gain  16
total pixel: 524288
Get Mod with shape torch.Size([1, 1, 8, 16]) at layer: 1
Get Mod with shape torch.Size([1, 1, 16, 32]) at layer: 2
Get Mod with shape torch.Size([1, 1, 32, 64]) at layer: 3
Get Mod with shape torch.Size([1, 1, 64, 128]) at layer: 4
Get Mod with shape torch.Size([1, 1, 128, 256]) at layer: 5
Get Mod with shape torch.Size([1, 1, 256, 512]) at layer: 6
Get Mod with shape torch.Size([1, 1, 512, 1024]) at layer: 7
start temperature: 0.3 noise parameter: 2.0
end temperature: 0.3 noise parameter: 2.0
********************Start from stage I
Step 400, BEST PSNR: 33.552711, Total loss 0.000561 with its rate 1.5940988063812256 latent_bits 835766.875

🔁 Stage-1 Training Candidate 6/7
Quantizer parameter: encoding gain  16
total pixel: 524288
Get Mod with shape torch.Size([1, 1, 8, 16]) at layer: 1
Get Mod with shape torch.Size([1, 1, 16, 32]) at layer: 2
Get Mod with shape torch.Size([1, 1, 32, 64]) at layer: 3
Get Mod with shape torch.Size([1, 1, 64, 128]) at layer: 4
Get Mod with shape torch.Size([1, 1, 128, 256]) at layer: 5
Get Mod with shape torch.Size([1, 1, 256, 512]) at layer: 6
Get Mod with shape torch.Size([1, 1, 512, 1024]) at layer: 7
start temperature: 0.3 noise parameter: 2.0
end temperature: 0.3 noise parameter: 2.0
********************Start from stage I
Step 400, BEST PSNR: 33.765546, Total loss 0.000533 with its rate 1.3854395151138306 latent_bits 726369.3125

🔁 Stage-1 Training Candidate 7/7
Quantizer parameter: encoding gain  16
total pixel: 524288
Get Mod with shape torch.Size([1, 1, 8, 16]) at layer: 1
Get Mod with shape torch.Size([1, 1, 16, 32]) at layer: 2
Get Mod with shape torch.Size([1, 1, 32, 64]) at layer: 3
Get Mod with shape torch.Size([1, 1, 64, 128]) at layer: 4
Get Mod with shape torch.Size([1, 1, 128, 256]) at layer: 5
Get Mod with shape torch.Size([1, 1, 256, 512]) at layer: 6
Get Mod with shape torch.Size([1, 1, 512, 1024]) at layer: 7
start temperature: 0.3 noise parameter: 2.0
end temperature: 0.3 noise parameter: 2.0
********************Start from stage I
Step 400, BEST PSNR: 33.075021, Total loss 0.000575 with its rate 1.2435442209243774 latent_bits 651975.3125

🌟 Selected Top-3 Candidates by RD cost

🎯 Stage-2 Refining Candidate 1/3
start temperature: 0.3 noise parameter: 2.0
end temperature: 0.3 noise parameter: 2.0
********************Start from stage I
Step 400, BEST PSNR: 35.386487, Total loss 0.000406 with its rate 1.4048995971679688 latent_bits 736572.0

🎯 Stage-2 Refining Candidate 2/3
start temperature: 0.3 noise parameter: 2.0
end temperature: 0.3 noise parameter: 2.0
********************Start from stage I
Step 400, BEST PSNR: 36.191074, Total loss 0.000359 with its rate 1.4281396865844727 latent_bits 748756.5

🎯 Stage-2 Refining Candidate 3/3
start temperature: 0.3 noise parameter: 2.0
end temperature: 0.3 noise parameter: 2.0
********************Start from stage I
Step 400, BEST PSNR: 36.122552, Total loss 0.000364 with its rate 1.402761697769165 latent_bits 735451.125

🏆 Best Candidate Final PSNR: 36.19, Rate: 1.4281
Masked_INR(
  (upsampling_2d): Upsampling(
    (conv_transpose2d): UpsamplingConvTranspose2d()
  )
  (arm): Arm(
    (mlp): Sequential(
      (0): ArmConv(
        (conv1_1): Conv1d(16, 16, kernel_size=(1,), stride=(1,))
      )
      (1): GELU(approximate='none')
      (2): ArmConv(
        (conv1_1): Conv1d(16, 16, kernel_size=(1,), stride=(1,))
      )
      (3): GELU(approximate='none')
      (4): ArmConv(
        (conv1_1): Conv1d(16, 2, kernel_size=(1,), stride=(1,))
      )
    )
  )
  (conv_mod): LocalGlobalBlock(
    (net): Sequential(
      (0): SynthesisLayer(
        (pad): ReplicationPad2d((0, 0, 0, 0))
        (conv_layer): Conv2d(2, 3, kernel_size=(1, 1), stride=(1, 1))
        (non_linearity): GELU(approximate='none')
      )
      (1): SynthesisResidualLayer(
        (pad): ReplicationPad2d((0, 0, 0, 0))
        (conv_layer): Conv2d(3, 3, kernel_size=(1, 1), stride=(1, 1))
        (non_linearity): GELU(approximate='none')
      )
      (2): SynthesisResidualLayer(
        (pad): ReplicationPad2d((0, 0, 0, 0))
        (conv_layer): Conv2d(3, 3, kernel_size=(1, 1), stride=(1, 1))
        (non_linearity): GELU(approximate='none')
      )
      (3): SynthesisResidualLayer(
        (pad): ReplicationPad2d((0, 0, 0, 0))
        (conv_layer): Conv2d(3, 3, kernel_size=(1, 1), stride=(1, 1))
        (non_linearity): Identity()
      )
    )
    (global_net): Sequential(
      (0): SynthesisLayer(
        (pad): ReplicationPad2d((0, 0, 0, 0))
        (conv_layer): Conv2d(2, 3, kernel_size=(1, 1), stride=(1, 1))
        (non_linearity): GELU(approximate='none')
      )
      (1): SynthesisResidualLayer(
        (pad): ReplicationPad2d((0, 0, 0, 0))
        (conv_layer): Conv2d(3, 3, kernel_size=(1, 1), stride=(1, 1))
        (non_linearity): GELU(approximate='none')
      )
      (2): SynthesisResidualLayer(
        (pad): ReplicationPad2d((0, 0, 0, 0))
        (conv_layer): Conv2d(3, 3, kernel_size=(1, 1), stride=(1, 1))
        (non_linearity): GELU(approximate='none')
      )
      (3): SynthesisResidualLayer(
        (pad): ReplicationPad2d((0, 0, 0, 0))
        (conv_layer): Conv2d(3, 3, kernel_size=(1, 1), stride=(1, 1))
        (non_linearity): Identity()
      )
    )
    (agg_func): Sequential(
      (0): SynthesisLayer(
        (pad): ReplicationPad2d((0, 0, 0, 0))
        (conv_layer): Conv2d(18, 3, kernel_size=(1, 1), stride=(1, 1))
        (non_linearity): GELU(approximate='none')
      )
      (1): SynthesisLayer(
        (pad): ReplicationPad2d((0, 0, 0, 0))
        (conv_layer): Conv2d(21, 3, kernel_size=(1, 1), stride=(1, 1))
        (non_linearity): GELU(approximate='none')
      )
      (2): SynthesisLayer(
        (pad): ReplicationPad2d((0, 0, 0, 0))
        (conv_layer): Conv2d(24, 3, kernel_size=(1, 1), stride=(1, 1))
        (non_linearity): GELU(approximate='none')
      )
    )
    (full_net): Sequential(
      (0): SynthesisLayer(
        (pad): ReplicationPad2d((0, 0, 0, 0))
        (conv_layer): Conv2d(7, 12, kernel_size=(1, 1), stride=(1, 1))
        (non_linearity): GELU(approximate='none')
      )
      (1): SynthesisLayer(
        (pad): ReplicationPad2d((0, 0, 0, 0))
        (conv_layer): Conv2d(12, 3, kernel_size=(1, 1), stride=(1, 1))
        (non_linearity): GELU(approximate='none')
      )
      (2): SynthesisResidualLayer(
        (pad): ReplicationPad2d((1, 1, 1, 1))
        (conv_layer): Conv2d(3, 3, kernel_size=(3, 3), stride=(1, 1))
        (non_linearity): GELU(approximate='none')
      )
      (3): SynthesisResidualLayer(
        (pad): ReplicationPad2d((1, 1, 1, 1))
        (conv_layer): Conv2d(3, 3, kernel_size=(3, 3), stride=(1, 1))
        (non_linearity): GELU(approximate='none')
      )
    )
  )
  (modulation_sf): ParameterList(
      (0): Parameter containing: [torch.float32 of size 1x1x8x16 (cuda:0)]
      (1): Parameter containing: [torch.float32 of size 1x1x16x32 (cuda:0)]
      (2): Parameter containing: [torch.float32 of size 1x1x32x64 (cuda:0)]
      (3): Parameter containing: [torch.float32 of size 1x1x64x128 (cuda:0)]
      (4): Parameter containing: [torch.float32 of size 1x1x128x256 (cuda:0)]
      (5): Parameter containing: [torch.float32 of size 1x1x256x512 (cuda:0)]
      (6): Parameter containing: [torch.float32 of size 1x1x512x1024 (cuda:0)]
  )
)
train the 0 -th image
start temperature: 0.3 noise parameter: 2.0
end temperature: 0.1 noise parameter: 1.0
********************Start from stage I
********************going into stage II
eval_object_psnr: 39.02613512607541
eval_background_psnr: 100.0
eval_background_psnr: 100.0
********************Evaluation the Image 0-th, after Step 999, BEST PSNR: 39.026135, Print rate 1.429332. *************************
Saved model at ./saved/modbase_7/context_16_arm_mod_16/sparity_0.0/inr_mod_16KODAK_ROI_Global_new_struture_7_12_3_33_orderconcat_operator_0_pw_0.0001_img_object0.pth
Trained the image with PSNR: 39.02613512607541  latent bits 1.429331660270691 latent bits number 749381.4375
[39.02613512607541]
[1.429331660270691]
[749381.4375]
load the model: ./saved/modbase_7/context_16_arm_mod_16/sparity_0.0/inr_mod_16KODAK_ROI_Global_new_struture_7_12_3_33_orderconcat_operator_0_pw_0.0001_img_object0.pth for the  0 -th image
********************Evalutation with quantization
********************Starting quantizing models
eval_object_psnr: 39.02365021997348
full_image_psnr: 39.02365021997348
object_psnr: 39.02365021997348
background_psnr: 100.0
********************Evaluation the Image 0-th, BEST PSNR: 39.023650, Print rate 1.430306, Network rate 0.021574. *************************
Evaluate the image: PSNR: 39.02365021997348 All bits: 1.4518802165985107  latent bits: 1.4303061962127686  network bits: 0.021574020385742188
Evaluate arm network bits: 0.008449554443359375 Evaluate synthesis network bits: 0.012220382690429688
Image All bits num: 761203.375 latent bits num: 749892.375 mlp bits num: 11311.0 border bits num:
arm bits num: 4430.0 synthesis bits num: 6407.0
[39.02365021997348]
[1.4518802165985107]
[761203.375]
Metrics saved to ./experiments/02/results.csv
Current eval Ave PSNR: 39.02365021997348 Ave Bits 1.4518802165985107
Namespace(batch_size=1, lr=0.01, data='../data', sparsity=0.0, local_upsampling_kernel_size=8, upsampling_kernel_size=8, static_upsampling_kernel=False, latent_factor=1, mod_base=7, highest_flag=1, context_arm=16, dim_arm_mod=16, use_candidate=True, type='other', mod_hid_layer=0, sythesis_features=12, hidden_features=64, hidden_layer=2, scale=1, lambda_rate=0.0001, lambda_rate_list=[0.00406, 0.00208, 0.0001], start_index=0, mask_type='full', wsmse_tag=0, swhdc_tag=0, swhdc_dilations=[1, 2, 3, 4], erp_upsampling=0, erp_phi_ref=30.0, workdir='./experiments/02', train_steps_1=1000, train_steps_2=1000, patch_h=512, patch_w=1024, all_pix_num=524288, eval_pix_num=524288)
Directory './saved/modbase_7/context_16_arm_mod_16' already exists.
Directory './saved/modbase_7/context_16_arm_mod_16/sparity_0.0' already exists.
top %: 0.0

🔁 Stage-1 Training Candidate 1/7
Quantizer parameter: encoding gain  16
total pixel: 524288
Get Mod with shape torch.Size([1, 1, 8, 16]) at layer: 1
Get Mod with shape torch.Size([1, 1, 16, 32]) at layer: 2
Get Mod with shape torch.Size([1, 1, 32, 64]) at layer: 3
Get Mod with shape torch.Size([1, 1, 64, 128]) at layer: 4
Get Mod with shape torch.Size([1, 1, 128, 256]) at layer: 5
Get Mod with shape torch.Size([1, 1, 256, 512]) at layer: 6
Get Mod with shape torch.Size([1, 1, 512, 1024]) at layer: 7
start temperature: 0.3 noise parameter: 2.0
end temperature: 0.3 noise parameter: 2.0
********************Start from stage I
Step 400, BEST PSNR: 31.775441, Total loss 0.000958 with its rate 2.2947072982788086 latent_bits 1203087.5

🔁 Stage-1 Training Candidate 2/7
Quantizer parameter: encoding gain  16
total pixel: 524288
Get Mod with shape torch.Size([1, 1, 8, 16]) at layer: 1
Get Mod with shape torch.Size([1, 1, 16, 32]) at layer: 2
Get Mod with shape torch.Size([1, 1, 32, 64]) at layer: 3
Get Mod with shape torch.Size([1, 1, 64, 128]) at layer: 4
Get Mod with shape torch.Size([1, 1, 128, 256]) at layer: 5
Get Mod with shape torch.Size([1, 1, 256, 512]) at layer: 6
Get Mod with shape torch.Size([1, 1, 512, 1024]) at layer: 7
start temperature: 0.3 noise parameter: 2.0
end temperature: 0.3 noise parameter: 2.0
********************Start from stage I
Step 400, BEST PSNR: 32.146454, Total loss 0.000923 with its rate 2.4441237449645996 latent_bits 1281424.75

🔁 Stage-1 Training Candidate 3/7
Quantizer parameter: encoding gain  16
total pixel: 524288
Get Mod with shape torch.Size([1, 1, 8, 16]) at layer: 1
Get Mod with shape torch.Size([1, 1, 16, 32]) at layer: 2
Get Mod with shape torch.Size([1, 1, 32, 64]) at layer: 3
Get Mod with shape torch.Size([1, 1, 64, 128]) at layer: 4
Get Mod with shape torch.Size([1, 1, 128, 256]) at layer: 5
Get Mod with shape torch.Size([1, 1, 256, 512]) at layer: 6
Get Mod with shape torch.Size([1, 1, 512, 1024]) at layer: 7
start temperature: 0.3 noise parameter: 2.0
end temperature: 0.3 noise parameter: 2.0
********************Start from stage I
Step 400, BEST PSNR: 32.993659, Total loss 0.000807 with its rate 2.486924409866333 latent_bits 1303864.625

🔁 Stage-1 Training Candidate 4/7
Quantizer parameter: encoding gain  16
total pixel: 524288
Get Mod with shape torch.Size([1, 1, 8, 16]) at layer: 1
Get Mod with shape torch.Size([1, 1, 16, 32]) at layer: 2
Get Mod with shape torch.Size([1, 1, 32, 64]) at layer: 3
Get Mod with shape torch.Size([1, 1, 64, 128]) at layer: 4
Get Mod with shape torch.Size([1, 1, 128, 256]) at layer: 5
Get Mod with shape torch.Size([1, 1, 256, 512]) at layer: 6
Get Mod with shape torch.Size([1, 1, 512, 1024]) at layer: 7
start temperature: 0.3 noise parameter: 2.0
end temperature: 0.3 noise parameter: 2.0
********************Start from stage I
Step 400, BEST PSNR: 32.644432, Total loss 0.000774 with its rate 2.2468934059143066 latent_bits 1178019.25

🔁 Stage-1 Training Candidate 5/7
Quantizer parameter: encoding gain  16
total pixel: 524288
Get Mod with shape torch.Size([1, 1, 8, 16]) at layer: 1
Get Mod with shape torch.Size([1, 1, 16, 32]) at layer: 2
Get Mod with shape torch.Size([1, 1, 32, 64]) at layer: 3
Get Mod with shape torch.Size([1, 1, 64, 128]) at layer: 4
Get Mod with shape torch.Size([1, 1, 128, 256]) at layer: 5
Get Mod with shape torch.Size([1, 1, 256, 512]) at layer: 6
Get Mod with shape torch.Size([1, 1, 512, 1024]) at layer: 7
start temperature: 0.3 noise parameter: 2.0
end temperature: 0.3 noise parameter: 2.0
********************Start from stage I
Step 400, BEST PSNR: 32.253154, Total loss 0.000871 with its rate 2.4618780612945557 latent_bits 1290733.125

🔁 Stage-1 Training Candidate 6/7
Quantizer parameter: encoding gain  16
total pixel: 524288
Get Mod with shape torch.Size([1, 1, 8, 16]) at layer: 1
Get Mod with shape torch.Size([1, 1, 16, 32]) at layer: 2
Get Mod with shape torch.Size([1, 1, 32, 64]) at layer: 3
Get Mod with shape torch.Size([1, 1, 64, 128]) at layer: 4
Get Mod with shape torch.Size([1, 1, 128, 256]) at layer: 5
Get Mod with shape torch.Size([1, 1, 256, 512]) at layer: 6
Get Mod with shape torch.Size([1, 1, 512, 1024]) at layer: 7
start temperature: 0.3 noise parameter: 2.0
end temperature: 0.3 noise parameter: 2.0
********************Start from stage I
Step 400, BEST PSNR: 31.753035, Total loss 0.000955 with its rate 2.254635810852051 latent_bits 1182078.5

🔁 Stage-1 Training Candidate 7/7
Quantizer parameter: encoding gain  16
total pixel: 524288
Get Mod with shape torch.Size([1, 1, 8, 16]) at layer: 1
Get Mod with shape torch.Size([1, 1, 16, 32]) at layer: 2
Get Mod with shape torch.Size([1, 1, 32, 64]) at layer: 3
Get Mod with shape torch.Size([1, 1, 64, 128]) at layer: 4
Get Mod with shape torch.Size([1, 1, 128, 256]) at layer: 5
Get Mod with shape torch.Size([1, 1, 256, 512]) at layer: 6
Get Mod with shape torch.Size([1, 1, 512, 1024]) at layer: 7
start temperature: 0.3 noise parameter: 2.0
end temperature: 0.3 noise parameter: 2.0
********************Start from stage I
Step 400, BEST PSNR: 32.207992, Total loss 0.000902 with its rate 2.4764840602874756 latent_bits 1298390.875

🌟 Selected Top-3 Candidates by RD cost

🎯 Stage-2 Refining Candidate 1/3
start temperature: 0.3 noise parameter: 2.0
end temperature: 0.3 noise parameter: 2.0
********************Start from stage I
Step 400, BEST PSNR: 34.269802, Total loss 0.000621 with its rate 2.5162293910980225 latent_bits 1319228.875

🎯 Stage-2 Refining Candidate 2/3
start temperature: 0.3 noise parameter: 2.0
end temperature: 0.3 noise parameter: 2.0
********************Start from stage I
Step 400, BEST PSNR: 36.569355, Total loss 0.000472 with its rate 2.512207508087158 latent_bits 1317120.25

🎯 Stage-2 Refining Candidate 3/3
start temperature: 0.3 noise parameter: 2.0
end temperature: 0.3 noise parameter: 2.0
********************Start from stage I
Step 400, BEST PSNR: 34.947483, Total loss 0.000592 with its rate 2.6457571983337402 latent_bits 1387138.75

🏆 Best Candidate Final PSNR: 36.57, Rate: 2.5122
Masked_INR(
  (upsampling_2d): Upsampling(
    (conv_transpose2d): UpsamplingConvTranspose2d()
  )
  (arm): Arm(
    (mlp): Sequential(
      (0): ArmConv(
        (conv1_1): Conv1d(16, 16, kernel_size=(1,), stride=(1,))
      )
      (1): GELU(approximate='none')
      (2): ArmConv(
        (conv1_1): Conv1d(16, 16, kernel_size=(1,), stride=(1,))
      )
      (3): GELU(approximate='none')
      (4): ArmConv(
        (conv1_1): Conv1d(16, 2, kernel_size=(1,), stride=(1,))
      )
    )
  )
  (conv_mod): LocalGlobalBlock(
    (net): Sequential(
      (0): SynthesisLayer(
        (pad): ReplicationPad2d((0, 0, 0, 0))
        (conv_layer): Conv2d(2, 3, kernel_size=(1, 1), stride=(1, 1))
        (non_linearity): GELU(approximate='none')
      )
      (1): SynthesisResidualLayer(
        (pad): ReplicationPad2d((0, 0, 0, 0))
        (conv_layer): Conv2d(3, 3, kernel_size=(1, 1), stride=(1, 1))
        (non_linearity): GELU(approximate='none')
      )
      (2): SynthesisResidualLayer(
        (pad): ReplicationPad2d((0, 0, 0, 0))
        (conv_layer): Conv2d(3, 3, kernel_size=(1, 1), stride=(1, 1))
        (non_linearity): GELU(approximate='none')
      )
      (3): SynthesisResidualLayer(
        (pad): ReplicationPad2d((0, 0, 0, 0))
        (conv_layer): Conv2d(3, 3, kernel_size=(1, 1), stride=(1, 1))
        (non_linearity): Identity()
      )
    )
    (global_net): Sequential(
      (0): SynthesisLayer(
        (pad): ReplicationPad2d((0, 0, 0, 0))
        (conv_layer): Conv2d(2, 3, kernel_size=(1, 1), stride=(1, 1))
        (non_linearity): GELU(approximate='none')
      )
      (1): SynthesisResidualLayer(
        (pad): ReplicationPad2d((0, 0, 0, 0))
        (conv_layer): Conv2d(3, 3, kernel_size=(1, 1), stride=(1, 1))
        (non_linearity): GELU(approximate='none')
      )
      (2): SynthesisResidualLayer(
        (pad): ReplicationPad2d((0, 0, 0, 0))
        (conv_layer): Conv2d(3, 3, kernel_size=(1, 1), stride=(1, 1))
        (non_linearity): GELU(approximate='none')
      )
      (3): SynthesisResidualLayer(
        (pad): ReplicationPad2d((0, 0, 0, 0))
        (conv_layer): Conv2d(3, 3, kernel_size=(1, 1), stride=(1, 1))
        (non_linearity): Identity()
      )
    )
    (agg_func): Sequential(
      (0): SynthesisLayer(
        (pad): ReplicationPad2d((0, 0, 0, 0))
        (conv_layer): Conv2d(18, 3, kernel_size=(1, 1), stride=(1, 1))
        (non_linearity): GELU(approximate='none')
      )
      (1): SynthesisLayer(
        (pad): ReplicationPad2d((0, 0, 0, 0))
        (conv_layer): Conv2d(21, 3, kernel_size=(1, 1), stride=(1, 1))
        (non_linearity): GELU(approximate='none')
      )
      (2): SynthesisLayer(
        (pad): ReplicationPad2d((0, 0, 0, 0))
        (conv_layer): Conv2d(24, 3, kernel_size=(1, 1), stride=(1, 1))
        (non_linearity): GELU(approximate='none')
      )
    )
    (full_net): Sequential(
      (0): SynthesisLayer(
        (pad): ReplicationPad2d((0, 0, 0, 0))
        (conv_layer): Conv2d(7, 12, kernel_size=(1, 1), stride=(1, 1))
        (non_linearity): GELU(approximate='none')
      )
      (1): SynthesisLayer(
        (pad): ReplicationPad2d((0, 0, 0, 0))
        (conv_layer): Conv2d(12, 3, kernel_size=(1, 1), stride=(1, 1))
        (non_linearity): GELU(approximate='none')
      )
      (2): SynthesisResidualLayer(
        (pad): ReplicationPad2d((1, 1, 1, 1))
        (conv_layer): Conv2d(3, 3, kernel_size=(3, 3), stride=(1, 1))
        (non_linearity): GELU(approximate='none')
      )
      (3): SynthesisResidualLayer(
        (pad): ReplicationPad2d((1, 1, 1, 1))
        (conv_layer): Conv2d(3, 3, kernel_size=(3, 3), stride=(1, 1))
        (non_linearity): GELU(approximate='none')
      )
    )
  )
  (modulation_sf): ParameterList(
      (0): Parameter containing: [torch.float32 of size 1x1x8x16 (cuda:0)]
      (1): Parameter containing: [torch.float32 of size 1x1x16x32 (cuda:0)]
      (2): Parameter containing: [torch.float32 of size 1x1x32x64 (cuda:0)]
      (3): Parameter containing: [torch.float32 of size 1x1x64x128 (cuda:0)]
      (4): Parameter containing: [torch.float32 of size 1x1x128x256 (cuda:0)]
      (5): Parameter containing: [torch.float32 of size 1x1x256x512 (cuda:0)]
      (6): Parameter containing: [torch.float32 of size 1x1x512x1024 (cuda:0)]
  )
)
train the 3 -th image
start temperature: 0.3 noise parameter: 2.0
end temperature: 0.1 noise parameter: 1.0
********************Start from stage I
********************going into stage II
eval_object_psnr: 37.535055841010774
eval_background_psnr: 100.0
eval_background_psnr: 100.0
********************Evaluation the Image 3-th, after Step 999, BEST PSNR: 37.535056, Print rate 2.565923. *************************
Saved model at ./saved/modbase_7/context_16_arm_mod_16/sparity_0.0/inr_mod_16KODAK_ROI_Global_new_struture_7_12_3_33_orderconcat_operator_0_pw_0.0001_img_object3.pth
Trained the image with PSNR: 37.535055841010774  latent bits 2.565922975540161 latent bits number 1345282.625
[39.02613512607541, 37.535055841010774]
[1.429331660270691, 2.565922975540161]
[749381.4375, 1345282.625]
load the model: ./saved/modbase_7/context_16_arm_mod_16/sparity_0.0/inr_mod_16KODAK_ROI_Global_new_struture_7_12_3_33_orderconcat_operator_0_pw_0.0001_img_object3.pth for the  3 -th image
********************Evalutation with quantization
********************Starting quantizing models
eval_object_psnr: 37.532001299716434
full_image_psnr: 37.532001299716434
object_psnr: 37.532001299716434
background_psnr: 100.0
********************Evaluation the Image 3-th, BEST PSNR: 37.532001, Print rate 2.566380, Network rate 0.022564. *************************
Evaluate the image: PSNR: 37.532001299716434 All bits: 2.5889439582824707  latent bits: 2.566380023956299  network bits: 0.022563934326171875
Evaluate arm network bits: 0.009412765502929688 Evaluate synthesis network bits: 0.011987686157226562
Image All bits num: 1357352.25 latent bits num: 1345522.25 mlp bits num: 11830.0 border bits num:
arm bits num: 4935.0 synthesis bits num: 6285.0
[39.02365021997348, 37.532001299716434]
[1.4518802165985107, 2.5889439582824707]
[761203.375, 1357352.25]
Metrics saved to ./experiments/02/results.csv
Current eval Ave PSNR: 38.27782575984496 Ave Bits 2.0204120874404907
Namespace(batch_size=1, lr=0.01, data='../data', sparsity=0.0, local_upsampling_kernel_size=8, upsampling_kernel_size=8, static_upsampling_kernel=False, latent_factor=1, mod_base=7, highest_flag=1, context_arm=16, dim_arm_mod=16, use_candidate=True, type='other', mod_hid_layer=0, sythesis_features=12, hidden_features=64, hidden_layer=2, scale=1, lambda_rate=0.0001, lambda_rate_list=[0.00406, 0.00208, 0.0001], start_index=0, mask_type='full', wsmse_tag=0, swhdc_tag=0, swhdc_dilations=[1, 2, 3, 4], erp_upsampling=0, erp_phi_ref=30.0, workdir='./experiments/02', train_steps_1=1000, train_steps_2=1000, patch_h=512, patch_w=1024, all_pix_num=524288, eval_pix_num=524288)
Directory './saved/modbase_7/context_16_arm_mod_16' already exists.
Directory './saved/modbase_7/context_16_arm_mod_16/sparity_0.0' already exists.
top %: 0.0

🔁 Stage-1 Training Candidate 1/7
Quantizer parameter: encoding gain  16
total pixel: 524288
Get Mod with shape torch.Size([1, 1, 8, 16]) at layer: 1
Get Mod with shape torch.Size([1, 1, 16, 32]) at layer: 2
Get Mod with shape torch.Size([1, 1, 32, 64]) at layer: 3
Get Mod with shape torch.Size([1, 1, 64, 128]) at layer: 4
Get Mod with shape torch.Size([1, 1, 128, 256]) at layer: 5
Get Mod with shape torch.Size([1, 1, 256, 512]) at layer: 6
Get Mod with shape torch.Size([1, 1, 512, 1024]) at layer: 7
start temperature: 0.3 noise parameter: 2.0
end temperature: 0.3 noise parameter: 2.0
********************Start from stage I
Step 400, BEST PSNR: 33.449729, Total loss 0.000489 with its rate 1.0750725269317627 latent_bits 563647.625

🔁 Stage-1 Training Candidate 2/7
Quantizer parameter: encoding gain  16
total pixel: 524288
Get Mod with shape torch.Size([1, 1, 8, 16]) at layer: 1
Get Mod with shape torch.Size([1, 1, 16, 32]) at layer: 2
Get Mod with shape torch.Size([1, 1, 32, 64]) at layer: 3
Get Mod with shape torch.Size([1, 1, 64, 128]) at layer: 4
Get Mod with shape torch.Size([1, 1, 128, 256]) at layer: 5
Get Mod with shape torch.Size([1, 1, 256, 512]) at layer: 6
Get Mod with shape torch.Size([1, 1, 512, 1024]) at layer: 7
start temperature: 0.3 noise parameter: 2.0
end temperature: 0.3 noise parameter: 2.0
********************Start from stage I
Step 400, BEST PSNR: 35.775959, Total loss 0.000338 with its rate 1.103458046913147 latent_bits 578529.8125

🔁 Stage-1 Training Candidate 3/7
Quantizer parameter: encoding gain  16
total pixel: 524288
Get Mod with shape torch.Size([1, 1, 8, 16]) at layer: 1
Get Mod with shape torch.Size([1, 1, 16, 32]) at layer: 2
Get Mod with shape torch.Size([1, 1, 32, 64]) at layer: 3
Get Mod with shape torch.Size([1, 1, 64, 128]) at layer: 4
Get Mod with shape torch.Size([1, 1, 128, 256]) at layer: 5
Get Mod with shape torch.Size([1, 1, 256, 512]) at layer: 6
Get Mod with shape torch.Size([1, 1, 512, 1024]) at layer: 7
start temperature: 0.3 noise parameter: 2.0
end temperature: 0.3 noise parameter: 2.0
********************Start from stage I
Step 400, BEST PSNR: 34.431117, Total loss 0.000421 with its rate 1.0928959846496582 latent_bits 572992.25

🔁 Stage-1 Training Candidate 4/7
Quantizer parameter: encoding gain  16
total pixel: 524288
Get Mod with shape torch.Size([1, 1, 8, 16]) at layer: 1
Get Mod with shape torch.Size([1, 1, 16, 32]) at layer: 2
Get Mod with shape torch.Size([1, 1, 32, 64]) at layer: 3
Get Mod with shape torch.Size([1, 1, 64, 128]) at layer: 4
Get Mod with shape torch.Size([1, 1, 128, 256]) at layer: 5
Get Mod with shape torch.Size([1, 1, 256, 512]) at layer: 6
Get Mod with shape torch.Size([1, 1, 512, 1024]) at layer: 7
start temperature: 0.3 noise parameter: 2.0
end temperature: 0.3 noise parameter: 2.0
********************Start from stage I
Step 400, BEST PSNR: 31.932227, Total loss 0.000645 with its rate 1.0537612438201904 latent_bits 552474.375

🔁 Stage-1 Training Candidate 5/7
Quantizer parameter: encoding gain  16
total pixel: 524288
Get Mod with shape torch.Size([1, 1, 8, 16]) at layer: 1
Get Mod with shape torch.Size([1, 1, 16, 32]) at layer: 2
Get Mod with shape torch.Size([1, 1, 32, 64]) at layer: 3
Get Mod with shape torch.Size([1, 1, 64, 128]) at layer: 4
Get Mod with shape torch.Size([1, 1, 128, 256]) at layer: 5
Get Mod with shape torch.Size([1, 1, 256, 512]) at layer: 6
Get Mod with shape torch.Size([1, 1, 512, 1024]) at layer: 7
start temperature: 0.3 noise parameter: 2.0
end temperature: 0.3 noise parameter: 2.0
********************Start from stage I
Step 400, BEST PSNR: 33.526962, Total loss 0.000484 with its rate 1.0522174835205078 latent_bits 551665.0

🔁 Stage-1 Training Candidate 6/7
Quantizer parameter: encoding gain  16
total pixel: 524288
Get Mod with shape torch.Size([1, 1, 8, 16]) at layer: 1
Get Mod with shape torch.Size([1, 1, 16, 32]) at layer: 2
Get Mod with shape torch.Size([1, 1, 32, 64]) at layer: 3
Get Mod with shape torch.Size([1, 1, 64, 128]) at layer: 4
Get Mod with shape torch.Size([1, 1, 128, 256]) at layer: 5
Get Mod with shape torch.Size([1, 1, 256, 512]) at layer: 6
Get Mod with shape torch.Size([1, 1, 512, 1024]) at layer: 7
start temperature: 0.3 noise parameter: 2.0
end temperature: 0.3 noise parameter: 2.0
********************Start from stage I
Step 400, BEST PSNR: 34.511228, Total loss 0.000423 with its rate 1.117699384689331 latent_bits 585996.375

🔁 Stage-1 Training Candidate 7/7
Quantizer parameter: encoding gain  16
total pixel: 524288
Get Mod with shape torch.Size([1, 1, 8, 16]) at layer: 1
Get Mod with shape torch.Size([1, 1, 16, 32]) at layer: 2
Get Mod with shape torch.Size([1, 1, 32, 64]) at layer: 3
Get Mod with shape torch.Size([1, 1, 64, 128]) at layer: 4
Get Mod with shape torch.Size([1, 1, 128, 256]) at layer: 5
Get Mod with shape torch.Size([1, 1, 256, 512]) at layer: 6
Get Mod with shape torch.Size([1, 1, 512, 1024]) at layer: 7
start temperature: 0.3 noise parameter: 2.0
end temperature: 0.3 noise parameter: 2.0
********************Start from stage I
Step 400, BEST PSNR: 32.639970, Total loss 0.000559 with its rate 1.0139014720916748 latent_bits 531576.375

🌟 Selected Top-3 Candidates by RD cost

🎯 Stage-2 Refining Candidate 1/3
start temperature: 0.3 noise parameter: 2.0
end temperature: 0.3 noise parameter: 2.0
********************Start from stage I
Step 400, BEST PSNR: 37.220889, Total loss 0.000271 with its rate 1.080286979675293 latent_bits 566381.5

🎯 Stage-2 Refining Candidate 2/3
start temperature: 0.3 noise parameter: 2.0
end temperature: 0.3 noise parameter: 2.0
********************Start from stage I
Step 400, BEST PSNR: 38.343079, Total loss 0.000234 with its rate 1.0695072412490845 latent_bits 560729.8125

🎯 Stage-2 Refining Candidate 3/3
start temperature: 0.3 noise parameter: 2.0
end temperature: 0.3 noise parameter: 2.0
********************Start from stage I
Step 400, BEST PSNR: 36.428044, Total loss 0.000310 with its rate 1.1410598754882812 latent_bits 598244.0

🏆 Best Candidate Final PSNR: 38.34, Rate: 1.0695
Masked_INR(
  (upsampling_2d): Upsampling(
    (conv_transpose2d): UpsamplingConvTranspose2d()
  )
  (arm): Arm(
    (mlp): Sequential(
      (0): ArmConv(
        (conv1_1): Conv1d(16, 16, kernel_size=(1,), stride=(1,))
      )
      (1): GELU(approximate='none')
      (2): ArmConv(
        (conv1_1): Conv1d(16, 16, kernel_size=(1,), stride=(1,))
      )
      (3): GELU(approximate='none')
      (4): ArmConv(
        (conv1_1): Conv1d(16, 2, kernel_size=(1,), stride=(1,))
      )
    )
  )
  (conv_mod): LocalGlobalBlock(
    (net): Sequential(
      (0): SynthesisLayer(
        (pad): ReplicationPad2d((0, 0, 0, 0))
        (conv_layer): Conv2d(2, 3, kernel_size=(1, 1), stride=(1, 1))
        (non_linearity): GELU(approximate='none')
      )
      (1): SynthesisResidualLayer(
        (pad): ReplicationPad2d((0, 0, 0, 0))
        (conv_layer): Conv2d(3, 3, kernel_size=(1, 1), stride=(1, 1))
        (non_linearity): GELU(approximate='none')
      )
      (2): SynthesisResidualLayer(
        (pad): ReplicationPad2d((0, 0, 0, 0))
        (conv_layer): Conv2d(3, 3, kernel_size=(1, 1), stride=(1, 1))
        (non_linearity): GELU(approximate='none')
      )
      (3): SynthesisResidualLayer(
        (pad): ReplicationPad2d((0, 0, 0, 0))
        (conv_layer): Conv2d(3, 3, kernel_size=(1, 1), stride=(1, 1))
        (non_linearity): Identity()
      )
    )
    (global_net): Sequential(
      (0): SynthesisLayer(
        (pad): ReplicationPad2d((0, 0, 0, 0))
        (conv_layer): Conv2d(2, 3, kernel_size=(1, 1), stride=(1, 1))
        (non_linearity): GELU(approximate='none')
      )
      (1): SynthesisResidualLayer(
        (pad): ReplicationPad2d((0, 0, 0, 0))
        (conv_layer): Conv2d(3, 3, kernel_size=(1, 1), stride=(1, 1))
        (non_linearity): GELU(approximate='none')
      )
      (2): SynthesisResidualLayer(
        (pad): ReplicationPad2d((0, 0, 0, 0))
        (conv_layer): Conv2d(3, 3, kernel_size=(1, 1), stride=(1, 1))
        (non_linearity): GELU(approximate='none')
      )
      (3): SynthesisResidualLayer(
        (pad): ReplicationPad2d((0, 0, 0, 0))
        (conv_layer): Conv2d(3, 3, kernel_size=(1, 1), stride=(1, 1))
        (non_linearity): Identity()
      )
    )
    (agg_func): Sequential(
      (0): SynthesisLayer(
        (pad): ReplicationPad2d((0, 0, 0, 0))
        (conv_layer): Conv2d(18, 3, kernel_size=(1, 1), stride=(1, 1))
        (non_linearity): GELU(approximate='none')
      )
      (1): SynthesisLayer(
        (pad): ReplicationPad2d((0, 0, 0, 0))
        (conv_layer): Conv2d(21, 3, kernel_size=(1, 1), stride=(1, 1))
        (non_linearity): GELU(approximate='none')
      )
      (2): SynthesisLayer(
        (pad): ReplicationPad2d((0, 0, 0, 0))
        (conv_layer): Conv2d(24, 3, kernel_size=(1, 1), stride=(1, 1))
        (non_linearity): GELU(approximate='none')
      )
    )
    (full_net): Sequential(
      (0): SynthesisLayer(
        (pad): ReplicationPad2d((0, 0, 0, 0))
        (conv_layer): Conv2d(7, 12, kernel_size=(1, 1), stride=(1, 1))
        (non_linearity): GELU(approximate='none')
      )
      (1): SynthesisLayer(
        (pad): ReplicationPad2d((0, 0, 0, 0))
        (conv_layer): Conv2d(12, 3, kernel_size=(1, 1), stride=(1, 1))
        (non_linearity): GELU(approximate='none')
      )
      (2): SynthesisResidualLayer(
        (pad): ReplicationPad2d((1, 1, 1, 1))
        (conv_layer): Conv2d(3, 3, kernel_size=(3, 3), stride=(1, 1))
        (non_linearity): GELU(approximate='none')
      )
      (3): SynthesisResidualLayer(
        (pad): ReplicationPad2d((1, 1, 1, 1))
        (conv_layer): Conv2d(3, 3, kernel_size=(3, 3), stride=(1, 1))
        (non_linearity): GELU(approximate='none')
      )
    )
  )
  (modulation_sf): ParameterList(
      (0): Parameter containing: [torch.float32 of size 1x1x8x16 (cuda:0)]
      (1): Parameter containing: [torch.float32 of size 1x1x16x32 (cuda:0)]
      (2): Parameter containing: [torch.float32 of size 1x1x32x64 (cuda:0)]
      (3): Parameter containing: [torch.float32 of size 1x1x64x128 (cuda:0)]
      (4): Parameter containing: [torch.float32 of size 1x1x128x256 (cuda:0)]
      (5): Parameter containing: [torch.float32 of size 1x1x256x512 (cuda:0)]
      (6): Parameter containing: [torch.float32 of size 1x1x512x1024 (cuda:0)]
  )
)
train the 6 -th image
start temperature: 0.3 noise parameter: 2.0
end temperature: 0.1 noise parameter: 1.0
********************Start from stage I
********************going into stage II
eval_object_psnr: 39.55669893595557
eval_background_psnr: 100.0
eval_background_psnr: 100.0
********************Evaluation the Image 6-th, after Step 999, BEST PSNR: 39.556699, Print rate 1.052676. *************************
Saved model at ./saved/modbase_7/context_16_arm_mod_16/sparity_0.0/inr_mod_16KODAK_ROI_Global_new_struture_7_12_3_33_orderconcat_operator_0_pw_0.0001_img_object6.pth
Trained the image with PSNR: 39.55669893595557  latent bits 1.0526764392852783 latent bits number 551905.625
[39.02613512607541, 37.535055841010774, 39.55669893595557]
[1.429331660270691, 2.565922975540161, 1.0526764392852783]
[749381.4375, 1345282.625, 551905.625]
load the model: ./saved/modbase_7/context_16_arm_mod_16/sparity_0.0/inr_mod_16KODAK_ROI_Global_new_struture_7_12_3_33_orderconcat_operator_0_pw_0.0001_img_object6.pth for the  6 -th image
********************Evalutation with quantization
********************Starting quantizing models
eval_object_psnr: 39.55204287036513
full_image_psnr: 39.55204287036513
object_psnr: 39.55204287036513
background_psnr: 100.0
********************Evaluation the Image 6-th, BEST PSNR: 39.552043, Print rate 1.053057, Network rate 0.022434. *************************
Evaluate the image: PSNR: 39.55204287036513 All bits: 1.0754908323287964  latent bits: 1.0530565977096558  network bits: 0.022434234619140625
Evaluate arm network bits: 0.009429931640625 Evaluate synthesis network bits: 0.011959075927734375
Image All bits num: 563866.9375 latent bits num: 552104.9375 mlp bits num: 11762.0 border bits num:
arm bits num: 4944.0 synthesis bits num: 6270.0
[39.02365021997348, 37.532001299716434, 39.55204287036513]
[1.4518802165985107, 2.5889439582824707, 1.0754908323287964]
[761203.375, 1357352.25, 563866.9375]
Metrics saved to ./experiments/02/results.csv
Current eval Ave PSNR: 38.70256479668502 Ave Bits 1.7054383357365925
Namespace(batch_size=1, lr=0.01, data='../data', sparsity=0.0, local_upsampling_kernel_size=8, upsampling_kernel_size=8, static_upsampling_kernel=False, latent_factor=1, mod_base=7, highest_flag=1, context_arm=16, dim_arm_mod=16, use_candidate=True, type='other', mod_hid_layer=0, sythesis_features=12, hidden_features=64, hidden_layer=2, scale=1, lambda_rate=0.0001, lambda_rate_list=[0.00406, 0.00208, 0.0001], start_index=0, mask_type='full', wsmse_tag=0, swhdc_tag=0, swhdc_dilations=[1, 2, 3, 4], erp_upsampling=0, erp_phi_ref=30.0, workdir='./experiments/02', train_steps_1=1000, train_steps_2=1000, patch_h=512, patch_w=1024, all_pix_num=524288, eval_pix_num=524288)
Directory './saved/modbase_7/context_16_arm_mod_16' already exists.
Directory './saved/modbase_7/context_16_arm_mod_16/sparity_0.0' already exists.
top %: 0.0

🔁 Stage-1 Training Candidate 1/7
Quantizer parameter: encoding gain  16
total pixel: 524288
Get Mod with shape torch.Size([1, 1, 8, 16]) at layer: 1
Get Mod with shape torch.Size([1, 1, 16, 32]) at layer: 2
Get Mod with shape torch.Size([1, 1, 32, 64]) at layer: 3
Get Mod with shape torch.Size([1, 1, 64, 128]) at layer: 4
Get Mod with shape torch.Size([1, 1, 128, 256]) at layer: 5
Get Mod with shape torch.Size([1, 1, 256, 512]) at layer: 6
Get Mod with shape torch.Size([1, 1, 512, 1024]) at layer: 7
start temperature: 0.3 noise parameter: 2.0
end temperature: 0.3 noise parameter: 2.0
********************Start from stage I
Step 400, BEST PSNR: 33.039943, Total loss 0.000605 with its rate 1.485093116760254 latent_bits 778616.5

🔁 Stage-1 Training Candidate 2/7
Quantizer parameter: encoding gain  16
total pixel: 524288
Get Mod with shape torch.Size([1, 1, 8, 16]) at layer: 1
Get Mod with shape torch.Size([1, 1, 16, 32]) at layer: 2
Get Mod with shape torch.Size([1, 1, 32, 64]) at layer: 3
Get Mod with shape torch.Size([1, 1, 64, 128]) at layer: 4
Get Mod with shape torch.Size([1, 1, 128, 256]) at layer: 5
Get Mod with shape torch.Size([1, 1, 256, 512]) at layer: 6
Get Mod with shape torch.Size([1, 1, 512, 1024]) at layer: 7
start temperature: 0.3 noise parameter: 2.0
end temperature: 0.3 noise parameter: 2.0
********************Start from stage I
Step 400, BEST PSNR: 33.469926, Total loss 0.000537 with its rate 1.376039981842041 latent_bits 721441.25

🔁 Stage-1 Training Candidate 3/7
Quantizer parameter: encoding gain  16
total pixel: 524288
Get Mod with shape torch.Size([1, 1, 8, 16]) at layer: 1
Get Mod with shape torch.Size([1, 1, 16, 32]) at layer: 2
Get Mod with shape torch.Size([1, 1, 32, 64]) at layer: 3
Get Mod with shape torch.Size([1, 1, 64, 128]) at layer: 4
Get Mod with shape torch.Size([1, 1, 128, 256]) at layer: 5
Get Mod with shape torch.Size([1, 1, 256, 512]) at layer: 6
Get Mod with shape torch.Size([1, 1, 512, 1024]) at layer: 7
start temperature: 0.3 noise parameter: 2.0
end temperature: 0.3 noise parameter: 2.0
********************Start from stage I
Step 400, BEST PSNR: 31.829100, Total loss 0.000735 with its rate 1.3603086471557617 latent_bits 713193.5

🔁 Stage-1 Training Candidate 4/7
Quantizer parameter: encoding gain  16
total pixel: 524288
Get Mod with shape torch.Size([1, 1, 8, 16]) at layer: 1
Get Mod with shape torch.Size([1, 1, 16, 32]) at layer: 2
Get Mod with shape torch.Size([1, 1, 32, 64]) at layer: 3
Get Mod with shape torch.Size([1, 1, 64, 128]) at layer: 4
Get Mod with shape torch.Size([1, 1, 128, 256]) at layer: 5
Get Mod with shape torch.Size([1, 1, 256, 512]) at layer: 6
Get Mod with shape torch.Size([1, 1, 512, 1024]) at layer: 7
start temperature: 0.3 noise parameter: 2.0
end temperature: 0.3 noise parameter: 2.0
********************Start from stage I
Step 400, BEST PSNR: 30.048884, Total loss 0.001167 with its rate 1.4755454063415527 latent_bits 773610.75

🔁 Stage-1 Training Candidate 5/7
Quantizer parameter: encoding gain  16
total pixel: 524288
Get Mod with shape torch.Size([1, 1, 8, 16]) at layer: 1
Get Mod with shape torch.Size([1, 1, 16, 32]) at layer: 2
Get Mod with shape torch.Size([1, 1, 32, 64]) at layer: 3
Get Mod with shape torch.Size([1, 1, 64, 128]) at layer: 4
Get Mod with shape torch.Size([1, 1, 128, 256]) at layer: 5
Get Mod with shape torch.Size([1, 1, 256, 512]) at layer: 6
Get Mod with shape torch.Size([1, 1, 512, 1024]) at layer: 7
start temperature: 0.3 noise parameter: 2.0
end temperature: 0.3 noise parameter: 2.0
********************Start from stage I
Step 400, BEST PSNR: 33.025075, Total loss 0.000617 with its rate 1.542191982269287 latent_bits 808552.75

🔁 Stage-1 Training Candidate 6/7
Quantizer parameter: encoding gain  16
total pixel: 524288
Get Mod with shape torch.Size([1, 1, 8, 16]) at layer: 1
Get Mod with shape torch.Size([1, 1, 16, 32]) at layer: 2
Get Mod with shape torch.Size([1, 1, 32, 64]) at layer: 3
Get Mod with shape torch.Size([1, 1, 64, 128]) at layer: 4
Get Mod with shape torch.Size([1, 1, 128, 256]) at layer: 5
Get Mod with shape torch.Size([1, 1, 256, 512]) at layer: 6
Get Mod with shape torch.Size([1, 1, 512, 1024]) at layer: 7
start temperature: 0.3 noise parameter: 2.0
end temperature: 0.3 noise parameter: 2.0
********************Start from stage I
Step 400, BEST PSNR: 34.723577, Total loss 0.000444 with its rate 1.468290090560913 latent_bits 769806.875

🔁 Stage-1 Training Candidate 7/7
Quantizer parameter: encoding gain  16
total pixel: 524288
Get Mod with shape torch.Size([1, 1, 8, 16]) at layer: 1
Get Mod with shape torch.Size([1, 1, 16, 32]) at layer: 2
Get Mod with shape torch.Size([1, 1, 32, 64]) at layer: 3
Get Mod with shape torch.Size([1, 1, 64, 128]) at layer: 4
Get Mod with shape torch.Size([1, 1, 128, 256]) at layer: 5
Get Mod with shape torch.Size([1, 1, 256, 512]) at layer: 6
Get Mod with shape torch.Size([1, 1, 512, 1024]) at layer: 7
start temperature: 0.3 noise parameter: 2.0
end temperature: 0.3 noise parameter: 2.0
********************Start from stage I
Step 400, BEST PSNR: 32.940020, Total loss 0.000613 with its rate 1.5417674779891968 latent_bits 808330.1875

🌟 Selected Top-3 Candidates by RD cost

🎯 Stage-2 Refining Candidate 1/3
start temperature: 0.3 noise parameter: 2.0
end temperature: 0.3 noise parameter: 2.0
********************Start from stage I
Step 400, BEST PSNR: 36.301149, Total loss 0.000344 with its rate 1.4197587966918945 latent_bits 744362.5

🎯 Stage-2 Refining Candidate 2/3
start temperature: 0.3 noise parameter: 2.0
end temperature: 0.3 noise parameter: 2.0
********************Start from stage I
Step 400, BEST PSNR: 36.231918, Total loss 0.000356 with its rate 1.4810582399368286 latent_bits 776501.0625

🎯 Stage-2 Refining Candidate 3/3
start temperature: 0.3 noise parameter: 2.0
end temperature: 0.3 noise parameter: 2.0
********************Start from stage I
Step 400, BEST PSNR: 36.455730, Total loss 0.000343 with its rate 1.447161316871643 latent_bits 758729.3125

🏆 Best Candidate Final PSNR: 36.46, Rate: 1.4472
Masked_INR(
  (upsampling_2d): Upsampling(
    (conv_transpose2d): UpsamplingConvTranspose2d()
  )
  (arm): Arm(
    (mlp): Sequential(
      (0): ArmConv(
        (conv1_1): Conv1d(16, 16, kernel_size=(1,), stride=(1,))
      )
      (1): GELU(approximate='none')
      (2): ArmConv(
        (conv1_1): Conv1d(16, 16, kernel_size=(1,), stride=(1,))
      )
      (3): GELU(approximate='none')
      (4): ArmConv(
        (conv1_1): Conv1d(16, 2, kernel_size=(1,), stride=(1,))
      )
    )
  )
  (conv_mod): LocalGlobalBlock(
    (net): Sequential(
      (0): SynthesisLayer(
        (pad): ReplicationPad2d((0, 0, 0, 0))
        (conv_layer): Conv2d(2, 3, kernel_size=(1, 1), stride=(1, 1))
        (non_linearity): GELU(approximate='none')
      )
      (1): SynthesisResidualLayer(
        (pad): ReplicationPad2d((0, 0, 0, 0))
        (conv_layer): Conv2d(3, 3, kernel_size=(1, 1), stride=(1, 1))
        (non_linearity): GELU(approximate='none')
      )
      (2): SynthesisResidualLayer(
        (pad): ReplicationPad2d((0, 0, 0, 0))
        (conv_layer): Conv2d(3, 3, kernel_size=(1, 1), stride=(1, 1))
        (non_linearity): GELU(approximate='none')
      )
      (3): SynthesisResidualLayer(
        (pad): ReplicationPad2d((0, 0, 0, 0))
        (conv_layer): Conv2d(3, 3, kernel_size=(1, 1), stride=(1, 1))
        (non_linearity): Identity()
      )
    )
    (global_net): Sequential(
      (0): SynthesisLayer(
        (pad): ReplicationPad2d((0, 0, 0, 0))
        (conv_layer): Conv2d(2, 3, kernel_size=(1, 1), stride=(1, 1))
        (non_linearity): GELU(approximate='none')
      )
      (1): SynthesisResidualLayer(
        (pad): ReplicationPad2d((0, 0, 0, 0))
        (conv_layer): Conv2d(3, 3, kernel_size=(1, 1), stride=(1, 1))
        (non_linearity): GELU(approximate='none')
      )
      (2): SynthesisResidualLayer(
        (pad): ReplicationPad2d((0, 0, 0, 0))
        (conv_layer): Conv2d(3, 3, kernel_size=(1, 1), stride=(1, 1))
        (non_linearity): GELU(approximate='none')
      )
      (3): SynthesisResidualLayer(
        (pad): ReplicationPad2d((0, 0, 0, 0))
        (conv_layer): Conv2d(3, 3, kernel_size=(1, 1), stride=(1, 1))
        (non_linearity): Identity()
      )
    )
    (agg_func): Sequential(
      (0): SynthesisLayer(
        (pad): ReplicationPad2d((0, 0, 0, 0))
        (conv_layer): Conv2d(18, 3, kernel_size=(1, 1), stride=(1, 1))
        (non_linearity): GELU(approximate='none')
      )
      (1): SynthesisLayer(
        (pad): ReplicationPad2d((0, 0, 0, 0))
        (conv_layer): Conv2d(21, 3, kernel_size=(1, 1), stride=(1, 1))
        (non_linearity): GELU(approximate='none')
      )
      (2): SynthesisLayer(
        (pad): ReplicationPad2d((0, 0, 0, 0))
        (conv_layer): Conv2d(24, 3, kernel_size=(1, 1), stride=(1, 1))
        (non_linearity): GELU(approximate='none')
      )
    )
    (full_net): Sequential(
      (0): SynthesisLayer(
        (pad): ReplicationPad2d((0, 0, 0, 0))
        (conv_layer): Conv2d(7, 12, kernel_size=(1, 1), stride=(1, 1))
        (non_linearity): GELU(approximate='none')
      )
      (1): SynthesisLayer(
        (pad): ReplicationPad2d((0, 0, 0, 0))
        (conv_layer): Conv2d(12, 3, kernel_size=(1, 1), stride=(1, 1))
        (non_linearity): GELU(approximate='none')
      )
      (2): SynthesisResidualLayer(
        (pad): ReplicationPad2d((1, 1, 1, 1))
        (conv_layer): Conv2d(3, 3, kernel_size=(3, 3), stride=(1, 1))
        (non_linearity): GELU(approximate='none')
      )
      (3): SynthesisResidualLayer(
        (pad): ReplicationPad2d((1, 1, 1, 1))
        (conv_layer): Conv2d(3, 3, kernel_size=(3, 3), stride=(1, 1))
        (non_linearity): GELU(approximate='none')
      )
    )
  )
  (modulation_sf): ParameterList(
      (0): Parameter containing: [torch.float32 of size 1x1x8x16 (cuda:0)]
      (1): Parameter containing: [torch.float32 of size 1x1x16x32 (cuda:0)]
      (2): Parameter containing: [torch.float32 of size 1x1x32x64 (cuda:0)]
      (3): Parameter containing: [torch.float32 of size 1x1x64x128 (cuda:0)]
      (4): Parameter containing: [torch.float32 of size 1x1x128x256 (cuda:0)]
      (5): Parameter containing: [torch.float32 of size 1x1x256x512 (cuda:0)]
      (6): Parameter containing: [torch.float32 of size 1x1x512x1024 (cuda:0)]
  )
)
train the 9 -th image
start temperature: 0.3 noise parameter: 2.0
end temperature: 0.1 noise parameter: 1.0
********************Start from stage I
********************going into stage II
eval_object_psnr: 39.45460717022561
eval_background_psnr: 100.0
eval_background_psnr: 100.0
********************Evaluation the Image 9-th, after Step 999, BEST PSNR: 39.454607, Print rate 1.476672. *************************
Saved model at ./saved/modbase_7/context_16_arm_mod_16/sparity_0.0/inr_mod_16KODAK_ROI_Global_new_struture_7_12_3_33_orderconcat_operator_0_pw_0.0001_img_object9.pth
Trained the image with PSNR: 39.45460717022561  latent bits 1.4766724109649658 latent bits number 774201.625
[39.02613512607541, 37.535055841010774, 39.55669893595557, 39.45460717022561]
[1.429331660270691, 2.565922975540161, 1.0526764392852783, 1.4766724109649658]
[749381.4375, 1345282.625, 551905.625, 774201.625]
load the model: ./saved/modbase_7/context_16_arm_mod_16/sparity_0.0/inr_mod_16KODAK_ROI_Global_new_struture_7_12_3_33_orderconcat_operator_0_pw_0.0001_img_object9.pth for the  9 -th image
********************Evalutation with quantization
********************Starting quantizing models
eval_object_psnr: 39.45184487453116
full_image_psnr: 39.45184487453116
object_psnr: 39.45184487453116
background_psnr: 100.0
********************Evaluation the Image 9-th, BEST PSNR: 39.451845, Print rate 1.477324, Network rate 0.022327. *************************
Evaluate the image: PSNR: 39.45184487453116 All bits: 1.4996516704559326  latent bits: 1.4773242473602295  network bits: 0.022327423095703125
Evaluate arm network bits: 0.00960540771484375 Evaluate synthesis network bits: 0.011556625366210938
Image All bits num: 786249.375 latent bits num: 774543.375 mlp bits num: 11706.0 border bits num:
arm bits num: 5036.0 synthesis bits num: 6059.0
[39.02365021997348, 37.532001299716434, 39.55204287036513, 39.45184487453116]
[1.4518802165985107, 2.5889439582824707, 1.0754908323287964, 1.4996516704559326]
[761203.375, 1357352.25, 563866.9375, 786249.375]
Metrics saved to ./experiments/02/results.csv
Current eval Ave PSNR: 38.88988481614655 Ave Bits 1.6539916694164276
Namespace(batch_size=1, lr=0.01, data='../data', sparsity=0.0, local_upsampling_kernel_size=8, upsampling_kernel_size=8, static_upsampling_kernel=False, latent_factor=1, mod_base=7, highest_flag=1, context_arm=16, dim_arm_mod=16, use_candidate=True, type='other', mod_hid_layer=0, sythesis_features=12, hidden_features=64, hidden_layer=2, scale=1, lambda_rate=0.0001, lambda_rate_list=[0.00406, 0.00208, 0.0001], start_index=0, mask_type='full', wsmse_tag=0, swhdc_tag=0, swhdc_dilations=[1, 2, 3, 4], erp_upsampling=0, erp_phi_ref=30.0, workdir='./experiments/02', train_steps_1=1000, train_steps_2=1000, patch_h=512, patch_w=1024, all_pix_num=524288, eval_pix_num=524288)
Directory './saved/modbase_7/context_16_arm_mod_16' already exists.
Directory './saved/modbase_7/context_16_arm_mod_16/sparity_0.0' already exists.
top %: 0.0

🔁 Stage-1 Training Candidate 1/7
Quantizer parameter: encoding gain  16
total pixel: 524288
Get Mod with shape torch.Size([1, 1, 8, 16]) at layer: 1
Get Mod with shape torch.Size([1, 1, 16, 32]) at layer: 2
Get Mod with shape torch.Size([1, 1, 32, 64]) at layer: 3
Get Mod with shape torch.Size([1, 1, 64, 128]) at layer: 4
Get Mod with shape torch.Size([1, 1, 128, 256]) at layer: 5
Get Mod with shape torch.Size([1, 1, 256, 512]) at layer: 6
Get Mod with shape torch.Size([1, 1, 512, 1024]) at layer: 7
start temperature: 0.3 noise parameter: 2.0
end temperature: 0.3 noise parameter: 2.0
********************Start from stage I
Step 400, BEST PSNR: 33.590941, Total loss 0.000615 with its rate 1.197827935218811 latent_bits 628006.8125

🔁 Stage-1 Training Candidate 2/7
Quantizer parameter: encoding gain  16
total pixel: 524288
Get Mod with shape torch.Size([1, 1, 8, 16]) at layer: 1
Get Mod with shape torch.Size([1, 1, 16, 32]) at layer: 2
Get Mod with shape torch.Size([1, 1, 32, 64]) at layer: 3
Get Mod with shape torch.Size([1, 1, 64, 128]) at layer: 4
Get Mod with shape torch.Size([1, 1, 128, 256]) at layer: 5
Get Mod with shape torch.Size([1, 1, 256, 512]) at layer: 6
Get Mod with shape torch.Size([1, 1, 512, 1024]) at layer: 7
start temperature: 0.3 noise parameter: 2.0
end temperature: 0.3 noise parameter: 2.0
********************Start from stage I
Step 400, BEST PSNR: 32.224146, Total loss 0.000880 with its rate 1.3698594570159912 latent_bits 718200.875

🔁 Stage-1 Training Candidate 3/7
Quantizer parameter: encoding gain  16
total pixel: 524288
Get Mod with shape torch.Size([1, 1, 8, 16]) at layer: 1
Get Mod with shape torch.Size([1, 1, 16, 32]) at layer: 2
Get Mod with shape torch.Size([1, 1, 32, 64]) at layer: 3
Get Mod with shape torch.Size([1, 1, 64, 128]) at layer: 4
Get Mod with shape torch.Size([1, 1, 128, 256]) at layer: 5
Get Mod with shape torch.Size([1, 1, 256, 512]) at layer: 6
Get Mod with shape torch.Size([1, 1, 512, 1024]) at layer: 7
start temperature: 0.3 noise parameter: 2.0
end temperature: 0.3 noise parameter: 2.0
********************Start from stage I
Step 400, BEST PSNR: 35.270470, Total loss 0.000417 with its rate 1.2063450813293457 latent_bits 632472.25

🔁 Stage-1 Training Candidate 4/7
Quantizer parameter: encoding gain  16
total pixel: 524288
Get Mod with shape torch.Size([1, 1, 8, 16]) at layer: 1
Get Mod with shape torch.Size([1, 1, 16, 32]) at layer: 2
Get Mod with shape torch.Size([1, 1, 32, 64]) at layer: 3
Get Mod with shape torch.Size([1, 1, 64, 128]) at layer: 4
Get Mod with shape torch.Size([1, 1, 128, 256]) at layer: 5
Get Mod with shape torch.Size([1, 1, 256, 512]) at layer: 6
Get Mod with shape torch.Size([1, 1, 512, 1024]) at layer: 7
start temperature: 0.3 noise parameter: 2.0
end temperature: 0.3 noise parameter: 2.0
********************Start from stage I
Step 400, BEST PSNR: 30.069867, Total loss 0.001721 with its rate 1.2827346324920654 latent_bits 672522.375

🔁 Stage-1 Training Candidate 5/7
Quantizer parameter: encoding gain  16
total pixel: 524288
Get Mod with shape torch.Size([1, 1, 8, 16]) at layer: 1
Get Mod with shape torch.Size([1, 1, 16, 32]) at layer: 2
Get Mod with shape torch.Size([1, 1, 32, 64]) at layer: 3
Get Mod with shape torch.Size([1, 1, 64, 128]) at layer: 4
Get Mod with shape torch.Size([1, 1, 128, 256]) at layer: 5
Get Mod with shape torch.Size([1, 1, 256, 512]) at layer: 6
Get Mod with shape torch.Size([1, 1, 512, 1024]) at layer: 7
start temperature: 0.3 noise parameter: 2.0
end temperature: 0.3 noise parameter: 2.0
********************Start from stage I
Step 400, BEST PSNR: 36.568062, Total loss 0.000310 with its rate 1.1387085914611816 latent_bits 597011.25

🔁 Stage-1 Training Candidate 6/7
Quantizer parameter: encoding gain  16
total pixel: 524288
Get Mod with shape torch.Size([1, 1, 8, 16]) at layer: 1
Get Mod with shape torch.Size([1, 1, 16, 32]) at layer: 2
Get Mod with shape torch.Size([1, 1, 32, 64]) at layer: 3
Get Mod with shape torch.Size([1, 1, 64, 128]) at layer: 4
Get Mod with shape torch.Size([1, 1, 128, 256]) at layer: 5
Get Mod with shape torch.Size([1, 1, 256, 512]) at layer: 6
Get Mod with shape torch.Size([1, 1, 512, 1024]) at layer: 7
start temperature: 0.3 noise parameter: 2.0
end temperature: 0.3 noise parameter: 2.0
********************Start from stage I
Step 400, BEST PSNR: 31.497852, Total loss 0.001039 with its rate 1.3608044385910034 latent_bits 713453.4375

🔁 Stage-1 Training Candidate 7/7
Quantizer parameter: encoding gain  16
total pixel: 524288
Get Mod with shape torch.Size([1, 1, 8, 16]) at layer: 1
Get Mod with shape torch.Size([1, 1, 16, 32]) at layer: 2
Get Mod with shape torch.Size([1, 1, 32, 64]) at layer: 3
Get Mod with shape torch.Size([1, 1, 64, 128]) at layer: 4
Get Mod with shape torch.Size([1, 1, 128, 256]) at layer: 5
Get Mod with shape torch.Size([1, 1, 256, 512]) at layer: 6
Get Mod with shape torch.Size([1, 1, 512, 1024]) at layer: 7
start temperature: 0.3 noise parameter: 2.0
end temperature: 0.3 noise parameter: 2.0
********************Start from stage I
Step 400, BEST PSNR: 37.131968, Total loss 0.000298 with its rate 1.1481287479400635 latent_bits 601950.125

🌟 Selected Top-3 Candidates by RD cost

🎯 Stage-2 Refining Candidate 1/3
start temperature: 0.3 noise parameter: 2.0
end temperature: 0.3 noise parameter: 2.0
********************Start from stage I
Step 400, BEST PSNR: 38.872925, Total loss 0.000234 with its rate 1.1434732675552368 latent_bits 599509.3125

🎯 Stage-2 Refining Candidate 2/3
start temperature: 0.3 noise parameter: 2.0
end temperature: 0.3 noise parameter: 2.0
********************Start from stage I
Step 400, BEST PSNR: 36.721715, Total loss 0.000313 with its rate 1.1612515449523926 latent_bits 608830.25

🎯 Stage-2 Refining Candidate 3/3
start temperature: 0.3 noise parameter: 2.0
end temperature: 0.3 noise parameter: 2.0
********************Start from stage I
Step 400, BEST PSNR: 39.304255, Total loss 0.000223 with its rate 1.1741827726364136 latent_bits 615609.9375

🏆 Best Candidate Final PSNR: 39.30, Rate: 1.1742
Masked_INR(
  (upsampling_2d): Upsampling(
    (conv_transpose2d): UpsamplingConvTranspose2d()
  )
  (arm): Arm(
    (mlp): Sequential(
      (0): ArmConv(
        (conv1_1): Conv1d(16, 16, kernel_size=(1,), stride=(1,))
      )
      (1): GELU(approximate='none')
      (2): ArmConv(
        (conv1_1): Conv1d(16, 16, kernel_size=(1,), stride=(1,))
      )
      (3): GELU(approximate='none')
      (4): ArmConv(
        (conv1_1): Conv1d(16, 2, kernel_size=(1,), stride=(1,))
      )
    )
  )
  (conv_mod): LocalGlobalBlock(
    (net): Sequential(
      (0): SynthesisLayer(
        (pad): ReplicationPad2d((0, 0, 0, 0))
        (conv_layer): Conv2d(2, 3, kernel_size=(1, 1), stride=(1, 1))
        (non_linearity): GELU(approximate='none')
      )
      (1): SynthesisResidualLayer(
        (pad): ReplicationPad2d((0, 0, 0, 0))
        (conv_layer): Conv2d(3, 3, kernel_size=(1, 1), stride=(1, 1))
        (non_linearity): GELU(approximate='none')
      )
      (2): SynthesisResidualLayer(
        (pad): ReplicationPad2d((0, 0, 0, 0))
        (conv_layer): Conv2d(3, 3, kernel_size=(1, 1), stride=(1, 1))
        (non_linearity): GELU(approximate='none')
      )
      (3): SynthesisResidualLayer(
        (pad): ReplicationPad2d((0, 0, 0, 0))
        (conv_layer): Conv2d(3, 3, kernel_size=(1, 1), stride=(1, 1))
        (non_linearity): Identity()
      )
    )
    (global_net): Sequential(
      (0): SynthesisLayer(
        (pad): ReplicationPad2d((0, 0, 0, 0))
        (conv_layer): Conv2d(2, 3, kernel_size=(1, 1), stride=(1, 1))
        (non_linearity): GELU(approximate='none')
      )
      (1): SynthesisResidualLayer(
        (pad): ReplicationPad2d((0, 0, 0, 0))
        (conv_layer): Conv2d(3, 3, kernel_size=(1, 1), stride=(1, 1))
        (non_linearity): GELU(approximate='none')
      )
      (2): SynthesisResidualLayer(
        (pad): ReplicationPad2d((0, 0, 0, 0))
        (conv_layer): Conv2d(3, 3, kernel_size=(1, 1), stride=(1, 1))
        (non_linearity): GELU(approximate='none')
      )
      (3): SynthesisResidualLayer(
        (pad): ReplicationPad2d((0, 0, 0, 0))
        (conv_layer): Conv2d(3, 3, kernel_size=(1, 1), stride=(1, 1))
        (non_linearity): Identity()
      )
    )
    (agg_func): Sequential(
      (0): SynthesisLayer(
        (pad): ReplicationPad2d((0, 0, 0, 0))
        (conv_layer): Conv2d(18, 3, kernel_size=(1, 1), stride=(1, 1))
        (non_linearity): GELU(approximate='none')
      )
      (1): SynthesisLayer(
        (pad): ReplicationPad2d((0, 0, 0, 0))
        (conv_layer): Conv2d(21, 3, kernel_size=(1, 1), stride=(1, 1))
        (non_linearity): GELU(approximate='none')
      )
      (2): SynthesisLayer(
        (pad): ReplicationPad2d((0, 0, 0, 0))
        (conv_layer): Conv2d(24, 3, kernel_size=(1, 1), stride=(1, 1))
        (non_linearity): GELU(approximate='none')
      )
    )
    (full_net): Sequential(
      (0): SynthesisLayer(
        (pad): ReplicationPad2d((0, 0, 0, 0))
        (conv_layer): Conv2d(7, 12, kernel_size=(1, 1), stride=(1, 1))
        (non_linearity): GELU(approximate='none')
      )
      (1): SynthesisLayer(
        (pad): ReplicationPad2d((0, 0, 0, 0))
        (conv_layer): Conv2d(12, 3, kernel_size=(1, 1), stride=(1, 1))
        (non_linearity): GELU(approximate='none')
      )
      (2): SynthesisResidualLayer(
        (pad): ReplicationPad2d((1, 1, 1, 1))
        (conv_layer): Conv2d(3, 3, kernel_size=(3, 3), stride=(1, 1))
        (non_linearity): GELU(approximate='none')
      )
      (3): SynthesisResidualLayer(
        (pad): ReplicationPad2d((1, 1, 1, 1))
        (conv_layer): Conv2d(3, 3, kernel_size=(3, 3), stride=(1, 1))
        (non_linearity): GELU(approximate='none')
      )
    )
  )
  (modulation_sf): ParameterList(
      (0): Parameter containing: [torch.float32 of size 1x1x8x16 (cuda:0)]
      (1): Parameter containing: [torch.float32 of size 1x1x16x32 (cuda:0)]
      (2): Parameter containing: [torch.float32 of size 1x1x32x64 (cuda:0)]
      (3): Parameter containing: [torch.float32 of size 1x1x64x128 (cuda:0)]
      (4): Parameter containing: [torch.float32 of size 1x1x128x256 (cuda:0)]
      (5): Parameter containing: [torch.float32 of size 1x1x256x512 (cuda:0)]
      (6): Parameter containing: [torch.float32 of size 1x1x512x1024 (cuda:0)]
  )
)
train the 12 -th image
start temperature: 0.3 noise parameter: 2.0
end temperature: 0.1 noise parameter: 1.0
********************Start from stage I
********************going into stage II
eval_object_psnr: 40.25206781081821
eval_background_psnr: 100.0
eval_background_psnr: 100.0
********************Evaluation the Image 12-th, after Step 999, BEST PSNR: 40.252068, Print rate 1.130370. *************************
Saved model at ./saved/modbase_7/context_16_arm_mod_16/sparity_0.0/inr_mod_16KODAK_ROI_Global_new_struture_7_12_3_33_orderconcat_operator_0_pw_0.0001_img_object12.pth
Trained the image with PSNR: 40.25206781081821  latent bits 1.1303696632385254 latent bits number 592639.25
[39.02613512607541, 37.535055841010774, 39.55669893595557, 39.45460717022561, 40.25206781081821]
[1.429331660270691, 2.565922975540161, 1.0526764392852783, 1.4766724109649658, 1.1303696632385254]
[749381.4375, 1345282.625, 551905.625, 774201.625, 592639.25]
load the model: ./saved/modbase_7/context_16_arm_mod_16/sparity_0.0/inr_mod_16KODAK_ROI_Global_new_struture_7_12_3_33_orderconcat_operator_0_pw_0.0001_img_object12.pth for the  12 -th image
********************Evalutation with quantization
********************Starting quantizing models
eval_object_psnr: 40.24906237320227
full_image_psnr: 40.24906237320227
object_psnr: 40.24906237320227
background_psnr: 100.0
********************Evaluation the Image 12-th, BEST PSNR: 40.249062, Print rate 1.131394, Network rate 0.020315. *************************
Evaluate the image: PSNR: 40.24906237320227 All bits: 1.1517088413238525  latent bits: 1.1313936710357666  network bits: 0.020315170288085938
Evaluate arm network bits: 0.008451461791992188 Evaluate synthesis network bits: 0.010824203491210938
Image All bits num: 603827.125 latent bits num: 593176.125 mlp bits num: 10651.0 border bits num:
arm bits num: 4431.0 synthesis bits num: 5675.0
[39.02365021997348, 37.532001299716434, 39.55204287036513, 39.45184487453116, 40.24906237320227]
[1.4518802165985107, 2.5889439582824707, 1.0754908323287964, 1.4996516704559326, 1.1517088413238525]
[761203.375, 1357352.25, 563866.9375, 786249.375, 603827.125]
Metrics saved to ./experiments/02/results.csv
Current eval Ave PSNR: 39.16172032755769 Ave Bits 1.5535351037979126
.......Copmlete all dataset training......
Ave Training PSNR: 39.16491297681712 Ave Training Bits 1.5309946298599244
Training PSNR: [39.02613512607541, 37.535055841010774, 39.55669893595557, 39.45460717022561, 40.25206781081821]
Training rate: [1.429331660270691, 2.565922975540161, 1.0526764392852783, 1.4766724109649658, 1.1303696632385254]
Evalutation: Ave Eval PSNR: 39.16172032755769 Ave Eval all bits: 1.5535351037979126 Ave Eval Bits 1.5316921472549438 Ave Eval Network 0.02184295654296875
Eval All PSNR: [39.02365021997348, 37.532001299716434, 39.55204287036513, 39.45184487453116, 40.24906237320227]
Eval All rate [1.4518802165985107, 2.5889439582824707, 1.0754908323287964, 1.4996516704559326, 1.1517088413238525]
Eval Latent rate [1.4303061962127686, 2.566380023956299, 1.0530565977096558, 1.4773242473602295, 1.1313936710357666]
Eval MLP rate [0.021574020385742188, 0.022563934326171875, 0.022434234619140625, 0.022327423095703125, 0.020315170288085938]
======== ALL Results ========
Lambda = 0.00406:
  all_psnr: [28.669144852412334, 27.110614586903207, 30.239182288003416, 29.317702064300864, 29.97104999769194]
  all_rate: [0.17680320143699646, 0.44407808780670166, 0.14551664888858795, 0.14757803082466125, 0.13772517442703247]
  all_rate_num: [92695.796875, 232824.8125, 76292.6328125, 77373.390625, 72207.65625]
  eval_all_psnr: [28.653091501917455, 27.105775714582535, 30.20884805340464, 29.28836402316212, 29.949514681314913]
  eval_all_y_rate: [0.17723554372787476, 0.4452762305736542, 0.1466398537158966, 0.14817142486572266, 0.1383882462978363]
  eval_all_y_rate_num: [92922.46875, 233452.984375, 76881.515625, 77684.5, 72555.296875]
  eval_all_mlp_rate: [0.017663955688476562, 0.017793655395507812, 0.0167388916015625, 0.016147613525390625, 0.016305923461914062]
  eval_all_mlp_rate_num: [9261.0, 9329.0, 8776.0, 8466.0, 8549.0]
  eval_all_arm_rate: [0.0076618194580078125, 0.007732391357421875, 0.0075397491455078125, 0.00757598876953125, 0.0076236724853515625]
  eval_all_arm_rate_num: [4017.0, 4054.0, 3953.0, 3972.0, 3997.0]
  eval_all_conv_rate: [0.009166717529296875, 0.0092010498046875, 0.00812530517578125, 0.0077152252197265625, 0.0078277587890625]
  eval_all_conv_rate_num: [4806.0, 4824.0, 4260.0, 4045.0, 4104.0]
  eval_all_border_rate: [0.0, 0.0, 0.0, 0.0, 0.0]
  eval_all_border_rate_num: [0, 0, 0, 0, 0]
  eval_all_total_rate [[0.19489949941635132], [0.19489949941635132, 0.463069885969162], [0.19489949941635132, 0.463069885969162, 0.1633787453174591], [0.19489949941635132, 0.463069885969162, 0.1633787453174591, 0.16431903839111328], [0.19489949941635132, 0.463069885969162, 0.1633787453174591, 0.16431903839111328, 0.15469416975975037]]
  eval_all_total_rate_num [[102183.46875], [102183.46875, 242781.984375], [102183.46875, 242781.984375, 85657.515625], [102183.46875, 242781.984375, 85657.515625, 86150.5], [102183.46875, 242781.984375, 85657.515625, 86150.5, 81104.296875]]
---------------------------------
Lambda = 0.00208:
  all_psnr: [31.206718914416555, 29.46536765296622, 32.51467830451427, 30.834551878009183, 32.48168149875787]
  all_rate: [0.3240654766559601, 0.7467812299728394, 0.26031285524368286, 0.2696656882762909, 0.256669819355011]
  all_rate_num: [169903.640625, 391528.4375, 136478.90625, 141382.484375, 134568.90625]
  eval_all_psnr: [31.198781791865404, 29.462573496723014, 32.500234190007774, 30.814544097700036, 32.463992844432745]
  eval_all_y_rate: [0.3248229920864105, 0.7473170757293701, 0.2606215476989746, 0.27060508728027344, 0.2571451663970947]
  eval_all_y_rate_num: [170300.796875, 391809.375, 136640.75, 141875.0, 134818.125]
  eval_all_mlp_rate: [0.018327713012695312, 0.019479751586914062, 0.019411087036132812, 0.017488479614257812, 0.018283843994140625]
  eval_all_mlp_rate_num: [9609.0, 10213.0, 10177.0, 9169.0, 9586.0]
  eval_all_arm_rate: [0.007587432861328125, 0.008707046508789062, 0.008602142333984375, 0.007617950439453125, 0.008756637573242188]
  eval_all_arm_rate_num: [3978.0, 4565.0, 4510.0, 3994.0, 4591.0]
  eval_all_conv_rate: [0.009769439697265625, 0.009698867797851562, 0.009731292724609375, 0.009014129638671875, 0.008556365966796875]
  eval_all_conv_rate_num: [5122.0, 5085.0, 5102.0, 4726.0, 4486.0]
  eval_all_border_rate: [0.0, 0.0, 0.0, 0.0, 0.0]
  eval_all_border_rate_num: [0, 0, 0, 0, 0]
  eval_all_total_rate [[0.34315070509910583], [0.34315070509910583, 0.7667968273162842], [0.34315070509910583, 0.7667968273162842, 0.2800326347351074], [0.34315070509910583, 0.7667968273162842, 0.2800326347351074, 0.28809356689453125], [0.34315070509910583, 0.7667968273162842, 0.2800326347351074, 0.28809356689453125, 0.27542901039123535]]
  eval_all_total_rate_num [[179909.796875], [179909.796875, 402022.375], [179909.796875, 402022.375, 146817.75], [179909.796875, 402022.375, 146817.75, 151044.0], [179909.796875, 402022.375, 146817.75, 151044.0, 144404.125]]
---------------------------------
Lambda = 0.0001:
  all_psnr: [39.02613512607541, 37.535055841010774, 39.55669893595557, 39.45460717022561, 40.25206781081821]
  all_rate: [1.429331660270691, 2.565922975540161, 1.0526764392852783, 1.4766724109649658, 1.1303696632385254]
  all_rate_num: [749381.4375, 1345282.625, 551905.625, 774201.625, 592639.25]
  eval_all_psnr: [39.02365021997348, 37.532001299716434, 39.55204287036513, 39.45184487453116, 40.24906237320227]
  eval_all_y_rate: [1.4303061962127686, 2.566380023956299, 1.0530565977096558, 1.4773242473602295, 1.1313936710357666]
  eval_all_y_rate_num: [749892.375, 1345522.25, 552104.9375, 774543.375, 593176.125]
  eval_all_mlp_rate: [0.021574020385742188, 0.022563934326171875, 0.022434234619140625, 0.022327423095703125, 0.020315170288085938]
  eval_all_mlp_rate_num: [11311.0, 11830.0, 11762.0, 11706.0, 10651.0]
  eval_all_arm_rate: [0.008449554443359375, 0.009412765502929688, 0.009429931640625, 0.00960540771484375, 0.008451461791992188]
  eval_all_arm_rate_num: [4430.0, 4935.0, 4944.0, 5036.0, 4431.0]
  eval_all_conv_rate: [0.012220382690429688, 0.011987686157226562, 0.011959075927734375, 0.011556625366210938, 0.010824203491210938]
  eval_all_conv_rate_num: [6407.0, 6285.0, 6270.0, 6059.0, 5675.0]
  eval_all_border_rate: [0.0, 0.0, 0.0, 0.0, 0.0]
  eval_all_border_rate_num: [0, 0, 0, 0, 0]
  eval_all_total_rate [[1.4518802165985107], [1.4518802165985107, 2.5889439582824707], [1.4518802165985107, 2.5889439582824707, 1.0754908323287964], [1.4518802165985107, 2.5889439582824707, 1.0754908323287964, 1.4996516704559326], [1.4518802165985107, 2.5889439582824707, 1.0754908323287964, 1.4996516704559326, 1.1517088413238525]]
  eval_all_total_rate_num [[761203.375], [761203.375, 1357352.25], [761203.375, 1357352.25, 563866.9375], [761203.375, 1357352.25, 563866.9375, 786249.375], [761203.375, 1357352.25, 563866.9375, 786249.375, 603827.125]]
---------------------------------
