image_name,mask_type,wsmse_tag,swhdc_tag,erp_padding,lambda_rate,train_psnr,train_rate_bpp,train_rate_bits,eval_psnr,eval_wsssim,eval_y_rate_bpp,eval_y_rate_bits,eval_mlp_rate_bpp,eval_mlp_rate_bits,eval_arm_rate_bpp,eval_arm_rate_bits,eval_conv_rate_bpp,eval_conv_rate_bits,eval_border_rate_bpp,eval_border_rate_bits,eval_total_rate_bpp,eval_total_rate_bits,total_steps_1,total_steps_2
othim01,full,0,0,1,0.0035,29.947825737689623,0.200013667345047,104864.765625,29.94260878256004,0.840362012386322,0.2008756399154663,105316.6875,0.019367218017578125,10154.0,0.0078105926513671875,4095.0,0.010461807250976562,5485.0,0.0,0,0.22024285793304443,115470.6875,5000,1000
othim02,full,0,0,1,0.0035,29.841941204920754,0.20044684410095215,105091.875,29.830674274996834,0.8368597030639648,0.20124894380569458,105512.40625,0.019350051879882812,10145.0,0.0079193115234375,4152.0,0.010465621948242188,5487.0,0.0,0,0.2205989956855774,115657.40625,5000,1000
othim03,full,0,0,1,0.0035,29.798950845458084,0.21729348599910736,113924.3671875,29.791341950536303,0.8337334394454956,0.21777227520942688,114175.390625,0.020198822021484375,10590.0,0.009063720703125,4752.0,0.010297775268554688,5399.0,0.0,0,0.23797109723091125,124765.390625,5000,1000
othim04,full,0,0,1,0.0035,27.770268715983644,0.4624951183795929,242480.640625,27.766584605611218,0.8205728530883789,0.46285825967788696,242671.03125,0.02037811279296875,10684.0,0.008922576904296875,4678.0,0.010507583618164062,5509.0,0.0,0,0.4832363724708557,253355.03125,5000,1000
othim05,full,0,0,1,0.0035,28.56479267831799,0.36547577381134033,191614.5625,28.552669908398798,0.8131089210510254,0.3659355938434601,191855.640625,0.019327163696289062,10133.0,0.0089569091796875,4696.0,0.0094146728515625,4936.0,0.0,0,0.38526275753974915,201988.640625,5000,1000
othim06,full,0,0,1,0.0035,28.652633941945357,0.3720126450061798,195041.765625,28.637589528938136,0.8189005255699158,0.372316837310791,195201.25,0.019197463989257812,10065.0,0.008975982666015625,4706.0,0.009271621704101562,4861.0,0.0,0,0.39151430130004883,205266.25,5000,1000
othim07,full,0,0,1,0.0035,31.632899278458268,0.16574695706367493,86899.140625,31.621058813332393,0.891552209854126,0.1660047173500061,87034.28125,0.02068328857421875,10844.0,0.009138107299804688,4791.0,0.010593414306640625,5554.0,0.0,0,0.18668800592422485,97878.28125,5000,1000
othim08,full,0,0,1,0.0035,31.409516602158693,0.13946673274040222,73120.734375,31.396219805428277,0.8853243589401245,0.14036665856838226,73592.5546875,0.019201278686523438,10067.0,0.007862091064453125,4122.0,0.010381698608398438,5443.0,0.0,0,0.1595679372549057,83659.5546875,5000,1000
othim09,full,0,0,1,0.0035,30.658489145218038,0.14421844482421875,75612.0,30.65002409431288,0.8769575953483582,0.14570912718772888,76393.546875,0.0190887451171875,10008.0,0.0077228546142578125,4049.0,0.010526657104492188,5519.0,0.0,0,0.16479787230491638,86401.546875,5000,1000
othim10,full,0,0,1,0.0035,30.115075649686503,0.14625898003578186,76681.828125,30.108808300039456,0.8001460433006287,0.14731000363826752,77232.8671875,0.019191741943359375,10062.0,0.00775909423828125,4068.0,0.010463714599609375,5486.0,0.0,0,0.1665017455816269,87294.8671875,5000,1000
othim11,full,0,0,1,0.0035,29.55480135229668,0.1694260537624359,88828.046875,29.545148690742582,0.7938469648361206,0.17033648490905762,89305.375,0.01998138427734375,10476.0,0.009054183959960938,4747.0,0.010206222534179688,5351.0,0.0,0,0.19031786918640137,99781.375,5000,1000
othim12,full,0,0,1,0.0035,29.433173048649362,0.2024064064025879,106119.25,29.42572750387893,0.7957093119621277,0.20290176570415497,106378.9609375,0.020132064819335938,10555.0,0.008863449096679688,4647.0,0.010293960571289062,5397.0,0.0,0,0.2230338305234909,116933.9609375,5000,1000
othim13,full,0,0,1,0.0035,30.702993776490015,0.1455399990081787,76304.875,30.686028542672393,0.8665353059768677,0.14645378291606903,76783.9609375,0.017824172973632812,9345.0,0.0076465606689453125,4009.0,0.009319305419921875,4886.0,0.0,0,0.16427795588970184,86128.9609375,5000,1000
othim14,full,0,0,1,0.0035,30.549231122602617,0.1429525464773178,74948.3046875,30.538543878962127,0.8674401044845581,0.14413049817085266,75565.890625,0.019098281860351562,10013.0,0.007902145385742188,4143.0,0.0102386474609375,5368.0,0.0,0,0.16322878003120422,85578.890625,5000,1000
othim15,full,0,0,1,0.0035,30.756627587629854,0.15823733806610107,82961.9375,30.736401497185245,0.8679171800613403,0.15924586355686188,83490.6953125,0.018110275268554688,9495.0,0.007846832275390625,4114.0,0.00940704345703125,4932.0,0.0,0,0.17735613882541656,92985.6953125,5000,1000
othim16,full,0,0,1,0.0035,31.35864288958096,0.13812156021595,72415.4765625,31.350144078873626,0.8819365501403809,0.13962070643901825,73201.4609375,0.019062042236328125,9994.0,0.0077724456787109375,4075.0,0.010463714599609375,5486.0,0.0,0,0.15868274867534637,83195.4609375,5000,1000
othim17,full,0,0,1,0.0035,31.080576734697363,0.13282358646392822,69637.8125,31.06036098140278,0.8799719214439392,0.13366460800170898,70078.75,0.018848419189453125,9882.0,0.008930206298828125,4682.0,0.008968353271484375,4702.0,0.0,0,0.1525130271911621,79960.75,5000,1000
othim18,full,0,0,1,0.0035,31.072120302923167,0.1357995867729187,71198.09375,31.04955055034803,0.8786856532096863,0.13608330488204956,71346.84375,0.018880844116210938,9899.0,0.008899688720703125,4666.0,0.009138107299804688,4791.0,0.0,0,0.1549641489982605,81245.84375,5000,1000
othim19,full,0,0,1,0.0035,28.659579246360508,0.36300593614578247,190319.65625,28.646177172818785,0.8339077830314636,0.3634305000305176,190542.25,0.019441604614257812,10193.0,0.0088958740234375,4664.0,0.009616851806640625,5042.0,0.0,0,0.3828721046447754,200735.25,5000,1000
othim20,full,0,0,1,0.0035,28.64610688956888,0.36110353469848633,189322.25,28.636329975036876,0.8340043425559998,0.36179959774017334,189687.1875,0.019100189208984375,10014.0,0.008752822875976562,4589.0,0.009540557861328125,5002.0,0.0,0,0.3808997869491577,199701.1875,5000,1000
othim21,full,0,0,1,0.0035,28.652791297413987,0.37509289383888245,196656.703125,28.636184227987243,0.8356575965881348,0.3764459788799286,197366.109375,0.018133163452148438,9507.0,0.007844924926757812,4113.0,0.00946044921875,4960.0,0.0,0,0.394579142332077,206873.109375,5000,1000
othim22,full,0,0,1,0.0035,31.137587225545747,0.1829659342765808,95926.84375,31.11204897989268,0.8721579313278198,0.18330685794353485,96105.5859375,0.020036697387695312,10505.0,0.008838653564453125,4634.0,0.010234832763671875,5366.0,0.0,0,0.20334355533123016,106610.5859375,5000,1000
othim23,full,0,0,1,0.0035,29.892026639890208,0.17597520351409912,92261.6875,29.884378609052565,0.8583304286003113,0.17693373560905457,92764.234375,0.020666122436523438,10835.0,0.009130477905273438,4787.0,0.010442733764648438,5475.0,0.0,0,0.197599858045578,103599.234375,5000,1000
othim24,full,0,0,1,0.0035,29.177332027003228,0.2647632360458374,138812.1875,29.15578058217388,0.8573789596557617,0.26537907123565674,139135.0625,0.019277572631835938,10107.0,0.008958816528320312,4697.0,0.009618759155273438,5043.0,0.0,0,0.2846566438674927,149242.0625,5000,1000
othim25,full,0,0,1,0.0035,28.003636679892406,0.4066965579986572,213226.125,27.9989470358734,0.8403916358947754,0.4070299565792084,213400.921875,0.020101547241210938,10539.0,0.008922576904296875,4678.0,0.010221481323242188,5359.0,0.0,0,0.4271315038204193,223939.921875,5000,1000
othim26,full,0,0,1,0.0035,28.167440687099056,0.39942467212677,209413.5625,28.154825005196113,0.8445541858673096,0.3999462127685547,209687.0,0.019308090209960938,10123.0,0.0089569091796875,4696.0,0.009387969970703125,4922.0,0.0,0,0.4192543029785156,219810.0,5000,1000
othim27,full,0,0,1,0.0035,28.291787537028053,0.32874631881713867,172357.75,28.283993477827384,0.8214292526245117,0.32898250222206116,172481.578125,0.020032882690429688,10503.0,0.008886337280273438,4659.0,0.010194778442382812,5345.0,0.0,0,0.34901538491249084,182984.578125,5000,1000
othim28,full,0,0,1,0.0035,28.78761519976022,0.32932984828948975,172663.6875,28.78247788396477,0.8439977169036865,0.3305336833000183,173294.84375,0.01904296875,9984.0,0.00786590576171875,4124.0,0.0103759765625,5440.0,0.0,0,0.3495766520500183,183278.84375,5000,1000
othim29,full,0,0,1,0.0035,29.27315708528569,0.3235049247741699,169609.75,29.257485476387263,0.8434821367263794,0.323649525642395,169685.5625,0.0194091796875,10176.0,0.0090789794921875,4760.0,0.009511947631835938,4987.0,0.0,0,0.343058705329895,179861.5625,5000,1000
othim30,full,0,0,1,0.0035,28.76741713595639,0.34742942452430725,182153.078125,28.758775524519933,0.8464306592941284,0.3486230969429016,182778.90625,0.018341064453125,9616.0,0.008020401000976562,4205.0,0.009389877319335938,4923.0,0.0,0,0.3669641613960266,192394.90625,5000,1000
othim01,full,0,0,1,0.005,28.866963004315636,0.14855152368545532,77883.78125,28.85574776089221,0.8118371367454529,0.1495317965745926,78397.7265625,0.01935577392578125,10148.0,0.009008407592773438,4723.0,0.009386062622070312,4921.0,0.0,0,0.16888757050037384,88545.7265625,5000,1000
othim02,full,0,0,1,0.005,28.909648840280454,0.1529206782579422,80174.4765625,28.892235088655664,0.8121106624603271,0.15339410305023193,80422.6875,0.0193939208984375,10168.0,0.009050369262695312,4745.0,0.009496688842773438,4979.0,0.0,0,0.17278802394866943,90590.6875,5000,1000
othim03,full,0,0,1,0.005,28.74489881023184,0.15474940836429596,81133.2578125,28.72837186473414,0.8063053488731384,0.15540698170661926,81478.015625,0.018026351928710938,9451.0,0.007898330688476562,4141.0,0.009395599365234375,4926.0,0.0,0,0.1734333336353302,90929.015625,5000,1000
othim04,full,0,0,1,0.005,26.620180209889593,0.36285603046417236,190241.0625,26.60988399550644,0.7771216630935669,0.3641323149204254,190910.203125,0.018192291259765625,9538.0,0.00789642333984375,4140.0,0.009471893310546875,4966.0,0.0,0,0.38232460618019104,200448.203125,5000,1000
othim05,full,0,0,1,0.005,27.338237104475628,0.2737382650375366,143517.6875,27.331685432749754,0.7694681882858276,0.275028258562088,144194.015625,0.018339157104492188,9615.0,0.0079193115234375,4152.0,0.009449005126953125,4954.0,0.0,0,0.2933674156665802,153809.015625,5000,1000
othim06,full,0,0,1,0.005,27.549674430043996,0.28339236974716187,148579.21875,27.544918215002507,0.7790209054946899,0.2848789691925049,149358.625,0.0191650390625,10048.0,0.008014678955078125,4202.0,0.010309219360351562,5405.0,0.0,0,0.3040440082550049,159406.625,5000,1000
othim07,full,0,0,1,0.005,30.467814562605895,0.1264825016260147,66313.2578125,30.447639438036862,0.8723304271697998,0.1268787384033203,66521.0,0.019380569458007812,10161.0,0.008886337280273438,4659.0,0.009649276733398438,5059.0,0.0,0,0.14625930786132812,76682.0,5000,1000
othim08,full,0,0,1,0.005,30.390396549554165,0.11182481050491333,58628.40625,30.367581594784795,0.8662914037704468,0.11233615130186081,58896.49609375,0.01922607421875,10080.0,0.009027481079101562,4733.0,0.009363174438476562,4909.0,0.0,0,0.1315622255206108,68976.49609375,5000,1000
othim09,full,0,0,1,0.005,30.08444501361063,0.1179976761341095,61864.765625,30.061586303162212,0.8633257150650024,0.11867573857307434,62220.265625,0.0182342529296875,9560.0,0.00801849365234375,4204.0,0.009265899658203125,4858.0,0.0,0,0.13690999150276184,71780.265625,5000,1000
othim10,full,0,0,1,0.005,29.34330580498758,0.11337122321128845,59439.171875,29.32116968340792,0.7716278433799744,0.11443254351615906,59995.609375,0.018285751342773438,9587.0,0.007843017578125,4112.0,0.00946807861328125,4964.0,0.0,0,0.1327182948589325,69582.609375,5000,1000
othim11,full,0,0,1,0.005,28.97025028235537,0.12875624001026154,67505.3515625,28.95111216148804,0.7672555446624756,0.12924529612064362,67761.7578125,0.018312454223632812,9601.0,0.0078277587890625,4104.0,0.009641647338867188,5055.0,0.0,0,0.14755775034427643,77362.7578125,5000,1000
othim12,full,0,0,1,0.005,28.54616264110891,0.144954651594162,75997.984375,28.528628360447954,0.7643544673919678,0.14540304243564606,76233.0703125,0.019092559814453125,10010.0,0.00897216796875,4704.0,0.009130477905273438,4787.0,0.0,0,0.16449560225009918,86243.0703125,5000,1000
othim13,full,0,0,1,0.005,29.858279808175514,0.11793152242898941,61830.08203125,29.837766232953218,0.8514378070831299,0.11882828176021576,62300.2421875,0.017946243286132812,9409.0,0.00777435302734375,4076.0,0.009449005126953125,4954.0,0.0,0,0.13677452504634857,71709.2421875,5000,1000
othim14,full,0,0,1,0.005,29.960636008548487,0.11826077103614807,62002.703125,29.95157447242086,0.8532633185386658,0.1184653788805008,62109.9765625,0.0194091796875,10176.0,0.009012222290039062,4725.0,0.009429931640625,4944.0,0.0,0,0.1378745585680008,72285.9765625,5000,1000
othim15,full,0,0,1,0.005,29.99033131960419,0.1184038370847702,62077.7109375,29.975795081576255,0.8545626401901245,0.11964382976293564,62727.82421875,0.018177032470703125,9530.0,0.007940292358398438,4163.0,0.009428024291992188,4943.0,0.0,0,0.13782086223363876,72257.82421875,5000,1000
othim16,full,0,0,1,0.005,30.415620480245355,0.10804760456085205,56648.0625,30.39425249802456,0.8658102750778198,0.10908997058868408,57194.5625,0.01812744140625,9504.0,0.007839202880859375,4110.0,0.009447097778320312,4953.0,0.0,0,0.12721741199493408,66698.5625,5000,1000
othim17,full,0,0,1,0.005,30.557072358280852,0.10799378156661987,56619.84375,30.51291352911407,0.8687939643859863,0.10834592580795288,56804.46875,0.018499374389648438,9699.0,0.008974075317382812,4705.0,0.008562088012695312,4489.0,0.0,0,0.12684530019760132,66503.46875,5000,1000
othim18,full,0,0,1,0.005,30.550201875872926,0.10558569431304932,55357.3125,30.523267296781015,0.8681219816207886,0.10683447867631912,56012.03515625,0.017839431762695312,9353.0,0.007877349853515625,4130.0,0.00913238525390625,4788.0,0.0,0,0.12467391043901443,65365.03515625,5000,1000
othim19,full,0,0,1,0.005,27.143926287885126,0.25561752915382385,134017.203125,27.14063824573564,0.7890111804008484,0.25590959191322327,134170.328125,0.020494461059570312,10745.0,0.0090789794921875,4760.0,0.010442733764648438,5475.0,0.0,0,0.2764040529727936,144915.328125,5000,1000
othim20,full,0,0,1,0.005,27.049720445026725,0.2567964196205139,134635.28125,27.042913148873527,0.7879597544670105,0.2578849792480469,135206.0,0.019130706787109375,10030.0,0.008876800537109375,4654.0,0.009410858154296875,4934.0,0.0,0,0.27701568603515625,145236.0,5000,1000
othim21,full,0,0,1,0.005,27.383561524752903,0.282434344291687,148076.9375,27.356589666220184,0.7947341799736023,0.28305673599243164,148403.25,0.017133712768554688,8983.0,0.007932662963867188,4159.0,0.008371353149414062,4389.0,0.0,0,0.30019044876098633,157386.25,5000,1000
othim22,full,0,0,1,0.005,30.129408420354498,0.13792409002780914,72311.9453125,30.096270278927776,0.8560814261436462,0.13821765780448914,72465.859375,0.01923370361328125,10084.0,0.008974075317382812,4705.0,0.009296417236328125,4874.0,0.0,0,0.15745136141777039,82549.859375,5000,1000
othim23,full,0,0,1,0.005,29.31557019419903,0.14330515265464783,75133.171875,29.305552301036496,0.8394381999969482,0.14384496212005615,75416.1875,0.020282745361328125,10634.0,0.008882522583007812,4657.0,0.01041412353515625,5460.0,0.0,0,0.16412770748138428,86050.1875,5000,1000
othim24,full,0,0,1,0.005,27.97676886937326,0.17796087265014648,93302.75,27.96979273898063,0.8284232020378113,0.17887569963932037,93782.3828125,0.019369125366210938,10155.0,0.0078887939453125,4136.0,0.010524749755859375,5518.0,0.0,0,0.1982448250055313,103937.3828125,5000,1000
othim25,full,0,0,1,0.005,27.144217663442024,0.3158498704433441,165596.296875,27.14116216135345,0.8142854571342468,0.3164162039756775,165893.21875,0.020416259765625,10704.0,0.009000778198242188,4719.0,0.010583877563476562,5549.0,0.0,0,0.3368324637413025,176597.21875,5000,1000
othim26,full,0,0,1,0.005,27.09562763804902,0.3121700882911682,163667.03125,27.081863367965866,0.8146588206291199,0.31321123242378235,164212.890625,0.018598556518554688,9751.0,0.007898330688476562,4141.0,0.009737014770507812,5105.0,0.0,0,0.33180978894233704,173963.890625,5000,1000
othim27,full,0,0,1,0.005,26.936385586662343,0.22893734276294708,120029.1015625,26.923811116979493,0.790570855140686,0.2302621752023697,120723.6953125,0.018360137939453125,9626.0,0.007884979248046875,4134.0,0.00939178466796875,4924.0,0.0,0,0.24862231314182281,130349.6953125,5000,1000
othim28,full,0,0,1,0.005,27.592809343618786,0.23823802173137665,124905.3359375,27.58626730915488,0.808688759803772,0.23845604062080383,125019.640625,0.0203704833984375,10680.0,0.009168624877929688,4807.0,0.01038360595703125,5444.0,0.0,0,0.25882652401924133,135699.640625,5000,1000
othim29,full,0,0,1,0.005,28.059952368185293,0.24069678783416748,126194.4375,28.047665805629777,0.8101339340209961,0.2409605085849762,126332.703125,0.01966094970703125,10308.0,0.009134292602539062,4789.0,0.009580612182617188,5023.0,0.0,0,0.26062145829200745,136640.703125,5000,1000
othim30,full,0,0,1,0.005,27.655244997467822,0.25625982880592346,134353.953125,27.6475333417892,0.8122844696044922,0.25725919008255005,134877.90625,0.018045425415039062,9461.0,0.00795745849609375,4172.0,0.009136199951171875,4790.0,0.0,0,0.2753046154975891,144338.90625,5000,1000
othim01,full,0,1,1,0.0035,29.828557879462636,0.20624694228172302,108132.796875,29.819019849261306,0.8383316993713379,0.2068432867527008,108445.453125,0.020784378051757812,10897.0,0.007925033569335938,4155.0,0.01189422607421875,6236.0,0.0,0,0.22762766480445862,119342.453125,5000,1000
othim02,full,0,1,1,0.0035,29.62736382016729,0.1898895502090454,99556.8125,29.604399983269804,0.8347148895263672,0.19012221693992615,99678.796875,0.021053314208984375,11038.0,0.00902557373046875,4732.0,0.011194229125976562,5869.0,0.0,0,0.21117553114891052,110716.796875,5000,1000
othim03,full,0,1,1,0.0035,29.778532502017555,0.21411535143852234,112258.109375,29.761352643321214,0.8347066640853882,0.21464335918426514,112534.9375,0.020151138305664062,10565.0,0.008831024169921875,4630.0,0.010377883911132812,5441.0,0.0,0,0.2347944974899292,123099.9375,5000,1000
othim04,full,0,1,1,0.0035,27.841254470630286,0.4659372866153717,244285.328125,27.838085063433226,0.8231903910636902,0.4670727550983429,244880.640625,0.021734237670898438,11395.0,0.0088653564453125,4648.0,0.011798858642578125,6186.0,0.0,0,0.48880699276924133,256275.640625,5000,1000
othim05,full,0,1,1,0.0035,28.57614964159308,0.367634117603302,192746.15625,28.56342486746793,0.8119760751724243,0.36787673830986023,192873.359375,0.020656585693359375,10830.0,0.009122848510742188,4783.0,0.010702133178710938,5611.0,0.0,0,0.3885333240032196,203703.359375,5000,1000
othim06,full,0,1,1,0.0035,28.58617570176486,0.3726189136505127,195359.625,28.57478571023675,0.8169527053833008,0.3736787438392639,195915.28125,0.020795822143554688,10903.0,0.0090484619140625,4744.0,0.010911941528320312,5721.0,0.0,0,0.3944745659828186,206818.28125,5000,1000
othim07,full,0,1,1,0.0035,31.35387960694858,0.16533440351486206,86682.84375,31.32420235831007,0.887174129486084,0.16621068120002747,87142.265625,0.021055221557617188,11039.0,0.009059906005859375,4750.0,0.011041641235351562,5789.0,0.0,0,0.18726590275764465,98181.265625,5000,1000
othim08,full,0,1,1,0.0035,31.4416408162524,0.14106139540672302,73956.796875,31.401828222798894,0.8852497935295105,0.14174491167068481,74315.15625,0.020738601684570312,10873.0,0.0089111328125,4672.0,0.010866165161132812,5697.0,0.0,0,0.16248351335525513,85188.15625,5000,1000
othim09,full,0,1,1,0.0035,31.38083139175068,0.16369274258613586,85822.140625,31.36074484633761,0.884706974029541,0.16603568196296692,87050.515625,0.018133163452148438,9507.0,0.0067119598388671875,3519.0,0.010463714599609375,5486.0,0.0,0,0.18416884541511536,96557.515625,5000,1000
othim10,full,0,1,1,0.0035,30.04225938537657,0.15398451685905457,80732.234375,30.018242554331625,0.7976200580596924,0.15432393550872803,80910.1875,0.020322799682617188,10655.0,0.008943557739257812,4689.0,0.010412216186523438,5459.0,0.0,0,0.17464673519134521,91565.1875,5000,1000
othim11,full,0,1,1,0.0035,29.61242158137507,0.16866472363471985,88428.890625,29.60578948124972,0.7938685417175293,0.16961374878883362,88926.453125,0.020694732666015625,10850.0,0.007848739624023438,4115.0,0.011880874633789062,6229.0,0.0,0,0.19030848145484924,99776.453125,5000,1000
othim12,full,0,1,1,0.0035,29.409366226632823,0.20303836464881897,106450.578125,29.397169851203667,0.7964221835136414,0.20552203059196472,107752.734375,0.018415451049804688,9655.0,0.0067462921142578125,3537.0,0.010723114013671875,5622.0,0.0,0,0.2239374816417694,117407.734375,5000,1000
othim13,full,0,1,1,0.0035,30.887293075568678,0.15575766563415527,81661.875,30.87314119894431,0.869170606136322,0.1574377417564392,82542.71875,0.019292831420898438,10115.0,0.0076656341552734375,4019.0,0.010778427124023438,5651.0,0.0,0,0.17673057317733765,92657.71875,5000,1000
othim14,full,0,1,1,0.0035,30.802379399244625,0.14387577772140503,75432.34375,30.77833346870339,0.8682615756988525,0.14448046684265137,75749.375,0.02074432373046875,10876.0,0.00902557373046875,4732.0,0.0108795166015625,5704.0,0.0,0,0.16522479057312012,86625.375,5000,1000
othim15,full,0,1,1,0.0035,30.676183528216754,0.1466989815235138,76912.515625,30.658063359545988,0.8680455088615417,0.1469934731721878,77066.9140625,0.020982742309570312,11001.0,0.008876800537109375,4654.0,0.011150360107421875,5846.0,0.0,0,0.16797621548175812,88067.9140625,5000,1000
othim16,full,0,1,1,0.0035,31.149006691133753,0.12928953766822815,67784.953125,31.141189572433607,0.8794560432434082,0.13078145682811737,68567.1484375,0.020050048828125,10512.0,0.0077362060546875,4056.0,0.01148223876953125,6020.0,0.0,0,0.15083150565624237,79079.1484375,5000,1000
othim17,full,0,1,1,0.0035,31.200396779306583,0.1314956545829773,68941.59375,31.177387829458798,0.8800882697105408,0.13177284598350525,69086.921875,0.020885467529296875,10950.0,0.008890151977539062,4661.0,0.011043548583984375,5790.0,0.0,0,0.15265831351280212,80036.921875,5000,1000
othim18,full,0,1,1,0.0035,31.330239336933218,0.13089177012443542,68624.984375,31.305831053346484,0.8823345899581909,0.13119015097618103,68781.421875,0.02010345458984375,10540.0,0.008874893188476562,4653.0,0.01038360595703125,5444.0,0.0,0,0.15129360556602478,79321.421875,5000,1000
othim19,full,0,1,1,0.0035,28.622802846071053,0.37454959750175476,196371.859375,28.601268087429247,0.8335644006729126,0.3749310374259949,196571.84375,0.02050018310546875,10748.0,0.008955001831054688,4695.0,0.010828018188476562,5677.0,0.0,0,0.3954312205314636,207319.84375,5000,1000
othim20,full,0,1,1,0.0035,28.669480099263666,0.3765881657600403,197440.65625,28.6537353382061,0.8313945531845093,0.3768604099750519,197583.390625,0.020252227783203125,10618.0,0.008916854858398438,4675.0,0.01050567626953125,5508.0,0.0,0,0.397112637758255,208201.390625,5000,1000
othim21,full,0,1,1,0.0035,28.61636793148672,0.3896484971046448,204288.03125,28.604879669636762,0.8333799242973328,0.3906245529651642,204799.765625,0.019651412963867188,10303.0,0.00791168212890625,4148.0,0.010793685913085938,5659.0,0.0,0,0.41027596592903137,215102.765625,5000,1000
othim22,full,0,1,1,0.0035,31.114643344677052,0.18085384368896484,94819.5,31.106617543778356,0.8733937740325928,0.18184596300125122,95339.65625,0.020814895629882812,10913.0,0.0077419281005859375,4059.0,0.011989593505859375,6286.0,0.0,0,0.20266085863113403,106252.65625,5000,1000
othim23,full,0,1,1,0.0035,29.997397086674813,0.18552085757255554,97266.359375,29.992419784978193,0.8584567904472351,0.18654680252075195,97804.25,0.021484375,11264.0,0.008775711059570312,4601.0,0.011739730834960938,6155.0,0.0,0,0.20803117752075195,109068.25,5000,1000
othim24,full,0,1,1,0.0035,29.339961829273644,0.26283448934555054,137800.96875,29.331881584609857,0.8609824180603027,0.26335734128952026,138075.09375,0.021900177001953125,11482.0,0.008882522583007812,4657.0,0.0119476318359375,6264.0,0.0,0,0.2852575182914734,149557.09375,5000,1000
othim25,full,0,1,1,0.0035,28.192599897513105,0.4022185504436493,210878.359375,28.17911918635932,0.8432550430297852,0.403179407119751,211382.125,0.01979827880859375,10380.0,0.007976531982421875,4182.0,0.010885238647460938,5707.0,0.0,0,0.4229776859283447,221762.125,5000,1000
othim26,full,0,1,1,0.0035,28.146613814386225,0.40536123514175415,212526.03125,28.14173898863979,0.8433727622032166,0.4058457911014557,212780.078125,0.021814346313476562,11437.0,0.00891876220703125,4676.0,0.011943817138671875,6262.0,0.0,0,0.42766013741493225,224217.078125,5000,1000
othim27,full,0,1,1,0.0035,28.357627867000918,0.33247262239456177,174311.40625,28.35018575757593,0.821890115737915,0.3333277106285095,174759.71875,0.020839691162109375,10926.0,0.007879257202148438,4131.0,0.012111663818359375,6350.0,0.0,0,0.3541674017906189,185685.71875,5000,1000
othim28,full,0,1,1,0.0035,28.84399913132,0.33630362153053284,176319.953125,28.83505439453764,0.8457479476928711,0.33741605281829834,176903.1875,0.020551681518554688,10775.0,0.0079193115234375,4152.0,0.011684417724609375,6126.0,0.0,0,0.357967734336853,187678.1875,5000,1000
othim29,full,0,1,1,0.0035,29.32937212559651,0.3240523338317871,169896.75,29.316293917579326,0.8460432887077332,0.3249959945678711,170391.5,0.01961517333984375,10284.0,0.007974624633789062,4181.0,0.010822296142578125,5674.0,0.0,0,0.34461116790771484,180675.5,5000,1000
othim30,full,0,1,1,0.0035,28.873243761460838,0.3442562222480774,180489.40625,28.855442953300003,0.8486616015434265,0.34444549679756165,180588.640625,0.02053070068359375,10764.0,0.009038925170898438,4739.0,0.01068878173828125,5604.0,0.0,0,0.3649761974811554,191352.640625,5000,1000
othim01,full,0,1,1,0.005,28.747841804658822,0.14869076013565063,77956.78125,28.735658546761467,0.8091143369674683,0.14900857210159302,78123.40625,0.02065277099609375,10828.0,0.008825302124023438,4627.0,0.010746002197265625,5634.0,0.0,0,0.16966134309768677,88951.40625,5000,1000
othim02,full,0,1,1,0.005,28.97829043475278,0.15067219734191895,78995.625,28.96396936526916,0.8136048316955566,0.15127909183502197,79313.8125,0.020952224731445312,10985.0,0.009042739868164062,4741.0,0.011075973510742188,5807.0,0.0,0,0.17223131656646729,90298.8125,5000,1000
othim03,full,0,1,1,0.005,28.650853489995352,0.15308858454227448,80262.5078125,28.636442759188068,0.8037396669387817,0.1540703922510147,80777.2578125,0.01959991455078125,10276.0,0.007902145385742188,4143.0,0.01073455810546875,5628.0,0.0,0,0.17367030680179596,91053.2578125,5000,1000
othim04,full,0,1,1,0.005,26.648753508025322,0.3663197159767151,192057.03125,26.639460009505697,0.7780686616897583,0.3673693537712097,192607.34375,0.019327163696289062,10133.0,0.00791168212890625,4148.0,0.010576248168945312,5545.0,0.0,0,0.3866965174674988,202740.34375,5000,1000
othim05,full,0,1,1,0.005,27.3641690278554,0.2727956473827362,143023.484375,27.353211340431216,0.7705535888671875,0.27299565076828003,143128.34375,0.020799636840820312,10905.0,0.009206771850585938,4827.0,0.010736465454101562,5629.0,0.0,0,0.29379528760910034,154033.34375,5000,1000
othim06,full,0,1,1,0.005,27.434252913134117,0.28018444776535034,146897.34375,27.418477802021624,0.7777552604675293,0.2819669246673584,147831.875,0.019487380981445312,10217.0,0.007879257202148438,4131.0,0.0107574462890625,5640.0,0.0,0,0.3014543056488037,158048.875,5000,1000
othim07,full,0,1,1,0.005,30.164582445424596,0.12171077728271484,63811.5,30.14104477519939,0.8682758212089539,0.12200059741735458,63963.44921875,0.020563125610351562,10781.0,0.008991241455078125,4714.0,0.010744094848632812,5633.0,0.0,0,0.14256372302770615,74744.44921875,5000,1000
othim08,full,0,1,1,0.005,30.456256842561107,0.11090238392353058,58144.7890625,30.436956697797253,0.8672957420349121,0.11110398173332214,58250.484375,0.020536422729492188,10767.0,0.009006500244140625,4722.0,0.010684967041015625,5602.0,0.0,0,0.13164040446281433,69017.484375,5000,1000
othim09,full,0,1,1,0.005,30.119563549384235,0.11867794394493103,62221.421875,30.10319456406728,0.8643765449523926,0.11960960179567337,62709.87890625,0.019639968872070312,10297.0,0.0078125,4096.0,0.010972976684570312,5753.0,0.0,0,0.13924957066774368,73006.87890625,5000,1000
othim10,full,0,1,1,0.005,29.259115175373125,0.11573747545480728,60679.76953125,29.238361389231656,0.7716137170791626,0.11612501740455627,60882.953125,0.020357131958007812,10673.0,0.008985519409179688,4711.0,0.010519027709960938,5515.0,0.0,0,0.1364821493625641,71555.953125,5000,1000
othim11,full,0,1,1,0.005,28.92014708369283,0.13016214966773987,68242.453125,28.899057366159642,0.7661058902740479,0.13112355768680573,68746.5078125,0.019008636474609375,9966.0,0.00780487060546875,4092.0,0.010362625122070312,5433.0,0.0,0,0.1501321941614151,78712.5078125,5000,1000
othim12,full,0,1,1,0.005,28.46163158639921,0.14364631474018097,75312.0390625,28.424111932258118,0.7625634074211121,0.14431039988994598,75660.2109375,0.01873016357421875,9820.0,0.008764266967773438,4595.0,0.009107589721679688,4775.0,0.0,0,0.16304056346416473,85480.2109375,5000,1000
othim13,full,0,1,1,0.005,29.847109562679393,0.11659358441829681,61128.6171875,29.826360594783154,0.8516696691513062,0.11766409128904343,61689.87109375,0.020463943481445312,10729.0,0.008909225463867188,4671.0,0.010589599609375,5552.0,0.0,0,0.13812803477048874,72418.87109375,5000,1000
othim14,full,0,1,1,0.005,30.053294813084012,0.11940200626850128,62601.0390625,30.0079419945515,0.8523566722869873,0.11990216374397278,62863.265625,0.019527435302734375,10238.0,0.009090423583984375,4766.0,0.009616851806640625,5042.0,0.0,0,0.13942959904670715,73101.265625,5000,1000
othim15,full,0,1,1,0.005,29.918902400676952,0.11974090337753296,62778.71875,29.896809813948863,0.8551703691482544,0.11998709291219711,62907.79296875,0.02097320556640625,10996.0,0.009088516235351562,4765.0,0.011045455932617188,5791.0,0.0,0,0.14096029847860336,73903.79296875,5000,1000
othim16,full,0,1,1,0.005,30.51275766716005,0.10668245702981949,55932.33203125,30.486428845266445,0.8676266670227051,0.10728182643651962,56246.57421875,0.019231796264648438,10083.0,0.007822036743164062,4101.0,0.01056671142578125,5540.0,0.0,0,0.12651362270116806,66329.57421875,5000,1000
othim17,full,0,1,1,0.005,30.426705562930547,0.1069386899471283,56066.671875,30.413990969168662,0.867652416229248,0.1090579405426979,57177.76953125,0.01865386962890625,9780.0,0.0067157745361328125,3521.0,0.010980606079101562,5757.0,0.0,0,0.12771181017160416,66957.76953125,5000,1000
othim18,full,0,1,1,0.005,30.59039140110828,0.10833680629730225,56799.6875,30.56531015133707,0.8693728446960449,0.10915790498256683,57230.1796875,0.019407272338867188,10175.0,0.007841110229492188,4111.0,0.010740280151367188,5631.0,0.0,0,0.12856517732143402,67405.1796875,5000,1000
othim19,full,0,1,1,0.005,27.462564863180518,0.28199219703674316,147845.125,27.446708088709105,0.7966980338096619,0.28225016593933105,147980.375,0.020353317260742188,10671.0,0.008970260620117188,4703.0,0.010532379150390625,5522.0,0.0,0,0.30260348320007324,158651.375,5000,1000
othim20,full,0,1,1,0.005,27.448603484168107,0.2856289744377136,149751.84375,27.431351104880587,0.7934919595718384,0.28650906682014465,150213.265625,0.019643783569335938,10299.0,0.007951736450195312,4169.0,0.010852813720703125,5690.0,0.0,0,0.3061528503894806,160512.265625,5000,1000
othim21,full,0,1,1,0.005,27.34527983984701,0.2867000102996826,150313.375,27.335872725166894,0.7946944236755371,0.287659615278244,150816.484375,0.020658493041992188,10831.0,0.00887298583984375,4652.0,0.010831832885742188,5679.0,0.0,0,0.3083181083202362,161647.484375,5000,1000
othim22,full,0,1,1,0.005,29.801279631912013,0.13045889139175415,68398.03125,29.764501707175416,0.8533307313919067,0.13167954981327057,69038.0078125,0.019269943237304688,10103.0,0.0077991485595703125,4089.0,0.0106201171875,5568.0,0.0,0,0.15094949305057526,79141.0078125,5000,1000
othim23,full,0,1,1,0.005,29.310374114926756,0.1470278948545456,77084.9609375,29.286451093918846,0.8374683260917664,0.14753097295761108,77348.71875,0.020717620849609375,10862.0,0.0089263916015625,4680.0,0.01084136962890625,5684.0,0.0,0,0.16824859380722046,88210.71875,5000,1000
othim24,full,0,1,1,0.005,28.089281201402752,0.18517524003982544,97085.15625,28.08467807431451,0.8299999237060547,0.18536436557769775,97184.3125,0.021841049194335938,11451.0,0.009035110473632812,4737.0,0.011829376220703125,6202.0,0.0,0,0.2072054147720337,108635.3125,5000,1000
othim25,full,0,1,1,0.005,27.13093000067427,0.3057735562324524,160313.40625,27.11710510641896,0.8144015073776245,0.3061617910861969,160516.953125,0.0206298828125,10816.0,0.008937835693359375,4686.0,0.010883331298828125,5706.0,0.0,0,0.3267916738986969,171332.953125,5000,1000
othim26,full,0,1,1,0.005,27.09358663528987,0.3149932622909546,165147.1875,27.075325696028596,0.8142616748809814,0.31554824113845825,165438.15625,0.020395278930664062,10693.0,0.00904083251953125,4740.0,0.010623931884765625,5570.0,0.0,0,0.3359435200691223,176131.15625,5000,1000
othim27,full,0,1,1,0.005,27.33624269833764,0.23931843042373657,125471.78125,27.32017037147155,0.7945588827133179,0.24047555029392242,126078.4453125,0.020914077758789062,10965.0,0.008855819702148438,4643.0,0.0110931396484375,5816.0,0.0,0,0.2613896280527115,137043.4453125,5000,1000
othim28,full,0,1,1,0.005,27.316336090798142,0.21701139211654663,113776.46875,27.300234844976945,0.8030728101730347,0.21799767017364502,114293.5625,0.019269943237304688,10103.0,0.007963180541992188,4175.0,0.010438919067382812,5473.0,0.0,0,0.2372676134109497,124396.5625,5000,1000
othim29,full,0,1,1,0.005,28.0715224399259,0.23609960079193115,123784.1875,28.06103741490922,0.8132963180541992,0.23714925348758698,124334.5078125,0.019762039184570312,10361.0,0.007921218872070312,4153.0,0.01088714599609375,5708.0,0.0,0,0.2569112926721573,134695.5078125,5000,1000
othim30,full,0,1,1,0.005,27.644694009055645,0.25090616941452026,131547.09375,27.638648072266694,0.8139123320579529,0.2522014081478119,132226.171875,0.019565582275390625,10258.0,0.0078125,4096.0,0.010793685913085938,5659.0,0.0,0,0.2717669904232025,142484.171875,5000,1000
othim01,full,1,0,1,0.0035,30.884554252951684,0.24204406142234802,126900.796875,30.8616744402423,0.8582041263580322,0.24280831217765808,127301.484375,0.018289566040039062,9589.0,0.008014678955078125,4202.0,0.009307861328125,4880.0,0.0,0,0.26109787821769714,136890.484375,5000,1000
othim02,full,1,0,1,0.0035,30.79113317070895,0.24018016457557678,125923.578125,30.776507086578125,0.8558266162872314,0.24050205945968628,126092.34375,0.019256591796875,10096.0,0.008993148803710938,4715.0,0.009296417236328125,4874.0,0.0,0,0.2597586512565613,136188.34375,5000,1000
othim03,full,1,0,1,0.0035,30.79805821863114,0.24118754267692566,126451.734375,30.783463707358795,0.8541244268417358,0.24202026426792145,126888.3203125,0.020111083984375,10544.0,0.0090484619140625,4744.0,0.010221481323242188,5359.0,0.0,0,0.26213134825229645,137432.3203125,5000,1000
othim04,full,1,0,1,0.0035,28.296895589719924,0.5027309656143188,263575.8125,28.283970141936937,0.8386077880859375,0.5030344724655151,263734.9375,0.018894195556640625,9906.0,0.008754730224609375,4590.0,0.009191513061523438,4819.0,0.0,0,0.5219286680221558,273640.9375,5000,1000
othim05,full,1,0,1,0.0035,29.121206416722178,0.39769983291625977,208509.25,29.114029853141968,0.8307312726974487,0.39827442169189453,208810.5,0.020124435424804688,10551.0,0.0088958740234375,4664.0,0.01027679443359375,5388.0,0.0,0,0.4183988571166992,219361.5,5000,1000
othim06,full,1,0,1,0.0035,29.2786624008982,0.3943469524383545,206751.375,29.271283933594404,0.8365412950515747,0.3948214054107666,207000.125,0.0194244384765625,10184.0,0.008020401000976562,4205.0,0.010463714599609375,5486.0,0.0,0,0.4142458438873291,217184.125,5000,1000
othim07,full,1,0,1,0.0035,32.23434421749746,0.20388942956924438,106896.78125,32.21350417558505,0.8976010084152222,0.20420053601264954,107059.890625,0.01981353759765625,10388.0,0.008901596069335938,4667.0,0.010084152221679688,5287.0,0.0,0,0.2240140736103058,117447.890625,5000,1000
othim08,full,1,0,1,0.0035,32.634782063387476,0.17904415726661682,93870.703125,32.595977405882316,0.8998176455497742,0.17952439188957214,94122.484375,0.019094467163085938,10011.0,0.009038925170898438,4739.0,0.009260177612304688,4855.0,0.0,0,0.19861885905265808,104133.484375,5000,1000
othim09,full,1,0,1,0.0035,32.32619746233487,0.19265109300613403,101004.65625,32.312709425280296,0.894957423210144,0.19428035616874695,101858.859375,0.019075393676757812,10001.0,0.007974624633789062,4181.0,0.010395050048828125,5450.0,0.0,0,0.21335574984550476,111859.859375,5000,1000
othim10,full,1,0,1,0.0035,30.782626810577842,0.18184877932071686,95341.1328125,30.770482900698365,0.8240684866905212,0.18317240476608276,96035.09375,0.0182647705078125,9576.0,0.0079345703125,4160.0,0.009389877319335938,4923.0,0.0,0,0.20143717527389526,105611.09375,5000,1000
othim11,full,1,0,1,0.0035,30.4360166101127,0.20986708998680115,110030.796875,30.430871580769434,0.8229230642318726,0.21020330488681793,110207.0703125,0.020063400268554688,10519.0,0.009004592895507812,4721.0,0.010213851928710938,5355.0,0.0,0,0.23026670515537262,120726.0703125,5000,1000
othim12,full,1,0,1,0.0035,30.042712179925207,0.2293854057788849,120264.015625,30.02232742530175,0.8196438550949097,0.22979260981082916,120477.5078125,0.018987655639648438,9955.0,0.008930206298828125,4682.0,0.009212493896484375,4830.0,0.0,0,0.2487802654504776,130432.5078125,5000,1000
othim13,full,1,0,1,0.0035,32.21869021776798,0.19947057962417603,104580.03125,32.19708628775528,0.8858846426010132,0.20128557085990906,105531.609375,0.017686843872070312,9273.0,0.0076885223388671875,4031.0,0.00916290283203125,4804.0,0.0,0,0.21897241473197937,114804.609375,5000,1000
othim14,full,1,0,1,0.0035,32.132604699648034,0.19640317559242249,102971.828125,32.06963174549491,0.884091854095459,0.19696013629436493,103263.8359375,0.016790390014648438,8803.0,0.007833480834960938,4107.0,0.008256912231445312,4329.0,0.0,0,0.21375052630901337,112066.8359375,5000,1000
othim15,full,1,0,1,0.0035,32.197132288315515,0.19936032593250275,104522.2265625,32.16841629119492,0.8858659267425537,0.1996316909790039,104664.5,0.01920318603515625,10068.0,0.009052276611328125,4746.0,0.009433746337890625,4946.0,0.0,0,0.21883487701416016,114732.5,5000,1000
othim16,full,1,0,1,0.0035,32.66095697297168,0.17426656186580658,91365.8671875,32.65284466552373,0.8967714309692383,0.1745888590812683,91534.84375,0.020162582397460938,10571.0,0.008855819702148438,4643.0,0.010499954223632812,5505.0,0.0,0,0.19475144147872925,102105.84375,5000,1000
othim17,full,1,0,1,0.0035,32.686669927119134,0.17638465762138367,92476.359375,32.66313083811284,0.8978828191757202,0.17757782340049744,93101.921875,0.018070220947265625,9474.0,0.007856369018554688,4119.0,0.009401321411132812,4929.0,0.0,0,0.19564804434776306,102575.921875,5000,1000
othim18,full,1,0,1,0.0035,32.52804385897894,0.17126822471618652,89793.875,32.49915653385386,0.895719051361084,0.17214325070381165,90252.640625,0.019237518310546875,10086.0,0.008975982666015625,4706.0,0.009426116943359375,4942.0,0.0,0,0.19138076901435852,100338.640625,5000,1000
othim19,full,1,0,1,0.0035,29.32412726115689,0.4067191481590271,213237.96875,29.313655937331998,0.8504899740219116,0.40729498863220215,213539.875,0.020137786865234375,10558.0,0.009096145629882812,4769.0,0.010332107543945312,5417.0,0.0,0,0.4274327754974365,224097.875,5000,1000
othim20,full,1,0,1,0.0035,29.283466338630475,0.3930482566356659,206070.484375,29.26777525349833,0.8468934893608093,0.3933682441711426,206238.25,0.019298553466796875,10118.0,0.008951187133789062,4693.0,0.009523391723632812,4993.0,0.0,0,0.41266679763793945,216356.25,5000,1000
othim21,full,1,0,1,0.0035,29.251889968689483,0.4037081003189087,211659.3125,29.234979950235687,0.8496994376182556,0.40497907996177673,212325.671875,0.018381118774414062,9637.0,0.007902145385742188,4143.0,0.009752273559570312,5113.0,0.0,0,0.4233601987361908,221962.671875,5000,1000
othim22,full,1,0,1,0.0035,31.918977918237072,0.20799089968204498,109047.1328125,31.913029415545292,0.8827425241470337,0.20944687724113464,109810.484375,0.019403457641601562,10173.0,0.0078067779541015625,4093.0,0.010528564453125,5520.0,0.0,0,0.2288503348827362,119983.484375,5000,1000
othim23,full,1,0,1,0.0035,30.928829331688586,0.21994945406913757,115316.859375,30.909700673937362,0.8791186213493347,0.2203460931777954,115524.8125,0.020450592041015625,10722.0,0.008928298950195312,4681.0,0.010547637939453125,5530.0,0.0,0,0.24079668521881104,126246.8125,5000,1000
othim24,full,1,0,1,0.0035,30.193150528924374,0.3103717267513275,162724.171875,30.164460928177476,0.8794471621513367,0.31227439641952515,163721.71875,0.018293380737304688,9591.0,0.007999420166015625,4194.0,0.009349822998046875,4902.0,0.0,0,0.33056777715682983,173312.71875,5000,1000
othim25,full,1,0,1,0.0035,28.7600655102833,0.43706178665161133,229146.25,28.754264491624166,0.8513413667678833,0.4375677704811096,229411.53125,0.020318984985351562,10653.0,0.008905410766601562,4669.0,0.0104522705078125,5480.0,0.0,0,0.4578867554664612,240064.53125,5000,1000
othim26,full,1,0,1,0.0035,28.829736338352035,0.44096657633781433,231193.484375,28.82500595358113,0.8525705337524414,0.4415588974952698,231504.03125,0.020273208618164062,10629.0,0.008859634399414062,4645.0,0.01045989990234375,5484.0,0.0,0,0.46183210611343384,242133.03125,5000,1000
othim27,full,1,0,1,0.0035,29.09562270914029,0.35814544558525085,187771.359375,29.08893008184675,0.8351526260375977,0.35838034749031067,187894.515625,0.020235061645507812,10609.0,0.0089874267578125,4712.0,0.010433197021484375,5470.0,0.0,0,0.3786154091358185,198503.515625,5000,1000
othim28,full,1,0,1,0.0035,29.412825557228103,0.368190735578537,193037.984375,29.397772430139014,0.8629963397979736,0.36918315291404724,193558.296875,0.018230438232421875,9558.0,0.00788116455078125,4132.0,0.00930023193359375,4876.0,0.0,0,0.3874135911464691,203116.296875,5000,1000
othim29,full,1,0,1,0.0035,29.798961269814843,0.3452240526676178,180996.828125,29.791861775137306,0.8603687286376953,0.3457530736923218,181274.1875,0.020452499389648438,10723.0,0.009065628051757812,4753.0,0.010580062866210938,5547.0,0.0,0,0.3662055730819702,191997.1875,5000,1000
othim30,full,1,0,1,0.0035,29.447294357293174,0.37148043513298035,194762.734375,29.430259907977902,0.8643402457237244,0.3718821108341217,194973.328125,0.019435882568359375,10190.0,0.00897216796875,4704.0,0.009525299072265625,4994.0,0.0,0,0.3913179934024811,205163.328125,5000,1000
othim01,full,1,0,1,0.005,29.72950711197221,0.1744692027568817,91472.109375,29.713310969213623,0.8306281566619873,0.1754169464111328,91969.0,0.018402099609375,9648.0,0.007917404174804688,4151.0,0.009517669677734375,4990.0,0.0,0,0.1938190460205078,101617.0,5000,1000
othim02,full,1,0,1,0.005,29.425598038751797,0.1681894212961197,88179.6953125,29.417659602876004,0.8254128694534302,0.16968971490859985,88966.28125,0.019567489624023438,10259.0,0.008008956909179688,4199.0,0.010601043701171875,5558.0,0.0,0,0.1892572045326233,99225.28125,5000,1000
othim03,full,1,0,1,0.005,29.618409751123295,0.18905267119407654,99118.046875,29.600595773850937,0.8281628489494324,0.18940706551074982,99303.8515625,0.019281387329101562,10109.0,0.00907135009765625,4756.0,0.009233474731445312,4841.0,0.0,0,0.20868845283985138,109412.8515625,5000,1000
othim04,full,1,0,1,0.005,27.23564254379592,0.39383208751678467,206481.4375,27.225111002867532,0.8026013374328613,0.39478790760040283,206982.5625,0.01845550537109375,9676.0,0.007871627807617188,4127.0,0.009748458862304688,5111.0,0.0,0,0.4132434129714966,216658.5625,5000,1000
othim05,full,1,0,1,0.005,27.982387110785265,0.3127180337905884,163954.3125,27.973143998891903,0.7942845821380615,0.31488919258117676,165092.625,0.017984390258789062,9429.0,0.0077648162841796875,4071.0,0.009122848510742188,4783.0,0.0,0,0.3328735828399658,174521.625,5000,1000
othim06,full,1,0,1,0.005,28.143574013409744,0.30999958515167236,162529.0625,28.135005892619272,0.8010945320129395,0.31120508909225464,163161.09375,0.018922805786132812,9921.0,0.0077686309814453125,4073.0,0.010219573974609375,5358.0,0.0,0,0.33012789487838745,173082.09375,5000,1000
othim07,full,1,0,1,0.005,31.566557679080102,0.15376606583595276,80617.703125,31.55099287933974,0.8880490064620972,0.15446369349956512,80983.4609375,0.01946258544921875,10204.0,0.008941650390625,4688.0,0.009700775146484375,5086.0,0.0,0,0.17392627894878387,91187.4609375,5000,1000
othim08,full,1,0,1,0.005,31.438537808797424,0.13814714550971985,72428.890625,31.40689634364465,0.8818100690841675,0.13848598301410675,72606.5390625,0.019052505493164062,9989.0,0.008962631225585938,4699.0,0.009387969970703125,4922.0,0.0,0,0.1575384885072708,82595.5390625,5000,1000
othim09,full,1,0,1,0.005,31.381571908647718,0.1528080254793167,80115.4140625,31.363241155919752,0.8808279037475586,0.15335257351398468,80400.9140625,0.019596099853515625,10274.0,0.008922576904296875,4678.0,0.00972747802734375,5100.0,0.0,0,0.1729486733675003,90674.9140625,5000,1000
othim10,full,1,0,1,0.005,29.927415605262507,0.1442956179380417,75652.4609375,29.90854863405998,0.7985339164733887,0.14490491151809692,75971.90625,0.018201828002929688,9543.0,0.0077667236328125,4072.0,0.009473800659179688,4967.0,0.0,0,0.1631067395210266,85514.90625,5000,1000
othim11,full,1,0,1,0.005,29.514852148593757,0.15370643138885498,80586.4375,29.500412935262897,0.7915024757385254,0.15570160746574402,81632.484375,0.018289566040039062,9589.0,0.008005142211914062,4197.0,0.009469985961914062,4965.0,0.0,0,0.17399117350578308,91221.484375,5000,1000
othim12,full,1,0,1,0.005,28.852106165852238,0.16229602694511414,85089.859375,28.833457215021657,0.7823588848114014,0.16300928592681885,85463.8125,0.01891326904296875,9916.0,0.0089263916015625,4680.0,0.00913238525390625,4788.0,0.0,0,0.1819225549697876,95379.8125,5000,1000
othim13,full,1,0,1,0.005,31.178960932245364,0.15216362476348877,79777.5625,31.15710599720084,0.8703450560569763,0.1531175822019577,80277.7109375,0.01824951171875,9568.0,0.007966995239257812,4177.0,0.009342193603515625,4898.0,0.0,0,0.1713670939207077,89845.7109375,5000,1000
othim14,full,1,0,1,0.005,30.566578625799195,0.13414722681045532,70331.78125,30.552855342288666,0.8637354373931885,0.13448168337345123,70507.1328125,0.019063949584960938,9995.0,0.008684158325195312,4553.0,0.00952911376953125,4996.0,0.0,0,0.15354563295841217,80502.1328125,5000,1000
othim15,full,1,0,1,0.005,31.064416633497597,0.15030506253242493,78803.140625,31.045554402635222,0.870339035987854,0.1516156941652298,79490.2890625,0.01808929443359375,9484.0,0.007966995239257812,4177.0,0.009305953979492188,4879.0,0.0,0,0.16970498859882355,88974.2890625,5000,1000
othim16,full,1,0,1,0.005,31.431730106903842,0.1315963864326477,68994.40625,31.41053647687441,0.8811079263687134,0.13231533765792847,69371.34375,0.018049240112304688,9463.0,0.00782012939453125,4100.0,0.009387969970703125,4922.0,0.0,0,0.15036457777023315,78834.34375,5000,1000
othim17,full,1,0,1,0.005,31.43704431980164,0.13064101338386536,68493.515625,31.399065907108707,0.8809094429016113,0.13145014643669128,68917.734375,0.018100738525390625,9490.0,0.007877349853515625,4130.0,0.009523391723632812,4993.0,0.0,0,0.1495508849620819,78407.734375,5000,1000
othim18,full,1,0,1,0.005,31.576016426435146,0.13050803542137146,68423.796875,31.53992415421702,0.8819960355758667,0.1315562129020691,68973.34375,0.017686843872070312,9273.0,0.00768280029296875,4028.0,0.009166717529296875,4806.0,0.0,0,0.1492430567741394,78246.34375,5000,1000
othim19,full,1,0,1,0.005,28.199477261266214,0.312061071395874,163609.875,28.187911181745616,0.8150686025619507,0.3128886818885803,164043.78125,0.018163681030273438,9523.0,0.007938385009765625,4162.0,0.009515762329101562,4989.0,0.0,0,0.33105236291885376,173566.78125,5000,1000
othim20,full,1,0,1,0.005,28.157495739169956,0.30717939138412476,161050.46875,28.145633439976052,0.8129425048828125,0.30735641717910767,161143.28125,0.019435882568359375,10190.0,0.008941650390625,4688.0,0.009517669677734375,4990.0,0.0,0,0.32679229974746704,171333.28125,5000,1000
othim21,full,1,0,1,0.005,28.151914919851034,0.3134840130805969,164355.90625,28.138448059915106,0.8170508146286011,0.314184308052063,164723.0625,0.01859283447265625,9748.0,0.008022308349609375,4206.0,0.009716033935546875,5094.0,0.0,0,0.33277714252471924,174471.0625,5000,1000
othim22,full,1,0,1,0.005,30.817659111937235,0.16360333561897278,85775.265625,30.805811462067037,0.8651966452598572,0.1641172617673874,86044.7109375,0.020196914672851562,10589.0,0.008836746215820312,4633.0,0.010511398315429688,5511.0,0.0,0,0.18431417644023895,96633.7109375,5000,1000
othim23,full,1,0,1,0.005,29.752518608115366,0.16403892636299133,86003.640625,29.738765638327237,0.8542429804801941,0.16461044549942017,86303.28125,0.019292831420898438,10115.0,0.009031295776367188,4735.0,0.009340286254882812,4897.0,0.0,0,0.1839032769203186,96418.28125,5000,1000
othim24,full,1,0,1,0.005,28.828474888528575,0.21682721376419067,113679.90625,28.81303888528446,0.8495284914970398,0.2176106870174408,114090.671875,0.019474029541015625,10210.0,0.008953094482421875,4694.0,0.009561538696289062,5013.0,0.0,0,0.23708471655845642,124300.671875,5000,1000
othim25,full,1,0,1,0.005,27.828815678632907,0.34811049699783325,182510.15625,27.806157849848105,0.8266762495040894,0.349216103553772,183089.8125,0.018514633178710938,9707.0,0.007940292358398438,4163.0,0.00974273681640625,5108.0,0.0,0,0.3677307367324829,192796.8125,5000,1000
othim26,full,1,0,1,0.005,27.86693845190783,0.34982651472091675,183409.84375,27.85192821866353,0.8270523548126221,0.35035592317581177,183687.40625,0.019191741943359375,10062.0,0.008777618408203125,4602.0,0.00958251953125,5024.0,0.0,0,0.36954766511917114,193749.40625,5000,1000
othim27,full,1,0,1,0.005,28.203111565660038,0.2864137291908264,150163.28125,28.1985510316363,0.8117634654045105,0.2869509160518646,150444.921875,0.02046966552734375,10732.0,0.008968353271484375,4702.0,0.0105438232421875,5528.0,0.0,0,0.3074205815792084,161176.921875,5000,1000
othim28,full,1,0,1,0.005,28.25853923137788,0.27274051308631897,142994.578125,28.2527000495221,0.830498218536377,0.2732571065425873,143265.421875,0.020139694213867188,10559.0,0.008924484252929688,4679.0,0.010265350341796875,5382.0,0.0,0,0.29339680075645447,153824.421875,5000,1000
othim29,full,1,0,1,0.005,28.540728079577022,0.25800445675849915,135268.640625,28.529910749745042,0.8284561038017273,0.2583202123641968,135434.1875,0.01915740966796875,10044.0,0.008955001831054688,4695.0,0.0093841552734375,4920.0,0.0,0,0.2774776220321655,145478.1875,5000,1000
othim30,full,1,0,1,0.005,28.183727972159044,0.2815619111061096,147619.53125,28.180650626342146,0.8323720693588257,0.2827466130256653,148240.65625,0.019037246704101562,9981.0,0.007816314697265625,4098.0,0.010267257690429688,5383.0,0.0,0,0.30178385972976685,158221.65625,5000,1000
othim01,full,1,1,1,0.0035,30.941329679936356,0.24189776182174683,126824.09375,30.911012337869305,0.8598143458366394,0.2424926459789276,127135.984375,0.02176666259765625,11412.0,0.009038925170898438,4739.0,0.01190185546875,6240.0,0.0,0,0.26425930857658386,138547.984375,5000,1000
othim02,full,1,1,1,0.0035,31.000171602798687,0.25120800733566284,131705.34375,30.97371423322362,0.8598923087120056,0.2521117925643921,132179.1875,0.019559860229492188,10255.0,0.007844924926757812,4113.0,0.010894775390625,5712.0,0.0,0,0.2716716527938843,142434.1875,5000,1000
othim03,full,1,1,1,0.0035,30.76269667586953,0.2479226440191269,129982.8671875,30.755986189524815,0.8534034490585327,0.24857670068740845,130325.78125,0.021335601806640625,11186.0,0.0089874267578125,4712.0,0.01143646240234375,5996.0,0.0,0,0.2699123024940491,141511.78125,5000,1000
othim04,full,1,1,1,0.0035,28.424435367914114,0.4964481592178345,260281.8125,28.421068607298874,0.8425126075744629,0.4969939887523651,260567.984375,0.021806716918945312,11433.0,0.008808135986328125,4618.0,0.01195526123046875,6268.0,0.0,0,0.5188007056713104,272000.984375,5000,1000
othim05,full,1,1,1,0.0035,29.15897050430536,0.39650776982307434,207884.265625,29.15276593683934,0.8303980231285095,0.39730727672576904,208303.4375,0.020551681518554688,10775.0,0.007801055908203125,4090.0,0.011932373046875,6256.0,0.0,0,0.41785895824432373,219078.4375,5000,1000
othim06,full,1,1,1,0.0035,29.229038079674552,0.3990890383720398,209237.59375,29.210796012578133,0.8372732400894165,0.3997148275375366,209565.6875,0.02056121826171875,10780.0,0.008998870849609375,4718.0,0.01061248779296875,5564.0,0.0,0,0.42027604579925537,220345.6875,5000,1000
othim07,full,1,1,1,0.0035,32.32240357862576,0.20200496912002563,105908.78125,32.302534959016064,0.8990561366081238,0.2027025818824768,106274.53125,0.020463943481445312,10729.0,0.00885772705078125,4644.0,0.010639190673828125,5578.0,0.0,0,0.22316652536392212,117003.53125,5000,1000
othim08,full,1,1,1,0.0035,32.622373300126945,0.17669083178043365,92636.8828125,32.59411655914915,0.8989825248718262,0.1778014600276947,93219.171875,0.01973724365234375,10348.0,0.007854461669921875,4118.0,0.01093292236328125,5732.0,0.0,0,0.19753870368003845,103567.171875,5000,1000
othim09,full,1,1,1,0.0035,32.30864983518914,0.20210936665534973,105963.515625,32.270146781402396,0.8957194089889526,0.20249179005622864,106164.015625,0.020235061645507812,10609.0,0.008937835693359375,4686.0,0.010349273681640625,5426.0,0.0,0,0.22272685170173645,116773.015625,5000,1000
othim10,full,1,1,1,0.0035,30.714375907722854,0.1829564869403839,95921.890625,30.697568249834493,0.8234823942184448,0.18325874209403992,96080.359375,0.020679473876953125,10842.0,0.008840560913085938,4635.0,0.0107574462890625,5640.0,0.0,0,0.20393821597099304,106922.359375,5000,1000
othim11,full,1,1,1,0.0035,30.306334712668928,0.20621953904628754,108118.4296875,30.302647511800114,0.8199421763420105,0.2063959538936615,108210.921875,0.021839141845703125,11450.0,0.00890350341796875,4668.0,0.011842727661132812,6209.0,0.0,0,0.22823509573936462,119660.921875,5000,1000
othim12,full,1,1,1,0.0035,30.021121807316955,0.22844333946704865,119770.1015625,29.998355724021923,0.8190968036651611,0.23010283708572388,120640.15625,0.019487380981445312,10217.0,0.007902145385742188,4143.0,0.010499954223632812,5505.0,0.0,0,0.2495902180671692,130857.15625,5000,1000
othim13,full,1,1,1,0.0035,32.147883952427115,0.1981244832277298,103874.2890625,32.127764890192964,0.8849424123764038,0.19931672513484955,104499.3671875,0.019250869750976562,10093.0,0.0077037811279296875,4039.0,0.010850906372070312,5689.0,0.0,0,0.2185675948858261,114592.3671875,5000,1000
othim14,full,1,1,1,0.0035,32.183887620309314,0.2047821283340454,107364.8125,32.16661102044387,0.8858296275138855,0.20506951212882996,107515.484375,0.020875930786132812,10945.0,0.008975982666015625,4706.0,0.010831832885742188,5679.0,0.0,0,0.22594544291496277,118460.484375,5000,1000
othim15,full,1,1,1,0.0035,32.09799990011452,0.19862890243530273,104138.75,32.06110264790656,0.8845977783203125,0.1992015838623047,104439.0,0.020551681518554688,10775.0,0.008871078491210938,4651.0,0.010599136352539062,5557.0,0.0,0,0.21975326538085938,115214.0,5000,1000
othim16,full,1,1,1,0.0035,32.66325142331094,0.1737489104270935,91094.46875,32.64330499728073,0.8982878923416138,0.17523415386676788,91873.1640625,0.019361495971679688,10151.0,0.007656097412109375,4014.0,0.010768890380859375,5646.0,0.0,0,0.19459564983844757,102024.1640625,5000,1000
othim17,full,1,1,1,0.0035,32.5013319423792,0.1712961494922638,89808.515625,32.474296505715834,0.8961606025695801,0.171995609998703,90175.234375,0.020511627197265625,10754.0,0.0089111328125,4672.0,0.010667800903320312,5593.0,0.0,0,0.19250723719596863,100929.234375,5000,1000
othim18,full,1,1,1,0.0035,32.768638851708914,0.16942983865737915,88830.03125,32.72284210871354,0.8984114527702332,0.17050859332084656,89395.609375,0.020023345947265625,10498.0,0.008031845092773438,4211.0,0.011051177978515625,5794.0,0.0,0,0.19053193926811218,99893.609375,5000,1000
othim19,full,1,1,1,0.0035,29.24885484009408,0.39998120069503784,209705.34375,29.208788639506878,0.8473601341247559,0.4006419777870178,210051.78125,0.01920318603515625,10068.0,0.0079803466796875,4184.0,0.010633468627929688,5575.0,0.0,0,0.4198451638221741,220119.78125,5000,1000
othim20,full,1,1,1,0.0035,29.203285314818814,0.39829814434051514,208822.9375,29.1948459392774,0.846286416053772,0.3987308740615845,209049.8125,0.02079010009765625,10900.0,0.008966445922851562,4701.0,0.010858535766601562,5693.0,0.0,0,0.4195209741592407,219949.8125,5000,1000
othim21,full,1,1,1,0.0035,29.28489808957551,0.4082069396972656,214018.0,29.279206211139183,0.8498486876487732,0.4090745747089386,214472.890625,0.02069854736328125,10852.0,0.008968353271484375,4702.0,0.010904312133789062,5717.0,0.0,0,0.42977312207221985,225324.890625,5000,1000
othim22,full,1,1,1,0.0035,31.87333999787931,0.21703940629959106,113791.15625,31.82870356863555,0.8829236030578613,0.21743953227996826,114000.9375,0.020631790161132812,10817.0,0.009031295776367188,4735.0,0.0106201171875,5568.0,0.0,0,0.23807132244110107,124817.9375,5000,1000
othim23,full,1,1,1,0.0035,30.857294664713802,0.2149849832057953,112714.046875,30.84543497538331,0.8774129152297974,0.21578146517276764,113131.6328125,0.021549224853515625,11298.0,0.00887298583984375,4652.0,0.011814117431640625,6194.0,0.0,0,0.23733069002628326,124429.6328125,5000,1000
othim24,full,1,1,1,0.0035,30.1220094350948,0.31376633048057556,164503.921875,30.094617723022214,0.8783048391342163,0.314530611038208,164904.625,0.021366119384765625,11202.0,0.009090423583984375,4766.0,0.011560440063476562,6061.0,0.0,0,0.33589673042297363,176106.625,5000,1000
othim25,full,1,1,1,0.0035,28.752454644914764,0.4361206889152527,228652.84375,28.74782173281729,0.851617693901062,0.43675845861434937,228987.21875,0.022123336791992188,11599.0,0.008853912353515625,4642.0,0.012331008911132812,6465.0,0.0,0,0.45888179540634155,240586.21875,5000,1000
othim26,full,1,1,1,0.0035,28.834562905163057,0.43570685386657715,228435.875,28.826358049327155,0.8509413003921509,0.4373089671134949,229275.84375,0.021007537841796875,11014.0,0.007968902587890625,4178.0,0.01210784912109375,6348.0,0.0,0,0.45831650495529175,240289.84375,5000,1000
othim27,full,1,1,1,0.0035,29.179655560284797,0.36530131101608276,191523.09375,29.16114987212897,0.8368891477584839,0.3664369583129883,192118.5,0.0194854736328125,10216.0,0.008075714111328125,4234.0,0.010690689086914062,5605.0,0.0,0,0.3859224319458008,202334.5,5000,1000
othim28,full,1,1,1,0.0035,29.39608364471444,0.3618597984313965,189718.75,29.39139555630238,0.8626831769943237,0.3625493049621582,190080.25,0.020978927612304688,10999.0,0.008054733276367188,4223.0,0.011968612670898438,6275.0,0.0,0,0.3835282325744629,201079.25,5000,1000
othim29,full,1,1,1,0.0035,29.86274233387307,0.3443830609321594,180555.90625,29.83976318836726,0.8618609309196472,0.34472620487213135,180735.8125,0.02033233642578125,10660.0,0.008962631225585938,4699.0,0.010450363159179688,5479.0,0.0,0,0.3650585412979126,191395.8125,5000,1000
othim30,full,1,1,1,0.0035,29.367319116407327,0.3700651526451111,194020.71875,29.351968336650803,0.8637610673904419,0.3712427616119385,194638.125,0.019588470458984375,10270.0,0.007978439331054688,4183.0,0.010698318481445312,5609.0,0.0,0,0.39083123207092285,204908.125,5000,1000
othim01,full,1,1,1,0.005,29.488437904032846,0.17539627850055695,91958.1640625,29.475347067169583,0.8283214569091797,0.1761699616909027,92363.796875,0.019380569458007812,10161.0,0.007904052734375,4144.0,0.010646820068359375,5582.0,0.0,0,0.19555053114891052,102524.796875,5000,1000
othim02,full,1,1,1,0.005,29.39198517573651,0.1843184530735016,96635.953125,29.357292850689372,0.8206404447555542,0.1853351593017578,97169.0,0.01999664306640625,10484.0,0.008020401000976562,4205.0,0.010896682739257812,5713.0,0.0,0,0.20533180236816406,107653.0,5000,1000
othim03,full,1,1,1,0.005,29.39648356120529,0.17775502800941467,93194.828125,29.37949373806082,0.8230088949203491,0.17890799045562744,93799.3125,0.019773483276367188,10367.0,0.008111953735351562,4253.0,0.01070404052734375,5612.0,0.0,0,0.19868147373199463,104166.3125,5000,1000
othim04,full,1,1,1,0.005,27.228938161061034,0.3843722939491272,201521.78125,27.223529399138172,0.8009762167930603,0.3847923278808594,201742.0,0.02193450927734375,11500.0,0.009019851684570312,4729.0,0.012086868286132812,6337.0,0.0,0,0.4067268371582031,213242.0,5000,1000
othim05,full,1,1,1,0.005,28.03259521678861,0.30384066700935364,159300.015625,28.017036022694317,0.7914155721664429,0.30466628074645996,159732.875,0.020471572875976562,10733.0,0.008989334106445312,4713.0,0.010770797729492188,5647.0,0.0,0,0.3251378536224365,170465.875,5000,1000
othim06,full,1,1,1,0.005,28.169975615544853,0.30900710821151733,162008.71875,28.15236023675854,0.8010033965110779,0.3102116286754608,162640.234375,0.0193939208984375,10168.0,0.007808685302734375,4094.0,0.010753631591796875,5638.0,0.0,0,0.3296055495738983,172808.234375,5000,1000
othim07,full,1,1,1,0.005,31.429055218216504,0.15957871079444885,83665.203125,31.394946109093652,0.8851561546325684,0.16021864116191864,84000.7109375,0.01961517333984375,10284.0,0.007940292358398438,4163.0,0.010713577270507812,5617.0,0.0,0,0.1798338145017624,94284.7109375,5000,1000
othim08,full,1,1,1,0.005,31.556046917424283,0.1343548595905304,70440.640625,31.533268572503676,0.8831925392150879,0.13717308640480042,71918.203125,0.018657684326171875,9782.0,0.0068302154541015625,3581.0,0.010889053344726562,5709.0,0.0,0,0.1558307707309723,81700.203125,5000,1000
othim09,full,1,1,1,0.005,31.46163121702179,0.15350152552127838,80479.0078125,31.449846106436297,0.8812782168388367,0.15363895893096924,80551.0625,0.02178955078125,11424.0,0.0090179443359375,4728.0,0.011968612670898438,6275.0,0.0,0,0.17542850971221924,91975.0625,5000,1000
othim10,full,1,1,1,0.005,29.916107253733845,0.13554233312606812,71063.21875,29.893439134343918,0.7963106036186218,0.13621382415294647,71415.2734375,0.020284652709960938,10635.0,0.008874893188476562,4653.0,0.010560989379882812,5537.0,0.0,0,0.1564984768629074,82050.2734375,5000,1000
othim11,full,1,1,1,0.005,29.28964859545935,0.148227721452713,77714.015625,29.263250323954292,0.7866012454032898,0.1494346708059311,78346.8046875,0.019901275634765625,10434.0,0.00809478759765625,4244.0,0.01096343994140625,5748.0,0.0,0,0.16933594644069672,88780.8046875,5000,1000
othim12,full,1,1,1,0.005,28.935389443134046,0.16540014743804932,86717.3125,28.909296227884067,0.7828346490859985,0.1657038927078247,86876.5625,0.019144058227539062,10037.0,0.009054183959960938,4747.0,0.009115219116210938,4779.0,0.0,0,0.18484795093536377,96913.5625,5000,1000
othim13,full,1,1,1,0.005,30.897595957078494,0.14707620441913605,77110.2890625,30.879417869512732,0.8654552698135376,0.14748644828796387,77325.375,0.020519256591796875,10758.0,0.008935928344726562,4685.0,0.010868072509765625,5698.0,0.0,0,0.16800570487976074,88083.375,5000,1000
othim14,full,1,1,1,0.005,30.87444080672219,0.1466895043849945,76907.546875,30.81523005466578,0.8662096858024597,0.1486610472202301,77941.203125,0.016880035400390625,8850.0,0.0068531036376953125,3593.0,0.009311676025390625,4882.0,0.0,0,0.16554108262062073,86791.203125,5000,1000
othim15,full,1,1,1,0.005,30.7925330207983,0.1371435821056366,71902.734375,30.770635948394954,0.8692015409469604,0.13759471476078033,72139.2578125,0.019598007202148438,10275.0,0.007907867431640625,4146.0,0.010744094848632812,5633.0,0.0,0,0.15719272196292877,82414.2578125,5000,1000
othim16,full,1,1,1,0.005,31.229345730022732,0.12855571508407593,67400.21875,31.2118734725133,0.8804251551628113,0.12948673963546753,67888.34375,0.019018173217773438,9971.0,0.0076847076416015625,4029.0,0.01050567626953125,5508.0,0.0,0,0.14850491285324097,77859.34375,5000,1000
othim17,full,1,1,1,0.005,31.411066352507035,0.1320464015007019,69230.34375,31.38441960235325,0.8805966377258301,0.13382482528686523,70162.75,0.01987457275390625,10420.0,0.008054733276367188,4223.0,0.011013031005859375,5774.0,0.0,0,0.15369939804077148,80582.75,5000,1000
othim18,full,1,1,1,0.005,31.113842257348324,0.11793599277734756,61832.42578125,31.08942778010673,0.8791698217391968,0.11813448369503021,61936.4921875,0.020801544189453125,10906.0,0.008985519409179688,4711.0,0.010862350463867188,5695.0,0.0,0,0.13893602788448334,72842.4921875,5000,1000
othim19,full,1,1,1,0.005,28.1671268721765,0.3035610318183899,159153.40625,28.141143129883204,0.8159964084625244,0.3047400116920471,159771.53125,0.018381118774414062,9637.0,0.008029937744140625,4210.0,0.009395599365234375,4926.0,0.0,0,0.3231211304664612,169408.53125,5000,1000
othim20,full,1,1,1,0.005,28.191755162442103,0.305885374546051,160372.03125,28.17756970641103,0.8136967420578003,0.30622291564941406,160549.0,0.021100997924804688,11063.0,0.009103775024414062,4773.0,0.011030197143554688,5783.0,0.0,0,0.32732391357421875,171612.0,5000,1000
othim21,full,1,1,1,0.005,28.108481028389516,0.3210086226463318,168300.96875,28.094579992157964,0.8137274980545044,0.32187533378601074,168755.375,0.019153594970703125,10042.0,0.007860183715820312,4121.0,0.010456085205078125,5482.0,0.0,0,0.34102892875671387,178797.375,5000,1000
othim22,full,1,1,1,0.005,30.92562281777585,0.16332130134105682,85627.3984375,30.91442960669343,0.8670659065246582,0.16379207372665405,85874.21875,0.021869659423828125,11466.0,0.008844375610351562,4637.0,0.012176513671875,6384.0,0.0,0,0.18566173315048218,97340.21875,5000,1000
othim23,full,1,1,1,0.005,29.818134447119345,0.16046202182769775,84128.3125,29.798643462610503,0.856052577495575,0.16269296407699585,85297.96875,0.020406723022460938,10699.0,0.007993698120117188,4191.0,0.011545181274414062,6053.0,0.0,0,0.1830996870994568,95996.96875,5000,1000
othim24,full,1,1,1,0.005,28.788412547342407,0.22302162647247314,116927.5625,28.78222994755261,0.8482407927513123,0.2240743190050125,117479.4765625,0.020708084106445312,10857.0,0.007917404174804688,4151.0,0.0118255615234375,6200.0,0.0,0,0.24478240311145782,128336.4765625,5000,1000
othim25,full,1,1,1,0.005,27.80954096468788,0.3466663062572479,181752.984375,27.793225686614264,0.8276493549346924,0.34704315662384033,181950.5625,0.0207366943359375,10872.0,0.00899505615234375,4716.0,0.0109100341796875,5720.0,0.0,0,0.36777985095977783,192822.5625,5000,1000
othim26,full,1,1,1,0.005,27.87366386962222,0.35325121879577637,185205.375,27.85646995287695,0.8275706171989441,0.35380464792251587,185495.53125,0.020837783813476562,10925.0,0.008974075317382812,4705.0,0.011022567749023438,5779.0,0.0,0,0.37464243173599243,196420.53125,5000,1000
othim27,full,1,1,1,0.005,28.298642394322147,0.28976017236709595,151917.78125,28.2872576615965,0.8136485815048218,0.29004886746406555,152069.140625,0.0218505859375,11456.0,0.009120941162109375,4782.0,0.011865615844726562,6221.0,0.0,0,0.31189945340156555,163525.140625,5000,1000
othim28,full,1,1,1,0.005,28.2540401789834,0.2664417326450348,139692.203125,28.249349200649693,0.8317098617553711,0.26742854714393616,140209.578125,0.020948410034179688,10983.0,0.00799560546875,4192.0,0.012002944946289062,6293.0,0.0,0,0.28837695717811584,151192.578125,5000,1000
othim29,full,1,1,1,0.005,28.563553510486027,0.2556689977645874,134044.1875,28.559650824799135,0.8315798044204712,0.2569701075553894,134726.34375,0.020847320556640625,10930.0,0.00787353515625,4128.0,0.012157440185546875,6374.0,0.0,0,0.27781742811203003,145656.34375,5000,1000
othim30,full,1,1,1,0.005,28.19863960121711,0.2768283486366272,145137.78125,28.185485559103657,0.8327361345291138,0.2776027023792267,145543.765625,0.019636154174804688,10295.0,0.007869720458984375,4126.0,0.01084136962890625,5684.0,0.0,0,0.29723885655403137,155838.765625,5000,1000
othim01,erp,0,0,1,0.0035,29.930015565560808,0.19868633151054382,104168.859375,29.921278879260075,0.8395723104476929,0.1998554915189743,104781.8359375,0.019512176513671875,10230.0,0.007871627807617188,4127.0,0.010814666748046875,5670.0,0.0,0,0.21936766803264618,115011.8359375,5000,1000
othim02,erp,0,0,1,0.0035,29.785624976894457,0.20832857489585876,109224.171875,29.776566965478665,0.8354381322860718,0.2108609974384308,110551.890625,0.01740264892578125,9124.0,0.0068988800048828125,3617.0,0.009546279907226562,5005.0,0.0,0,0.22826364636421204,119675.890625,5000,1000
othim03,erp,0,0,1,0.0035,29.81627741298748,0.21076656877994537,110502.3828125,29.80594716558083,0.835078239440918,0.21107380092144012,110663.4609375,0.020463943481445312,10729.0,0.009065628051757812,4753.0,0.010448455810546875,5478.0,0.0,0,0.23153774440288544,121392.4609375,5000,1000
othim04,erp,0,0,1,0.0035,27.77356938331705,0.46959584951400757,246203.46875,27.76794713710595,0.8221304416656494,0.4708893299102783,246881.625,0.020532608032226562,10765.0,0.00885009765625,4640.0,0.010740280151367188,5631.0,0.0,0,0.4914219379425049,257646.625,5000,1000
othim05,erp,0,0,1,0.0035,28.58780414522285,0.36887305974960327,193395.71875,28.580974467085838,0.8142049312591553,0.3701484203338623,194064.375,0.018407821655273438,9651.0,0.00788116455078125,4132.0,0.009679794311523438,5075.0,0.0,0,0.38855624198913574,203715.375,5000,1000
othim06,erp,0,0,1,0.0035,28.63730409889156,0.37605947256088257,197163.46875,28.63440792248046,0.8186990022659302,0.376825749874115,197565.21875,0.021495819091796875,11270.0,0.009033203125,4736.0,0.011646270751953125,6106.0,0.0,0,0.39832156896591187,208835.21875,5000,1000
othim07,erp,0,0,1,0.0035,31.69534332611828,0.163667693734169,85809.0078125,31.661316005081602,0.8914341926574707,0.1650630533695221,86540.578125,0.018312454223632812,9601.0,0.0077667236328125,4072.0,0.009710311889648438,5091.0,0.0,0,0.1833755075931549,96141.578125,5000,1000
othim08,erp,0,0,1,0.0035,31.62802015261941,0.1453268826007843,76193.140625,31.60273831564073,0.8866285681724548,0.145850270986557,76467.546875,0.019502639770507812,10225.0,0.009023666381835938,4731.0,0.009534835815429688,4999.0,0.0,0,0.16535291075706482,86692.546875,5000,1000
othim09,erp,0,0,1,0.0035,30.706974971152462,0.15048210322856903,78895.9609375,30.69281863376033,0.8759055137634277,0.1515549272298813,79458.4296875,0.018672943115234375,9790.0,0.007898330688476562,4141.0,0.009695053100585938,5083.0,0.0,0,0.17022787034511566,89248.4296875,5000,1000
othim10,erp,0,0,1,0.0035,30.07103961905571,0.14923016726970673,78239.5859375,30.054827994558792,0.7983049154281616,0.1498565971851349,78568.015625,0.019327163696289062,10133.0,0.008729934692382812,4577.0,0.009630203247070312,5049.0,0.0,0,0.16918376088142395,88701.015625,5000,1000
othim11,erp,0,0,1,0.0035,29.68276780104608,0.1734543740749359,90940.046875,29.665193147924697,0.7958029508590698,0.1745518147945404,91515.421875,0.020435333251953125,10714.0,0.009002685546875,4720.0,0.010457992553710938,5483.0,0.0,0,0.19498714804649353,102229.421875,5000,1000
othim12,erp,0,0,1,0.0035,29.40624254955081,0.20154832303524017,105669.3671875,29.39908123612679,0.794739842414856,0.20258855819702148,106214.75,0.019205093383789062,10069.0,0.007905960083007812,4145.0,0.010335922241210938,5419.0,0.0,0,0.22179365158081055,116283.75,5000,1000
othim13,erp,0,0,1,0.0035,30.72377621887034,0.14640550315380096,76758.6484375,30.700409543817845,0.8666001558303833,0.14734289050102234,77250.109375,0.0185699462890625,9736.0,0.007909774780273438,4147.0,0.009809494018554688,5143.0,0.0,0,0.16591283679008484,86986.109375,5000,1000
othim14,erp,0,0,1,0.0035,30.566186344830072,0.1421242356300354,74514.03125,30.537730730651703,0.8668422698974609,0.14263024926185608,74779.328125,0.019437789916992188,10191.0,0.008941650390625,4688.0,0.009664535522460938,5067.0,0.0,0,0.16206803917884827,84970.328125,5000,1000
othim15,erp,0,0,1,0.0035,30.732187573559248,0.14608819782733917,76592.2890625,30.717135867324572,0.8690736293792725,0.14711137115955353,77128.7265625,0.018573760986328125,9738.0,0.007831573486328125,4106.0,0.009784698486328125,5130.0,0.0,0,0.16568513214588165,86866.7265625,5000,1000
othim16,erp,0,0,1,0.0035,31.363239365749735,0.14017288386821747,73490.9609375,31.30827018525362,0.880344569683075,0.14131000638008118,74087.140625,0.017229080200195312,9033.0,0.0077381134033203125,4057.0,0.008550643920898438,4483.0,0.0,0,0.1585390865802765,83120.140625,5000,1000
othim17,erp,0,0,1,0.0035,31.23841898118971,0.12983840703964233,68072.71875,31.23283005600203,0.88141268491745,0.13041158020496368,68373.2265625,0.0205230712890625,10760.0,0.008947372436523438,4691.0,0.0106353759765625,5576.0,0.0,0,0.15093465149402618,79133.2265625,5000,1000
othim18,erp,0,0,1,0.0035,31.113450229044087,0.13634058833122253,71481.734375,31.097966442114366,0.8789631724357605,0.1373995542526245,72036.9375,0.019001007080078125,9962.0,0.007915496826171875,4150.0,0.010223388671875,5360.0,0.0,0,0.15640056133270264,81998.9375,5000,1000
othim19,erp,0,0,1,0.0035,28.685408658558597,0.35881251096725464,188121.09375,28.675168141732467,0.8343062400817871,0.35953885316848755,188501.90625,0.01882171630859375,9868.0,0.007884979248046875,4134.0,0.01000213623046875,5244.0,0.0,0,0.3783605694770813,198369.90625,5000,1000
othim20,erp,0,0,1,0.0035,28.672714874623818,0.3636339008808136,190648.890625,28.653938636458438,0.8333415985107422,0.3640172779560089,190849.890625,0.018644332885742188,9775.0,0.008905410766601562,4669.0,0.008691787719726562,4557.0,0.0,0,0.3826616108417511,200624.890625,5000,1000
othim21,erp,0,0,1,0.0035,28.671067854041652,0.3804020285606384,199440.21875,28.65631111515886,0.8335375785827637,0.3811904788017273,199853.59375,0.018341064453125,9616.0,0.0078105926513671875,4095.0,0.009721755981445312,5097.0,0.0,0,0.3995315432548523,209469.59375,5000,1000
othim22,erp,0,0,1,0.0035,31.067832267408267,0.1857661008834839,97394.9375,31.054535012940153,0.8710162043571472,0.18662989139556885,97847.8125,0.020259857177734375,10622.0,0.008836746215820312,4633.0,0.010448455810546875,5478.0,0.0,0,0.20688974857330322,108469.8125,5000,1000
othim23,erp,0,0,1,0.0035,29.928325398056256,0.18627138435840607,97659.8515625,29.910065726833707,0.8583806753158569,0.1872369647026062,98166.09375,0.019281387329101562,10109.0,0.009035110473632812,4737.0,0.009313583374023438,4883.0,0.0,0,0.20651835203170776,108275.09375,5000,1000
othim24,erp,0,0,1,0.0035,29.34410820463332,0.26877790689468384,140917.03125,29.338568064193776,0.8600893020629883,0.2691042125225067,141088.109375,0.02071380615234375,10860.0,0.008893966674804688,4663.0,0.010862350463867188,5695.0,0.0,0,0.28981801867485046,151948.109375,5000,1000
othim25,erp,0,0,1,0.0035,28.135814923574497,0.3978760242462158,208601.625,28.1307267254923,0.8422219157218933,0.39883917570114136,209106.59375,0.019359588623046875,10150.0,0.007999420166015625,4194.0,0.010528564453125,5520.0,0.0,0,0.41819876432418823,219256.59375,5000,1000
othim26,erp,0,0,1,0.0035,28.129399821999986,0.4031307101249695,211356.59375,28.12255560316524,0.842843234539032,0.4034874439239502,211543.625,0.020524978637695312,10761.0,0.008840560913085938,4635.0,0.010732650756835938,5627.0,0.0,0,0.4240124225616455,222304.625,5000,1000
othim27,erp,0,0,1,0.0035,28.266455530363398,0.3149755299091339,165137.890625,28.25363353013566,0.8205738067626953,0.31565651297569275,165494.921875,0.018629074096679688,9767.0,0.007869720458984375,4126.0,0.009784698486328125,5130.0,0.0,0,0.33428558707237244,175261.921875,5000,1000
othim28,erp,0,0,1,0.0035,28.87224276752005,0.3329038619995117,174537.5,28.86000750932997,0.8463601469993591,0.33324432373046875,174716.0,0.019613265991210938,10283.0,0.0089874267578125,4712.0,0.009830474853515625,5154.0,0.0,0,0.3528575897216797,184999.0,5000,1000
othim29,erp,0,0,1,0.0035,29.218457570737844,0.321437805891037,168525.984375,29.208024609247207,0.841725766658783,0.32170987129211426,168668.625,0.020099639892578125,10538.0,0.009098052978515625,4770.0,0.010068893432617188,5279.0,0.0,0,0.3418095111846924,179206.625,5000,1000
othim30,erp,0,0,1,0.0035,28.86486967363723,0.3412870466709137,178932.703125,28.854748527225514,0.8479663729667664,0.3424171209335327,179525.1875,0.018621444702148438,9763.0,0.007848739624023438,4115.0,0.009830474853515625,5154.0,0.0,0,0.36103856563568115,189288.1875,5000,1000
othim01,erp,0,0,1,0.005,28.984336147270465,0.14797018468379974,77578.9921875,28.974137191480835,0.8129588961601257,0.1489040106534958,78068.5859375,0.019716262817382812,10337.0,0.00803375244140625,4212.0,0.010723114013671875,5622.0,0.0,0,0.1686202734708786,88405.5859375,5000,1000
othim02,erp,0,0,1,0.005,28.924128551182275,0.15093493461608887,79133.375,28.910141651273168,0.8121665716171265,0.15182268619537354,79598.8125,0.018529891967773438,9715.0,0.0080413818359375,4216.0,0.009656906127929688,5063.0,0.0,0,0.17035257816314697,89313.8125,5000,1000
othim03,erp,0,0,1,0.005,28.786437218400806,0.15258178114891052,79996.796875,28.774027014258284,0.8074040412902832,0.1533990055322647,80425.2578125,0.018690109252929688,9799.0,0.007900238037109375,4142.0,0.009805679321289062,5141.0,0.0,0,0.1720891147851944,90224.2578125,5000,1000
othim04,erp,0,0,1,0.005,26.634288268640017,0.3658026158809662,191785.921875,26.631397779335554,0.7804794311523438,0.3666824698448181,192247.21875,0.020687103271484375,10846.0,0.0089263916015625,4680.0,0.010904312133789062,5717.0,0.0,0,0.3873695731163025,203093.21875,5000,1000
othim05,erp,0,0,1,0.005,27.315282834090116,0.27419817447662354,143758.8125,27.301865211174448,0.7705309391021729,0.2747410535812378,144043.4375,0.018743515014648438,9827.0,0.00795745849609375,4172.0,0.009937286376953125,5210.0,0.0,0,0.29348456859588623,153870.4375,5000,1000
othim06,erp,0,0,1,0.005,27.519621572947973,0.28586554527282715,149875.875,27.511794574914664,0.7796379923820496,0.28714364767074585,150545.96875,0.018621444702148438,9763.0,0.007974624633789062,4181.0,0.009683609008789062,5077.0,0.0,0,0.3057650923728943,160308.96875,5000,1000
othim07,erp,0,0,1,0.005,30.59031108566499,0.12601405382156372,66067.65625,30.56035027679646,0.8738855123519897,0.1281178891658783,67170.671875,0.018285751342773438,9587.0,0.0077342987060546875,4055.0,0.009708404541015625,5090.0,0.0,0,0.14640364050865173,76757.671875,5000,1000
othim08,erp,0,0,1,0.005,30.596761040161763,0.1101793497800827,57765.7109375,30.574820698461807,0.8688801527023315,0.11071258038282394,58045.27734375,0.019437789916992188,10191.0,0.009033203125,4736.0,0.009443283081054688,4951.0,0.0,0,0.13015037029981613,68236.27734375,5000,1000
othim09,erp,0,0,1,0.005,30.061060073282466,0.12018978595733643,63014.0625,30.03788231481474,0.8626664876937866,0.12089281529188156,63382.65234375,0.01856231689453125,9732.0,0.0079345703125,4160.0,0.009660720825195312,5065.0,0.0,0,0.1394551321864128,73114.65234375,5000,1000
othim10,erp,0,0,1,0.005,29.314547154923346,0.11768436431884766,61700.5,29.307986922199586,0.7701360583305359,0.11875266581773758,62260.59765625,0.019762039184570312,10361.0,0.008035659790039062,4213.0,0.010751724243164062,5637.0,0.0,0,0.1385147050023079,72621.59765625,5000,1000
othim11,erp,0,0,1,0.005,28.94780717854138,0.13170236349105835,69049.96875,28.93536546668032,0.7676817774772644,0.13314875960350037,69808.296875,0.018289566040039062,9589.0,0.007781982421875,4080.0,0.00965118408203125,5060.0,0.0,0,0.15143832564353943,79397.296875,5000,1000
othim12,erp,0,0,1,0.005,28.49992566283338,0.1454208493232727,76242.40625,28.47579022937177,0.7631019949913025,0.1470515877008438,77097.3828125,0.018255233764648438,9571.0,0.0078887939453125,4136.0,0.009387969970703125,4922.0,0.0,0,0.16530682146549225,86668.3828125,5000,1000
othim13,erp,0,0,1,0.005,30.033293392474906,0.11937403678894043,62586.375,30.01483966665018,0.8522114157676697,0.12059729546308517,63227.71484375,0.018693923950195312,9801.0,0.008020401000976562,4205.0,0.009830474853515625,5154.0,0.0,0,0.1392912194132805,73028.71484375,5000,1000
othim14,erp,0,0,1,0.005,29.89011037231727,0.11820954084396362,61975.84375,29.85838857535786,0.8531841039657593,0.11907687038183212,62430.57421875,0.018480300903320312,9689.0,0.008985519409179688,4711.0,0.008520126342773438,4467.0,0.0,0,0.13755717128515244,72119.57421875,5000,1000
othim15,erp,0,0,1,0.005,30.109637755473944,0.11973293125629425,62774.5390625,30.095816107842733,0.8571688532829285,0.1200769692659378,62954.9140625,0.019769668579101562,10365.0,0.008930206298828125,4682.0,0.009908676147460938,5195.0,0.0,0,0.13984663784503937,73319.9140625,5000,1000
othim16,erp,0,0,1,0.005,30.558583030457452,0.10857824981212616,56926.2734375,30.525086338383918,0.866722583770752,0.10880230367183685,57043.7421875,0.019704818725585938,10331.0,0.008916854858398438,4675.0,0.009836196899414062,5157.0,0.0,0,0.1285071223974228,67374.7421875,5000,1000
othim17,erp,0,0,1,0.005,30.608673684797726,0.10804499685764313,56646.6953125,30.582655236974304,0.8686151504516602,0.10845030099153519,56859.19140625,0.019475936889648438,10211.0,0.008825302124023438,4627.0,0.009836196899414062,5157.0,0.0,0,0.12792623788118362,67070.19140625,5000,1000
othim18,erp,0,0,1,0.005,30.51015265168307,0.10969148576259613,57509.9296875,30.47010240572908,0.8680447340011597,0.11051000654697418,57939.0703125,0.017999649047851562,9437.0,0.0077953338623046875,4087.0,0.009365081787109375,4910.0,0.0,0,0.12850965559482574,67376.0703125,5000,1000
othim19,erp,0,0,1,0.005,27.477468193732552,0.28695207834243774,150445.53125,27.466990326945904,0.796822726726532,0.2874472141265869,150705.125,0.019613265991210938,10283.0,0.008966445922851562,4701.0,0.009809494018554688,5143.0,0.0,0,0.30706048011779785,160988.125,5000,1000
othim20,erp,0,0,1,0.005,27.226599662251186,0.26192811131477356,137325.765625,27.211493698750946,0.7891430258750916,0.26236897706985474,137556.90625,0.019941329956054688,10455.0,0.009042739868164062,4741.0,0.010061264038085938,5275.0,0.0,0,0.2823103070259094,148011.90625,5000,1000
othim21,erp,0,0,1,0.005,26.931530585460667,0.2674044072628021,140196.921875,26.92640396638271,0.7868967056274414,0.2684790790081024,140760.359375,0.01836395263671875,9628.0,0.00789642333984375,4140.0,0.009611129760742188,5039.0,0.0,0,0.28684303164482117,150388.359375,5000,1000
othim22,erp,0,0,1,0.005,29.691705877173764,0.1362709105014801,71445.203125,29.676765477269054,0.8516673445701599,0.13728216290473938,71975.390625,0.019823074340820312,10393.0,0.00804901123046875,4220.0,0.010911941528320312,5721.0,0.0,0,0.1571052372455597,82368.390625,5000,1000
othim23,erp,0,0,1,0.005,29.345059575514217,0.14209884405136108,74500.71875,29.326394556799432,0.8392264246940613,0.14328163862228394,75120.84375,0.018568038940429688,9735.0,0.007940292358398438,4163.0,0.009763717651367188,5119.0,0.0,0,0.16184967756271362,84855.84375,5000,1000
othim24,erp,0,0,1,0.005,27.951402213062128,0.1822134405374527,95532.3203125,27.941220076842267,0.828018844127655,0.18258938193321228,95729.421875,0.020534515380859375,10766.0,0.009044647216796875,4742.0,0.010385513305664062,5445.0,0.0,0,0.20312389731407166,106495.421875,5000,1000
othim25,erp,0,0,1,0.005,27.093502708704765,0.3215131461620331,168565.484375,27.07965300153592,0.812559962272644,0.321830153465271,168731.6875,0.0196990966796875,10328.0,0.008874893188476562,4653.0,0.009870529174804688,5175.0,0.0,0,0.3415292501449585,179059.6875,5000,1000
othim26,erp,0,0,1,0.005,27.07672854961514,0.31062236428260803,162855.578125,27.059622772746366,0.8140975832939148,0.31161296367645264,163374.9375,0.019754409790039062,10357.0,0.008922576904296875,4678.0,0.009866714477539062,5173.0,0.0,0,0.3313673734664917,173731.9375,5000,1000
othim27,erp,0,0,1,0.005,27.238545144782375,0.23997080326080322,125813.8125,27.23001363310014,0.79378342628479,0.24079927802085876,126248.171875,0.018535614013671875,9718.0,0.007801055908203125,4090.0,0.009784698486328125,5130.0,0.0,0,0.25933489203453064,135966.171875,5000,1000
othim28,erp,0,0,1,0.005,27.532764066837554,0.23589292168617249,123675.828125,27.52162166128259,0.8077377676963806,0.23760229349136353,124572.03125,0.018838882446289062,9877.0,0.007951736450195312,4169.0,0.009923934936523438,5203.0,0.0,0,0.2564411759376526,134449.03125,5000,1000
othim29,erp,0,0,1,0.005,27.971462615039314,0.24050690233707428,126094.8828125,27.952317793000066,0.8084558844566345,0.24100008606910706,126353.453125,0.020013809204101562,10493.0,0.009052276611328125,4746.0,0.009893417358398438,5187.0,0.0,0,0.2610138952732086,136846.453125,5000,1000
othim30,erp,0,0,1,0.005,27.55709977080262,0.24373255670070648,127786.0546875,27.544898657129412,0.8106316328048706,0.24439945816993713,128135.703125,0.018667221069335938,9787.0,0.0077877044677734375,4083.0,0.009914398193359375,5198.0,0.0,0,0.26306667923927307,137922.703125,5000,1000
othim01,erp,0,1,1,0.0035,29.773146018177915,0.20546062290668488,107720.5390625,29.76745217894424,0.837570071220398,0.20560786128044128,107797.734375,0.022579193115234375,11838.0,0.009052276611328125,4746.0,0.0125732421875,6592.0,0.0,0,0.22818705439567566,119635.734375,5000,1000
othim02,erp,0,1,1,0.0035,29.92594669709983,0.21297869086265564,111662.171875,29.902922778983967,0.8377897143363953,0.21463075280189514,112528.328125,0.019886016845703125,10426.0,0.007921218872070312,4153.0,0.011142730712890625,5842.0,0.0,0,0.23451676964759827,122954.328125,5000,1000
othim03,erp,0,1,1,0.0035,29.78979569273268,0.2062639594078064,108141.71875,29.764325284136717,0.8341270685195923,0.20728155970573425,108675.234375,0.021154403686523438,11091.0,0.009090423583984375,4766.0,0.011106491088867188,5823.0,0.0,0,0.2284359633922577,119766.234375,5000,1000
othim04,erp,0,1,1,0.0035,27.72637393117922,0.4811429977416992,252257.5,27.72172763929314,0.8207743167877197,0.4826747179031372,253060.5625,0.021131515502929688,11079.0,0.007717132568359375,4046.0,0.01233673095703125,6468.0,0.0,0,0.5038062334060669,264139.5625,5000,1000
othim05,erp,0,1,1,0.0035,28.562478639305468,0.36761564016342163,192736.46875,28.556711980093567,0.8128269910812378,0.3685521185398102,193227.453125,0.021238327026367188,11135.0,0.00789642333984375,4140.0,0.012516021728515625,6562.0,0.0,0,0.38979044556617737,204362.453125,5000,1000
othim06,erp,0,1,1,0.0035,28.700188371251063,0.3759499192237854,197106.03125,28.696245007475977,0.8193990588188171,0.37657231092453003,197432.34375,0.022691726684570312,11897.0,0.008977890014648438,4707.0,0.012918472290039062,6773.0,0.0,0,0.39926403760910034,209329.34375,5000,1000
othim07,erp,0,1,1,0.0035,31.36669330814911,0.16246244311332703,85177.109375,31.33535982500385,0.8860916495323181,0.16358084976673126,85763.4765625,0.0198211669921875,10392.0,0.007963180541992188,4175.0,0.01102447509765625,5780.0,0.0,0,0.18340201675891876,96155.4765625,5000,1000
othim08,erp,0,1,1,0.0035,31.00592564500091,0.13472673296928406,70635.609375,30.969416872094868,0.8799125552177429,0.13579243421554565,71194.34375,0.020177841186523438,10579.0,0.007923126220703125,4154.0,0.011293411254882812,5921.0,0.0,0,0.1559702754020691,81773.34375,5000,1000
othim09,erp,0,1,1,0.0035,31.46012145288486,0.15949641168117523,83622.0546875,31.439126455192056,0.8841476440429688,0.15997682511806488,83873.9296875,0.021932601928710938,11499.0,0.008974075317382812,4705.0,0.012250900268554688,6423.0,0.0,0,0.18190942704677582,95372.9296875,5000,1000
othim10,erp,0,1,1,0.0035,29.98833870122093,0.15584367513656616,81706.96875,29.975606277228497,0.7972237467765808,0.15696942806243896,82297.1875,0.02093505859375,10976.0,0.007852554321289062,4117.0,0.012117385864257812,6353.0,0.0,0,0.17790448665618896,93273.1875,5000,1000
othim11,erp,0,1,1,0.0035,29.60354036081776,0.17311254143714905,90760.828125,29.59227094444206,0.7934579253196716,0.1740548014640808,91254.84375,0.019937515258789062,10453.0,0.00787353515625,4128.0,0.011224746704101562,5885.0,0.0,0,0.19399231672286987,101707.84375,5000,1000
othim12,erp,0,1,1,0.0035,29.38893281495592,0.20628778636455536,108154.2109375,29.383814034981572,0.7957296371459961,0.20688578486442566,108467.734375,0.022186279296875,11632.0,0.0089263916015625,4680.0,0.012294769287109375,6446.0,0.0,0,0.22907206416130066,120099.734375,5000,1000
othim13,erp,0,1,1,0.0035,30.606741660756892,0.15193314850330353,79656.7265625,30.584741376545406,0.8653572797775269,0.15260949730873108,80011.328125,0.020801544189453125,10906.0,0.008863449096679688,4647.0,0.010982513427734375,5758.0,0.0,0,0.1734110414981842,90917.328125,5000,1000
othim14,erp,0,1,1,0.0035,30.75535194462925,0.1433926522731781,75179.046875,30.728748392479304,0.8683068752288818,0.14351452887058258,75242.9453125,0.022451400756835938,11771.0,0.009960174560546875,5222.0,0.011531829833984375,6046.0,0.0,0,0.16596592962741852,87013.9453125,5000,1000
othim15,erp,0,1,1,0.0035,30.55106050064704,0.1441575586795807,75580.078125,30.5263254305149,0.8655014038085938,0.14487074315547943,75953.9921875,0.019998550415039062,10485.0,0.0078029632568359375,4091.0,0.011219024658203125,5882.0,0.0,0,0.1648692935705185,86438.9921875,5000,1000
othim16,erp,0,1,1,0.0035,31.26666903488231,0.13125008344650269,68812.84375,31.24963051839615,0.8808233141899109,0.131735160946846,69067.1640625,0.021383285522460938,11211.0,0.008892059326171875,4662.0,0.011533737182617188,6047.0,0.0,0,0.15311844646930695,80278.1640625,5000,1000
othim17,erp,0,1,1,0.0035,31.21708165782682,0.1309414803981781,68651.046875,31.200026853292595,0.881137490272522,0.1317693591117859,69085.09375,0.020280838012695312,10633.0,0.007848739624023438,4115.0,0.011499404907226562,6029.0,0.0,0,0.1520501971244812,79718.09375,5000,1000
othim18,erp,0,1,1,0.0035,31.439498896692623,0.13968214392662048,73233.671875,31.419185325209757,0.8821159601211548,0.14093731343746185,73891.7421875,0.020111083984375,10544.0,0.007854461669921875,4118.0,0.011304855346679688,5927.0,0.0,0,0.16104839742183685,84435.7421875,5000,1000
othim19,erp,0,1,1,0.0035,28.60624884245372,0.36792120337486267,192896.671875,28.587945736546583,0.8317912817001343,0.3688012361526489,193358.0625,0.019891738891601562,10429.0,0.007938385009765625,4162.0,0.011251449584960938,5899.0,0.0,0,0.3886929750442505,203787.0625,5000,1000
othim20,erp,0,1,1,0.0035,28.665795205599593,0.37270432710647583,195404.40625,28.653258866625322,0.8315776586532593,0.3738880753517151,196025.03125,0.020280838012695312,10633.0,0.007867813110351562,4125.0,0.0114593505859375,6008.0,0.0,0,0.3941689133644104,206658.03125,5000,1000
othim21,erp,0,1,1,0.0035,28.639397208665997,0.3737758994102478,195966.21875,28.62843524318676,0.8338773250579834,0.3753189444541931,196775.21875,0.020021438598632812,10497.0,0.0077571868896484375,4067.0,0.011323928833007812,5937.0,0.0,0,0.3953403830528259,207272.21875,5000,1000
othim22,erp,0,1,1,0.0035,31.05171684039838,0.18294265866279602,95914.640625,31.0146012219176,0.8722230792045593,0.18437345325946808,96664.7890625,0.019903182983398438,10435.0,0.007925033569335938,4155.0,0.0111236572265625,5832.0,0.0,0,0.20427663624286652,107099.7890625,5000,1000
othim23,erp,0,1,1,0.0035,29.875749081801157,0.19189807772636414,100609.859375,29.86579636022233,0.8555597066879272,0.19245514273643494,100901.921875,0.022218704223632812,11649.0,0.008916854858398438,4675.0,0.012304306030273438,6451.0,0.0,0,0.21467384696006775,112550.921875,5000,1000
othim24,erp,0,1,1,0.0035,29.240665581274584,0.2621537148952484,137444.046875,29.22748832694904,0.8589200973510742,0.26399508118629456,138409.453125,0.021348953247070312,11193.0,0.007928848266601562,4157.0,0.012460708618164062,6533.0,0.0,0,0.28534403443336487,149602.453125,5000,1000
othim25,erp,0,1,1,0.0035,28.14178966875718,0.4008444547653198,210157.9375,28.133647032151398,0.8418878316879272,0.4015614986419678,210533.875,0.021310806274414062,11173.0,0.0088958740234375,4664.0,0.01146697998046875,6012.0,0.0,0,0.42287230491638184,221706.875,5000,1000
othim26,erp,0,1,1,0.0035,28.12072051233028,0.40043702721595764,209944.328125,28.11692967040379,0.841853141784668,0.4008656144142151,210169.03125,0.022304534912109375,11694.0,0.00901031494140625,4724.0,0.012361526489257812,6481.0,0.0,0,0.42317014932632446,221863.03125,5000,1000
othim27,erp,0,1,1,0.0035,28.349660496832257,0.3312368392944336,173663.5,28.344463451979845,0.821283757686615,0.33229124546051025,174216.3125,0.021467208862304688,11255.0,0.007823944091796875,4102.0,0.012561798095703125,6586.0,0.0,0,0.35375845432281494,185471.3125,5000,1000
othim28,erp,0,1,1,0.0035,28.832153112422034,0.33176034688949585,173937.96875,28.81525729894493,0.844957709312439,0.33210909366607666,174120.8125,0.020998001098632812,11009.0,0.009126663208007812,4785.0,0.011049270629882812,5793.0,0.0,0,0.3531070947647095,185129.8125,5000,1000
othim29,erp,0,1,1,0.0035,29.272689054418368,0.3206688463687897,168122.828125,29.26840405189977,0.8452415466308594,0.3228604793548584,169271.875,0.021312713623046875,11174.0,0.007905960083007812,4145.0,0.012594223022460938,6603.0,0.0,0,0.3441731929779053,180445.875,5000,1000
othim30,erp,0,1,1,0.0035,28.79274581454473,0.33991461992263794,178213.15625,28.787953077516978,0.8472949862480164,0.34130918979644775,178944.3125,0.021074295043945312,11049.0,0.007915496826171875,4150.0,0.012359619140625,6480.0,0.0,0,0.36238348484039307,189993.3125,5000,1000
othim01,erp,0,1,1,0.005,28.732519982635008,0.1477288454771042,77452.4609375,28.722336467511255,0.8084684610366821,0.14835266768932343,77779.5234375,0.022390365600585938,11739.0,0.008968353271484375,4702.0,0.012571334838867188,6591.0,0.0,0,0.17074303328990936,89518.5234375,5000,1000
othim02,erp,0,1,1,0.005,28.869523060390634,0.14925891160964966,78254.65625,28.851730799675234,0.8101419806480408,0.14980937540531158,78543.2578125,0.020353317260742188,10671.0,0.008035659790039062,4213.0,0.011476516723632812,6017.0,0.0,0,0.17016269266605377,89214.2578125,5000,1000
othim03,erp,0,1,1,0.005,28.91905871791488,0.15367406606674194,80569.46875,28.904870059009983,0.810798168182373,0.15409019589424133,80787.640625,0.021097183227539062,11061.0,0.008932113647460938,4683.0,0.01120758056640625,5876.0,0.0,0,0.1751873791217804,91848.640625,5000,1000
othim04,erp,0,1,1,0.005,26.69905630164669,0.3689005970954895,193410.15625,26.692995397145935,0.7815918922424316,0.37002190947532654,193998.046875,0.02002716064453125,10500.0,0.0077075958251953125,4041.0,0.01136016845703125,5956.0,0.0,0,0.3900490701198578,204498.046875,5000,1000
othim05,erp,0,1,1,0.005,27.41629680240331,0.27491477131843567,144134.515625,27.399943037177508,0.7698237299919128,0.27584540843963623,144622.4375,0.0200958251953125,10536.0,0.00814056396484375,4268.0,0.010972976684570312,5753.0,0.0,0,0.29594123363494873,155158.4375,5000,1000
othim06,erp,0,1,1,0.005,27.52131668733,0.28288090229034424,148311.0625,27.51862378785758,0.7794243693351746,0.2832033634185791,148480.125,0.022174835205078125,11626.0,0.008836746215820312,4633.0,0.012491226196289062,6549.0,0.0,0,0.3053781986236572,160106.125,5000,1000
othim07,erp,0,1,1,0.005,30.110508057940667,0.12420706450939178,65120.2734375,30.10259125901096,0.8662667274475098,0.12468300759792328,65369.8046875,0.022212982177734375,11646.0,0.008998870849609375,4718.0,0.012371063232421875,6486.0,0.0,0,0.14689598977565765,77015.8046875,5000,1000
othim08,erp,0,1,1,0.005,30.35391260036614,0.1110614538192749,58228.1875,30.329726122719947,0.8662919402122498,0.11254367977380753,59005.30078125,0.020120620727539062,10549.0,0.007909774780273438,4147.0,0.011243820190429688,5895.0,0.0,0,0.1326643005013466,69554.30078125,5000,1000
othim09,erp,0,1,1,0.005,30.358168351009926,0.13133344054222107,68856.546875,30.337646643365606,0.8669208288192749,0.13186979293823242,69137.75,0.020763397216796875,10886.0,0.008884429931640625,4658.0,0.011030197143554688,5783.0,0.0,0,0.1526331901550293,80023.75,5000,1000
othim10,erp,0,1,1,0.005,29.231330556011567,0.11599208414554596,60813.2578125,29.226742494363908,0.7697625160217285,0.11627271771430969,60960.390625,0.022466659545898438,11779.0,0.008886337280273438,4659.0,0.01247406005859375,6540.0,0.0,0,0.13873937726020813,72739.390625,5000,1000
othim11,erp,0,1,1,0.005,28.906418618553044,0.13005058467388153,68183.9609375,28.880324027653284,0.7652148604393005,0.1306152641773224,68480.015625,0.020223617553710938,10603.0,0.007869720458984375,4126.0,0.011260986328125,5904.0,0.0,0,0.15083888173103333,79083.015625,5000,1000
othim12,erp,0,1,1,0.005,28.43897750915875,0.1441178321838379,75559.25,28.42889177571185,0.7622413039207458,0.14454329013824463,75782.3125,0.020660400390625,10832.0,0.00890350341796875,4668.0,0.010791778564453125,5658.0,0.0,0,0.16520369052886963,86614.3125,5000,1000
othim13,erp,0,1,1,0.005,30.03154412549188,0.11638084053993225,61017.078125,30.019385454833678,0.8546042442321777,0.11662915349006653,61147.265625,0.021409988403320312,11225.0,0.009029388427734375,4734.0,0.011415481567382812,5985.0,0.0,0,0.13803914189338684,72372.265625,5000,1000
othim14,erp,0,1,1,0.005,30.138574377627297,0.11834511160850525,62046.921875,30.11624220009398,0.8558275103569031,0.11919870227575302,62494.44921875,0.019941329956054688,10455.0,0.0077686309814453125,4073.0,0.01132965087890625,5940.0,0.0,0,0.1391400322318077,72949.44921875,5000,1000
othim15,erp,0,1,1,0.005,29.941003567975645,0.12055571377277374,63205.9140625,29.926520284644955,0.8536180853843689,0.12109794467687607,63490.19921875,0.020404815673828125,10698.0,0.008073806762695312,4233.0,0.011501312255859375,6030.0,0.0,0,0.1415027603507042,74188.19921875,5000,1000
othim16,erp,0,1,1,0.005,30.428690315835514,0.11083099246025085,58107.359375,30.412961379681946,0.8671298027038574,0.11211345344781876,58779.73828125,0.01891326904296875,9916.0,0.00681304931640625,3572.0,0.011144638061523438,5843.0,0.0,0,0.1310267224907875,68695.73828125,5000,1000
othim17,erp,0,1,1,0.005,30.342482020383034,0.10653989017009735,55857.5859375,30.31330820978104,0.8659234046936035,0.10720191895961761,56204.6796875,0.0201416015625,10560.0,0.0079498291015625,4168.0,0.011369705200195312,5961.0,0.0,0,0.12734352052211761,66764.6796875,5000,1000
othim18,erp,0,1,1,0.005,30.63266962119596,0.11235326528549194,58905.46875,30.608713725036495,0.8695000410079956,0.11260665208101273,59038.31640625,0.02094268798828125,10980.0,0.009000778198242188,4719.0,0.011220932006835938,5883.0,0.0,0,0.13354934006929398,70018.31640625,5000,1000
othim19,erp,0,1,1,0.005,27.385468287121707,0.27100443840026855,142084.375,27.37511197361603,0.797418475151062,0.27141839265823364,142301.40625,0.021636962890625,11344.0,0.009122848510742188,4783.0,0.011667251586914062,6117.0,0.0,0,0.29305535554885864,153645.40625,5000,1000
othim20,erp,0,1,1,0.005,27.466901400260827,0.286861777305603,150398.1875,27.453068215617204,0.7938146591186523,0.2875973582267761,150783.84375,0.02046966552734375,10732.0,0.008039474487304688,4215.0,0.01146697998046875,6012.0,0.0,0,0.3080670237541199,161515.84375,5000,1000
othim21,erp,0,1,1,0.005,27.471581380625185,0.2952922284603119,154818.171875,27.455897535385713,0.7953782081604004,0.29572319984436035,155044.125,0.021203994750976562,11117.0,0.00904083251953125,4740.0,0.011320114135742188,5935.0,0.0,0,0.3169271945953369,166161.125,5000,1000
othim22,erp,0,1,1,0.005,29.80919381003933,0.13026022911071777,68293.875,29.7731746516788,0.8522863388061523,0.1312137246131897,68793.78125,0.019865036010742188,10415.0,0.00789642333984375,4140.0,0.011007308959960938,5771.0,0.0,0,0.15107876062393188,79208.78125,5000,1000
othim23,erp,0,1,1,0.005,29.379677791004355,0.14621545374393463,76659.0078125,29.36890471223407,0.8406092524528503,0.14722347259521484,77187.5,0.022237777709960938,11659.0,0.009006500244140625,4722.0,0.012369155883789062,6485.0,0.0,0,0.16946125030517578,88846.5,5000,1000
othim24,erp,0,1,1,0.005,28.09993495794821,0.1828703135251999,95876.7109375,28.08279677789299,0.8293936252593994,0.18482381105422974,96900.90625,0.02021026611328125,10596.0,0.0079345703125,4160.0,0.01129150390625,5920.0,0.0,0,0.205034077167511,107496.90625,5000,1000
othim25,erp,0,1,1,0.005,27.08422355137238,0.30082929134368896,157721.1875,27.077319606318998,0.8126484155654907,0.3012472987174988,157940.34375,0.02264404296875,11872.0,0.009000778198242188,4719.0,0.012811660766601562,6717.0,0.0,0,0.3238913416862488,169812.34375,5000,1000
othim26,erp,0,1,1,0.005,27.06284468919674,0.32179534435272217,168713.4375,27.041562347675043,0.8125125169754028,0.32212579250335693,168886.6875,0.020994186401367188,11007.0,0.008819580078125,4624.0,0.011323928833007812,5937.0,0.0,0,0.3431199789047241,179893.6875,5000,1000
othim27,erp,0,1,1,0.005,27.303663857782137,0.25492826104164124,133655.828125,27.291565379515777,0.7910575866699219,0.2561926245689392,134318.71875,0.020200729370117188,10591.0,0.0078582763671875,4120.0,0.011373519897460938,5963.0,0.0,0,0.2763933539390564,144909.71875,5000,1000
othim28,erp,0,1,1,0.005,27.44042699360215,0.23352430760860443,122433.9921875,27.432163346961346,0.8050360679626465,0.234764963388443,123084.453125,0.020212173461914062,10597.0,0.007886886596679688,4135.0,0.011486053466796875,6022.0,0.0,0,0.25497713685035706,133681.453125,5000,1000
othim29,erp,0,1,1,0.005,28.04478104662333,0.23819634318351746,124883.484375,28.02554171791216,0.8114272952079773,0.2390899360179901,125351.984375,0.020151138305664062,10565.0,0.007894515991210938,4139.0,0.01143646240234375,5996.0,0.0,0,0.2592410743236542,135916.984375,5000,1000
othim30,erp,0,1,1,0.005,27.650498615754497,0.2548029124736786,133590.109375,27.640238438795194,0.8124622106552124,0.255448579788208,133928.625,0.0203094482421875,10648.0,0.00787353515625,4128.0,0.011487960815429688,6023.0,0.0,0,0.2757580280303955,144576.625,5000,1000
othim01,erp,1,0,1,0.0035,30.80515617986273,0.23748303949832916,124509.5078125,30.77319898731773,0.8581451773643494,0.23853904008865356,125063.15625,0.018785476684570312,9849.0,0.007965087890625,4176.0,0.009866714477539062,5173.0,0.0,0,0.2573245167732239,134912.15625,5000,1000
othim02,erp,1,0,1,0.0035,30.776976068923656,0.24296066164970398,127381.359375,30.752191790975132,0.8552185893058777,0.24437224864959717,128121.4375,0.018640518188476562,9773.0,0.007968902587890625,4178.0,0.009593963623046875,5030.0,0.0,0,0.26301276683807373,137894.4375,5000,1000
othim03,erp,1,0,1,0.0035,30.77536999933726,0.262894868850708,137832.625,30.752939156749573,0.8546086549758911,0.26335275173187256,138072.6875,0.019184112548828125,10058.0,0.009014129638671875,4726.0,0.009235382080078125,4842.0,0.0,0,0.2825368642807007,148130.6875,5000,1000
othim04,erp,1,0,1,0.0035,28.406185453180218,0.5033208131790161,263885.0625,28.393559228694414,0.8418964743614197,0.5040042996406555,264243.40625,0.019449234008789062,10197.0,0.008975982666015625,4706.0,0.009639739990234375,5054.0,0.0,0,0.5234535336494446,274440.40625,5000,1000
othim05,erp,1,0,1,0.0035,29.08930631211192,0.3962268531322479,207736.984375,29.084278675409745,0.8292891979217529,0.39661717414855957,207941.625,0.020412445068359375,10702.0,0.008989334106445312,4713.0,0.010471343994140625,5490.0,0.0,0,0.41702961921691895,218643.625,5000,1000
othim06,erp,1,0,1,0.0035,29.324972435348524,0.39575058221817017,207487.28125,29.291348333323565,0.8378588557243347,0.39697983860969543,208131.765625,0.01844024658203125,9668.0,0.0079803466796875,4184.0,0.009637832641601562,5053.0,0.0,0,0.4154200851917267,217799.765625,5000,1000
othim07,erp,1,0,1,0.0035,32.448727365291894,0.1903066337108612,99775.484375,32.403885275703495,0.8999025821685791,0.19074708223342896,100006.40625,0.019804000854492188,10383.0,0.008996963500976562,4717.0,0.009853363037109375,5166.0,0.0,0,0.21055108308792114,110389.40625,5000,1000
othim08,erp,1,0,1,0.0035,32.616396545001855,0.17174430191516876,90043.4765625,32.605531526183576,0.8995622396469116,0.1722983419895172,90333.953125,0.020650863647460938,10827.0,0.008977890014648438,4707.0,0.010845184326171875,5686.0,0.0,0,0.19294920563697815,101160.953125,5000,1000
othim09,erp,1,0,1,0.0035,32.34468172353535,0.19312962889671326,101255.546875,32.301076798284626,0.8951869010925293,0.1943412721157074,101890.796875,0.01861572265625,9760.0,0.007974624633789062,4181.0,0.00969696044921875,5084.0,0.0,0,0.2129569947719574,111650.796875,5000,1000
othim10,erp,1,0,1,0.0035,30.58913973789714,0.1793750822544098,94044.203125,30.573535537248414,0.820062518119812,0.17958888411521912,94156.296875,0.020557403564453125,10778.0,0.009868621826171875,5174.0,0.009717941284179688,5095.0,0.0,0,0.20014628767967224,104934.296875,5000,1000
othim11,erp,1,0,1,0.0035,30.45618836646463,0.20686379075050354,108456.203125,30.44269850537545,0.8233418464660645,0.20816153287887573,109136.59375,0.01993560791015625,10452.0,0.007930755615234375,4158.0,0.010919570922851562,5725.0,0.0,0,0.22809714078903198,119588.59375,5000,1000
othim12,erp,1,0,1,0.0035,30.04952000873854,0.2320091873407364,121639.6328125,30.039534809360685,0.8191126585006714,0.23314794898033142,122236.671875,0.0196685791015625,10312.0,0.0080108642578125,4200.0,0.0106964111328125,5608.0,0.0,0,0.2528165280818939,132548.671875,5000,1000
othim13,erp,1,0,1,0.0035,32.19508161044333,0.18835267424583435,98751.046875,32.18482760191604,0.8860859870910645,0.18880903720855713,98990.3125,0.020660400390625,10832.0,0.008941650390625,4688.0,0.0107879638671875,5656.0,0.0,0,0.20946943759918213,109822.3125,5000,1000
othim14,erp,1,0,1,0.0035,32.21801411163916,0.19422149658203125,101828.0,32.20281617388658,0.885487973690033,0.19514231383800507,102310.7734375,0.0184478759765625,9672.0,0.0078105926513671875,4095.0,0.009683609008789062,5077.0,0.0,0,0.21359018981456757,111982.7734375,5000,1000
othim15,erp,1,0,1,0.0035,32.09626128099119,0.19712680578231812,103351.21875,32.07025024554103,0.8851110935211182,0.19863903522491455,104144.0625,0.018169403076171875,9526.0,0.007900238037109375,4142.0,0.009572982788085938,5019.0,0.0,0,0.21680843830108643,113670.0625,5000,1000
othim16,erp,1,0,1,0.0035,32.669636598447205,0.17503558099269867,91769.0546875,32.6578743878896,0.8977340459823608,0.17526724934577942,91890.515625,0.020277023315429688,10631.0,0.008853912353515625,4642.0,0.010602951049804688,5559.0,0.0,0,0.1955442726612091,102521.515625,5000,1000
othim17,erp,1,0,1,0.0035,32.67408788063236,0.17597904801368713,92263.703125,32.6300936803361,0.8973530530929565,0.17616865038871765,92363.109375,0.018951416015625,9936.0,0.008968353271484375,4702.0,0.009176254272460938,4811.0,0.0,0,0.19512006640434265,102299.109375,5000,1000
othim18,erp,1,0,1,0.0035,32.71733100476299,0.17190828919410706,90129.453125,32.683463880867016,0.8968505263328552,0.17284733057022095,90621.78125,0.01853179931640625,9716.0,0.007921218872070312,4153.0,0.009668350219726562,5069.0,0.0,0,0.1913791298866272,100337.78125,5000,1000
othim19,erp,1,0,1,0.0035,29.28977373426768,0.39252185821533203,205794.5,29.27665855179693,0.8478774428367615,0.3930518925189972,206072.390625,0.019847869873046875,10406.0,0.008975982666015625,4706.0,0.009822845458984375,5150.0,0.0,0,0.41289976239204407,216478.390625,5000,1000
othim20,erp,1,0,1,0.0035,29.219344208217716,0.3896210789680481,204273.65625,29.206345367441696,0.8455977439880371,0.39000430703163147,204474.578125,0.01937103271484375,10156.0,0.008810043334960938,4619.0,0.0097198486328125,5096.0,0.0,0,0.4093753397464752,214630.578125,5000,1000
othim21,erp,1,0,1,0.0035,29.230979922903643,0.4007613956928253,210114.390625,29.221961757337677,0.8493940830230713,0.40115082263946533,210318.5625,0.01995849609375,10464.0,0.009065628051757812,4753.0,0.009927749633789062,5205.0,0.0,0,0.42110931873321533,220782.5625,5000,1000
othim22,erp,1,0,1,0.0035,31.834307268735802,0.21406161785125732,112229.9375,31.813114517433632,0.8815034627914429,0.21442435681819916,112420.1171875,0.020402908325195312,10697.0,0.008884429931640625,4658.0,0.010812759399414062,5669.0,0.0,0,0.23482726514339447,123117.1171875,5000,1000
othim23,erp,1,0,1,0.0035,30.368526505250543,0.19419172406196594,101812.390625,30.35296238048339,0.8714189529418945,0.19549688696861267,102496.671875,0.01854705810546875,9724.0,0.0077648162841796875,4071.0,0.0097198486328125,5096.0,0.0,0,0.21404394507408142,112220.671875,5000,1000
othim24,erp,1,0,1,0.0035,30.240392899353022,0.3066417872905731,160768.609375,30.20691800584042,0.8813468217849731,0.30719608068466187,161059.21875,0.019329071044921875,10134.0,0.009082794189453125,4762.0,0.009534835815429688,4999.0,0.0,0,0.32652515172958374,171193.21875,5000,1000
othim25,erp,1,0,1,0.0035,28.803864894712234,0.4432205259799957,232375.203125,28.791976279073523,0.8522032499313354,0.4438648223876953,232713.0,0.018705368041992188,9807.0,0.007930755615234375,4158.0,0.009828567504882812,5153.0,0.0,0,0.4625701904296875,242520.0,5000,1000
othim26,erp,1,0,1,0.0035,28.84068740363668,0.4433530271053314,232444.671875,28.834776581666357,0.8529237508773804,0.44404464960098267,232807.28125,0.020839691162109375,10926.0,0.008953094482421875,4694.0,0.010942459106445312,5737.0,0.0,0,0.46488434076309204,243733.28125,5000,1000
othim27,erp,1,0,1,0.0035,29.13707595653196,0.36487314105033875,191298.609375,29.11977074440672,0.8362796306610107,0.366407185792923,192102.890625,0.018743515014648438,9827.0,0.007925033569335938,4155.0,0.009860992431640625,5170.0,0.0,0,0.3851507008075714,201929.890625,5000,1000
othim28,erp,1,0,1,0.0035,29.44240473859983,0.3636125326156616,190637.6875,29.43577510422416,0.8631589412689209,0.36402207612991333,190852.40625,0.020620346069335938,10811.0,0.008935928344726562,4685.0,0.010747909545898438,5635.0,0.0,0,0.38464242219924927,201663.40625,5000,1000
othim29,erp,1,0,1,0.0035,29.800623067509566,0.33669784665107727,176526.640625,29.784219400419133,0.8607821464538574,0.33780723810195923,177108.28125,0.018457412719726562,9677.0,0.007884979248046875,4134.0,0.009893417358398438,5187.0,0.0,0,0.3562646508216858,186785.28125,5000,1000
othim30,erp,1,0,1,0.0035,29.43523993577885,0.3733173608779907,195725.8125,29.4214245774868,0.8646849393844604,0.3741928040981293,196184.796875,0.019582748413085938,10267.0,0.008909225463867188,4671.0,0.009721755981445312,5097.0,0.0,0,0.3937755525112152,206451.796875,5000,1000
othim01,erp,1,0,1,0.005,29.816421214810106,0.1753700077533722,91944.390625,29.80099592666565,0.8333499431610107,0.17651492357254028,92544.65625,0.0186309814453125,9768.0,0.007848739624023438,4115.0,0.0098114013671875,5144.0,0.0,0,0.19514590501785278,102312.65625,5000,1000
othim02,erp,1,0,1,0.005,29.42131160674892,0.16980132460594177,89024.796875,29.407108387345033,0.8246842622756958,0.17107287049293518,89691.453125,0.01851654052734375,9708.0,0.007984161376953125,4186.0,0.009572982788085938,5019.0,0.0,0,0.18958941102027893,99399.453125,5000,1000
othim03,erp,1,0,1,0.005,29.59972781958722,0.18151572346687317,95166.515625,29.58972450358881,0.8262002468109131,0.18273493647575378,95805.734375,0.019422531127929688,10183.0,0.007900238037109375,4142.0,0.010683059692382812,5601.0,0.0,0,0.20215746760368347,105988.734375,5000,1000
othim04,erp,1,0,1,0.005,27.175742196027112,0.396512508392334,207886.75,27.162596292639336,0.8000491857528687,0.3976387679576874,208477.234375,0.01853179931640625,9716.0,0.007907867431640625,4146.0,0.009675979614257812,5073.0,0.0,0,0.41617056727409363,218193.234375,5000,1000
othim05,erp,1,0,1,0.005,28.034401098476746,0.30584877729415894,160352.84375,28.019320974866854,0.793317437171936,0.3067489266395569,160824.78125,0.018339157104492188,9615.0,0.007862091064453125,4122.0,0.0096282958984375,5048.0,0.0,0,0.3250880837440491,170439.78125,5000,1000
othim06,erp,1,0,1,0.005,28.120833636372684,0.3103007674217224,162686.96875,28.11515876733391,0.8010821342468262,0.3115447163581848,163339.15625,0.019580841064453125,10266.0,0.008001327514648438,4195.0,0.010622024536132812,5569.0,0.0,0,0.33112555742263794,173605.15625,5000,1000
othim07,erp,1,0,1,0.005,31.524608227994765,0.1510726511478424,79205.578125,31.47360801710738,0.8852572441101074,0.1516062617301941,79485.34375,0.019426345825195312,10185.0,0.008756637573242188,4591.0,0.009725570678710938,5099.0,0.0,0,0.1710326075553894,89670.34375,5000,1000
othim08,erp,1,0,1,0.005,31.57320501930576,0.13696926832199097,71811.34375,31.547906292435073,0.8830679655075073,0.13725292682647705,71960.0625,0.019426345825195312,10185.0,0.008989334106445312,4713.0,0.009584426879882812,5025.0,0.0,0,0.15667927265167236,82145.0625,5000,1000
othim09,erp,1,0,1,0.005,31.399308290987033,0.15716251730918884,82398.421875,31.348464277354662,0.8804612159729004,0.15793529152870178,82803.578125,0.018741607666015625,9826.0,0.008029937744140625,4210.0,0.009883880615234375,5182.0,0.0,0,0.1766768991947174,92629.578125,5000,1000
othim10,erp,1,0,1,0.005,29.827273054720862,0.1402733325958252,73543.625,29.810079683724055,0.7966394424438477,0.14154505729675293,74210.375,0.018739700317382812,9825.0,0.008052825927734375,4222.0,0.009824752807617188,5151.0,0.0,0,0.16028475761413574,84035.375,5000,1000
othim11,erp,1,0,1,0.005,29.476519732049486,0.1537257432937622,80596.5625,29.465698830296606,0.7918163537979126,0.15457388758659363,81041.234375,0.019298553466796875,10118.0,0.007886886596679688,4135.0,0.010562896728515625,5538.0,0.0,0,0.1738724410533905,91159.234375,5000,1000
othim12,erp,1,0,1,0.005,29.012727233595523,0.1634756326675415,85708.3125,28.994076912604896,0.7849785089492798,0.16419515013694763,86085.546875,0.019636154174804688,10295.0,0.008890151977539062,4661.0,0.009771347045898438,5123.0,0.0,0,0.18383130431175232,96380.546875,5000,1000
othim13,erp,1,0,1,0.005,31.107235110913404,0.1558942347764969,81733.4765625,31.05452793009969,0.8688985109329224,0.15648841857910156,82045.0,0.018398284912109375,9646.0,0.0090179443359375,4728.0,0.008413314819335938,4411.0,0.0,0,0.17488670349121094,91691.0,5000,1000
othim14,erp,1,0,1,0.005,30.584599097858057,0.1339436024427414,70225.0234375,30.542854919751306,0.8650838136672974,0.1343773752450943,70452.4453125,0.018552780151367188,9727.0,0.008901596069335938,4667.0,0.008539199829101562,4477.0,0.0,0,0.1529301553964615,80179.4453125,5000,1000
othim15,erp,1,0,1,0.005,30.954133809748573,0.15470415353775024,81109.53125,30.93852068065823,0.8687866926193237,0.15518948435783386,81363.984375,0.019489288330078125,10218.0,0.008930206298828125,4682.0,0.00959014892578125,5028.0,0.0,0,0.174678772687912,91581.984375,5000,1000
othim16,erp,1,0,1,0.005,31.19470284558879,0.12580400705337524,65957.53125,31.16702839226043,0.8785110712051392,0.12642404437065125,66282.609375,0.018360137939453125,9626.0,0.007724761962890625,4050.0,0.009813308715820312,5145.0,0.0,0,0.14478418231010437,75908.609375,5000,1000
othim17,erp,1,0,1,0.005,31.47757447733645,0.13054729998111725,68444.3828125,31.408511699024345,0.8820444345474243,0.13231800496578217,69372.7421875,0.01647186279296875,8636.0,0.00677490234375,3552.0,0.0088653564453125,4648.0,0.0,0,0.14878986775875092,78008.7421875,5000,1000
othim18,erp,1,0,1,0.005,31.335206984091688,0.13313978910446167,69803.59375,31.30880990377751,0.8797034025192261,0.1334308534860611,69956.1953125,0.019256591796875,10096.0,0.0088043212890625,4616.0,0.009616851806640625,5042.0,0.0,0,0.1526874452829361,80052.1953125,5000,1000
othim19,erp,1,0,1,0.005,28.159603539167453,0.30315256118774414,158939.25,28.15238972074971,0.8149853944778442,0.3033350110054016,159034.90625,0.020965576171875,10992.0,0.010061264038085938,5275.0,0.009969711303710938,5227.0,0.0,0,0.3243005871772766,170026.90625,5000,1000
othim20,erp,1,0,1,0.005,28.168686002622508,0.3066692352294922,160783.0,28.154902402602357,0.8132611513137817,0.3076252341270447,161284.21875,0.0186920166015625,9800.0,0.007854461669921875,4118.0,0.009870529174804688,5175.0,0.0,0,0.3263172507286072,171084.21875,5000,1000
othim21,erp,1,0,1,0.005,28.13662189226459,0.3126286566257477,163907.453125,28.110098720565286,0.8168134689331055,0.31355512142181396,164393.1875,0.01892852783203125,9924.0,0.009113311767578125,4778.0,0.008846282958984375,4638.0,0.0,0,0.3324836492538452,174317.1875,5000,1000
othim22,erp,1,0,1,0.005,30.87686515693044,0.1664864867925644,87286.8671875,30.840562569144755,0.865024983882904,0.16687846183776855,87492.375,0.019580841064453125,10266.0,0.00890350341796875,4668.0,0.00969696044921875,5084.0,0.0,0,0.18645930290222168,97758.375,5000,1000
othim23,erp,1,0,1,0.005,29.80208920800763,0.15880872309207916,83261.5078125,29.794048333776384,0.8565536737442017,0.15916447341442108,83448.0234375,0.020555496215820312,10777.0,0.008913040161132812,4673.0,0.010694503784179688,5607.0,0.0,0,0.1797199696302414,94225.0234375,5000,1000
othim24,erp,1,0,1,0.005,28.93148773560939,0.22448372840881348,117694.125,28.925621588304768,0.851585865020752,0.22484250366687775,117882.2265625,0.020496368408203125,10746.0,0.009004592895507812,4721.0,0.010549545288085938,5531.0,0.0,0,0.24533887207508087,128628.2265625,5000,1000
othim25,erp,1,0,1,0.005,27.74604821029074,0.35528603196144104,186272.203125,27.729488925920474,0.8245958089828491,0.356472373008728,186894.1875,0.018381118774414062,9637.0,0.0079345703125,4160.0,0.009502410888671875,4982.0,0.0,0,0.3748534917831421,196531.1875,5000,1000
othim26,erp,1,0,1,0.005,27.871786043201173,0.3534465432167053,185307.78125,27.86659610518647,0.8279217481613159,0.35454824566841125,185885.390625,0.019992828369140625,10482.0,0.007904052734375,4144.0,0.011125564575195312,5833.0,0.0,0,0.3745410740375519,196367.390625,5000,1000
othim27,erp,1,0,1,0.005,28.21048450372393,0.2847403883934021,149285.96875,28.2029235666087,0.8124949932098389,0.28516659140586853,149509.421875,0.0195465087890625,10248.0,0.008941650390625,4688.0,0.009778976440429688,5127.0,0.0,0,0.30471310019493103,159757.421875,5000,1000
othim28,erp,1,0,1,0.005,28.24285775647839,0.2687137722969055,140883.40625,28.227482875282732,0.8306722640991211,0.26964548230171204,141371.890625,0.0185699462890625,9736.0,0.00799560546875,4192.0,0.009725570678710938,5099.0,0.0,0,0.28821542859077454,151107.890625,5000,1000
othim29,erp,1,0,1,0.005,28.535971607723507,0.2534151077270508,132862.5,28.515401154972306,0.8292942047119141,0.25364264845848083,132981.796875,0.019693374633789062,10325.0,0.008991241455078125,4714.0,0.0099945068359375,5240.0,0.0,0,0.2733360230922699,143306.796875,5000,1000
othim30,erp,1,0,1,0.005,28.191640299265504,0.2850962281227112,149472.53125,28.1797325142515,0.832456111907959,0.2854633331298828,149665.0,0.019519805908203125,10234.0,0.009126663208007812,4785.0,0.009700775146484375,5086.0,0.0,0,0.30498313903808594,159899.0,5000,1000
othim01,erp,1,1,1,0.0035,30.719719287298272,0.24480906128883362,128350.453125,30.701980411778212,0.8556258082389832,0.24531005322933197,128613.1171875,0.021955490112304688,11511.0,0.008928298950195312,4681.0,0.012310028076171875,6454.0,0.0,0,0.26726554334163666,140124.1171875,5000,1000
othim02,erp,1,1,1,0.0035,30.779451707755936,0.24166850745677948,126703.8984375,30.771726861470043,0.8551573753356934,0.2421007603406906,126930.5234375,0.021942138671875,11504.0,0.008901596069335938,4667.0,0.01222991943359375,6412.0,0.0,0,0.2640428990125656,138434.5234375,5000,1000
othim03,erp,1,1,1,0.0035,30.84212814683669,0.24281588196754456,127305.453125,30.83293966711963,0.8552634119987488,0.24355407059192657,127692.4765625,0.022344589233398438,11715.0,0.008989334106445312,4713.0,0.012409210205078125,6506.0,0.0,0,0.265898659825325,139407.4765625,5000,1000
othim04,erp,1,1,1,0.0035,28.373517155527008,0.4946078062057495,259316.9375,28.369587284568485,0.8414477109909058,0.4956773519515991,259877.6875,0.022092819213867188,11583.0,0.00885009765625,4640.0,0.012298583984375,6448.0,0.0,0,0.5177701711654663,271460.6875,5000,1000
othim05,erp,1,1,1,0.0035,29.143247844628572,0.3926706910133362,205872.53125,29.128365209158677,0.8304435610771179,0.393680214881897,206401.8125,0.020723342895507812,10865.0,0.009002685546875,4720.0,0.010904312133789062,5717.0,0.0,0,0.4144035577774048,217266.8125,5000,1000
othim06,erp,1,1,1,0.0035,29.26141366863473,0.3975368142127991,208423.78125,29.25380221403115,0.8376871347427368,0.398281991481781,208814.46875,0.021200180053710938,11115.0,0.0078277587890625,4104.0,0.012422561645507812,6513.0,0.0,0,0.41948217153549194,219929.46875,5000,1000
othim07,erp,1,1,1,0.0035,32.39852026015757,0.19628667831420898,102910.75,32.36482616226595,0.8997737765312195,0.19668927788734436,103121.828125,0.020992279052734375,11006.0,0.008823394775390625,4626.0,0.01134490966796875,5948.0,0.0,0,0.21768155694007874,114127.828125,5000,1000
othim08,erp,1,1,1,0.0035,32.44555374316519,0.17698580026626587,92791.53125,32.40256623272612,0.8976583480834961,0.17742380499839783,93021.171875,0.020921707153320312,10969.0,0.009033203125,4736.0,0.011186599731445312,5865.0,0.0,0,0.19834551215171814,103990.171875,5000,1000
othim09,erp,1,1,1,0.0035,32.38720805849779,0.1940496563911438,101737.90625,32.34963353308541,0.896563708782196,0.19430506229400635,101871.8125,0.020999908447265625,11010.0,0.008874893188476562,4653.0,0.011156082153320312,5849.0,0.0,0,0.21530497074127197,112881.8125,5000,1000
othim10,erp,1,1,1,0.0035,30.66505574017353,0.1834389716386795,96174.8515625,30.6581427869196,0.8217050433158875,0.1840004026889801,96469.203125,0.022153854370117188,11615.0,0.008882522583007812,4657.0,0.012451171875,6528.0,0.0,0,0.2061542570590973,108084.203125,5000,1000
othim11,erp,1,1,1,0.0035,30.381089329483842,0.2126920223236084,111511.875,30.3636463615516,0.8209476470947266,0.21312358975410461,111738.140625,0.021215438842773438,11123.0,0.008882522583007812,4657.0,0.01137542724609375,5964.0,0.0,0,0.23433902859687805,122861.140625,5000,1000
othim12,erp,1,1,1,0.0035,30.020108130278604,0.23214437067508698,121710.5078125,30.012453269216568,0.8190823793411255,0.23391284048557281,122637.6953125,0.021144866943359375,11086.0,0.0077419281005859375,4059.0,0.0125732421875,6592.0,0.0,0,0.2550577074289322,133723.6953125,5000,1000
othim13,erp,1,1,1,0.0035,32.08288830549808,0.20365606248378754,106774.4296875,32.071242597756786,0.8839350938796997,0.20409156382083893,107002.7578125,0.021230697631835938,11131.0,0.0088958740234375,4664.0,0.011388778686523438,5971.0,0.0,0,0.22532226145267487,118133.7578125,5000,1000
othim14,erp,1,1,1,0.0035,32.11611576974464,0.19594089686870575,102729.4609375,32.08209100719106,0.8842761516571045,0.1969788819551468,103273.6640625,0.019979476928710938,10475.0,0.007877349853515625,4130.0,0.011266708374023438,5907.0,0.0,0,0.21695835888385773,113748.6640625,5000,1000
othim15,erp,1,1,1,0.0035,31.942479355045013,0.19118823111057281,100237.6953125,31.929950407458907,0.8838326334953308,0.19220083951950073,100768.59375,0.021595001220703125,11322.0,0.007965087890625,4176.0,0.012689590454101562,6653.0,0.0,0,0.21379584074020386,112090.59375,5000,1000
othim16,erp,1,1,1,0.0035,32.65354036395387,0.17148275673389435,89906.3515625,32.643923300363035,0.8979300260543823,0.17183178663253784,90089.34375,0.022642135620117188,11871.0,0.0089874267578125,4712.0,0.012725830078125,6672.0,0.0,0,0.19447392225265503,101960.34375,5000,1000
othim17,erp,1,1,1,0.0035,32.45084027223753,0.17734795808792114,92981.40625,32.43557777747733,0.8958227634429932,0.17795777320861816,93301.125,0.021190643310546875,11110.0,0.007833480834960938,4107.0,0.012529373168945312,6569.0,0.0,0,0.19914841651916504,104411.125,5000,1000
othim18,erp,1,1,1,0.0035,32.605577663330045,0.16941609978675842,88822.828125,32.55797680270461,0.896761417388916,0.17061765491962433,89452.7890625,0.019884109497070312,10425.0,0.007854461669921875,4118.0,0.011198043823242188,5871.0,0.0,0,0.19050176441669464,99877.7890625,5000,1000
othim19,erp,1,1,1,0.0035,29.29254387957346,0.39528214931488037,207241.6875,29.28355856073774,0.8495849370956421,0.39590632915496826,207568.9375,0.02237701416015625,11732.0,0.00899505615234375,4716.0,0.012556076049804688,6583.0,0.0,0,0.4182833433151245,219300.9375,5000,1000
othim20,erp,1,1,1,0.0035,29.288695279817848,0.39371258020401,206418.78125,29.279532483134478,0.8458350896835327,0.39398908615112305,206563.75,0.022235870361328125,11658.0,0.008905410766601562,4669.0,0.012510299682617188,6559.0,0.0,0,0.41622495651245117,218221.75,5000,1000
othim21,erp,1,1,1,0.0035,29.257724062691604,0.408886194229126,214374.125,29.241831937466415,0.8481378555297852,0.4097827672958374,214844.1875,0.020296096801757812,10641.0,0.007862091064453125,4122.0,0.011487960815429688,6023.0,0.0,0,0.4300788640975952,225485.1875,5000,1000
othim22,erp,1,1,1,0.0035,31.913655928382767,0.21043497323989868,110328.53125,31.90539210412466,0.8842658400535583,0.21154581010341644,110910.9296875,0.021503448486328125,11274.0,0.0079498291015625,4168.0,0.012575149536132812,6593.0,0.0,0,0.23304925858974457,122184.9296875,5000,1000
othim23,erp,1,1,1,0.0035,30.7083463890482,0.21068048477172852,110457.25,30.677577858832176,0.8760203123092651,0.2112179398536682,110739.03125,0.020900726318359375,10958.0,0.008939743041992188,4687.0,0.01097869873046875,5756.0,0.0,0,0.2321186661720276,121697.03125,5000,1000
othim24,erp,1,1,1,0.0035,30.15950230175402,0.3034304976463318,159084.96875,30.131483270208793,0.8799111247062683,0.30406779050827026,159419.09375,0.02094268798828125,10980.0,0.00897979736328125,4708.0,0.011150360107421875,5846.0,0.0,0,0.3250104784965515,170399.09375,5000,1000
othim25,erp,1,1,1,0.0035,28.72712521507977,0.44376713037490845,232661.78125,28.70656970687824,0.8506455421447754,0.4441109895706177,232842.0625,0.0209808349609375,11000.0,0.008913040161132812,4673.0,0.010990142822265625,5762.0,0.0,0,0.4650918245315552,243842.0625,5000,1000
othim26,erp,1,1,1,0.0035,28.793503332152152,0.4471395015716553,234429.875,28.785711650352678,0.8527019023895264,0.44726550579071045,234495.9375,0.023530960083007812,12337.0,0.009958267211914062,5221.0,0.012624740600585938,6619.0,0.0,0,0.47079646587371826,246832.9375,5000,1000
othim27,erp,1,1,1,0.0035,29.15301836695259,0.3654692769050598,191611.15625,29.13363598998718,0.8357747793197632,0.366668701171875,192240.0,0.0201568603515625,10568.0,0.007879257202148438,4131.0,0.01141357421875,5984.0,0.0,0,0.3868255615234375,202808.0,5000,1000
othim28,erp,1,1,1,0.0035,29.453492524019808,0.3601587414741516,188826.90625,29.438710121784055,0.8645622730255127,0.3613786995410919,189466.515625,0.020055770874023438,10515.0,0.007974624633789062,4181.0,0.011255264282226562,5901.0,0.0,0,0.38143447041511536,199981.515625,5000,1000
othim29,erp,1,1,1,0.0035,29.78184112061103,0.33982473611831665,178166.03125,29.764410011892327,0.8605925440788269,0.34102293848991394,178794.234375,0.019804000854492188,10383.0,0.007898330688476562,4141.0,0.011089324951171875,5814.0,0.0,0,0.36082693934440613,189177.234375,5000,1000
othim30,erp,1,1,1,0.0035,29.374085230897975,0.36761271953582764,192734.9375,29.361407082500715,0.8638633489608765,0.3683573603630066,193125.34375,0.020025253295898438,10499.0,0.0077266693115234375,4051.0,0.011508941650390625,6034.0,0.0,0,0.38838261365890503,203624.34375,5000,1000
othim01,erp,1,1,1,0.005,29.528570818264516,0.17431728541851044,91392.4609375,29.49471993141456,0.8279328346252441,0.17523714900016785,91874.734375,0.020959854125976562,10989.0,0.009088516235351562,4765.0,0.011034011840820312,5785.0,0.0,0,0.1961970031261444,102863.734375,5000,1000
othim02,erp,1,1,1,0.005,29.54353871691338,0.1779342144727707,93288.7734375,29.536878371355655,0.8246669173240662,0.17951439321041107,94117.2421875,0.021791458129882812,11425.0,0.007905960083007812,4145.0,0.012807846069335938,6715.0,0.0,0,0.20130585134029388,105542.2421875,5000,1000
othim03,erp,1,1,1,0.005,29.45317421513577,0.17904047667980194,93868.7734375,29.44603547566233,0.8228527903556824,0.18033556640148163,94547.7734375,0.020986557006835938,11003.0,0.007841110229492188,4111.0,0.012315750122070312,6457.0,0.0,0,0.20132212340831757,105550.7734375,5000,1000
othim04,erp,1,1,1,0.005,27.16148849872663,0.3901432752609253,204547.4375,27.144264926209004,0.7988052368164062,0.3913572132587433,205183.890625,0.019838333129882812,10401.0,0.007884979248046875,4134.0,0.010986328125,5760.0,0.0,0,0.4111955463886261,215584.890625,5000,1000
othim05,erp,1,1,1,0.005,27.95883144997781,0.3085259199142456,161756.4375,27.944293295020472,0.7912096381187439,0.3091648817062378,162091.4375,0.020868301391601562,10941.0,0.009122848510742188,4783.0,0.010915756225585938,5723.0,0.0,0,0.33003318309783936,173032.4375,5000,1000
othim06,erp,1,1,1,0.005,28.217701941679476,0.3080557584762573,161509.9375,28.21047434522514,0.8033887147903442,0.30838069319725037,161680.296875,0.02130126953125,11168.0,0.008913040161132812,4673.0,0.011461257934570312,6009.0,0.0,0,0.32968196272850037,172848.296875,5000,1000
othim07,erp,1,1,1,0.005,31.478319229757915,0.15646231174468994,82031.3125,31.47022674695664,0.8854184150695801,0.15751463174819946,82583.03125,0.021154403686523438,11091.0,0.007902145385742188,4143.0,0.012434005737304688,6519.0,0.0,0,0.1786690354347229,93674.03125,5000,1000
othim08,erp,1,1,1,0.005,31.51030906173054,0.1352846622467041,70928.125,31.484864484889645,0.8832125067710876,0.13653792440891266,71585.1953125,0.020009994506835938,10491.0,0.007839202880859375,4110.0,0.011232376098632812,5889.0,0.0,0,0.1565479189157486,82076.1953125,5000,1000
othim09,erp,1,1,1,0.005,31.465310546450606,0.153021901845932,80227.546875,31.435141866355366,0.8814024925231934,0.1543481945991516,80922.90625,0.020008087158203125,10490.0,0.008016586303710938,4203.0,0.01116943359375,5856.0,0.0,0,0.17435628175735474,91412.90625,5000,1000
othim10,erp,1,1,1,0.005,29.90146035414716,0.13590283691883087,71252.2265625,29.885810455060593,0.7956223487854004,0.1362479329109192,71433.15625,0.02075958251953125,10884.0,0.008878707885742188,4655.0,0.011045455932617188,5791.0,0.0,0,0.15700751543045044,82317.15625,5000,1000
othim11,erp,1,1,1,0.005,29.408384362872,0.15979689359664917,83779.59375,29.397396014415552,0.7888946533203125,0.16018317639827728,83982.1171875,0.022336959838867188,11711.0,0.009054183959960938,4747.0,0.012449264526367188,6527.0,0.0,0,0.18252013623714447,95693.1171875,5000,1000
othim12,erp,1,1,1,0.005,28.94357943525903,0.16307878494262695,85500.25,28.930501431847404,0.7827262878417969,0.16343866288661957,85688.9296875,0.021165847778320312,11097.0,0.009016036987304688,4727.0,0.011426925659179688,5991.0,0.0,0,0.18460451066493988,96785.9296875,5000,1000
othim13,erp,1,1,1,0.005,30.945692352022178,0.14881902933120728,78024.03125,30.90324336360995,0.8680130839347839,0.14925992488861084,78255.1875,0.018968582153320312,9945.0,0.00787353515625,4128.0,0.01025390625,5376.0,0.0,0,0.16822850704193115,88200.1875,5000,1000
othim14,erp,1,1,1,0.005,31.03194383967741,0.15683111548423767,82224.671875,30.972324970933936,0.8683959245681763,0.15784341096878052,82755.40625,0.018941879272460938,9931.0,0.007936477661132812,4161.0,0.010158538818359375,5326.0,0.0,0,0.17678529024124146,92686.40625,5000,1000
othim15,erp,1,1,1,0.005,31.1742476687502,0.15507879853248596,81305.953125,31.14061963610796,0.8706180453300476,0.1561046689748764,81843.8046875,0.02025604248046875,10620.0,0.007904052734375,4144.0,0.011648178100585938,6107.0,0.0,0,0.17636071145534515,92463.8046875,5000,1000
othim16,erp,1,1,1,0.005,31.044697625338518,0.12302844971418381,64502.33984375,31.02293010346125,0.8764147758483887,0.12393675744533539,64978.5546875,0.0199737548828125,10472.0,0.007860183715820312,4121.0,0.011278152465820312,5913.0,0.0,0,0.1439105123281479,75450.5546875,5000,1000
othim17,erp,1,1,1,0.005,31.4338074374203,0.13064438104629517,68495.28125,31.424509784804997,0.8804017901420593,0.1309025138616562,68630.6171875,0.022312164306640625,11698.0,0.009038925170898438,4739.0,0.0123291015625,6464.0,0.0,0,0.15321467816829681,80328.6171875,5000,1000
othim18,erp,1,1,1,0.005,31.09305961193383,0.12351462244987488,64757.234375,31.068612167087306,0.8787805438041687,0.12506967782974243,65572.53125,0.0200042724609375,10488.0,0.008016586303710938,4203.0,0.011142730712890625,5842.0,0.0,0,0.14507395029067993,76060.53125,5000,1000
othim19,erp,1,1,1,0.005,28.203321325483625,0.3117237687110901,163433.03125,28.182559917808362,0.8173815011978149,0.31233420968055725,163753.078125,0.021312713623046875,11174.0,0.008869171142578125,4650.0,0.0116119384765625,6088.0,0.0,0,0.3336469233036041,174927.078125,5000,1000
othim20,erp,1,1,1,0.005,28.184016443330353,0.31031131744384766,162692.5,28.17312082195906,0.8126590251922607,0.31089842319488525,163000.3125,0.021505355834960938,11275.0,0.009029388427734375,4734.0,0.01165771484375,6112.0,0.0,0,0.3324037790298462,174275.3125,5000,1000
othim21,erp,1,1,1,0.005,28.132170930601674,0.31198081374168396,163567.796875,28.122180287455624,0.8143943548202515,0.31275659799575806,163974.53125,0.02126312255859375,11148.0,0.008909225463867188,4671.0,0.011526107788085938,6043.0,0.0,0,0.3340197205543518,175122.53125,5000,1000
othim22,erp,1,1,1,0.005,30.956171596974666,0.16250655055046082,85200.234375,30.915781852131033,0.8669673800468445,0.1629769206047058,85446.84375,0.02155303955078125,11300.0,0.008914947509765625,4674.0,0.011671066284179688,6119.0,0.0,0,0.18452996015548706,96746.84375,5000,1000
othim23,erp,1,1,1,0.005,29.778407018690796,0.15599456429481506,81786.078125,29.770956336485018,0.8558939695358276,0.15690657496452332,82264.234375,0.022439956665039062,11765.0,0.008838653564453125,4634.0,0.012605667114257812,6609.0,0.0,0,0.17934653162956238,94029.234375,5000,1000
othim24,erp,1,1,1,0.005,28.879544578538002,0.218690887093544,114657.0078125,28.85581276265371,0.8498275279998779,0.21936273574829102,115009.25,0.021076202392578125,11050.0,0.008970260620117188,4703.0,0.011281967163085938,5915.0,0.0,0,0.24043893814086914,126059.25,5000,1000
othim25,erp,1,1,1,0.005,27.81989311637069,0.34517157077789307,180969.3125,27.805973832639648,0.8270289301872253,0.3455760180950165,181181.359375,0.02130126953125,11168.0,0.009061813354492188,4751.0,0.01126861572265625,5908.0,0.0,0,0.3668772876262665,192349.359375,5000,1000
othim26,erp,1,1,1,0.005,27.823684234155866,0.3509783446788788,184013.734375,27.807021180630684,0.8261822462081909,0.35125482082366943,184158.6875,0.021654129028320312,11353.0,0.009944915771484375,5214.0,0.010986328125,5760.0,0.0,0,0.37290894985198975,195511.6875,5000,1000
othim27,erp,1,1,1,0.005,28.279831387972752,0.2873070240020752,150631.625,28.261756581439794,0.8118192553520203,0.28748369216918945,150724.25,0.021295547485351562,11165.0,0.009037017822265625,4738.0,0.01142120361328125,5988.0,0.0,0,0.308779239654541,161889.25,5000,1000
othim28,erp,1,1,1,0.005,28.273764598546975,0.2669069766998291,139936.125,28.263362989234068,0.8317181468009949,0.26762324571609497,140311.65625,0.02054595947265625,10772.0,0.007946014404296875,4166.0,0.01177978515625,6176.0,0.0,0,0.2881692051887512,151083.65625,5000,1000
othim29,erp,1,1,1,0.005,28.573470761058445,0.25978827476501465,136203.875,28.55207817176289,0.8312694430351257,0.2606772184371948,136669.9375,0.020030975341796875,10502.0,0.008005142211914062,4197.0,0.011304855346679688,5927.0,0.0,0,0.2807081937789917,147171.9375,5000,1000
othim30,erp,1,1,1,0.005,28.183796298844396,0.2775540351867676,145518.25,28.164207573872826,0.8319010734558105,0.27857744693756104,146054.8125,0.020170211791992188,10575.0,0.007938385009765625,4162.0,0.0114288330078125,5992.0,0.0,0,0.2987476587295532,156629.8125,5000,1000
