seed 1
Namespace(batch_size=1, lr=0.01, data='../data', sparsity=0.0, local_upsampling_kernel_size=8, upsampling_kernel_size=8, static_upsampling_kernel=False, latent_factor=1, mod_base=7, highest_flag=1, context_arm=16, dim_arm_mod=16, use_candidate=True, type='other', mod_hid_layer=0, sythesis_features=12, hidden_features=64, hidden_layer=2, scale=1, lambda_rate=0.0006, lambda_rate_list=[0.0006, 0.0008], start_index=0, mask_type='erp', wsmse_tag=0, swhdc_tag=1, swhdc_dilations=[1, 2, 3, 4], erp_padding=1, workdir='./experiments/vcip_combined_loss', train_steps_1=5000, train_steps_2=1000, loss_type='combined', lambda_dist=0.0023437500000000003, lambda_percep=1.0, patch_h=512, patch_w=1024, all_pix_num=524288, eval_pix_num=524288)
Directory './saved/modbase_7/context_16_arm_mod_16' already exists.
Directory './saved/modbase_7/context_16_arm_mod_16/sparity_0.0' already exists.
top %: 0.0

🔁 Stage-1 Training Candidate 1/7
Quantizer parameter: encoding gain  16
total pixel: 524288
Get Mod with shape torch.Size([1, 1, 8, 16]) at layer: 1
Get Mod with shape torch.Size([1, 1, 16, 32]) at layer: 2
Get Mod with shape torch.Size([1, 1, 32, 64]) at layer: 3
Get Mod with shape torch.Size([1, 1, 64, 128]) at layer: 4
Get Mod with shape torch.Size([1, 1, 128, 256]) at layer: 5
Get Mod with shape torch.Size([1, 1, 256, 512]) at layer: 6
Get Mod with shape torch.Size([1, 1, 512, 1024]) at layer: 7
start temperature: 0.3 noise parameter: 2.0
end temperature: 0.3 noise parameter: 2.0
********************Start from stage I
/home/diego/Desktop/moric360-again/models/candidate_train.py:178: UserWarning: Converting a tensor with requires_grad=True to a scalar may lead to unexpected behavior.
Consider using tensor.detach() first. (Triggered internally at /pytorch/torch/csrc/autograd/generated/python_variable_methods.cpp:838.)
  "Step %d, BEST PSNR: %0.6f, Total loss %0.6f"
Step 400, BEST PSNR: 33.344759, Total loss 0.022605 with its rate 3.005208730697632 latent_bits 1575594.875

🔁 Stage-1 Training Candidate 2/7
Quantizer parameter: encoding gain  16
total pixel: 524288
Get Mod with shape torch.Size([1, 1, 8, 16]) at layer: 1
Get Mod with shape torch.Size([1, 1, 16, 32]) at layer: 2
Get Mod with shape torch.Size([1, 1, 32, 64]) at layer: 3
Get Mod with shape torch.Size([1, 1, 64, 128]) at layer: 4
Get Mod with shape torch.Size([1, 1, 128, 256]) at layer: 5
Get Mod with shape torch.Size([1, 1, 256, 512]) at layer: 6
Get Mod with shape torch.Size([1, 1, 512, 1024]) at layer: 7
start temperature: 0.3 noise parameter: 2.0
end temperature: 0.3 noise parameter: 2.0
********************Start from stage I
Step 400, BEST PSNR: 34.718631, Total loss 0.019402 with its rate 3.037964344024658 latent_bits 1592768.25

🔁 Stage-1 Training Candidate 3/7
Quantizer parameter: encoding gain  16
total pixel: 524288
Get Mod with shape torch.Size([1, 1, 8, 16]) at layer: 1
Get Mod with shape torch.Size([1, 1, 16, 32]) at layer: 2
Get Mod with shape torch.Size([1, 1, 32, 64]) at layer: 3
Get Mod with shape torch.Size([1, 1, 64, 128]) at layer: 4
Get Mod with shape torch.Size([1, 1, 128, 256]) at layer: 5
Get Mod with shape torch.Size([1, 1, 256, 512]) at layer: 6
Get Mod with shape torch.Size([1, 1, 512, 1024]) at layer: 7
start temperature: 0.3 noise parameter: 2.0
end temperature: 0.3 noise parameter: 2.0
********************Start from stage I
Step 400, BEST PSNR: 33.072648, Total loss 0.022944 with its rate 2.8695130348205566 latent_bits 1504451.25

🔁 Stage-1 Training Candidate 4/7
Quantizer parameter: encoding gain  16
total pixel: 524288
Get Mod with shape torch.Size([1, 1, 8, 16]) at layer: 1
Get Mod with shape torch.Size([1, 1, 16, 32]) at layer: 2
Get Mod with shape torch.Size([1, 1, 32, 64]) at layer: 3
Get Mod with shape torch.Size([1, 1, 64, 128]) at layer: 4
Get Mod with shape torch.Size([1, 1, 128, 256]) at layer: 5
Get Mod with shape torch.Size([1, 1, 256, 512]) at layer: 6
Get Mod with shape torch.Size([1, 1, 512, 1024]) at layer: 7
start temperature: 0.3 noise parameter: 2.0
end temperature: 0.3 noise parameter: 2.0
********************Start from stage I
Step 400, BEST PSNR: 33.499020, Total loss 0.023182 with its rate 2.8697898387908936 latent_bits 1504596.375

🔁 Stage-1 Training Candidate 5/7
Quantizer parameter: encoding gain  16
total pixel: 524288
Get Mod with shape torch.Size([1, 1, 8, 16]) at layer: 1
Get Mod with shape torch.Size([1, 1, 16, 32]) at layer: 2
Get Mod with shape torch.Size([1, 1, 32, 64]) at layer: 3
Get Mod with shape torch.Size([1, 1, 64, 128]) at layer: 4
Get Mod with shape torch.Size([1, 1, 128, 256]) at layer: 5
Get Mod with shape torch.Size([1, 1, 256, 512]) at layer: 6
Get Mod with shape torch.Size([1, 1, 512, 1024]) at layer: 7
start temperature: 0.3 noise parameter: 2.0
end temperature: 0.3 noise parameter: 2.0
********************Start from stage I
Step 400, BEST PSNR: 33.179544, Total loss 0.021988 with its rate 2.9519641399383545 latent_bits 1547679.375

🔁 Stage-1 Training Candidate 6/7
Quantizer parameter: encoding gain  16
total pixel: 524288
Get Mod with shape torch.Size([1, 1, 8, 16]) at layer: 1
Get Mod with shape torch.Size([1, 1, 16, 32]) at layer: 2
Get Mod with shape torch.Size([1, 1, 32, 64]) at layer: 3
Get Mod with shape torch.Size([1, 1, 64, 128]) at layer: 4
Get Mod with shape torch.Size([1, 1, 128, 256]) at layer: 5
Get Mod with shape torch.Size([1, 1, 256, 512]) at layer: 6
Get Mod with shape torch.Size([1, 1, 512, 1024]) at layer: 7
start temperature: 0.3 noise parameter: 2.0
end temperature: 0.3 noise parameter: 2.0
********************Start from stage I
Step 400, BEST PSNR: 31.896398, Total loss 0.023489 with its rate 2.9579267501831055 latent_bits 1550805.5

🔁 Stage-1 Training Candidate 7/7
Quantizer parameter: encoding gain  16
total pixel: 524288
Get Mod with shape torch.Size([1, 1, 8, 16]) at layer: 1
Get Mod with shape torch.Size([1, 1, 16, 32]) at layer: 2
Get Mod with shape torch.Size([1, 1, 32, 64]) at layer: 3
Get Mod with shape torch.Size([1, 1, 64, 128]) at layer: 4
Get Mod with shape torch.Size([1, 1, 128, 256]) at layer: 5
Get Mod with shape torch.Size([1, 1, 256, 512]) at layer: 6
Get Mod with shape torch.Size([1, 1, 512, 1024]) at layer: 7
start temperature: 0.3 noise parameter: 2.0
end temperature: 0.3 noise parameter: 2.0
********************Start from stage I
Step 400, BEST PSNR: 34.290760, Total loss 0.020482 with its rate 2.913562297821045 latent_bits 1527545.75

🌟 Selected Top-3 Candidates by RD cost

🎯 Stage-2 Refining Candidate 1/3
start temperature: 0.3 noise parameter: 2.0
end temperature: 0.3 noise parameter: 2.0
********************Start from stage I
Step 400, BEST PSNR: 36.732159, Total loss 0.014670 with its rate 3.5074286460876465 latent_bits 1838902.75

🎯 Stage-2 Refining Candidate 2/3
start temperature: 0.3 noise parameter: 2.0
end temperature: 0.3 noise parameter: 2.0
********************Start from stage I
Step 400, BEST PSNR: 37.136084, Total loss 0.013701 with its rate 3.490847110748291 latent_bits 1830209.25

🎯 Stage-2 Refining Candidate 3/3
start temperature: 0.3 noise parameter: 2.0
end temperature: 0.3 noise parameter: 2.0
********************Start from stage I
Step 400, BEST PSNR: 35.732301, Total loss 0.015068 with its rate 3.4898719787597656 latent_bits 1829698.0

🏆 Best Candidate Final PSNR: 37.14, Rate: 3.4908
Masked_INR(
  (upsampling_2d): Upsampling(
    (conv_transpose2d): UpsamplingConvTranspose2d()
  )
  (arm): Arm(
    (mlp): Sequential(
      (0): ArmConv(
        (conv1_1): Conv1d(16, 16, kernel_size=(1,), stride=(1,))
      )
      (1): GELU(approximate='none')
      (2): ArmConv(
        (conv1_1): Conv1d(16, 16, kernel_size=(1,), stride=(1,))
      )
      (3): GELU(approximate='none')
      (4): ArmConv(
        (conv1_1): Conv1d(16, 2, kernel_size=(1,), stride=(1,))
      )
    )
  )
  (conv_mod): LocalGlobalBlock(
    (net): Sequential(
      (0): SynthesisLayer(
        (pad): Identity()
        (conv_layer): SWHDC(
          (conv): Conv2d(2, 3, kernel_size=(3, 3), stride=(1, 1))
        )
        (non_linearity): GELU(approximate='none')
      )
      (1): SynthesisResidualLayer(
        (pad): ReplicationPad2d((0, 0, 0, 0))
        (conv_layer): Conv2d(3, 3, kernel_size=(1, 1), stride=(1, 1))
        (non_linearity): GELU(approximate='none')
      )
      (2): SynthesisResidualLayer(
        (pad): ReplicationPad2d((0, 0, 0, 0))
        (conv_layer): Conv2d(3, 3, kernel_size=(1, 1), stride=(1, 1))
        (non_linearity): GELU(approximate='none')
      )
      (3): SynthesisResidualLayer(
        (pad): ReplicationPad2d((0, 0, 0, 0))
        (conv_layer): Conv2d(3, 3, kernel_size=(1, 1), stride=(1, 1))
        (non_linearity): Identity()
      )
    )
    (global_net): Sequential(
      (0): SynthesisLayer(
        (pad): Identity()
        (conv_layer): SWHDC(
          (conv): Conv2d(2, 3, kernel_size=(3, 3), stride=(1, 1))
        )
        (non_linearity): GELU(approximate='none')
      )
      (1): SynthesisResidualLayer(
        (pad): ReplicationPad2d((0, 0, 0, 0))
        (conv_layer): Conv2d(3, 3, kernel_size=(1, 1), stride=(1, 1))
        (non_linearity): GELU(approximate='none')
      )
      (2): SynthesisResidualLayer(
        (pad): ReplicationPad2d((0, 0, 0, 0))
        (conv_layer): Conv2d(3, 3, kernel_size=(1, 1), stride=(1, 1))
        (non_linearity): GELU(approximate='none')
      )
      (3): SynthesisResidualLayer(
        (pad): ReplicationPad2d((0, 0, 0, 0))
        (conv_layer): Conv2d(3, 3, kernel_size=(1, 1), stride=(1, 1))
        (non_linearity): Identity()
      )
    )
    (agg_func): Sequential(
      (0): SynthesisLayer(
        (pad): ReplicationPad2d((0, 0, 0, 0))
        (conv_layer): Conv2d(18, 3, kernel_size=(1, 1), stride=(1, 1))
        (non_linearity): GELU(approximate='none')
      )
      (1): SynthesisLayer(
        (pad): ReplicationPad2d((0, 0, 0, 0))
        (conv_layer): Conv2d(21, 3, kernel_size=(1, 1), stride=(1, 1))
        (non_linearity): GELU(approximate='none')
      )
      (2): SynthesisLayer(
        (pad): ReplicationPad2d((0, 0, 0, 0))
        (conv_layer): Conv2d(24, 3, kernel_size=(1, 1), stride=(1, 1))
        (non_linearity): GELU(approximate='none')
      )
    )
    (full_net): Sequential(
      (0): SynthesisLayer(
        (pad): ReplicationPad2d((0, 0, 0, 0))
        (conv_layer): Conv2d(7, 12, kernel_size=(1, 1), stride=(1, 1))
        (non_linearity): GELU(approximate='none')
      )
      (1): SynthesisLayer(
        (pad): ReplicationPad2d((0, 0, 0, 0))
        (conv_layer): Conv2d(12, 3, kernel_size=(1, 1), stride=(1, 1))
        (non_linearity): GELU(approximate='none')
      )
      (2): SynthesisResidualLayer(
        (conv_layer): Conv2d(3, 3, kernel_size=(3, 3), stride=(1, 1))
        (non_linearity): GELU(approximate='none')
      )
      (3): SynthesisResidualLayer(
        (conv_layer): Conv2d(3, 3, kernel_size=(3, 3), stride=(1, 1))
        (non_linearity): GELU(approximate='none')
      )
    )
  )
  (modulation_sf): ParameterList(
      (0): Parameter containing: [torch.float32 of size 1x1x8x16 (cuda:0)]
      (1): Parameter containing: [torch.float32 of size 1x1x16x32 (cuda:0)]
      (2): Parameter containing: [torch.float32 of size 1x1x32x64 (cuda:0)]
      (3): Parameter containing: [torch.float32 of size 1x1x64x128 (cuda:0)]
      (4): Parameter containing: [torch.float32 of size 1x1x128x256 (cuda:0)]
      (5): Parameter containing: [torch.float32 of size 1x1x256x512 (cuda:0)]
      (6): Parameter containing: [torch.float32 of size 1x1x512x1024 (cuda:0)]
  )
)
train the 0 -th image
start temperature: 0.3 noise parameter: 2.0
end temperature: 0.1 noise parameter: 1.0
********************Start from stage I
********************going into stage II
eval_object_psnr: 48.574600949795105
eval_background_psnr: 43.00550788878227
eval_background_psnr: 43.00550788878227
********************Evaluation the Image 0-th, after Step 999, BEST PSNR: 41.938940, Print rate 4.051715. *************************
Saved model at ./saved/modbase_7/context_16_arm_mod_16/sparity_0.0/inr_mod_16KODAK_ROI_Global_new_struture_7_12_3_33_orderconcat_operator_0_pw_0.0006_img_object0.pth
Trained the image with PSNR: 41.93894035306375  latent bits 4.05171537399292 latent bits number 2124265.75
[41.93894035306375]
[4.05171537399292]
[2124265.75]
load the model: ./saved/modbase_7/context_16_arm_mod_16/sparity_0.0/inr_mod_16KODAK_ROI_Global_new_struture_7_12_3_33_orderconcat_operator_0_pw_0.0006_img_object0.pth for the  0 -th image
********************Evalutation with quantization
********************Starting quantizing models
eval_object_psnr: 48.4545053718845
full_image_psnr: 41.865224681409984
object_psnr: 48.4545053718845
background_psnr: 42.94342103248823
********************Evaluation the Image 0-th, BEST PSNR: 41.865225, Print rate 4.053746, Network rate 0.023760. *************************
eval_wsssim: 0.991983
Decoded image saved to ./experiments/vcip_combined_loss/decoded_images/othim01_maskerp_wsmse0_swhdc1_erp1_lambda0.0006.png
Evaluate the image: PSNR: 41.865224681409984 All bits: 4.077506065368652  latent bits: 4.053746223449707  network bits: 0.023759841918945312
Evaluate arm network bits: 0.009317398071289062 Evaluate synthesis network bits: 0.013521194458007812
Image All bits num: 2137787.5 latent bits num: 2125330.5 mlp bits num: 12457.0 border bits num:
arm bits num: 4885.0 synthesis bits num: 7089.0
[41.865224681409984]
[4.077506065368652]
[2137787.5]
Metrics saved to ./experiments/vcip_combined_loss/results.csv
Current eval Ave PSNR: 41.865224681409984 Ave Bits 4.077506065368652
Namespace(batch_size=1, lr=0.01, data='../data', sparsity=0.0, local_upsampling_kernel_size=8, upsampling_kernel_size=8, static_upsampling_kernel=False, latent_factor=1, mod_base=7, highest_flag=1, context_arm=16, dim_arm_mod=16, use_candidate=True, type='other', mod_hid_layer=0, sythesis_features=12, hidden_features=64, hidden_layer=2, scale=1, lambda_rate=0.0006, lambda_rate_list=[0.0006, 0.0008], start_index=0, mask_type='erp', wsmse_tag=0, swhdc_tag=1, swhdc_dilations=[1, 2, 3, 4], erp_padding=1, workdir='./experiments/vcip_combined_loss', train_steps_1=5000, train_steps_2=1000, loss_type='combined', lambda_dist=0.0023437500000000003, lambda_percep=1.0, patch_h=512, patch_w=1024, all_pix_num=524288, eval_pix_num=524288)
Directory './saved/modbase_7/context_16_arm_mod_16' already exists.
Directory './saved/modbase_7/context_16_arm_mod_16/sparity_0.0' already exists.
top %: 0.0

🔁 Stage-1 Training Candidate 1/7
Quantizer parameter: encoding gain  16
total pixel: 524288
Get Mod with shape torch.Size([1, 1, 8, 16]) at layer: 1
Get Mod with shape torch.Size([1, 1, 16, 32]) at layer: 2
Get Mod with shape torch.Size([1, 1, 32, 64]) at layer: 3
Get Mod with shape torch.Size([1, 1, 64, 128]) at layer: 4
Get Mod with shape torch.Size([1, 1, 128, 256]) at layer: 5
Get Mod with shape torch.Size([1, 1, 256, 512]) at layer: 6
Get Mod with shape torch.Size([1, 1, 512, 1024]) at layer: 7
start temperature: 0.3 noise parameter: 2.0
end temperature: 0.3 noise parameter: 2.0
********************Start from stage I
Step 400, BEST PSNR: 34.979499, Total loss 0.018729 with its rate 3.0340590476989746 latent_bits 1590720.75

🔁 Stage-1 Training Candidate 2/7
Quantizer parameter: encoding gain  16
total pixel: 524288
Get Mod with shape torch.Size([1, 1, 8, 16]) at layer: 1
Get Mod with shape torch.Size([1, 1, 16, 32]) at layer: 2
Get Mod with shape torch.Size([1, 1, 32, 64]) at layer: 3
Get Mod with shape torch.Size([1, 1, 64, 128]) at layer: 4
Get Mod with shape torch.Size([1, 1, 128, 256]) at layer: 5
Get Mod with shape torch.Size([1, 1, 256, 512]) at layer: 6
Get Mod with shape torch.Size([1, 1, 512, 1024]) at layer: 7
start temperature: 0.3 noise parameter: 2.0
end temperature: 0.3 noise parameter: 2.0
********************Start from stage I
Step 400, BEST PSNR: 33.459188, Total loss 0.019989 with its rate 3.03830623626709 latent_bits 1592947.5

🔁 Stage-1 Training Candidate 3/7
Quantizer parameter: encoding gain  16
total pixel: 524288
Get Mod with shape torch.Size([1, 1, 8, 16]) at layer: 1
Get Mod with shape torch.Size([1, 1, 16, 32]) at layer: 2
Get Mod with shape torch.Size([1, 1, 32, 64]) at layer: 3
Get Mod with shape torch.Size([1, 1, 64, 128]) at layer: 4
Get Mod with shape torch.Size([1, 1, 128, 256]) at layer: 5
Get Mod with shape torch.Size([1, 1, 256, 512]) at layer: 6
Get Mod with shape torch.Size([1, 1, 512, 1024]) at layer: 7
start temperature: 0.3 noise parameter: 2.0
end temperature: 0.3 noise parameter: 2.0
********************Start from stage I
Step 400, BEST PSNR: 32.749584, Total loss 0.023904 with its rate 3.0544328689575195 latent_bits 1601402.5

🔁 Stage-1 Training Candidate 4/7
Quantizer parameter: encoding gain  16
total pixel: 524288
Get Mod with shape torch.Size([1, 1, 8, 16]) at layer: 1
Get Mod with shape torch.Size([1, 1, 16, 32]) at layer: 2
Get Mod with shape torch.Size([1, 1, 32, 64]) at layer: 3
Get Mod with shape torch.Size([1, 1, 64, 128]) at layer: 4
Get Mod with shape torch.Size([1, 1, 128, 256]) at layer: 5
Get Mod with shape torch.Size([1, 1, 256, 512]) at layer: 6
Get Mod with shape torch.Size([1, 1, 512, 1024]) at layer: 7
start temperature: 0.3 noise parameter: 2.0
end temperature: 0.3 noise parameter: 2.0
********************Start from stage I
Step 400, BEST PSNR: 33.400941, Total loss 0.020533 with its rate 2.9289162158966064 latent_bits 1535595.625

🔁 Stage-1 Training Candidate 5/7
Quantizer parameter: encoding gain  16
total pixel: 524288
Get Mod with shape torch.Size([1, 1, 8, 16]) at layer: 1
Get Mod with shape torch.Size([1, 1, 16, 32]) at layer: 2
Get Mod with shape torch.Size([1, 1, 32, 64]) at layer: 3
Get Mod with shape torch.Size([1, 1, 64, 128]) at layer: 4
Get Mod with shape torch.Size([1, 1, 128, 256]) at layer: 5
Get Mod with shape torch.Size([1, 1, 256, 512]) at layer: 6
Get Mod with shape torch.Size([1, 1, 512, 1024]) at layer: 7
start temperature: 0.3 noise parameter: 2.0
end temperature: 0.3 noise parameter: 2.0
********************Start from stage I
Step 400, BEST PSNR: 31.649809, Total loss 0.024004 with its rate 2.956054449081421 latent_bits 1549823.875

🔁 Stage-1 Training Candidate 6/7
Quantizer parameter: encoding gain  16
total pixel: 524288
Get Mod with shape torch.Size([1, 1, 8, 16]) at layer: 1
Get Mod with shape torch.Size([1, 1, 16, 32]) at layer: 2
Get Mod with shape torch.Size([1, 1, 32, 64]) at layer: 3
Get Mod with shape torch.Size([1, 1, 64, 128]) at layer: 4
Get Mod with shape torch.Size([1, 1, 128, 256]) at layer: 5
Get Mod with shape torch.Size([1, 1, 256, 512]) at layer: 6
Get Mod with shape torch.Size([1, 1, 512, 1024]) at layer: 7
start temperature: 0.3 noise parameter: 2.0
end temperature: 0.3 noise parameter: 2.0
********************Start from stage I
Step 400, BEST PSNR: 33.326299, Total loss 0.021052 with its rate 3.029999256134033 latent_bits 1588592.25

🔁 Stage-1 Training Candidate 7/7
Quantizer parameter: encoding gain  16
total pixel: 524288
Get Mod with shape torch.Size([1, 1, 8, 16]) at layer: 1
Get Mod with shape torch.Size([1, 1, 16, 32]) at layer: 2
Get Mod with shape torch.Size([1, 1, 32, 64]) at layer: 3
Get Mod with shape torch.Size([1, 1, 64, 128]) at layer: 4
Get Mod with shape torch.Size([1, 1, 128, 256]) at layer: 5
Get Mod with shape torch.Size([1, 1, 256, 512]) at layer: 6
Get Mod with shape torch.Size([1, 1, 512, 1024]) at layer: 7
start temperature: 0.3 noise parameter: 2.0
end temperature: 0.3 noise parameter: 2.0
********************Start from stage I
Step 400, BEST PSNR: 32.091684, Total loss 0.023091 with its rate 3.0880537033081055 latent_bits 1619029.5

🌟 Selected Top-3 Candidates by RD cost

🎯 Stage-2 Refining Candidate 1/3
start temperature: 0.3 noise parameter: 2.0
end temperature: 0.3 noise parameter: 2.0
********************Start from stage I
Step 400, BEST PSNR: 37.757252, Total loss 0.013489 with its rate 3.590663194656372 latent_bits 1882541.625

🎯 Stage-2 Refining Candidate 2/3
start temperature: 0.3 noise parameter: 2.0
end temperature: 0.3 noise parameter: 2.0
********************Start from stage I
Step 400, BEST PSNR: 37.211918, Total loss 0.013732 with its rate 3.5883712768554688 latent_bits 1881340.0

🎯 Stage-2 Refining Candidate 3/3
start temperature: 0.3 noise parameter: 2.0
end temperature: 0.3 noise parameter: 2.0
********************Start from stage I
Step 400, BEST PSNR: 36.411052, Total loss 0.014662 with its rate 3.54793381690979 latent_bits 1860139.125

🏆 Best Candidate Final PSNR: 37.76, Rate: 3.5907
Masked_INR(
  (upsampling_2d): Upsampling(
    (conv_transpose2d): UpsamplingConvTranspose2d()
  )
  (arm): Arm(
    (mlp): Sequential(
      (0): ArmConv(
        (conv1_1): Conv1d(16, 16, kernel_size=(1,), stride=(1,))
      )
      (1): GELU(approximate='none')
      (2): ArmConv(
        (conv1_1): Conv1d(16, 16, kernel_size=(1,), stride=(1,))
      )
      (3): GELU(approximate='none')
      (4): ArmConv(
        (conv1_1): Conv1d(16, 2, kernel_size=(1,), stride=(1,))
      )
    )
  )
  (conv_mod): LocalGlobalBlock(
    (net): Sequential(
      (0): SynthesisLayer(
        (pad): Identity()
        (conv_layer): SWHDC(
          (conv): Conv2d(2, 3, kernel_size=(3, 3), stride=(1, 1))
        )
        (non_linearity): GELU(approximate='none')
      )
      (1): SynthesisResidualLayer(
        (pad): ReplicationPad2d((0, 0, 0, 0))
        (conv_layer): Conv2d(3, 3, kernel_size=(1, 1), stride=(1, 1))
        (non_linearity): GELU(approximate='none')
      )
      (2): SynthesisResidualLayer(
        (pad): ReplicationPad2d((0, 0, 0, 0))
        (conv_layer): Conv2d(3, 3, kernel_size=(1, 1), stride=(1, 1))
        (non_linearity): GELU(approximate='none')
      )
      (3): SynthesisResidualLayer(
        (pad): ReplicationPad2d((0, 0, 0, 0))
        (conv_layer): Conv2d(3, 3, kernel_size=(1, 1), stride=(1, 1))
        (non_linearity): Identity()
      )
    )
    (global_net): Sequential(
      (0): SynthesisLayer(
        (pad): Identity()
        (conv_layer): SWHDC(
          (conv): Conv2d(2, 3, kernel_size=(3, 3), stride=(1, 1))
        )
        (non_linearity): GELU(approximate='none')
      )
      (1): SynthesisResidualLayer(
        (pad): ReplicationPad2d((0, 0, 0, 0))
        (conv_layer): Conv2d(3, 3, kernel_size=(1, 1), stride=(1, 1))
        (non_linearity): GELU(approximate='none')
      )
      (2): SynthesisResidualLayer(
        (pad): ReplicationPad2d((0, 0, 0, 0))
        (conv_layer): Conv2d(3, 3, kernel_size=(1, 1), stride=(1, 1))
        (non_linearity): GELU(approximate='none')
      )
      (3): SynthesisResidualLayer(
        (pad): ReplicationPad2d((0, 0, 0, 0))
        (conv_layer): Conv2d(3, 3, kernel_size=(1, 1), stride=(1, 1))
        (non_linearity): Identity()
      )
    )
    (agg_func): Sequential(
      (0): SynthesisLayer(
        (pad): ReplicationPad2d((0, 0, 0, 0))
        (conv_layer): Conv2d(18, 3, kernel_size=(1, 1), stride=(1, 1))
        (non_linearity): GELU(approximate='none')
      )
      (1): SynthesisLayer(
        (pad): ReplicationPad2d((0, 0, 0, 0))
        (conv_layer): Conv2d(21, 3, kernel_size=(1, 1), stride=(1, 1))
        (non_linearity): GELU(approximate='none')
      )
      (2): SynthesisLayer(
        (pad): ReplicationPad2d((0, 0, 0, 0))
        (conv_layer): Conv2d(24, 3, kernel_size=(1, 1), stride=(1, 1))
        (non_linearity): GELU(approximate='none')
      )
    )
    (full_net): Sequential(
      (0): SynthesisLayer(
        (pad): ReplicationPad2d((0, 0, 0, 0))
        (conv_layer): Conv2d(7, 12, kernel_size=(1, 1), stride=(1, 1))
        (non_linearity): GELU(approximate='none')
      )
      (1): SynthesisLayer(
        (pad): ReplicationPad2d((0, 0, 0, 0))
        (conv_layer): Conv2d(12, 3, kernel_size=(1, 1), stride=(1, 1))
        (non_linearity): GELU(approximate='none')
      )
      (2): SynthesisResidualLayer(
        (conv_layer): Conv2d(3, 3, kernel_size=(3, 3), stride=(1, 1))
        (non_linearity): GELU(approximate='none')
      )
      (3): SynthesisResidualLayer(
        (conv_layer): Conv2d(3, 3, kernel_size=(3, 3), stride=(1, 1))
        (non_linearity): GELU(approximate='none')
      )
    )
  )
  (modulation_sf): ParameterList(
      (0): Parameter containing: [torch.float32 of size 1x1x8x16 (cuda:0)]
      (1): Parameter containing: [torch.float32 of size 1x1x16x32 (cuda:0)]
      (2): Parameter containing: [torch.float32 of size 1x1x32x64 (cuda:0)]
      (3): Parameter containing: [torch.float32 of size 1x1x64x128 (cuda:0)]
      (4): Parameter containing: [torch.float32 of size 1x1x128x256 (cuda:0)]
      (5): Parameter containing: [torch.float32 of size 1x1x256x512 (cuda:0)]
      (6): Parameter containing: [torch.float32 of size 1x1x512x1024 (cuda:0)]
  )
)
train the 1 -th image
start temperature: 0.3 noise parameter: 2.0
end temperature: 0.1 noise parameter: 1.0
********************Start from stage I
********************going into stage II
eval_object_psnr: 48.50559043721028
eval_background_psnr: 43.02483310313668
eval_background_psnr: 43.02483310313668
********************Evaluation the Image 1-th, after Step 999, BEST PSNR: 41.937369, Print rate 4.096495. *************************
Saved model at ./saved/modbase_7/context_16_arm_mod_16/sparity_0.0/inr_mod_16KODAK_ROI_Global_new_struture_7_12_3_33_orderconcat_operator_0_pw_0.0006_img_object1.pth
Trained the image with PSNR: 41.93736858212035  latent bits 4.096495151519775 latent bits number 2147743.25
[41.93894035306375, 41.93736858212035]
[4.05171537399292, 4.096495151519775]
[2124265.75, 2147743.25]
load the model: ./saved/modbase_7/context_16_arm_mod_16/sparity_0.0/inr_mod_16KODAK_ROI_Global_new_struture_7_12_3_33_orderconcat_operator_0_pw_0.0006_img_object1.pth for the  1 -th image
********************Evalutation with quantization
********************Starting quantizing models
eval_object_psnr: 48.402326329706376
full_image_psnr: 41.87538067881054
object_psnr: 48.402326329706376
background_psnr: 42.97531789036322
********************Evaluation the Image 1-th, BEST PSNR: 41.875381, Print rate 4.098322, Network rate 0.022337. *************************
eval_wsssim: 0.991988
Decoded image saved to ./experiments/vcip_combined_loss/decoded_images/othim02_maskerp_wsmse0_swhdc1_erp1_lambda0.0006.png
Evaluate the image: PSNR: 41.87538067881054 All bits: 4.120659351348877  latent bits: 4.09832239151001  network bits: 0.022336959838867188
Evaluate arm network bits: 0.009176254272460938 Evaluate synthesis network bits: 0.012235641479492188
Image All bits num: 2160412.25 latent bits num: 2148701.25 mlp bits num: 11711.0 border bits num:
arm bits num: 4811.0 synthesis bits num: 6415.0
[41.865224681409984, 41.87538067881054]
[4.077506065368652, 4.120659351348877]
[2137787.5, 2160412.25]
Metrics saved to ./experiments/vcip_combined_loss/results.csv
Current eval Ave PSNR: 41.87030268011026 Ave Bits 4.099082708358765
Namespace(batch_size=1, lr=0.01, data='../data', sparsity=0.0, local_upsampling_kernel_size=8, upsampling_kernel_size=8, static_upsampling_kernel=False, latent_factor=1, mod_base=7, highest_flag=1, context_arm=16, dim_arm_mod=16, use_candidate=True, type='other', mod_hid_layer=0, sythesis_features=12, hidden_features=64, hidden_layer=2, scale=1, lambda_rate=0.0006, lambda_rate_list=[0.0006, 0.0008], start_index=0, mask_type='erp', wsmse_tag=0, swhdc_tag=1, swhdc_dilations=[1, 2, 3, 4], erp_padding=1, workdir='./experiments/vcip_combined_loss', train_steps_1=5000, train_steps_2=1000, loss_type='combined', lambda_dist=0.0023437500000000003, lambda_percep=1.0, patch_h=512, patch_w=1024, all_pix_num=524288, eval_pix_num=524288)
Directory './saved/modbase_7/context_16_arm_mod_16' already exists.
Directory './saved/modbase_7/context_16_arm_mod_16/sparity_0.0' already exists.
top %: 0.0

🔁 Stage-1 Training Candidate 1/7
Quantizer parameter: encoding gain  16
total pixel: 524288
Get Mod with shape torch.Size([1, 1, 8, 16]) at layer: 1
Get Mod with shape torch.Size([1, 1, 16, 32]) at layer: 2
Get Mod with shape torch.Size([1, 1, 32, 64]) at layer: 3
Get Mod with shape torch.Size([1, 1, 64, 128]) at layer: 4
Get Mod with shape torch.Size([1, 1, 128, 256]) at layer: 5
Get Mod with shape torch.Size([1, 1, 256, 512]) at layer: 6
Get Mod with shape torch.Size([1, 1, 512, 1024]) at layer: 7
start temperature: 0.3 noise parameter: 2.0
end temperature: 0.3 noise parameter: 2.0
********************Start from stage I
Step 400, BEST PSNR: 33.503672, Total loss 0.022840 with its rate 2.9121739864349365 latent_bits 1526817.875

🔁 Stage-1 Training Candidate 2/7
Quantizer parameter: encoding gain  16
total pixel: 524288
Get Mod with shape torch.Size([1, 1, 8, 16]) at layer: 1
Get Mod with shape torch.Size([1, 1, 16, 32]) at layer: 2
Get Mod with shape torch.Size([1, 1, 32, 64]) at layer: 3
Get Mod with shape torch.Size([1, 1, 64, 128]) at layer: 4
Get Mod with shape torch.Size([1, 1, 128, 256]) at layer: 5
Get Mod with shape torch.Size([1, 1, 256, 512]) at layer: 6
Get Mod with shape torch.Size([1, 1, 512, 1024]) at layer: 7
start temperature: 0.3 noise parameter: 2.0
end temperature: 0.3 noise parameter: 2.0
********************Start from stage I
Step 400, BEST PSNR: 33.812274, Total loss 0.019794 with its rate 3.0487587451934814 latent_bits 1598427.625

🔁 Stage-1 Training Candidate 3/7
Quantizer parameter: encoding gain  16
total pixel: 524288
Get Mod with shape torch.Size([1, 1, 8, 16]) at layer: 1
Get Mod with shape torch.Size([1, 1, 16, 32]) at layer: 2
Get Mod with shape torch.Size([1, 1, 32, 64]) at layer: 3
Get Mod with shape torch.Size([1, 1, 64, 128]) at layer: 4
Get Mod with shape torch.Size([1, 1, 128, 256]) at layer: 5
Get Mod with shape torch.Size([1, 1, 256, 512]) at layer: 6
Get Mod with shape torch.Size([1, 1, 512, 1024]) at layer: 7
start temperature: 0.3 noise parameter: 2.0
end temperature: 0.3 noise parameter: 2.0
********************Start from stage I
Step 400, BEST PSNR: 34.163588, Total loss 0.020518 with its rate 2.9864752292633057 latent_bits 1565773.125

🔁 Stage-1 Training Candidate 4/7
Quantizer parameter: encoding gain  16
total pixel: 524288
Get Mod with shape torch.Size([1, 1, 8, 16]) at layer: 1
Get Mod with shape torch.Size([1, 1, 16, 32]) at layer: 2
Get Mod with shape torch.Size([1, 1, 32, 64]) at layer: 3
Get Mod with shape torch.Size([1, 1, 64, 128]) at layer: 4
Get Mod with shape torch.Size([1, 1, 128, 256]) at layer: 5
Get Mod with shape torch.Size([1, 1, 256, 512]) at layer: 6
Get Mod with shape torch.Size([1, 1, 512, 1024]) at layer: 7
start temperature: 0.3 noise parameter: 2.0
end temperature: 0.3 noise parameter: 2.0
********************Start from stage I
Step 400, BEST PSNR: 33.224777, Total loss 0.019653 with its rate 3.003767728805542 latent_bits 1574839.375

🔁 Stage-1 Training Candidate 5/7
Quantizer parameter: encoding gain  16
total pixel: 524288
Get Mod with shape torch.Size([1, 1, 8, 16]) at layer: 1
Get Mod with shape torch.Size([1, 1, 16, 32]) at layer: 2
Get Mod with shape torch.Size([1, 1, 32, 64]) at layer: 3
Get Mod with shape torch.Size([1, 1, 64, 128]) at layer: 4
Get Mod with shape torch.Size([1, 1, 128, 256]) at layer: 5
Get Mod with shape torch.Size([1, 1, 256, 512]) at layer: 6
Get Mod with shape torch.Size([1, 1, 512, 1024]) at layer: 7
start temperature: 0.3 noise parameter: 2.0
end temperature: 0.3 noise parameter: 2.0
********************Start from stage I
Step 400, BEST PSNR: 31.917219, Total loss 0.023082 with its rate 2.871990919113159 latent_bits 1505750.375

🔁 Stage-1 Training Candidate 6/7
Quantizer parameter: encoding gain  16
total pixel: 524288
Get Mod with shape torch.Size([1, 1, 8, 16]) at layer: 1
Get Mod with shape torch.Size([1, 1, 16, 32]) at layer: 2
Get Mod with shape torch.Size([1, 1, 32, 64]) at layer: 3
Get Mod with shape torch.Size([1, 1, 64, 128]) at layer: 4
Get Mod with shape torch.Size([1, 1, 128, 256]) at layer: 5
Get Mod with shape torch.Size([1, 1, 256, 512]) at layer: 6
Get Mod with shape torch.Size([1, 1, 512, 1024]) at layer: 7
start temperature: 0.3 noise parameter: 2.0
end temperature: 0.3 noise parameter: 2.0
********************Start from stage I
Step 400, BEST PSNR: 34.036295, Total loss 0.021477 with its rate 2.988696813583374 latent_bits 1566937.875

🔁 Stage-1 Training Candidate 7/7
Quantizer parameter: encoding gain  16
total pixel: 524288
Get Mod with shape torch.Size([1, 1, 8, 16]) at layer: 1
Get Mod with shape torch.Size([1, 1, 16, 32]) at layer: 2
Get Mod with shape torch.Size([1, 1, 32, 64]) at layer: 3
Get Mod with shape torch.Size([1, 1, 64, 128]) at layer: 4
Get Mod with shape torch.Size([1, 1, 128, 256]) at layer: 5
Get Mod with shape torch.Size([1, 1, 256, 512]) at layer: 6
Get Mod with shape torch.Size([1, 1, 512, 1024]) at layer: 7
start temperature: 0.3 noise parameter: 2.0
end temperature: 0.3 noise parameter: 2.0
********************Start from stage I
Step 400, BEST PSNR: 34.007461, Total loss 0.019897 with its rate 2.9605422019958496 latent_bits 1552176.75

🌟 Selected Top-3 Candidates by RD cost

🎯 Stage-2 Refining Candidate 1/3
start temperature: 0.3 noise parameter: 2.0
end temperature: 0.3 noise parameter: 2.0
********************Start from stage I
Step 400, BEST PSNR: 36.955140, Total loss 0.013749 with its rate 3.554626941680908 latent_bits 1863648.25

🎯 Stage-2 Refining Candidate 2/3
start temperature: 0.3 noise parameter: 2.0
end temperature: 0.3 noise parameter: 2.0
********************Start from stage I
Step 400, BEST PSNR: 36.943570, Total loss 0.014002 with its rate 3.568237543106079 latent_bits 1870784.125

🎯 Stage-2 Refining Candidate 3/3
start temperature: 0.3 noise parameter: 2.0
end temperature: 0.3 noise parameter: 2.0
********************Start from stage I
Step 400, BEST PSNR: 36.172050, Total loss 0.014177 with its rate 3.5007619857788086 latent_bits 1835407.5

🏆 Best Candidate Final PSNR: 36.96, Rate: 3.5546
Masked_INR(
  (upsampling_2d): Upsampling(
    (conv_transpose2d): UpsamplingConvTranspose2d()
  )
  (arm): Arm(
    (mlp): Sequential(
      (0): ArmConv(
        (conv1_1): Conv1d(16, 16, kernel_size=(1,), stride=(1,))
      )
      (1): GELU(approximate='none')
      (2): ArmConv(
        (conv1_1): Conv1d(16, 16, kernel_size=(1,), stride=(1,))
      )
      (3): GELU(approximate='none')
      (4): ArmConv(
        (conv1_1): Conv1d(16, 2, kernel_size=(1,), stride=(1,))
      )
    )
  )
  (conv_mod): LocalGlobalBlock(
    (net): Sequential(
      (0): SynthesisLayer(
        (pad): Identity()
        (conv_layer): SWHDC(
          (conv): Conv2d(2, 3, kernel_size=(3, 3), stride=(1, 1))
        )
        (non_linearity): GELU(approximate='none')
      )
      (1): SynthesisResidualLayer(
        (pad): ReplicationPad2d((0, 0, 0, 0))
        (conv_layer): Conv2d(3, 3, kernel_size=(1, 1), stride=(1, 1))
        (non_linearity): GELU(approximate='none')
      )
      (2): SynthesisResidualLayer(
        (pad): ReplicationPad2d((0, 0, 0, 0))
        (conv_layer): Conv2d(3, 3, kernel_size=(1, 1), stride=(1, 1))
        (non_linearity): GELU(approximate='none')
      )
      (3): SynthesisResidualLayer(
        (pad): ReplicationPad2d((0, 0, 0, 0))
        (conv_layer): Conv2d(3, 3, kernel_size=(1, 1), stride=(1, 1))
        (non_linearity): Identity()
      )
    )
    (global_net): Sequential(
      (0): SynthesisLayer(
        (pad): Identity()
        (conv_layer): SWHDC(
          (conv): Conv2d(2, 3, kernel_size=(3, 3), stride=(1, 1))
        )
        (non_linearity): GELU(approximate='none')
      )
      (1): SynthesisResidualLayer(
        (pad): ReplicationPad2d((0, 0, 0, 0))
        (conv_layer): Conv2d(3, 3, kernel_size=(1, 1), stride=(1, 1))
        (non_linearity): GELU(approximate='none')
      )
      (2): SynthesisResidualLayer(
        (pad): ReplicationPad2d((0, 0, 0, 0))
        (conv_layer): Conv2d(3, 3, kernel_size=(1, 1), stride=(1, 1))
        (non_linearity): GELU(approximate='none')
      )
      (3): SynthesisResidualLayer(
        (pad): ReplicationPad2d((0, 0, 0, 0))
        (conv_layer): Conv2d(3, 3, kernel_size=(1, 1), stride=(1, 1))
        (non_linearity): Identity()
      )
    )
    (agg_func): Sequential(
      (0): SynthesisLayer(
        (pad): ReplicationPad2d((0, 0, 0, 0))
        (conv_layer): Conv2d(18, 3, kernel_size=(1, 1), stride=(1, 1))
        (non_linearity): GELU(approximate='none')
      )
      (1): SynthesisLayer(
        (pad): ReplicationPad2d((0, 0, 0, 0))
        (conv_layer): Conv2d(21, 3, kernel_size=(1, 1), stride=(1, 1))
        (non_linearity): GELU(approximate='none')
      )
      (2): SynthesisLayer(
        (pad): ReplicationPad2d((0, 0, 0, 0))
        (conv_layer): Conv2d(24, 3, kernel_size=(1, 1), stride=(1, 1))
        (non_linearity): GELU(approximate='none')
      )
    )
    (full_net): Sequential(
      (0): SynthesisLayer(
        (pad): ReplicationPad2d((0, 0, 0, 0))
        (conv_layer): Conv2d(7, 12, kernel_size=(1, 1), stride=(1, 1))
        (non_linearity): GELU(approximate='none')
      )
      (1): SynthesisLayer(
        (pad): ReplicationPad2d((0, 0, 0, 0))
        (conv_layer): Conv2d(12, 3, kernel_size=(1, 1), stride=(1, 1))
        (non_linearity): GELU(approximate='none')
      )
      (2): SynthesisResidualLayer(
        (conv_layer): Conv2d(3, 3, kernel_size=(3, 3), stride=(1, 1))
        (non_linearity): GELU(approximate='none')
      )
      (3): SynthesisResidualLayer(
        (conv_layer): Conv2d(3, 3, kernel_size=(3, 3), stride=(1, 1))
        (non_linearity): GELU(approximate='none')
      )
    )
  )
  (modulation_sf): ParameterList(
      (0): Parameter containing: [torch.float32 of size 1x1x8x16 (cuda:0)]
      (1): Parameter containing: [torch.float32 of size 1x1x16x32 (cuda:0)]
      (2): Parameter containing: [torch.float32 of size 1x1x32x64 (cuda:0)]
      (3): Parameter containing: [torch.float32 of size 1x1x64x128 (cuda:0)]
      (4): Parameter containing: [torch.float32 of size 1x1x128x256 (cuda:0)]
      (5): Parameter containing: [torch.float32 of size 1x1x256x512 (cuda:0)]
      (6): Parameter containing: [torch.float32 of size 1x1x512x1024 (cuda:0)]
  )
)
train the 2 -th image
start temperature: 0.3 noise parameter: 2.0
end temperature: 0.1 noise parameter: 1.0
********************Start from stage I
********************going into stage II
eval_object_psnr: 48.74360338786378
eval_background_psnr: 42.878510971640395
eval_background_psnr: 42.878510971640395
********************Evaluation the Image 2-th, after Step 999, BEST PSNR: 41.871852, Print rate 4.038559. *************************
Saved model at ./saved/modbase_7/context_16_arm_mod_16/sparity_0.0/inr_mod_16KODAK_ROI_Global_new_struture_7_12_3_33_orderconcat_operator_0_pw_0.0006_img_object2.pth
Trained the image with PSNR: 41.871851641850974  latent bits 4.038559436798096 latent bits number 2117368.25
[41.93894035306375, 41.93736858212035, 41.871851641850974]
[4.05171537399292, 4.096495151519775, 4.038559436798096]
[2124265.75, 2147743.25, 2117368.25]
load the model: ./saved/modbase_7/context_16_arm_mod_16/sparity_0.0/inr_mod_16KODAK_ROI_Global_new_struture_7_12_3_33_orderconcat_operator_0_pw_0.0006_img_object2.pth for the  2 -th image
********************Evalutation with quantization
********************Starting quantizing models
eval_object_psnr: 48.732989449281746
full_image_psnr: 41.802628736338214
object_psnr: 48.732989449281746
background_psnr: 42.79442551203687
********************Evaluation the Image 2-th, BEST PSNR: 41.802629, Print rate 4.040026, Network rate 0.024477. *************************
eval_wsssim: 0.991871
Decoded image saved to ./experiments/vcip_combined_loss/decoded_images/othim03_maskerp_wsmse0_swhdc1_erp1_lambda0.0006.png
Evaluate the image: PSNR: 41.802628736338214 All bits: 4.064502716064453  latent bits: 4.04002571105957  network bits: 0.024477005004882812
Evaluate arm network bits: 0.00948333740234375 Evaluate synthesis network bits: 0.013936996459960938
Image All bits num: 2130970.0 latent bits num: 2118137.0 mlp bits num: 12833.0 border bits num:
arm bits num: 4972.0 synthesis bits num: 7307.0
[41.865224681409984, 41.87538067881054, 41.802628736338214]
[4.077506065368652, 4.120659351348877, 4.064502716064453]
[2137787.5, 2160412.25, 2130970.0]
Metrics saved to ./experiments/vcip_combined_loss/results.csv
Current eval Ave PSNR: 41.847744698852914 Ave Bits 4.087556044260661
Namespace(batch_size=1, lr=0.01, data='../data', sparsity=0.0, local_upsampling_kernel_size=8, upsampling_kernel_size=8, static_upsampling_kernel=False, latent_factor=1, mod_base=7, highest_flag=1, context_arm=16, dim_arm_mod=16, use_candidate=True, type='other', mod_hid_layer=0, sythesis_features=12, hidden_features=64, hidden_layer=2, scale=1, lambda_rate=0.0006, lambda_rate_list=[0.0006, 0.0008], start_index=0, mask_type='erp', wsmse_tag=0, swhdc_tag=1, swhdc_dilations=[1, 2, 3, 4], erp_padding=1, workdir='./experiments/vcip_combined_loss', train_steps_1=5000, train_steps_2=1000, loss_type='combined', lambda_dist=0.0023437500000000003, lambda_percep=1.0, patch_h=512, patch_w=1024, all_pix_num=524288, eval_pix_num=524288)
Directory './saved/modbase_7/context_16_arm_mod_16' already exists.
Directory './saved/modbase_7/context_16_arm_mod_16/sparity_0.0' already exists.
top %: 0.0

🔁 Stage-1 Training Candidate 1/7
Quantizer parameter: encoding gain  16
total pixel: 524288
Get Mod with shape torch.Size([1, 1, 8, 16]) at layer: 1
Get Mod with shape torch.Size([1, 1, 16, 32]) at layer: 2
Get Mod with shape torch.Size([1, 1, 32, 64]) at layer: 3
Get Mod with shape torch.Size([1, 1, 64, 128]) at layer: 4
Get Mod with shape torch.Size([1, 1, 128, 256]) at layer: 5
Get Mod with shape torch.Size([1, 1, 256, 512]) at layer: 6
Get Mod with shape torch.Size([1, 1, 512, 1024]) at layer: 7
start temperature: 0.3 noise parameter: 2.0
end temperature: 0.3 noise parameter: 2.0
********************Start from stage I
Step 400, BEST PSNR: 33.270699, Total loss 0.013604 with its rate 3.506756067276001 latent_bits 1838550.125

🔁 Stage-1 Training Candidate 2/7
Quantizer parameter: encoding gain  16
total pixel: 524288
Get Mod with shape torch.Size([1, 1, 8, 16]) at layer: 1
Get Mod with shape torch.Size([1, 1, 16, 32]) at layer: 2
Get Mod with shape torch.Size([1, 1, 32, 64]) at layer: 3
Get Mod with shape torch.Size([1, 1, 64, 128]) at layer: 4
Get Mod with shape torch.Size([1, 1, 128, 256]) at layer: 5
Get Mod with shape torch.Size([1, 1, 256, 512]) at layer: 6
Get Mod with shape torch.Size([1, 1, 512, 1024]) at layer: 7
start temperature: 0.3 noise parameter: 2.0
end temperature: 0.3 noise parameter: 2.0
********************Start from stage I
Step 400, BEST PSNR: 32.496842, Total loss 0.014303 with its rate 3.5823192596435547 latent_bits 1878167.0

🔁 Stage-1 Training Candidate 3/7
Quantizer parameter: encoding gain  16
total pixel: 524288
Get Mod with shape torch.Size([1, 1, 8, 16]) at layer: 1
Get Mod with shape torch.Size([1, 1, 16, 32]) at layer: 2
Get Mod with shape torch.Size([1, 1, 32, 64]) at layer: 3
Get Mod with shape torch.Size([1, 1, 64, 128]) at layer: 4
Get Mod with shape torch.Size([1, 1, 128, 256]) at layer: 5
Get Mod with shape torch.Size([1, 1, 256, 512]) at layer: 6
Get Mod with shape torch.Size([1, 1, 512, 1024]) at layer: 7
start temperature: 0.3 noise parameter: 2.0
end temperature: 0.3 noise parameter: 2.0
********************Start from stage I
Step 400, BEST PSNR: 32.014799, Total loss 0.014027 with its rate 3.5141565799713135 latent_bits 1842430.125

🔁 Stage-1 Training Candidate 4/7
Quantizer parameter: encoding gain  16
total pixel: 524288
Get Mod with shape torch.Size([1, 1, 8, 16]) at layer: 1
Get Mod with shape torch.Size([1, 1, 16, 32]) at layer: 2
Get Mod with shape torch.Size([1, 1, 32, 64]) at layer: 3
Get Mod with shape torch.Size([1, 1, 64, 128]) at layer: 4
Get Mod with shape torch.Size([1, 1, 128, 256]) at layer: 5
Get Mod with shape torch.Size([1, 1, 256, 512]) at layer: 6
Get Mod with shape torch.Size([1, 1, 512, 1024]) at layer: 7
start temperature: 0.3 noise parameter: 2.0
end temperature: 0.3 noise parameter: 2.0
********************Start from stage I
Step 400, BEST PSNR: 32.766184, Total loss 0.013979 with its rate 3.4747579097747803 latent_bits 1821773.875

🔁 Stage-1 Training Candidate 5/7
Quantizer parameter: encoding gain  16
total pixel: 524288
Get Mod with shape torch.Size([1, 1, 8, 16]) at layer: 1
Get Mod with shape torch.Size([1, 1, 16, 32]) at layer: 2
Get Mod with shape torch.Size([1, 1, 32, 64]) at layer: 3
Get Mod with shape torch.Size([1, 1, 64, 128]) at layer: 4
Get Mod with shape torch.Size([1, 1, 128, 256]) at layer: 5
Get Mod with shape torch.Size([1, 1, 256, 512]) at layer: 6
Get Mod with shape torch.Size([1, 1, 512, 1024]) at layer: 7
start temperature: 0.3 noise parameter: 2.0
end temperature: 0.3 noise parameter: 2.0
********************Start from stage I
Step 400, BEST PSNR: 32.264969, Total loss 0.015153 with its rate 3.4690957069396973 latent_bits 1818805.25

🔁 Stage-1 Training Candidate 6/7
Quantizer parameter: encoding gain  16
total pixel: 524288
Get Mod with shape torch.Size([1, 1, 8, 16]) at layer: 1
Get Mod with shape torch.Size([1, 1, 16, 32]) at layer: 2
Get Mod with shape torch.Size([1, 1, 32, 64]) at layer: 3
Get Mod with shape torch.Size([1, 1, 64, 128]) at layer: 4
Get Mod with shape torch.Size([1, 1, 128, 256]) at layer: 5
Get Mod with shape torch.Size([1, 1, 256, 512]) at layer: 6
Get Mod with shape torch.Size([1, 1, 512, 1024]) at layer: 7
start temperature: 0.3 noise parameter: 2.0
end temperature: 0.3 noise parameter: 2.0
********************Start from stage I
Step 400, BEST PSNR: 32.559706, Total loss 0.014207 with its rate 3.4698410034179688 latent_bits 1819196.0

🔁 Stage-1 Training Candidate 7/7
Quantizer parameter: encoding gain  16
total pixel: 524288
Get Mod with shape torch.Size([1, 1, 8, 16]) at layer: 1
Get Mod with shape torch.Size([1, 1, 16, 32]) at layer: 2
Get Mod with shape torch.Size([1, 1, 32, 64]) at layer: 3
Get Mod with shape torch.Size([1, 1, 64, 128]) at layer: 4
Get Mod with shape torch.Size([1, 1, 128, 256]) at layer: 5
Get Mod with shape torch.Size([1, 1, 256, 512]) at layer: 6
Get Mod with shape torch.Size([1, 1, 512, 1024]) at layer: 7
start temperature: 0.3 noise parameter: 2.0
end temperature: 0.3 noise parameter: 2.0
********************Start from stage I
Step 400, BEST PSNR: 32.375968, Total loss 0.014863 with its rate 3.517345905303955 latent_bits 1844102.25

🌟 Selected Top-3 Candidates by RD cost

🎯 Stage-2 Refining Candidate 1/3
start temperature: 0.3 noise parameter: 2.0
end temperature: 0.3 noise parameter: 2.0
********************Start from stage I
Step 400, BEST PSNR: 34.804494, Total loss 0.010908 with its rate 3.9595582485198975 latent_bits 2075948.875

🎯 Stage-2 Refining Candidate 2/3
start temperature: 0.3 noise parameter: 2.0
end temperature: 0.3 noise parameter: 2.0
********************Start from stage I
Step 400, BEST PSNR: 34.215607, Total loss 0.011405 with its rate 3.9024338722229004 latent_bits 2045999.25

🎯 Stage-2 Refining Candidate 3/3
start temperature: 0.3 noise parameter: 2.0
end temperature: 0.3 noise parameter: 2.0
********************Start from stage I
Step 400, BEST PSNR: 34.950512, Total loss 0.010347 with its rate 3.867799758911133 latent_bits 2027841.0

🏆 Best Candidate Final PSNR: 34.95, Rate: 3.8678
Masked_INR(
  (upsampling_2d): Upsampling(
    (conv_transpose2d): UpsamplingConvTranspose2d()
  )
  (arm): Arm(
    (mlp): Sequential(
      (0): ArmConv(
        (conv1_1): Conv1d(16, 16, kernel_size=(1,), stride=(1,))
      )
      (1): GELU(approximate='none')
      (2): ArmConv(
        (conv1_1): Conv1d(16, 16, kernel_size=(1,), stride=(1,))
      )
      (3): GELU(approximate='none')
      (4): ArmConv(
        (conv1_1): Conv1d(16, 2, kernel_size=(1,), stride=(1,))
      )
    )
  )
  (conv_mod): LocalGlobalBlock(
    (net): Sequential(
      (0): SynthesisLayer(
        (pad): Identity()
        (conv_layer): SWHDC(
          (conv): Conv2d(2, 3, kernel_size=(3, 3), stride=(1, 1))
        )
        (non_linearity): GELU(approximate='none')
      )
      (1): SynthesisResidualLayer(
        (pad): ReplicationPad2d((0, 0, 0, 0))
        (conv_layer): Conv2d(3, 3, kernel_size=(1, 1), stride=(1, 1))
        (non_linearity): GELU(approximate='none')
      )
      (2): SynthesisResidualLayer(
        (pad): ReplicationPad2d((0, 0, 0, 0))
        (conv_layer): Conv2d(3, 3, kernel_size=(1, 1), stride=(1, 1))
        (non_linearity): GELU(approximate='none')
      )
      (3): SynthesisResidualLayer(
        (pad): ReplicationPad2d((0, 0, 0, 0))
        (conv_layer): Conv2d(3, 3, kernel_size=(1, 1), stride=(1, 1))
        (non_linearity): Identity()
      )
    )
    (global_net): Sequential(
      (0): SynthesisLayer(
        (pad): Identity()
        (conv_layer): SWHDC(
          (conv): Conv2d(2, 3, kernel_size=(3, 3), stride=(1, 1))
        )
        (non_linearity): GELU(approximate='none')
      )
      (1): SynthesisResidualLayer(
        (pad): ReplicationPad2d((0, 0, 0, 0))
        (conv_layer): Conv2d(3, 3, kernel_size=(1, 1), stride=(1, 1))
        (non_linearity): GELU(approximate='none')
      )
      (2): SynthesisResidualLayer(
        (pad): ReplicationPad2d((0, 0, 0, 0))
        (conv_layer): Conv2d(3, 3, kernel_size=(1, 1), stride=(1, 1))
        (non_linearity): GELU(approximate='none')
      )
      (3): SynthesisResidualLayer(
        (pad): ReplicationPad2d((0, 0, 0, 0))
        (conv_layer): Conv2d(3, 3, kernel_size=(1, 1), stride=(1, 1))
        (non_linearity): Identity()
      )
    )
    (agg_func): Sequential(
      (0): SynthesisLayer(
        (pad): ReplicationPad2d((0, 0, 0, 0))
        (conv_layer): Conv2d(18, 3, kernel_size=(1, 1), stride=(1, 1))
        (non_linearity): GELU(approximate='none')
      )
      (1): SynthesisLayer(
        (pad): ReplicationPad2d((0, 0, 0, 0))
        (conv_layer): Conv2d(21, 3, kernel_size=(1, 1), stride=(1, 1))
        (non_linearity): GELU(approximate='none')
      )
      (2): SynthesisLayer(
        (pad): ReplicationPad2d((0, 0, 0, 0))
        (conv_layer): Conv2d(24, 3, kernel_size=(1, 1), stride=(1, 1))
        (non_linearity): GELU(approximate='none')
      )
    )
    (full_net): Sequential(
      (0): SynthesisLayer(
        (pad): ReplicationPad2d((0, 0, 0, 0))
        (conv_layer): Conv2d(7, 12, kernel_size=(1, 1), stride=(1, 1))
        (non_linearity): GELU(approximate='none')
      )
      (1): SynthesisLayer(
        (pad): ReplicationPad2d((0, 0, 0, 0))
        (conv_layer): Conv2d(12, 3, kernel_size=(1, 1), stride=(1, 1))
        (non_linearity): GELU(approximate='none')
      )
      (2): SynthesisResidualLayer(
        (conv_layer): Conv2d(3, 3, kernel_size=(3, 3), stride=(1, 1))
        (non_linearity): GELU(approximate='none')
      )
      (3): SynthesisResidualLayer(
        (conv_layer): Conv2d(3, 3, kernel_size=(3, 3), stride=(1, 1))
        (non_linearity): GELU(approximate='none')
      )
    )
  )
  (modulation_sf): ParameterList(
      (0): Parameter containing: [torch.float32 of size 1x1x8x16 (cuda:0)]
      (1): Parameter containing: [torch.float32 of size 1x1x16x32 (cuda:0)]
      (2): Parameter containing: [torch.float32 of size 1x1x32x64 (cuda:0)]
      (3): Parameter containing: [torch.float32 of size 1x1x64x128 (cuda:0)]
      (4): Parameter containing: [torch.float32 of size 1x1x128x256 (cuda:0)]
      (5): Parameter containing: [torch.float32 of size 1x1x256x512 (cuda:0)]
      (6): Parameter containing: [torch.float32 of size 1x1x512x1024 (cuda:0)]
  )
)
train the 3 -th image
start temperature: 0.3 noise parameter: 2.0
end temperature: 0.1 noise parameter: 1.0
********************Start from stage I
********************going into stage II
eval_object_psnr: 46.87694113729514
eval_background_psnr: 43.22108233974717
eval_background_psnr: 43.22108233974717
********************Evaluation the Image 3-th, after Step 999, BEST PSNR: 41.654301, Print rate 4.287735. *************************
Saved model at ./saved/modbase_7/context_16_arm_mod_16/sparity_0.0/inr_mod_16KODAK_ROI_Global_new_struture_7_12_3_33_orderconcat_operator_0_pw_0.0006_img_object3.pth
Trained the image with PSNR: 41.65430134371805  latent bits 4.2877349853515625 latent bits number 2248008.0
[41.93894035306375, 41.93736858212035, 41.871851641850974, 41.65430134371805]
[4.05171537399292, 4.096495151519775, 4.038559436798096, 4.2877349853515625]
[2124265.75, 2147743.25, 2117368.25, 2248008.0]
load the model: ./saved/modbase_7/context_16_arm_mod_16/sparity_0.0/inr_mod_16KODAK_ROI_Global_new_struture_7_12_3_33_orderconcat_operator_0_pw_0.0006_img_object3.pth for the  3 -th image
********************Evalutation with quantization
********************Starting quantizing models
eval_object_psnr: 46.89025996401966
full_image_psnr: 41.63464672897096
object_psnr: 46.89025996401966
background_psnr: 43.18560104823431
********************Evaluation the Image 3-th, BEST PSNR: 41.634647, Print rate 4.288896, Network rate 0.024998. *************************
eval_wsssim: 0.996779
Decoded image saved to ./experiments/vcip_combined_loss/decoded_images/othim04_maskerp_wsmse0_swhdc1_erp1_lambda0.0006.png
Evaluate the image: PSNR: 41.63464672897096 All bits: 4.313893795013428  latent bits: 4.288896083831787  network bits: 0.024997711181640625
Evaluate arm network bits: 0.009288787841796875 Evaluate synthesis network bits: 0.014783859252929688
Image All bits num: 2261722.75 latent bits num: 2248616.75 mlp bits num: 13106.0 border bits num:
arm bits num: 4870.0 synthesis bits num: 7751.0
[41.865224681409984, 41.87538067881054, 41.802628736338214, 41.63464672897096]
[4.077506065368652, 4.120659351348877, 4.064502716064453, 4.313893795013428]
[2137787.5, 2160412.25, 2130970.0, 2261722.75]
Metrics saved to ./experiments/vcip_combined_loss/results.csv
Current eval Ave PSNR: 41.79447020638242 Ave Bits 4.1441404819488525
Namespace(batch_size=1, lr=0.01, data='../data', sparsity=0.0, local_upsampling_kernel_size=8, upsampling_kernel_size=8, static_upsampling_kernel=False, latent_factor=1, mod_base=7, highest_flag=1, context_arm=16, dim_arm_mod=16, use_candidate=True, type='other', mod_hid_layer=0, sythesis_features=12, hidden_features=64, hidden_layer=2, scale=1, lambda_rate=0.0006, lambda_rate_list=[0.0006, 0.0008], start_index=0, mask_type='erp', wsmse_tag=0, swhdc_tag=1, swhdc_dilations=[1, 2, 3, 4], erp_padding=1, workdir='./experiments/vcip_combined_loss', train_steps_1=5000, train_steps_2=1000, loss_type='combined', lambda_dist=0.0023437500000000003, lambda_percep=1.0, patch_h=512, patch_w=1024, all_pix_num=524288, eval_pix_num=524288)
Directory './saved/modbase_7/context_16_arm_mod_16' already exists.
Directory './saved/modbase_7/context_16_arm_mod_16/sparity_0.0' already exists.
top %: 0.0

🔁 Stage-1 Training Candidate 1/7
Quantizer parameter: encoding gain  16
total pixel: 524288
Get Mod with shape torch.Size([1, 1, 8, 16]) at layer: 1
Get Mod with shape torch.Size([1, 1, 16, 32]) at layer: 2
Get Mod with shape torch.Size([1, 1, 32, 64]) at layer: 3
Get Mod with shape torch.Size([1, 1, 64, 128]) at layer: 4
Get Mod with shape torch.Size([1, 1, 128, 256]) at layer: 5
Get Mod with shape torch.Size([1, 1, 256, 512]) at layer: 6
Get Mod with shape torch.Size([1, 1, 512, 1024]) at layer: 7
start temperature: 0.3 noise parameter: 2.0
end temperature: 0.3 noise parameter: 2.0
********************Start from stage I
Step 400, BEST PSNR: 33.195085, Total loss 0.013467 with its rate 3.3828160762786865 latent_bits 1773569.875

🔁 Stage-1 Training Candidate 2/7
Quantizer parameter: encoding gain  16
total pixel: 524288
Get Mod with shape torch.Size([1, 1, 8, 16]) at layer: 1
Get Mod with shape torch.Size([1, 1, 16, 32]) at layer: 2
Get Mod with shape torch.Size([1, 1, 32, 64]) at layer: 3
Get Mod with shape torch.Size([1, 1, 64, 128]) at layer: 4
Get Mod with shape torch.Size([1, 1, 128, 256]) at layer: 5
Get Mod with shape torch.Size([1, 1, 256, 512]) at layer: 6
Get Mod with shape torch.Size([1, 1, 512, 1024]) at layer: 7
start temperature: 0.3 noise parameter: 2.0
end temperature: 0.3 noise parameter: 2.0
********************Start from stage I
Step 400, BEST PSNR: 32.645647, Total loss 0.014649 with its rate 3.2523040771484375 latent_bits 1705144.0

🔁 Stage-1 Training Candidate 3/7
Quantizer parameter: encoding gain  16
total pixel: 524288
Get Mod with shape torch.Size([1, 1, 8, 16]) at layer: 1
Get Mod with shape torch.Size([1, 1, 16, 32]) at layer: 2
Get Mod with shape torch.Size([1, 1, 32, 64]) at layer: 3
Get Mod with shape torch.Size([1, 1, 64, 128]) at layer: 4
Get Mod with shape torch.Size([1, 1, 128, 256]) at layer: 5
Get Mod with shape torch.Size([1, 1, 256, 512]) at layer: 6
Get Mod with shape torch.Size([1, 1, 512, 1024]) at layer: 7
start temperature: 0.3 noise parameter: 2.0
end temperature: 0.3 noise parameter: 2.0
********************Start from stage I
Step 400, BEST PSNR: 32.626962, Total loss 0.014030 with its rate 3.2710154056549072 latent_bits 1714954.125

🔁 Stage-1 Training Candidate 4/7
Quantizer parameter: encoding gain  16
total pixel: 524288
Get Mod with shape torch.Size([1, 1, 8, 16]) at layer: 1
Get Mod with shape torch.Size([1, 1, 16, 32]) at layer: 2
Get Mod with shape torch.Size([1, 1, 32, 64]) at layer: 3
Get Mod with shape torch.Size([1, 1, 64, 128]) at layer: 4
Get Mod with shape torch.Size([1, 1, 128, 256]) at layer: 5
Get Mod with shape torch.Size([1, 1, 256, 512]) at layer: 6
Get Mod with shape torch.Size([1, 1, 512, 1024]) at layer: 7
start temperature: 0.3 noise parameter: 2.0
end temperature: 0.3 noise parameter: 2.0
********************Start from stage I
Step 400, BEST PSNR: 33.039655, Total loss 0.013513 with its rate 3.363574504852295 latent_bits 1763481.75

🔁 Stage-1 Training Candidate 5/7
Quantizer parameter: encoding gain  16
total pixel: 524288
Get Mod with shape torch.Size([1, 1, 8, 16]) at layer: 1
Get Mod with shape torch.Size([1, 1, 16, 32]) at layer: 2
Get Mod with shape torch.Size([1, 1, 32, 64]) at layer: 3
Get Mod with shape torch.Size([1, 1, 64, 128]) at layer: 4
Get Mod with shape torch.Size([1, 1, 128, 256]) at layer: 5
Get Mod with shape torch.Size([1, 1, 256, 512]) at layer: 6
Get Mod with shape torch.Size([1, 1, 512, 1024]) at layer: 7
start temperature: 0.3 noise parameter: 2.0
end temperature: 0.3 noise parameter: 2.0
********************Start from stage I
Step 400, BEST PSNR: 33.403876, Total loss 0.013538 with its rate 3.3599853515625 latent_bits 1761600.0

🔁 Stage-1 Training Candidate 6/7
Quantizer parameter: encoding gain  16
total pixel: 524288
Get Mod with shape torch.Size([1, 1, 8, 16]) at layer: 1
Get Mod with shape torch.Size([1, 1, 16, 32]) at layer: 2
Get Mod with shape torch.Size([1, 1, 32, 64]) at layer: 3
Get Mod with shape torch.Size([1, 1, 64, 128]) at layer: 4
Get Mod with shape torch.Size([1, 1, 128, 256]) at layer: 5
Get Mod with shape torch.Size([1, 1, 256, 512]) at layer: 6
Get Mod with shape torch.Size([1, 1, 512, 1024]) at layer: 7
start temperature: 0.3 noise parameter: 2.0
end temperature: 0.3 noise parameter: 2.0
********************Start from stage I
Step 400, BEST PSNR: 32.438958, Total loss 0.014471 with its rate 3.3497703075408936 latent_bits 1756244.375

🔁 Stage-1 Training Candidate 7/7
Quantizer parameter: encoding gain  16
total pixel: 524288
Get Mod with shape torch.Size([1, 1, 8, 16]) at layer: 1
Get Mod with shape torch.Size([1, 1, 16, 32]) at layer: 2
Get Mod with shape torch.Size([1, 1, 32, 64]) at layer: 3
Get Mod with shape torch.Size([1, 1, 64, 128]) at layer: 4
Get Mod with shape torch.Size([1, 1, 128, 256]) at layer: 5
Get Mod with shape torch.Size([1, 1, 256, 512]) at layer: 6
Get Mod with shape torch.Size([1, 1, 512, 1024]) at layer: 7
start temperature: 0.3 noise parameter: 2.0
end temperature: 0.3 noise parameter: 2.0
********************Start from stage I
Step 400, BEST PSNR: 32.433196, Total loss 0.013495 with its rate 3.296621561050415 latent_bits 1728379.125

🌟 Selected Top-3 Candidates by RD cost

🎯 Stage-2 Refining Candidate 1/3
start temperature: 0.3 noise parameter: 2.0
end temperature: 0.3 noise parameter: 2.0
********************Start from stage I
Step 400, BEST PSNR: 34.465334, Total loss 0.010446 with its rate 3.8120720386505127 latent_bits 1998623.625

🎯 Stage-2 Refining Candidate 2/3
start temperature: 0.3 noise parameter: 2.0
end temperature: 0.3 noise parameter: 2.0
********************Start from stage I
Step 400, BEST PSNR: 34.290745, Total loss 0.011062 with its rate 3.7184243202209473 latent_bits 1949525.25

🎯 Stage-2 Refining Candidate 3/3
start temperature: 0.3 noise parameter: 2.0
end temperature: 0.3 noise parameter: 2.0
********************Start from stage I
Step 400, BEST PSNR: 35.066000, Total loss 0.010475 with its rate 3.7984108924865723 latent_bits 1991461.25

🏆 Best Candidate Final PSNR: 34.47, Rate: 3.8121
Masked_INR(
  (upsampling_2d): Upsampling(
    (conv_transpose2d): UpsamplingConvTranspose2d()
  )
  (arm): Arm(
    (mlp): Sequential(
      (0): ArmConv(
        (conv1_1): Conv1d(16, 16, kernel_size=(1,), stride=(1,))
      )
      (1): GELU(approximate='none')
      (2): ArmConv(
        (conv1_1): Conv1d(16, 16, kernel_size=(1,), stride=(1,))
      )
      (3): GELU(approximate='none')
      (4): ArmConv(
        (conv1_1): Conv1d(16, 2, kernel_size=(1,), stride=(1,))
      )
    )
  )
  (conv_mod): LocalGlobalBlock(
    (net): Sequential(
      (0): SynthesisLayer(
        (pad): Identity()
        (conv_layer): SWHDC(
          (conv): Conv2d(2, 3, kernel_size=(3, 3), stride=(1, 1))
        )
        (non_linearity): GELU(approximate='none')
      )
      (1): SynthesisResidualLayer(
        (pad): ReplicationPad2d((0, 0, 0, 0))
        (conv_layer): Conv2d(3, 3, kernel_size=(1, 1), stride=(1, 1))
        (non_linearity): GELU(approximate='none')
      )
      (2): SynthesisResidualLayer(
        (pad): ReplicationPad2d((0, 0, 0, 0))
        (conv_layer): Conv2d(3, 3, kernel_size=(1, 1), stride=(1, 1))
        (non_linearity): GELU(approximate='none')
      )
      (3): SynthesisResidualLayer(
        (pad): ReplicationPad2d((0, 0, 0, 0))
        (conv_layer): Conv2d(3, 3, kernel_size=(1, 1), stride=(1, 1))
        (non_linearity): Identity()
      )
    )
    (global_net): Sequential(
      (0): SynthesisLayer(
        (pad): Identity()
        (conv_layer): SWHDC(
          (conv): Conv2d(2, 3, kernel_size=(3, 3), stride=(1, 1))
        )
        (non_linearity): GELU(approximate='none')
      )
      (1): SynthesisResidualLayer(
        (pad): ReplicationPad2d((0, 0, 0, 0))
        (conv_layer): Conv2d(3, 3, kernel_size=(1, 1), stride=(1, 1))
        (non_linearity): GELU(approximate='none')
      )
      (2): SynthesisResidualLayer(
        (pad): ReplicationPad2d((0, 0, 0, 0))
        (conv_layer): Conv2d(3, 3, kernel_size=(1, 1), stride=(1, 1))
        (non_linearity): GELU(approximate='none')
      )
      (3): SynthesisResidualLayer(
        (pad): ReplicationPad2d((0, 0, 0, 0))
        (conv_layer): Conv2d(3, 3, kernel_size=(1, 1), stride=(1, 1))
        (non_linearity): Identity()
      )
    )
    (agg_func): Sequential(
      (0): SynthesisLayer(
        (pad): ReplicationPad2d((0, 0, 0, 0))
        (conv_layer): Conv2d(18, 3, kernel_size=(1, 1), stride=(1, 1))
        (non_linearity): GELU(approximate='none')
      )
      (1): SynthesisLayer(
        (pad): ReplicationPad2d((0, 0, 0, 0))
        (conv_layer): Conv2d(21, 3, kernel_size=(1, 1), stride=(1, 1))
        (non_linearity): GELU(approximate='none')
      )
      (2): SynthesisLayer(
        (pad): ReplicationPad2d((0, 0, 0, 0))
        (conv_layer): Conv2d(24, 3, kernel_size=(1, 1), stride=(1, 1))
        (non_linearity): GELU(approximate='none')
      )
    )
    (full_net): Sequential(
      (0): SynthesisLayer(
        (pad): ReplicationPad2d((0, 0, 0, 0))
        (conv_layer): Conv2d(7, 12, kernel_size=(1, 1), stride=(1, 1))
        (non_linearity): GELU(approximate='none')
      )
      (1): SynthesisLayer(
        (pad): ReplicationPad2d((0, 0, 0, 0))
        (conv_layer): Conv2d(12, 3, kernel_size=(1, 1), stride=(1, 1))
        (non_linearity): GELU(approximate='none')
      )
      (2): SynthesisResidualLayer(
        (conv_layer): Conv2d(3, 3, kernel_size=(3, 3), stride=(1, 1))
        (non_linearity): GELU(approximate='none')
      )
      (3): SynthesisResidualLayer(
        (conv_layer): Conv2d(3, 3, kernel_size=(3, 3), stride=(1, 1))
        (non_linearity): GELU(approximate='none')
      )
    )
  )
  (modulation_sf): ParameterList(
      (0): Parameter containing: [torch.float32 of size 1x1x8x16 (cuda:0)]
      (1): Parameter containing: [torch.float32 of size 1x1x16x32 (cuda:0)]
      (2): Parameter containing: [torch.float32 of size 1x1x32x64 (cuda:0)]
      (3): Parameter containing: [torch.float32 of size 1x1x64x128 (cuda:0)]
      (4): Parameter containing: [torch.float32 of size 1x1x128x256 (cuda:0)]
      (5): Parameter containing: [torch.float32 of size 1x1x256x512 (cuda:0)]
      (6): Parameter containing: [torch.float32 of size 1x1x512x1024 (cuda:0)]
  )
)
train the 4 -th image
start temperature: 0.3 noise parameter: 2.0
end temperature: 0.1 noise parameter: 1.0
********************Start from stage I
********************going into stage II
eval_object_psnr: 47.91183382408531
eval_background_psnr: 43.489840510159034
eval_background_psnr: 43.489840510159034
********************Evaluation the Image 4-th, after Step 999, BEST PSNR: 42.127285, Print rate 4.181635. *************************
Saved model at ./saved/modbase_7/context_16_arm_mod_16/sparity_0.0/inr_mod_16KODAK_ROI_Global_new_struture_7_12_3_33_orderconcat_operator_0_pw_0.0006_img_object4.pth
Trained the image with PSNR: 42.12728497801592  latent bits 4.181634902954102 latent bits number 2192381.0
[41.93894035306375, 41.93736858212035, 41.871851641850974, 41.65430134371805, 42.12728497801592]
[4.05171537399292, 4.096495151519775, 4.038559436798096, 4.2877349853515625, 4.181634902954102]
[2124265.75, 2147743.25, 2117368.25, 2248008.0, 2192381.0]
load the model: ./saved/modbase_7/context_16_arm_mod_16/sparity_0.0/inr_mod_16KODAK_ROI_Global_new_struture_7_12_3_33_orderconcat_operator_0_pw_0.0006_img_object4.pth for the  4 -th image
********************Evalutation with quantization
********************Starting quantizing models
eval_object_psnr: 47.89884575184061
full_image_psnr: 42.09694950674752
object_psnr: 47.89884575184061
background_psnr: 43.45179669121469
********************Evaluation the Image 4-th, BEST PSNR: 42.096950, Print rate 4.184711, Network rate 0.023659. *************************
eval_wsssim: 0.997070
Decoded image saved to ./experiments/vcip_combined_loss/decoded_images/othim05_maskerp_wsmse0_swhdc1_erp1_lambda0.0006.png
Evaluate the image: PSNR: 42.09694950674752 All bits: 4.208370208740234  latent bits: 4.184711456298828  network bits: 0.02365875244140625
Evaluate arm network bits: 0.00946807861328125 Evaluate synthesis network bits: 0.013093948364257812
Image All bits num: 2206398.0 latent bits num: 2193994.0 mlp bits num: 12404.0 border bits num:
arm bits num: 4964.0 synthesis bits num: 6865.0
[41.865224681409984, 41.87538067881054, 41.802628736338214, 41.63464672897096, 42.09694950674752]
[4.077506065368652, 4.120659351348877, 4.064502716064453, 4.313893795013428, 4.208370208740234]
[2137787.5, 2160412.25, 2130970.0, 2261722.75, 2206398.0]
Metrics saved to ./experiments/vcip_combined_loss/results.csv
Current eval Ave PSNR: 41.85496606645544 Ave Bits 4.156986427307129
Namespace(batch_size=1, lr=0.01, data='../data', sparsity=0.0, local_upsampling_kernel_size=8, upsampling_kernel_size=8, static_upsampling_kernel=False, latent_factor=1, mod_base=7, highest_flag=1, context_arm=16, dim_arm_mod=16, use_candidate=True, type='other', mod_hid_layer=0, sythesis_features=12, hidden_features=64, hidden_layer=2, scale=1, lambda_rate=0.0006, lambda_rate_list=[0.0006, 0.0008], start_index=0, mask_type='erp', wsmse_tag=0, swhdc_tag=1, swhdc_dilations=[1, 2, 3, 4], erp_padding=1, workdir='./experiments/vcip_combined_loss', train_steps_1=5000, train_steps_2=1000, loss_type='combined', lambda_dist=0.0023437500000000003, lambda_percep=1.0, patch_h=512, patch_w=1024, all_pix_num=524288, eval_pix_num=524288)
Directory './saved/modbase_7/context_16_arm_mod_16' already exists.
Directory './saved/modbase_7/context_16_arm_mod_16/sparity_0.0' already exists.
top %: 0.0

🔁 Stage-1 Training Candidate 1/7
Quantizer parameter: encoding gain  16
total pixel: 524288
Get Mod with shape torch.Size([1, 1, 8, 16]) at layer: 1
Get Mod with shape torch.Size([1, 1, 16, 32]) at layer: 2
Get Mod with shape torch.Size([1, 1, 32, 64]) at layer: 3
Get Mod with shape torch.Size([1, 1, 64, 128]) at layer: 4
Get Mod with shape torch.Size([1, 1, 128, 256]) at layer: 5
Get Mod with shape torch.Size([1, 1, 256, 512]) at layer: 6
Get Mod with shape torch.Size([1, 1, 512, 1024]) at layer: 7
start temperature: 0.3 noise parameter: 2.0
end temperature: 0.3 noise parameter: 2.0
********************Start from stage I
Step 400, BEST PSNR: 31.792017, Total loss 0.013457 with its rate 3.3762576580047607 latent_bits 1770131.375

🔁 Stage-1 Training Candidate 2/7
Quantizer parameter: encoding gain  16
total pixel: 524288
Get Mod with shape torch.Size([1, 1, 8, 16]) at layer: 1
Get Mod with shape torch.Size([1, 1, 16, 32]) at layer: 2
Get Mod with shape torch.Size([1, 1, 32, 64]) at layer: 3
Get Mod with shape torch.Size([1, 1, 64, 128]) at layer: 4
Get Mod with shape torch.Size([1, 1, 128, 256]) at layer: 5
Get Mod with shape torch.Size([1, 1, 256, 512]) at layer: 6
Get Mod with shape torch.Size([1, 1, 512, 1024]) at layer: 7
start temperature: 0.3 noise parameter: 2.0
end temperature: 0.3 noise parameter: 2.0
********************Start from stage I
Step 400, BEST PSNR: 32.844401, Total loss 0.013702 with its rate 3.297919511795044 latent_bits 1729059.625

🔁 Stage-1 Training Candidate 3/7
Quantizer parameter: encoding gain  16
total pixel: 524288
Get Mod with shape torch.Size([1, 1, 8, 16]) at layer: 1
Get Mod with shape torch.Size([1, 1, 16, 32]) at layer: 2
Get Mod with shape torch.Size([1, 1, 32, 64]) at layer: 3
Get Mod with shape torch.Size([1, 1, 64, 128]) at layer: 4
Get Mod with shape torch.Size([1, 1, 128, 256]) at layer: 5
Get Mod with shape torch.Size([1, 1, 256, 512]) at layer: 6
Get Mod with shape torch.Size([1, 1, 512, 1024]) at layer: 7
start temperature: 0.3 noise parameter: 2.0
end temperature: 0.3 noise parameter: 2.0
********************Start from stage I
Step 400, BEST PSNR: 33.658748, Total loss 0.012762 with its rate 3.334056854248047 latent_bits 1748006.0

🔁 Stage-1 Training Candidate 4/7
Quantizer parameter: encoding gain  16
total pixel: 524288
Get Mod with shape torch.Size([1, 1, 8, 16]) at layer: 1
Get Mod with shape torch.Size([1, 1, 16, 32]) at layer: 2
Get Mod with shape torch.Size([1, 1, 32, 64]) at layer: 3
Get Mod with shape torch.Size([1, 1, 64, 128]) at layer: 4
Get Mod with shape torch.Size([1, 1, 128, 256]) at layer: 5
Get Mod with shape torch.Size([1, 1, 256, 512]) at layer: 6
Get Mod with shape torch.Size([1, 1, 512, 1024]) at layer: 7
start temperature: 0.3 noise parameter: 2.0
end temperature: 0.3 noise parameter: 2.0
********************Start from stage I
Step 400, BEST PSNR: 33.019332, Total loss 0.013095 with its rate 3.2833480834960938 latent_bits 1721420.0

🔁 Stage-1 Training Candidate 5/7
Quantizer parameter: encoding gain  16
total pixel: 524288
Get Mod with shape torch.Size([1, 1, 8, 16]) at layer: 1
Get Mod with shape torch.Size([1, 1, 16, 32]) at layer: 2
Get Mod with shape torch.Size([1, 1, 32, 64]) at layer: 3
Get Mod with shape torch.Size([1, 1, 64, 128]) at layer: 4
Get Mod with shape torch.Size([1, 1, 128, 256]) at layer: 5
Get Mod with shape torch.Size([1, 1, 256, 512]) at layer: 6
Get Mod with shape torch.Size([1, 1, 512, 1024]) at layer: 7
start temperature: 0.3 noise parameter: 2.0
end temperature: 0.3 noise parameter: 2.0
********************Start from stage I
Step 400, BEST PSNR: 33.677308, Total loss 0.012491 with its rate 3.3946733474731445 latent_bits 1779786.5

🔁 Stage-1 Training Candidate 6/7
Quantizer parameter: encoding gain  16
total pixel: 524288
Get Mod with shape torch.Size([1, 1, 8, 16]) at layer: 1
Get Mod with shape torch.Size([1, 1, 16, 32]) at layer: 2
Get Mod with shape torch.Size([1, 1, 32, 64]) at layer: 3
Get Mod with shape torch.Size([1, 1, 64, 128]) at layer: 4
Get Mod with shape torch.Size([1, 1, 128, 256]) at layer: 5
Get Mod with shape torch.Size([1, 1, 256, 512]) at layer: 6
Get Mod with shape torch.Size([1, 1, 512, 1024]) at layer: 7
start temperature: 0.3 noise parameter: 2.0
end temperature: 0.3 noise parameter: 2.0
********************Start from stage I
Step 400, BEST PSNR: 32.744651, Total loss 0.013766 with its rate 3.1628150939941406 latent_bits 1658226.0

🔁 Stage-1 Training Candidate 7/7
Quantizer parameter: encoding gain  16
total pixel: 524288
Get Mod with shape torch.Size([1, 1, 8, 16]) at layer: 1
Get Mod with shape torch.Size([1, 1, 16, 32]) at layer: 2
Get Mod with shape torch.Size([1, 1, 32, 64]) at layer: 3
Get Mod with shape torch.Size([1, 1, 64, 128]) at layer: 4
Get Mod with shape torch.Size([1, 1, 128, 256]) at layer: 5
Get Mod with shape torch.Size([1, 1, 256, 512]) at layer: 6
Get Mod with shape torch.Size([1, 1, 512, 1024]) at layer: 7
start temperature: 0.3 noise parameter: 2.0
end temperature: 0.3 noise parameter: 2.0
********************Start from stage I
Step 400, BEST PSNR: 32.116394, Total loss 0.013205 with its rate 3.2708585262298584 latent_bits 1714871.875

🌟 Selected Top-3 Candidates by RD cost

🎯 Stage-2 Refining Candidate 1/3
start temperature: 0.3 noise parameter: 2.0
end temperature: 0.3 noise parameter: 2.0
********************Start from stage I
Step 400, BEST PSNR: 34.942523, Total loss 0.010201 with its rate 3.749589443206787 latent_bits 1965864.75

🎯 Stage-2 Refining Candidate 2/3
start temperature: 0.3 noise parameter: 2.0
end temperature: 0.3 noise parameter: 2.0
********************Start from stage I
Step 400, BEST PSNR: 35.309792, Total loss 0.010208 with its rate 3.6932461261749268 latent_bits 1936324.625

🎯 Stage-2 Refining Candidate 3/3
start temperature: 0.3 noise parameter: 2.0
end temperature: 0.3 noise parameter: 2.0
********************Start from stage I
Step 400, BEST PSNR: 34.107846, Total loss 0.010968 with its rate 3.6745352745056152 latent_bits 1926514.75

🏆 Best Candidate Final PSNR: 34.94, Rate: 3.7496
Masked_INR(
  (upsampling_2d): Upsampling(
    (conv_transpose2d): UpsamplingConvTranspose2d()
  )
  (arm): Arm(
    (mlp): Sequential(
      (0): ArmConv(
        (conv1_1): Conv1d(16, 16, kernel_size=(1,), stride=(1,))
      )
      (1): GELU(approximate='none')
      (2): ArmConv(
        (conv1_1): Conv1d(16, 16, kernel_size=(1,), stride=(1,))
      )
      (3): GELU(approximate='none')
      (4): ArmConv(
        (conv1_1): Conv1d(16, 2, kernel_size=(1,), stride=(1,))
      )
    )
  )
  (conv_mod): LocalGlobalBlock(
    (net): Sequential(
      (0): SynthesisLayer(
        (pad): Identity()
        (conv_layer): SWHDC(
          (conv): Conv2d(2, 3, kernel_size=(3, 3), stride=(1, 1))
        )
        (non_linearity): GELU(approximate='none')
      )
      (1): SynthesisResidualLayer(
        (pad): ReplicationPad2d((0, 0, 0, 0))
        (conv_layer): Conv2d(3, 3, kernel_size=(1, 1), stride=(1, 1))
        (non_linearity): GELU(approximate='none')
      )
      (2): SynthesisResidualLayer(
        (pad): ReplicationPad2d((0, 0, 0, 0))
        (conv_layer): Conv2d(3, 3, kernel_size=(1, 1), stride=(1, 1))
        (non_linearity): GELU(approximate='none')
      )
      (3): SynthesisResidualLayer(
        (pad): ReplicationPad2d((0, 0, 0, 0))
        (conv_layer): Conv2d(3, 3, kernel_size=(1, 1), stride=(1, 1))
        (non_linearity): Identity()
      )
    )
    (global_net): Sequential(
      (0): SynthesisLayer(
        (pad): Identity()
        (conv_layer): SWHDC(
          (conv): Conv2d(2, 3, kernel_size=(3, 3), stride=(1, 1))
        )
        (non_linearity): GELU(approximate='none')
      )
      (1): SynthesisResidualLayer(
        (pad): ReplicationPad2d((0, 0, 0, 0))
        (conv_layer): Conv2d(3, 3, kernel_size=(1, 1), stride=(1, 1))
        (non_linearity): GELU(approximate='none')
      )
      (2): SynthesisResidualLayer(
        (pad): ReplicationPad2d((0, 0, 0, 0))
        (conv_layer): Conv2d(3, 3, kernel_size=(1, 1), stride=(1, 1))
        (non_linearity): GELU(approximate='none')
      )
      (3): SynthesisResidualLayer(
        (pad): ReplicationPad2d((0, 0, 0, 0))
        (conv_layer): Conv2d(3, 3, kernel_size=(1, 1), stride=(1, 1))
        (non_linearity): Identity()
      )
    )
    (agg_func): Sequential(
      (0): SynthesisLayer(
        (pad): ReplicationPad2d((0, 0, 0, 0))
        (conv_layer): Conv2d(18, 3, kernel_size=(1, 1), stride=(1, 1))
        (non_linearity): GELU(approximate='none')
      )
      (1): SynthesisLayer(
        (pad): ReplicationPad2d((0, 0, 0, 0))
        (conv_layer): Conv2d(21, 3, kernel_size=(1, 1), stride=(1, 1))
        (non_linearity): GELU(approximate='none')
      )
      (2): SynthesisLayer(
        (pad): ReplicationPad2d((0, 0, 0, 0))
        (conv_layer): Conv2d(24, 3, kernel_size=(1, 1), stride=(1, 1))
        (non_linearity): GELU(approximate='none')
      )
    )
    (full_net): Sequential(
      (0): SynthesisLayer(
        (pad): ReplicationPad2d((0, 0, 0, 0))
        (conv_layer): Conv2d(7, 12, kernel_size=(1, 1), stride=(1, 1))
        (non_linearity): GELU(approximate='none')
      )
      (1): SynthesisLayer(
        (pad): ReplicationPad2d((0, 0, 0, 0))
        (conv_layer): Conv2d(12, 3, kernel_size=(1, 1), stride=(1, 1))
        (non_linearity): GELU(approximate='none')
      )
      (2): SynthesisResidualLayer(
        (conv_layer): Conv2d(3, 3, kernel_size=(3, 3), stride=(1, 1))
        (non_linearity): GELU(approximate='none')
      )
      (3): SynthesisResidualLayer(
        (conv_layer): Conv2d(3, 3, kernel_size=(3, 3), stride=(1, 1))
        (non_linearity): GELU(approximate='none')
      )
    )
  )
  (modulation_sf): ParameterList(
      (0): Parameter containing: [torch.float32 of size 1x1x8x16 (cuda:0)]
      (1): Parameter containing: [torch.float32 of size 1x1x16x32 (cuda:0)]
      (2): Parameter containing: [torch.float32 of size 1x1x32x64 (cuda:0)]
      (3): Parameter containing: [torch.float32 of size 1x1x64x128 (cuda:0)]
      (4): Parameter containing: [torch.float32 of size 1x1x128x256 (cuda:0)]
      (5): Parameter containing: [torch.float32 of size 1x1x256x512 (cuda:0)]
      (6): Parameter containing: [torch.float32 of size 1x1x512x1024 (cuda:0)]
  )
)
train the 5 -th image
start temperature: 0.3 noise parameter: 2.0
end temperature: 0.1 noise parameter: 1.0
********************Start from stage I
********************going into stage II
eval_object_psnr: 47.997984298347156
eval_background_psnr: 42.92799537501002
eval_background_psnr: 42.92799537501002
********************Evaluation the Image 5-th, after Step 999, BEST PSNR: 41.741528, Print rate 4.102081. *************************
Saved model at ./saved/modbase_7/context_16_arm_mod_16/sparity_0.0/inr_mod_16KODAK_ROI_Global_new_struture_7_12_3_33_orderconcat_operator_0_pw_0.0006_img_object5.pth
Trained the image with PSNR: 41.74152771033609  latent bits 4.102080821990967 latent bits number 2150671.75
[41.93894035306375, 41.93736858212035, 41.871851641850974, 41.65430134371805, 42.12728497801592, 41.74152771033609]
[4.05171537399292, 4.096495151519775, 4.038559436798096, 4.2877349853515625, 4.181634902954102, 4.102080821990967]
[2124265.75, 2147743.25, 2117368.25, 2248008.0, 2192381.0, 2150671.75]
load the model: ./saved/modbase_7/context_16_arm_mod_16/sparity_0.0/inr_mod_16KODAK_ROI_Global_new_struture_7_12_3_33_orderconcat_operator_0_pw_0.0006_img_object5.pth for the  5 -th image
********************Evalutation with quantization
********************Starting quantizing models
eval_object_psnr: 47.48711686064215
full_image_psnr: 41.17454895229773
object_psnr: 47.48711686064215
background_psnr: 42.34587480629356
********************Evaluation the Image 5-th, BEST PSNR: 41.174549, Print rate 4.105088, Network rate 0.023317. *************************
eval_wsssim: 0.996397
Decoded image saved to ./experiments/vcip_combined_loss/decoded_images/othim06_maskerp_wsmse0_swhdc1_erp1_lambda0.0006.png
Evaluate the image: PSNR: 41.17454895229773 All bits: 4.128405570983887  latent bits: 4.105088233947754  network bits: 0.023317337036132812
Evaluate arm network bits: 0.009351730346679688 Evaluate synthesis network bits: 0.013458251953125
Image All bits num: 2164473.5 latent bits num: 2152248.5 mlp bits num: 12225.0 border bits num:
arm bits num: 4903.0 synthesis bits num: 7056.0
[41.865224681409984, 41.87538067881054, 41.802628736338214, 41.63464672897096, 42.09694950674752, 41.17454895229773]
[4.077506065368652, 4.120659351348877, 4.064502716064453, 4.313893795013428, 4.208370208740234, 4.128405570983887]
[2137787.5, 2160412.25, 2130970.0, 2261722.75, 2206398.0, 2164473.5]
Metrics saved to ./experiments/vcip_combined_loss/results.csv
Current eval Ave PSNR: 41.74156321409582 Ave Bits 4.152222951253255
Namespace(batch_size=1, lr=0.01, data='../data', sparsity=0.0, local_upsampling_kernel_size=8, upsampling_kernel_size=8, static_upsampling_kernel=False, latent_factor=1, mod_base=7, highest_flag=1, context_arm=16, dim_arm_mod=16, use_candidate=True, type='other', mod_hid_layer=0, sythesis_features=12, hidden_features=64, hidden_layer=2, scale=1, lambda_rate=0.0006, lambda_rate_list=[0.0006, 0.0008], start_index=0, mask_type='erp', wsmse_tag=0, swhdc_tag=1, swhdc_dilations=[1, 2, 3, 4], erp_padding=1, workdir='./experiments/vcip_combined_loss', train_steps_1=5000, train_steps_2=1000, loss_type='combined', lambda_dist=0.0023437500000000003, lambda_percep=1.0, patch_h=512, patch_w=1024, all_pix_num=524288, eval_pix_num=524288)
Directory './saved/modbase_7/context_16_arm_mod_16' already exists.
Directory './saved/modbase_7/context_16_arm_mod_16/sparity_0.0' already exists.
top %: 0.0

🔁 Stage-1 Training Candidate 1/7
Quantizer parameter: encoding gain  16
total pixel: 524288
Get Mod with shape torch.Size([1, 1, 8, 16]) at layer: 1
Get Mod with shape torch.Size([1, 1, 16, 32]) at layer: 2
Get Mod with shape torch.Size([1, 1, 32, 64]) at layer: 3
Get Mod with shape torch.Size([1, 1, 64, 128]) at layer: 4
Get Mod with shape torch.Size([1, 1, 128, 256]) at layer: 5
Get Mod with shape torch.Size([1, 1, 256, 512]) at layer: 6
Get Mod with shape torch.Size([1, 1, 512, 1024]) at layer: 7
start temperature: 0.3 noise parameter: 2.0
end temperature: 0.3 noise parameter: 2.0
********************Start from stage I
Step 400, BEST PSNR: 35.037860, Total loss 0.017279 with its rate 2.8985414505004883 latent_bits 1519670.5

🔁 Stage-1 Training Candidate 2/7
Quantizer parameter: encoding gain  16
total pixel: 524288
Get Mod with shape torch.Size([1, 1, 8, 16]) at layer: 1
Get Mod with shape torch.Size([1, 1, 16, 32]) at layer: 2
Get Mod with shape torch.Size([1, 1, 32, 64]) at layer: 3
Get Mod with shape torch.Size([1, 1, 64, 128]) at layer: 4
Get Mod with shape torch.Size([1, 1, 128, 256]) at layer: 5
Get Mod with shape torch.Size([1, 1, 256, 512]) at layer: 6
Get Mod with shape torch.Size([1, 1, 512, 1024]) at layer: 7
start temperature: 0.3 noise parameter: 2.0
end temperature: 0.3 noise parameter: 2.0
********************Start from stage I
Step 400, BEST PSNR: 34.897814, Total loss 0.017434 with its rate 2.718477964401245 latent_bits 1425265.375

🔁 Stage-1 Training Candidate 3/7
Quantizer parameter: encoding gain  16
total pixel: 524288
Get Mod with shape torch.Size([1, 1, 8, 16]) at layer: 1
Get Mod with shape torch.Size([1, 1, 16, 32]) at layer: 2
Get Mod with shape torch.Size([1, 1, 32, 64]) at layer: 3
Get Mod with shape torch.Size([1, 1, 64, 128]) at layer: 4
Get Mod with shape torch.Size([1, 1, 128, 256]) at layer: 5
Get Mod with shape torch.Size([1, 1, 256, 512]) at layer: 6
Get Mod with shape torch.Size([1, 1, 512, 1024]) at layer: 7
start temperature: 0.3 noise parameter: 2.0
end temperature: 0.3 noise parameter: 2.0
********************Start from stage I
Step 400, BEST PSNR: 34.401031, Total loss 0.017697 with its rate 2.7443180084228516 latent_bits 1438813.0

🔁 Stage-1 Training Candidate 4/7
Quantizer parameter: encoding gain  16
total pixel: 524288
Get Mod with shape torch.Size([1, 1, 8, 16]) at layer: 1
Get Mod with shape torch.Size([1, 1, 16, 32]) at layer: 2
Get Mod with shape torch.Size([1, 1, 32, 64]) at layer: 3
Get Mod with shape torch.Size([1, 1, 64, 128]) at layer: 4
Get Mod with shape torch.Size([1, 1, 128, 256]) at layer: 5
Get Mod with shape torch.Size([1, 1, 256, 512]) at layer: 6
Get Mod with shape torch.Size([1, 1, 512, 1024]) at layer: 7
start temperature: 0.3 noise parameter: 2.0
end temperature: 0.3 noise parameter: 2.0
********************Start from stage I
Step 400, BEST PSNR: 34.393918, Total loss 0.017207 with its rate 2.7641687393188477 latent_bits 1449220.5

🔁 Stage-1 Training Candidate 5/7
Quantizer parameter: encoding gain  16
total pixel: 524288
Get Mod with shape torch.Size([1, 1, 8, 16]) at layer: 1
Get Mod with shape torch.Size([1, 1, 16, 32]) at layer: 2
Get Mod with shape torch.Size([1, 1, 32, 64]) at layer: 3
Get Mod with shape torch.Size([1, 1, 64, 128]) at layer: 4
Get Mod with shape torch.Size([1, 1, 128, 256]) at layer: 5
Get Mod with shape torch.Size([1, 1, 256, 512]) at layer: 6
Get Mod with shape torch.Size([1, 1, 512, 1024]) at layer: 7
start temperature: 0.3 noise parameter: 2.0
end temperature: 0.3 noise parameter: 2.0
********************Start from stage I
Step 400, BEST PSNR: 33.831147, Total loss 0.018980 with its rate 2.751408576965332 latent_bits 1442530.5

🔁 Stage-1 Training Candidate 6/7
Quantizer parameter: encoding gain  16
total pixel: 524288
Get Mod with shape torch.Size([1, 1, 8, 16]) at layer: 1
Get Mod with shape torch.Size([1, 1, 16, 32]) at layer: 2
Get Mod with shape torch.Size([1, 1, 32, 64]) at layer: 3
Get Mod with shape torch.Size([1, 1, 64, 128]) at layer: 4
Get Mod with shape torch.Size([1, 1, 128, 256]) at layer: 5
Get Mod with shape torch.Size([1, 1, 256, 512]) at layer: 6
Get Mod with shape torch.Size([1, 1, 512, 1024]) at layer: 7
start temperature: 0.3 noise parameter: 2.0
end temperature: 0.3 noise parameter: 2.0
********************Start from stage I
Step 400, BEST PSNR: 33.766547, Total loss 0.018746 with its rate 2.891951560974121 latent_bits 1516215.5

🔁 Stage-1 Training Candidate 7/7
Quantizer parameter: encoding gain  16
total pixel: 524288
Get Mod with shape torch.Size([1, 1, 8, 16]) at layer: 1
Get Mod with shape torch.Size([1, 1, 16, 32]) at layer: 2
Get Mod with shape torch.Size([1, 1, 32, 64]) at layer: 3
Get Mod with shape torch.Size([1, 1, 64, 128]) at layer: 4
Get Mod with shape torch.Size([1, 1, 128, 256]) at layer: 5
Get Mod with shape torch.Size([1, 1, 256, 512]) at layer: 6
Get Mod with shape torch.Size([1, 1, 512, 1024]) at layer: 7
start temperature: 0.3 noise parameter: 2.0
end temperature: 0.3 noise parameter: 2.0
********************Start from stage I
Step 400, BEST PSNR: 34.951223, Total loss 0.017513 with its rate 2.7654571533203125 latent_bits 1449896.0

🌟 Selected Top-3 Candidates by RD cost

🎯 Stage-2 Refining Candidate 1/3
start temperature: 0.3 noise parameter: 2.0
end temperature: 0.3 noise parameter: 2.0
********************Start from stage I
Step 400, BEST PSNR: 37.650495, Total loss 0.011750 with its rate 3.2256147861480713 latent_bits 1691151.125

🎯 Stage-2 Refining Candidate 2/3
start temperature: 0.3 noise parameter: 2.0
end temperature: 0.3 noise parameter: 2.0
********************Start from stage I
Step 400, BEST PSNR: 37.218939, Total loss 0.012994 with its rate 3.3086013793945312 latent_bits 1734660.0

🎯 Stage-2 Refining Candidate 3/3
start temperature: 0.3 noise parameter: 2.0
end temperature: 0.3 noise parameter: 2.0
********************Start from stage I
Step 400, BEST PSNR: 36.486209, Total loss 0.012196 with its rate 3.19138240814209 latent_bits 1673203.5

🏆 Best Candidate Final PSNR: 37.65, Rate: 3.2256
Masked_INR(
  (upsampling_2d): Upsampling(
    (conv_transpose2d): UpsamplingConvTranspose2d()
  )
  (arm): Arm(
    (mlp): Sequential(
      (0): ArmConv(
        (conv1_1): Conv1d(16, 16, kernel_size=(1,), stride=(1,))
      )
      (1): GELU(approximate='none')
      (2): ArmConv(
        (conv1_1): Conv1d(16, 16, kernel_size=(1,), stride=(1,))
      )
      (3): GELU(approximate='none')
      (4): ArmConv(
        (conv1_1): Conv1d(16, 2, kernel_size=(1,), stride=(1,))
      )
    )
  )
  (conv_mod): LocalGlobalBlock(
    (net): Sequential(
      (0): SynthesisLayer(
        (pad): Identity()
        (conv_layer): SWHDC(
          (conv): Conv2d(2, 3, kernel_size=(3, 3), stride=(1, 1))
        )
        (non_linearity): GELU(approximate='none')
      )
      (1): SynthesisResidualLayer(
        (pad): ReplicationPad2d((0, 0, 0, 0))
        (conv_layer): Conv2d(3, 3, kernel_size=(1, 1), stride=(1, 1))
        (non_linearity): GELU(approximate='none')
      )
      (2): SynthesisResidualLayer(
        (pad): ReplicationPad2d((0, 0, 0, 0))
        (conv_layer): Conv2d(3, 3, kernel_size=(1, 1), stride=(1, 1))
        (non_linearity): GELU(approximate='none')
      )
      (3): SynthesisResidualLayer(
        (pad): ReplicationPad2d((0, 0, 0, 0))
        (conv_layer): Conv2d(3, 3, kernel_size=(1, 1), stride=(1, 1))
        (non_linearity): Identity()
      )
    )
    (global_net): Sequential(
      (0): SynthesisLayer(
        (pad): Identity()
        (conv_layer): SWHDC(
          (conv): Conv2d(2, 3, kernel_size=(3, 3), stride=(1, 1))
        )
        (non_linearity): GELU(approximate='none')
      )
      (1): SynthesisResidualLayer(
        (pad): ReplicationPad2d((0, 0, 0, 0))
        (conv_layer): Conv2d(3, 3, kernel_size=(1, 1), stride=(1, 1))
        (non_linearity): GELU(approximate='none')
      )
      (2): SynthesisResidualLayer(
        (pad): ReplicationPad2d((0, 0, 0, 0))
        (conv_layer): Conv2d(3, 3, kernel_size=(1, 1), stride=(1, 1))
        (non_linearity): GELU(approximate='none')
      )
      (3): SynthesisResidualLayer(
        (pad): ReplicationPad2d((0, 0, 0, 0))
        (conv_layer): Conv2d(3, 3, kernel_size=(1, 1), stride=(1, 1))
        (non_linearity): Identity()
      )
    )
    (agg_func): Sequential(
      (0): SynthesisLayer(
        (pad): ReplicationPad2d((0, 0, 0, 0))
        (conv_layer): Conv2d(18, 3, kernel_size=(1, 1), stride=(1, 1))
        (non_linearity): GELU(approximate='none')
      )
      (1): SynthesisLayer(
        (pad): ReplicationPad2d((0, 0, 0, 0))
        (conv_layer): Conv2d(21, 3, kernel_size=(1, 1), stride=(1, 1))
        (non_linearity): GELU(approximate='none')
      )
      (2): SynthesisLayer(
        (pad): ReplicationPad2d((0, 0, 0, 0))
        (conv_layer): Conv2d(24, 3, kernel_size=(1, 1), stride=(1, 1))
        (non_linearity): GELU(approximate='none')
      )
    )
    (full_net): Sequential(
      (0): SynthesisLayer(
        (pad): ReplicationPad2d((0, 0, 0, 0))
        (conv_layer): Conv2d(7, 12, kernel_size=(1, 1), stride=(1, 1))
        (non_linearity): GELU(approximate='none')
      )
      (1): SynthesisLayer(
        (pad): ReplicationPad2d((0, 0, 0, 0))
        (conv_layer): Conv2d(12, 3, kernel_size=(1, 1), stride=(1, 1))
        (non_linearity): GELU(approximate='none')
      )
      (2): SynthesisResidualLayer(
        (conv_layer): Conv2d(3, 3, kernel_size=(3, 3), stride=(1, 1))
        (non_linearity): GELU(approximate='none')
      )
      (3): SynthesisResidualLayer(
        (conv_layer): Conv2d(3, 3, kernel_size=(3, 3), stride=(1, 1))
        (non_linearity): GELU(approximate='none')
      )
    )
  )
  (modulation_sf): ParameterList(
      (0): Parameter containing: [torch.float32 of size 1x1x8x16 (cuda:0)]
      (1): Parameter containing: [torch.float32 of size 1x1x16x32 (cuda:0)]
      (2): Parameter containing: [torch.float32 of size 1x1x32x64 (cuda:0)]
      (3): Parameter containing: [torch.float32 of size 1x1x64x128 (cuda:0)]
      (4): Parameter containing: [torch.float32 of size 1x1x128x256 (cuda:0)]
      (5): Parameter containing: [torch.float32 of size 1x1x256x512 (cuda:0)]
      (6): Parameter containing: [torch.float32 of size 1x1x512x1024 (cuda:0)]
  )
)
train the 6 -th image
start temperature: 0.3 noise parameter: 2.0
end temperature: 0.1 noise parameter: 1.0
********************Start from stage I
********************going into stage II
eval_object_psnr: 50.08900207486111
eval_background_psnr: 44.21928010578449
eval_background_psnr: 44.21928010578449
********************Evaluation the Image 6-th, after Step 999, BEST PSNR: 43.217327, Print rate 3.621592. *************************
Saved model at ./saved/modbase_7/context_16_arm_mod_16/sparity_0.0/inr_mod_16KODAK_ROI_Global_new_struture_7_12_3_33_orderconcat_operator_0_pw_0.0006_img_object6.pth
Trained the image with PSNR: 43.217327343461626  latent bits 3.621591806411743 latent bits number 1898757.125
[41.93894035306375, 41.93736858212035, 41.871851641850974, 41.65430134371805, 42.12728497801592, 41.74152771033609, 43.217327343461626]
[4.05171537399292, 4.096495151519775, 4.038559436798096, 4.2877349853515625, 4.181634902954102, 4.102080821990967, 3.621591806411743]
[2124265.75, 2147743.25, 2117368.25, 2248008.0, 2192381.0, 2150671.75, 1898757.125]
load the model: ./saved/modbase_7/context_16_arm_mod_16/sparity_0.0/inr_mod_16KODAK_ROI_Global_new_struture_7_12_3_33_orderconcat_operator_0_pw_0.0006_img_object6.pth for the  6 -th image
********************Evalutation with quantization
********************Starting quantizing models
eval_object_psnr: 50.07247946545183
full_image_psnr: 43.14836065828575
object_psnr: 50.07247946545183
background_psnr: 44.1436541803256
********************Evaluation the Image 6-th, BEST PSNR: 43.148361, Print rate 3.622921, Network rate 0.023891. *************************
eval_wsssim: 0.993350
Decoded image saved to ./experiments/vcip_combined_loss/decoded_images/othim07_maskerp_wsmse0_swhdc1_erp1_lambda0.0006.png
Evaluate the image: PSNR: 43.14836065828575 All bits: 3.646812915802002  latent bits: 3.6229214668273926  network bits: 0.023891448974609375
Evaluate arm network bits: 0.0094451904296875 Evaluate synthesis network bits: 0.013401031494140625
Image All bits num: 1911980.25 latent bits num: 1899454.25 mlp bits num: 12526.0 border bits num:
arm bits num: 4952.0 synthesis bits num: 7026.0
[41.865224681409984, 41.87538067881054, 41.802628736338214, 41.63464672897096, 42.09694950674752, 41.17454895229773, 43.14836065828575]
[4.077506065368652, 4.120659351348877, 4.064502716064453, 4.313893795013428, 4.208370208740234, 4.128405570983887, 3.646812915802002]
[2137787.5, 2160412.25, 2130970.0, 2261722.75, 2206398.0, 2164473.5, 1911980.25]
Metrics saved to ./experiments/vcip_combined_loss/results.csv
Current eval Ave PSNR: 41.94253427755153 Ave Bits 4.080021517617362
Namespace(batch_size=1, lr=0.01, data='../data', sparsity=0.0, local_upsampling_kernel_size=8, upsampling_kernel_size=8, static_upsampling_kernel=False, latent_factor=1, mod_base=7, highest_flag=1, context_arm=16, dim_arm_mod=16, use_candidate=True, type='other', mod_hid_layer=0, sythesis_features=12, hidden_features=64, hidden_layer=2, scale=1, lambda_rate=0.0006, lambda_rate_list=[0.0006, 0.0008], start_index=0, mask_type='erp', wsmse_tag=0, swhdc_tag=1, swhdc_dilations=[1, 2, 3, 4], erp_padding=1, workdir='./experiments/vcip_combined_loss', train_steps_1=5000, train_steps_2=1000, loss_type='combined', lambda_dist=0.0023437500000000003, lambda_percep=1.0, patch_h=512, patch_w=1024, all_pix_num=524288, eval_pix_num=524288)
Directory './saved/modbase_7/context_16_arm_mod_16' already exists.
Directory './saved/modbase_7/context_16_arm_mod_16/sparity_0.0' already exists.
top %: 0.0

🔁 Stage-1 Training Candidate 1/7
Quantizer parameter: encoding gain  16
total pixel: 524288
Get Mod with shape torch.Size([1, 1, 8, 16]) at layer: 1
Get Mod with shape torch.Size([1, 1, 16, 32]) at layer: 2
Get Mod with shape torch.Size([1, 1, 32, 64]) at layer: 3
Get Mod with shape torch.Size([1, 1, 64, 128]) at layer: 4
Get Mod with shape torch.Size([1, 1, 128, 256]) at layer: 5
Get Mod with shape torch.Size([1, 1, 256, 512]) at layer: 6
Get Mod with shape torch.Size([1, 1, 512, 1024]) at layer: 7
start temperature: 0.3 noise parameter: 2.0
end temperature: 0.3 noise parameter: 2.0
********************Start from stage I
Step 400, BEST PSNR: 34.029667, Total loss 0.018534 with its rate 2.699457883834839 latent_bits 1415293.375

🔁 Stage-1 Training Candidate 2/7
Quantizer parameter: encoding gain  16
total pixel: 524288
Get Mod with shape torch.Size([1, 1, 8, 16]) at layer: 1
Get Mod with shape torch.Size([1, 1, 16, 32]) at layer: 2
Get Mod with shape torch.Size([1, 1, 32, 64]) at layer: 3
Get Mod with shape torch.Size([1, 1, 64, 128]) at layer: 4
Get Mod with shape torch.Size([1, 1, 128, 256]) at layer: 5
Get Mod with shape torch.Size([1, 1, 256, 512]) at layer: 6
Get Mod with shape torch.Size([1, 1, 512, 1024]) at layer: 7
start temperature: 0.3 noise parameter: 2.0
end temperature: 0.3 noise parameter: 2.0
********************Start from stage I
Step 400, BEST PSNR: 32.732021, Total loss 0.020690 with its rate 2.669600248336792 latent_bits 1399639.375

🔁 Stage-1 Training Candidate 3/7
Quantizer parameter: encoding gain  16
total pixel: 524288
Get Mod with shape torch.Size([1, 1, 8, 16]) at layer: 1
Get Mod with shape torch.Size([1, 1, 16, 32]) at layer: 2
Get Mod with shape torch.Size([1, 1, 32, 64]) at layer: 3
Get Mod with shape torch.Size([1, 1, 64, 128]) at layer: 4
Get Mod with shape torch.Size([1, 1, 128, 256]) at layer: 5
Get Mod with shape torch.Size([1, 1, 256, 512]) at layer: 6
Get Mod with shape torch.Size([1, 1, 512, 1024]) at layer: 7
start temperature: 0.3 noise parameter: 2.0
end temperature: 0.3 noise parameter: 2.0
********************Start from stage I
Step 400, BEST PSNR: 34.786188, Total loss 0.016077 with its rate 2.7774577140808105 latent_bits 1456187.75

🔁 Stage-1 Training Candidate 4/7
Quantizer parameter: encoding gain  16
total pixel: 524288
Get Mod with shape torch.Size([1, 1, 8, 16]) at layer: 1
Get Mod with shape torch.Size([1, 1, 16, 32]) at layer: 2
Get Mod with shape torch.Size([1, 1, 32, 64]) at layer: 3
Get Mod with shape torch.Size([1, 1, 64, 128]) at layer: 4
Get Mod with shape torch.Size([1, 1, 128, 256]) at layer: 5
Get Mod with shape torch.Size([1, 1, 256, 512]) at layer: 6
Get Mod with shape torch.Size([1, 1, 512, 1024]) at layer: 7
start temperature: 0.3 noise parameter: 2.0
end temperature: 0.3 noise parameter: 2.0
********************Start from stage I
Step 400, BEST PSNR: 34.616456, Total loss 0.017649 with its rate 2.798835039138794 latent_bits 1467395.625

🔁 Stage-1 Training Candidate 5/7
Quantizer parameter: encoding gain  16
total pixel: 524288
Get Mod with shape torch.Size([1, 1, 8, 16]) at layer: 1
Get Mod with shape torch.Size([1, 1, 16, 32]) at layer: 2
Get Mod with shape torch.Size([1, 1, 32, 64]) at layer: 3
Get Mod with shape torch.Size([1, 1, 64, 128]) at layer: 4
Get Mod with shape torch.Size([1, 1, 128, 256]) at layer: 5
Get Mod with shape torch.Size([1, 1, 256, 512]) at layer: 6
Get Mod with shape torch.Size([1, 1, 512, 1024]) at layer: 7
start temperature: 0.3 noise parameter: 2.0
end temperature: 0.3 noise parameter: 2.0
********************Start from stage I
Step 400, BEST PSNR: 33.458293, Total loss 0.020532 with its rate 2.7057056427001953 latent_bits 1418569.0

🔁 Stage-1 Training Candidate 6/7
Quantizer parameter: encoding gain  16
total pixel: 524288
Get Mod with shape torch.Size([1, 1, 8, 16]) at layer: 1
Get Mod with shape torch.Size([1, 1, 16, 32]) at layer: 2
Get Mod with shape torch.Size([1, 1, 32, 64]) at layer: 3
Get Mod with shape torch.Size([1, 1, 64, 128]) at layer: 4
Get Mod with shape torch.Size([1, 1, 128, 256]) at layer: 5
Get Mod with shape torch.Size([1, 1, 256, 512]) at layer: 6
Get Mod with shape torch.Size([1, 1, 512, 1024]) at layer: 7
start temperature: 0.3 noise parameter: 2.0
end temperature: 0.3 noise parameter: 2.0
********************Start from stage I
Step 400, BEST PSNR: 34.477223, Total loss 0.018270 with its rate 2.8839077949523926 latent_bits 1511998.25

🔁 Stage-1 Training Candidate 7/7
Quantizer parameter: encoding gain  16
total pixel: 524288
Get Mod with shape torch.Size([1, 1, 8, 16]) at layer: 1
Get Mod with shape torch.Size([1, 1, 16, 32]) at layer: 2
Get Mod with shape torch.Size([1, 1, 32, 64]) at layer: 3
Get Mod with shape torch.Size([1, 1, 64, 128]) at layer: 4
Get Mod with shape torch.Size([1, 1, 128, 256]) at layer: 5
Get Mod with shape torch.Size([1, 1, 256, 512]) at layer: 6
Get Mod with shape torch.Size([1, 1, 512, 1024]) at layer: 7
start temperature: 0.3 noise parameter: 2.0
end temperature: 0.3 noise parameter: 2.0
********************Start from stage I
Step 400, BEST PSNR: 35.086421, Total loss 0.016133 with its rate 2.8661279678344727 latent_bits 1502676.5

🌟 Selected Top-3 Candidates by RD cost

🎯 Stage-2 Refining Candidate 1/3
start temperature: 0.3 noise parameter: 2.0
end temperature: 0.3 noise parameter: 2.0
********************Start from stage I
Step 400, BEST PSNR: 38.524291, Total loss 0.011497 with its rate 3.218224048614502 latent_bits 1687276.25

🎯 Stage-2 Refining Candidate 2/3
start temperature: 0.3 noise parameter: 2.0
end temperature: 0.3 noise parameter: 2.0
********************Start from stage I
Step 400, BEST PSNR: 38.346603, Total loss 0.011679 with its rate 3.229114055633545 latent_bits 1692985.75

🎯 Stage-2 Refining Candidate 3/3
start temperature: 0.3 noise parameter: 2.0
end temperature: 0.3 noise parameter: 2.0
********************Start from stage I
Step 400, BEST PSNR: 36.966215, Total loss 0.012974 with its rate 3.199554920196533 latent_bits 1677488.25

🏆 Best Candidate Final PSNR: 38.52, Rate: 3.2182
Masked_INR(
  (upsampling_2d): Upsampling(
    (conv_transpose2d): UpsamplingConvTranspose2d()
  )
  (arm): Arm(
    (mlp): Sequential(
      (0): ArmConv(
        (conv1_1): Conv1d(16, 16, kernel_size=(1,), stride=(1,))
      )
      (1): GELU(approximate='none')
      (2): ArmConv(
        (conv1_1): Conv1d(16, 16, kernel_size=(1,), stride=(1,))
      )
      (3): GELU(approximate='none')
      (4): ArmConv(
        (conv1_1): Conv1d(16, 2, kernel_size=(1,), stride=(1,))
      )
    )
  )
  (conv_mod): LocalGlobalBlock(
    (net): Sequential(
      (0): SynthesisLayer(
        (pad): Identity()
        (conv_layer): SWHDC(
          (conv): Conv2d(2, 3, kernel_size=(3, 3), stride=(1, 1))
        )
        (non_linearity): GELU(approximate='none')
      )
      (1): SynthesisResidualLayer(
        (pad): ReplicationPad2d((0, 0, 0, 0))
        (conv_layer): Conv2d(3, 3, kernel_size=(1, 1), stride=(1, 1))
        (non_linearity): GELU(approximate='none')
      )
      (2): SynthesisResidualLayer(
        (pad): ReplicationPad2d((0, 0, 0, 0))
        (conv_layer): Conv2d(3, 3, kernel_size=(1, 1), stride=(1, 1))
        (non_linearity): GELU(approximate='none')
      )
      (3): SynthesisResidualLayer(
        (pad): ReplicationPad2d((0, 0, 0, 0))
        (conv_layer): Conv2d(3, 3, kernel_size=(1, 1), stride=(1, 1))
        (non_linearity): Identity()
      )
    )
    (global_net): Sequential(
      (0): SynthesisLayer(
        (pad): Identity()
        (conv_layer): SWHDC(
          (conv): Conv2d(2, 3, kernel_size=(3, 3), stride=(1, 1))
        )
        (non_linearity): GELU(approximate='none')
      )
      (1): SynthesisResidualLayer(
        (pad): ReplicationPad2d((0, 0, 0, 0))
        (conv_layer): Conv2d(3, 3, kernel_size=(1, 1), stride=(1, 1))
        (non_linearity): GELU(approximate='none')
      )
      (2): SynthesisResidualLayer(
        (pad): ReplicationPad2d((0, 0, 0, 0))
        (conv_layer): Conv2d(3, 3, kernel_size=(1, 1), stride=(1, 1))
        (non_linearity): GELU(approximate='none')
      )
      (3): SynthesisResidualLayer(
        (pad): ReplicationPad2d((0, 0, 0, 0))
        (conv_layer): Conv2d(3, 3, kernel_size=(1, 1), stride=(1, 1))
        (non_linearity): Identity()
      )
    )
    (agg_func): Sequential(
      (0): SynthesisLayer(
        (pad): ReplicationPad2d((0, 0, 0, 0))
        (conv_layer): Conv2d(18, 3, kernel_size=(1, 1), stride=(1, 1))
        (non_linearity): GELU(approximate='none')
      )
      (1): SynthesisLayer(
        (pad): ReplicationPad2d((0, 0, 0, 0))
        (conv_layer): Conv2d(21, 3, kernel_size=(1, 1), stride=(1, 1))
        (non_linearity): GELU(approximate='none')
      )
      (2): SynthesisLayer(
        (pad): ReplicationPad2d((0, 0, 0, 0))
        (conv_layer): Conv2d(24, 3, kernel_size=(1, 1), stride=(1, 1))
        (non_linearity): GELU(approximate='none')
      )
    )
    (full_net): Sequential(
      (0): SynthesisLayer(
        (pad): ReplicationPad2d((0, 0, 0, 0))
        (conv_layer): Conv2d(7, 12, kernel_size=(1, 1), stride=(1, 1))
        (non_linearity): GELU(approximate='none')
      )
      (1): SynthesisLayer(
        (pad): ReplicationPad2d((0, 0, 0, 0))
        (conv_layer): Conv2d(12, 3, kernel_size=(1, 1), stride=(1, 1))
        (non_linearity): GELU(approximate='none')
      )
      (2): SynthesisResidualLayer(
        (conv_layer): Conv2d(3, 3, kernel_size=(3, 3), stride=(1, 1))
        (non_linearity): GELU(approximate='none')
      )
      (3): SynthesisResidualLayer(
        (conv_layer): Conv2d(3, 3, kernel_size=(3, 3), stride=(1, 1))
        (non_linearity): GELU(approximate='none')
      )
    )
  )
  (modulation_sf): ParameterList(
      (0): Parameter containing: [torch.float32 of size 1x1x8x16 (cuda:0)]
      (1): Parameter containing: [torch.float32 of size 1x1x16x32 (cuda:0)]
      (2): Parameter containing: [torch.float32 of size 1x1x32x64 (cuda:0)]
      (3): Parameter containing: [torch.float32 of size 1x1x64x128 (cuda:0)]
      (4): Parameter containing: [torch.float32 of size 1x1x128x256 (cuda:0)]
      (5): Parameter containing: [torch.float32 of size 1x1x256x512 (cuda:0)]
      (6): Parameter containing: [torch.float32 of size 1x1x512x1024 (cuda:0)]
  )
)
train the 7 -th image
start temperature: 0.3 noise parameter: 2.0
end temperature: 0.1 noise parameter: 1.0
********************Start from stage I
********************going into stage II
eval_object_psnr: 49.37784863076315
eval_background_psnr: 43.58884792207338
eval_background_psnr: 43.58884792207338
********************Evaluation the Image 7-th, after Step 999, BEST PSNR: 42.570324, Print rate 3.630532. *************************
Saved model at ./saved/modbase_7/context_16_arm_mod_16/sparity_0.0/inr_mod_16KODAK_ROI_Global_new_struture_7_12_3_33_orderconcat_operator_0_pw_0.0006_img_object7.pth
Trained the image with PSNR: 42.57032413408391  latent bits 3.6305317878723145 latent bits number 1903444.25
[41.93894035306375, 41.93736858212035, 41.871851641850974, 41.65430134371805, 42.12728497801592, 41.74152771033609, 43.217327343461626, 42.57032413408391]
[4.05171537399292, 4.096495151519775, 4.038559436798096, 4.2877349853515625, 4.181634902954102, 4.102080821990967, 3.621591806411743, 3.6305317878723145]
[2124265.75, 2147743.25, 2117368.25, 2248008.0, 2192381.0, 2150671.75, 1898757.125, 1903444.25]
load the model: ./saved/modbase_7/context_16_arm_mod_16/sparity_0.0/inr_mod_16KODAK_ROI_Global_new_struture_7_12_3_33_orderconcat_operator_0_pw_0.0006_img_object7.pth for the  7 -th image
********************Evalutation with quantization
********************Starting quantizing models
eval_object_psnr: 49.33486122540526
full_image_psnr: 42.54624609723988
object_psnr: 49.33486122540526
background_psnr: 43.56861119376337
********************Evaluation the Image 7-th, BEST PSNR: 42.546246, Print rate 3.631761, Network rate 0.025259. *************************
eval_wsssim: 0.993349
Decoded image saved to ./experiments/vcip_combined_loss/decoded_images/othim08_maskerp_wsmse0_swhdc1_erp1_lambda0.0006.png
Evaluate the image: PSNR: 42.54624609723988 All bits: 3.65701961517334  latent bits: 3.631760597229004  network bits: 0.025259017944335938
Evaluate arm network bits: 0.009527206420898438 Evaluate synthesis network bits: 0.014556884765625
Image All bits num: 1917331.5 latent bits num: 1904088.5 mlp bits num: 13243.0 border bits num:
arm bits num: 4995.0 synthesis bits num: 7632.0
[41.865224681409984, 41.87538067881054, 41.802628736338214, 41.63464672897096, 42.09694950674752, 41.17454895229773, 43.14836065828575, 42.54624609723988]
[4.077506065368652, 4.120659351348877, 4.064502716064453, 4.313893795013428, 4.208370208740234, 4.128405570983887, 3.646812915802002, 3.65701961517334]
[2137787.5, 2160412.25, 2130970.0, 2261722.75, 2206398.0, 2164473.5, 1911980.25, 1917331.5]
Metrics saved to ./experiments/vcip_combined_loss/results.csv
Current eval Ave PSNR: 42.01799825501257 Ave Bits 4.027146279811859
Namespace(batch_size=1, lr=0.01, data='../data', sparsity=0.0, local_upsampling_kernel_size=8, upsampling_kernel_size=8, static_upsampling_kernel=False, latent_factor=1, mod_base=7, highest_flag=1, context_arm=16, dim_arm_mod=16, use_candidate=True, type='other', mod_hid_layer=0, sythesis_features=12, hidden_features=64, hidden_layer=2, scale=1, lambda_rate=0.0006, lambda_rate_list=[0.0006, 0.0008], start_index=0, mask_type='erp', wsmse_tag=0, swhdc_tag=1, swhdc_dilations=[1, 2, 3, 4], erp_padding=1, workdir='./experiments/vcip_combined_loss', train_steps_1=5000, train_steps_2=1000, loss_type='combined', lambda_dist=0.0023437500000000003, lambda_percep=1.0, patch_h=512, patch_w=1024, all_pix_num=524288, eval_pix_num=524288)
Directory './saved/modbase_7/context_16_arm_mod_16' already exists.
Directory './saved/modbase_7/context_16_arm_mod_16/sparity_0.0' already exists.
top %: 0.0

🔁 Stage-1 Training Candidate 1/7
Quantizer parameter: encoding gain  16
total pixel: 524288
Get Mod with shape torch.Size([1, 1, 8, 16]) at layer: 1
Get Mod with shape torch.Size([1, 1, 16, 32]) at layer: 2
Get Mod with shape torch.Size([1, 1, 32, 64]) at layer: 3
Get Mod with shape torch.Size([1, 1, 64, 128]) at layer: 4
Get Mod with shape torch.Size([1, 1, 128, 256]) at layer: 5
Get Mod with shape torch.Size([1, 1, 256, 512]) at layer: 6
Get Mod with shape torch.Size([1, 1, 512, 1024]) at layer: 7
start temperature: 0.3 noise parameter: 2.0
end temperature: 0.3 noise parameter: 2.0
********************Start from stage I
Step 400, BEST PSNR: 34.461557, Total loss 0.017587 with its rate 2.874302625656128 latent_bits 1506962.375

🔁 Stage-1 Training Candidate 2/7
Quantizer parameter: encoding gain  16
total pixel: 524288
Get Mod with shape torch.Size([1, 1, 8, 16]) at layer: 1
Get Mod with shape torch.Size([1, 1, 16, 32]) at layer: 2
Get Mod with shape torch.Size([1, 1, 32, 64]) at layer: 3
Get Mod with shape torch.Size([1, 1, 64, 128]) at layer: 4
Get Mod with shape torch.Size([1, 1, 128, 256]) at layer: 5
Get Mod with shape torch.Size([1, 1, 256, 512]) at layer: 6
Get Mod with shape torch.Size([1, 1, 512, 1024]) at layer: 7
start temperature: 0.3 noise parameter: 2.0
end temperature: 0.3 noise parameter: 2.0
********************Start from stage I
Step 400, BEST PSNR: 35.103332, Total loss 0.017304 with its rate 2.762019157409668 latent_bits 1448093.5

🔁 Stage-1 Training Candidate 3/7
Quantizer parameter: encoding gain  16
total pixel: 524288
Get Mod with shape torch.Size([1, 1, 8, 16]) at layer: 1
Get Mod with shape torch.Size([1, 1, 16, 32]) at layer: 2
Get Mod with shape torch.Size([1, 1, 32, 64]) at layer: 3
Get Mod with shape torch.Size([1, 1, 64, 128]) at layer: 4
Get Mod with shape torch.Size([1, 1, 128, 256]) at layer: 5
Get Mod with shape torch.Size([1, 1, 256, 512]) at layer: 6
Get Mod with shape torch.Size([1, 1, 512, 1024]) at layer: 7
start temperature: 0.3 noise parameter: 2.0
end temperature: 0.3 noise parameter: 2.0
********************Start from stage I
Step 400, BEST PSNR: 35.189940, Total loss 0.015874 with its rate 2.884902238845825 latent_bits 1512519.625

🔁 Stage-1 Training Candidate 4/7
Quantizer parameter: encoding gain  16
total pixel: 524288
Get Mod with shape torch.Size([1, 1, 8, 16]) at layer: 1
Get Mod with shape torch.Size([1, 1, 16, 32]) at layer: 2
Get Mod with shape torch.Size([1, 1, 32, 64]) at layer: 3
Get Mod with shape torch.Size([1, 1, 64, 128]) at layer: 4
Get Mod with shape torch.Size([1, 1, 128, 256]) at layer: 5
Get Mod with shape torch.Size([1, 1, 256, 512]) at layer: 6
Get Mod with shape torch.Size([1, 1, 512, 1024]) at layer: 7
start temperature: 0.3 noise parameter: 2.0
end temperature: 0.3 noise parameter: 2.0
********************Start from stage I
Step 400, BEST PSNR: 34.222144, Total loss 0.017806 with its rate 2.7680392265319824 latent_bits 1451249.75

🔁 Stage-1 Training Candidate 5/7
Quantizer parameter: encoding gain  16
total pixel: 524288
Get Mod with shape torch.Size([1, 1, 8, 16]) at layer: 1
Get Mod with shape torch.Size([1, 1, 16, 32]) at layer: 2
Get Mod with shape torch.Size([1, 1, 32, 64]) at layer: 3
Get Mod with shape torch.Size([1, 1, 64, 128]) at layer: 4
Get Mod with shape torch.Size([1, 1, 128, 256]) at layer: 5
Get Mod with shape torch.Size([1, 1, 256, 512]) at layer: 6
Get Mod with shape torch.Size([1, 1, 512, 1024]) at layer: 7
start temperature: 0.3 noise parameter: 2.0
end temperature: 0.3 noise parameter: 2.0
********************Start from stage I
Step 400, BEST PSNR: 34.551152, Total loss 0.018039 with its rate 2.826355218887329 latent_bits 1481824.125

🔁 Stage-1 Training Candidate 6/7
Quantizer parameter: encoding gain  16
total pixel: 524288
Get Mod with shape torch.Size([1, 1, 8, 16]) at layer: 1
Get Mod with shape torch.Size([1, 1, 16, 32]) at layer: 2
Get Mod with shape torch.Size([1, 1, 32, 64]) at layer: 3
Get Mod with shape torch.Size([1, 1, 64, 128]) at layer: 4
Get Mod with shape torch.Size([1, 1, 128, 256]) at layer: 5
Get Mod with shape torch.Size([1, 1, 256, 512]) at layer: 6
Get Mod with shape torch.Size([1, 1, 512, 1024]) at layer: 7
start temperature: 0.3 noise parameter: 2.0
end temperature: 0.3 noise parameter: 2.0
********************Start from stage I
Step 400, BEST PSNR: 33.914034, Total loss 0.019341 with its rate 2.698457956314087 latent_bits 1414769.125

🔁 Stage-1 Training Candidate 7/7
Quantizer parameter: encoding gain  16
total pixel: 524288
Get Mod with shape torch.Size([1, 1, 8, 16]) at layer: 1
Get Mod with shape torch.Size([1, 1, 16, 32]) at layer: 2
Get Mod with shape torch.Size([1, 1, 32, 64]) at layer: 3
Get Mod with shape torch.Size([1, 1, 64, 128]) at layer: 4
Get Mod with shape torch.Size([1, 1, 128, 256]) at layer: 5
Get Mod with shape torch.Size([1, 1, 256, 512]) at layer: 6
Get Mod with shape torch.Size([1, 1, 512, 1024]) at layer: 7
start temperature: 0.3 noise parameter: 2.0
end temperature: 0.3 noise parameter: 2.0
********************Start from stage I
Step 400, BEST PSNR: 31.058088, Total loss 0.021164 with its rate 2.8810999393463135 latent_bits 1510526.125

🌟 Selected Top-3 Candidates by RD cost

🎯 Stage-2 Refining Candidate 1/3
start temperature: 0.3 noise parameter: 2.0
end temperature: 0.3 noise parameter: 2.0
********************Start from stage I
Step 400, BEST PSNR: 38.415774, Total loss 0.011518 with its rate 3.3108067512512207 latent_bits 1735816.25

🎯 Stage-2 Refining Candidate 2/3
start temperature: 0.3 noise parameter: 2.0
end temperature: 0.3 noise parameter: 2.0
********************Start from stage I
Step 400, BEST PSNR: 38.222222, Total loss 0.011325 with its rate 3.336463689804077 latent_bits 1749267.875

🎯 Stage-2 Refining Candidate 3/3
start temperature: 0.3 noise parameter: 2.0
end temperature: 0.3 noise parameter: 2.0
********************Start from stage I
Step 400, BEST PSNR: 37.599950, Total loss 0.012413 with its rate 3.3546204566955566 latent_bits 1758787.25

🏆 Best Candidate Final PSNR: 38.22, Rate: 3.3365
Masked_INR(
  (upsampling_2d): Upsampling(
    (conv_transpose2d): UpsamplingConvTranspose2d()
  )
  (arm): Arm(
    (mlp): Sequential(
      (0): ArmConv(
        (conv1_1): Conv1d(16, 16, kernel_size=(1,), stride=(1,))
      )
      (1): GELU(approximate='none')
      (2): ArmConv(
        (conv1_1): Conv1d(16, 16, kernel_size=(1,), stride=(1,))
      )
      (3): GELU(approximate='none')
      (4): ArmConv(
        (conv1_1): Conv1d(16, 2, kernel_size=(1,), stride=(1,))
      )
    )
  )
  (conv_mod): LocalGlobalBlock(
    (net): Sequential(
      (0): SynthesisLayer(
        (pad): Identity()
        (conv_layer): SWHDC(
          (conv): Conv2d(2, 3, kernel_size=(3, 3), stride=(1, 1))
        )
        (non_linearity): GELU(approximate='none')
      )
      (1): SynthesisResidualLayer(
        (pad): ReplicationPad2d((0, 0, 0, 0))
        (conv_layer): Conv2d(3, 3, kernel_size=(1, 1), stride=(1, 1))
        (non_linearity): GELU(approximate='none')
      )
      (2): SynthesisResidualLayer(
        (pad): ReplicationPad2d((0, 0, 0, 0))
        (conv_layer): Conv2d(3, 3, kernel_size=(1, 1), stride=(1, 1))
        (non_linearity): GELU(approximate='none')
      )
      (3): SynthesisResidualLayer(
        (pad): ReplicationPad2d((0, 0, 0, 0))
        (conv_layer): Conv2d(3, 3, kernel_size=(1, 1), stride=(1, 1))
        (non_linearity): Identity()
      )
    )
    (global_net): Sequential(
      (0): SynthesisLayer(
        (pad): Identity()
        (conv_layer): SWHDC(
          (conv): Conv2d(2, 3, kernel_size=(3, 3), stride=(1, 1))
        )
        (non_linearity): GELU(approximate='none')
      )
      (1): SynthesisResidualLayer(
        (pad): ReplicationPad2d((0, 0, 0, 0))
        (conv_layer): Conv2d(3, 3, kernel_size=(1, 1), stride=(1, 1))
        (non_linearity): GELU(approximate='none')
      )
      (2): SynthesisResidualLayer(
        (pad): ReplicationPad2d((0, 0, 0, 0))
        (conv_layer): Conv2d(3, 3, kernel_size=(1, 1), stride=(1, 1))
        (non_linearity): GELU(approximate='none')
      )
      (3): SynthesisResidualLayer(
        (pad): ReplicationPad2d((0, 0, 0, 0))
        (conv_layer): Conv2d(3, 3, kernel_size=(1, 1), stride=(1, 1))
        (non_linearity): Identity()
      )
    )
    (agg_func): Sequential(
      (0): SynthesisLayer(
        (pad): ReplicationPad2d((0, 0, 0, 0))
        (conv_layer): Conv2d(18, 3, kernel_size=(1, 1), stride=(1, 1))
        (non_linearity): GELU(approximate='none')
      )
      (1): SynthesisLayer(
        (pad): ReplicationPad2d((0, 0, 0, 0))
        (conv_layer): Conv2d(21, 3, kernel_size=(1, 1), stride=(1, 1))
        (non_linearity): GELU(approximate='none')
      )
      (2): SynthesisLayer(
        (pad): ReplicationPad2d((0, 0, 0, 0))
        (conv_layer): Conv2d(24, 3, kernel_size=(1, 1), stride=(1, 1))
        (non_linearity): GELU(approximate='none')
      )
    )
    (full_net): Sequential(
      (0): SynthesisLayer(
        (pad): ReplicationPad2d((0, 0, 0, 0))
        (conv_layer): Conv2d(7, 12, kernel_size=(1, 1), stride=(1, 1))
        (non_linearity): GELU(approximate='none')
      )
      (1): SynthesisLayer(
        (pad): ReplicationPad2d((0, 0, 0, 0))
        (conv_layer): Conv2d(12, 3, kernel_size=(1, 1), stride=(1, 1))
        (non_linearity): GELU(approximate='none')
      )
      (2): SynthesisResidualLayer(
        (conv_layer): Conv2d(3, 3, kernel_size=(3, 3), stride=(1, 1))
        (non_linearity): GELU(approximate='none')
      )
      (3): SynthesisResidualLayer(
        (conv_layer): Conv2d(3, 3, kernel_size=(3, 3), stride=(1, 1))
        (non_linearity): GELU(approximate='none')
      )
    )
  )
  (modulation_sf): ParameterList(
      (0): Parameter containing: [torch.float32 of size 1x1x8x16 (cuda:0)]
      (1): Parameter containing: [torch.float32 of size 1x1x16x32 (cuda:0)]
      (2): Parameter containing: [torch.float32 of size 1x1x32x64 (cuda:0)]
      (3): Parameter containing: [torch.float32 of size 1x1x64x128 (cuda:0)]
      (4): Parameter containing: [torch.float32 of size 1x1x128x256 (cuda:0)]
      (5): Parameter containing: [torch.float32 of size 1x1x256x512 (cuda:0)]
      (6): Parameter containing: [torch.float32 of size 1x1x512x1024 (cuda:0)]
  )
)
train the 8 -th image
start temperature: 0.3 noise parameter: 2.0
end temperature: 0.1 noise parameter: 1.0
********************Start from stage I
********************going into stage II
eval_object_psnr: 50.41336295974645
eval_background_psnr: 43.483814144444274
eval_background_psnr: 43.483814144444274
********************Evaluation the Image 8-th, after Step 999, BEST PSNR: 42.681534, Print rate 3.686625. *************************
Saved model at ./saved/modbase_7/context_16_arm_mod_16/sparity_0.0/inr_mod_16KODAK_ROI_Global_new_struture_7_12_3_33_orderconcat_operator_0_pw_0.0006_img_object8.pth
Trained the image with PSNR: 42.6815338731177  latent bits 3.6866250038146973 latent bits number 1932853.25
[41.93894035306375, 41.93736858212035, 41.871851641850974, 41.65430134371805, 42.12728497801592, 41.74152771033609, 43.217327343461626, 42.57032413408391, 42.6815338731177]
[4.05171537399292, 4.096495151519775, 4.038559436798096, 4.2877349853515625, 4.181634902954102, 4.102080821990967, 3.621591806411743, 3.6305317878723145, 3.6866250038146973]
[2124265.75, 2147743.25, 2117368.25, 2248008.0, 2192381.0, 2150671.75, 1898757.125, 1903444.25, 1932853.25]
load the model: ./saved/modbase_7/context_16_arm_mod_16/sparity_0.0/inr_mod_16KODAK_ROI_Global_new_struture_7_12_3_33_orderconcat_operator_0_pw_0.0006_img_object8.pth for the  8 -th image
********************Evalutation with quantization
********************Starting quantizing models
eval_object_psnr: 50.27543945399342
full_image_psnr: 42.61043462686574
object_psnr: 50.27543945399342
background_psnr: 43.42645304630826
********************Evaluation the Image 8-th, BEST PSNR: 42.610435, Print rate 3.687605, Network rate 0.022968. *************************
eval_wsssim: 0.993419
Decoded image saved to ./experiments/vcip_combined_loss/decoded_images/othim09_maskerp_wsmse0_swhdc1_erp1_lambda0.0006.png
Evaluate the image: PSNR: 42.61043462686574 All bits: 3.710573196411133  latent bits: 3.6876049041748047  network bits: 0.022968292236328125
Evaluate arm network bits: 0.009654998779296875 Evaluate synthesis network bits: 0.012258529663085938
Image All bits num: 1945409.0 latent bits num: 1933367.0 mlp bits num: 12042.0 border bits num:
arm bits num: 5062.0 synthesis bits num: 6427.0
[41.865224681409984, 41.87538067881054, 41.802628736338214, 41.63464672897096, 42.09694950674752, 41.17454895229773, 43.14836065828575, 42.54624609723988, 42.61043462686574]
[4.077506065368652, 4.120659351348877, 4.064502716064453, 4.313893795013428, 4.208370208740234, 4.128405570983887, 3.646812915802002, 3.65701961517334, 3.710573196411133]
[2137787.5, 2160412.25, 2130970.0, 2261722.75, 2206398.0, 2164473.5, 1911980.25, 1917331.5, 1945409.0]
Metrics saved to ./experiments/vcip_combined_loss/results.csv
Current eval Ave PSNR: 42.083824518551815 Ave Bits 3.991971492767334
Namespace(batch_size=1, lr=0.01, data='../data', sparsity=0.0, local_upsampling_kernel_size=8, upsampling_kernel_size=8, static_upsampling_kernel=False, latent_factor=1, mod_base=7, highest_flag=1, context_arm=16, dim_arm_mod=16, use_candidate=True, type='other', mod_hid_layer=0, sythesis_features=12, hidden_features=64, hidden_layer=2, scale=1, lambda_rate=0.0006, lambda_rate_list=[0.0006, 0.0008], start_index=0, mask_type='erp', wsmse_tag=0, swhdc_tag=1, swhdc_dilations=[1, 2, 3, 4], erp_padding=1, workdir='./experiments/vcip_combined_loss', train_steps_1=5000, train_steps_2=1000, loss_type='combined', lambda_dist=0.0023437500000000003, lambda_percep=1.0, patch_h=512, patch_w=1024, all_pix_num=524288, eval_pix_num=524288)
Directory './saved/modbase_7/context_16_arm_mod_16' already exists.
Directory './saved/modbase_7/context_16_arm_mod_16/sparity_0.0' already exists.
top %: 0.0

🔁 Stage-1 Training Candidate 1/7
Quantizer parameter: encoding gain  16
total pixel: 524288
Get Mod with shape torch.Size([1, 1, 8, 16]) at layer: 1
Get Mod with shape torch.Size([1, 1, 16, 32]) at layer: 2
Get Mod with shape torch.Size([1, 1, 32, 64]) at layer: 3
Get Mod with shape torch.Size([1, 1, 64, 128]) at layer: 4
Get Mod with shape torch.Size([1, 1, 128, 256]) at layer: 5
Get Mod with shape torch.Size([1, 1, 256, 512]) at layer: 6
Get Mod with shape torch.Size([1, 1, 512, 1024]) at layer: 7
start temperature: 0.3 noise parameter: 2.0
end temperature: 0.3 noise parameter: 2.0
********************Start from stage I
Step 400, BEST PSNR: 35.083991, Total loss 0.015076 with its rate 2.941020965576172 latent_bits 1541942.0

🔁 Stage-1 Training Candidate 2/7
Quantizer parameter: encoding gain  16
total pixel: 524288
Get Mod with shape torch.Size([1, 1, 8, 16]) at layer: 1
Get Mod with shape torch.Size([1, 1, 16, 32]) at layer: 2
Get Mod with shape torch.Size([1, 1, 32, 64]) at layer: 3
Get Mod with shape torch.Size([1, 1, 64, 128]) at layer: 4
Get Mod with shape torch.Size([1, 1, 128, 256]) at layer: 5
Get Mod with shape torch.Size([1, 1, 256, 512]) at layer: 6
Get Mod with shape torch.Size([1, 1, 512, 1024]) at layer: 7
start temperature: 0.3 noise parameter: 2.0
end temperature: 0.3 noise parameter: 2.0
********************Start from stage I
Step 400, BEST PSNR: 33.979999, Total loss 0.019270 with its rate 2.820408344268799 latent_bits 1478706.25

🔁 Stage-1 Training Candidate 3/7
Quantizer parameter: encoding gain  16
total pixel: 524288
Get Mod with shape torch.Size([1, 1, 8, 16]) at layer: 1
Get Mod with shape torch.Size([1, 1, 16, 32]) at layer: 2
Get Mod with shape torch.Size([1, 1, 32, 64]) at layer: 3
Get Mod with shape torch.Size([1, 1, 64, 128]) at layer: 4
Get Mod with shape torch.Size([1, 1, 128, 256]) at layer: 5
Get Mod with shape torch.Size([1, 1, 256, 512]) at layer: 6
Get Mod with shape torch.Size([1, 1, 512, 1024]) at layer: 7
start temperature: 0.3 noise parameter: 2.0
end temperature: 0.3 noise parameter: 2.0
********************Start from stage I
Step 400, BEST PSNR: 33.964857, Total loss 0.019176 with its rate 2.8843994140625 latent_bits 1512256.0

🔁 Stage-1 Training Candidate 4/7
Quantizer parameter: encoding gain  16
total pixel: 524288
Get Mod with shape torch.Size([1, 1, 8, 16]) at layer: 1
Get Mod with shape torch.Size([1, 1, 16, 32]) at layer: 2
Get Mod with shape torch.Size([1, 1, 32, 64]) at layer: 3
Get Mod with shape torch.Size([1, 1, 64, 128]) at layer: 4
Get Mod with shape torch.Size([1, 1, 128, 256]) at layer: 5
Get Mod with shape torch.Size([1, 1, 256, 512]) at layer: 6
Get Mod with shape torch.Size([1, 1, 512, 1024]) at layer: 7
start temperature: 0.3 noise parameter: 2.0
end temperature: 0.3 noise parameter: 2.0
********************Start from stage I
Step 400, BEST PSNR: 34.176196, Total loss 0.017292 with its rate 2.953242540359497 latent_bits 1548349.625

🔁 Stage-1 Training Candidate 5/7
Quantizer parameter: encoding gain  16
total pixel: 524288
Get Mod with shape torch.Size([1, 1, 8, 16]) at layer: 1
Get Mod with shape torch.Size([1, 1, 16, 32]) at layer: 2
Get Mod with shape torch.Size([1, 1, 32, 64]) at layer: 3
Get Mod with shape torch.Size([1, 1, 64, 128]) at layer: 4
Get Mod with shape torch.Size([1, 1, 128, 256]) at layer: 5
Get Mod with shape torch.Size([1, 1, 256, 512]) at layer: 6
Get Mod with shape torch.Size([1, 1, 512, 1024]) at layer: 7
start temperature: 0.3 noise parameter: 2.0
end temperature: 0.3 noise parameter: 2.0
********************Start from stage I
Step 400, BEST PSNR: 34.060838, Total loss 0.018272 with its rate 2.998746633529663 latent_bits 1572206.875

🔁 Stage-1 Training Candidate 6/7
Quantizer parameter: encoding gain  16
total pixel: 524288
Get Mod with shape torch.Size([1, 1, 8, 16]) at layer: 1
Get Mod with shape torch.Size([1, 1, 16, 32]) at layer: 2
Get Mod with shape torch.Size([1, 1, 32, 64]) at layer: 3
Get Mod with shape torch.Size([1, 1, 64, 128]) at layer: 4
Get Mod with shape torch.Size([1, 1, 128, 256]) at layer: 5
Get Mod with shape torch.Size([1, 1, 256, 512]) at layer: 6
Get Mod with shape torch.Size([1, 1, 512, 1024]) at layer: 7
start temperature: 0.3 noise parameter: 2.0
end temperature: 0.3 noise parameter: 2.0
********************Start from stage I
Step 400, BEST PSNR: 34.192101, Total loss 0.018853 with its rate 2.8503448963165283 latent_bits 1494401.625

🔁 Stage-1 Training Candidate 7/7
Quantizer parameter: encoding gain  16
total pixel: 524288
Get Mod with shape torch.Size([1, 1, 8, 16]) at layer: 1
Get Mod with shape torch.Size([1, 1, 16, 32]) at layer: 2
Get Mod with shape torch.Size([1, 1, 32, 64]) at layer: 3
Get Mod with shape torch.Size([1, 1, 64, 128]) at layer: 4
Get Mod with shape torch.Size([1, 1, 128, 256]) at layer: 5
Get Mod with shape torch.Size([1, 1, 256, 512]) at layer: 6
Get Mod with shape torch.Size([1, 1, 512, 1024]) at layer: 7
start temperature: 0.3 noise parameter: 2.0
end temperature: 0.3 noise parameter: 2.0
********************Start from stage I
Step 400, BEST PSNR: 34.303515, Total loss 0.017923 with its rate 2.8661441802978516 latent_bits 1502685.0

🌟 Selected Top-3 Candidates by RD cost

🎯 Stage-2 Refining Candidate 1/3
start temperature: 0.3 noise parameter: 2.0
end temperature: 0.3 noise parameter: 2.0
********************Start from stage I
Step 400, BEST PSNR: 38.417550, Total loss 0.010584 with its rate 3.3419406414031982 latent_bits 1752139.375

🎯 Stage-2 Refining Candidate 2/3
start temperature: 0.3 noise parameter: 2.0
end temperature: 0.3 noise parameter: 2.0
********************Start from stage I
Step 400, BEST PSNR: 38.783945, Total loss 0.010015 with its rate 3.408996105194092 latent_bits 1787295.75

🎯 Stage-2 Refining Candidate 3/3
start temperature: 0.3 noise parameter: 2.0
end temperature: 0.3 noise parameter: 2.0
********************Start from stage I
Step 400, BEST PSNR: 35.245603, Total loss 0.010942 with its rate 3.366576910018921 latent_bits 1765055.875

🏆 Best Candidate Final PSNR: 38.78, Rate: 3.4090
Masked_INR(
  (upsampling_2d): Upsampling(
    (conv_transpose2d): UpsamplingConvTranspose2d()
  )
  (arm): Arm(
    (mlp): Sequential(
      (0): ArmConv(
        (conv1_1): Conv1d(16, 16, kernel_size=(1,), stride=(1,))
      )
      (1): GELU(approximate='none')
      (2): ArmConv(
        (conv1_1): Conv1d(16, 16, kernel_size=(1,), stride=(1,))
      )
      (3): GELU(approximate='none')
      (4): ArmConv(
        (conv1_1): Conv1d(16, 2, kernel_size=(1,), stride=(1,))
      )
    )
  )
  (conv_mod): LocalGlobalBlock(
    (net): Sequential(
      (0): SynthesisLayer(
        (pad): Identity()
        (conv_layer): SWHDC(
          (conv): Conv2d(2, 3, kernel_size=(3, 3), stride=(1, 1))
        )
        (non_linearity): GELU(approximate='none')
      )
      (1): SynthesisResidualLayer(
        (pad): ReplicationPad2d((0, 0, 0, 0))
        (conv_layer): Conv2d(3, 3, kernel_size=(1, 1), stride=(1, 1))
        (non_linearity): GELU(approximate='none')
      )
      (2): SynthesisResidualLayer(
        (pad): ReplicationPad2d((0, 0, 0, 0))
        (conv_layer): Conv2d(3, 3, kernel_size=(1, 1), stride=(1, 1))
        (non_linearity): GELU(approximate='none')
      )
      (3): SynthesisResidualLayer(
        (pad): ReplicationPad2d((0, 0, 0, 0))
        (conv_layer): Conv2d(3, 3, kernel_size=(1, 1), stride=(1, 1))
        (non_linearity): Identity()
      )
    )
    (global_net): Sequential(
      (0): SynthesisLayer(
        (pad): Identity()
        (conv_layer): SWHDC(
          (conv): Conv2d(2, 3, kernel_size=(3, 3), stride=(1, 1))
        )
        (non_linearity): GELU(approximate='none')
      )
      (1): SynthesisResidualLayer(
        (pad): ReplicationPad2d((0, 0, 0, 0))
        (conv_layer): Conv2d(3, 3, kernel_size=(1, 1), stride=(1, 1))
        (non_linearity): GELU(approximate='none')
      )
      (2): SynthesisResidualLayer(
        (pad): ReplicationPad2d((0, 0, 0, 0))
        (conv_layer): Conv2d(3, 3, kernel_size=(1, 1), stride=(1, 1))
        (non_linearity): GELU(approximate='none')
      )
      (3): SynthesisResidualLayer(
        (pad): ReplicationPad2d((0, 0, 0, 0))
        (conv_layer): Conv2d(3, 3, kernel_size=(1, 1), stride=(1, 1))
        (non_linearity): Identity()
      )
    )
    (agg_func): Sequential(
      (0): SynthesisLayer(
        (pad): ReplicationPad2d((0, 0, 0, 0))
        (conv_layer): Conv2d(18, 3, kernel_size=(1, 1), stride=(1, 1))
        (non_linearity): GELU(approximate='none')
      )
      (1): SynthesisLayer(
        (pad): ReplicationPad2d((0, 0, 0, 0))
        (conv_layer): Conv2d(21, 3, kernel_size=(1, 1), stride=(1, 1))
        (non_linearity): GELU(approximate='none')
      )
      (2): SynthesisLayer(
        (pad): ReplicationPad2d((0, 0, 0, 0))
        (conv_layer): Conv2d(24, 3, kernel_size=(1, 1), stride=(1, 1))
        (non_linearity): GELU(approximate='none')
      )
    )
    (full_net): Sequential(
      (0): SynthesisLayer(
        (pad): ReplicationPad2d((0, 0, 0, 0))
        (conv_layer): Conv2d(7, 12, kernel_size=(1, 1), stride=(1, 1))
        (non_linearity): GELU(approximate='none')
      )
      (1): SynthesisLayer(
        (pad): ReplicationPad2d((0, 0, 0, 0))
        (conv_layer): Conv2d(12, 3, kernel_size=(1, 1), stride=(1, 1))
        (non_linearity): GELU(approximate='none')
      )
      (2): SynthesisResidualLayer(
        (conv_layer): Conv2d(3, 3, kernel_size=(3, 3), stride=(1, 1))
        (non_linearity): GELU(approximate='none')
      )
      (3): SynthesisResidualLayer(
        (conv_layer): Conv2d(3, 3, kernel_size=(3, 3), stride=(1, 1))
        (non_linearity): GELU(approximate='none')
      )
    )
  )
  (modulation_sf): ParameterList(
      (0): Parameter containing: [torch.float32 of size 1x1x8x16 (cuda:0)]
      (1): Parameter containing: [torch.float32 of size 1x1x16x32 (cuda:0)]
      (2): Parameter containing: [torch.float32 of size 1x1x32x64 (cuda:0)]
      (3): Parameter containing: [torch.float32 of size 1x1x64x128 (cuda:0)]
      (4): Parameter containing: [torch.float32 of size 1x1x128x256 (cuda:0)]
      (5): Parameter containing: [torch.float32 of size 1x1x256x512 (cuda:0)]
      (6): Parameter containing: [torch.float32 of size 1x1x512x1024 (cuda:0)]
  )
)
train the 9 -th image
start temperature: 0.3 noise parameter: 2.0
end temperature: 0.1 noise parameter: 1.0
********************Start from stage I
********************going into stage II
eval_object_psnr: 50.33749208575733
eval_background_psnr: 45.50419207696194
eval_background_psnr: 45.50419207696194
********************Evaluation the Image 9-th, after Step 999, BEST PSNR: 44.268718, Print rate 3.793357. *************************
Saved model at ./saved/modbase_7/context_16_arm_mod_16/sparity_0.0/inr_mod_16KODAK_ROI_Global_new_struture_7_12_3_33_orderconcat_operator_0_pw_0.0006_img_object9.pth
Trained the image with PSNR: 44.26871792891064  latent bits 3.7933566570281982 latent bits number 1988811.375
[41.93894035306375, 41.93736858212035, 41.871851641850974, 41.65430134371805, 42.12728497801592, 41.74152771033609, 43.217327343461626, 42.57032413408391, 42.6815338731177, 44.26871792891064]
[4.05171537399292, 4.096495151519775, 4.038559436798096, 4.2877349853515625, 4.181634902954102, 4.102080821990967, 3.621591806411743, 3.6305317878723145, 3.6866250038146973, 3.7933566570281982]
[2124265.75, 2147743.25, 2117368.25, 2248008.0, 2192381.0, 2150671.75, 1898757.125, 1903444.25, 1932853.25, 1988811.375]
load the model: ./saved/modbase_7/context_16_arm_mod_16/sparity_0.0/inr_mod_16KODAK_ROI_Global_new_struture_7_12_3_33_orderconcat_operator_0_pw_0.0006_img_object9.pth for the  9 -th image
********************Evalutation with quantization
********************Starting quantizing models
eval_object_psnr: 50.27614699035564
full_image_psnr: 44.24535971947813
object_psnr: 50.27614699035564
background_psnr: 45.49315572866028
********************Evaluation the Image 9-th, BEST PSNR: 44.245360, Print rate 3.794616, Network rate 0.023842. *************************
eval_wsssim: 0.995066
Decoded image saved to ./experiments/vcip_combined_loss/decoded_images/othim10_maskerp_wsmse0_swhdc1_erp1_lambda0.0006.png
Evaluate the image: PSNR: 44.24535971947813 All bits: 3.818457841873169  latent bits: 3.7946159839630127  network bits: 0.02384185791015625
Evaluate arm network bits: 0.009349822998046875 Evaluate synthesis network bits: 0.013425827026367188
Image All bits num: 2001971.625 latent bits num: 1989471.625 mlp bits num: 12500.0 border bits num:
arm bits num: 4902.0 synthesis bits num: 7039.0
[41.865224681409984, 41.87538067881054, 41.802628736338214, 41.63464672897096, 42.09694950674752, 41.17454895229773, 43.14836065828575, 42.54624609723988, 42.61043462686574, 44.24535971947813]
[4.077506065368652, 4.120659351348877, 4.064502716064453, 4.313893795013428, 4.208370208740234, 4.128405570983887, 3.646812915802002, 3.65701961517334, 3.710573196411133, 3.818457841873169]
[2137787.5, 2160412.25, 2130970.0, 2261722.75, 2206398.0, 2164473.5, 1911980.25, 1917331.5, 1945409.0, 2001971.625]
Metrics saved to ./experiments/vcip_combined_loss/results.csv
Current eval Ave PSNR: 42.29997803864445 Ave Bits 3.9746201276779174
Namespace(batch_size=1, lr=0.01, data='../data', sparsity=0.0, local_upsampling_kernel_size=8, upsampling_kernel_size=8, static_upsampling_kernel=False, latent_factor=1, mod_base=7, highest_flag=1, context_arm=16, dim_arm_mod=16, use_candidate=True, type='other', mod_hid_layer=0, sythesis_features=12, hidden_features=64, hidden_layer=2, scale=1, lambda_rate=0.0006, lambda_rate_list=[0.0006, 0.0008], start_index=0, mask_type='erp', wsmse_tag=0, swhdc_tag=1, swhdc_dilations=[1, 2, 3, 4], erp_padding=1, workdir='./experiments/vcip_combined_loss', train_steps_1=5000, train_steps_2=1000, loss_type='combined', lambda_dist=0.0023437500000000003, lambda_percep=1.0, patch_h=512, patch_w=1024, all_pix_num=524288, eval_pix_num=524288)
Directory './saved/modbase_7/context_16_arm_mod_16' already exists.
Directory './saved/modbase_7/context_16_arm_mod_16/sparity_0.0' already exists.
top %: 0.0

🔁 Stage-1 Training Candidate 1/7
Quantizer parameter: encoding gain  16
total pixel: 524288
Get Mod with shape torch.Size([1, 1, 8, 16]) at layer: 1
Get Mod with shape torch.Size([1, 1, 16, 32]) at layer: 2
Get Mod with shape torch.Size([1, 1, 32, 64]) at layer: 3
Get Mod with shape torch.Size([1, 1, 64, 128]) at layer: 4
Get Mod with shape torch.Size([1, 1, 128, 256]) at layer: 5
Get Mod with shape torch.Size([1, 1, 256, 512]) at layer: 6
Get Mod with shape torch.Size([1, 1, 512, 1024]) at layer: 7
start temperature: 0.3 noise parameter: 2.0
end temperature: 0.3 noise parameter: 2.0
********************Start from stage I
Step 400, BEST PSNR: 29.208831, Total loss 0.021075 with its rate 2.814258098602295 latent_bits 1475481.75

🔁 Stage-1 Training Candidate 2/7
Quantizer parameter: encoding gain  16
total pixel: 524288
Get Mod with shape torch.Size([1, 1, 8, 16]) at layer: 1
Get Mod with shape torch.Size([1, 1, 16, 32]) at layer: 2
Get Mod with shape torch.Size([1, 1, 32, 64]) at layer: 3
Get Mod with shape torch.Size([1, 1, 64, 128]) at layer: 4
Get Mod with shape torch.Size([1, 1, 128, 256]) at layer: 5
Get Mod with shape torch.Size([1, 1, 256, 512]) at layer: 6
Get Mod with shape torch.Size([1, 1, 512, 1024]) at layer: 7
start temperature: 0.3 noise parameter: 2.0
end temperature: 0.3 noise parameter: 2.0
********************Start from stage I
Step 400, BEST PSNR: 34.007184, Total loss 0.016996 with its rate 3.0328822135925293 latent_bits 1590103.75

🔁 Stage-1 Training Candidate 3/7
Quantizer parameter: encoding gain  16
total pixel: 524288
Get Mod with shape torch.Size([1, 1, 8, 16]) at layer: 1
Get Mod with shape torch.Size([1, 1, 16, 32]) at layer: 2
Get Mod with shape torch.Size([1, 1, 32, 64]) at layer: 3
Get Mod with shape torch.Size([1, 1, 64, 128]) at layer: 4
Get Mod with shape torch.Size([1, 1, 128, 256]) at layer: 5
Get Mod with shape torch.Size([1, 1, 256, 512]) at layer: 6
Get Mod with shape torch.Size([1, 1, 512, 1024]) at layer: 7
start temperature: 0.3 noise parameter: 2.0
end temperature: 0.3 noise parameter: 2.0
********************Start from stage I
Step 400, BEST PSNR: 34.059677, Total loss 0.017427 with its rate 2.853973150253296 latent_bits 1496303.875

🔁 Stage-1 Training Candidate 4/7
Quantizer parameter: encoding gain  16
total pixel: 524288
Get Mod with shape torch.Size([1, 1, 8, 16]) at layer: 1
Get Mod with shape torch.Size([1, 1, 16, 32]) at layer: 2
Get Mod with shape torch.Size([1, 1, 32, 64]) at layer: 3
Get Mod with shape torch.Size([1, 1, 64, 128]) at layer: 4
Get Mod with shape torch.Size([1, 1, 128, 256]) at layer: 5
Get Mod with shape torch.Size([1, 1, 256, 512]) at layer: 6
Get Mod with shape torch.Size([1, 1, 512, 1024]) at layer: 7
start temperature: 0.3 noise parameter: 2.0
end temperature: 0.3 noise parameter: 2.0
********************Start from stage I
Step 400, BEST PSNR: 34.624061, Total loss 0.016129 with its rate 2.95172381401062 latent_bits 1547553.375

🔁 Stage-1 Training Candidate 5/7
Quantizer parameter: encoding gain  16
total pixel: 524288
Get Mod with shape torch.Size([1, 1, 8, 16]) at layer: 1
Get Mod with shape torch.Size([1, 1, 16, 32]) at layer: 2
Get Mod with shape torch.Size([1, 1, 32, 64]) at layer: 3
Get Mod with shape torch.Size([1, 1, 64, 128]) at layer: 4
Get Mod with shape torch.Size([1, 1, 128, 256]) at layer: 5
Get Mod with shape torch.Size([1, 1, 256, 512]) at layer: 6
Get Mod with shape torch.Size([1, 1, 512, 1024]) at layer: 7
start temperature: 0.3 noise parameter: 2.0
end temperature: 0.3 noise parameter: 2.0
********************Start from stage I
Step 400, BEST PSNR: 33.579456, Total loss 0.017663 with its rate 2.8353419303894043 latent_bits 1486535.75

🔁 Stage-1 Training Candidate 6/7
Quantizer parameter: encoding gain  16
total pixel: 524288
Get Mod with shape torch.Size([1, 1, 8, 16]) at layer: 1
Get Mod with shape torch.Size([1, 1, 16, 32]) at layer: 2
Get Mod with shape torch.Size([1, 1, 32, 64]) at layer: 3
Get Mod with shape torch.Size([1, 1, 64, 128]) at layer: 4
Get Mod with shape torch.Size([1, 1, 128, 256]) at layer: 5
Get Mod with shape torch.Size([1, 1, 256, 512]) at layer: 6
Get Mod with shape torch.Size([1, 1, 512, 1024]) at layer: 7
start temperature: 0.3 noise parameter: 2.0
end temperature: 0.3 noise parameter: 2.0
********************Start from stage I
Step 400, BEST PSNR: 33.642368, Total loss 0.018448 with its rate 2.822732448577881 latent_bits 1479924.75

🔁 Stage-1 Training Candidate 7/7
Quantizer parameter: encoding gain  16
total pixel: 524288
Get Mod with shape torch.Size([1, 1, 8, 16]) at layer: 1
Get Mod with shape torch.Size([1, 1, 16, 32]) at layer: 2
Get Mod with shape torch.Size([1, 1, 32, 64]) at layer: 3
Get Mod with shape torch.Size([1, 1, 64, 128]) at layer: 4
Get Mod with shape torch.Size([1, 1, 128, 256]) at layer: 5
Get Mod with shape torch.Size([1, 1, 256, 512]) at layer: 6
Get Mod with shape torch.Size([1, 1, 512, 1024]) at layer: 7
start temperature: 0.3 noise parameter: 2.0
end temperature: 0.3 noise parameter: 2.0
********************Start from stage I
Step 400, BEST PSNR: 34.381686, Total loss 0.017014 with its rate 2.8409206867218018 latent_bits 1489460.625

🌟 Selected Top-3 Candidates by RD cost

🎯 Stage-2 Refining Candidate 1/3
start temperature: 0.3 noise parameter: 2.0
end temperature: 0.3 noise parameter: 2.0
********************Start from stage I
Step 400, BEST PSNR: 37.706247, Total loss 0.010536 with its rate 3.392796516418457 latent_bits 1778802.5

🎯 Stage-2 Refining Candidate 2/3
start temperature: 0.3 noise parameter: 2.0
end temperature: 0.3 noise parameter: 2.0
********************Start from stage I
Step 400, BEST PSNR: 37.624777, Total loss 0.010199 with its rate 3.356783866882324 latent_bits 1759921.5

🎯 Stage-2 Refining Candidate 3/3
start temperature: 0.3 noise parameter: 2.0
end temperature: 0.3 noise parameter: 2.0
********************Start from stage I
Step 400, BEST PSNR: 37.854536, Total loss 0.010411 with its rate 3.4067702293395996 latent_bits 1786128.75

🏆 Best Candidate Final PSNR: 37.62, Rate: 3.3568
Masked_INR(
  (upsampling_2d): Upsampling(
    (conv_transpose2d): UpsamplingConvTranspose2d()
  )
  (arm): Arm(
    (mlp): Sequential(
      (0): ArmConv(
        (conv1_1): Conv1d(16, 16, kernel_size=(1,), stride=(1,))
      )
      (1): GELU(approximate='none')
      (2): ArmConv(
        (conv1_1): Conv1d(16, 16, kernel_size=(1,), stride=(1,))
      )
      (3): GELU(approximate='none')
      (4): ArmConv(
        (conv1_1): Conv1d(16, 2, kernel_size=(1,), stride=(1,))
      )
    )
  )
  (conv_mod): LocalGlobalBlock(
    (net): Sequential(
      (0): SynthesisLayer(
        (pad): Identity()
        (conv_layer): SWHDC(
          (conv): Conv2d(2, 3, kernel_size=(3, 3), stride=(1, 1))
        )
        (non_linearity): GELU(approximate='none')
      )
      (1): SynthesisResidualLayer(
        (pad): ReplicationPad2d((0, 0, 0, 0))
        (conv_layer): Conv2d(3, 3, kernel_size=(1, 1), stride=(1, 1))
        (non_linearity): GELU(approximate='none')
      )
      (2): SynthesisResidualLayer(
        (pad): ReplicationPad2d((0, 0, 0, 0))
        (conv_layer): Conv2d(3, 3, kernel_size=(1, 1), stride=(1, 1))
        (non_linearity): GELU(approximate='none')
      )
      (3): SynthesisResidualLayer(
        (pad): ReplicationPad2d((0, 0, 0, 0))
        (conv_layer): Conv2d(3, 3, kernel_size=(1, 1), stride=(1, 1))
        (non_linearity): Identity()
      )
    )
    (global_net): Sequential(
      (0): SynthesisLayer(
        (pad): Identity()
        (conv_layer): SWHDC(
          (conv): Conv2d(2, 3, kernel_size=(3, 3), stride=(1, 1))
        )
        (non_linearity): GELU(approximate='none')
      )
      (1): SynthesisResidualLayer(
        (pad): ReplicationPad2d((0, 0, 0, 0))
        (conv_layer): Conv2d(3, 3, kernel_size=(1, 1), stride=(1, 1))
        (non_linearity): GELU(approximate='none')
      )
      (2): SynthesisResidualLayer(
        (pad): ReplicationPad2d((0, 0, 0, 0))
        (conv_layer): Conv2d(3, 3, kernel_size=(1, 1), stride=(1, 1))
        (non_linearity): GELU(approximate='none')
      )
      (3): SynthesisResidualLayer(
        (pad): ReplicationPad2d((0, 0, 0, 0))
        (conv_layer): Conv2d(3, 3, kernel_size=(1, 1), stride=(1, 1))
        (non_linearity): Identity()
      )
    )
    (agg_func): Sequential(
      (0): SynthesisLayer(
        (pad): ReplicationPad2d((0, 0, 0, 0))
        (conv_layer): Conv2d(18, 3, kernel_size=(1, 1), stride=(1, 1))
        (non_linearity): GELU(approximate='none')
      )
      (1): SynthesisLayer(
        (pad): ReplicationPad2d((0, 0, 0, 0))
        (conv_layer): Conv2d(21, 3, kernel_size=(1, 1), stride=(1, 1))
        (non_linearity): GELU(approximate='none')
      )
      (2): SynthesisLayer(
        (pad): ReplicationPad2d((0, 0, 0, 0))
        (conv_layer): Conv2d(24, 3, kernel_size=(1, 1), stride=(1, 1))
        (non_linearity): GELU(approximate='none')
      )
    )
    (full_net): Sequential(
      (0): SynthesisLayer(
        (pad): ReplicationPad2d((0, 0, 0, 0))
        (conv_layer): Conv2d(7, 12, kernel_size=(1, 1), stride=(1, 1))
        (non_linearity): GELU(approximate='none')
      )
      (1): SynthesisLayer(
        (pad): ReplicationPad2d((0, 0, 0, 0))
        (conv_layer): Conv2d(12, 3, kernel_size=(1, 1), stride=(1, 1))
        (non_linearity): GELU(approximate='none')
      )
      (2): SynthesisResidualLayer(
        (conv_layer): Conv2d(3, 3, kernel_size=(3, 3), stride=(1, 1))
        (non_linearity): GELU(approximate='none')
      )
      (3): SynthesisResidualLayer(
        (conv_layer): Conv2d(3, 3, kernel_size=(3, 3), stride=(1, 1))
        (non_linearity): GELU(approximate='none')
      )
    )
  )
  (modulation_sf): ParameterList(
      (0): Parameter containing: [torch.float32 of size 1x1x8x16 (cuda:0)]
      (1): Parameter containing: [torch.float32 of size 1x1x16x32 (cuda:0)]
      (2): Parameter containing: [torch.float32 of size 1x1x32x64 (cuda:0)]
      (3): Parameter containing: [torch.float32 of size 1x1x64x128 (cuda:0)]
      (4): Parameter containing: [torch.float32 of size 1x1x128x256 (cuda:0)]
      (5): Parameter containing: [torch.float32 of size 1x1x256x512 (cuda:0)]
      (6): Parameter containing: [torch.float32 of size 1x1x512x1024 (cuda:0)]
  )
)
train the 10 -th image
start temperature: 0.3 noise parameter: 2.0
end temperature: 0.1 noise parameter: 1.0
********************Start from stage I
********************going into stage II
eval_object_psnr: 48.91976268985925
eval_background_psnr: 44.47496861000182
eval_background_psnr: 44.47496861000182
********************Evaluation the Image 10-th, after Step 999, BEST PSNR: 43.137740, Print rate 3.688768. *************************
Saved model at ./saved/modbase_7/context_16_arm_mod_16/sparity_0.0/inr_mod_16KODAK_ROI_Global_new_struture_7_12_3_33_orderconcat_operator_0_pw_0.0006_img_object10.pth
Trained the image with PSNR: 43.137739715485615  latent bits 3.6887683868408203 latent bits number 1933977.0
[41.93894035306375, 41.93736858212035, 41.871851641850974, 41.65430134371805, 42.12728497801592, 41.74152771033609, 43.217327343461626, 42.57032413408391, 42.6815338731177, 44.26871792891064, 43.137739715485615]
[4.05171537399292, 4.096495151519775, 4.038559436798096, 4.2877349853515625, 4.181634902954102, 4.102080821990967, 3.621591806411743, 3.6305317878723145, 3.6866250038146973, 3.7933566570281982, 3.6887683868408203]
[2124265.75, 2147743.25, 2117368.25, 2248008.0, 2192381.0, 2150671.75, 1898757.125, 1903444.25, 1932853.25, 1988811.375, 1933977.0]
load the model: ./saved/modbase_7/context_16_arm_mod_16/sparity_0.0/inr_mod_16KODAK_ROI_Global_new_struture_7_12_3_33_orderconcat_operator_0_pw_0.0006_img_object10.pth for the  10 -th image
********************Evalutation with quantization
********************Starting quantizing models
eval_object_psnr: 48.95305998931274
full_image_psnr: 43.14009218753569
object_psnr: 48.95305998931274
background_psnr: 44.46485088286402
********************Evaluation the Image 10-th, BEST PSNR: 43.140092, Print rate 3.689924, Network rate 0.026791. *************************
eval_wsssim: 0.995266
Decoded image saved to ./experiments/vcip_combined_loss/decoded_images/othim11_maskerp_wsmse0_swhdc1_erp1_lambda0.0006.png
Evaluate the image: PSNR: 43.14009218753569 All bits: 3.71671462059021  latent bits: 3.6899240016937256  network bits: 0.026790618896484375
Evaluate arm network bits: 0.009613037109375 Evaluate synthesis network bits: 0.016092300415039062
Image All bits num: 1948628.875 latent bits num: 1934582.875 mlp bits num: 14046.0 border bits num:
arm bits num: 5040.0 synthesis bits num: 8437.0
[41.865224681409984, 41.87538067881054, 41.802628736338214, 41.63464672897096, 42.09694950674752, 41.17454895229773, 43.14836065828575, 42.54624609723988, 42.61043462686574, 44.24535971947813, 43.14009218753569]
[4.077506065368652, 4.120659351348877, 4.064502716064453, 4.313893795013428, 4.208370208740234, 4.128405570983887, 3.646812915802002, 3.65701961517334, 3.710573196411133, 3.818457841873169, 3.71671462059021]
[2137787.5, 2160412.25, 2130970.0, 2261722.75, 2206398.0, 2164473.5, 1911980.25, 1917331.5, 1945409.0, 2001971.625, 1948628.875]
Metrics saved to ./experiments/vcip_combined_loss/results.csv
Current eval Ave PSNR: 42.37635205218001 Ave Bits 3.951174172488126
Namespace(batch_size=1, lr=0.01, data='../data', sparsity=0.0, local_upsampling_kernel_size=8, upsampling_kernel_size=8, static_upsampling_kernel=False, latent_factor=1, mod_base=7, highest_flag=1, context_arm=16, dim_arm_mod=16, use_candidate=True, type='other', mod_hid_layer=0, sythesis_features=12, hidden_features=64, hidden_layer=2, scale=1, lambda_rate=0.0006, lambda_rate_list=[0.0006, 0.0008], start_index=0, mask_type='erp', wsmse_tag=0, swhdc_tag=1, swhdc_dilations=[1, 2, 3, 4], erp_padding=1, workdir='./experiments/vcip_combined_loss', train_steps_1=5000, train_steps_2=1000, loss_type='combined', lambda_dist=0.0023437500000000003, lambda_percep=1.0, patch_h=512, patch_w=1024, all_pix_num=524288, eval_pix_num=524288)
Directory './saved/modbase_7/context_16_arm_mod_16' already exists.
Directory './saved/modbase_7/context_16_arm_mod_16/sparity_0.0' already exists.
top %: 0.0

🔁 Stage-1 Training Candidate 1/7
Quantizer parameter: encoding gain  16
total pixel: 524288
Get Mod with shape torch.Size([1, 1, 8, 16]) at layer: 1
Get Mod with shape torch.Size([1, 1, 16, 32]) at layer: 2
Get Mod with shape torch.Size([1, 1, 32, 64]) at layer: 3
Get Mod with shape torch.Size([1, 1, 64, 128]) at layer: 4
Get Mod with shape torch.Size([1, 1, 128, 256]) at layer: 5
Get Mod with shape torch.Size([1, 1, 256, 512]) at layer: 6
Get Mod with shape torch.Size([1, 1, 512, 1024]) at layer: 7
start temperature: 0.3 noise parameter: 2.0
end temperature: 0.3 noise parameter: 2.0
********************Start from stage I
Step 400, BEST PSNR: 33.546188, Total loss 0.018583 with its rate 2.9405698776245117 latent_bits 1541705.5

🔁 Stage-1 Training Candidate 2/7
Quantizer parameter: encoding gain  16
total pixel: 524288
Get Mod with shape torch.Size([1, 1, 8, 16]) at layer: 1
Get Mod with shape torch.Size([1, 1, 16, 32]) at layer: 2
Get Mod with shape torch.Size([1, 1, 32, 64]) at layer: 3
Get Mod with shape torch.Size([1, 1, 64, 128]) at layer: 4
Get Mod with shape torch.Size([1, 1, 128, 256]) at layer: 5
Get Mod with shape torch.Size([1, 1, 256, 512]) at layer: 6
Get Mod with shape torch.Size([1, 1, 512, 1024]) at layer: 7
start temperature: 0.3 noise parameter: 2.0
end temperature: 0.3 noise parameter: 2.0
********************Start from stage I
Step 400, BEST PSNR: 34.435226, Total loss 0.018100 with its rate 2.965855121612549 latent_bits 1554962.25

🔁 Stage-1 Training Candidate 3/7
Quantizer parameter: encoding gain  16
total pixel: 524288
Get Mod with shape torch.Size([1, 1, 8, 16]) at layer: 1
Get Mod with shape torch.Size([1, 1, 16, 32]) at layer: 2
Get Mod with shape torch.Size([1, 1, 32, 64]) at layer: 3
Get Mod with shape torch.Size([1, 1, 64, 128]) at layer: 4
Get Mod with shape torch.Size([1, 1, 128, 256]) at layer: 5
Get Mod with shape torch.Size([1, 1, 256, 512]) at layer: 6
Get Mod with shape torch.Size([1, 1, 512, 1024]) at layer: 7
start temperature: 0.3 noise parameter: 2.0
end temperature: 0.3 noise parameter: 2.0
********************Start from stage I
Step 400, BEST PSNR: 34.187303, Total loss 0.017495 with its rate 2.9237332344055176 latent_bits 1532878.25

🔁 Stage-1 Training Candidate 4/7
Quantizer parameter: encoding gain  16
total pixel: 524288
Get Mod with shape torch.Size([1, 1, 8, 16]) at layer: 1
Get Mod with shape torch.Size([1, 1, 16, 32]) at layer: 2
Get Mod with shape torch.Size([1, 1, 32, 64]) at layer: 3
Get Mod with shape torch.Size([1, 1, 64, 128]) at layer: 4
Get Mod with shape torch.Size([1, 1, 128, 256]) at layer: 5
Get Mod with shape torch.Size([1, 1, 256, 512]) at layer: 6
Get Mod with shape torch.Size([1, 1, 512, 1024]) at layer: 7
start temperature: 0.3 noise parameter: 2.0
end temperature: 0.3 noise parameter: 2.0
********************Start from stage I
Step 400, BEST PSNR: 34.201484, Total loss 0.018360 with its rate 2.8892269134521484 latent_bits 1514787.0

🔁 Stage-1 Training Candidate 5/7
Quantizer parameter: encoding gain  16
total pixel: 524288
Get Mod with shape torch.Size([1, 1, 8, 16]) at layer: 1
Get Mod with shape torch.Size([1, 1, 16, 32]) at layer: 2
Get Mod with shape torch.Size([1, 1, 32, 64]) at layer: 3
Get Mod with shape torch.Size([1, 1, 64, 128]) at layer: 4
Get Mod with shape torch.Size([1, 1, 128, 256]) at layer: 5
Get Mod with shape torch.Size([1, 1, 256, 512]) at layer: 6
Get Mod with shape torch.Size([1, 1, 512, 1024]) at layer: 7
start temperature: 0.3 noise parameter: 2.0
end temperature: 0.3 noise parameter: 2.0
********************Start from stage I
Step 400, BEST PSNR: 34.455391, Total loss 0.016665 with its rate 2.7971179485321045 latent_bits 1466495.375

🔁 Stage-1 Training Candidate 6/7
Quantizer parameter: encoding gain  16
total pixel: 524288
Get Mod with shape torch.Size([1, 1, 8, 16]) at layer: 1
Get Mod with shape torch.Size([1, 1, 16, 32]) at layer: 2
Get Mod with shape torch.Size([1, 1, 32, 64]) at layer: 3
Get Mod with shape torch.Size([1, 1, 64, 128]) at layer: 4
Get Mod with shape torch.Size([1, 1, 128, 256]) at layer: 5
Get Mod with shape torch.Size([1, 1, 256, 512]) at layer: 6
Get Mod with shape torch.Size([1, 1, 512, 1024]) at layer: 7
start temperature: 0.3 noise parameter: 2.0
end temperature: 0.3 noise parameter: 2.0
********************Start from stage I
Step 400, BEST PSNR: 34.670028, Total loss 0.018292 with its rate 2.9725582599639893 latent_bits 1558476.625

🔁 Stage-1 Training Candidate 7/7
Quantizer parameter: encoding gain  16
total pixel: 524288
Get Mod with shape torch.Size([1, 1, 8, 16]) at layer: 1
Get Mod with shape torch.Size([1, 1, 16, 32]) at layer: 2
Get Mod with shape torch.Size([1, 1, 32, 64]) at layer: 3
Get Mod with shape torch.Size([1, 1, 64, 128]) at layer: 4
Get Mod with shape torch.Size([1, 1, 128, 256]) at layer: 5
Get Mod with shape torch.Size([1, 1, 256, 512]) at layer: 6
Get Mod with shape torch.Size([1, 1, 512, 1024]) at layer: 7
start temperature: 0.3 noise parameter: 2.0
end temperature: 0.3 noise parameter: 2.0
********************Start from stage I
Step 400, BEST PSNR: 34.528751, Total loss 0.017513 with its rate 2.8572323322296143 latent_bits 1498012.625

🌟 Selected Top-3 Candidates by RD cost

🎯 Stage-2 Refining Candidate 1/3
start temperature: 0.3 noise parameter: 2.0
end temperature: 0.3 noise parameter: 2.0
********************Start from stage I
Step 400, BEST PSNR: 37.589712, Total loss 0.010678 with its rate 3.4011361598968506 latent_bits 1783174.875

🎯 Stage-2 Refining Candidate 2/3
start temperature: 0.3 noise parameter: 2.0
end temperature: 0.3 noise parameter: 2.0
********************Start from stage I
Step 400, BEST PSNR: 37.057779, Total loss 0.011712 with its rate 3.358788013458252 latent_bits 1760972.25

🎯 Stage-2 Refining Candidate 3/3
start temperature: 0.3 noise parameter: 2.0
end temperature: 0.3 noise parameter: 2.0
********************Start from stage I
Step 400, BEST PSNR: 36.607916, Total loss 0.010649 with its rate 3.408755302429199 latent_bits 1787169.5

🏆 Best Candidate Final PSNR: 36.61, Rate: 3.4088
Masked_INR(
  (upsampling_2d): Upsampling(
    (conv_transpose2d): UpsamplingConvTranspose2d()
  )
  (arm): Arm(
    (mlp): Sequential(
      (0): ArmConv(
        (conv1_1): Conv1d(16, 16, kernel_size=(1,), stride=(1,))
      )
      (1): GELU(approximate='none')
      (2): ArmConv(
        (conv1_1): Conv1d(16, 16, kernel_size=(1,), stride=(1,))
      )
      (3): GELU(approximate='none')
      (4): ArmConv(
        (conv1_1): Conv1d(16, 2, kernel_size=(1,), stride=(1,))
      )
    )
  )
  (conv_mod): LocalGlobalBlock(
    (net): Sequential(
      (0): SynthesisLayer(
        (pad): Identity()
        (conv_layer): SWHDC(
          (conv): Conv2d(2, 3, kernel_size=(3, 3), stride=(1, 1))
        )
        (non_linearity): GELU(approximate='none')
      )
      (1): SynthesisResidualLayer(
        (pad): ReplicationPad2d((0, 0, 0, 0))
        (conv_layer): Conv2d(3, 3, kernel_size=(1, 1), stride=(1, 1))
        (non_linearity): GELU(approximate='none')
      )
      (2): SynthesisResidualLayer(
        (pad): ReplicationPad2d((0, 0, 0, 0))
        (conv_layer): Conv2d(3, 3, kernel_size=(1, 1), stride=(1, 1))
        (non_linearity): GELU(approximate='none')
      )
      (3): SynthesisResidualLayer(
        (pad): ReplicationPad2d((0, 0, 0, 0))
        (conv_layer): Conv2d(3, 3, kernel_size=(1, 1), stride=(1, 1))
        (non_linearity): Identity()
      )
    )
    (global_net): Sequential(
      (0): SynthesisLayer(
        (pad): Identity()
        (conv_layer): SWHDC(
          (conv): Conv2d(2, 3, kernel_size=(3, 3), stride=(1, 1))
        )
        (non_linearity): GELU(approximate='none')
      )
      (1): SynthesisResidualLayer(
        (pad): ReplicationPad2d((0, 0, 0, 0))
        (conv_layer): Conv2d(3, 3, kernel_size=(1, 1), stride=(1, 1))
        (non_linearity): GELU(approximate='none')
      )
      (2): SynthesisResidualLayer(
        (pad): ReplicationPad2d((0, 0, 0, 0))
        (conv_layer): Conv2d(3, 3, kernel_size=(1, 1), stride=(1, 1))
        (non_linearity): GELU(approximate='none')
      )
      (3): SynthesisResidualLayer(
        (pad): ReplicationPad2d((0, 0, 0, 0))
        (conv_layer): Conv2d(3, 3, kernel_size=(1, 1), stride=(1, 1))
        (non_linearity): Identity()
      )
    )
    (agg_func): Sequential(
      (0): SynthesisLayer(
        (pad): ReplicationPad2d((0, 0, 0, 0))
        (conv_layer): Conv2d(18, 3, kernel_size=(1, 1), stride=(1, 1))
        (non_linearity): GELU(approximate='none')
      )
      (1): SynthesisLayer(
        (pad): ReplicationPad2d((0, 0, 0, 0))
        (conv_layer): Conv2d(21, 3, kernel_size=(1, 1), stride=(1, 1))
        (non_linearity): GELU(approximate='none')
      )
      (2): SynthesisLayer(
        (pad): ReplicationPad2d((0, 0, 0, 0))
        (conv_layer): Conv2d(24, 3, kernel_size=(1, 1), stride=(1, 1))
        (non_linearity): GELU(approximate='none')
      )
    )
    (full_net): Sequential(
      (0): SynthesisLayer(
        (pad): ReplicationPad2d((0, 0, 0, 0))
        (conv_layer): Conv2d(7, 12, kernel_size=(1, 1), stride=(1, 1))
        (non_linearity): GELU(approximate='none')
      )
      (1): SynthesisLayer(
        (pad): ReplicationPad2d((0, 0, 0, 0))
        (conv_layer): Conv2d(12, 3, kernel_size=(1, 1), stride=(1, 1))
        (non_linearity): GELU(approximate='none')
      )
      (2): SynthesisResidualLayer(
        (conv_layer): Conv2d(3, 3, kernel_size=(3, 3), stride=(1, 1))
        (non_linearity): GELU(approximate='none')
      )
      (3): SynthesisResidualLayer(
        (conv_layer): Conv2d(3, 3, kernel_size=(3, 3), stride=(1, 1))
        (non_linearity): GELU(approximate='none')
      )
    )
  )
  (modulation_sf): ParameterList(
      (0): Parameter containing: [torch.float32 of size 1x1x8x16 (cuda:0)]
      (1): Parameter containing: [torch.float32 of size 1x1x16x32 (cuda:0)]
      (2): Parameter containing: [torch.float32 of size 1x1x32x64 (cuda:0)]
      (3): Parameter containing: [torch.float32 of size 1x1x64x128 (cuda:0)]
      (4): Parameter containing: [torch.float32 of size 1x1x128x256 (cuda:0)]
      (5): Parameter containing: [torch.float32 of size 1x1x256x512 (cuda:0)]
      (6): Parameter containing: [torch.float32 of size 1x1x512x1024 (cuda:0)]
  )
)
train the 11 -th image
start temperature: 0.3 noise parameter: 2.0
end temperature: 0.1 noise parameter: 1.0
********************Start from stage I
********************going into stage II
eval_object_psnr: 50.593168689201605
eval_background_psnr: 44.84090812110228
eval_background_psnr: 44.84090812110228
********************Evaluation the Image 11-th, after Step 999, BEST PSNR: 43.812057, Print rate 3.832301. *************************
Saved model at ./saved/modbase_7/context_16_arm_mod_16/sparity_0.0/inr_mod_16KODAK_ROI_Global_new_struture_7_12_3_33_orderconcat_operator_0_pw_0.0006_img_object11.pth
Trained the image with PSNR: 43.812056595528645  latent bits 3.8323006629943848 latent bits number 2009229.25
[41.93894035306375, 41.93736858212035, 41.871851641850974, 41.65430134371805, 42.12728497801592, 41.74152771033609, 43.217327343461626, 42.57032413408391, 42.6815338731177, 44.26871792891064, 43.137739715485615, 43.812056595528645]
[4.05171537399292, 4.096495151519775, 4.038559436798096, 4.2877349853515625, 4.181634902954102, 4.102080821990967, 3.621591806411743, 3.6305317878723145, 3.6866250038146973, 3.7933566570281982, 3.6887683868408203, 3.8323006629943848]
[2124265.75, 2147743.25, 2117368.25, 2248008.0, 2192381.0, 2150671.75, 1898757.125, 1903444.25, 1932853.25, 1988811.375, 1933977.0, 2009229.25]
load the model: ./saved/modbase_7/context_16_arm_mod_16/sparity_0.0/inr_mod_16KODAK_ROI_Global_new_struture_7_12_3_33_orderconcat_operator_0_pw_0.0006_img_object11.pth for the  11 -th image
********************Evalutation with quantization
********************Starting quantizing models
eval_object_psnr: 50.59818805955063
full_image_psnr: 43.803859275462564
object_psnr: 50.59818805955063
background_psnr: 44.829005203257715
********************Evaluation the Image 11-th, BEST PSNR: 43.803859, Print rate 3.833663, Network rate 0.025892. *************************
eval_wsssim: 0.995548
Decoded image saved to ./experiments/vcip_combined_loss/decoded_images/othim12_maskerp_wsmse0_swhdc1_erp1_lambda0.0006.png
Evaluate the image: PSNR: 43.803859275462564 All bits: 3.8595547676086426  latent bits: 3.833662509918213  network bits: 0.025892257690429688
Evaluate arm network bits: 0.009668350219726562 Evaluate synthesis network bits: 0.014925003051757812
Image All bits num: 2023518.25 latent bits num: 2009943.25 mlp bits num: 13575.0 border bits num:
arm bits num: 5069.0 synthesis bits num: 7825.0
[41.865224681409984, 41.87538067881054, 41.802628736338214, 41.63464672897096, 42.09694950674752, 41.17454895229773, 43.14836065828575, 42.54624609723988, 42.61043462686574, 44.24535971947813, 43.14009218753569, 43.803859275462564]
[4.077506065368652, 4.120659351348877, 4.064502716064453, 4.313893795013428, 4.208370208740234, 4.128405570983887, 3.646812915802002, 3.65701961517334, 3.710573196411133, 3.818457841873169, 3.71671462059021, 3.8595547676086426]
[2137787.5, 2160412.25, 2130970.0, 2261722.75, 2206398.0, 2164473.5, 1911980.25, 1917331.5, 1945409.0, 2001971.625, 1948628.875, 2023518.25]
Metrics saved to ./experiments/vcip_combined_loss/results.csv
Current eval Ave PSNR: 42.49531098745356 Ave Bits 3.9435392220815024
Namespace(batch_size=1, lr=0.01, data='../data', sparsity=0.0, local_upsampling_kernel_size=8, upsampling_kernel_size=8, static_upsampling_kernel=False, latent_factor=1, mod_base=7, highest_flag=1, context_arm=16, dim_arm_mod=16, use_candidate=True, type='other', mod_hid_layer=0, sythesis_features=12, hidden_features=64, hidden_layer=2, scale=1, lambda_rate=0.0006, lambda_rate_list=[0.0006, 0.0008], start_index=0, mask_type='erp', wsmse_tag=0, swhdc_tag=1, swhdc_dilations=[1, 2, 3, 4], erp_padding=1, workdir='./experiments/vcip_combined_loss', train_steps_1=5000, train_steps_2=1000, loss_type='combined', lambda_dist=0.0023437500000000003, lambda_percep=1.0, patch_h=512, patch_w=1024, all_pix_num=524288, eval_pix_num=524288)
Directory './saved/modbase_7/context_16_arm_mod_16' already exists.
Directory './saved/modbase_7/context_16_arm_mod_16/sparity_0.0' already exists.
top %: 0.0

🔁 Stage-1 Training Candidate 1/7
Quantizer parameter: encoding gain  16
total pixel: 524288
Get Mod with shape torch.Size([1, 1, 8, 16]) at layer: 1
Get Mod with shape torch.Size([1, 1, 16, 32]) at layer: 2
Get Mod with shape torch.Size([1, 1, 32, 64]) at layer: 3
Get Mod with shape torch.Size([1, 1, 64, 128]) at layer: 4
Get Mod with shape torch.Size([1, 1, 128, 256]) at layer: 5
Get Mod with shape torch.Size([1, 1, 256, 512]) at layer: 6
Get Mod with shape torch.Size([1, 1, 512, 1024]) at layer: 7
start temperature: 0.3 noise parameter: 2.0
end temperature: 0.3 noise parameter: 2.0
********************Start from stage I
Step 400, BEST PSNR: 34.312067, Total loss 0.014280 with its rate 2.6575205326080322 latent_bits 1393306.125

🔁 Stage-1 Training Candidate 2/7
Quantizer parameter: encoding gain  16
total pixel: 524288
Get Mod with shape torch.Size([1, 1, 8, 16]) at layer: 1
Get Mod with shape torch.Size([1, 1, 16, 32]) at layer: 2
Get Mod with shape torch.Size([1, 1, 32, 64]) at layer: 3
Get Mod with shape torch.Size([1, 1, 64, 128]) at layer: 4
Get Mod with shape torch.Size([1, 1, 128, 256]) at layer: 5
Get Mod with shape torch.Size([1, 1, 256, 512]) at layer: 6
Get Mod with shape torch.Size([1, 1, 512, 1024]) at layer: 7
start temperature: 0.3 noise parameter: 2.0
end temperature: 0.3 noise parameter: 2.0
********************Start from stage I
Step 400, BEST PSNR: 34.903192, Total loss 0.014165 with its rate 2.7655625343322754 latent_bits 1449951.25

🔁 Stage-1 Training Candidate 3/7
Quantizer parameter: encoding gain  16
total pixel: 524288
Get Mod with shape torch.Size([1, 1, 8, 16]) at layer: 1
Get Mod with shape torch.Size([1, 1, 16, 32]) at layer: 2
Get Mod with shape torch.Size([1, 1, 32, 64]) at layer: 3
Get Mod with shape torch.Size([1, 1, 64, 128]) at layer: 4
Get Mod with shape torch.Size([1, 1, 128, 256]) at layer: 5
Get Mod with shape torch.Size([1, 1, 256, 512]) at layer: 6
Get Mod with shape torch.Size([1, 1, 512, 1024]) at layer: 7
start temperature: 0.3 noise parameter: 2.0
end temperature: 0.3 noise parameter: 2.0
********************Start from stage I
Step 400, BEST PSNR: 32.181100, Total loss 0.015879 with its rate 2.763674736022949 latent_bits 1448961.5

🔁 Stage-1 Training Candidate 4/7
Quantizer parameter: encoding gain  16
total pixel: 524288
Get Mod with shape torch.Size([1, 1, 8, 16]) at layer: 1
Get Mod with shape torch.Size([1, 1, 16, 32]) at layer: 2
Get Mod with shape torch.Size([1, 1, 32, 64]) at layer: 3
Get Mod with shape torch.Size([1, 1, 64, 128]) at layer: 4
Get Mod with shape torch.Size([1, 1, 128, 256]) at layer: 5
Get Mod with shape torch.Size([1, 1, 256, 512]) at layer: 6
Get Mod with shape torch.Size([1, 1, 512, 1024]) at layer: 7
start temperature: 0.3 noise parameter: 2.0
end temperature: 0.3 noise parameter: 2.0
********************Start from stage I
Step 400, BEST PSNR: 33.140480, Total loss 0.016973 with its rate 2.7103869915008545 latent_bits 1421023.375

🔁 Stage-1 Training Candidate 5/7
Quantizer parameter: encoding gain  16
total pixel: 524288
Get Mod with shape torch.Size([1, 1, 8, 16]) at layer: 1
Get Mod with shape torch.Size([1, 1, 16, 32]) at layer: 2
Get Mod with shape torch.Size([1, 1, 32, 64]) at layer: 3
Get Mod with shape torch.Size([1, 1, 64, 128]) at layer: 4
Get Mod with shape torch.Size([1, 1, 128, 256]) at layer: 5
Get Mod with shape torch.Size([1, 1, 256, 512]) at layer: 6
Get Mod with shape torch.Size([1, 1, 512, 1024]) at layer: 7
start temperature: 0.3 noise parameter: 2.0
end temperature: 0.3 noise parameter: 2.0
********************Start from stage I
Step 400, BEST PSNR: 35.126809, Total loss 0.013843 with its rate 2.7078592777252197 latent_bits 1419698.125

🔁 Stage-1 Training Candidate 6/7
Quantizer parameter: encoding gain  16
total pixel: 524288
Get Mod with shape torch.Size([1, 1, 8, 16]) at layer: 1
Get Mod with shape torch.Size([1, 1, 16, 32]) at layer: 2
Get Mod with shape torch.Size([1, 1, 32, 64]) at layer: 3
Get Mod with shape torch.Size([1, 1, 64, 128]) at layer: 4
Get Mod with shape torch.Size([1, 1, 128, 256]) at layer: 5
Get Mod with shape torch.Size([1, 1, 256, 512]) at layer: 6
Get Mod with shape torch.Size([1, 1, 512, 1024]) at layer: 7
start temperature: 0.3 noise parameter: 2.0
end temperature: 0.3 noise parameter: 2.0
********************Start from stage I
Step 400, BEST PSNR: 34.420338, Total loss 0.015938 with its rate 2.67397403717041 latent_bits 1401932.5

🔁 Stage-1 Training Candidate 7/7
Quantizer parameter: encoding gain  16
total pixel: 524288
Get Mod with shape torch.Size([1, 1, 8, 16]) at layer: 1
Get Mod with shape torch.Size([1, 1, 16, 32]) at layer: 2
Get Mod with shape torch.Size([1, 1, 32, 64]) at layer: 3
Get Mod with shape torch.Size([1, 1, 64, 128]) at layer: 4
Get Mod with shape torch.Size([1, 1, 128, 256]) at layer: 5
Get Mod with shape torch.Size([1, 1, 256, 512]) at layer: 6
Get Mod with shape torch.Size([1, 1, 512, 1024]) at layer: 7
start temperature: 0.3 noise parameter: 2.0
end temperature: 0.3 noise parameter: 2.0
********************Start from stage I
Step 400, BEST PSNR: 32.102715, Total loss 0.015873 with its rate 2.6509196758270264 latent_bits 1389845.375

🌟 Selected Top-3 Candidates by RD cost

🎯 Stage-2 Refining Candidate 1/3
start temperature: 0.3 noise parameter: 2.0
end temperature: 0.3 noise parameter: 2.0
********************Start from stage I
Step 400, BEST PSNR: 39.209159, Total loss 0.007444 with its rate 3.1368532180786133 latent_bits 1644614.5

🎯 Stage-2 Refining Candidate 2/3
start temperature: 0.3 noise parameter: 2.0
end temperature: 0.3 noise parameter: 2.0
********************Start from stage I
Step 400, BEST PSNR: 39.344105, Total loss 0.008383 with its rate 3.1195573806762695 latent_bits 1635546.5

🎯 Stage-2 Refining Candidate 3/3
start temperature: 0.3 noise parameter: 2.0
end temperature: 0.3 noise parameter: 2.0
********************Start from stage I
Step 400, BEST PSNR: 38.865006, Total loss 0.008106 with its rate 3.122140884399414 latent_bits 1636901.0

🏆 Best Candidate Final PSNR: 39.21, Rate: 3.1369
Masked_INR(
  (upsampling_2d): Upsampling(
    (conv_transpose2d): UpsamplingConvTranspose2d()
  )
  (arm): Arm(
    (mlp): Sequential(
      (0): ArmConv(
        (conv1_1): Conv1d(16, 16, kernel_size=(1,), stride=(1,))
      )
      (1): GELU(approximate='none')
      (2): ArmConv(
        (conv1_1): Conv1d(16, 16, kernel_size=(1,), stride=(1,))
      )
      (3): GELU(approximate='none')
      (4): ArmConv(
        (conv1_1): Conv1d(16, 2, kernel_size=(1,), stride=(1,))
      )
    )
  )
  (conv_mod): LocalGlobalBlock(
    (net): Sequential(
      (0): SynthesisLayer(
        (pad): Identity()
        (conv_layer): SWHDC(
          (conv): Conv2d(2, 3, kernel_size=(3, 3), stride=(1, 1))
        )
        (non_linearity): GELU(approximate='none')
      )
      (1): SynthesisResidualLayer(
        (pad): ReplicationPad2d((0, 0, 0, 0))
        (conv_layer): Conv2d(3, 3, kernel_size=(1, 1), stride=(1, 1))
        (non_linearity): GELU(approximate='none')
      )
      (2): SynthesisResidualLayer(
        (pad): ReplicationPad2d((0, 0, 0, 0))
        (conv_layer): Conv2d(3, 3, kernel_size=(1, 1), stride=(1, 1))
        (non_linearity): GELU(approximate='none')
      )
      (3): SynthesisResidualLayer(
        (pad): ReplicationPad2d((0, 0, 0, 0))
        (conv_layer): Conv2d(3, 3, kernel_size=(1, 1), stride=(1, 1))
        (non_linearity): Identity()
      )
    )
    (global_net): Sequential(
      (0): SynthesisLayer(
        (pad): Identity()
        (conv_layer): SWHDC(
          (conv): Conv2d(2, 3, kernel_size=(3, 3), stride=(1, 1))
        )
        (non_linearity): GELU(approximate='none')
      )
      (1): SynthesisResidualLayer(
        (pad): ReplicationPad2d((0, 0, 0, 0))
        (conv_layer): Conv2d(3, 3, kernel_size=(1, 1), stride=(1, 1))
        (non_linearity): GELU(approximate='none')
      )
      (2): SynthesisResidualLayer(
        (pad): ReplicationPad2d((0, 0, 0, 0))
        (conv_layer): Conv2d(3, 3, kernel_size=(1, 1), stride=(1, 1))
        (non_linearity): GELU(approximate='none')
      )
      (3): SynthesisResidualLayer(
        (pad): ReplicationPad2d((0, 0, 0, 0))
        (conv_layer): Conv2d(3, 3, kernel_size=(1, 1), stride=(1, 1))
        (non_linearity): Identity()
      )
    )
    (agg_func): Sequential(
      (0): SynthesisLayer(
        (pad): ReplicationPad2d((0, 0, 0, 0))
        (conv_layer): Conv2d(18, 3, kernel_size=(1, 1), stride=(1, 1))
        (non_linearity): GELU(approximate='none')
      )
      (1): SynthesisLayer(
        (pad): ReplicationPad2d((0, 0, 0, 0))
        (conv_layer): Conv2d(21, 3, kernel_size=(1, 1), stride=(1, 1))
        (non_linearity): GELU(approximate='none')
      )
      (2): SynthesisLayer(
        (pad): ReplicationPad2d((0, 0, 0, 0))
        (conv_layer): Conv2d(24, 3, kernel_size=(1, 1), stride=(1, 1))
        (non_linearity): GELU(approximate='none')
      )
    )
    (full_net): Sequential(
      (0): SynthesisLayer(
        (pad): ReplicationPad2d((0, 0, 0, 0))
        (conv_layer): Conv2d(7, 12, kernel_size=(1, 1), stride=(1, 1))
        (non_linearity): GELU(approximate='none')
      )
      (1): SynthesisLayer(
        (pad): ReplicationPad2d((0, 0, 0, 0))
        (conv_layer): Conv2d(12, 3, kernel_size=(1, 1), stride=(1, 1))
        (non_linearity): GELU(approximate='none')
      )
      (2): SynthesisResidualLayer(
        (conv_layer): Conv2d(3, 3, kernel_size=(3, 3), stride=(1, 1))
        (non_linearity): GELU(approximate='none')
      )
      (3): SynthesisResidualLayer(
        (conv_layer): Conv2d(3, 3, kernel_size=(3, 3), stride=(1, 1))
        (non_linearity): GELU(approximate='none')
      )
    )
  )
  (modulation_sf): ParameterList(
      (0): Parameter containing: [torch.float32 of size 1x1x8x16 (cuda:0)]
      (1): Parameter containing: [torch.float32 of size 1x1x16x32 (cuda:0)]
      (2): Parameter containing: [torch.float32 of size 1x1x32x64 (cuda:0)]
      (3): Parameter containing: [torch.float32 of size 1x1x64x128 (cuda:0)]
      (4): Parameter containing: [torch.float32 of size 1x1x128x256 (cuda:0)]
      (5): Parameter containing: [torch.float32 of size 1x1x256x512 (cuda:0)]
      (6): Parameter containing: [torch.float32 of size 1x1x512x1024 (cuda:0)]
  )
)
train the 12 -th image
start temperature: 0.3 noise parameter: 2.0
end temperature: 0.1 noise parameter: 1.0
********************Start from stage I
********************going into stage II
eval_object_psnr: 50.26601814631848
eval_background_psnr: 45.06779753154817
eval_background_psnr: 45.06779753154817
********************Evaluation the Image 12-th, after Step 999, BEST PSNR: 43.890674, Print rate 3.484138. *************************
Saved model at ./saved/modbase_7/context_16_arm_mod_16/sparity_0.0/inr_mod_16KODAK_ROI_Global_new_struture_7_12_3_33_orderconcat_operator_0_pw_0.0006_img_object12.pth
Trained the image with PSNR: 43.89067429351113  latent bits 3.484137535095215 latent bits number 1826691.5
[41.93894035306375, 41.93736858212035, 41.871851641850974, 41.65430134371805, 42.12728497801592, 41.74152771033609, 43.217327343461626, 42.57032413408391, 42.6815338731177, 44.26871792891064, 43.137739715485615, 43.812056595528645, 43.89067429351113]
[4.05171537399292, 4.096495151519775, 4.038559436798096, 4.2877349853515625, 4.181634902954102, 4.102080821990967, 3.621591806411743, 3.6305317878723145, 3.6866250038146973, 3.7933566570281982, 3.6887683868408203, 3.8323006629943848, 3.484137535095215]
[2124265.75, 2147743.25, 2117368.25, 2248008.0, 2192381.0, 2150671.75, 1898757.125, 1903444.25, 1932853.25, 1988811.375, 1933977.0, 2009229.25, 1826691.5]
load the model: ./saved/modbase_7/context_16_arm_mod_16/sparity_0.0/inr_mod_16KODAK_ROI_Global_new_struture_7_12_3_33_orderconcat_operator_0_pw_0.0006_img_object12.pth for the  12 -th image
********************Evalutation with quantization
********************Starting quantizing models
eval_object_psnr: 50.24236153139777
full_image_psnr: 43.83156612980104
object_psnr: 50.24236153139777
background_psnr: 44.99911331884211
********************Evaluation the Image 12-th, BEST PSNR: 43.831566, Print rate 3.485020, Network rate 0.024006. *************************
eval_wsssim: 0.996531
Decoded image saved to ./experiments/vcip_combined_loss/decoded_images/othim13_maskerp_wsmse0_swhdc1_erp1_lambda0.0006.png
Evaluate the image: PSNR: 43.83156612980104 All bits: 3.509026050567627  latent bits: 3.485020160675049  network bits: 0.024005889892578125
Evaluate arm network bits: 0.00940704345703125 Evaluate synthesis network bits: 0.013536453247070312
Image All bits num: 1839740.25 latent bits num: 1827154.25 mlp bits num: 12586.0 border bits num:
arm bits num: 4932.0 synthesis bits num: 7097.0
[41.865224681409984, 41.87538067881054, 41.802628736338214, 41.63464672897096, 42.09694950674752, 41.17454895229773, 43.14836065828575, 42.54624609723988, 42.61043462686574, 44.24535971947813, 43.14009218753569, 43.803859275462564, 43.83156612980104]
[4.077506065368652, 4.120659351348877, 4.064502716064453, 4.313893795013428, 4.208370208740234, 4.128405570983887, 3.646812915802002, 3.65701961517334, 3.710573196411133, 3.818457841873169, 3.71671462059021, 3.8595547676086426, 3.509026050567627]
[2137787.5, 2160412.25, 2130970.0, 2261722.75, 2206398.0, 2164473.5, 1911980.25, 1917331.5, 1945409.0, 2001971.625, 1948628.875, 2023518.25, 1839740.25]
Metrics saved to ./experiments/vcip_combined_loss/results.csv
Current eval Ave PSNR: 42.59809984455721 Ave Bits 3.9101151319650502
Namespace(batch_size=1, lr=0.01, data='../data', sparsity=0.0, local_upsampling_kernel_size=8, upsampling_kernel_size=8, static_upsampling_kernel=False, latent_factor=1, mod_base=7, highest_flag=1, context_arm=16, dim_arm_mod=16, use_candidate=True, type='other', mod_hid_layer=0, sythesis_features=12, hidden_features=64, hidden_layer=2, scale=1, lambda_rate=0.0006, lambda_rate_list=[0.0006, 0.0008], start_index=0, mask_type='erp', wsmse_tag=0, swhdc_tag=1, swhdc_dilations=[1, 2, 3, 4], erp_padding=1, workdir='./experiments/vcip_combined_loss', train_steps_1=5000, train_steps_2=1000, loss_type='combined', lambda_dist=0.0023437500000000003, lambda_percep=1.0, patch_h=512, patch_w=1024, all_pix_num=524288, eval_pix_num=524288)
Directory './saved/modbase_7/context_16_arm_mod_16' already exists.
Directory './saved/modbase_7/context_16_arm_mod_16/sparity_0.0' already exists.
top %: 0.0

🔁 Stage-1 Training Candidate 1/7
Quantizer parameter: encoding gain  16
total pixel: 524288
Get Mod with shape torch.Size([1, 1, 8, 16]) at layer: 1
Get Mod with shape torch.Size([1, 1, 16, 32]) at layer: 2
Get Mod with shape torch.Size([1, 1, 32, 64]) at layer: 3
Get Mod with shape torch.Size([1, 1, 64, 128]) at layer: 4
Get Mod with shape torch.Size([1, 1, 128, 256]) at layer: 5
Get Mod with shape torch.Size([1, 1, 256, 512]) at layer: 6
Get Mod with shape torch.Size([1, 1, 512, 1024]) at layer: 7
start temperature: 0.3 noise parameter: 2.0
end temperature: 0.3 noise parameter: 2.0
********************Start from stage I
Step 400, BEST PSNR: 33.856035, Total loss 0.014856 with its rate 2.610386371612549 latent_bits 1368594.25

🔁 Stage-1 Training Candidate 2/7
Quantizer parameter: encoding gain  16
total pixel: 524288
Get Mod with shape torch.Size([1, 1, 8, 16]) at layer: 1
Get Mod with shape torch.Size([1, 1, 16, 32]) at layer: 2
Get Mod with shape torch.Size([1, 1, 32, 64]) at layer: 3
Get Mod with shape torch.Size([1, 1, 64, 128]) at layer: 4
Get Mod with shape torch.Size([1, 1, 128, 256]) at layer: 5
Get Mod with shape torch.Size([1, 1, 256, 512]) at layer: 6
Get Mod with shape torch.Size([1, 1, 512, 1024]) at layer: 7
start temperature: 0.3 noise parameter: 2.0
end temperature: 0.3 noise parameter: 2.0
********************Start from stage I
Step 400, BEST PSNR: 34.678583, Total loss 0.013618 with its rate 2.7432775497436523 latent_bits 1438267.5

🔁 Stage-1 Training Candidate 3/7
Quantizer parameter: encoding gain  16
total pixel: 524288
Get Mod with shape torch.Size([1, 1, 8, 16]) at layer: 1
Get Mod with shape torch.Size([1, 1, 16, 32]) at layer: 2
Get Mod with shape torch.Size([1, 1, 32, 64]) at layer: 3
Get Mod with shape torch.Size([1, 1, 64, 128]) at layer: 4
Get Mod with shape torch.Size([1, 1, 128, 256]) at layer: 5
Get Mod with shape torch.Size([1, 1, 256, 512]) at layer: 6
Get Mod with shape torch.Size([1, 1, 512, 1024]) at layer: 7
start temperature: 0.3 noise parameter: 2.0
end temperature: 0.3 noise parameter: 2.0
********************Start from stage I
Step 400, BEST PSNR: 35.188881, Total loss 0.014352 with its rate 2.8326773643493652 latent_bits 1485138.75

🔁 Stage-1 Training Candidate 4/7
Quantizer parameter: encoding gain  16
total pixel: 524288
Get Mod with shape torch.Size([1, 1, 8, 16]) at layer: 1
Get Mod with shape torch.Size([1, 1, 16, 32]) at layer: 2
Get Mod with shape torch.Size([1, 1, 32, 64]) at layer: 3
Get Mod with shape torch.Size([1, 1, 64, 128]) at layer: 4
Get Mod with shape torch.Size([1, 1, 128, 256]) at layer: 5
Get Mod with shape torch.Size([1, 1, 256, 512]) at layer: 6
Get Mod with shape torch.Size([1, 1, 512, 1024]) at layer: 7
start temperature: 0.3 noise parameter: 2.0
end temperature: 0.3 noise parameter: 2.0
********************Start from stage I
Step 400, BEST PSNR: 33.732404, Total loss 0.015133 with its rate 2.737179756164551 latent_bits 1435070.5

🔁 Stage-1 Training Candidate 5/7
Quantizer parameter: encoding gain  16
total pixel: 524288
Get Mod with shape torch.Size([1, 1, 8, 16]) at layer: 1
Get Mod with shape torch.Size([1, 1, 16, 32]) at layer: 2
Get Mod with shape torch.Size([1, 1, 32, 64]) at layer: 3
Get Mod with shape torch.Size([1, 1, 64, 128]) at layer: 4
Get Mod with shape torch.Size([1, 1, 128, 256]) at layer: 5
Get Mod with shape torch.Size([1, 1, 256, 512]) at layer: 6
Get Mod with shape torch.Size([1, 1, 512, 1024]) at layer: 7
start temperature: 0.3 noise parameter: 2.0
end temperature: 0.3 noise parameter: 2.0
********************Start from stage I
Step 400, BEST PSNR: 35.589152, Total loss 0.014127 with its rate 2.702414035797119 latent_bits 1416843.25

🔁 Stage-1 Training Candidate 6/7
Quantizer parameter: encoding gain  16
total pixel: 524288
Get Mod with shape torch.Size([1, 1, 8, 16]) at layer: 1
Get Mod with shape torch.Size([1, 1, 16, 32]) at layer: 2
Get Mod with shape torch.Size([1, 1, 32, 64]) at layer: 3
Get Mod with shape torch.Size([1, 1, 64, 128]) at layer: 4
Get Mod with shape torch.Size([1, 1, 128, 256]) at layer: 5
Get Mod with shape torch.Size([1, 1, 256, 512]) at layer: 6
Get Mod with shape torch.Size([1, 1, 512, 1024]) at layer: 7
start temperature: 0.3 noise parameter: 2.0
end temperature: 0.3 noise parameter: 2.0
********************Start from stage I
Step 400, BEST PSNR: 34.221977, Total loss 0.015064 with its rate 2.6384668350219727 latent_bits 1383316.5

🔁 Stage-1 Training Candidate 7/7
Quantizer parameter: encoding gain  16
total pixel: 524288
Get Mod with shape torch.Size([1, 1, 8, 16]) at layer: 1
Get Mod with shape torch.Size([1, 1, 16, 32]) at layer: 2
Get Mod with shape torch.Size([1, 1, 32, 64]) at layer: 3
Get Mod with shape torch.Size([1, 1, 64, 128]) at layer: 4
Get Mod with shape torch.Size([1, 1, 128, 256]) at layer: 5
Get Mod with shape torch.Size([1, 1, 256, 512]) at layer: 6
Get Mod with shape torch.Size([1, 1, 512, 1024]) at layer: 7
start temperature: 0.3 noise parameter: 2.0
end temperature: 0.3 noise parameter: 2.0
********************Start from stage I
Step 400, BEST PSNR: 35.253971, Total loss 0.013780 with its rate 2.654390335083008 latent_bits 1391665.0

🌟 Selected Top-3 Candidates by RD cost

🎯 Stage-2 Refining Candidate 1/3
start temperature: 0.3 noise parameter: 2.0
end temperature: 0.3 noise parameter: 2.0
********************Start from stage I
Step 400, BEST PSNR: 38.365999, Total loss 0.009264 with its rate 3.0757622718811035 latent_bits 1612585.25

🎯 Stage-2 Refining Candidate 2/3
start temperature: 0.3 noise parameter: 2.0
end temperature: 0.3 noise parameter: 2.0
********************Start from stage I
Step 400, BEST PSNR: 38.845684, Total loss 0.007874 with its rate 3.0683507919311523 latent_bits 1608699.5

🎯 Stage-2 Refining Candidate 3/3
start temperature: 0.3 noise parameter: 2.0
end temperature: 0.3 noise parameter: 2.0
********************Start from stage I
Step 400, BEST PSNR: 39.257643, Total loss 0.007858 with its rate 3.077470064163208 latent_bits 1613480.625

🏆 Best Candidate Final PSNR: 39.26, Rate: 3.0775
Masked_INR(
  (upsampling_2d): Upsampling(
    (conv_transpose2d): UpsamplingConvTranspose2d()
  )
  (arm): Arm(
    (mlp): Sequential(
      (0): ArmConv(
        (conv1_1): Conv1d(16, 16, kernel_size=(1,), stride=(1,))
      )
      (1): GELU(approximate='none')
      (2): ArmConv(
        (conv1_1): Conv1d(16, 16, kernel_size=(1,), stride=(1,))
      )
      (3): GELU(approximate='none')
      (4): ArmConv(
        (conv1_1): Conv1d(16, 2, kernel_size=(1,), stride=(1,))
      )
    )
  )
  (conv_mod): LocalGlobalBlock(
    (net): Sequential(
      (0): SynthesisLayer(
        (pad): Identity()
        (conv_layer): SWHDC(
          (conv): Conv2d(2, 3, kernel_size=(3, 3), stride=(1, 1))
        )
        (non_linearity): GELU(approximate='none')
      )
      (1): SynthesisResidualLayer(
        (pad): ReplicationPad2d((0, 0, 0, 0))
        (conv_layer): Conv2d(3, 3, kernel_size=(1, 1), stride=(1, 1))
        (non_linearity): GELU(approximate='none')
      )
      (2): SynthesisResidualLayer(
        (pad): ReplicationPad2d((0, 0, 0, 0))
        (conv_layer): Conv2d(3, 3, kernel_size=(1, 1), stride=(1, 1))
        (non_linearity): GELU(approximate='none')
      )
      (3): SynthesisResidualLayer(
        (pad): ReplicationPad2d((0, 0, 0, 0))
        (conv_layer): Conv2d(3, 3, kernel_size=(1, 1), stride=(1, 1))
        (non_linearity): Identity()
      )
    )
    (global_net): Sequential(
      (0): SynthesisLayer(
        (pad): Identity()
        (conv_layer): SWHDC(
          (conv): Conv2d(2, 3, kernel_size=(3, 3), stride=(1, 1))
        )
        (non_linearity): GELU(approximate='none')
      )
      (1): SynthesisResidualLayer(
        (pad): ReplicationPad2d((0, 0, 0, 0))
        (conv_layer): Conv2d(3, 3, kernel_size=(1, 1), stride=(1, 1))
        (non_linearity): GELU(approximate='none')
      )
      (2): SynthesisResidualLayer(
        (pad): ReplicationPad2d((0, 0, 0, 0))
        (conv_layer): Conv2d(3, 3, kernel_size=(1, 1), stride=(1, 1))
        (non_linearity): GELU(approximate='none')
      )
      (3): SynthesisResidualLayer(
        (pad): ReplicationPad2d((0, 0, 0, 0))
        (conv_layer): Conv2d(3, 3, kernel_size=(1, 1), stride=(1, 1))
        (non_linearity): Identity()
      )
    )
    (agg_func): Sequential(
      (0): SynthesisLayer(
        (pad): ReplicationPad2d((0, 0, 0, 0))
        (conv_layer): Conv2d(18, 3, kernel_size=(1, 1), stride=(1, 1))
        (non_linearity): GELU(approximate='none')
      )
      (1): SynthesisLayer(
        (pad): ReplicationPad2d((0, 0, 0, 0))
        (conv_layer): Conv2d(21, 3, kernel_size=(1, 1), stride=(1, 1))
        (non_linearity): GELU(approximate='none')
      )
      (2): SynthesisLayer(
        (pad): ReplicationPad2d((0, 0, 0, 0))
        (conv_layer): Conv2d(24, 3, kernel_size=(1, 1), stride=(1, 1))
        (non_linearity): GELU(approximate='none')
      )
    )
    (full_net): Sequential(
      (0): SynthesisLayer(
        (pad): ReplicationPad2d((0, 0, 0, 0))
        (conv_layer): Conv2d(7, 12, kernel_size=(1, 1), stride=(1, 1))
        (non_linearity): GELU(approximate='none')
      )
      (1): SynthesisLayer(
        (pad): ReplicationPad2d((0, 0, 0, 0))
        (conv_layer): Conv2d(12, 3, kernel_size=(1, 1), stride=(1, 1))
        (non_linearity): GELU(approximate='none')
      )
      (2): SynthesisResidualLayer(
        (conv_layer): Conv2d(3, 3, kernel_size=(3, 3), stride=(1, 1))
        (non_linearity): GELU(approximate='none')
      )
      (3): SynthesisResidualLayer(
        (conv_layer): Conv2d(3, 3, kernel_size=(3, 3), stride=(1, 1))
        (non_linearity): GELU(approximate='none')
      )
    )
  )
  (modulation_sf): ParameterList(
      (0): Parameter containing: [torch.float32 of size 1x1x8x16 (cuda:0)]
      (1): Parameter containing: [torch.float32 of size 1x1x16x32 (cuda:0)]
      (2): Parameter containing: [torch.float32 of size 1x1x32x64 (cuda:0)]
      (3): Parameter containing: [torch.float32 of size 1x1x64x128 (cuda:0)]
      (4): Parameter containing: [torch.float32 of size 1x1x128x256 (cuda:0)]
      (5): Parameter containing: [torch.float32 of size 1x1x256x512 (cuda:0)]
      (6): Parameter containing: [torch.float32 of size 1x1x512x1024 (cuda:0)]
  )
)
train the 13 -th image
start temperature: 0.3 noise parameter: 2.0
end temperature: 0.1 noise parameter: 1.0
********************Start from stage I
********************going into stage II
eval_object_psnr: 51.847153376259804
eval_background_psnr: 45.43565040268754
eval_background_psnr: 45.43565040268754
********************Evaluation the Image 13-th, after Step 999, BEST PSNR: 44.540278, Print rate 3.463471. *************************
Saved model at ./saved/modbase_7/context_16_arm_mod_16/sparity_0.0/inr_mod_16KODAK_ROI_Global_new_struture_7_12_3_33_orderconcat_operator_0_pw_0.0006_img_object13.pth
Trained the image with PSNR: 44.54027782461355  latent bits 3.463470697402954 latent bits number 1815856.125
[41.93894035306375, 41.93736858212035, 41.871851641850974, 41.65430134371805, 42.12728497801592, 41.74152771033609, 43.217327343461626, 42.57032413408391, 42.6815338731177, 44.26871792891064, 43.137739715485615, 43.812056595528645, 43.89067429351113, 44.54027782461355]
[4.05171537399292, 4.096495151519775, 4.038559436798096, 4.2877349853515625, 4.181634902954102, 4.102080821990967, 3.621591806411743, 3.6305317878723145, 3.6866250038146973, 3.7933566570281982, 3.6887683868408203, 3.8323006629943848, 3.484137535095215, 3.463470697402954]
[2124265.75, 2147743.25, 2117368.25, 2248008.0, 2192381.0, 2150671.75, 1898757.125, 1903444.25, 1932853.25, 1988811.375, 1933977.0, 2009229.25, 1826691.5, 1815856.125]
load the model: ./saved/modbase_7/context_16_arm_mod_16/sparity_0.0/inr_mod_16KODAK_ROI_Global_new_struture_7_12_3_33_orderconcat_operator_0_pw_0.0006_img_object13.pth for the  13 -th image
********************Evalutation with quantization
********************Starting quantizing models
eval_object_psnr: 51.448714874396536
full_image_psnr: 44.357563143565926
object_psnr: 51.448714874396536
background_psnr: 45.30268873473552
********************Evaluation the Image 13-th, BEST PSNR: 44.357563, Print rate 3.464434, Network rate 0.022890. *************************
eval_wsssim: 0.996463
Decoded image saved to ./experiments/vcip_combined_loss/decoded_images/othim14_maskerp_wsmse0_swhdc1_erp1_lambda0.0006.png
Evaluate the image: PSNR: 44.357563143565926 All bits: 3.4873242378234863  latent bits: 3.4644341468811035  network bits: 0.022890090942382812
Evaluate arm network bits: 0.009462356567382812 Evaluate synthesis network bits: 0.012361526489257812
Image All bits num: 1828362.25 latent bits num: 1816361.25 mlp bits num: 12001.0 border bits num:
arm bits num: 4961.0 synthesis bits num: 6481.0
[41.865224681409984, 41.87538067881054, 41.802628736338214, 41.63464672897096, 42.09694950674752, 41.17454895229773, 43.14836065828575, 42.54624609723988, 42.61043462686574, 44.24535971947813, 43.14009218753569, 43.803859275462564, 43.83156612980104, 44.357563143565926]
[4.077506065368652, 4.120659351348877, 4.064502716064453, 4.313893795013428, 4.208370208740234, 4.128405570983887, 3.646812915802002, 3.65701961517334, 3.710573196411133, 3.818457841873169, 3.71671462059021, 3.8595547676086426, 3.509026050567627, 3.4873242378234863]
[2137787.5, 2160412.25, 2130970.0, 2261722.75, 2206398.0, 2164473.5, 1911980.25, 1917331.5, 1945409.0, 2001971.625, 1948628.875, 2023518.25, 1839740.25, 1828362.25]
Metrics saved to ./experiments/vcip_combined_loss/results.csv
Current eval Ave PSNR: 42.72377579448641 Ave Bits 3.87991578238351
Namespace(batch_size=1, lr=0.01, data='../data', sparsity=0.0, local_upsampling_kernel_size=8, upsampling_kernel_size=8, static_upsampling_kernel=False, latent_factor=1, mod_base=7, highest_flag=1, context_arm=16, dim_arm_mod=16, use_candidate=True, type='other', mod_hid_layer=0, sythesis_features=12, hidden_features=64, hidden_layer=2, scale=1, lambda_rate=0.0006, lambda_rate_list=[0.0006, 0.0008], start_index=0, mask_type='erp', wsmse_tag=0, swhdc_tag=1, swhdc_dilations=[1, 2, 3, 4], erp_padding=1, workdir='./experiments/vcip_combined_loss', train_steps_1=5000, train_steps_2=1000, loss_type='combined', lambda_dist=0.0023437500000000003, lambda_percep=1.0, patch_h=512, patch_w=1024, all_pix_num=524288, eval_pix_num=524288)
Directory './saved/modbase_7/context_16_arm_mod_16' already exists.
Directory './saved/modbase_7/context_16_arm_mod_16/sparity_0.0' already exists.
top %: 0.0

🔁 Stage-1 Training Candidate 1/7
Quantizer parameter: encoding gain  16
total pixel: 524288
Get Mod with shape torch.Size([1, 1, 8, 16]) at layer: 1
Get Mod with shape torch.Size([1, 1, 16, 32]) at layer: 2
Get Mod with shape torch.Size([1, 1, 32, 64]) at layer: 3
Get Mod with shape torch.Size([1, 1, 64, 128]) at layer: 4
Get Mod with shape torch.Size([1, 1, 128, 256]) at layer: 5
Get Mod with shape torch.Size([1, 1, 256, 512]) at layer: 6
Get Mod with shape torch.Size([1, 1, 512, 1024]) at layer: 7
start temperature: 0.3 noise parameter: 2.0
end temperature: 0.3 noise parameter: 2.0
********************Start from stage I
Step 400, BEST PSNR: 34.828889, Total loss 0.014822 with its rate 2.6910362243652344 latent_bits 1410878.0

🔁 Stage-1 Training Candidate 2/7
Quantizer parameter: encoding gain  16
total pixel: 524288
Get Mod with shape torch.Size([1, 1, 8, 16]) at layer: 1
Get Mod with shape torch.Size([1, 1, 16, 32]) at layer: 2
Get Mod with shape torch.Size([1, 1, 32, 64]) at layer: 3
Get Mod with shape torch.Size([1, 1, 64, 128]) at layer: 4
Get Mod with shape torch.Size([1, 1, 128, 256]) at layer: 5
Get Mod with shape torch.Size([1, 1, 256, 512]) at layer: 6
Get Mod with shape torch.Size([1, 1, 512, 1024]) at layer: 7
start temperature: 0.3 noise parameter: 2.0
end temperature: 0.3 noise parameter: 2.0
********************Start from stage I
Step 400, BEST PSNR: 33.569144, Total loss 0.014674 with its rate 2.741189479827881 latent_bits 1437172.75

🔁 Stage-1 Training Candidate 3/7
Quantizer parameter: encoding gain  16
total pixel: 524288
Get Mod with shape torch.Size([1, 1, 8, 16]) at layer: 1
Get Mod with shape torch.Size([1, 1, 16, 32]) at layer: 2
Get Mod with shape torch.Size([1, 1, 32, 64]) at layer: 3
Get Mod with shape torch.Size([1, 1, 64, 128]) at layer: 4
Get Mod with shape torch.Size([1, 1, 128, 256]) at layer: 5
Get Mod with shape torch.Size([1, 1, 256, 512]) at layer: 6
Get Mod with shape torch.Size([1, 1, 512, 1024]) at layer: 7
start temperature: 0.3 noise parameter: 2.0
end temperature: 0.3 noise parameter: 2.0
********************Start from stage I
Step 400, BEST PSNR: 34.402348, Total loss 0.015217 with its rate 2.666400909423828 latent_bits 1397962.0

🔁 Stage-1 Training Candidate 4/7
Quantizer parameter: encoding gain  16
total pixel: 524288
Get Mod with shape torch.Size([1, 1, 8, 16]) at layer: 1
Get Mod with shape torch.Size([1, 1, 16, 32]) at layer: 2
Get Mod with shape torch.Size([1, 1, 32, 64]) at layer: 3
Get Mod with shape torch.Size([1, 1, 64, 128]) at layer: 4
Get Mod with shape torch.Size([1, 1, 128, 256]) at layer: 5
Get Mod with shape torch.Size([1, 1, 256, 512]) at layer: 6
Get Mod with shape torch.Size([1, 1, 512, 1024]) at layer: 7
start temperature: 0.3 noise parameter: 2.0
end temperature: 0.3 noise parameter: 2.0
********************Start from stage I
Step 400, BEST PSNR: 31.789325, Total loss 0.016977 with its rate 2.6092519760131836 latent_bits 1367999.5

🔁 Stage-1 Training Candidate 5/7
Quantizer parameter: encoding gain  16
total pixel: 524288
Get Mod with shape torch.Size([1, 1, 8, 16]) at layer: 1
Get Mod with shape torch.Size([1, 1, 16, 32]) at layer: 2
Get Mod with shape torch.Size([1, 1, 32, 64]) at layer: 3
Get Mod with shape torch.Size([1, 1, 64, 128]) at layer: 4
Get Mod with shape torch.Size([1, 1, 128, 256]) at layer: 5
Get Mod with shape torch.Size([1, 1, 256, 512]) at layer: 6
Get Mod with shape torch.Size([1, 1, 512, 1024]) at layer: 7
start temperature: 0.3 noise parameter: 2.0
end temperature: 0.3 noise parameter: 2.0
********************Start from stage I
Step 400, BEST PSNR: 33.440425, Total loss 0.015659 with its rate 2.580073356628418 latent_bits 1352701.5

🔁 Stage-1 Training Candidate 6/7
Quantizer parameter: encoding gain  16
total pixel: 524288
Get Mod with shape torch.Size([1, 1, 8, 16]) at layer: 1
Get Mod with shape torch.Size([1, 1, 16, 32]) at layer: 2
Get Mod with shape torch.Size([1, 1, 32, 64]) at layer: 3
Get Mod with shape torch.Size([1, 1, 64, 128]) at layer: 4
Get Mod with shape torch.Size([1, 1, 128, 256]) at layer: 5
Get Mod with shape torch.Size([1, 1, 256, 512]) at layer: 6
Get Mod with shape torch.Size([1, 1, 512, 1024]) at layer: 7
start temperature: 0.3 noise parameter: 2.0
end temperature: 0.3 noise parameter: 2.0
********************Start from stage I
Step 400, BEST PSNR: 35.145622, Total loss 0.013443 with its rate 2.8193554878234863 latent_bits 1478154.25

🔁 Stage-1 Training Candidate 7/7
Quantizer parameter: encoding gain  16
total pixel: 524288
Get Mod with shape torch.Size([1, 1, 8, 16]) at layer: 1
Get Mod with shape torch.Size([1, 1, 16, 32]) at layer: 2
Get Mod with shape torch.Size([1, 1, 32, 64]) at layer: 3
Get Mod with shape torch.Size([1, 1, 64, 128]) at layer: 4
Get Mod with shape torch.Size([1, 1, 128, 256]) at layer: 5
Get Mod with shape torch.Size([1, 1, 256, 512]) at layer: 6
Get Mod with shape torch.Size([1, 1, 512, 1024]) at layer: 7
start temperature: 0.3 noise parameter: 2.0
end temperature: 0.3 noise parameter: 2.0
********************Start from stage I
Step 400, BEST PSNR: 35.505125, Total loss 0.012974 with its rate 2.780482769012451 latent_bits 1457773.75

🌟 Selected Top-3 Candidates by RD cost

🎯 Stage-2 Refining Candidate 1/3
start temperature: 0.3 noise parameter: 2.0
end temperature: 0.3 noise parameter: 2.0
********************Start from stage I
Step 400, BEST PSNR: 39.138245, Total loss 0.008376 with its rate 3.1007373332977295 latent_bits 1625679.375

🎯 Stage-2 Refining Candidate 2/3
start temperature: 0.3 noise parameter: 2.0
end temperature: 0.3 noise parameter: 2.0
********************Start from stage I
Step 400, BEST PSNR: 38.476108, Total loss 0.008564 with its rate 3.1189708709716797 latent_bits 1635239.0

🎯 Stage-2 Refining Candidate 3/3
start temperature: 0.3 noise parameter: 2.0
end temperature: 0.3 noise parameter: 2.0
********************Start from stage I
Step 400, BEST PSNR: 39.216012, Total loss 0.008705 with its rate 3.0619311332702637 latent_bits 1605333.75

🏆 Best Candidate Final PSNR: 39.14, Rate: 3.1007
Masked_INR(
  (upsampling_2d): Upsampling(
    (conv_transpose2d): UpsamplingConvTranspose2d()
  )
  (arm): Arm(
    (mlp): Sequential(
      (0): ArmConv(
        (conv1_1): Conv1d(16, 16, kernel_size=(1,), stride=(1,))
      )
      (1): GELU(approximate='none')
      (2): ArmConv(
        (conv1_1): Conv1d(16, 16, kernel_size=(1,), stride=(1,))
      )
      (3): GELU(approximate='none')
      (4): ArmConv(
        (conv1_1): Conv1d(16, 2, kernel_size=(1,), stride=(1,))
      )
    )
  )
  (conv_mod): LocalGlobalBlock(
    (net): Sequential(
      (0): SynthesisLayer(
        (pad): Identity()
        (conv_layer): SWHDC(
          (conv): Conv2d(2, 3, kernel_size=(3, 3), stride=(1, 1))
        )
        (non_linearity): GELU(approximate='none')
      )
      (1): SynthesisResidualLayer(
        (pad): ReplicationPad2d((0, 0, 0, 0))
        (conv_layer): Conv2d(3, 3, kernel_size=(1, 1), stride=(1, 1))
        (non_linearity): GELU(approximate='none')
      )
      (2): SynthesisResidualLayer(
        (pad): ReplicationPad2d((0, 0, 0, 0))
        (conv_layer): Conv2d(3, 3, kernel_size=(1, 1), stride=(1, 1))
        (non_linearity): GELU(approximate='none')
      )
      (3): SynthesisResidualLayer(
        (pad): ReplicationPad2d((0, 0, 0, 0))
        (conv_layer): Conv2d(3, 3, kernel_size=(1, 1), stride=(1, 1))
        (non_linearity): Identity()
      )
    )
    (global_net): Sequential(
      (0): SynthesisLayer(
        (pad): Identity()
        (conv_layer): SWHDC(
          (conv): Conv2d(2, 3, kernel_size=(3, 3), stride=(1, 1))
        )
        (non_linearity): GELU(approximate='none')
      )
      (1): SynthesisResidualLayer(
        (pad): ReplicationPad2d((0, 0, 0, 0))
        (conv_layer): Conv2d(3, 3, kernel_size=(1, 1), stride=(1, 1))
        (non_linearity): GELU(approximate='none')
      )
      (2): SynthesisResidualLayer(
        (pad): ReplicationPad2d((0, 0, 0, 0))
        (conv_layer): Conv2d(3, 3, kernel_size=(1, 1), stride=(1, 1))
        (non_linearity): GELU(approximate='none')
      )
      (3): SynthesisResidualLayer(
        (pad): ReplicationPad2d((0, 0, 0, 0))
        (conv_layer): Conv2d(3, 3, kernel_size=(1, 1), stride=(1, 1))
        (non_linearity): Identity()
      )
    )
    (agg_func): Sequential(
      (0): SynthesisLayer(
        (pad): ReplicationPad2d((0, 0, 0, 0))
        (conv_layer): Conv2d(18, 3, kernel_size=(1, 1), stride=(1, 1))
        (non_linearity): GELU(approximate='none')
      )
      (1): SynthesisLayer(
        (pad): ReplicationPad2d((0, 0, 0, 0))
        (conv_layer): Conv2d(21, 3, kernel_size=(1, 1), stride=(1, 1))
        (non_linearity): GELU(approximate='none')
      )
      (2): SynthesisLayer(
        (pad): ReplicationPad2d((0, 0, 0, 0))
        (conv_layer): Conv2d(24, 3, kernel_size=(1, 1), stride=(1, 1))
        (non_linearity): GELU(approximate='none')
      )
    )
    (full_net): Sequential(
      (0): SynthesisLayer(
        (pad): ReplicationPad2d((0, 0, 0, 0))
        (conv_layer): Conv2d(7, 12, kernel_size=(1, 1), stride=(1, 1))
        (non_linearity): GELU(approximate='none')
      )
      (1): SynthesisLayer(
        (pad): ReplicationPad2d((0, 0, 0, 0))
        (conv_layer): Conv2d(12, 3, kernel_size=(1, 1), stride=(1, 1))
        (non_linearity): GELU(approximate='none')
      )
      (2): SynthesisResidualLayer(
        (conv_layer): Conv2d(3, 3, kernel_size=(3, 3), stride=(1, 1))
        (non_linearity): GELU(approximate='none')
      )
      (3): SynthesisResidualLayer(
        (conv_layer): Conv2d(3, 3, kernel_size=(3, 3), stride=(1, 1))
        (non_linearity): GELU(approximate='none')
      )
    )
  )
  (modulation_sf): ParameterList(
      (0): Parameter containing: [torch.float32 of size 1x1x8x16 (cuda:0)]
      (1): Parameter containing: [torch.float32 of size 1x1x16x32 (cuda:0)]
      (2): Parameter containing: [torch.float32 of size 1x1x32x64 (cuda:0)]
      (3): Parameter containing: [torch.float32 of size 1x1x64x128 (cuda:0)]
      (4): Parameter containing: [torch.float32 of size 1x1x128x256 (cuda:0)]
      (5): Parameter containing: [torch.float32 of size 1x1x256x512 (cuda:0)]
      (6): Parameter containing: [torch.float32 of size 1x1x512x1024 (cuda:0)]
  )
)
train the 14 -th image
start temperature: 0.3 noise parameter: 2.0
end temperature: 0.1 noise parameter: 1.0
********************Start from stage I
********************going into stage II
eval_object_psnr: 51.74221685115106
eval_background_psnr: 45.597433994590695
eval_background_psnr: 45.597433994590695
********************Evaluation the Image 14-th, after Step 999, BEST PSNR: 44.649406, Print rate 3.406178. *************************
Saved model at ./saved/modbase_7/context_16_arm_mod_16/sparity_0.0/inr_mod_16KODAK_ROI_Global_new_struture_7_12_3_33_orderconcat_operator_0_pw_0.0006_img_object14.pth
Trained the image with PSNR: 44.64940593886053  latent bits 3.4061784744262695 latent bits number 1785818.5
[41.93894035306375, 41.93736858212035, 41.871851641850974, 41.65430134371805, 42.12728497801592, 41.74152771033609, 43.217327343461626, 42.57032413408391, 42.6815338731177, 44.26871792891064, 43.137739715485615, 43.812056595528645, 43.89067429351113, 44.54027782461355, 44.64940593886053]
[4.05171537399292, 4.096495151519775, 4.038559436798096, 4.2877349853515625, 4.181634902954102, 4.102080821990967, 3.621591806411743, 3.6305317878723145, 3.6866250038146973, 3.7933566570281982, 3.6887683868408203, 3.8323006629943848, 3.484137535095215, 3.463470697402954, 3.4061784744262695]
[2124265.75, 2147743.25, 2117368.25, 2248008.0, 2192381.0, 2150671.75, 1898757.125, 1903444.25, 1932853.25, 1988811.375, 1933977.0, 2009229.25, 1826691.5, 1815856.125, 1785818.5]
load the model: ./saved/modbase_7/context_16_arm_mod_16/sparity_0.0/inr_mod_16KODAK_ROI_Global_new_struture_7_12_3_33_orderconcat_operator_0_pw_0.0006_img_object14.pth for the  14 -th image
********************Evalutation with quantization
********************Starting quantizing models
eval_object_psnr: 51.75502147326139
full_image_psnr: 44.640092218889784
object_psnr: 51.75502147326139
background_psnr: 45.58070556186632
********************Evaluation the Image 14-th, BEST PSNR: 44.640092, Print rate 3.407583, Network rate 0.024559. *************************
eval_wsssim: 0.996125
Decoded image saved to ./experiments/vcip_combined_loss/decoded_images/othim15_maskerp_wsmse0_swhdc1_erp1_lambda0.0006.png
Evaluate the image: PSNR: 44.640092218889784 All bits: 3.4321422576904297  latent bits: 3.407583236694336  network bits: 0.02455902099609375
Evaluate arm network bits: 0.009700775146484375 Evaluate synthesis network bits: 0.013772964477539062
Image All bits num: 1799431.0 latent bits num: 1786555.0 mlp bits num: 12876.0 border bits num:
arm bits num: 5086.0 synthesis bits num: 7221.0
[41.865224681409984, 41.87538067881054, 41.802628736338214, 41.63464672897096, 42.09694950674752, 41.17454895229773, 43.14836065828575, 42.54624609723988, 42.61043462686574, 44.24535971947813, 43.14009218753569, 43.803859275462564, 43.83156612980104, 44.357563143565926, 44.640092218889784]
[4.077506065368652, 4.120659351348877, 4.064502716064453, 4.313893795013428, 4.208370208740234, 4.128405570983887, 3.646812915802002, 3.65701961517334, 3.710573196411133, 3.818457841873169, 3.71671462059021, 3.8595547676086426, 3.509026050567627, 3.4873242378234863, 3.4321422576904297]
[2137787.5, 2160412.25, 2130970.0, 2261722.75, 2206398.0, 2164473.5, 1911980.25, 1917331.5, 1945409.0, 2001971.625, 1948628.875, 2023518.25, 1839740.25, 1828362.25, 1799431.0]
Metrics saved to ./experiments/vcip_combined_loss/results.csv
Current eval Ave PSNR: 42.851530222779964 Ave Bits 3.850064214070638
Namespace(batch_size=1, lr=0.01, data='../data', sparsity=0.0, local_upsampling_kernel_size=8, upsampling_kernel_size=8, static_upsampling_kernel=False, latent_factor=1, mod_base=7, highest_flag=1, context_arm=16, dim_arm_mod=16, use_candidate=True, type='other', mod_hid_layer=0, sythesis_features=12, hidden_features=64, hidden_layer=2, scale=1, lambda_rate=0.0006, lambda_rate_list=[0.0006, 0.0008], start_index=0, mask_type='erp', wsmse_tag=0, swhdc_tag=1, swhdc_dilations=[1, 2, 3, 4], erp_padding=1, workdir='./experiments/vcip_combined_loss', train_steps_1=5000, train_steps_2=1000, loss_type='combined', lambda_dist=0.0023437500000000003, lambda_percep=1.0, patch_h=512, patch_w=1024, all_pix_num=524288, eval_pix_num=524288)
Directory './saved/modbase_7/context_16_arm_mod_16' already exists.
Directory './saved/modbase_7/context_16_arm_mod_16/sparity_0.0' already exists.
top %: 0.0

🔁 Stage-1 Training Candidate 1/7
Quantizer parameter: encoding gain  16
total pixel: 524288
Get Mod with shape torch.Size([1, 1, 8, 16]) at layer: 1
Get Mod with shape torch.Size([1, 1, 16, 32]) at layer: 2
Get Mod with shape torch.Size([1, 1, 32, 64]) at layer: 3
Get Mod with shape torch.Size([1, 1, 64, 128]) at layer: 4
Get Mod with shape torch.Size([1, 1, 128, 256]) at layer: 5
Get Mod with shape torch.Size([1, 1, 256, 512]) at layer: 6
Get Mod with shape torch.Size([1, 1, 512, 1024]) at layer: 7
start temperature: 0.3 noise parameter: 2.0
end temperature: 0.3 noise parameter: 2.0
********************Start from stage I
Step 400, BEST PSNR: 36.167715, Total loss 0.012589 with its rate 2.6243386268615723 latent_bits 1375909.25

🔁 Stage-1 Training Candidate 2/7
Quantizer parameter: encoding gain  16
total pixel: 524288
Get Mod with shape torch.Size([1, 1, 8, 16]) at layer: 1
Get Mod with shape torch.Size([1, 1, 16, 32]) at layer: 2
Get Mod with shape torch.Size([1, 1, 32, 64]) at layer: 3
Get Mod with shape torch.Size([1, 1, 64, 128]) at layer: 4
Get Mod with shape torch.Size([1, 1, 128, 256]) at layer: 5
Get Mod with shape torch.Size([1, 1, 256, 512]) at layer: 6
Get Mod with shape torch.Size([1, 1, 512, 1024]) at layer: 7
start temperature: 0.3 noise parameter: 2.0
end temperature: 0.3 noise parameter: 2.0
********************Start from stage I
Step 400, BEST PSNR: 35.313368, Total loss 0.013830 with its rate 2.599578380584717 latent_bits 1362927.75

🔁 Stage-1 Training Candidate 3/7
Quantizer parameter: encoding gain  16
total pixel: 524288
Get Mod with shape torch.Size([1, 1, 8, 16]) at layer: 1
Get Mod with shape torch.Size([1, 1, 16, 32]) at layer: 2
Get Mod with shape torch.Size([1, 1, 32, 64]) at layer: 3
Get Mod with shape torch.Size([1, 1, 64, 128]) at layer: 4
Get Mod with shape torch.Size([1, 1, 128, 256]) at layer: 5
Get Mod with shape torch.Size([1, 1, 256, 512]) at layer: 6
Get Mod with shape torch.Size([1, 1, 512, 1024]) at layer: 7
start temperature: 0.3 noise parameter: 2.0
end temperature: 0.3 noise parameter: 2.0
********************Start from stage I
Step 400, BEST PSNR: 34.182857, Total loss 0.013333 with its rate 2.5427074432373047 latent_bits 1333111.0

🔁 Stage-1 Training Candidate 4/7
Quantizer parameter: encoding gain  16
total pixel: 524288
Get Mod with shape torch.Size([1, 1, 8, 16]) at layer: 1
Get Mod with shape torch.Size([1, 1, 16, 32]) at layer: 2
Get Mod with shape torch.Size([1, 1, 32, 64]) at layer: 3
Get Mod with shape torch.Size([1, 1, 64, 128]) at layer: 4
Get Mod with shape torch.Size([1, 1, 128, 256]) at layer: 5
Get Mod with shape torch.Size([1, 1, 256, 512]) at layer: 6
Get Mod with shape torch.Size([1, 1, 512, 1024]) at layer: 7
start temperature: 0.3 noise parameter: 2.0
end temperature: 0.3 noise parameter: 2.0
********************Start from stage I
Step 400, BEST PSNR: 35.474258, Total loss 0.012767 with its rate 2.5729923248291016 latent_bits 1348989.0

🔁 Stage-1 Training Candidate 5/7
Quantizer parameter: encoding gain  16
total pixel: 524288
Get Mod with shape torch.Size([1, 1, 8, 16]) at layer: 1
Get Mod with shape torch.Size([1, 1, 16, 32]) at layer: 2
Get Mod with shape torch.Size([1, 1, 32, 64]) at layer: 3
Get Mod with shape torch.Size([1, 1, 64, 128]) at layer: 4
Get Mod with shape torch.Size([1, 1, 128, 256]) at layer: 5
Get Mod with shape torch.Size([1, 1, 256, 512]) at layer: 6
Get Mod with shape torch.Size([1, 1, 512, 1024]) at layer: 7
start temperature: 0.3 noise parameter: 2.0
end temperature: 0.3 noise parameter: 2.0
********************Start from stage I
Step 400, BEST PSNR: 35.923602, Total loss 0.012772 with its rate 2.6522672176361084 latent_bits 1390551.875

🔁 Stage-1 Training Candidate 6/7
Quantizer parameter: encoding gain  16
total pixel: 524288
Get Mod with shape torch.Size([1, 1, 8, 16]) at layer: 1
Get Mod with shape torch.Size([1, 1, 16, 32]) at layer: 2
Get Mod with shape torch.Size([1, 1, 32, 64]) at layer: 3
Get Mod with shape torch.Size([1, 1, 64, 128]) at layer: 4
Get Mod with shape torch.Size([1, 1, 128, 256]) at layer: 5
Get Mod with shape torch.Size([1, 1, 256, 512]) at layer: 6
Get Mod with shape torch.Size([1, 1, 512, 1024]) at layer: 7
start temperature: 0.3 noise parameter: 2.0
end temperature: 0.3 noise parameter: 2.0
********************Start from stage I
Step 400, BEST PSNR: 35.242186, Total loss 0.012896 with its rate 2.6569271087646484 latent_bits 1392995.0

🔁 Stage-1 Training Candidate 7/7
Quantizer parameter: encoding gain  16
total pixel: 524288
Get Mod with shape torch.Size([1, 1, 8, 16]) at layer: 1
Get Mod with shape torch.Size([1, 1, 16, 32]) at layer: 2
Get Mod with shape torch.Size([1, 1, 32, 64]) at layer: 3
Get Mod with shape torch.Size([1, 1, 64, 128]) at layer: 4
Get Mod with shape torch.Size([1, 1, 128, 256]) at layer: 5
Get Mod with shape torch.Size([1, 1, 256, 512]) at layer: 6
Get Mod with shape torch.Size([1, 1, 512, 1024]) at layer: 7
start temperature: 0.3 noise parameter: 2.0
end temperature: 0.3 noise parameter: 2.0
********************Start from stage I
Step 400, BEST PSNR: 34.522023, Total loss 0.013701 with its rate 2.613520860671997 latent_bits 1370237.625

🌟 Selected Top-3 Candidates by RD cost

🎯 Stage-2 Refining Candidate 1/3
start temperature: 0.3 noise parameter: 2.0
end temperature: 0.3 noise parameter: 2.0
********************Start from stage I
Step 400, BEST PSNR: 39.516023, Total loss 0.008532 with its rate 2.946110486984253 latent_bits 1544610.375

🎯 Stage-2 Refining Candidate 2/3
start temperature: 0.3 noise parameter: 2.0
end temperature: 0.3 noise parameter: 2.0
********************Start from stage I
Step 400, BEST PSNR: 38.158990, Total loss 0.007983 with its rate 2.9248147010803223 latent_bits 1533445.25

🎯 Stage-2 Refining Candidate 3/3
start temperature: 0.3 noise parameter: 2.0
end temperature: 0.3 noise parameter: 2.0
********************Start from stage I
Step 400, BEST PSNR: 39.364572, Total loss 0.008206 with its rate 2.991368055343628 latent_bits 1568338.375

🏆 Best Candidate Final PSNR: 38.16, Rate: 2.9248
Masked_INR(
  (upsampling_2d): Upsampling(
    (conv_transpose2d): UpsamplingConvTranspose2d()
  )
  (arm): Arm(
    (mlp): Sequential(
      (0): ArmConv(
        (conv1_1): Conv1d(16, 16, kernel_size=(1,), stride=(1,))
      )
      (1): GELU(approximate='none')
      (2): ArmConv(
        (conv1_1): Conv1d(16, 16, kernel_size=(1,), stride=(1,))
      )
      (3): GELU(approximate='none')
      (4): ArmConv(
        (conv1_1): Conv1d(16, 2, kernel_size=(1,), stride=(1,))
      )
    )
  )
  (conv_mod): LocalGlobalBlock(
    (net): Sequential(
      (0): SynthesisLayer(
        (pad): Identity()
        (conv_layer): SWHDC(
          (conv): Conv2d(2, 3, kernel_size=(3, 3), stride=(1, 1))
        )
        (non_linearity): GELU(approximate='none')
      )
      (1): SynthesisResidualLayer(
        (pad): ReplicationPad2d((0, 0, 0, 0))
        (conv_layer): Conv2d(3, 3, kernel_size=(1, 1), stride=(1, 1))
        (non_linearity): GELU(approximate='none')
      )
      (2): SynthesisResidualLayer(
        (pad): ReplicationPad2d((0, 0, 0, 0))
        (conv_layer): Conv2d(3, 3, kernel_size=(1, 1), stride=(1, 1))
        (non_linearity): GELU(approximate='none')
      )
      (3): SynthesisResidualLayer(
        (pad): ReplicationPad2d((0, 0, 0, 0))
        (conv_layer): Conv2d(3, 3, kernel_size=(1, 1), stride=(1, 1))
        (non_linearity): Identity()
      )
    )
    (global_net): Sequential(
      (0): SynthesisLayer(
        (pad): Identity()
        (conv_layer): SWHDC(
          (conv): Conv2d(2, 3, kernel_size=(3, 3), stride=(1, 1))
        )
        (non_linearity): GELU(approximate='none')
      )
      (1): SynthesisResidualLayer(
        (pad): ReplicationPad2d((0, 0, 0, 0))
        (conv_layer): Conv2d(3, 3, kernel_size=(1, 1), stride=(1, 1))
        (non_linearity): GELU(approximate='none')
      )
      (2): SynthesisResidualLayer(
        (pad): ReplicationPad2d((0, 0, 0, 0))
        (conv_layer): Conv2d(3, 3, kernel_size=(1, 1), stride=(1, 1))
        (non_linearity): GELU(approximate='none')
      )
      (3): SynthesisResidualLayer(
        (pad): ReplicationPad2d((0, 0, 0, 0))
        (conv_layer): Conv2d(3, 3, kernel_size=(1, 1), stride=(1, 1))
        (non_linearity): Identity()
      )
    )
    (agg_func): Sequential(
      (0): SynthesisLayer(
        (pad): ReplicationPad2d((0, 0, 0, 0))
        (conv_layer): Conv2d(18, 3, kernel_size=(1, 1), stride=(1, 1))
        (non_linearity): GELU(approximate='none')
      )
      (1): SynthesisLayer(
        (pad): ReplicationPad2d((0, 0, 0, 0))
        (conv_layer): Conv2d(21, 3, kernel_size=(1, 1), stride=(1, 1))
        (non_linearity): GELU(approximate='none')
      )
      (2): SynthesisLayer(
        (pad): ReplicationPad2d((0, 0, 0, 0))
        (conv_layer): Conv2d(24, 3, kernel_size=(1, 1), stride=(1, 1))
        (non_linearity): GELU(approximate='none')
      )
    )
    (full_net): Sequential(
      (0): SynthesisLayer(
        (pad): ReplicationPad2d((0, 0, 0, 0))
        (conv_layer): Conv2d(7, 12, kernel_size=(1, 1), stride=(1, 1))
        (non_linearity): GELU(approximate='none')
      )
      (1): SynthesisLayer(
        (pad): ReplicationPad2d((0, 0, 0, 0))
        (conv_layer): Conv2d(12, 3, kernel_size=(1, 1), stride=(1, 1))
        (non_linearity): GELU(approximate='none')
      )
      (2): SynthesisResidualLayer(
        (conv_layer): Conv2d(3, 3, kernel_size=(3, 3), stride=(1, 1))
        (non_linearity): GELU(approximate='none')
      )
      (3): SynthesisResidualLayer(
        (conv_layer): Conv2d(3, 3, kernel_size=(3, 3), stride=(1, 1))
        (non_linearity): GELU(approximate='none')
      )
    )
  )
  (modulation_sf): ParameterList(
      (0): Parameter containing: [torch.float32 of size 1x1x8x16 (cuda:0)]
      (1): Parameter containing: [torch.float32 of size 1x1x16x32 (cuda:0)]
      (2): Parameter containing: [torch.float32 of size 1x1x32x64 (cuda:0)]
      (3): Parameter containing: [torch.float32 of size 1x1x64x128 (cuda:0)]
      (4): Parameter containing: [torch.float32 of size 1x1x128x256 (cuda:0)]
      (5): Parameter containing: [torch.float32 of size 1x1x256x512 (cuda:0)]
      (6): Parameter containing: [torch.float32 of size 1x1x512x1024 (cuda:0)]
  )
)
train the 15 -th image
start temperature: 0.3 noise parameter: 2.0
end temperature: 0.1 noise parameter: 1.0
********************Start from stage I
********************going into stage II
eval_object_psnr: 51.69836609868039
eval_background_psnr: 44.9504655186763
eval_background_psnr: 44.9504655186763
********************Evaluation the Image 15-th, after Step 999, BEST PSNR: 44.095934, Print rate 3.293773. *************************
Saved model at ./saved/modbase_7/context_16_arm_mod_16/sparity_0.0/inr_mod_16KODAK_ROI_Global_new_struture_7_12_3_33_orderconcat_operator_0_pw_0.0006_img_object15.pth
Trained the image with PSNR: 44.095934117443925  latent bits 3.2937731742858887 latent bits number 1726885.75
[41.93894035306375, 41.93736858212035, 41.871851641850974, 41.65430134371805, 42.12728497801592, 41.74152771033609, 43.217327343461626, 42.57032413408391, 42.6815338731177, 44.26871792891064, 43.137739715485615, 43.812056595528645, 43.89067429351113, 44.54027782461355, 44.64940593886053, 44.095934117443925]
[4.05171537399292, 4.096495151519775, 4.038559436798096, 4.2877349853515625, 4.181634902954102, 4.102080821990967, 3.621591806411743, 3.6305317878723145, 3.6866250038146973, 3.7933566570281982, 3.6887683868408203, 3.8323006629943848, 3.484137535095215, 3.463470697402954, 3.4061784744262695, 3.2937731742858887]
[2124265.75, 2147743.25, 2117368.25, 2248008.0, 2192381.0, 2150671.75, 1898757.125, 1903444.25, 1932853.25, 1988811.375, 1933977.0, 2009229.25, 1826691.5, 1815856.125, 1785818.5, 1726885.75]
load the model: ./saved/modbase_7/context_16_arm_mod_16/sparity_0.0/inr_mod_16KODAK_ROI_Global_new_struture_7_12_3_33_orderconcat_operator_0_pw_0.0006_img_object15.pth for the  15 -th image
********************Evalutation with quantization
********************Starting quantizing models
eval_object_psnr: 51.66021046337554
full_image_psnr: 43.99056639157555
object_psnr: 51.66021046337554
background_psnr: 44.82391294710635
********************Evaluation the Image 15-th, BEST PSNR: 43.990566, Print rate 3.295815, Network rate 0.023949. *************************
eval_wsssim: 0.996525
Decoded image saved to ./experiments/vcip_combined_loss/decoded_images/othim16_maskerp_wsmse0_swhdc1_erp1_lambda0.0006.png
Evaluate the image: PSNR: 43.99056639157555 All bits: 3.319763660430908  latent bits: 3.2958149909973145  network bits: 0.02394866943359375
Evaluate arm network bits: 0.009487152099609375 Evaluate synthesis network bits: 0.013397216796875
Image All bits num: 1740512.25 latent bits num: 1727956.25 mlp bits num: 12556.0 border bits num:
arm bits num: 4974.0 synthesis bits num: 7024.0
[41.865224681409984, 41.87538067881054, 41.802628736338214, 41.63464672897096, 42.09694950674752, 41.17454895229773, 43.14836065828575, 42.54624609723988, 42.61043462686574, 44.24535971947813, 43.14009218753569, 43.803859275462564, 43.83156612980104, 44.357563143565926, 44.640092218889784, 43.99056639157555]
[4.077506065368652, 4.120659351348877, 4.064502716064453, 4.313893795013428, 4.208370208740234, 4.128405570983887, 3.646812915802002, 3.65701961517334, 3.710573196411133, 3.818457841873169, 3.71671462059021, 3.8595547676086426, 3.509026050567627, 3.4873242378234863, 3.4321422576904297, 3.319763660430908]
[2137787.5, 2160412.25, 2130970.0, 2261722.75, 2206398.0, 2164473.5, 1911980.25, 1917331.5, 1945409.0, 2001971.625, 1948628.875, 2023518.25, 1839740.25, 1828362.25, 1799431.0, 1740512.25]
Metrics saved to ./experiments/vcip_combined_loss/results.csv
Current eval Ave PSNR: 42.922719983329685 Ave Bits 3.816920429468155
Namespace(batch_size=1, lr=0.01, data='../data', sparsity=0.0, local_upsampling_kernel_size=8, upsampling_kernel_size=8, static_upsampling_kernel=False, latent_factor=1, mod_base=7, highest_flag=1, context_arm=16, dim_arm_mod=16, use_candidate=True, type='other', mod_hid_layer=0, sythesis_features=12, hidden_features=64, hidden_layer=2, scale=1, lambda_rate=0.0006, lambda_rate_list=[0.0006, 0.0008], start_index=0, mask_type='erp', wsmse_tag=0, swhdc_tag=1, swhdc_dilations=[1, 2, 3, 4], erp_padding=1, workdir='./experiments/vcip_combined_loss', train_steps_1=5000, train_steps_2=1000, loss_type='combined', lambda_dist=0.0023437500000000003, lambda_percep=1.0, patch_h=512, patch_w=1024, all_pix_num=524288, eval_pix_num=524288)
Directory './saved/modbase_7/context_16_arm_mod_16' already exists.
Directory './saved/modbase_7/context_16_arm_mod_16/sparity_0.0' already exists.
top %: 0.0

🔁 Stage-1 Training Candidate 1/7
Quantizer parameter: encoding gain  16
total pixel: 524288
Get Mod with shape torch.Size([1, 1, 8, 16]) at layer: 1
Get Mod with shape torch.Size([1, 1, 16, 32]) at layer: 2
Get Mod with shape torch.Size([1, 1, 32, 64]) at layer: 3
Get Mod with shape torch.Size([1, 1, 64, 128]) at layer: 4
Get Mod with shape torch.Size([1, 1, 128, 256]) at layer: 5
Get Mod with shape torch.Size([1, 1, 256, 512]) at layer: 6
Get Mod with shape torch.Size([1, 1, 512, 1024]) at layer: 7
start temperature: 0.3 noise parameter: 2.0
end temperature: 0.3 noise parameter: 2.0
********************Start from stage I
Step 400, BEST PSNR: 35.685952, Total loss 0.013251 with its rate 2.6469688415527344 latent_bits 1387774.0

🔁 Stage-1 Training Candidate 2/7
Quantizer parameter: encoding gain  16
total pixel: 524288
Get Mod with shape torch.Size([1, 1, 8, 16]) at layer: 1
Get Mod with shape torch.Size([1, 1, 16, 32]) at layer: 2
Get Mod with shape torch.Size([1, 1, 32, 64]) at layer: 3
Get Mod with shape torch.Size([1, 1, 64, 128]) at layer: 4
Get Mod with shape torch.Size([1, 1, 128, 256]) at layer: 5
Get Mod with shape torch.Size([1, 1, 256, 512]) at layer: 6
Get Mod with shape torch.Size([1, 1, 512, 1024]) at layer: 7
start temperature: 0.3 noise parameter: 2.0
end temperature: 0.3 noise parameter: 2.0
********************Start from stage I
Step 400, BEST PSNR: 34.879495, Total loss 0.014261 with its rate 2.6018455028533936 latent_bits 1364116.375

🔁 Stage-1 Training Candidate 3/7
Quantizer parameter: encoding gain  16
total pixel: 524288
Get Mod with shape torch.Size([1, 1, 8, 16]) at layer: 1
Get Mod with shape torch.Size([1, 1, 16, 32]) at layer: 2
Get Mod with shape torch.Size([1, 1, 32, 64]) at layer: 3
Get Mod with shape torch.Size([1, 1, 64, 128]) at layer: 4
Get Mod with shape torch.Size([1, 1, 128, 256]) at layer: 5
Get Mod with shape torch.Size([1, 1, 256, 512]) at layer: 6
Get Mod with shape torch.Size([1, 1, 512, 1024]) at layer: 7
start temperature: 0.3 noise parameter: 2.0
end temperature: 0.3 noise parameter: 2.0
********************Start from stage I
Step 400, BEST PSNR: 35.542305, Total loss 0.013218 with its rate 2.5235021114349365 latent_bits 1323041.875

🔁 Stage-1 Training Candidate 4/7
Quantizer parameter: encoding gain  16
total pixel: 524288
Get Mod with shape torch.Size([1, 1, 8, 16]) at layer: 1
Get Mod with shape torch.Size([1, 1, 16, 32]) at layer: 2
Get Mod with shape torch.Size([1, 1, 32, 64]) at layer: 3
Get Mod with shape torch.Size([1, 1, 64, 128]) at layer: 4
Get Mod with shape torch.Size([1, 1, 128, 256]) at layer: 5
Get Mod with shape torch.Size([1, 1, 256, 512]) at layer: 6
Get Mod with shape torch.Size([1, 1, 512, 1024]) at layer: 7
start temperature: 0.3 noise parameter: 2.0
end temperature: 0.3 noise parameter: 2.0
********************Start from stage I
Step 400, BEST PSNR: 36.132260, Total loss 0.013350 with its rate 2.6723883152008057 latent_bits 1401101.125

🔁 Stage-1 Training Candidate 5/7
Quantizer parameter: encoding gain  16
total pixel: 524288
Get Mod with shape torch.Size([1, 1, 8, 16]) at layer: 1
Get Mod with shape torch.Size([1, 1, 16, 32]) at layer: 2
Get Mod with shape torch.Size([1, 1, 32, 64]) at layer: 3
Get Mod with shape torch.Size([1, 1, 64, 128]) at layer: 4
Get Mod with shape torch.Size([1, 1, 128, 256]) at layer: 5
Get Mod with shape torch.Size([1, 1, 256, 512]) at layer: 6
Get Mod with shape torch.Size([1, 1, 512, 1024]) at layer: 7
start temperature: 0.3 noise parameter: 2.0
end temperature: 0.3 noise parameter: 2.0
********************Start from stage I
Step 400, BEST PSNR: 33.598345, Total loss 0.013579 with its rate 2.7068190574645996 latent_bits 1419152.75

🔁 Stage-1 Training Candidate 6/7
Quantizer parameter: encoding gain  16
total pixel: 524288
Get Mod with shape torch.Size([1, 1, 8, 16]) at layer: 1
Get Mod with shape torch.Size([1, 1, 16, 32]) at layer: 2
Get Mod with shape torch.Size([1, 1, 32, 64]) at layer: 3
Get Mod with shape torch.Size([1, 1, 64, 128]) at layer: 4
Get Mod with shape torch.Size([1, 1, 128, 256]) at layer: 5
Get Mod with shape torch.Size([1, 1, 256, 512]) at layer: 6
Get Mod with shape torch.Size([1, 1, 512, 1024]) at layer: 7
start temperature: 0.3 noise parameter: 2.0
end temperature: 0.3 noise parameter: 2.0
********************Start from stage I
Step 400, BEST PSNR: 36.418476, Total loss 0.011796 with its rate 2.5320348739624023 latent_bits 1327515.5

🔁 Stage-1 Training Candidate 7/7
Quantizer parameter: encoding gain  16
total pixel: 524288
Get Mod with shape torch.Size([1, 1, 8, 16]) at layer: 1
Get Mod with shape torch.Size([1, 1, 16, 32]) at layer: 2
Get Mod with shape torch.Size([1, 1, 32, 64]) at layer: 3
Get Mod with shape torch.Size([1, 1, 64, 128]) at layer: 4
Get Mod with shape torch.Size([1, 1, 128, 256]) at layer: 5
Get Mod with shape torch.Size([1, 1, 256, 512]) at layer: 6
Get Mod with shape torch.Size([1, 1, 512, 1024]) at layer: 7
start temperature: 0.3 noise parameter: 2.0
end temperature: 0.3 noise parameter: 2.0
********************Start from stage I
Step 400, BEST PSNR: 35.727176, Total loss 0.012446 with its rate 2.5643820762634277 latent_bits 1344474.75

🌟 Selected Top-3 Candidates by RD cost

🎯 Stage-2 Refining Candidate 1/3
start temperature: 0.3 noise parameter: 2.0
end temperature: 0.3 noise parameter: 2.0
********************Start from stage I
Step 400, BEST PSNR: 39.079933, Total loss 0.007731 with its rate 2.94423246383667 latent_bits 1543625.75

🎯 Stage-2 Refining Candidate 2/3
start temperature: 0.3 noise parameter: 2.0
end temperature: 0.3 noise parameter: 2.0
********************Start from stage I
Step 400, BEST PSNR: 38.675323, Total loss 0.008003 with its rate 2.950016498565674 latent_bits 1546658.25

🎯 Stage-2 Refining Candidate 3/3
start temperature: 0.3 noise parameter: 2.0
end temperature: 0.3 noise parameter: 2.0
********************Start from stage I
Step 400, BEST PSNR: 38.862416, Total loss 0.009043 with its rate 2.9951086044311523 latent_bits 1570299.5

🏆 Best Candidate Final PSNR: 39.08, Rate: 2.9442
Masked_INR(
  (upsampling_2d): Upsampling(
    (conv_transpose2d): UpsamplingConvTranspose2d()
  )
  (arm): Arm(
    (mlp): Sequential(
      (0): ArmConv(
        (conv1_1): Conv1d(16, 16, kernel_size=(1,), stride=(1,))
      )
      (1): GELU(approximate='none')
      (2): ArmConv(
        (conv1_1): Conv1d(16, 16, kernel_size=(1,), stride=(1,))
      )
      (3): GELU(approximate='none')
      (4): ArmConv(
        (conv1_1): Conv1d(16, 2, kernel_size=(1,), stride=(1,))
      )
    )
  )
  (conv_mod): LocalGlobalBlock(
    (net): Sequential(
      (0): SynthesisLayer(
        (pad): Identity()
        (conv_layer): SWHDC(
          (conv): Conv2d(2, 3, kernel_size=(3, 3), stride=(1, 1))
        )
        (non_linearity): GELU(approximate='none')
      )
      (1): SynthesisResidualLayer(
        (pad): ReplicationPad2d((0, 0, 0, 0))
        (conv_layer): Conv2d(3, 3, kernel_size=(1, 1), stride=(1, 1))
        (non_linearity): GELU(approximate='none')
      )
      (2): SynthesisResidualLayer(
        (pad): ReplicationPad2d((0, 0, 0, 0))
        (conv_layer): Conv2d(3, 3, kernel_size=(1, 1), stride=(1, 1))
        (non_linearity): GELU(approximate='none')
      )
      (3): SynthesisResidualLayer(
        (pad): ReplicationPad2d((0, 0, 0, 0))
        (conv_layer): Conv2d(3, 3, kernel_size=(1, 1), stride=(1, 1))
        (non_linearity): Identity()
      )
    )
    (global_net): Sequential(
      (0): SynthesisLayer(
        (pad): Identity()
        (conv_layer): SWHDC(
          (conv): Conv2d(2, 3, kernel_size=(3, 3), stride=(1, 1))
        )
        (non_linearity): GELU(approximate='none')
      )
      (1): SynthesisResidualLayer(
        (pad): ReplicationPad2d((0, 0, 0, 0))
        (conv_layer): Conv2d(3, 3, kernel_size=(1, 1), stride=(1, 1))
        (non_linearity): GELU(approximate='none')
      )
      (2): SynthesisResidualLayer(
        (pad): ReplicationPad2d((0, 0, 0, 0))
        (conv_layer): Conv2d(3, 3, kernel_size=(1, 1), stride=(1, 1))
        (non_linearity): GELU(approximate='none')
      )
      (3): SynthesisResidualLayer(
        (pad): ReplicationPad2d((0, 0, 0, 0))
        (conv_layer): Conv2d(3, 3, kernel_size=(1, 1), stride=(1, 1))
        (non_linearity): Identity()
      )
    )
    (agg_func): Sequential(
      (0): SynthesisLayer(
        (pad): ReplicationPad2d((0, 0, 0, 0))
        (conv_layer): Conv2d(18, 3, kernel_size=(1, 1), stride=(1, 1))
        (non_linearity): GELU(approximate='none')
      )
      (1): SynthesisLayer(
        (pad): ReplicationPad2d((0, 0, 0, 0))
        (conv_layer): Conv2d(21, 3, kernel_size=(1, 1), stride=(1, 1))
        (non_linearity): GELU(approximate='none')
      )
      (2): SynthesisLayer(
        (pad): ReplicationPad2d((0, 0, 0, 0))
        (conv_layer): Conv2d(24, 3, kernel_size=(1, 1), stride=(1, 1))
        (non_linearity): GELU(approximate='none')
      )
    )
    (full_net): Sequential(
      (0): SynthesisLayer(
        (pad): ReplicationPad2d((0, 0, 0, 0))
        (conv_layer): Conv2d(7, 12, kernel_size=(1, 1), stride=(1, 1))
        (non_linearity): GELU(approximate='none')
      )
      (1): SynthesisLayer(
        (pad): ReplicationPad2d((0, 0, 0, 0))
        (conv_layer): Conv2d(12, 3, kernel_size=(1, 1), stride=(1, 1))
        (non_linearity): GELU(approximate='none')
      )
      (2): SynthesisResidualLayer(
        (conv_layer): Conv2d(3, 3, kernel_size=(3, 3), stride=(1, 1))
        (non_linearity): GELU(approximate='none')
      )
      (3): SynthesisResidualLayer(
        (conv_layer): Conv2d(3, 3, kernel_size=(3, 3), stride=(1, 1))
        (non_linearity): GELU(approximate='none')
      )
    )
  )
  (modulation_sf): ParameterList(
      (0): Parameter containing: [torch.float32 of size 1x1x8x16 (cuda:0)]
      (1): Parameter containing: [torch.float32 of size 1x1x16x32 (cuda:0)]
      (2): Parameter containing: [torch.float32 of size 1x1x32x64 (cuda:0)]
      (3): Parameter containing: [torch.float32 of size 1x1x64x128 (cuda:0)]
      (4): Parameter containing: [torch.float32 of size 1x1x128x256 (cuda:0)]
      (5): Parameter containing: [torch.float32 of size 1x1x256x512 (cuda:0)]
      (6): Parameter containing: [torch.float32 of size 1x1x512x1024 (cuda:0)]
  )
)
train the 16 -th image
start temperature: 0.3 noise parameter: 2.0
end temperature: 0.1 noise parameter: 1.0
********************Start from stage I
********************going into stage II
eval_object_psnr: 50.21805320587339
eval_background_psnr: 45.33473272057893
eval_background_psnr: 45.33473272057893
********************Evaluation the Image 16-th, after Step 999, BEST PSNR: 44.071659, Print rate 3.293768. *************************
Saved model at ./saved/modbase_7/context_16_arm_mod_16/sparity_0.0/inr_mod_16KODAK_ROI_Global_new_struture_7_12_3_33_orderconcat_operator_0_pw_0.0006_img_object16.pth
Trained the image with PSNR: 44.071659417786286  latent bits 3.2937684059143066 latent bits number 1726883.25
[41.93894035306375, 41.93736858212035, 41.871851641850974, 41.65430134371805, 42.12728497801592, 41.74152771033609, 43.217327343461626, 42.57032413408391, 42.6815338731177, 44.26871792891064, 43.137739715485615, 43.812056595528645, 43.89067429351113, 44.54027782461355, 44.64940593886053, 44.095934117443925, 44.071659417786286]
[4.05171537399292, 4.096495151519775, 4.038559436798096, 4.2877349853515625, 4.181634902954102, 4.102080821990967, 3.621591806411743, 3.6305317878723145, 3.6866250038146973, 3.7933566570281982, 3.6887683868408203, 3.8323006629943848, 3.484137535095215, 3.463470697402954, 3.4061784744262695, 3.2937731742858887, 3.2937684059143066]
[2124265.75, 2147743.25, 2117368.25, 2248008.0, 2192381.0, 2150671.75, 1898757.125, 1903444.25, 1932853.25, 1988811.375, 1933977.0, 2009229.25, 1826691.5, 1815856.125, 1785818.5, 1726885.75, 1726883.25]
load the model: ./saved/modbase_7/context_16_arm_mod_16/sparity_0.0/inr_mod_16KODAK_ROI_Global_new_struture_7_12_3_33_orderconcat_operator_0_pw_0.0006_img_object16.pth for the  16 -th image
********************Evalutation with quantization
********************Starting quantizing models
eval_object_psnr: 50.221305703036364
full_image_psnr: 44.048073680042116
object_psnr: 50.221305703036364
background_psnr: 45.292720368460685
********************Evaluation the Image 16-th, BEST PSNR: 44.048074, Print rate 3.294713, Network rate 0.024061. *************************
eval_wsssim: 0.996519
Decoded image saved to ./experiments/vcip_combined_loss/decoded_images/othim17_maskerp_wsmse0_swhdc1_erp1_lambda0.0006.png
Evaluate the image: PSNR: 44.048073680042116 All bits: 3.3187742233276367  latent bits: 3.294713020324707  network bits: 0.024061203002929688
Evaluate arm network bits: 0.00952911376953125 Evaluate synthesis network bits: 0.013458251953125
Image All bits num: 1739993.5 latent bits num: 1727378.5 mlp bits num: 12615.0 border bits num:
arm bits num: 4996.0 synthesis bits num: 7056.0
[41.865224681409984, 41.87538067881054, 41.802628736338214, 41.63464672897096, 42.09694950674752, 41.17454895229773, 43.14836065828575, 42.54624609723988, 42.61043462686574, 44.24535971947813, 43.14009218753569, 43.803859275462564, 43.83156612980104, 44.357563143565926, 44.640092218889784, 43.99056639157555, 44.048073680042116]
[4.077506065368652, 4.120659351348877, 4.064502716064453, 4.313893795013428, 4.208370208740234, 4.128405570983887, 3.646812915802002, 3.65701961517334, 3.710573196411133, 3.818457841873169, 3.71671462059021, 3.8595547676086426, 3.509026050567627, 3.4873242378234863, 3.4321422576904297, 3.319763660430908, 3.3187742233276367]
[2137787.5, 2160412.25, 2130970.0, 2261722.75, 2206398.0, 2164473.5, 1911980.25, 1917331.5, 1945409.0, 2001971.625, 1948628.875, 2023518.25, 1839740.25, 1828362.25, 1799431.0, 1740512.25, 1739993.5]
Metrics saved to ./experiments/vcip_combined_loss/results.csv
Current eval Ave PSNR: 42.988917259606886 Ave Bits 3.7876177114598892
Namespace(batch_size=1, lr=0.01, data='../data', sparsity=0.0, local_upsampling_kernel_size=8, upsampling_kernel_size=8, static_upsampling_kernel=False, latent_factor=1, mod_base=7, highest_flag=1, context_arm=16, dim_arm_mod=16, use_candidate=True, type='other', mod_hid_layer=0, sythesis_features=12, hidden_features=64, hidden_layer=2, scale=1, lambda_rate=0.0006, lambda_rate_list=[0.0006, 0.0008], start_index=0, mask_type='erp', wsmse_tag=0, swhdc_tag=1, swhdc_dilations=[1, 2, 3, 4], erp_padding=1, workdir='./experiments/vcip_combined_loss', train_steps_1=5000, train_steps_2=1000, loss_type='combined', lambda_dist=0.0023437500000000003, lambda_percep=1.0, patch_h=512, patch_w=1024, all_pix_num=524288, eval_pix_num=524288)
Directory './saved/modbase_7/context_16_arm_mod_16' already exists.
Directory './saved/modbase_7/context_16_arm_mod_16/sparity_0.0' already exists.
top %: 0.0

🔁 Stage-1 Training Candidate 1/7
Quantizer parameter: encoding gain  16
total pixel: 524288
Get Mod with shape torch.Size([1, 1, 8, 16]) at layer: 1
Get Mod with shape torch.Size([1, 1, 16, 32]) at layer: 2
Get Mod with shape torch.Size([1, 1, 32, 64]) at layer: 3
Get Mod with shape torch.Size([1, 1, 64, 128]) at layer: 4
Get Mod with shape torch.Size([1, 1, 128, 256]) at layer: 5
Get Mod with shape torch.Size([1, 1, 256, 512]) at layer: 6
Get Mod with shape torch.Size([1, 1, 512, 1024]) at layer: 7
start temperature: 0.3 noise parameter: 2.0
end temperature: 0.3 noise parameter: 2.0
********************Start from stage I
Step 400, BEST PSNR: 36.287340, Total loss 0.012396 with its rate 2.607093334197998 latent_bits 1366867.75

🔁 Stage-1 Training Candidate 2/7
Quantizer parameter: encoding gain  16
total pixel: 524288
Get Mod with shape torch.Size([1, 1, 8, 16]) at layer: 1
Get Mod with shape torch.Size([1, 1, 16, 32]) at layer: 2
Get Mod with shape torch.Size([1, 1, 32, 64]) at layer: 3
Get Mod with shape torch.Size([1, 1, 64, 128]) at layer: 4
Get Mod with shape torch.Size([1, 1, 128, 256]) at layer: 5
Get Mod with shape torch.Size([1, 1, 256, 512]) at layer: 6
Get Mod with shape torch.Size([1, 1, 512, 1024]) at layer: 7
start temperature: 0.3 noise parameter: 2.0
end temperature: 0.3 noise parameter: 2.0
********************Start from stage I
Step 400, BEST PSNR: 36.103155, Total loss 0.013299 with its rate 2.5950045585632324 latent_bits 1360529.75

🔁 Stage-1 Training Candidate 3/7
Quantizer parameter: encoding gain  16
total pixel: 524288
Get Mod with shape torch.Size([1, 1, 8, 16]) at layer: 1
Get Mod with shape torch.Size([1, 1, 16, 32]) at layer: 2
Get Mod with shape torch.Size([1, 1, 32, 64]) at layer: 3
Get Mod with shape torch.Size([1, 1, 64, 128]) at layer: 4
Get Mod with shape torch.Size([1, 1, 128, 256]) at layer: 5
Get Mod with shape torch.Size([1, 1, 256, 512]) at layer: 6
Get Mod with shape torch.Size([1, 1, 512, 1024]) at layer: 7
start temperature: 0.3 noise parameter: 2.0
end temperature: 0.3 noise parameter: 2.0
********************Start from stage I
Step 400, BEST PSNR: 36.115045, Total loss 0.013236 with its rate 2.4661073684692383 latent_bits 1292950.5

🔁 Stage-1 Training Candidate 4/7
Quantizer parameter: encoding gain  16
total pixel: 524288
Get Mod with shape torch.Size([1, 1, 8, 16]) at layer: 1
Get Mod with shape torch.Size([1, 1, 16, 32]) at layer: 2
Get Mod with shape torch.Size([1, 1, 32, 64]) at layer: 3
Get Mod with shape torch.Size([1, 1, 64, 128]) at layer: 4
Get Mod with shape torch.Size([1, 1, 128, 256]) at layer: 5
Get Mod with shape torch.Size([1, 1, 256, 512]) at layer: 6
Get Mod with shape torch.Size([1, 1, 512, 1024]) at layer: 7
start temperature: 0.3 noise parameter: 2.0
end temperature: 0.3 noise parameter: 2.0
********************Start from stage I
Step 400, BEST PSNR: 32.566037, Total loss 0.012585 with its rate 2.763841152191162 latent_bits 1449048.75

🔁 Stage-1 Training Candidate 5/7
Quantizer parameter: encoding gain  16
total pixel: 524288
Get Mod with shape torch.Size([1, 1, 8, 16]) at layer: 1
Get Mod with shape torch.Size([1, 1, 16, 32]) at layer: 2
Get Mod with shape torch.Size([1, 1, 32, 64]) at layer: 3
Get Mod with shape torch.Size([1, 1, 64, 128]) at layer: 4
Get Mod with shape torch.Size([1, 1, 128, 256]) at layer: 5
Get Mod with shape torch.Size([1, 1, 256, 512]) at layer: 6
Get Mod with shape torch.Size([1, 1, 512, 1024]) at layer: 7
start temperature: 0.3 noise parameter: 2.0
end temperature: 0.3 noise parameter: 2.0
********************Start from stage I
Step 400, BEST PSNR: 36.144674, Total loss 0.012774 with its rate 2.674755096435547 latent_bits 1402342.0

🔁 Stage-1 Training Candidate 6/7
Quantizer parameter: encoding gain  16
total pixel: 524288
Get Mod with shape torch.Size([1, 1, 8, 16]) at layer: 1
Get Mod with shape torch.Size([1, 1, 16, 32]) at layer: 2
Get Mod with shape torch.Size([1, 1, 32, 64]) at layer: 3
Get Mod with shape torch.Size([1, 1, 64, 128]) at layer: 4
Get Mod with shape torch.Size([1, 1, 128, 256]) at layer: 5
Get Mod with shape torch.Size([1, 1, 256, 512]) at layer: 6
Get Mod with shape torch.Size([1, 1, 512, 1024]) at layer: 7
start temperature: 0.3 noise parameter: 2.0
end temperature: 0.3 noise parameter: 2.0
********************Start from stage I
Step 400, BEST PSNR: 33.591318, Total loss 0.014169 with its rate 2.657947063446045 latent_bits 1393529.75

🔁 Stage-1 Training Candidate 7/7
Quantizer parameter: encoding gain  16
total pixel: 524288
Get Mod with shape torch.Size([1, 1, 8, 16]) at layer: 1
Get Mod with shape torch.Size([1, 1, 16, 32]) at layer: 2
Get Mod with shape torch.Size([1, 1, 32, 64]) at layer: 3
Get Mod with shape torch.Size([1, 1, 64, 128]) at layer: 4
Get Mod with shape torch.Size([1, 1, 128, 256]) at layer: 5
Get Mod with shape torch.Size([1, 1, 256, 512]) at layer: 6
Get Mod with shape torch.Size([1, 1, 512, 1024]) at layer: 7
start temperature: 0.3 noise parameter: 2.0
end temperature: 0.3 noise parameter: 2.0
********************Start from stage I
Step 400, BEST PSNR: 36.795614, Total loss 0.011957 with its rate 2.7412726879119873 latent_bits 1437216.375

🌟 Selected Top-3 Candidates by RD cost

🎯 Stage-2 Refining Candidate 1/3
start temperature: 0.3 noise parameter: 2.0
end temperature: 0.3 noise parameter: 2.0
********************Start from stage I
Step 400, BEST PSNR: 38.051244, Total loss 0.009444 with its rate 3.068267345428467 latent_bits 1608655.75

🎯 Stage-2 Refining Candidate 2/3
start temperature: 0.3 noise parameter: 2.0
end temperature: 0.3 noise parameter: 2.0
********************Start from stage I
Step 400, BEST PSNR: 39.030447, Total loss 0.008365 with its rate 2.9628047943115234 latent_bits 1553363.0

🎯 Stage-2 Refining Candidate 3/3
start temperature: 0.3 noise parameter: 2.0
end temperature: 0.3 noise parameter: 2.0
********************Start from stage I
Step 400, BEST PSNR: 39.977482, Total loss 0.007147 with its rate 2.9610939025878906 latent_bits 1552466.0

🏆 Best Candidate Final PSNR: 39.98, Rate: 2.9611
Masked_INR(
  (upsampling_2d): Upsampling(
    (conv_transpose2d): UpsamplingConvTranspose2d()
  )
  (arm): Arm(
    (mlp): Sequential(
      (0): ArmConv(
        (conv1_1): Conv1d(16, 16, kernel_size=(1,), stride=(1,))
      )
      (1): GELU(approximate='none')
      (2): ArmConv(
        (conv1_1): Conv1d(16, 16, kernel_size=(1,), stride=(1,))
      )
      (3): GELU(approximate='none')
      (4): ArmConv(
        (conv1_1): Conv1d(16, 2, kernel_size=(1,), stride=(1,))
      )
    )
  )
  (conv_mod): LocalGlobalBlock(
    (net): Sequential(
      (0): SynthesisLayer(
        (pad): Identity()
        (conv_layer): SWHDC(
          (conv): Conv2d(2, 3, kernel_size=(3, 3), stride=(1, 1))
        )
        (non_linearity): GELU(approximate='none')
      )
      (1): SynthesisResidualLayer(
        (pad): ReplicationPad2d((0, 0, 0, 0))
        (conv_layer): Conv2d(3, 3, kernel_size=(1, 1), stride=(1, 1))
        (non_linearity): GELU(approximate='none')
      )
      (2): SynthesisResidualLayer(
        (pad): ReplicationPad2d((0, 0, 0, 0))
        (conv_layer): Conv2d(3, 3, kernel_size=(1, 1), stride=(1, 1))
        (non_linearity): GELU(approximate='none')
      )
      (3): SynthesisResidualLayer(
        (pad): ReplicationPad2d((0, 0, 0, 0))
        (conv_layer): Conv2d(3, 3, kernel_size=(1, 1), stride=(1, 1))
        (non_linearity): Identity()
      )
    )
    (global_net): Sequential(
      (0): SynthesisLayer(
        (pad): Identity()
        (conv_layer): SWHDC(
          (conv): Conv2d(2, 3, kernel_size=(3, 3), stride=(1, 1))
        )
        (non_linearity): GELU(approximate='none')
      )
      (1): SynthesisResidualLayer(
        (pad): ReplicationPad2d((0, 0, 0, 0))
        (conv_layer): Conv2d(3, 3, kernel_size=(1, 1), stride=(1, 1))
        (non_linearity): GELU(approximate='none')
      )
      (2): SynthesisResidualLayer(
        (pad): ReplicationPad2d((0, 0, 0, 0))
        (conv_layer): Conv2d(3, 3, kernel_size=(1, 1), stride=(1, 1))
        (non_linearity): GELU(approximate='none')
      )
      (3): SynthesisResidualLayer(
        (pad): ReplicationPad2d((0, 0, 0, 0))
        (conv_layer): Conv2d(3, 3, kernel_size=(1, 1), stride=(1, 1))
        (non_linearity): Identity()
      )
    )
    (agg_func): Sequential(
      (0): SynthesisLayer(
        (pad): ReplicationPad2d((0, 0, 0, 0))
        (conv_layer): Conv2d(18, 3, kernel_size=(1, 1), stride=(1, 1))
        (non_linearity): GELU(approximate='none')
      )
      (1): SynthesisLayer(
        (pad): ReplicationPad2d((0, 0, 0, 0))
        (conv_layer): Conv2d(21, 3, kernel_size=(1, 1), stride=(1, 1))
        (non_linearity): GELU(approximate='none')
      )
      (2): SynthesisLayer(
        (pad): ReplicationPad2d((0, 0, 0, 0))
        (conv_layer): Conv2d(24, 3, kernel_size=(1, 1), stride=(1, 1))
        (non_linearity): GELU(approximate='none')
      )
    )
    (full_net): Sequential(
      (0): SynthesisLayer(
        (pad): ReplicationPad2d((0, 0, 0, 0))
        (conv_layer): Conv2d(7, 12, kernel_size=(1, 1), stride=(1, 1))
        (non_linearity): GELU(approximate='none')
      )
      (1): SynthesisLayer(
        (pad): ReplicationPad2d((0, 0, 0, 0))
        (conv_layer): Conv2d(12, 3, kernel_size=(1, 1), stride=(1, 1))
        (non_linearity): GELU(approximate='none')
      )
      (2): SynthesisResidualLayer(
        (conv_layer): Conv2d(3, 3, kernel_size=(3, 3), stride=(1, 1))
        (non_linearity): GELU(approximate='none')
      )
      (3): SynthesisResidualLayer(
        (conv_layer): Conv2d(3, 3, kernel_size=(3, 3), stride=(1, 1))
        (non_linearity): GELU(approximate='none')
      )
    )
  )
  (modulation_sf): ParameterList(
      (0): Parameter containing: [torch.float32 of size 1x1x8x16 (cuda:0)]
      (1): Parameter containing: [torch.float32 of size 1x1x16x32 (cuda:0)]
      (2): Parameter containing: [torch.float32 of size 1x1x32x64 (cuda:0)]
      (3): Parameter containing: [torch.float32 of size 1x1x64x128 (cuda:0)]
      (4): Parameter containing: [torch.float32 of size 1x1x128x256 (cuda:0)]
      (5): Parameter containing: [torch.float32 of size 1x1x256x512 (cuda:0)]
      (6): Parameter containing: [torch.float32 of size 1x1x512x1024 (cuda:0)]
  )
)
train the 17 -th image
start temperature: 0.3 noise parameter: 2.0
end temperature: 0.1 noise parameter: 1.0
********************Start from stage I
********************going into stage II
eval_object_psnr: 51.684996151150834
eval_background_psnr: 45.8095327831706
eval_background_psnr: 45.8095327831706
********************Evaluation the Image 17-th, after Step 999, BEST PSNR: 44.805629, Print rate 3.246707. *************************
Saved model at ./saved/modbase_7/context_16_arm_mod_16/sparity_0.0/inr_mod_16KODAK_ROI_Global_new_struture_7_12_3_33_orderconcat_operator_0_pw_0.0006_img_object17.pth
Trained the image with PSNR: 44.80562914169402  latent bits 3.246706962585449 latent bits number 1702209.5
[41.93894035306375, 41.93736858212035, 41.871851641850974, 41.65430134371805, 42.12728497801592, 41.74152771033609, 43.217327343461626, 42.57032413408391, 42.6815338731177, 44.26871792891064, 43.137739715485615, 43.812056595528645, 43.89067429351113, 44.54027782461355, 44.64940593886053, 44.095934117443925, 44.071659417786286, 44.80562914169402]
[4.05171537399292, 4.096495151519775, 4.038559436798096, 4.2877349853515625, 4.181634902954102, 4.102080821990967, 3.621591806411743, 3.6305317878723145, 3.6866250038146973, 3.7933566570281982, 3.6887683868408203, 3.8323006629943848, 3.484137535095215, 3.463470697402954, 3.4061784744262695, 3.2937731742858887, 3.2937684059143066, 3.246706962585449]
[2124265.75, 2147743.25, 2117368.25, 2248008.0, 2192381.0, 2150671.75, 1898757.125, 1903444.25, 1932853.25, 1988811.375, 1933977.0, 2009229.25, 1826691.5, 1815856.125, 1785818.5, 1726885.75, 1726883.25, 1702209.5]
load the model: ./saved/modbase_7/context_16_arm_mod_16/sparity_0.0/inr_mod_16KODAK_ROI_Global_new_struture_7_12_3_33_orderconcat_operator_0_pw_0.0006_img_object17.pth for the  17 -th image
********************Evalutation with quantization
********************Starting quantizing models
eval_object_psnr: 51.694798290059545
full_image_psnr: 44.629149845635396
object_psnr: 51.694798290059545
background_psnr: 45.58572841672132
********************Evaluation the Image 17-th, BEST PSNR: 44.629150, Print rate 3.247399, Network rate 0.022528. *************************
eval_wsssim: 0.996482
Decoded image saved to ./experiments/vcip_combined_loss/decoded_images/othim18_maskerp_wsmse0_swhdc1_erp1_lambda0.0006.png
Evaluate the image: PSNR: 44.629149845635396 All bits: 3.2699270248413086  latent bits: 3.24739933013916  network bits: 0.022527694702148438
Evaluate arm network bits: 0.009593963623046875 Evaluate synthesis network bits: 0.012126922607421875
Image All bits num: 1714383.5 latent bits num: 1702572.5 mlp bits num: 11811.0 border bits num:
arm bits num: 5030.0 synthesis bits num: 6358.0
[41.865224681409984, 41.87538067881054, 41.802628736338214, 41.63464672897096, 42.09694950674752, 41.17454895229773, 43.14836065828575, 42.54624609723988, 42.61043462686574, 44.24535971947813, 43.14009218753569, 43.803859275462564, 43.83156612980104, 44.357563143565926, 44.640092218889784, 43.99056639157555, 44.048073680042116, 44.629149845635396]
[4.077506065368652, 4.120659351348877, 4.064502716064453, 4.313893795013428, 4.208370208740234, 4.128405570983887, 3.646812915802002, 3.65701961517334, 3.710573196411133, 3.818457841873169, 3.71671462059021, 3.8595547676086426, 3.509026050567627, 3.4873242378234863, 3.4321422576904297, 3.319763660430908, 3.3187742233276367, 3.2699270248413086]
[2137787.5, 2160412.25, 2130970.0, 2261722.75, 2206398.0, 2164473.5, 1911980.25, 1917331.5, 1945409.0, 2001971.625, 1948628.875, 2023518.25, 1839740.25, 1828362.25, 1799431.0, 1740512.25, 1739993.5, 1714383.5]
Metrics saved to ./experiments/vcip_combined_loss/results.csv
Current eval Ave PSNR: 43.080041292164026 Ave Bits 3.758857117758857
Namespace(batch_size=1, lr=0.01, data='../data', sparsity=0.0, local_upsampling_kernel_size=8, upsampling_kernel_size=8, static_upsampling_kernel=False, latent_factor=1, mod_base=7, highest_flag=1, context_arm=16, dim_arm_mod=16, use_candidate=True, type='other', mod_hid_layer=0, sythesis_features=12, hidden_features=64, hidden_layer=2, scale=1, lambda_rate=0.0006, lambda_rate_list=[0.0006, 0.0008], start_index=0, mask_type='erp', wsmse_tag=0, swhdc_tag=1, swhdc_dilations=[1, 2, 3, 4], erp_padding=1, workdir='./experiments/vcip_combined_loss', train_steps_1=5000, train_steps_2=1000, loss_type='combined', lambda_dist=0.0023437500000000003, lambda_percep=1.0, patch_h=512, patch_w=1024, all_pix_num=524288, eval_pix_num=524288)
Directory './saved/modbase_7/context_16_arm_mod_16' already exists.
Directory './saved/modbase_7/context_16_arm_mod_16/sparity_0.0' already exists.
top %: 0.0

🔁 Stage-1 Training Candidate 1/7
Quantizer parameter: encoding gain  16
total pixel: 524288
Get Mod with shape torch.Size([1, 1, 8, 16]) at layer: 1
Get Mod with shape torch.Size([1, 1, 16, 32]) at layer: 2
Get Mod with shape torch.Size([1, 1, 32, 64]) at layer: 3
Get Mod with shape torch.Size([1, 1, 64, 128]) at layer: 4
Get Mod with shape torch.Size([1, 1, 128, 256]) at layer: 5
Get Mod with shape torch.Size([1, 1, 256, 512]) at layer: 6
Get Mod with shape torch.Size([1, 1, 512, 1024]) at layer: 7
start temperature: 0.3 noise parameter: 2.0
end temperature: 0.3 noise parameter: 2.0
********************Start from stage I
Step 400, BEST PSNR: 33.890252, Total loss 0.013907 with its rate 3.281888723373413 latent_bits 1720654.875

🔁 Stage-1 Training Candidate 2/7
Quantizer parameter: encoding gain  16
total pixel: 524288
Get Mod with shape torch.Size([1, 1, 8, 16]) at layer: 1
Get Mod with shape torch.Size([1, 1, 16, 32]) at layer: 2
Get Mod with shape torch.Size([1, 1, 32, 64]) at layer: 3
Get Mod with shape torch.Size([1, 1, 64, 128]) at layer: 4
Get Mod with shape torch.Size([1, 1, 128, 256]) at layer: 5
Get Mod with shape torch.Size([1, 1, 256, 512]) at layer: 6
Get Mod with shape torch.Size([1, 1, 512, 1024]) at layer: 7
start temperature: 0.3 noise parameter: 2.0
end temperature: 0.3 noise parameter: 2.0
********************Start from stage I
Step 400, BEST PSNR: 34.549581, Total loss 0.013730 with its rate 3.2333927154541016 latent_bits 1695229.0

🔁 Stage-1 Training Candidate 3/7
Quantizer parameter: encoding gain  16
total pixel: 524288
Get Mod with shape torch.Size([1, 1, 8, 16]) at layer: 1
Get Mod with shape torch.Size([1, 1, 16, 32]) at layer: 2
Get Mod with shape torch.Size([1, 1, 32, 64]) at layer: 3
Get Mod with shape torch.Size([1, 1, 64, 128]) at layer: 4
Get Mod with shape torch.Size([1, 1, 128, 256]) at layer: 5
Get Mod with shape torch.Size([1, 1, 256, 512]) at layer: 6
Get Mod with shape torch.Size([1, 1, 512, 1024]) at layer: 7
start temperature: 0.3 noise parameter: 2.0
end temperature: 0.3 noise parameter: 2.0
********************Start from stage I
Step 400, BEST PSNR: 34.809088, Total loss 0.013302 with its rate 3.2834630012512207 latent_bits 1721480.25

🔁 Stage-1 Training Candidate 4/7
Quantizer parameter: encoding gain  16
total pixel: 524288
Get Mod with shape torch.Size([1, 1, 8, 16]) at layer: 1
Get Mod with shape torch.Size([1, 1, 16, 32]) at layer: 2
Get Mod with shape torch.Size([1, 1, 32, 64]) at layer: 3
Get Mod with shape torch.Size([1, 1, 64, 128]) at layer: 4
Get Mod with shape torch.Size([1, 1, 128, 256]) at layer: 5
Get Mod with shape torch.Size([1, 1, 256, 512]) at layer: 6
Get Mod with shape torch.Size([1, 1, 512, 1024]) at layer: 7
start temperature: 0.3 noise parameter: 2.0
end temperature: 0.3 noise parameter: 2.0
********************Start from stage I
Step 400, BEST PSNR: 34.219544, Total loss 0.013166 with its rate 3.2188000679016113 latent_bits 1687578.25

🔁 Stage-1 Training Candidate 5/7
Quantizer parameter: encoding gain  16
total pixel: 524288
Get Mod with shape torch.Size([1, 1, 8, 16]) at layer: 1
Get Mod with shape torch.Size([1, 1, 16, 32]) at layer: 2
Get Mod with shape torch.Size([1, 1, 32, 64]) at layer: 3
Get Mod with shape torch.Size([1, 1, 64, 128]) at layer: 4
Get Mod with shape torch.Size([1, 1, 128, 256]) at layer: 5
Get Mod with shape torch.Size([1, 1, 256, 512]) at layer: 6
Get Mod with shape torch.Size([1, 1, 512, 1024]) at layer: 7
start temperature: 0.3 noise parameter: 2.0
end temperature: 0.3 noise parameter: 2.0
********************Start from stage I
Step 400, BEST PSNR: 34.042702, Total loss 0.014013 with its rate 3.3170785903930664 latent_bits 1739104.5

🔁 Stage-1 Training Candidate 6/7
Quantizer parameter: encoding gain  16
total pixel: 524288
Get Mod with shape torch.Size([1, 1, 8, 16]) at layer: 1
Get Mod with shape torch.Size([1, 1, 16, 32]) at layer: 2
Get Mod with shape torch.Size([1, 1, 32, 64]) at layer: 3
Get Mod with shape torch.Size([1, 1, 64, 128]) at layer: 4
Get Mod with shape torch.Size([1, 1, 128, 256]) at layer: 5
Get Mod with shape torch.Size([1, 1, 256, 512]) at layer: 6
Get Mod with shape torch.Size([1, 1, 512, 1024]) at layer: 7
start temperature: 0.3 noise parameter: 2.0
end temperature: 0.3 noise parameter: 2.0
********************Start from stage I
Step 400, BEST PSNR: 34.011804, Total loss 0.014035 with its rate 3.2246603965759277 latent_bits 1690650.75

🔁 Stage-1 Training Candidate 7/7
Quantizer parameter: encoding gain  16
total pixel: 524288
Get Mod with shape torch.Size([1, 1, 8, 16]) at layer: 1
Get Mod with shape torch.Size([1, 1, 16, 32]) at layer: 2
Get Mod with shape torch.Size([1, 1, 32, 64]) at layer: 3
Get Mod with shape torch.Size([1, 1, 64, 128]) at layer: 4
Get Mod with shape torch.Size([1, 1, 128, 256]) at layer: 5
Get Mod with shape torch.Size([1, 1, 256, 512]) at layer: 6
Get Mod with shape torch.Size([1, 1, 512, 1024]) at layer: 7
start temperature: 0.3 noise parameter: 2.0
end temperature: 0.3 noise parameter: 2.0
********************Start from stage I
Step 400, BEST PSNR: 34.319478, Total loss 0.013563 with its rate 3.220822334289551 latent_bits 1688638.5

🌟 Selected Top-3 Candidates by RD cost

🎯 Stage-2 Refining Candidate 1/3
start temperature: 0.3 noise parameter: 2.0
end temperature: 0.3 noise parameter: 2.0
********************Start from stage I
Step 400, BEST PSNR: 36.838991, Total loss 0.009119 with its rate 3.6430439949035645 latent_bits 1910004.25

🎯 Stage-2 Refining Candidate 2/3
start temperature: 0.3 noise parameter: 2.0
end temperature: 0.3 noise parameter: 2.0
********************Start from stage I
Step 400, BEST PSNR: 37.181521, Total loss 0.009379 with its rate 3.602849006652832 latent_bits 1888930.5

🎯 Stage-2 Refining Candidate 3/3
start temperature: 0.3 noise parameter: 2.0
end temperature: 0.3 noise parameter: 2.0
********************Start from stage I
Step 400, BEST PSNR: 36.620462, Total loss 0.008996 with its rate 3.5821917057037354 latent_bits 1878100.125

🏆 Best Candidate Final PSNR: 36.62, Rate: 3.5822
Masked_INR(
  (upsampling_2d): Upsampling(
    (conv_transpose2d): UpsamplingConvTranspose2d()
  )
  (arm): Arm(
    (mlp): Sequential(
      (0): ArmConv(
        (conv1_1): Conv1d(16, 16, kernel_size=(1,), stride=(1,))
      )
      (1): GELU(approximate='none')
      (2): ArmConv(
        (conv1_1): Conv1d(16, 16, kernel_size=(1,), stride=(1,))
      )
      (3): GELU(approximate='none')
      (4): ArmConv(
        (conv1_1): Conv1d(16, 2, kernel_size=(1,), stride=(1,))
      )
    )
  )
  (conv_mod): LocalGlobalBlock(
    (net): Sequential(
      (0): SynthesisLayer(
        (pad): Identity()
        (conv_layer): SWHDC(
          (conv): Conv2d(2, 3, kernel_size=(3, 3), stride=(1, 1))
        )
        (non_linearity): GELU(approximate='none')
      )
      (1): SynthesisResidualLayer(
        (pad): ReplicationPad2d((0, 0, 0, 0))
        (conv_layer): Conv2d(3, 3, kernel_size=(1, 1), stride=(1, 1))
        (non_linearity): GELU(approximate='none')
      )
      (2): SynthesisResidualLayer(
        (pad): ReplicationPad2d((0, 0, 0, 0))
        (conv_layer): Conv2d(3, 3, kernel_size=(1, 1), stride=(1, 1))
        (non_linearity): GELU(approximate='none')
      )
      (3): SynthesisResidualLayer(
        (pad): ReplicationPad2d((0, 0, 0, 0))
        (conv_layer): Conv2d(3, 3, kernel_size=(1, 1), stride=(1, 1))
        (non_linearity): Identity()
      )
    )
    (global_net): Sequential(
      (0): SynthesisLayer(
        (pad): Identity()
        (conv_layer): SWHDC(
          (conv): Conv2d(2, 3, kernel_size=(3, 3), stride=(1, 1))
        )
        (non_linearity): GELU(approximate='none')
      )
      (1): SynthesisResidualLayer(
        (pad): ReplicationPad2d((0, 0, 0, 0))
        (conv_layer): Conv2d(3, 3, kernel_size=(1, 1), stride=(1, 1))
        (non_linearity): GELU(approximate='none')
      )
      (2): SynthesisResidualLayer(
        (pad): ReplicationPad2d((0, 0, 0, 0))
        (conv_layer): Conv2d(3, 3, kernel_size=(1, 1), stride=(1, 1))
        (non_linearity): GELU(approximate='none')
      )
      (3): SynthesisResidualLayer(
        (pad): ReplicationPad2d((0, 0, 0, 0))
        (conv_layer): Conv2d(3, 3, kernel_size=(1, 1), stride=(1, 1))
        (non_linearity): Identity()
      )
    )
    (agg_func): Sequential(
      (0): SynthesisLayer(
        (pad): ReplicationPad2d((0, 0, 0, 0))
        (conv_layer): Conv2d(18, 3, kernel_size=(1, 1), stride=(1, 1))
        (non_linearity): GELU(approximate='none')
      )
      (1): SynthesisLayer(
        (pad): ReplicationPad2d((0, 0, 0, 0))
        (conv_layer): Conv2d(21, 3, kernel_size=(1, 1), stride=(1, 1))
        (non_linearity): GELU(approximate='none')
      )
      (2): SynthesisLayer(
        (pad): ReplicationPad2d((0, 0, 0, 0))
        (conv_layer): Conv2d(24, 3, kernel_size=(1, 1), stride=(1, 1))
        (non_linearity): GELU(approximate='none')
      )
    )
    (full_net): Sequential(
      (0): SynthesisLayer(
        (pad): ReplicationPad2d((0, 0, 0, 0))
        (conv_layer): Conv2d(7, 12, kernel_size=(1, 1), stride=(1, 1))
        (non_linearity): GELU(approximate='none')
      )
      (1): SynthesisLayer(
        (pad): ReplicationPad2d((0, 0, 0, 0))
        (conv_layer): Conv2d(12, 3, kernel_size=(1, 1), stride=(1, 1))
        (non_linearity): GELU(approximate='none')
      )
      (2): SynthesisResidualLayer(
        (conv_layer): Conv2d(3, 3, kernel_size=(3, 3), stride=(1, 1))
        (non_linearity): GELU(approximate='none')
      )
      (3): SynthesisResidualLayer(
        (conv_layer): Conv2d(3, 3, kernel_size=(3, 3), stride=(1, 1))
        (non_linearity): GELU(approximate='none')
      )
    )
  )
  (modulation_sf): ParameterList(
      (0): Parameter containing: [torch.float32 of size 1x1x8x16 (cuda:0)]
      (1): Parameter containing: [torch.float32 of size 1x1x16x32 (cuda:0)]
      (2): Parameter containing: [torch.float32 of size 1x1x32x64 (cuda:0)]
      (3): Parameter containing: [torch.float32 of size 1x1x64x128 (cuda:0)]
      (4): Parameter containing: [torch.float32 of size 1x1x128x256 (cuda:0)]
      (5): Parameter containing: [torch.float32 of size 1x1x256x512 (cuda:0)]
      (6): Parameter containing: [torch.float32 of size 1x1x512x1024 (cuda:0)]
  )
)
train the 18 -th image
start temperature: 0.3 noise parameter: 2.0
end temperature: 0.1 noise parameter: 1.0
********************Start from stage I
********************going into stage II
eval_object_psnr: 48.922032430976
eval_background_psnr: 42.61006635707653
eval_background_psnr: 42.61006635707653
********************Evaluation the Image 18-th, after Step 999, BEST PSNR: 41.685152, Print rate 3.954381. *************************
Saved model at ./saved/modbase_7/context_16_arm_mod_16/sparity_0.0/inr_mod_16KODAK_ROI_Global_new_struture_7_12_3_33_orderconcat_operator_0_pw_0.0006_img_object18.pth
Trained the image with PSNR: 41.685151983392565  latent bits 3.954380989074707 latent bits number 2073234.5
[41.93894035306375, 41.93736858212035, 41.871851641850974, 41.65430134371805, 42.12728497801592, 41.74152771033609, 43.217327343461626, 42.57032413408391, 42.6815338731177, 44.26871792891064, 43.137739715485615, 43.812056595528645, 43.89067429351113, 44.54027782461355, 44.64940593886053, 44.095934117443925, 44.071659417786286, 44.80562914169402, 41.685151983392565]
[4.05171537399292, 4.096495151519775, 4.038559436798096, 4.2877349853515625, 4.181634902954102, 4.102080821990967, 3.621591806411743, 3.6305317878723145, 3.6866250038146973, 3.7933566570281982, 3.6887683868408203, 3.8323006629943848, 3.484137535095215, 3.463470697402954, 3.4061784744262695, 3.2937731742858887, 3.2937684059143066, 3.246706962585449, 3.954380989074707]
[2124265.75, 2147743.25, 2117368.25, 2248008.0, 2192381.0, 2150671.75, 1898757.125, 1903444.25, 1932853.25, 1988811.375, 1933977.0, 2009229.25, 1826691.5, 1815856.125, 1785818.5, 1726885.75, 1726883.25, 1702209.5, 2073234.5]
load the model: ./saved/modbase_7/context_16_arm_mod_16/sparity_0.0/inr_mod_16KODAK_ROI_Global_new_struture_7_12_3_33_orderconcat_operator_0_pw_0.0006_img_object18.pth for the  18 -th image
********************Evalutation with quantization
********************Starting quantizing models
eval_object_psnr: 48.84744022043887
full_image_psnr: 41.62138534773778
object_psnr: 48.84744022043887
background_psnr: 42.549392738012834
********************Evaluation the Image 18-th, BEST PSNR: 41.621385, Print rate 3.955807, Network rate 0.023369. *************************
eval_wsssim: 0.996763
Decoded image saved to ./experiments/vcip_combined_loss/decoded_images/othim19_maskerp_wsmse0_swhdc1_erp1_lambda0.0006.png
Evaluate the image: PSNR: 41.62138534773778 All bits: 3.9791758060455322  latent bits: 3.9558069705963135  network bits: 0.02336883544921875
Evaluate arm network bits: 0.009334564208984375 Evaluate synthesis network bits: 0.013338088989257812
Image All bits num: 2086234.125 latent bits num: 2073982.125 mlp bits num: 12252.0 border bits num:
arm bits num: 4894.0 synthesis bits num: 6993.0
[41.865224681409984, 41.87538067881054, 41.802628736338214, 41.63464672897096, 42.09694950674752, 41.17454895229773, 43.14836065828575, 42.54624609723988, 42.61043462686574, 44.24535971947813, 43.14009218753569, 43.803859275462564, 43.83156612980104, 44.357563143565926, 44.640092218889784, 43.99056639157555, 44.048073680042116, 44.629149845635396, 41.62138534773778]
[4.077506065368652, 4.120659351348877, 4.064502716064453, 4.313893795013428, 4.208370208740234, 4.128405570983887, 3.646812915802002, 3.65701961517334, 3.710573196411133, 3.818457841873169, 3.71671462059021, 3.8595547676086426, 3.509026050567627, 3.4873242378234863, 3.4321422576904297, 3.319763660430908, 3.3187742233276367, 3.2699270248413086, 3.9791758060455322]
[2137787.5, 2160412.25, 2130970.0, 2261722.75, 2206398.0, 2164473.5, 1911980.25, 1917331.5, 1945409.0, 2001971.625, 1948628.875, 2023518.25, 1839740.25, 1828362.25, 1799431.0, 1740512.25, 1739993.5, 1714383.5, 2086234.125]
Metrics saved to ./experiments/vcip_combined_loss/results.csv
Current eval Ave PSNR: 43.00326992666791 Ave Bits 3.7704528381949975
Namespace(batch_size=1, lr=0.01, data='../data', sparsity=0.0, local_upsampling_kernel_size=8, upsampling_kernel_size=8, static_upsampling_kernel=False, latent_factor=1, mod_base=7, highest_flag=1, context_arm=16, dim_arm_mod=16, use_candidate=True, type='other', mod_hid_layer=0, sythesis_features=12, hidden_features=64, hidden_layer=2, scale=1, lambda_rate=0.0006, lambda_rate_list=[0.0006, 0.0008], start_index=0, mask_type='erp', wsmse_tag=0, swhdc_tag=1, swhdc_dilations=[1, 2, 3, 4], erp_padding=1, workdir='./experiments/vcip_combined_loss', train_steps_1=5000, train_steps_2=1000, loss_type='combined', lambda_dist=0.0023437500000000003, lambda_percep=1.0, patch_h=512, patch_w=1024, all_pix_num=524288, eval_pix_num=524288)
Directory './saved/modbase_7/context_16_arm_mod_16' already exists.
Directory './saved/modbase_7/context_16_arm_mod_16/sparity_0.0' already exists.
top %: 0.0

🔁 Stage-1 Training Candidate 1/7
Quantizer parameter: encoding gain  16
total pixel: 524288
Get Mod with shape torch.Size([1, 1, 8, 16]) at layer: 1
Get Mod with shape torch.Size([1, 1, 16, 32]) at layer: 2
Get Mod with shape torch.Size([1, 1, 32, 64]) at layer: 3
Get Mod with shape torch.Size([1, 1, 64, 128]) at layer: 4
Get Mod with shape torch.Size([1, 1, 128, 256]) at layer: 5
Get Mod with shape torch.Size([1, 1, 256, 512]) at layer: 6
Get Mod with shape torch.Size([1, 1, 512, 1024]) at layer: 7
start temperature: 0.3 noise parameter: 2.0
end temperature: 0.3 noise parameter: 2.0
********************Start from stage I
Step 400, BEST PSNR: 34.138259, Total loss 0.013619 with its rate 3.257270336151123 latent_bits 1707747.75

🔁 Stage-1 Training Candidate 2/7
Quantizer parameter: encoding gain  16
total pixel: 524288
Get Mod with shape torch.Size([1, 1, 8, 16]) at layer: 1
Get Mod with shape torch.Size([1, 1, 16, 32]) at layer: 2
Get Mod with shape torch.Size([1, 1, 32, 64]) at layer: 3
Get Mod with shape torch.Size([1, 1, 64, 128]) at layer: 4
Get Mod with shape torch.Size([1, 1, 128, 256]) at layer: 5
Get Mod with shape torch.Size([1, 1, 256, 512]) at layer: 6
Get Mod with shape torch.Size([1, 1, 512, 1024]) at layer: 7
start temperature: 0.3 noise parameter: 2.0
end temperature: 0.3 noise parameter: 2.0
********************Start from stage I
Step 400, BEST PSNR: 34.910072, Total loss 0.013016 with its rate 3.287914752960205 latent_bits 1723814.25

🔁 Stage-1 Training Candidate 3/7
Quantizer parameter: encoding gain  16
total pixel: 524288
Get Mod with shape torch.Size([1, 1, 8, 16]) at layer: 1
Get Mod with shape torch.Size([1, 1, 16, 32]) at layer: 2
Get Mod with shape torch.Size([1, 1, 32, 64]) at layer: 3
Get Mod with shape torch.Size([1, 1, 64, 128]) at layer: 4
Get Mod with shape torch.Size([1, 1, 128, 256]) at layer: 5
Get Mod with shape torch.Size([1, 1, 256, 512]) at layer: 6
Get Mod with shape torch.Size([1, 1, 512, 1024]) at layer: 7
start temperature: 0.3 noise parameter: 2.0
end temperature: 0.3 noise parameter: 2.0
********************Start from stage I
Step 400, BEST PSNR: 34.656646, Total loss 0.013192 with its rate 3.257208824157715 latent_bits 1707715.5

🔁 Stage-1 Training Candidate 4/7
Quantizer parameter: encoding gain  16
total pixel: 524288
Get Mod with shape torch.Size([1, 1, 8, 16]) at layer: 1
Get Mod with shape torch.Size([1, 1, 16, 32]) at layer: 2
Get Mod with shape torch.Size([1, 1, 32, 64]) at layer: 3
Get Mod with shape torch.Size([1, 1, 64, 128]) at layer: 4
Get Mod with shape torch.Size([1, 1, 128, 256]) at layer: 5
Get Mod with shape torch.Size([1, 1, 256, 512]) at layer: 6
Get Mod with shape torch.Size([1, 1, 512, 1024]) at layer: 7
start temperature: 0.3 noise parameter: 2.0
end temperature: 0.3 noise parameter: 2.0
********************Start from stage I
Step 400, BEST PSNR: 34.485924, Total loss 0.014372 with its rate 3.3234477043151855 latent_bits 1742443.75

🔁 Stage-1 Training Candidate 5/7
Quantizer parameter: encoding gain  16
total pixel: 524288
Get Mod with shape torch.Size([1, 1, 8, 16]) at layer: 1
Get Mod with shape torch.Size([1, 1, 16, 32]) at layer: 2
Get Mod with shape torch.Size([1, 1, 32, 64]) at layer: 3
Get Mod with shape torch.Size([1, 1, 64, 128]) at layer: 4
Get Mod with shape torch.Size([1, 1, 128, 256]) at layer: 5
Get Mod with shape torch.Size([1, 1, 256, 512]) at layer: 6
Get Mod with shape torch.Size([1, 1, 512, 1024]) at layer: 7
start temperature: 0.3 noise parameter: 2.0
end temperature: 0.3 noise parameter: 2.0
********************Start from stage I
Step 400, BEST PSNR: 34.593396, Total loss 0.013542 with its rate 3.2152388095855713 latent_bits 1685711.125

🔁 Stage-1 Training Candidate 6/7
Quantizer parameter: encoding gain  16
total pixel: 524288
Get Mod with shape torch.Size([1, 1, 8, 16]) at layer: 1
Get Mod with shape torch.Size([1, 1, 16, 32]) at layer: 2
Get Mod with shape torch.Size([1, 1, 32, 64]) at layer: 3
Get Mod with shape torch.Size([1, 1, 64, 128]) at layer: 4
Get Mod with shape torch.Size([1, 1, 128, 256]) at layer: 5
Get Mod with shape torch.Size([1, 1, 256, 512]) at layer: 6
Get Mod with shape torch.Size([1, 1, 512, 1024]) at layer: 7
start temperature: 0.3 noise parameter: 2.0
end temperature: 0.3 noise parameter: 2.0
********************Start from stage I
Step 400, BEST PSNR: 34.211610, Total loss 0.014241 with its rate 3.242997169494629 latent_bits 1700264.5

🔁 Stage-1 Training Candidate 7/7
Quantizer parameter: encoding gain  16
total pixel: 524288
Get Mod with shape torch.Size([1, 1, 8, 16]) at layer: 1
Get Mod with shape torch.Size([1, 1, 16, 32]) at layer: 2
Get Mod with shape torch.Size([1, 1, 32, 64]) at layer: 3
Get Mod with shape torch.Size([1, 1, 64, 128]) at layer: 4
Get Mod with shape torch.Size([1, 1, 128, 256]) at layer: 5
Get Mod with shape torch.Size([1, 1, 256, 512]) at layer: 6
Get Mod with shape torch.Size([1, 1, 512, 1024]) at layer: 7
start temperature: 0.3 noise parameter: 2.0
end temperature: 0.3 noise parameter: 2.0
********************Start from stage I
Step 400, BEST PSNR: 34.283775, Total loss 0.013820 with its rate 3.2113447189331055 latent_bits 1683669.5

🌟 Selected Top-3 Candidates by RD cost

🎯 Stage-2 Refining Candidate 1/3
start temperature: 0.3 noise parameter: 2.0
end temperature: 0.3 noise parameter: 2.0
********************Start from stage I
Step 400, BEST PSNR: 38.010707, Total loss 0.008262 with its rate 3.7025790214538574 latent_bits 1941217.75

🎯 Stage-2 Refining Candidate 2/3
start temperature: 0.3 noise parameter: 2.0
end temperature: 0.3 noise parameter: 2.0
********************Start from stage I
Step 400, BEST PSNR: 36.765391, Total loss 0.009430 with its rate 3.6430678367614746 latent_bits 1910016.75

🎯 Stage-2 Refining Candidate 3/3
start temperature: 0.3 noise parameter: 2.0
end temperature: 0.3 noise parameter: 2.0
********************Start from stage I
Step 400, BEST PSNR: 37.282244, Total loss 0.008709 with its rate 3.697594165802002 latent_bits 1938604.25

🏆 Best Candidate Final PSNR: 38.01, Rate: 3.7026
Masked_INR(
  (upsampling_2d): Upsampling(
    (conv_transpose2d): UpsamplingConvTranspose2d()
  )
  (arm): Arm(
    (mlp): Sequential(
      (0): ArmConv(
        (conv1_1): Conv1d(16, 16, kernel_size=(1,), stride=(1,))
      )
      (1): GELU(approximate='none')
      (2): ArmConv(
        (conv1_1): Conv1d(16, 16, kernel_size=(1,), stride=(1,))
      )
      (3): GELU(approximate='none')
      (4): ArmConv(
        (conv1_1): Conv1d(16, 2, kernel_size=(1,), stride=(1,))
      )
    )
  )
  (conv_mod): LocalGlobalBlock(
    (net): Sequential(
      (0): SynthesisLayer(
        (pad): Identity()
        (conv_layer): SWHDC(
          (conv): Conv2d(2, 3, kernel_size=(3, 3), stride=(1, 1))
        )
        (non_linearity): GELU(approximate='none')
      )
      (1): SynthesisResidualLayer(
        (pad): ReplicationPad2d((0, 0, 0, 0))
        (conv_layer): Conv2d(3, 3, kernel_size=(1, 1), stride=(1, 1))
        (non_linearity): GELU(approximate='none')
      )
      (2): SynthesisResidualLayer(
        (pad): ReplicationPad2d((0, 0, 0, 0))
        (conv_layer): Conv2d(3, 3, kernel_size=(1, 1), stride=(1, 1))
        (non_linearity): GELU(approximate='none')
      )
      (3): SynthesisResidualLayer(
        (pad): ReplicationPad2d((0, 0, 0, 0))
        (conv_layer): Conv2d(3, 3, kernel_size=(1, 1), stride=(1, 1))
        (non_linearity): Identity()
      )
    )
    (global_net): Sequential(
      (0): SynthesisLayer(
        (pad): Identity()
        (conv_layer): SWHDC(
          (conv): Conv2d(2, 3, kernel_size=(3, 3), stride=(1, 1))
        )
        (non_linearity): GELU(approximate='none')
      )
      (1): SynthesisResidualLayer(
        (pad): ReplicationPad2d((0, 0, 0, 0))
        (conv_layer): Conv2d(3, 3, kernel_size=(1, 1), stride=(1, 1))
        (non_linearity): GELU(approximate='none')
      )
      (2): SynthesisResidualLayer(
        (pad): ReplicationPad2d((0, 0, 0, 0))
        (conv_layer): Conv2d(3, 3, kernel_size=(1, 1), stride=(1, 1))
        (non_linearity): GELU(approximate='none')
      )
      (3): SynthesisResidualLayer(
        (pad): ReplicationPad2d((0, 0, 0, 0))
        (conv_layer): Conv2d(3, 3, kernel_size=(1, 1), stride=(1, 1))
        (non_linearity): Identity()
      )
    )
    (agg_func): Sequential(
      (0): SynthesisLayer(
        (pad): ReplicationPad2d((0, 0, 0, 0))
        (conv_layer): Conv2d(18, 3, kernel_size=(1, 1), stride=(1, 1))
        (non_linearity): GELU(approximate='none')
      )
      (1): SynthesisLayer(
        (pad): ReplicationPad2d((0, 0, 0, 0))
        (conv_layer): Conv2d(21, 3, kernel_size=(1, 1), stride=(1, 1))
        (non_linearity): GELU(approximate='none')
      )
      (2): SynthesisLayer(
        (pad): ReplicationPad2d((0, 0, 0, 0))
        (conv_layer): Conv2d(24, 3, kernel_size=(1, 1), stride=(1, 1))
        (non_linearity): GELU(approximate='none')
      )
    )
    (full_net): Sequential(
      (0): SynthesisLayer(
        (pad): ReplicationPad2d((0, 0, 0, 0))
        (conv_layer): Conv2d(7, 12, kernel_size=(1, 1), stride=(1, 1))
        (non_linearity): GELU(approximate='none')
      )
      (1): SynthesisLayer(
        (pad): ReplicationPad2d((0, 0, 0, 0))
        (conv_layer): Conv2d(12, 3, kernel_size=(1, 1), stride=(1, 1))
        (non_linearity): GELU(approximate='none')
      )
      (2): SynthesisResidualLayer(
        (conv_layer): Conv2d(3, 3, kernel_size=(3, 3), stride=(1, 1))
        (non_linearity): GELU(approximate='none')
      )
      (3): SynthesisResidualLayer(
        (conv_layer): Conv2d(3, 3, kernel_size=(3, 3), stride=(1, 1))
        (non_linearity): GELU(approximate='none')
      )
    )
  )
  (modulation_sf): ParameterList(
      (0): Parameter containing: [torch.float32 of size 1x1x8x16 (cuda:0)]
      (1): Parameter containing: [torch.float32 of size 1x1x16x32 (cuda:0)]
      (2): Parameter containing: [torch.float32 of size 1x1x32x64 (cuda:0)]
      (3): Parameter containing: [torch.float32 of size 1x1x64x128 (cuda:0)]
      (4): Parameter containing: [torch.float32 of size 1x1x128x256 (cuda:0)]
      (5): Parameter containing: [torch.float32 of size 1x1x256x512 (cuda:0)]
      (6): Parameter containing: [torch.float32 of size 1x1x512x1024 (cuda:0)]
  )
)
train the 19 -th image
start temperature: 0.3 noise parameter: 2.0
end temperature: 0.1 noise parameter: 1.0
********************Start from stage I
********************going into stage II
eval_object_psnr: 49.128239301569494
eval_background_psnr: 43.33684168835805
eval_background_psnr: 43.33684168835805
********************Evaluation the Image 19-th, after Step 999, BEST PSNR: 42.303854, Print rate 4.044881. *************************
Saved model at ./saved/modbase_7/context_16_arm_mod_16/sparity_0.0/inr_mod_16KODAK_ROI_Global_new_struture_7_12_3_33_orderconcat_operator_0_pw_0.0006_img_object19.pth
Trained the image with PSNR: 42.30385382022353  latent bits 4.044881343841553 latent bits number 2120682.75
[41.93894035306375, 41.93736858212035, 41.871851641850974, 41.65430134371805, 42.12728497801592, 41.74152771033609, 43.217327343461626, 42.57032413408391, 42.6815338731177, 44.26871792891064, 43.137739715485615, 43.812056595528645, 43.89067429351113, 44.54027782461355, 44.64940593886053, 44.095934117443925, 44.071659417786286, 44.80562914169402, 41.685151983392565, 42.30385382022353]
[4.05171537399292, 4.096495151519775, 4.038559436798096, 4.2877349853515625, 4.181634902954102, 4.102080821990967, 3.621591806411743, 3.6305317878723145, 3.6866250038146973, 3.7933566570281982, 3.6887683868408203, 3.8323006629943848, 3.484137535095215, 3.463470697402954, 3.4061784744262695, 3.2937731742858887, 3.2937684059143066, 3.246706962585449, 3.954380989074707, 4.044881343841553]
[2124265.75, 2147743.25, 2117368.25, 2248008.0, 2192381.0, 2150671.75, 1898757.125, 1903444.25, 1932853.25, 1988811.375, 1933977.0, 2009229.25, 1826691.5, 1815856.125, 1785818.5, 1726885.75, 1726883.25, 1702209.5, 2073234.5, 2120682.75]
load the model: ./saved/modbase_7/context_16_arm_mod_16/sparity_0.0/inr_mod_16KODAK_ROI_Global_new_struture_7_12_3_33_orderconcat_operator_0_pw_0.0006_img_object19.pth for the  19 -th image
********************Evalutation with quantization
********************Starting quantizing models
eval_object_psnr: 49.10227565503779
full_image_psnr: 42.2979153035467
object_psnr: 49.10227565503779
background_psnr: 43.33545812107996
********************Evaluation the Image 19-th, BEST PSNR: 42.297915, Print rate 4.046612, Network rate 0.023933. *************************
eval_wsssim: 0.996821
Decoded image saved to ./experiments/vcip_combined_loss/decoded_images/othim20_maskerp_wsmse0_swhdc1_erp1_lambda0.0006.png
Evaluate the image: PSNR: 42.2979153035467 All bits: 4.070545196533203  latent bits: 4.046611785888672  network bits: 0.02393341064453125
Evaluate arm network bits: 0.0095062255859375 Evaluate synthesis network bits: 0.013462066650390625
Image All bits num: 2134138.0 latent bits num: 2121590.0 mlp bits num: 12548.0 border bits num:
arm bits num: 4984.0 synthesis bits num: 7058.0
[41.865224681409984, 41.87538067881054, 41.802628736338214, 41.63464672897096, 42.09694950674752, 41.17454895229773, 43.14836065828575, 42.54624609723988, 42.61043462686574, 44.24535971947813, 43.14009218753569, 43.803859275462564, 43.83156612980104, 44.357563143565926, 44.640092218889784, 43.99056639157555, 44.048073680042116, 44.629149845635396, 41.62138534773778, 42.2979153035467]
[4.077506065368652, 4.120659351348877, 4.064502716064453, 4.313893795013428, 4.208370208740234, 4.128405570983887, 3.646812915802002, 3.65701961517334, 3.710573196411133, 3.818457841873169, 3.71671462059021, 3.8595547676086426, 3.509026050567627, 3.4873242378234863, 3.4321422576904297, 3.319763660430908, 3.3187742233276367, 3.2699270248413086, 3.9791758060455322, 4.070545196533203]
[2137787.5, 2160412.25, 2130970.0, 2261722.75, 2206398.0, 2164473.5, 1911980.25, 1917331.5, 1945409.0, 2001971.625, 1948628.875, 2023518.25, 1839740.25, 1828362.25, 1799431.0, 1740512.25, 1739993.5, 1714383.5, 2086234.125, 2134138.0]
Metrics saved to ./experiments/vcip_combined_loss/results.csv
Current eval Ave PSNR: 42.96800219551185 Ave Bits 3.785457456111908
Namespace(batch_size=1, lr=0.01, data='../data', sparsity=0.0, local_upsampling_kernel_size=8, upsampling_kernel_size=8, static_upsampling_kernel=False, latent_factor=1, mod_base=7, highest_flag=1, context_arm=16, dim_arm_mod=16, use_candidate=True, type='other', mod_hid_layer=0, sythesis_features=12, hidden_features=64, hidden_layer=2, scale=1, lambda_rate=0.0006, lambda_rate_list=[0.0006, 0.0008], start_index=0, mask_type='erp', wsmse_tag=0, swhdc_tag=1, swhdc_dilations=[1, 2, 3, 4], erp_padding=1, workdir='./experiments/vcip_combined_loss', train_steps_1=5000, train_steps_2=1000, loss_type='combined', lambda_dist=0.0023437500000000003, lambda_percep=1.0, patch_h=512, patch_w=1024, all_pix_num=524288, eval_pix_num=524288)
Directory './saved/modbase_7/context_16_arm_mod_16' already exists.
Directory './saved/modbase_7/context_16_arm_mod_16/sparity_0.0' already exists.
top %: 0.0

🔁 Stage-1 Training Candidate 1/7
Quantizer parameter: encoding gain  16
total pixel: 524288
Get Mod with shape torch.Size([1, 1, 8, 16]) at layer: 1
Get Mod with shape torch.Size([1, 1, 16, 32]) at layer: 2
Get Mod with shape torch.Size([1, 1, 32, 64]) at layer: 3
Get Mod with shape torch.Size([1, 1, 64, 128]) at layer: 4
Get Mod with shape torch.Size([1, 1, 128, 256]) at layer: 5
Get Mod with shape torch.Size([1, 1, 256, 512]) at layer: 6
Get Mod with shape torch.Size([1, 1, 512, 1024]) at layer: 7
start temperature: 0.3 noise parameter: 2.0
end temperature: 0.3 noise parameter: 2.0
********************Start from stage I
Step 400, BEST PSNR: 33.037180, Total loss 0.015013 with its rate 3.4896233081817627 latent_bits 1829567.625

🔁 Stage-1 Training Candidate 2/7
Quantizer parameter: encoding gain  16
total pixel: 524288
Get Mod with shape torch.Size([1, 1, 8, 16]) at layer: 1
Get Mod with shape torch.Size([1, 1, 16, 32]) at layer: 2
Get Mod with shape torch.Size([1, 1, 32, 64]) at layer: 3
Get Mod with shape torch.Size([1, 1, 64, 128]) at layer: 4
Get Mod with shape torch.Size([1, 1, 128, 256]) at layer: 5
Get Mod with shape torch.Size([1, 1, 256, 512]) at layer: 6
Get Mod with shape torch.Size([1, 1, 512, 1024]) at layer: 7
start temperature: 0.3 noise parameter: 2.0
end temperature: 0.3 noise parameter: 2.0
********************Start from stage I
Step 400, BEST PSNR: 34.442024, Total loss 0.013816 with its rate 3.2057504653930664 latent_bits 1680736.5

🔁 Stage-1 Training Candidate 3/7
Quantizer parameter: encoding gain  16
total pixel: 524288
Get Mod with shape torch.Size([1, 1, 8, 16]) at layer: 1
Get Mod with shape torch.Size([1, 1, 16, 32]) at layer: 2
Get Mod with shape torch.Size([1, 1, 32, 64]) at layer: 3
Get Mod with shape torch.Size([1, 1, 64, 128]) at layer: 4
Get Mod with shape torch.Size([1, 1, 128, 256]) at layer: 5
Get Mod with shape torch.Size([1, 1, 256, 512]) at layer: 6
Get Mod with shape torch.Size([1, 1, 512, 1024]) at layer: 7
start temperature: 0.3 noise parameter: 2.0
end temperature: 0.3 noise parameter: 2.0
********************Start from stage I
Step 400, BEST PSNR: 34.459623, Total loss 0.013329 with its rate 3.2139346599578857 latent_bits 1685027.375

🔁 Stage-1 Training Candidate 4/7
Quantizer parameter: encoding gain  16
total pixel: 524288
Get Mod with shape torch.Size([1, 1, 8, 16]) at layer: 1
Get Mod with shape torch.Size([1, 1, 16, 32]) at layer: 2
Get Mod with shape torch.Size([1, 1, 32, 64]) at layer: 3
Get Mod with shape torch.Size([1, 1, 64, 128]) at layer: 4
Get Mod with shape torch.Size([1, 1, 128, 256]) at layer: 5
Get Mod with shape torch.Size([1, 1, 256, 512]) at layer: 6
Get Mod with shape torch.Size([1, 1, 512, 1024]) at layer: 7
start temperature: 0.3 noise parameter: 2.0
end temperature: 0.3 noise parameter: 2.0
********************Start from stage I
Step 400, BEST PSNR: 34.882542, Total loss 0.013110 with its rate 3.2363810539245605 latent_bits 1696795.75

🔁 Stage-1 Training Candidate 5/7
Quantizer parameter: encoding gain  16
total pixel: 524288
Get Mod with shape torch.Size([1, 1, 8, 16]) at layer: 1
Get Mod with shape torch.Size([1, 1, 16, 32]) at layer: 2
Get Mod with shape torch.Size([1, 1, 32, 64]) at layer: 3
Get Mod with shape torch.Size([1, 1, 64, 128]) at layer: 4
Get Mod with shape torch.Size([1, 1, 128, 256]) at layer: 5
Get Mod with shape torch.Size([1, 1, 256, 512]) at layer: 6
Get Mod with shape torch.Size([1, 1, 512, 1024]) at layer: 7
start temperature: 0.3 noise parameter: 2.0
end temperature: 0.3 noise parameter: 2.0
********************Start from stage I
Step 400, BEST PSNR: 34.777416, Total loss 0.013150 with its rate 3.322131872177124 latent_bits 1741753.875

🔁 Stage-1 Training Candidate 6/7
Quantizer parameter: encoding gain  16
total pixel: 524288
Get Mod with shape torch.Size([1, 1, 8, 16]) at layer: 1
Get Mod with shape torch.Size([1, 1, 16, 32]) at layer: 2
Get Mod with shape torch.Size([1, 1, 32, 64]) at layer: 3
Get Mod with shape torch.Size([1, 1, 64, 128]) at layer: 4
Get Mod with shape torch.Size([1, 1, 128, 256]) at layer: 5
Get Mod with shape torch.Size([1, 1, 256, 512]) at layer: 6
Get Mod with shape torch.Size([1, 1, 512, 1024]) at layer: 7
start temperature: 0.3 noise parameter: 2.0
end temperature: 0.3 noise parameter: 2.0
********************Start from stage I
Step 400, BEST PSNR: 34.954291, Total loss 0.013444 with its rate 3.1983680725097656 latent_bits 1676866.0

🔁 Stage-1 Training Candidate 7/7
Quantizer parameter: encoding gain  16
total pixel: 524288
Get Mod with shape torch.Size([1, 1, 8, 16]) at layer: 1
Get Mod with shape torch.Size([1, 1, 16, 32]) at layer: 2
Get Mod with shape torch.Size([1, 1, 32, 64]) at layer: 3
Get Mod with shape torch.Size([1, 1, 64, 128]) at layer: 4
Get Mod with shape torch.Size([1, 1, 128, 256]) at layer: 5
Get Mod with shape torch.Size([1, 1, 256, 512]) at layer: 6
Get Mod with shape torch.Size([1, 1, 512, 1024]) at layer: 7
start temperature: 0.3 noise parameter: 2.0
end temperature: 0.3 noise parameter: 2.0
********************Start from stage I
Step 400, BEST PSNR: 33.280389, Total loss 0.014164 with its rate 3.3741507530212402 latent_bits 1769026.75

🌟 Selected Top-3 Candidates by RD cost

🎯 Stage-2 Refining Candidate 1/3
start temperature: 0.3 noise parameter: 2.0
end temperature: 0.3 noise parameter: 2.0
********************Start from stage I
Step 400, BEST PSNR: 36.400101, Total loss 0.010139 with its rate 3.665959596633911 latent_bits 1922018.625

🎯 Stage-2 Refining Candidate 2/3
start temperature: 0.3 noise parameter: 2.0
end temperature: 0.3 noise parameter: 2.0
********************Start from stage I
Step 400, BEST PSNR: 37.238178, Total loss 0.009361 with its rate 3.609841823577881 latent_bits 1892596.75

🎯 Stage-2 Refining Candidate 3/3
start temperature: 0.3 noise parameter: 2.0
end temperature: 0.3 noise parameter: 2.0
********************Start from stage I
Step 400, BEST PSNR: 37.079944, Total loss 0.009734 with its rate 3.60851788520813 latent_bits 1891902.625

🏆 Best Candidate Final PSNR: 37.24, Rate: 3.6098
Masked_INR(
  (upsampling_2d): Upsampling(
    (conv_transpose2d): UpsamplingConvTranspose2d()
  )
  (arm): Arm(
    (mlp): Sequential(
      (0): ArmConv(
        (conv1_1): Conv1d(16, 16, kernel_size=(1,), stride=(1,))
      )
      (1): GELU(approximate='none')
      (2): ArmConv(
        (conv1_1): Conv1d(16, 16, kernel_size=(1,), stride=(1,))
      )
      (3): GELU(approximate='none')
      (4): ArmConv(
        (conv1_1): Conv1d(16, 2, kernel_size=(1,), stride=(1,))
      )
    )
  )
  (conv_mod): LocalGlobalBlock(
    (net): Sequential(
      (0): SynthesisLayer(
        (pad): Identity()
        (conv_layer): SWHDC(
          (conv): Conv2d(2, 3, kernel_size=(3, 3), stride=(1, 1))
        )
        (non_linearity): GELU(approximate='none')
      )
      (1): SynthesisResidualLayer(
        (pad): ReplicationPad2d((0, 0, 0, 0))
        (conv_layer): Conv2d(3, 3, kernel_size=(1, 1), stride=(1, 1))
        (non_linearity): GELU(approximate='none')
      )
      (2): SynthesisResidualLayer(
        (pad): ReplicationPad2d((0, 0, 0, 0))
        (conv_layer): Conv2d(3, 3, kernel_size=(1, 1), stride=(1, 1))
        (non_linearity): GELU(approximate='none')
      )
      (3): SynthesisResidualLayer(
        (pad): ReplicationPad2d((0, 0, 0, 0))
        (conv_layer): Conv2d(3, 3, kernel_size=(1, 1), stride=(1, 1))
        (non_linearity): Identity()
      )
    )
    (global_net): Sequential(
      (0): SynthesisLayer(
        (pad): Identity()
        (conv_layer): SWHDC(
          (conv): Conv2d(2, 3, kernel_size=(3, 3), stride=(1, 1))
        )
        (non_linearity): GELU(approximate='none')
      )
      (1): SynthesisResidualLayer(
        (pad): ReplicationPad2d((0, 0, 0, 0))
        (conv_layer): Conv2d(3, 3, kernel_size=(1, 1), stride=(1, 1))
        (non_linearity): GELU(approximate='none')
      )
      (2): SynthesisResidualLayer(
        (pad): ReplicationPad2d((0, 0, 0, 0))
        (conv_layer): Conv2d(3, 3, kernel_size=(1, 1), stride=(1, 1))
        (non_linearity): GELU(approximate='none')
      )
      (3): SynthesisResidualLayer(
        (pad): ReplicationPad2d((0, 0, 0, 0))
        (conv_layer): Conv2d(3, 3, kernel_size=(1, 1), stride=(1, 1))
        (non_linearity): Identity()
      )
    )
    (agg_func): Sequential(
      (0): SynthesisLayer(
        (pad): ReplicationPad2d((0, 0, 0, 0))
        (conv_layer): Conv2d(18, 3, kernel_size=(1, 1), stride=(1, 1))
        (non_linearity): GELU(approximate='none')
      )
      (1): SynthesisLayer(
        (pad): ReplicationPad2d((0, 0, 0, 0))
        (conv_layer): Conv2d(21, 3, kernel_size=(1, 1), stride=(1, 1))
        (non_linearity): GELU(approximate='none')
      )
      (2): SynthesisLayer(
        (pad): ReplicationPad2d((0, 0, 0, 0))
        (conv_layer): Conv2d(24, 3, kernel_size=(1, 1), stride=(1, 1))
        (non_linearity): GELU(approximate='none')
      )
    )
    (full_net): Sequential(
      (0): SynthesisLayer(
        (pad): ReplicationPad2d((0, 0, 0, 0))
        (conv_layer): Conv2d(7, 12, kernel_size=(1, 1), stride=(1, 1))
        (non_linearity): GELU(approximate='none')
      )
      (1): SynthesisLayer(
        (pad): ReplicationPad2d((0, 0, 0, 0))
        (conv_layer): Conv2d(12, 3, kernel_size=(1, 1), stride=(1, 1))
        (non_linearity): GELU(approximate='none')
      )
      (2): SynthesisResidualLayer(
        (conv_layer): Conv2d(3, 3, kernel_size=(3, 3), stride=(1, 1))
        (non_linearity): GELU(approximate='none')
      )
      (3): SynthesisResidualLayer(
        (conv_layer): Conv2d(3, 3, kernel_size=(3, 3), stride=(1, 1))
        (non_linearity): GELU(approximate='none')
      )
    )
  )
  (modulation_sf): ParameterList(
      (0): Parameter containing: [torch.float32 of size 1x1x8x16 (cuda:0)]
      (1): Parameter containing: [torch.float32 of size 1x1x16x32 (cuda:0)]
      (2): Parameter containing: [torch.float32 of size 1x1x32x64 (cuda:0)]
      (3): Parameter containing: [torch.float32 of size 1x1x64x128 (cuda:0)]
      (4): Parameter containing: [torch.float32 of size 1x1x128x256 (cuda:0)]
      (5): Parameter containing: [torch.float32 of size 1x1x256x512 (cuda:0)]
      (6): Parameter containing: [torch.float32 of size 1x1x512x1024 (cuda:0)]
  )
)
train the 20 -th image
start temperature: 0.3 noise parameter: 2.0
end temperature: 0.1 noise parameter: 1.0
********************Start from stage I
********************going into stage II
eval_object_psnr: 48.93488273279687
eval_background_psnr: 43.118439318527464
eval_background_psnr: 43.118439318527464
********************Evaluation the Image 20-th, after Step 999, BEST PSNR: 42.089217, Print rate 3.984592. *************************
Saved model at ./saved/modbase_7/context_16_arm_mod_16/sparity_0.0/inr_mod_16KODAK_ROI_Global_new_struture_7_12_3_33_orderconcat_operator_0_pw_0.0006_img_object20.pth
Trained the image with PSNR: 42.089217344489505  latent bits 3.9845919609069824 latent bits number 2089073.75
[41.93894035306375, 41.93736858212035, 41.871851641850974, 41.65430134371805, 42.12728497801592, 41.74152771033609, 43.217327343461626, 42.57032413408391, 42.6815338731177, 44.26871792891064, 43.137739715485615, 43.812056595528645, 43.89067429351113, 44.54027782461355, 44.64940593886053, 44.095934117443925, 44.071659417786286, 44.80562914169402, 41.685151983392565, 42.30385382022353, 42.089217344489505]
[4.05171537399292, 4.096495151519775, 4.038559436798096, 4.2877349853515625, 4.181634902954102, 4.102080821990967, 3.621591806411743, 3.6305317878723145, 3.6866250038146973, 3.7933566570281982, 3.6887683868408203, 3.8323006629943848, 3.484137535095215, 3.463470697402954, 3.4061784744262695, 3.2937731742858887, 3.2937684059143066, 3.246706962585449, 3.954380989074707, 4.044881343841553, 3.9845919609069824]
[2124265.75, 2147743.25, 2117368.25, 2248008.0, 2192381.0, 2150671.75, 1898757.125, 1903444.25, 1932853.25, 1988811.375, 1933977.0, 2009229.25, 1826691.5, 1815856.125, 1785818.5, 1726885.75, 1726883.25, 1702209.5, 2073234.5, 2120682.75, 2089073.75]
load the model: ./saved/modbase_7/context_16_arm_mod_16/sparity_0.0/inr_mod_16KODAK_ROI_Global_new_struture_7_12_3_33_orderconcat_operator_0_pw_0.0006_img_object20.pth for the  20 -th image
********************Evalutation with quantization
********************Starting quantizing models
eval_object_psnr: 48.802513828923544
full_image_psnr: 42.027995825403714
object_psnr: 48.802513828923544
background_psnr: 43.07577852870394
********************Evaluation the Image 20-th, BEST PSNR: 42.027996, Print rate 3.985399, Network rate 0.022655. *************************
eval_wsssim: 0.996683
Decoded image saved to ./experiments/vcip_combined_loss/decoded_images/othim21_maskerp_wsmse0_swhdc1_erp1_lambda0.0006.png
Evaluate the image: PSNR: 42.027995825403714 All bits: 4.008054256439209  latent bits: 3.985398769378662  network bits: 0.022655487060546875
Evaluate arm network bits: 0.0093231201171875 Evaluate synthesis network bits: 0.012292861938476562
Image All bits num: 2101374.75 latent bits num: 2089496.75 mlp bits num: 11878.0 border bits num:
arm bits num: 4888.0 synthesis bits num: 6445.0
[41.865224681409984, 41.87538067881054, 41.802628736338214, 41.63464672897096, 42.09694950674752, 41.17454895229773, 43.14836065828575, 42.54624609723988, 42.61043462686574, 44.24535971947813, 43.14009218753569, 43.803859275462564, 43.83156612980104, 44.357563143565926, 44.640092218889784, 43.99056639157555, 44.048073680042116, 44.629149845635396, 41.62138534773778, 42.2979153035467, 42.027995825403714]
[4.077506065368652, 4.120659351348877, 4.064502716064453, 4.313893795013428, 4.208370208740234, 4.128405570983887, 3.646812915802002, 3.65701961517334, 3.710573196411133, 3.818457841873169, 3.71671462059021, 3.8595547676086426, 3.509026050567627, 3.4873242378234863, 3.4321422576904297, 3.319763660430908, 3.3187742233276367, 3.2699270248413086, 3.9791758060455322, 4.070545196533203, 4.008054256439209]
[2137787.5, 2160412.25, 2130970.0, 2261722.75, 2206398.0, 2164473.5, 1911980.25, 1917331.5, 1945409.0, 2001971.625, 1948628.875, 2023518.25, 1839740.25, 1828362.25, 1799431.0, 1740512.25, 1739993.5, 1714383.5, 2086234.125, 2134138.0, 2101374.75]
Metrics saved to ./experiments/vcip_combined_loss/results.csv
Current eval Ave PSNR: 42.92323998741146 Ave Bits 3.7960573037465415
Namespace(batch_size=1, lr=0.01, data='../data', sparsity=0.0, local_upsampling_kernel_size=8, upsampling_kernel_size=8, static_upsampling_kernel=False, latent_factor=1, mod_base=7, highest_flag=1, context_arm=16, dim_arm_mod=16, use_candidate=True, type='other', mod_hid_layer=0, sythesis_features=12, hidden_features=64, hidden_layer=2, scale=1, lambda_rate=0.0006, lambda_rate_list=[0.0006, 0.0008], start_index=0, mask_type='erp', wsmse_tag=0, swhdc_tag=1, swhdc_dilations=[1, 2, 3, 4], erp_padding=1, workdir='./experiments/vcip_combined_loss', train_steps_1=5000, train_steps_2=1000, loss_type='combined', lambda_dist=0.0023437500000000003, lambda_percep=1.0, patch_h=512, patch_w=1024, all_pix_num=524288, eval_pix_num=524288)
Directory './saved/modbase_7/context_16_arm_mod_16' already exists.
Directory './saved/modbase_7/context_16_arm_mod_16/sparity_0.0' already exists.
top %: 0.0

🔁 Stage-1 Training Candidate 1/7
Quantizer parameter: encoding gain  16
total pixel: 524288
Get Mod with shape torch.Size([1, 1, 8, 16]) at layer: 1
Get Mod with shape torch.Size([1, 1, 16, 32]) at layer: 2
Get Mod with shape torch.Size([1, 1, 32, 64]) at layer: 3
Get Mod with shape torch.Size([1, 1, 64, 128]) at layer: 4
Get Mod with shape torch.Size([1, 1, 128, 256]) at layer: 5
Get Mod with shape torch.Size([1, 1, 256, 512]) at layer: 6
Get Mod with shape torch.Size([1, 1, 512, 1024]) at layer: 7
start temperature: 0.3 noise parameter: 2.0
end temperature: 0.3 noise parameter: 2.0
********************Start from stage I
Step 400, BEST PSNR: 34.318494, Total loss 0.016345 with its rate 2.828794240951538 latent_bits 1483102.875

🔁 Stage-1 Training Candidate 2/7
Quantizer parameter: encoding gain  16
total pixel: 524288
Get Mod with shape torch.Size([1, 1, 8, 16]) at layer: 1
Get Mod with shape torch.Size([1, 1, 16, 32]) at layer: 2
Get Mod with shape torch.Size([1, 1, 32, 64]) at layer: 3
Get Mod with shape torch.Size([1, 1, 64, 128]) at layer: 4
Get Mod with shape torch.Size([1, 1, 128, 256]) at layer: 5
Get Mod with shape torch.Size([1, 1, 256, 512]) at layer: 6
Get Mod with shape torch.Size([1, 1, 512, 1024]) at layer: 7
start temperature: 0.3 noise parameter: 2.0
end temperature: 0.3 noise parameter: 2.0
********************Start from stage I
Step 400, BEST PSNR: 33.789895, Total loss 0.018818 with its rate 2.7576839923858643 latent_bits 1445820.625

🔁 Stage-1 Training Candidate 3/7
Quantizer parameter: encoding gain  16
total pixel: 524288
Get Mod with shape torch.Size([1, 1, 8, 16]) at layer: 1
Get Mod with shape torch.Size([1, 1, 16, 32]) at layer: 2
Get Mod with shape torch.Size([1, 1, 32, 64]) at layer: 3
Get Mod with shape torch.Size([1, 1, 64, 128]) at layer: 4
Get Mod with shape torch.Size([1, 1, 128, 256]) at layer: 5
Get Mod with shape torch.Size([1, 1, 256, 512]) at layer: 6
Get Mod with shape torch.Size([1, 1, 512, 1024]) at layer: 7
start temperature: 0.3 noise parameter: 2.0
end temperature: 0.3 noise parameter: 2.0
********************Start from stage I
Step 400, BEST PSNR: 33.870878, Total loss 0.017109 with its rate 2.743666887283325 latent_bits 1438471.625

🔁 Stage-1 Training Candidate 4/7
Quantizer parameter: encoding gain  16
total pixel: 524288
Get Mod with shape torch.Size([1, 1, 8, 16]) at layer: 1
Get Mod with shape torch.Size([1, 1, 16, 32]) at layer: 2
Get Mod with shape torch.Size([1, 1, 32, 64]) at layer: 3
Get Mod with shape torch.Size([1, 1, 64, 128]) at layer: 4
Get Mod with shape torch.Size([1, 1, 128, 256]) at layer: 5
Get Mod with shape torch.Size([1, 1, 256, 512]) at layer: 6
Get Mod with shape torch.Size([1, 1, 512, 1024]) at layer: 7
start temperature: 0.3 noise parameter: 2.0
end temperature: 0.3 noise parameter: 2.0
********************Start from stage I
Step 400, BEST PSNR: 33.149744, Total loss 0.018643 with its rate 2.7699625492095947 latent_bits 1452258.125

🔁 Stage-1 Training Candidate 5/7
Quantizer parameter: encoding gain  16
total pixel: 524288
Get Mod with shape torch.Size([1, 1, 8, 16]) at layer: 1
Get Mod with shape torch.Size([1, 1, 16, 32]) at layer: 2
Get Mod with shape torch.Size([1, 1, 32, 64]) at layer: 3
Get Mod with shape torch.Size([1, 1, 64, 128]) at layer: 4
Get Mod with shape torch.Size([1, 1, 128, 256]) at layer: 5
Get Mod with shape torch.Size([1, 1, 256, 512]) at layer: 6
Get Mod with shape torch.Size([1, 1, 512, 1024]) at layer: 7
start temperature: 0.3 noise parameter: 2.0
end temperature: 0.3 noise parameter: 2.0
********************Start from stage I
Step 400, BEST PSNR: 34.159561, Total loss 0.018071 with its rate 2.787515163421631 latent_bits 1461460.75

🔁 Stage-1 Training Candidate 6/7
Quantizer parameter: encoding gain  16
total pixel: 524288
Get Mod with shape torch.Size([1, 1, 8, 16]) at layer: 1
Get Mod with shape torch.Size([1, 1, 16, 32]) at layer: 2
Get Mod with shape torch.Size([1, 1, 32, 64]) at layer: 3
Get Mod with shape torch.Size([1, 1, 64, 128]) at layer: 4
Get Mod with shape torch.Size([1, 1, 128, 256]) at layer: 5
Get Mod with shape torch.Size([1, 1, 256, 512]) at layer: 6
Get Mod with shape torch.Size([1, 1, 512, 1024]) at layer: 7
start temperature: 0.3 noise parameter: 2.0
end temperature: 0.3 noise parameter: 2.0
********************Start from stage I
Step 400, BEST PSNR: 33.639477, Total loss 0.018027 with its rate 2.7651102542877197 latent_bits 1449714.125

🔁 Stage-1 Training Candidate 7/7
Quantizer parameter: encoding gain  16
total pixel: 524288
Get Mod with shape torch.Size([1, 1, 8, 16]) at layer: 1
Get Mod with shape torch.Size([1, 1, 16, 32]) at layer: 2
Get Mod with shape torch.Size([1, 1, 32, 64]) at layer: 3
Get Mod with shape torch.Size([1, 1, 64, 128]) at layer: 4
Get Mod with shape torch.Size([1, 1, 128, 256]) at layer: 5
Get Mod with shape torch.Size([1, 1, 256, 512]) at layer: 6
Get Mod with shape torch.Size([1, 1, 512, 1024]) at layer: 7
start temperature: 0.3 noise parameter: 2.0
end temperature: 0.3 noise parameter: 2.0
********************Start from stage I
Step 400, BEST PSNR: 34.677283, Total loss 0.015990 with its rate 2.8011584281921387 latent_bits 1468613.75

🌟 Selected Top-3 Candidates by RD cost

🎯 Stage-2 Refining Candidate 1/3
start temperature: 0.3 noise parameter: 2.0
end temperature: 0.3 noise parameter: 2.0
********************Start from stage I
Step 400, BEST PSNR: 37.269814, Total loss 0.011656 with its rate 3.2892568111419678 latent_bits 1724517.875

🎯 Stage-2 Refining Candidate 2/3
start temperature: 0.3 noise parameter: 2.0
end temperature: 0.3 noise parameter: 2.0
********************Start from stage I
Step 400, BEST PSNR: 36.942495, Total loss 0.011981 with its rate 3.233473062515259 latent_bits 1695271.125

🎯 Stage-2 Refining Candidate 3/3
start temperature: 0.3 noise parameter: 2.0
end temperature: 0.3 noise parameter: 2.0
********************Start from stage I
Step 400, BEST PSNR: 36.204369, Total loss 0.012599 with its rate 3.1911349296569824 latent_bits 1673073.75

🏆 Best Candidate Final PSNR: 37.27, Rate: 3.2893
Masked_INR(
  (upsampling_2d): Upsampling(
    (conv_transpose2d): UpsamplingConvTranspose2d()
  )
  (arm): Arm(
    (mlp): Sequential(
      (0): ArmConv(
        (conv1_1): Conv1d(16, 16, kernel_size=(1,), stride=(1,))
      )
      (1): GELU(approximate='none')
      (2): ArmConv(
        (conv1_1): Conv1d(16, 16, kernel_size=(1,), stride=(1,))
      )
      (3): GELU(approximate='none')
      (4): ArmConv(
        (conv1_1): Conv1d(16, 2, kernel_size=(1,), stride=(1,))
      )
    )
  )
  (conv_mod): LocalGlobalBlock(
    (net): Sequential(
      (0): SynthesisLayer(
        (pad): Identity()
        (conv_layer): SWHDC(
          (conv): Conv2d(2, 3, kernel_size=(3, 3), stride=(1, 1))
        )
        (non_linearity): GELU(approximate='none')
      )
      (1): SynthesisResidualLayer(
        (pad): ReplicationPad2d((0, 0, 0, 0))
        (conv_layer): Conv2d(3, 3, kernel_size=(1, 1), stride=(1, 1))
        (non_linearity): GELU(approximate='none')
      )
      (2): SynthesisResidualLayer(
        (pad): ReplicationPad2d((0, 0, 0, 0))
        (conv_layer): Conv2d(3, 3, kernel_size=(1, 1), stride=(1, 1))
        (non_linearity): GELU(approximate='none')
      )
      (3): SynthesisResidualLayer(
        (pad): ReplicationPad2d((0, 0, 0, 0))
        (conv_layer): Conv2d(3, 3, kernel_size=(1, 1), stride=(1, 1))
        (non_linearity): Identity()
      )
    )
    (global_net): Sequential(
      (0): SynthesisLayer(
        (pad): Identity()
        (conv_layer): SWHDC(
          (conv): Conv2d(2, 3, kernel_size=(3, 3), stride=(1, 1))
        )
        (non_linearity): GELU(approximate='none')
      )
      (1): SynthesisResidualLayer(
        (pad): ReplicationPad2d((0, 0, 0, 0))
        (conv_layer): Conv2d(3, 3, kernel_size=(1, 1), stride=(1, 1))
        (non_linearity): GELU(approximate='none')
      )
      (2): SynthesisResidualLayer(
        (pad): ReplicationPad2d((0, 0, 0, 0))
        (conv_layer): Conv2d(3, 3, kernel_size=(1, 1), stride=(1, 1))
        (non_linearity): GELU(approximate='none')
      )
      (3): SynthesisResidualLayer(
        (pad): ReplicationPad2d((0, 0, 0, 0))
        (conv_layer): Conv2d(3, 3, kernel_size=(1, 1), stride=(1, 1))
        (non_linearity): Identity()
      )
    )
    (agg_func): Sequential(
      (0): SynthesisLayer(
        (pad): ReplicationPad2d((0, 0, 0, 0))
        (conv_layer): Conv2d(18, 3, kernel_size=(1, 1), stride=(1, 1))
        (non_linearity): GELU(approximate='none')
      )
      (1): SynthesisLayer(
        (pad): ReplicationPad2d((0, 0, 0, 0))
        (conv_layer): Conv2d(21, 3, kernel_size=(1, 1), stride=(1, 1))
        (non_linearity): GELU(approximate='none')
      )
      (2): SynthesisLayer(
        (pad): ReplicationPad2d((0, 0, 0, 0))
        (conv_layer): Conv2d(24, 3, kernel_size=(1, 1), stride=(1, 1))
        (non_linearity): GELU(approximate='none')
      )
    )
    (full_net): Sequential(
      (0): SynthesisLayer(
        (pad): ReplicationPad2d((0, 0, 0, 0))
        (conv_layer): Conv2d(7, 12, kernel_size=(1, 1), stride=(1, 1))
        (non_linearity): GELU(approximate='none')
      )
      (1): SynthesisLayer(
        (pad): ReplicationPad2d((0, 0, 0, 0))
        (conv_layer): Conv2d(12, 3, kernel_size=(1, 1), stride=(1, 1))
        (non_linearity): GELU(approximate='none')
      )
      (2): SynthesisResidualLayer(
        (conv_layer): Conv2d(3, 3, kernel_size=(3, 3), stride=(1, 1))
        (non_linearity): GELU(approximate='none')
      )
      (3): SynthesisResidualLayer(
        (conv_layer): Conv2d(3, 3, kernel_size=(3, 3), stride=(1, 1))
        (non_linearity): GELU(approximate='none')
      )
    )
  )
  (modulation_sf): ParameterList(
      (0): Parameter containing: [torch.float32 of size 1x1x8x16 (cuda:0)]
      (1): Parameter containing: [torch.float32 of size 1x1x16x32 (cuda:0)]
      (2): Parameter containing: [torch.float32 of size 1x1x32x64 (cuda:0)]
      (3): Parameter containing: [torch.float32 of size 1x1x64x128 (cuda:0)]
      (4): Parameter containing: [torch.float32 of size 1x1x128x256 (cuda:0)]
      (5): Parameter containing: [torch.float32 of size 1x1x256x512 (cuda:0)]
      (6): Parameter containing: [torch.float32 of size 1x1x512x1024 (cuda:0)]
  )
)
train the 21 -th image
start temperature: 0.3 noise parameter: 2.0
end temperature: 0.1 noise parameter: 1.0
********************Start from stage I
********************going into stage II
eval_object_psnr: 48.20000873719561
eval_background_psnr: 42.693990864549995
eval_background_psnr: 42.693990864549995
********************Evaluation the Image 21-th, after Step 999, BEST PSNR: 41.615560, Print rate 3.682551. *************************
Saved model at ./saved/modbase_7/context_16_arm_mod_16/sparity_0.0/inr_mod_16KODAK_ROI_Global_new_struture_7_12_3_33_orderconcat_operator_0_pw_0.0006_img_object21.pth
Trained the image with PSNR: 41.615559687756296  latent bits 3.6825506687164307 latent bits number 1930717.125
[41.93894035306375, 41.93736858212035, 41.871851641850974, 41.65430134371805, 42.12728497801592, 41.74152771033609, 43.217327343461626, 42.57032413408391, 42.6815338731177, 44.26871792891064, 43.137739715485615, 43.812056595528645, 43.89067429351113, 44.54027782461355, 44.64940593886053, 44.095934117443925, 44.071659417786286, 44.80562914169402, 41.685151983392565, 42.30385382022353, 42.089217344489505, 41.615559687756296]
[4.05171537399292, 4.096495151519775, 4.038559436798096, 4.2877349853515625, 4.181634902954102, 4.102080821990967, 3.621591806411743, 3.6305317878723145, 3.6866250038146973, 3.7933566570281982, 3.6887683868408203, 3.8323006629943848, 3.484137535095215, 3.463470697402954, 3.4061784744262695, 3.2937731742858887, 3.2937684059143066, 3.246706962585449, 3.954380989074707, 4.044881343841553, 3.9845919609069824, 3.6825506687164307]
[2124265.75, 2147743.25, 2117368.25, 2248008.0, 2192381.0, 2150671.75, 1898757.125, 1903444.25, 1932853.25, 1988811.375, 1933977.0, 2009229.25, 1826691.5, 1815856.125, 1785818.5, 1726885.75, 1726883.25, 1702209.5, 2073234.5, 2120682.75, 2089073.75, 1930717.125]
load the model: ./saved/modbase_7/context_16_arm_mod_16/sparity_0.0/inr_mod_16KODAK_ROI_Global_new_struture_7_12_3_33_orderconcat_operator_0_pw_0.0006_img_object21.pth for the  21 -th image
********************Evalutation with quantization
********************Starting quantizing models
eval_object_psnr: 48.19595517492379
full_image_psnr: 41.60483358776293
object_psnr: 48.19595517492379
background_psnr: 42.681805325700545
********************Evaluation the Image 21-th, BEST PSNR: 41.604834, Print rate 3.684891, Network rate 0.025452. *************************
eval_wsssim: 0.993511
Decoded image saved to ./experiments/vcip_combined_loss/decoded_images/othim22_maskerp_wsmse0_swhdc1_erp1_lambda0.0006.png
Evaluate the image: PSNR: 41.60483358776293 All bits: 3.7103424072265625  latent bits: 3.6848907470703125  network bits: 0.02545166015625
Evaluate arm network bits: 0.00946044921875 Evaluate synthesis network bits: 0.014802932739257812
Image All bits num: 1945288.0 latent bits num: 1931944.0 mlp bits num: 13344.0 border bits num:
arm bits num: 4960.0 synthesis bits num: 7761.0
[41.865224681409984, 41.87538067881054, 41.802628736338214, 41.63464672897096, 42.09694950674752, 41.17454895229773, 43.14836065828575, 42.54624609723988, 42.61043462686574, 44.24535971947813, 43.14009218753569, 43.803859275462564, 43.83156612980104, 44.357563143565926, 44.640092218889784, 43.99056639157555, 44.048073680042116, 44.629149845635396, 41.62138534773778, 42.2979153035467, 42.027995825403714, 41.60483358776293]
[4.077506065368652, 4.120659351348877, 4.064502716064453, 4.313893795013428, 4.208370208740234, 4.128405570983887, 3.646812915802002, 3.65701961517334, 3.710573196411133, 3.818457841873169, 3.71671462059021, 3.8595547676086426, 3.509026050567627, 3.4873242378234863, 3.4321422576904297, 3.319763660430908, 3.3187742233276367, 3.2699270248413086, 3.9791758060455322, 4.070545196533203, 4.008054256439209, 3.7103424072265625]
[2137787.5, 2160412.25, 2130970.0, 2261722.75, 2206398.0, 2164473.5, 1911980.25, 1917331.5, 1945409.0, 2001971.625, 1948628.875, 2023518.25, 1839740.25, 1828362.25, 1799431.0, 1740512.25, 1739993.5, 1714383.5, 2086234.125, 2134138.0, 2101374.75, 1945288.0]
Metrics saved to ./experiments/vcip_combined_loss/results.csv
Current eval Ave PSNR: 42.86331242379108 Ave Bits 3.7921611720865425
Namespace(batch_size=1, lr=0.01, data='../data', sparsity=0.0, local_upsampling_kernel_size=8, upsampling_kernel_size=8, static_upsampling_kernel=False, latent_factor=1, mod_base=7, highest_flag=1, context_arm=16, dim_arm_mod=16, use_candidate=True, type='other', mod_hid_layer=0, sythesis_features=12, hidden_features=64, hidden_layer=2, scale=1, lambda_rate=0.0006, lambda_rate_list=[0.0006, 0.0008], start_index=0, mask_type='erp', wsmse_tag=0, swhdc_tag=1, swhdc_dilations=[1, 2, 3, 4], erp_padding=1, workdir='./experiments/vcip_combined_loss', train_steps_1=5000, train_steps_2=1000, loss_type='combined', lambda_dist=0.0023437500000000003, lambda_percep=1.0, patch_h=512, patch_w=1024, all_pix_num=524288, eval_pix_num=524288)
Directory './saved/modbase_7/context_16_arm_mod_16' already exists.
Directory './saved/modbase_7/context_16_arm_mod_16/sparity_0.0' already exists.
top %: 0.0

🔁 Stage-1 Training Candidate 1/7
Quantizer parameter: encoding gain  16
total pixel: 524288
Get Mod with shape torch.Size([1, 1, 8, 16]) at layer: 1
Get Mod with shape torch.Size([1, 1, 16, 32]) at layer: 2
Get Mod with shape torch.Size([1, 1, 32, 64]) at layer: 3
Get Mod with shape torch.Size([1, 1, 64, 128]) at layer: 4
Get Mod with shape torch.Size([1, 1, 128, 256]) at layer: 5
Get Mod with shape torch.Size([1, 1, 256, 512]) at layer: 6
Get Mod with shape torch.Size([1, 1, 512, 1024]) at layer: 7
start temperature: 0.3 noise parameter: 2.0
end temperature: 0.3 noise parameter: 2.0
********************Start from stage I
Step 400, BEST PSNR: 33.374140, Total loss 0.018104 with its rate 2.7056894302368164 latent_bits 1418560.5

🔁 Stage-1 Training Candidate 2/7
Quantizer parameter: encoding gain  16
total pixel: 524288
Get Mod with shape torch.Size([1, 1, 8, 16]) at layer: 1
Get Mod with shape torch.Size([1, 1, 16, 32]) at layer: 2
Get Mod with shape torch.Size([1, 1, 32, 64]) at layer: 3
Get Mod with shape torch.Size([1, 1, 64, 128]) at layer: 4
Get Mod with shape torch.Size([1, 1, 128, 256]) at layer: 5
Get Mod with shape torch.Size([1, 1, 256, 512]) at layer: 6
Get Mod with shape torch.Size([1, 1, 512, 1024]) at layer: 7
start temperature: 0.3 noise parameter: 2.0
end temperature: 0.3 noise parameter: 2.0
********************Start from stage I
Step 400, BEST PSNR: 33.416476, Total loss 0.017610 with its rate 2.6972153186798096 latent_bits 1414117.625

🔁 Stage-1 Training Candidate 3/7
Quantizer parameter: encoding gain  16
total pixel: 524288
Get Mod with shape torch.Size([1, 1, 8, 16]) at layer: 1
Get Mod with shape torch.Size([1, 1, 16, 32]) at layer: 2
Get Mod with shape torch.Size([1, 1, 32, 64]) at layer: 3
Get Mod with shape torch.Size([1, 1, 64, 128]) at layer: 4
Get Mod with shape torch.Size([1, 1, 128, 256]) at layer: 5
Get Mod with shape torch.Size([1, 1, 256, 512]) at layer: 6
Get Mod with shape torch.Size([1, 1, 512, 1024]) at layer: 7
start temperature: 0.3 noise parameter: 2.0
end temperature: 0.3 noise parameter: 2.0
********************Start from stage I
Step 400, BEST PSNR: 34.100647, Total loss 0.016624 with its rate 2.739316940307617 latent_bits 1436191.0

🔁 Stage-1 Training Candidate 4/7
Quantizer parameter: encoding gain  16
total pixel: 524288
Get Mod with shape torch.Size([1, 1, 8, 16]) at layer: 1
Get Mod with shape torch.Size([1, 1, 16, 32]) at layer: 2
Get Mod with shape torch.Size([1, 1, 32, 64]) at layer: 3
Get Mod with shape torch.Size([1, 1, 64, 128]) at layer: 4
Get Mod with shape torch.Size([1, 1, 128, 256]) at layer: 5
Get Mod with shape torch.Size([1, 1, 256, 512]) at layer: 6
Get Mod with shape torch.Size([1, 1, 512, 1024]) at layer: 7
start temperature: 0.3 noise parameter: 2.0
end temperature: 0.3 noise parameter: 2.0
********************Start from stage I
Step 400, BEST PSNR: 34.007519, Total loss 0.016166 with its rate 2.747023105621338 latent_bits 1440231.25

🔁 Stage-1 Training Candidate 5/7
Quantizer parameter: encoding gain  16
total pixel: 524288
Get Mod with shape torch.Size([1, 1, 8, 16]) at layer: 1
Get Mod with shape torch.Size([1, 1, 16, 32]) at layer: 2
Get Mod with shape torch.Size([1, 1, 32, 64]) at layer: 3
Get Mod with shape torch.Size([1, 1, 64, 128]) at layer: 4
Get Mod with shape torch.Size([1, 1, 128, 256]) at layer: 5
Get Mod with shape torch.Size([1, 1, 256, 512]) at layer: 6
Get Mod with shape torch.Size([1, 1, 512, 1024]) at layer: 7
start temperature: 0.3 noise parameter: 2.0
end temperature: 0.3 noise parameter: 2.0
********************Start from stage I
Step 400, BEST PSNR: 33.674015, Total loss 0.017386 with its rate 2.783468246459961 latent_bits 1459339.0

🔁 Stage-1 Training Candidate 6/7
Quantizer parameter: encoding gain  16
total pixel: 524288
Get Mod with shape torch.Size([1, 1, 8, 16]) at layer: 1
Get Mod with shape torch.Size([1, 1, 16, 32]) at layer: 2
Get Mod with shape torch.Size([1, 1, 32, 64]) at layer: 3
Get Mod with shape torch.Size([1, 1, 64, 128]) at layer: 4
Get Mod with shape torch.Size([1, 1, 128, 256]) at layer: 5
Get Mod with shape torch.Size([1, 1, 256, 512]) at layer: 6
Get Mod with shape torch.Size([1, 1, 512, 1024]) at layer: 7
start temperature: 0.3 noise parameter: 2.0
end temperature: 0.3 noise parameter: 2.0
********************Start from stage I
Step 400, BEST PSNR: 34.174502, Total loss 0.016016 with its rate 2.7849056720733643 latent_bits 1460092.625

🔁 Stage-1 Training Candidate 7/7
Quantizer parameter: encoding gain  16
total pixel: 524288
Get Mod with shape torch.Size([1, 1, 8, 16]) at layer: 1
Get Mod with shape torch.Size([1, 1, 16, 32]) at layer: 2
Get Mod with shape torch.Size([1, 1, 32, 64]) at layer: 3
Get Mod with shape torch.Size([1, 1, 64, 128]) at layer: 4
Get Mod with shape torch.Size([1, 1, 128, 256]) at layer: 5
Get Mod with shape torch.Size([1, 1, 256, 512]) at layer: 6
Get Mod with shape torch.Size([1, 1, 512, 1024]) at layer: 7
start temperature: 0.3 noise parameter: 2.0
end temperature: 0.3 noise parameter: 2.0
********************Start from stage I
Step 400, BEST PSNR: 33.799294, Total loss 0.017494 with its rate 2.7278642654418945 latent_bits 1430186.5

🌟 Selected Top-3 Candidates by RD cost

🎯 Stage-2 Refining Candidate 1/3
start temperature: 0.3 noise parameter: 2.0
end temperature: 0.3 noise parameter: 2.0
********************Start from stage I
Step 400, BEST PSNR: 35.013913, Total loss 0.012659 with its rate 3.2493879795074463 latent_bits 1703615.125

🎯 Stage-2 Refining Candidate 2/3
start temperature: 0.3 noise parameter: 2.0
end temperature: 0.3 noise parameter: 2.0
********************Start from stage I
Step 400, BEST PSNR: 36.532392, Total loss 0.011319 with its rate 3.281989574432373 latent_bits 1720707.75

🎯 Stage-2 Refining Candidate 3/3
start temperature: 0.3 noise parameter: 2.0
end temperature: 0.3 noise parameter: 2.0
********************Start from stage I
Step 400, BEST PSNR: 35.588235, Total loss 0.013032 with its rate 3.2959144115448 latent_bits 1728008.375

🏆 Best Candidate Final PSNR: 36.53, Rate: 3.2820
Masked_INR(
  (upsampling_2d): Upsampling(
    (conv_transpose2d): UpsamplingConvTranspose2d()
  )
  (arm): Arm(
    (mlp): Sequential(
      (0): ArmConv(
        (conv1_1): Conv1d(16, 16, kernel_size=(1,), stride=(1,))
      )
      (1): GELU(approximate='none')
      (2): ArmConv(
        (conv1_1): Conv1d(16, 16, kernel_size=(1,), stride=(1,))
      )
      (3): GELU(approximate='none')
      (4): ArmConv(
        (conv1_1): Conv1d(16, 2, kernel_size=(1,), stride=(1,))
      )
    )
  )
  (conv_mod): LocalGlobalBlock(
    (net): Sequential(
      (0): SynthesisLayer(
        (pad): Identity()
        (conv_layer): SWHDC(
          (conv): Conv2d(2, 3, kernel_size=(3, 3), stride=(1, 1))
        )
        (non_linearity): GELU(approximate='none')
      )
      (1): SynthesisResidualLayer(
        (pad): ReplicationPad2d((0, 0, 0, 0))
        (conv_layer): Conv2d(3, 3, kernel_size=(1, 1), stride=(1, 1))
        (non_linearity): GELU(approximate='none')
      )
      (2): SynthesisResidualLayer(
        (pad): ReplicationPad2d((0, 0, 0, 0))
        (conv_layer): Conv2d(3, 3, kernel_size=(1, 1), stride=(1, 1))
        (non_linearity): GELU(approximate='none')
      )
      (3): SynthesisResidualLayer(
        (pad): ReplicationPad2d((0, 0, 0, 0))
        (conv_layer): Conv2d(3, 3, kernel_size=(1, 1), stride=(1, 1))
        (non_linearity): Identity()
      )
    )
    (global_net): Sequential(
      (0): SynthesisLayer(
        (pad): Identity()
        (conv_layer): SWHDC(
          (conv): Conv2d(2, 3, kernel_size=(3, 3), stride=(1, 1))
        )
        (non_linearity): GELU(approximate='none')
      )
      (1): SynthesisResidualLayer(
        (pad): ReplicationPad2d((0, 0, 0, 0))
        (conv_layer): Conv2d(3, 3, kernel_size=(1, 1), stride=(1, 1))
        (non_linearity): GELU(approximate='none')
      )
      (2): SynthesisResidualLayer(
        (pad): ReplicationPad2d((0, 0, 0, 0))
        (conv_layer): Conv2d(3, 3, kernel_size=(1, 1), stride=(1, 1))
        (non_linearity): GELU(approximate='none')
      )
      (3): SynthesisResidualLayer(
        (pad): ReplicationPad2d((0, 0, 0, 0))
        (conv_layer): Conv2d(3, 3, kernel_size=(1, 1), stride=(1, 1))
        (non_linearity): Identity()
      )
    )
    (agg_func): Sequential(
      (0): SynthesisLayer(
        (pad): ReplicationPad2d((0, 0, 0, 0))
        (conv_layer): Conv2d(18, 3, kernel_size=(1, 1), stride=(1, 1))
        (non_linearity): GELU(approximate='none')
      )
      (1): SynthesisLayer(
        (pad): ReplicationPad2d((0, 0, 0, 0))
        (conv_layer): Conv2d(21, 3, kernel_size=(1, 1), stride=(1, 1))
        (non_linearity): GELU(approximate='none')
      )
      (2): SynthesisLayer(
        (pad): ReplicationPad2d((0, 0, 0, 0))
        (conv_layer): Conv2d(24, 3, kernel_size=(1, 1), stride=(1, 1))
        (non_linearity): GELU(approximate='none')
      )
    )
    (full_net): Sequential(
      (0): SynthesisLayer(
        (pad): ReplicationPad2d((0, 0, 0, 0))
        (conv_layer): Conv2d(7, 12, kernel_size=(1, 1), stride=(1, 1))
        (non_linearity): GELU(approximate='none')
      )
      (1): SynthesisLayer(
        (pad): ReplicationPad2d((0, 0, 0, 0))
        (conv_layer): Conv2d(12, 3, kernel_size=(1, 1), stride=(1, 1))
        (non_linearity): GELU(approximate='none')
      )
      (2): SynthesisResidualLayer(
        (conv_layer): Conv2d(3, 3, kernel_size=(3, 3), stride=(1, 1))
        (non_linearity): GELU(approximate='none')
      )
      (3): SynthesisResidualLayer(
        (conv_layer): Conv2d(3, 3, kernel_size=(3, 3), stride=(1, 1))
        (non_linearity): GELU(approximate='none')
      )
    )
  )
  (modulation_sf): ParameterList(
      (0): Parameter containing: [torch.float32 of size 1x1x8x16 (cuda:0)]
      (1): Parameter containing: [torch.float32 of size 1x1x16x32 (cuda:0)]
      (2): Parameter containing: [torch.float32 of size 1x1x32x64 (cuda:0)]
      (3): Parameter containing: [torch.float32 of size 1x1x64x128 (cuda:0)]
      (4): Parameter containing: [torch.float32 of size 1x1x128x256 (cuda:0)]
      (5): Parameter containing: [torch.float32 of size 1x1x256x512 (cuda:0)]
      (6): Parameter containing: [torch.float32 of size 1x1x512x1024 (cuda:0)]
  )
)
train the 22 -th image
start temperature: 0.3 noise parameter: 2.0
end temperature: 0.1 noise parameter: 1.0
********************Start from stage I
********************going into stage II
eval_object_psnr: 46.949551256160625
eval_background_psnr: 42.35837703300411
eval_background_psnr: 42.35837703300411
********************Evaluation the Image 22-th, after Step 999, BEST PSNR: 41.043262, Print rate 3.625594. *************************
Saved model at ./saved/modbase_7/context_16_arm_mod_16/sparity_0.0/inr_mod_16KODAK_ROI_Global_new_struture_7_12_3_33_orderconcat_operator_0_pw_0.0006_img_object22.pth
Trained the image with PSNR: 41.04326170361963  latent bits 3.625594139099121 latent bits number 1900855.5
[41.93894035306375, 41.93736858212035, 41.871851641850974, 41.65430134371805, 42.12728497801592, 41.74152771033609, 43.217327343461626, 42.57032413408391, 42.6815338731177, 44.26871792891064, 43.137739715485615, 43.812056595528645, 43.89067429351113, 44.54027782461355, 44.64940593886053, 44.095934117443925, 44.071659417786286, 44.80562914169402, 41.685151983392565, 42.30385382022353, 42.089217344489505, 41.615559687756296, 41.04326170361963]
[4.05171537399292, 4.096495151519775, 4.038559436798096, 4.2877349853515625, 4.181634902954102, 4.102080821990967, 3.621591806411743, 3.6305317878723145, 3.6866250038146973, 3.7933566570281982, 3.6887683868408203, 3.8323006629943848, 3.484137535095215, 3.463470697402954, 3.4061784744262695, 3.2937731742858887, 3.2937684059143066, 3.246706962585449, 3.954380989074707, 4.044881343841553, 3.9845919609069824, 3.6825506687164307, 3.625594139099121]
[2124265.75, 2147743.25, 2117368.25, 2248008.0, 2192381.0, 2150671.75, 1898757.125, 1903444.25, 1932853.25, 1988811.375, 1933977.0, 2009229.25, 1826691.5, 1815856.125, 1785818.5, 1726885.75, 1726883.25, 1702209.5, 2073234.5, 2120682.75, 2089073.75, 1930717.125, 1900855.5]
load the model: ./saved/modbase_7/context_16_arm_mod_16/sparity_0.0/inr_mod_16KODAK_ROI_Global_new_struture_7_12_3_33_orderconcat_operator_0_pw_0.0006_img_object22.pth for the  22 -th image
********************Evalutation with quantization
********************Starting quantizing models
eval_object_psnr: 47.00002969675989
full_image_psnr: 41.016688600519565
object_psnr: 47.00002969675989
background_psnr: 42.30123783416777
********************Evaluation the Image 22-th, BEST PSNR: 41.016689, Print rate 3.627615, Network rate 0.025223. *************************
eval_wsssim: 0.994290
Decoded image saved to ./experiments/vcip_combined_loss/decoded_images/othim23_maskerp_wsmse0_swhdc1_erp1_lambda0.0006.png
Evaluate the image: PSNR: 41.016688600519565 All bits: 3.6528375148773193  latent bits: 3.627614736557007  network bits: 0.0252227783203125
Evaluate arm network bits: 0.009607315063476562 Evaluate synthesis network bits: 0.014537811279296875
Image All bits num: 1915138.875 latent bits num: 1901914.875 mlp bits num: 13224.0 border bits num:
arm bits num: 5037.0 synthesis bits num: 7622.0
[41.865224681409984, 41.87538067881054, 41.802628736338214, 41.63464672897096, 42.09694950674752, 41.17454895229773, 43.14836065828575, 42.54624609723988, 42.61043462686574, 44.24535971947813, 43.14009218753569, 43.803859275462564, 43.83156612980104, 44.357563143565926, 44.640092218889784, 43.99056639157555, 44.048073680042116, 44.629149845635396, 41.62138534773778, 42.2979153035467, 42.027995825403714, 41.60483358776293, 41.016688600519565]
[4.077506065368652, 4.120659351348877, 4.064502716064453, 4.313893795013428, 4.208370208740234, 4.128405570983887, 3.646812915802002, 3.65701961517334, 3.710573196411133, 3.818457841873169, 3.71671462059021, 3.8595547676086426, 3.509026050567627, 3.4873242378234863, 3.4321422576904297, 3.319763660430908, 3.3187742233276367, 3.2699270248413086, 3.9791758060455322, 4.070545196533203, 4.008054256439209, 3.7103424072265625, 3.6528375148773193]
[2137787.5, 2160412.25, 2130970.0, 2261722.75, 2206398.0, 2164473.5, 1911980.25, 1917331.5, 1945409.0, 2001971.625, 1948628.875, 2023518.25, 1839740.25, 1828362.25, 1799431.0, 1740512.25, 1739993.5, 1714383.5, 2086234.125, 2134138.0, 2101374.75, 1945288.0, 1915138.875]
Metrics saved to ./experiments/vcip_combined_loss/results.csv
Current eval Ave PSNR: 42.78302443147493 Ave Bits 3.7861036217730977
Namespace(batch_size=1, lr=0.01, data='../data', sparsity=0.0, local_upsampling_kernel_size=8, upsampling_kernel_size=8, static_upsampling_kernel=False, latent_factor=1, mod_base=7, highest_flag=1, context_arm=16, dim_arm_mod=16, use_candidate=True, type='other', mod_hid_layer=0, sythesis_features=12, hidden_features=64, hidden_layer=2, scale=1, lambda_rate=0.0006, lambda_rate_list=[0.0006, 0.0008], start_index=0, mask_type='erp', wsmse_tag=0, swhdc_tag=1, swhdc_dilations=[1, 2, 3, 4], erp_padding=1, workdir='./experiments/vcip_combined_loss', train_steps_1=5000, train_steps_2=1000, loss_type='combined', lambda_dist=0.0023437500000000003, lambda_percep=1.0, patch_h=512, patch_w=1024, all_pix_num=524288, eval_pix_num=524288)
Directory './saved/modbase_7/context_16_arm_mod_16' already exists.
Directory './saved/modbase_7/context_16_arm_mod_16/sparity_0.0' already exists.
top %: 0.0

🔁 Stage-1 Training Candidate 1/7
Quantizer parameter: encoding gain  16
total pixel: 524288
Get Mod with shape torch.Size([1, 1, 8, 16]) at layer: 1
Get Mod with shape torch.Size([1, 1, 16, 32]) at layer: 2
Get Mod with shape torch.Size([1, 1, 32, 64]) at layer: 3
Get Mod with shape torch.Size([1, 1, 64, 128]) at layer: 4
Get Mod with shape torch.Size([1, 1, 128, 256]) at layer: 5
Get Mod with shape torch.Size([1, 1, 256, 512]) at layer: 6
Get Mod with shape torch.Size([1, 1, 512, 1024]) at layer: 7
start temperature: 0.3 noise parameter: 2.0
end temperature: 0.3 noise parameter: 2.0
********************Start from stage I
Step 400, BEST PSNR: 32.830362, Total loss 0.018853 with its rate 2.9998860359191895 latent_bits 1572804.25

🔁 Stage-1 Training Candidate 2/7
Quantizer parameter: encoding gain  16
total pixel: 524288
Get Mod with shape torch.Size([1, 1, 8, 16]) at layer: 1
Get Mod with shape torch.Size([1, 1, 16, 32]) at layer: 2
Get Mod with shape torch.Size([1, 1, 32, 64]) at layer: 3
Get Mod with shape torch.Size([1, 1, 64, 128]) at layer: 4
Get Mod with shape torch.Size([1, 1, 128, 256]) at layer: 5
Get Mod with shape torch.Size([1, 1, 256, 512]) at layer: 6
Get Mod with shape torch.Size([1, 1, 512, 1024]) at layer: 7
start temperature: 0.3 noise parameter: 2.0
end temperature: 0.3 noise parameter: 2.0
********************Start from stage I
Step 400, BEST PSNR: 31.690626, Total loss 0.019981 with its rate 2.9477200508117676 latent_bits 1545454.25

🔁 Stage-1 Training Candidate 3/7
Quantizer parameter: encoding gain  16
total pixel: 524288
Get Mod with shape torch.Size([1, 1, 8, 16]) at layer: 1
Get Mod with shape torch.Size([1, 1, 16, 32]) at layer: 2
Get Mod with shape torch.Size([1, 1, 32, 64]) at layer: 3
Get Mod with shape torch.Size([1, 1, 64, 128]) at layer: 4
Get Mod with shape torch.Size([1, 1, 128, 256]) at layer: 5
Get Mod with shape torch.Size([1, 1, 256, 512]) at layer: 6
Get Mod with shape torch.Size([1, 1, 512, 1024]) at layer: 7
start temperature: 0.3 noise parameter: 2.0
end temperature: 0.3 noise parameter: 2.0
********************Start from stage I
Step 400, BEST PSNR: 32.841072, Total loss 0.018887 with its rate 2.931428909301758 latent_bits 1536913.0

🔁 Stage-1 Training Candidate 4/7
Quantizer parameter: encoding gain  16
total pixel: 524288
Get Mod with shape torch.Size([1, 1, 8, 16]) at layer: 1
Get Mod with shape torch.Size([1, 1, 16, 32]) at layer: 2
Get Mod with shape torch.Size([1, 1, 32, 64]) at layer: 3
Get Mod with shape torch.Size([1, 1, 64, 128]) at layer: 4
Get Mod with shape torch.Size([1, 1, 128, 256]) at layer: 5
Get Mod with shape torch.Size([1, 1, 256, 512]) at layer: 6
Get Mod with shape torch.Size([1, 1, 512, 1024]) at layer: 7
start temperature: 0.3 noise parameter: 2.0
end temperature: 0.3 noise parameter: 2.0
********************Start from stage I
Step 400, BEST PSNR: 33.467907, Total loss 0.018284 with its rate 2.951763153076172 latent_bits 1547574.0

🔁 Stage-1 Training Candidate 5/7
Quantizer parameter: encoding gain  16
total pixel: 524288
Get Mod with shape torch.Size([1, 1, 8, 16]) at layer: 1
Get Mod with shape torch.Size([1, 1, 16, 32]) at layer: 2
Get Mod with shape torch.Size([1, 1, 32, 64]) at layer: 3
Get Mod with shape torch.Size([1, 1, 64, 128]) at layer: 4
Get Mod with shape torch.Size([1, 1, 128, 256]) at layer: 5
Get Mod with shape torch.Size([1, 1, 256, 512]) at layer: 6
Get Mod with shape torch.Size([1, 1, 512, 1024]) at layer: 7
start temperature: 0.3 noise parameter: 2.0
end temperature: 0.3 noise parameter: 2.0
********************Start from stage I
Step 400, BEST PSNR: 33.204020, Total loss 0.018964 with its rate 3.039217710494995 latent_bits 1593425.375

🔁 Stage-1 Training Candidate 6/7
Quantizer parameter: encoding gain  16
total pixel: 524288
Get Mod with shape torch.Size([1, 1, 8, 16]) at layer: 1
Get Mod with shape torch.Size([1, 1, 16, 32]) at layer: 2
Get Mod with shape torch.Size([1, 1, 32, 64]) at layer: 3
Get Mod with shape torch.Size([1, 1, 64, 128]) at layer: 4
Get Mod with shape torch.Size([1, 1, 128, 256]) at layer: 5
Get Mod with shape torch.Size([1, 1, 256, 512]) at layer: 6
Get Mod with shape torch.Size([1, 1, 512, 1024]) at layer: 7
start temperature: 0.3 noise parameter: 2.0
end temperature: 0.3 noise parameter: 2.0
********************Start from stage I
Step 400, BEST PSNR: 33.596083, Total loss 0.018570 with its rate 2.9415929317474365 latent_bits 1542241.875

🔁 Stage-1 Training Candidate 7/7
Quantizer parameter: encoding gain  16
total pixel: 524288
Get Mod with shape torch.Size([1, 1, 8, 16]) at layer: 1
Get Mod with shape torch.Size([1, 1, 16, 32]) at layer: 2
Get Mod with shape torch.Size([1, 1, 32, 64]) at layer: 3
Get Mod with shape torch.Size([1, 1, 64, 128]) at layer: 4
Get Mod with shape torch.Size([1, 1, 128, 256]) at layer: 5
Get Mod with shape torch.Size([1, 1, 256, 512]) at layer: 6
Get Mod with shape torch.Size([1, 1, 512, 1024]) at layer: 7
start temperature: 0.3 noise parameter: 2.0
end temperature: 0.3 noise parameter: 2.0
********************Start from stage I
Step 400, BEST PSNR: 33.038574, Total loss 0.019639 with its rate 2.9878244400024414 latent_bits 1566480.5

🌟 Selected Top-3 Candidates by RD cost

🎯 Stage-2 Refining Candidate 1/3
start temperature: 0.3 noise parameter: 2.0
end temperature: 0.3 noise parameter: 2.0
********************Start from stage I
Step 400, BEST PSNR: 36.492192, Total loss 0.013090 with its rate 3.5637927055358887 latent_bits 1868453.75

🎯 Stage-2 Refining Candidate 2/3
start temperature: 0.3 noise parameter: 2.0
end temperature: 0.3 noise parameter: 2.0
********************Start from stage I
Step 400, BEST PSNR: 36.048786, Total loss 0.013737 with its rate 3.504146099090576 latent_bits 1837181.75

🎯 Stage-2 Refining Candidate 3/3
start temperature: 0.3 noise parameter: 2.0
end temperature: 0.3 noise parameter: 2.0
********************Start from stage I
Step 400, BEST PSNR: 36.178545, Total loss 0.013091 with its rate 3.568546772003174 latent_bits 1870946.25

🏆 Best Candidate Final PSNR: 36.49, Rate: 3.5638
Masked_INR(
  (upsampling_2d): Upsampling(
    (conv_transpose2d): UpsamplingConvTranspose2d()
  )
  (arm): Arm(
    (mlp): Sequential(
      (0): ArmConv(
        (conv1_1): Conv1d(16, 16, kernel_size=(1,), stride=(1,))
      )
      (1): GELU(approximate='none')
      (2): ArmConv(
        (conv1_1): Conv1d(16, 16, kernel_size=(1,), stride=(1,))
      )
      (3): GELU(approximate='none')
      (4): ArmConv(
        (conv1_1): Conv1d(16, 2, kernel_size=(1,), stride=(1,))
      )
    )
  )
  (conv_mod): LocalGlobalBlock(
    (net): Sequential(
      (0): SynthesisLayer(
        (pad): Identity()
        (conv_layer): SWHDC(
          (conv): Conv2d(2, 3, kernel_size=(3, 3), stride=(1, 1))
        )
        (non_linearity): GELU(approximate='none')
      )
      (1): SynthesisResidualLayer(
        (pad): ReplicationPad2d((0, 0, 0, 0))
        (conv_layer): Conv2d(3, 3, kernel_size=(1, 1), stride=(1, 1))
        (non_linearity): GELU(approximate='none')
      )
      (2): SynthesisResidualLayer(
        (pad): ReplicationPad2d((0, 0, 0, 0))
        (conv_layer): Conv2d(3, 3, kernel_size=(1, 1), stride=(1, 1))
        (non_linearity): GELU(approximate='none')
      )
      (3): SynthesisResidualLayer(
        (pad): ReplicationPad2d((0, 0, 0, 0))
        (conv_layer): Conv2d(3, 3, kernel_size=(1, 1), stride=(1, 1))
        (non_linearity): Identity()
      )
    )
    (global_net): Sequential(
      (0): SynthesisLayer(
        (pad): Identity()
        (conv_layer): SWHDC(
          (conv): Conv2d(2, 3, kernel_size=(3, 3), stride=(1, 1))
        )
        (non_linearity): GELU(approximate='none')
      )
      (1): SynthesisResidualLayer(
        (pad): ReplicationPad2d((0, 0, 0, 0))
        (conv_layer): Conv2d(3, 3, kernel_size=(1, 1), stride=(1, 1))
        (non_linearity): GELU(approximate='none')
      )
      (2): SynthesisResidualLayer(
        (pad): ReplicationPad2d((0, 0, 0, 0))
        (conv_layer): Conv2d(3, 3, kernel_size=(1, 1), stride=(1, 1))
        (non_linearity): GELU(approximate='none')
      )
      (3): SynthesisResidualLayer(
        (pad): ReplicationPad2d((0, 0, 0, 0))
        (conv_layer): Conv2d(3, 3, kernel_size=(1, 1), stride=(1, 1))
        (non_linearity): Identity()
      )
    )
    (agg_func): Sequential(
      (0): SynthesisLayer(
        (pad): ReplicationPad2d((0, 0, 0, 0))
        (conv_layer): Conv2d(18, 3, kernel_size=(1, 1), stride=(1, 1))
        (non_linearity): GELU(approximate='none')
      )
      (1): SynthesisLayer(
        (pad): ReplicationPad2d((0, 0, 0, 0))
        (conv_layer): Conv2d(21, 3, kernel_size=(1, 1), stride=(1, 1))
        (non_linearity): GELU(approximate='none')
      )
      (2): SynthesisLayer(
        (pad): ReplicationPad2d((0, 0, 0, 0))
        (conv_layer): Conv2d(24, 3, kernel_size=(1, 1), stride=(1, 1))
        (non_linearity): GELU(approximate='none')
      )
    )
    (full_net): Sequential(
      (0): SynthesisLayer(
        (pad): ReplicationPad2d((0, 0, 0, 0))
        (conv_layer): Conv2d(7, 12, kernel_size=(1, 1), stride=(1, 1))
        (non_linearity): GELU(approximate='none')
      )
      (1): SynthesisLayer(
        (pad): ReplicationPad2d((0, 0, 0, 0))
        (conv_layer): Conv2d(12, 3, kernel_size=(1, 1), stride=(1, 1))
        (non_linearity): GELU(approximate='none')
      )
      (2): SynthesisResidualLayer(
        (conv_layer): Conv2d(3, 3, kernel_size=(3, 3), stride=(1, 1))
        (non_linearity): GELU(approximate='none')
      )
      (3): SynthesisResidualLayer(
        (conv_layer): Conv2d(3, 3, kernel_size=(3, 3), stride=(1, 1))
        (non_linearity): GELU(approximate='none')
      )
    )
  )
  (modulation_sf): ParameterList(
      (0): Parameter containing: [torch.float32 of size 1x1x8x16 (cuda:0)]
      (1): Parameter containing: [torch.float32 of size 1x1x16x32 (cuda:0)]
      (2): Parameter containing: [torch.float32 of size 1x1x32x64 (cuda:0)]
      (3): Parameter containing: [torch.float32 of size 1x1x64x128 (cuda:0)]
      (4): Parameter containing: [torch.float32 of size 1x1x128x256 (cuda:0)]
      (5): Parameter containing: [torch.float32 of size 1x1x256x512 (cuda:0)]
      (6): Parameter containing: [torch.float32 of size 1x1x512x1024 (cuda:0)]
  )
)
train the 23 -th image
start temperature: 0.3 noise parameter: 2.0
end temperature: 0.1 noise parameter: 1.0
********************Start from stage I
********************going into stage II
eval_object_psnr: 45.13962666501248
eval_background_psnr: 42.30551148581275
eval_background_psnr: 42.30551148581275
********************Evaluation the Image 23-th, after Step 999, BEST PSNR: 40.479501, Print rate 4.015758. *************************
Saved model at ./saved/modbase_7/context_16_arm_mod_16/sparity_0.0/inr_mod_16KODAK_ROI_Global_new_struture_7_12_3_33_orderconcat_operator_0_pw_0.0006_img_object23.pth
Trained the image with PSNR: 40.47950144863314  latent bits 4.0157575607299805 latent bits number 2105413.5
[41.93894035306375, 41.93736858212035, 41.871851641850974, 41.65430134371805, 42.12728497801592, 41.74152771033609, 43.217327343461626, 42.57032413408391, 42.6815338731177, 44.26871792891064, 43.137739715485615, 43.812056595528645, 43.89067429351113, 44.54027782461355, 44.64940593886053, 44.095934117443925, 44.071659417786286, 44.80562914169402, 41.685151983392565, 42.30385382022353, 42.089217344489505, 41.615559687756296, 41.04326170361963, 40.47950144863314]
[4.05171537399292, 4.096495151519775, 4.038559436798096, 4.2877349853515625, 4.181634902954102, 4.102080821990967, 3.621591806411743, 3.6305317878723145, 3.6866250038146973, 3.7933566570281982, 3.6887683868408203, 3.8323006629943848, 3.484137535095215, 3.463470697402954, 3.4061784744262695, 3.2937731742858887, 3.2937684059143066, 3.246706962585449, 3.954380989074707, 4.044881343841553, 3.9845919609069824, 3.6825506687164307, 3.625594139099121, 4.0157575607299805]
[2124265.75, 2147743.25, 2117368.25, 2248008.0, 2192381.0, 2150671.75, 1898757.125, 1903444.25, 1932853.25, 1988811.375, 1933977.0, 2009229.25, 1826691.5, 1815856.125, 1785818.5, 1726885.75, 1726883.25, 1702209.5, 2073234.5, 2120682.75, 2089073.75, 1930717.125, 1900855.5, 2105413.5]
load the model: ./saved/modbase_7/context_16_arm_mod_16/sparity_0.0/inr_mod_16KODAK_ROI_Global_new_struture_7_12_3_33_orderconcat_operator_0_pw_0.0006_img_object23.pth for the  23 -th image
********************Evalutation with quantization
********************Starting quantizing models
eval_object_psnr: 45.06777254578632
full_image_psnr: 40.428101814789194
object_psnr: 45.06777254578632
background_psnr: 42.264778854544765
********************Evaluation the Image 23-th, BEST PSNR: 40.428102, Print rate 4.019339, Network rate 0.024359. *************************
eval_wsssim: 0.992919
Decoded image saved to ./experiments/vcip_combined_loss/decoded_images/othim24_maskerp_wsmse0_swhdc1_erp1_lambda0.0006.png
Evaluate the image: PSNR: 40.428101814789194 All bits: 4.043697357177734  latent bits: 4.019338607788086  network bits: 0.024358749389648438
Evaluate arm network bits: 0.009603500366210938 Evaluate synthesis network bits: 0.013601303100585938
Image All bits num: 2120062.0 latent bits num: 2107291.0 mlp bits num: 12771.0 border bits num:
arm bits num: 5035.0 synthesis bits num: 7131.0
[41.865224681409984, 41.87538067881054, 41.802628736338214, 41.63464672897096, 42.09694950674752, 41.17454895229773, 43.14836065828575, 42.54624609723988, 42.61043462686574, 44.24535971947813, 43.14009218753569, 43.803859275462564, 43.83156612980104, 44.357563143565926, 44.640092218889784, 43.99056639157555, 44.048073680042116, 44.629149845635396, 41.62138534773778, 42.2979153035467, 42.027995825403714, 41.60483358776293, 41.016688600519565, 40.428101814789194]
[4.077506065368652, 4.120659351348877, 4.064502716064453, 4.313893795013428, 4.208370208740234, 4.128405570983887, 3.646812915802002, 3.65701961517334, 3.710573196411133, 3.818457841873169, 3.71671462059021, 3.8595547676086426, 3.509026050567627, 3.4873242378234863, 3.4321422576904297, 3.319763660430908, 3.3187742233276367, 3.2699270248413086, 3.9791758060455322, 4.070545196533203, 4.008054256439209, 3.7103424072265625, 3.6528375148773193, 4.043697357177734]
[2137787.5, 2160412.25, 2130970.0, 2261722.75, 2206398.0, 2164473.5, 1911980.25, 1917331.5, 1945409.0, 2001971.625, 1948628.875, 2023518.25, 1839740.25, 1828362.25, 1799431.0, 1740512.25, 1739993.5, 1714383.5, 2086234.125, 2134138.0, 2101374.75, 1945288.0, 1915138.875, 2120062.0]
Metrics saved to ./experiments/vcip_combined_loss/results.csv
Current eval Ave PSNR: 42.68490265577967 Ave Bits 3.7968366940816245
Namespace(batch_size=1, lr=0.01, data='../data', sparsity=0.0, local_upsampling_kernel_size=8, upsampling_kernel_size=8, static_upsampling_kernel=False, latent_factor=1, mod_base=7, highest_flag=1, context_arm=16, dim_arm_mod=16, use_candidate=True, type='other', mod_hid_layer=0, sythesis_features=12, hidden_features=64, hidden_layer=2, scale=1, lambda_rate=0.0006, lambda_rate_list=[0.0006, 0.0008], start_index=0, mask_type='erp', wsmse_tag=0, swhdc_tag=1, swhdc_dilations=[1, 2, 3, 4], erp_padding=1, workdir='./experiments/vcip_combined_loss', train_steps_1=5000, train_steps_2=1000, loss_type='combined', lambda_dist=0.0023437500000000003, lambda_percep=1.0, patch_h=512, patch_w=1024, all_pix_num=524288, eval_pix_num=524288)
Directory './saved/modbase_7/context_16_arm_mod_16' already exists.
Directory './saved/modbase_7/context_16_arm_mod_16/sparity_0.0' already exists.
top %: 0.0

🔁 Stage-1 Training Candidate 1/7
Quantizer parameter: encoding gain  16
total pixel: 524288
Get Mod with shape torch.Size([1, 1, 8, 16]) at layer: 1
Get Mod with shape torch.Size([1, 1, 16, 32]) at layer: 2
Get Mod with shape torch.Size([1, 1, 32, 64]) at layer: 3
Get Mod with shape torch.Size([1, 1, 64, 128]) at layer: 4
Get Mod with shape torch.Size([1, 1, 128, 256]) at layer: 5
Get Mod with shape torch.Size([1, 1, 256, 512]) at layer: 6
Get Mod with shape torch.Size([1, 1, 512, 1024]) at layer: 7
start temperature: 0.3 noise parameter: 2.0
end temperature: 0.3 noise parameter: 2.0
********************Start from stage I
Step 400, BEST PSNR: 31.950639, Total loss 0.029849 with its rate 3.2943508625030518 latent_bits 1727188.625

🔁 Stage-1 Training Candidate 2/7
Quantizer parameter: encoding gain  16
total pixel: 524288
Get Mod with shape torch.Size([1, 1, 8, 16]) at layer: 1
Get Mod with shape torch.Size([1, 1, 16, 32]) at layer: 2
Get Mod with shape torch.Size([1, 1, 32, 64]) at layer: 3
Get Mod with shape torch.Size([1, 1, 64, 128]) at layer: 4
Get Mod with shape torch.Size([1, 1, 128, 256]) at layer: 5
Get Mod with shape torch.Size([1, 1, 256, 512]) at layer: 6
Get Mod with shape torch.Size([1, 1, 512, 1024]) at layer: 7
start temperature: 0.3 noise parameter: 2.0
end temperature: 0.3 noise parameter: 2.0
********************Start from stage I
Step 400, BEST PSNR: 31.759175, Total loss 0.029108 with its rate 3.092695951461792 latent_bits 1621463.375

🔁 Stage-1 Training Candidate 3/7
Quantizer parameter: encoding gain  16
total pixel: 524288
Get Mod with shape torch.Size([1, 1, 8, 16]) at layer: 1
Get Mod with shape torch.Size([1, 1, 16, 32]) at layer: 2
Get Mod with shape torch.Size([1, 1, 32, 64]) at layer: 3
Get Mod with shape torch.Size([1, 1, 64, 128]) at layer: 4
Get Mod with shape torch.Size([1, 1, 128, 256]) at layer: 5
Get Mod with shape torch.Size([1, 1, 256, 512]) at layer: 6
Get Mod with shape torch.Size([1, 1, 512, 1024]) at layer: 7
start temperature: 0.3 noise parameter: 2.0
end temperature: 0.3 noise parameter: 2.0
********************Start from stage I
Step 400, BEST PSNR: 32.788034, Total loss 0.025534 with its rate 3.214661121368408 latent_bits 1685408.25

🔁 Stage-1 Training Candidate 4/7
Quantizer parameter: encoding gain  16
total pixel: 524288
Get Mod with shape torch.Size([1, 1, 8, 16]) at layer: 1
Get Mod with shape torch.Size([1, 1, 16, 32]) at layer: 2
Get Mod with shape torch.Size([1, 1, 32, 64]) at layer: 3
Get Mod with shape torch.Size([1, 1, 64, 128]) at layer: 4
Get Mod with shape torch.Size([1, 1, 128, 256]) at layer: 5
Get Mod with shape torch.Size([1, 1, 256, 512]) at layer: 6
Get Mod with shape torch.Size([1, 1, 512, 1024]) at layer: 7
start temperature: 0.3 noise parameter: 2.0
end temperature: 0.3 noise parameter: 2.0
********************Start from stage I
Step 400, BEST PSNR: 32.248862, Total loss 0.027076 with its rate 3.233639717102051 latent_bits 1695358.5

🔁 Stage-1 Training Candidate 5/7
Quantizer parameter: encoding gain  16
total pixel: 524288
Get Mod with shape torch.Size([1, 1, 8, 16]) at layer: 1
Get Mod with shape torch.Size([1, 1, 16, 32]) at layer: 2
Get Mod with shape torch.Size([1, 1, 32, 64]) at layer: 3
Get Mod with shape torch.Size([1, 1, 64, 128]) at layer: 4
Get Mod with shape torch.Size([1, 1, 128, 256]) at layer: 5
Get Mod with shape torch.Size([1, 1, 256, 512]) at layer: 6
Get Mod with shape torch.Size([1, 1, 512, 1024]) at layer: 7
start temperature: 0.3 noise parameter: 2.0
end temperature: 0.3 noise parameter: 2.0
********************Start from stage I
Step 400, BEST PSNR: 32.488199, Total loss 0.026047 with its rate 3.2139055728912354 latent_bits 1685012.125

🔁 Stage-1 Training Candidate 6/7
Quantizer parameter: encoding gain  16
total pixel: 524288
Get Mod with shape torch.Size([1, 1, 8, 16]) at layer: 1
Get Mod with shape torch.Size([1, 1, 16, 32]) at layer: 2
Get Mod with shape torch.Size([1, 1, 32, 64]) at layer: 3
Get Mod with shape torch.Size([1, 1, 64, 128]) at layer: 4
Get Mod with shape torch.Size([1, 1, 128, 256]) at layer: 5
Get Mod with shape torch.Size([1, 1, 256, 512]) at layer: 6
Get Mod with shape torch.Size([1, 1, 512, 1024]) at layer: 7
start temperature: 0.3 noise parameter: 2.0
end temperature: 0.3 noise parameter: 2.0
********************Start from stage I
Step 400, BEST PSNR: 32.065858, Total loss 0.026368 with its rate 3.181964874267578 latent_bits 1668266.0

🔁 Stage-1 Training Candidate 7/7
Quantizer parameter: encoding gain  16
total pixel: 524288
Get Mod with shape torch.Size([1, 1, 8, 16]) at layer: 1
Get Mod with shape torch.Size([1, 1, 16, 32]) at layer: 2
Get Mod with shape torch.Size([1, 1, 32, 64]) at layer: 3
Get Mod with shape torch.Size([1, 1, 64, 128]) at layer: 4
Get Mod with shape torch.Size([1, 1, 128, 256]) at layer: 5
Get Mod with shape torch.Size([1, 1, 256, 512]) at layer: 6
Get Mod with shape torch.Size([1, 1, 512, 1024]) at layer: 7
start temperature: 0.3 noise parameter: 2.0
end temperature: 0.3 noise parameter: 2.0
********************Start from stage I
Step 400, BEST PSNR: 31.438363, Total loss 0.031444 with its rate 3.1154696941375732 latent_bits 1633403.375

🌟 Selected Top-3 Candidates by RD cost

🎯 Stage-2 Refining Candidate 1/3
start temperature: 0.3 noise parameter: 2.0
end temperature: 0.3 noise parameter: 2.0
********************Start from stage I
Step 400, BEST PSNR: 34.109443, Total loss 0.021292 with its rate 3.5988292694091797 latent_bits 1886823.0

🎯 Stage-2 Refining Candidate 2/3
start temperature: 0.3 noise parameter: 2.0
end temperature: 0.3 noise parameter: 2.0
********************Start from stage I
Step 400, BEST PSNR: 33.815113, Total loss 0.022140 with its rate 3.6538021564483643 latent_bits 1915644.625

🎯 Stage-2 Refining Candidate 3/3
start temperature: 0.3 noise parameter: 2.0
end temperature: 0.3 noise parameter: 2.0
********************Start from stage I
Step 400, BEST PSNR: 33.480321, Total loss 0.022729 with its rate 3.5568361282348633 latent_bits 1864806.5

🏆 Best Candidate Final PSNR: 34.11, Rate: 3.5988
Masked_INR(
  (upsampling_2d): Upsampling(
    (conv_transpose2d): UpsamplingConvTranspose2d()
  )
  (arm): Arm(
    (mlp): Sequential(
      (0): ArmConv(
        (conv1_1): Conv1d(16, 16, kernel_size=(1,), stride=(1,))
      )
      (1): GELU(approximate='none')
      (2): ArmConv(
        (conv1_1): Conv1d(16, 16, kernel_size=(1,), stride=(1,))
      )
      (3): GELU(approximate='none')
      (4): ArmConv(
        (conv1_1): Conv1d(16, 2, kernel_size=(1,), stride=(1,))
      )
    )
  )
  (conv_mod): LocalGlobalBlock(
    (net): Sequential(
      (0): SynthesisLayer(
        (pad): Identity()
        (conv_layer): SWHDC(
          (conv): Conv2d(2, 3, kernel_size=(3, 3), stride=(1, 1))
        )
        (non_linearity): GELU(approximate='none')
      )
      (1): SynthesisResidualLayer(
        (pad): ReplicationPad2d((0, 0, 0, 0))
        (conv_layer): Conv2d(3, 3, kernel_size=(1, 1), stride=(1, 1))
        (non_linearity): GELU(approximate='none')
      )
      (2): SynthesisResidualLayer(
        (pad): ReplicationPad2d((0, 0, 0, 0))
        (conv_layer): Conv2d(3, 3, kernel_size=(1, 1), stride=(1, 1))
        (non_linearity): GELU(approximate='none')
      )
      (3): SynthesisResidualLayer(
        (pad): ReplicationPad2d((0, 0, 0, 0))
        (conv_layer): Conv2d(3, 3, kernel_size=(1, 1), stride=(1, 1))
        (non_linearity): Identity()
      )
    )
    (global_net): Sequential(
      (0): SynthesisLayer(
        (pad): Identity()
        (conv_layer): SWHDC(
          (conv): Conv2d(2, 3, kernel_size=(3, 3), stride=(1, 1))
        )
        (non_linearity): GELU(approximate='none')
      )
      (1): SynthesisResidualLayer(
        (pad): ReplicationPad2d((0, 0, 0, 0))
        (conv_layer): Conv2d(3, 3, kernel_size=(1, 1), stride=(1, 1))
        (non_linearity): GELU(approximate='none')
      )
      (2): SynthesisResidualLayer(
        (pad): ReplicationPad2d((0, 0, 0, 0))
        (conv_layer): Conv2d(3, 3, kernel_size=(1, 1), stride=(1, 1))
        (non_linearity): GELU(approximate='none')
      )
      (3): SynthesisResidualLayer(
        (pad): ReplicationPad2d((0, 0, 0, 0))
        (conv_layer): Conv2d(3, 3, kernel_size=(1, 1), stride=(1, 1))
        (non_linearity): Identity()
      )
    )
    (agg_func): Sequential(
      (0): SynthesisLayer(
        (pad): ReplicationPad2d((0, 0, 0, 0))
        (conv_layer): Conv2d(18, 3, kernel_size=(1, 1), stride=(1, 1))
        (non_linearity): GELU(approximate='none')
      )
      (1): SynthesisLayer(
        (pad): ReplicationPad2d((0, 0, 0, 0))
        (conv_layer): Conv2d(21, 3, kernel_size=(1, 1), stride=(1, 1))
        (non_linearity): GELU(approximate='none')
      )
      (2): SynthesisLayer(
        (pad): ReplicationPad2d((0, 0, 0, 0))
        (conv_layer): Conv2d(24, 3, kernel_size=(1, 1), stride=(1, 1))
        (non_linearity): GELU(approximate='none')
      )
    )
    (full_net): Sequential(
      (0): SynthesisLayer(
        (pad): ReplicationPad2d((0, 0, 0, 0))
        (conv_layer): Conv2d(7, 12, kernel_size=(1, 1), stride=(1, 1))
        (non_linearity): GELU(approximate='none')
      )
      (1): SynthesisLayer(
        (pad): ReplicationPad2d((0, 0, 0, 0))
        (conv_layer): Conv2d(12, 3, kernel_size=(1, 1), stride=(1, 1))
        (non_linearity): GELU(approximate='none')
      )
      (2): SynthesisResidualLayer(
        (conv_layer): Conv2d(3, 3, kernel_size=(3, 3), stride=(1, 1))
        (non_linearity): GELU(approximate='none')
      )
      (3): SynthesisResidualLayer(
        (conv_layer): Conv2d(3, 3, kernel_size=(3, 3), stride=(1, 1))
        (non_linearity): GELU(approximate='none')
      )
    )
  )
  (modulation_sf): ParameterList(
      (0): Parameter containing: [torch.float32 of size 1x1x8x16 (cuda:0)]
      (1): Parameter containing: [torch.float32 of size 1x1x16x32 (cuda:0)]
      (2): Parameter containing: [torch.float32 of size 1x1x32x64 (cuda:0)]
      (3): Parameter containing: [torch.float32 of size 1x1x64x128 (cuda:0)]
      (4): Parameter containing: [torch.float32 of size 1x1x128x256 (cuda:0)]
      (5): Parameter containing: [torch.float32 of size 1x1x256x512 (cuda:0)]
      (6): Parameter containing: [torch.float32 of size 1x1x512x1024 (cuda:0)]
  )
)
train the 24 -th image
start temperature: 0.3 noise parameter: 2.0
end temperature: 0.1 noise parameter: 1.0
********************Start from stage I
********************going into stage II
eval_object_psnr: 43.8610883453939
eval_background_psnr: 37.60680338017432
eval_background_psnr: 37.60680338017432
********************Evaluation the Image 24-th, after Step 999, BEST PSNR: 36.681987, Print rate 4.247720. *************************
Saved model at ./saved/modbase_7/context_16_arm_mod_16/sparity_0.0/inr_mod_16KODAK_ROI_Global_new_struture_7_12_3_33_orderconcat_operator_0_pw_0.0006_img_object24.pth
Trained the image with PSNR: 36.681986785152986  latent bits 4.247720241546631 latent bits number 2227028.75
[41.93894035306375, 41.93736858212035, 41.871851641850974, 41.65430134371805, 42.12728497801592, 41.74152771033609, 43.217327343461626, 42.57032413408391, 42.6815338731177, 44.26871792891064, 43.137739715485615, 43.812056595528645, 43.89067429351113, 44.54027782461355, 44.64940593886053, 44.095934117443925, 44.071659417786286, 44.80562914169402, 41.685151983392565, 42.30385382022353, 42.089217344489505, 41.615559687756296, 41.04326170361963, 40.47950144863314, 36.681986785152986]
[4.05171537399292, 4.096495151519775, 4.038559436798096, 4.2877349853515625, 4.181634902954102, 4.102080821990967, 3.621591806411743, 3.6305317878723145, 3.6866250038146973, 3.7933566570281982, 3.6887683868408203, 3.8323006629943848, 3.484137535095215, 3.463470697402954, 3.4061784744262695, 3.2937731742858887, 3.2937684059143066, 3.246706962585449, 3.954380989074707, 4.044881343841553, 3.9845919609069824, 3.6825506687164307, 3.625594139099121, 4.0157575607299805, 4.247720241546631]
[2124265.75, 2147743.25, 2117368.25, 2248008.0, 2192381.0, 2150671.75, 1898757.125, 1903444.25, 1932853.25, 1988811.375, 1933977.0, 2009229.25, 1826691.5, 1815856.125, 1785818.5, 1726885.75, 1726883.25, 1702209.5, 2073234.5, 2120682.75, 2089073.75, 1930717.125, 1900855.5, 2105413.5, 2227028.75]
load the model: ./saved/modbase_7/context_16_arm_mod_16/sparity_0.0/inr_mod_16KODAK_ROI_Global_new_struture_7_12_3_33_orderconcat_operator_0_pw_0.0006_img_object24.pth for the  24 -th image
********************Evalutation with quantization
********************Starting quantizing models
eval_object_psnr: 43.81474050797741
full_image_psnr: 36.642581085780854
object_psnr: 43.81474050797741
background_psnr: 37.57020917380513
********************Evaluation the Image 24-th, BEST PSNR: 36.642581, Print rate 4.249523, Network rate 0.025082. *************************
eval_wsssim: 0.986715
Decoded image saved to ./experiments/vcip_combined_loss/decoded_images/othim25_maskerp_wsmse0_swhdc1_erp1_lambda0.0006.png
Evaluate the image: PSNR: 36.642581085780854 All bits: 4.274604797363281  latent bits: 4.249523162841797  network bits: 0.025081634521484375
Evaluate arm network bits: 0.009471893310546875 Evaluate synthesis network bits: 0.014781951904296875
Image All bits num: 2241124.0 latent bits num: 2227974.0 mlp bits num: 13150.0 border bits num:
arm bits num: 4966.0 synthesis bits num: 7750.0
[41.865224681409984, 41.87538067881054, 41.802628736338214, 41.63464672897096, 42.09694950674752, 41.17454895229773, 43.14836065828575, 42.54624609723988, 42.61043462686574, 44.24535971947813, 43.14009218753569, 43.803859275462564, 43.83156612980104, 44.357563143565926, 44.640092218889784, 43.99056639157555, 44.048073680042116, 44.629149845635396, 41.62138534773778, 42.2979153035467, 42.027995825403714, 41.60483358776293, 41.016688600519565, 40.428101814789194, 36.642581085780854]
[4.077506065368652, 4.120659351348877, 4.064502716064453, 4.313893795013428, 4.208370208740234, 4.128405570983887, 3.646812915802002, 3.65701961517334, 3.710573196411133, 3.818457841873169, 3.71671462059021, 3.8595547676086426, 3.509026050567627, 3.4873242378234863, 3.4321422576904297, 3.319763660430908, 3.3187742233276367, 3.2699270248413086, 3.9791758060455322, 4.070545196533203, 4.008054256439209, 3.7103424072265625, 3.6528375148773193, 4.043697357177734, 4.274604797363281]
[2137787.5, 2160412.25, 2130970.0, 2261722.75, 2206398.0, 2164473.5, 1911980.25, 1917331.5, 1945409.0, 2001971.625, 1948628.875, 2023518.25, 1839740.25, 1828362.25, 1799431.0, 1740512.25, 1739993.5, 1714383.5, 2086234.125, 2134138.0, 2101374.75, 1945288.0, 1915138.875, 2120062.0, 2241124.0]
Metrics saved to ./experiments/vcip_combined_loss/results.csv
Current eval Ave PSNR: 42.44320979297972 Ave Bits 3.8159474182128905
Namespace(batch_size=1, lr=0.01, data='../data', sparsity=0.0, local_upsampling_kernel_size=8, upsampling_kernel_size=8, static_upsampling_kernel=False, latent_factor=1, mod_base=7, highest_flag=1, context_arm=16, dim_arm_mod=16, use_candidate=True, type='other', mod_hid_layer=0, sythesis_features=12, hidden_features=64, hidden_layer=2, scale=1, lambda_rate=0.0006, lambda_rate_list=[0.0006, 0.0008], start_index=0, mask_type='erp', wsmse_tag=0, swhdc_tag=1, swhdc_dilations=[1, 2, 3, 4], erp_padding=1, workdir='./experiments/vcip_combined_loss', train_steps_1=5000, train_steps_2=1000, loss_type='combined', lambda_dist=0.0023437500000000003, lambda_percep=1.0, patch_h=512, patch_w=1024, all_pix_num=524288, eval_pix_num=524288)
Directory './saved/modbase_7/context_16_arm_mod_16' already exists.
Directory './saved/modbase_7/context_16_arm_mod_16/sparity_0.0' already exists.
top %: 0.0

🔁 Stage-1 Training Candidate 1/7
Quantizer parameter: encoding gain  16
total pixel: 524288
Get Mod with shape torch.Size([1, 1, 8, 16]) at layer: 1
Get Mod with shape torch.Size([1, 1, 16, 32]) at layer: 2
Get Mod with shape torch.Size([1, 1, 32, 64]) at layer: 3
Get Mod with shape torch.Size([1, 1, 64, 128]) at layer: 4
Get Mod with shape torch.Size([1, 1, 128, 256]) at layer: 5
Get Mod with shape torch.Size([1, 1, 256, 512]) at layer: 6
Get Mod with shape torch.Size([1, 1, 512, 1024]) at layer: 7
start temperature: 0.3 noise parameter: 2.0
end temperature: 0.3 noise parameter: 2.0
********************Start from stage I
Step 400, BEST PSNR: 32.182674, Total loss 0.028578 with its rate 3.1809816360473633 latent_bits 1667750.5

🔁 Stage-1 Training Candidate 2/7
Quantizer parameter: encoding gain  16
total pixel: 524288
Get Mod with shape torch.Size([1, 1, 8, 16]) at layer: 1
Get Mod with shape torch.Size([1, 1, 16, 32]) at layer: 2
Get Mod with shape torch.Size([1, 1, 32, 64]) at layer: 3
Get Mod with shape torch.Size([1, 1, 64, 128]) at layer: 4
Get Mod with shape torch.Size([1, 1, 128, 256]) at layer: 5
Get Mod with shape torch.Size([1, 1, 256, 512]) at layer: 6
Get Mod with shape torch.Size([1, 1, 512, 1024]) at layer: 7
start temperature: 0.3 noise parameter: 2.0
end temperature: 0.3 noise parameter: 2.0
********************Start from stage I
Step 400, BEST PSNR: 31.884261, Total loss 0.028143 with its rate 3.1905674934387207 latent_bits 1672776.25

🔁 Stage-1 Training Candidate 3/7
Quantizer parameter: encoding gain  16
total pixel: 524288
Get Mod with shape torch.Size([1, 1, 8, 16]) at layer: 1
Get Mod with shape torch.Size([1, 1, 16, 32]) at layer: 2
Get Mod with shape torch.Size([1, 1, 32, 64]) at layer: 3
Get Mod with shape torch.Size([1, 1, 64, 128]) at layer: 4
Get Mod with shape torch.Size([1, 1, 128, 256]) at layer: 5
Get Mod with shape torch.Size([1, 1, 256, 512]) at layer: 6
Get Mod with shape torch.Size([1, 1, 512, 1024]) at layer: 7
start temperature: 0.3 noise parameter: 2.0
end temperature: 0.3 noise parameter: 2.0
********************Start from stage I
Step 400, BEST PSNR: 32.180341, Total loss 0.029068 with its rate 3.27077579498291 latent_bits 1714828.5

🔁 Stage-1 Training Candidate 4/7
Quantizer parameter: encoding gain  16
total pixel: 524288
Get Mod with shape torch.Size([1, 1, 8, 16]) at layer: 1
Get Mod with shape torch.Size([1, 1, 16, 32]) at layer: 2
Get Mod with shape torch.Size([1, 1, 32, 64]) at layer: 3
Get Mod with shape torch.Size([1, 1, 64, 128]) at layer: 4
Get Mod with shape torch.Size([1, 1, 128, 256]) at layer: 5
Get Mod with shape torch.Size([1, 1, 256, 512]) at layer: 6
Get Mod with shape torch.Size([1, 1, 512, 1024]) at layer: 7
start temperature: 0.3 noise parameter: 2.0
end temperature: 0.3 noise parameter: 2.0
********************Start from stage I
Step 400, BEST PSNR: 32.300554, Total loss 0.026634 with its rate 3.2017624378204346 latent_bits 1678645.625

🔁 Stage-1 Training Candidate 5/7
Quantizer parameter: encoding gain  16
total pixel: 524288
Get Mod with shape torch.Size([1, 1, 8, 16]) at layer: 1
Get Mod with shape torch.Size([1, 1, 16, 32]) at layer: 2
Get Mod with shape torch.Size([1, 1, 32, 64]) at layer: 3
Get Mod with shape torch.Size([1, 1, 64, 128]) at layer: 4
Get Mod with shape torch.Size([1, 1, 128, 256]) at layer: 5
Get Mod with shape torch.Size([1, 1, 256, 512]) at layer: 6
Get Mod with shape torch.Size([1, 1, 512, 1024]) at layer: 7
start temperature: 0.3 noise parameter: 2.0
end temperature: 0.3 noise parameter: 2.0
********************Start from stage I
Step 400, BEST PSNR: 31.440477, Total loss 0.027428 with its rate 3.213581085205078 latent_bits 1684842.0

🔁 Stage-1 Training Candidate 6/7
Quantizer parameter: encoding gain  16
total pixel: 524288
Get Mod with shape torch.Size([1, 1, 8, 16]) at layer: 1
Get Mod with shape torch.Size([1, 1, 16, 32]) at layer: 2
Get Mod with shape torch.Size([1, 1, 32, 64]) at layer: 3
Get Mod with shape torch.Size([1, 1, 64, 128]) at layer: 4
Get Mod with shape torch.Size([1, 1, 128, 256]) at layer: 5
Get Mod with shape torch.Size([1, 1, 256, 512]) at layer: 6
Get Mod with shape torch.Size([1, 1, 512, 1024]) at layer: 7
start temperature: 0.3 noise parameter: 2.0
end temperature: 0.3 noise parameter: 2.0
********************Start from stage I
Step 400, BEST PSNR: 32.524059, Total loss 0.025873 with its rate 3.1552066802978516 latent_bits 1654237.0

🔁 Stage-1 Training Candidate 7/7
Quantizer parameter: encoding gain  16
total pixel: 524288
Get Mod with shape torch.Size([1, 1, 8, 16]) at layer: 1
Get Mod with shape torch.Size([1, 1, 16, 32]) at layer: 2
Get Mod with shape torch.Size([1, 1, 32, 64]) at layer: 3
Get Mod with shape torch.Size([1, 1, 64, 128]) at layer: 4
Get Mod with shape torch.Size([1, 1, 128, 256]) at layer: 5
Get Mod with shape torch.Size([1, 1, 256, 512]) at layer: 6
Get Mod with shape torch.Size([1, 1, 512, 1024]) at layer: 7
start temperature: 0.3 noise parameter: 2.0
end temperature: 0.3 noise parameter: 2.0
********************Start from stage I
Step 400, BEST PSNR: 31.443866, Total loss 0.031215 with its rate 3.0826828479766846 latent_bits 1616213.625

🌟 Selected Top-3 Candidates by RD cost

🎯 Stage-2 Refining Candidate 1/3
start temperature: 0.3 noise parameter: 2.0
end temperature: 0.3 noise parameter: 2.0
********************Start from stage I
Step 400, BEST PSNR: 34.307242, Total loss 0.021270 with its rate 3.567577600479126 latent_bits 1870438.125

🎯 Stage-2 Refining Candidate 2/3
start temperature: 0.3 noise parameter: 2.0
end temperature: 0.3 noise parameter: 2.0
********************Start from stage I
Step 400, BEST PSNR: 34.156056, Total loss 0.021454 with its rate 3.664890766143799 latent_bits 1921458.25

🎯 Stage-2 Refining Candidate 3/3
start temperature: 0.3 noise parameter: 2.0
end temperature: 0.3 noise parameter: 2.0
********************Start from stage I
Step 400, BEST PSNR: 34.001323, Total loss 0.022317 with its rate 3.6046438217163086 latent_bits 1889871.5

🏆 Best Candidate Final PSNR: 34.31, Rate: 3.5676
Masked_INR(
  (upsampling_2d): Upsampling(
    (conv_transpose2d): UpsamplingConvTranspose2d()
  )
  (arm): Arm(
    (mlp): Sequential(
      (0): ArmConv(
        (conv1_1): Conv1d(16, 16, kernel_size=(1,), stride=(1,))
      )
      (1): GELU(approximate='none')
      (2): ArmConv(
        (conv1_1): Conv1d(16, 16, kernel_size=(1,), stride=(1,))
      )
      (3): GELU(approximate='none')
      (4): ArmConv(
        (conv1_1): Conv1d(16, 2, kernel_size=(1,), stride=(1,))
      )
    )
  )
  (conv_mod): LocalGlobalBlock(
    (net): Sequential(
      (0): SynthesisLayer(
        (pad): Identity()
        (conv_layer): SWHDC(
          (conv): Conv2d(2, 3, kernel_size=(3, 3), stride=(1, 1))
        )
        (non_linearity): GELU(approximate='none')
      )
      (1): SynthesisResidualLayer(
        (pad): ReplicationPad2d((0, 0, 0, 0))
        (conv_layer): Conv2d(3, 3, kernel_size=(1, 1), stride=(1, 1))
        (non_linearity): GELU(approximate='none')
      )
      (2): SynthesisResidualLayer(
        (pad): ReplicationPad2d((0, 0, 0, 0))
        (conv_layer): Conv2d(3, 3, kernel_size=(1, 1), stride=(1, 1))
        (non_linearity): GELU(approximate='none')
      )
      (3): SynthesisResidualLayer(
        (pad): ReplicationPad2d((0, 0, 0, 0))
        (conv_layer): Conv2d(3, 3, kernel_size=(1, 1), stride=(1, 1))
        (non_linearity): Identity()
      )
    )
    (global_net): Sequential(
      (0): SynthesisLayer(
        (pad): Identity()
        (conv_layer): SWHDC(
          (conv): Conv2d(2, 3, kernel_size=(3, 3), stride=(1, 1))
        )
        (non_linearity): GELU(approximate='none')
      )
      (1): SynthesisResidualLayer(
        (pad): ReplicationPad2d((0, 0, 0, 0))
        (conv_layer): Conv2d(3, 3, kernel_size=(1, 1), stride=(1, 1))
        (non_linearity): GELU(approximate='none')
      )
      (2): SynthesisResidualLayer(
        (pad): ReplicationPad2d((0, 0, 0, 0))
        (conv_layer): Conv2d(3, 3, kernel_size=(1, 1), stride=(1, 1))
        (non_linearity): GELU(approximate='none')
      )
      (3): SynthesisResidualLayer(
        (pad): ReplicationPad2d((0, 0, 0, 0))
        (conv_layer): Conv2d(3, 3, kernel_size=(1, 1), stride=(1, 1))
        (non_linearity): Identity()
      )
    )
    (agg_func): Sequential(
      (0): SynthesisLayer(
        (pad): ReplicationPad2d((0, 0, 0, 0))
        (conv_layer): Conv2d(18, 3, kernel_size=(1, 1), stride=(1, 1))
        (non_linearity): GELU(approximate='none')
      )
      (1): SynthesisLayer(
        (pad): ReplicationPad2d((0, 0, 0, 0))
        (conv_layer): Conv2d(21, 3, kernel_size=(1, 1), stride=(1, 1))
        (non_linearity): GELU(approximate='none')
      )
      (2): SynthesisLayer(
        (pad): ReplicationPad2d((0, 0, 0, 0))
        (conv_layer): Conv2d(24, 3, kernel_size=(1, 1), stride=(1, 1))
        (non_linearity): GELU(approximate='none')
      )
    )
    (full_net): Sequential(
      (0): SynthesisLayer(
        (pad): ReplicationPad2d((0, 0, 0, 0))
        (conv_layer): Conv2d(7, 12, kernel_size=(1, 1), stride=(1, 1))
        (non_linearity): GELU(approximate='none')
      )
      (1): SynthesisLayer(
        (pad): ReplicationPad2d((0, 0, 0, 0))
        (conv_layer): Conv2d(12, 3, kernel_size=(1, 1), stride=(1, 1))
        (non_linearity): GELU(approximate='none')
      )
      (2): SynthesisResidualLayer(
        (conv_layer): Conv2d(3, 3, kernel_size=(3, 3), stride=(1, 1))
        (non_linearity): GELU(approximate='none')
      )
      (3): SynthesisResidualLayer(
        (conv_layer): Conv2d(3, 3, kernel_size=(3, 3), stride=(1, 1))
        (non_linearity): GELU(approximate='none')
      )
    )
  )
  (modulation_sf): ParameterList(
      (0): Parameter containing: [torch.float32 of size 1x1x8x16 (cuda:0)]
      (1): Parameter containing: [torch.float32 of size 1x1x16x32 (cuda:0)]
      (2): Parameter containing: [torch.float32 of size 1x1x32x64 (cuda:0)]
      (3): Parameter containing: [torch.float32 of size 1x1x64x128 (cuda:0)]
      (4): Parameter containing: [torch.float32 of size 1x1x128x256 (cuda:0)]
      (5): Parameter containing: [torch.float32 of size 1x1x256x512 (cuda:0)]
      (6): Parameter containing: [torch.float32 of size 1x1x512x1024 (cuda:0)]
  )
)
train the 25 -th image
start temperature: 0.3 noise parameter: 2.0
end temperature: 0.1 noise parameter: 1.0
********************Start from stage I
********************going into stage II
eval_object_psnr: 43.80240097862941
eval_background_psnr: 37.38901222695105
eval_background_psnr: 37.38901222695105
********************Evaluation the Image 25-th, after Step 999, BEST PSNR: 36.490382, Print rate 4.061832. *************************
Saved model at ./saved/modbase_7/context_16_arm_mod_16/sparity_0.0/inr_mod_16KODAK_ROI_Global_new_struture_7_12_3_33_orderconcat_operator_0_pw_0.0006_img_object25.pth
Trained the image with PSNR: 36.49038177597709  latent bits 4.061832427978516 latent bits number 2129570.0
[41.93894035306375, 41.93736858212035, 41.871851641850974, 41.65430134371805, 42.12728497801592, 41.74152771033609, 43.217327343461626, 42.57032413408391, 42.6815338731177, 44.26871792891064, 43.137739715485615, 43.812056595528645, 43.89067429351113, 44.54027782461355, 44.64940593886053, 44.095934117443925, 44.071659417786286, 44.80562914169402, 41.685151983392565, 42.30385382022353, 42.089217344489505, 41.615559687756296, 41.04326170361963, 40.47950144863314, 36.681986785152986, 36.49038177597709]
[4.05171537399292, 4.096495151519775, 4.038559436798096, 4.2877349853515625, 4.181634902954102, 4.102080821990967, 3.621591806411743, 3.6305317878723145, 3.6866250038146973, 3.7933566570281982, 3.6887683868408203, 3.8323006629943848, 3.484137535095215, 3.463470697402954, 3.4061784744262695, 3.2937731742858887, 3.2937684059143066, 3.246706962585449, 3.954380989074707, 4.044881343841553, 3.9845919609069824, 3.6825506687164307, 3.625594139099121, 4.0157575607299805, 4.247720241546631, 4.061832427978516]
[2124265.75, 2147743.25, 2117368.25, 2248008.0, 2192381.0, 2150671.75, 1898757.125, 1903444.25, 1932853.25, 1988811.375, 1933977.0, 2009229.25, 1826691.5, 1815856.125, 1785818.5, 1726885.75, 1726883.25, 1702209.5, 2073234.5, 2120682.75, 2089073.75, 1930717.125, 1900855.5, 2105413.5, 2227028.75, 2129570.0]
load the model: ./saved/modbase_7/context_16_arm_mod_16/sparity_0.0/inr_mod_16KODAK_ROI_Global_new_struture_7_12_3_33_orderconcat_operator_0_pw_0.0006_img_object25.pth for the  25 -th image
********************Evalutation with quantization
********************Starting quantizing models
eval_object_psnr: 43.80223633294736
full_image_psnr: 36.48924436403874
object_psnr: 43.80223633294736
background_psnr: 37.3876385155179
********************Evaluation the Image 25-th, BEST PSNR: 36.489244, Print rate 4.063466, Network rate 0.025301. *************************
eval_wsssim: 0.985680
Decoded image saved to ./experiments/vcip_combined_loss/decoded_images/othim26_maskerp_wsmse0_swhdc1_erp1_lambda0.0006.png
Evaluate the image: PSNR: 36.48924436403874 All bits: 4.088767051696777  latent bits: 4.0634660720825195  network bits: 0.025300979614257812
Evaluate arm network bits: 0.009344100952148438 Evaluate synthesis network bits: 0.014892578125
Image All bits num: 2143691.5 latent bits num: 2130426.5 mlp bits num: 13265.0 border bits num:
arm bits num: 4899.0 synthesis bits num: 7808.0
[41.865224681409984, 41.87538067881054, 41.802628736338214, 41.63464672897096, 42.09694950674752, 41.17454895229773, 43.14836065828575, 42.54624609723988, 42.61043462686574, 44.24535971947813, 43.14009218753569, 43.803859275462564, 43.83156612980104, 44.357563143565926, 44.640092218889784, 43.99056639157555, 44.048073680042116, 44.629149845635396, 41.62138534773778, 42.2979153035467, 42.027995825403714, 41.60483358776293, 41.016688600519565, 40.428101814789194, 36.642581085780854, 36.48924436403874]
[4.077506065368652, 4.120659351348877, 4.064502716064453, 4.313893795013428, 4.208370208740234, 4.128405570983887, 3.646812915802002, 3.65701961517334, 3.710573196411133, 3.818457841873169, 3.71671462059021, 3.8595547676086426, 3.509026050567627, 3.4873242378234863, 3.4321422576904297, 3.319763660430908, 3.3187742233276367, 3.2699270248413086, 3.9791758060455322, 4.070545196533203, 4.008054256439209, 3.7103424072265625, 3.6528375148773193, 4.043697357177734, 4.274604797363281, 4.088767051696777]
[2137787.5, 2160412.25, 2130970.0, 2261722.75, 2206398.0, 2164473.5, 1911980.25, 1917331.5, 1945409.0, 2001971.625, 1948628.875, 2023518.25, 1839740.25, 1828362.25, 1799431.0, 1740512.25, 1739993.5, 1714383.5, 2086234.125, 2134138.0, 2101374.75, 1945288.0, 1915138.875, 2120062.0, 2241124.0, 2143691.5]
Metrics saved to ./experiments/vcip_combined_loss/results.csv
Current eval Ave PSNR: 42.21421112263584 Ave Bits 3.826440481039194
Namespace(batch_size=1, lr=0.01, data='../data', sparsity=0.0, local_upsampling_kernel_size=8, upsampling_kernel_size=8, static_upsampling_kernel=False, latent_factor=1, mod_base=7, highest_flag=1, context_arm=16, dim_arm_mod=16, use_candidate=True, type='other', mod_hid_layer=0, sythesis_features=12, hidden_features=64, hidden_layer=2, scale=1, lambda_rate=0.0006, lambda_rate_list=[0.0006, 0.0008], start_index=0, mask_type='erp', wsmse_tag=0, swhdc_tag=1, swhdc_dilations=[1, 2, 3, 4], erp_padding=1, workdir='./experiments/vcip_combined_loss', train_steps_1=5000, train_steps_2=1000, loss_type='combined', lambda_dist=0.0023437500000000003, lambda_percep=1.0, patch_h=512, patch_w=1024, all_pix_num=524288, eval_pix_num=524288)
Directory './saved/modbase_7/context_16_arm_mod_16' already exists.
Directory './saved/modbase_7/context_16_arm_mod_16/sparity_0.0' already exists.
top %: 0.0

🔁 Stage-1 Training Candidate 1/7
Quantizer parameter: encoding gain  16
total pixel: 524288
Get Mod with shape torch.Size([1, 1, 8, 16]) at layer: 1
Get Mod with shape torch.Size([1, 1, 16, 32]) at layer: 2
Get Mod with shape torch.Size([1, 1, 32, 64]) at layer: 3
Get Mod with shape torch.Size([1, 1, 64, 128]) at layer: 4
Get Mod with shape torch.Size([1, 1, 128, 256]) at layer: 5
Get Mod with shape torch.Size([1, 1, 256, 512]) at layer: 6
Get Mod with shape torch.Size([1, 1, 512, 1024]) at layer: 7
start temperature: 0.3 noise parameter: 2.0
end temperature: 0.3 noise parameter: 2.0
********************Start from stage I
Step 400, BEST PSNR: 32.123781, Total loss 0.028125 with its rate 3.164811372756958 latent_bits 1659272.625

🔁 Stage-1 Training Candidate 2/7
Quantizer parameter: encoding gain  16
total pixel: 524288
Get Mod with shape torch.Size([1, 1, 8, 16]) at layer: 1
Get Mod with shape torch.Size([1, 1, 16, 32]) at layer: 2
Get Mod with shape torch.Size([1, 1, 32, 64]) at layer: 3
Get Mod with shape torch.Size([1, 1, 64, 128]) at layer: 4
Get Mod with shape torch.Size([1, 1, 128, 256]) at layer: 5
Get Mod with shape torch.Size([1, 1, 256, 512]) at layer: 6
Get Mod with shape torch.Size([1, 1, 512, 1024]) at layer: 7
start temperature: 0.3 noise parameter: 2.0
end temperature: 0.3 noise parameter: 2.0
********************Start from stage I
Step 400, BEST PSNR: 32.851398, Total loss 0.029241 with its rate 3.19559383392334 latent_bits 1675411.5

🔁 Stage-1 Training Candidate 3/7
Quantizer parameter: encoding gain  16
total pixel: 524288
Get Mod with shape torch.Size([1, 1, 8, 16]) at layer: 1
Get Mod with shape torch.Size([1, 1, 16, 32]) at layer: 2
Get Mod with shape torch.Size([1, 1, 32, 64]) at layer: 3
Get Mod with shape torch.Size([1, 1, 64, 128]) at layer: 4
Get Mod with shape torch.Size([1, 1, 128, 256]) at layer: 5
Get Mod with shape torch.Size([1, 1, 256, 512]) at layer: 6
Get Mod with shape torch.Size([1, 1, 512, 1024]) at layer: 7
start temperature: 0.3 noise parameter: 2.0
end temperature: 0.3 noise parameter: 2.0
********************Start from stage I
Step 400, BEST PSNR: 33.036866, Total loss 0.027086 with its rate 3.207871437072754 latent_bits 1681848.5

🔁 Stage-1 Training Candidate 4/7
Quantizer parameter: encoding gain  16
total pixel: 524288
Get Mod with shape torch.Size([1, 1, 8, 16]) at layer: 1
Get Mod with shape torch.Size([1, 1, 16, 32]) at layer: 2
Get Mod with shape torch.Size([1, 1, 32, 64]) at layer: 3
Get Mod with shape torch.Size([1, 1, 64, 128]) at layer: 4
Get Mod with shape torch.Size([1, 1, 128, 256]) at layer: 5
Get Mod with shape torch.Size([1, 1, 256, 512]) at layer: 6
Get Mod with shape torch.Size([1, 1, 512, 1024]) at layer: 7
start temperature: 0.3 noise parameter: 2.0
end temperature: 0.3 noise parameter: 2.0
********************Start from stage I
Step 400, BEST PSNR: 32.673847, Total loss 0.031825 with its rate 3.248258113861084 latent_bits 1703022.75

🔁 Stage-1 Training Candidate 5/7
Quantizer parameter: encoding gain  16
total pixel: 524288
Get Mod with shape torch.Size([1, 1, 8, 16]) at layer: 1
Get Mod with shape torch.Size([1, 1, 16, 32]) at layer: 2
Get Mod with shape torch.Size([1, 1, 32, 64]) at layer: 3
Get Mod with shape torch.Size([1, 1, 64, 128]) at layer: 4
Get Mod with shape torch.Size([1, 1, 128, 256]) at layer: 5
Get Mod with shape torch.Size([1, 1, 256, 512]) at layer: 6
Get Mod with shape torch.Size([1, 1, 512, 1024]) at layer: 7
start temperature: 0.3 noise parameter: 2.0
end temperature: 0.3 noise parameter: 2.0
********************Start from stage I
Step 400, BEST PSNR: 32.485385, Total loss 0.027277 with its rate 3.194162368774414 latent_bits 1674661.0

🔁 Stage-1 Training Candidate 6/7
Quantizer parameter: encoding gain  16
total pixel: 524288
Get Mod with shape torch.Size([1, 1, 8, 16]) at layer: 1
Get Mod with shape torch.Size([1, 1, 16, 32]) at layer: 2
Get Mod with shape torch.Size([1, 1, 32, 64]) at layer: 3
Get Mod with shape torch.Size([1, 1, 64, 128]) at layer: 4
Get Mod with shape torch.Size([1, 1, 128, 256]) at layer: 5
Get Mod with shape torch.Size([1, 1, 256, 512]) at layer: 6
Get Mod with shape torch.Size([1, 1, 512, 1024]) at layer: 7
start temperature: 0.3 noise parameter: 2.0
end temperature: 0.3 noise parameter: 2.0
********************Start from stage I
Step 400, BEST PSNR: 33.800425, Total loss 0.026248 with its rate 3.144083023071289 latent_bits 1648405.0

🔁 Stage-1 Training Candidate 7/7
Quantizer parameter: encoding gain  16
total pixel: 524288
Get Mod with shape torch.Size([1, 1, 8, 16]) at layer: 1
Get Mod with shape torch.Size([1, 1, 16, 32]) at layer: 2
Get Mod with shape torch.Size([1, 1, 32, 64]) at layer: 3
Get Mod with shape torch.Size([1, 1, 64, 128]) at layer: 4
Get Mod with shape torch.Size([1, 1, 128, 256]) at layer: 5
Get Mod with shape torch.Size([1, 1, 256, 512]) at layer: 6
Get Mod with shape torch.Size([1, 1, 512, 1024]) at layer: 7
start temperature: 0.3 noise parameter: 2.0
end temperature: 0.3 noise parameter: 2.0
********************Start from stage I
Step 400, BEST PSNR: 33.005745, Total loss 0.026584 with its rate 3.296041965484619 latent_bits 1728075.25

🌟 Selected Top-3 Candidates by RD cost

🎯 Stage-2 Refining Candidate 1/3
start temperature: 0.3 noise parameter: 2.0
end temperature: 0.3 noise parameter: 2.0
********************Start from stage I
Step 400, BEST PSNR: 35.485826, Total loss 0.021124 with its rate 3.6199474334716797 latent_bits 1897895.0

🎯 Stage-2 Refining Candidate 2/3
start temperature: 0.3 noise parameter: 2.0
end temperature: 0.3 noise parameter: 2.0
********************Start from stage I
Step 400, BEST PSNR: 34.895070, Total loss 0.022211 with its rate 3.618896007537842 latent_bits 1897343.75

🎯 Stage-2 Refining Candidate 3/3
start temperature: 0.3 noise parameter: 2.0
end temperature: 0.3 noise parameter: 2.0
********************Start from stage I
Step 400, BEST PSNR: 34.615255, Total loss 0.022370 with its rate 3.6394035816192627 latent_bits 1908095.625

🏆 Best Candidate Final PSNR: 35.49, Rate: 3.6199
Masked_INR(
  (upsampling_2d): Upsampling(
    (conv_transpose2d): UpsamplingConvTranspose2d()
  )
  (arm): Arm(
    (mlp): Sequential(
      (0): ArmConv(
        (conv1_1): Conv1d(16, 16, kernel_size=(1,), stride=(1,))
      )
      (1): GELU(approximate='none')
      (2): ArmConv(
        (conv1_1): Conv1d(16, 16, kernel_size=(1,), stride=(1,))
      )
      (3): GELU(approximate='none')
      (4): ArmConv(
        (conv1_1): Conv1d(16, 2, kernel_size=(1,), stride=(1,))
      )
    )
  )
  (conv_mod): LocalGlobalBlock(
    (net): Sequential(
      (0): SynthesisLayer(
        (pad): Identity()
        (conv_layer): SWHDC(
          (conv): Conv2d(2, 3, kernel_size=(3, 3), stride=(1, 1))
        )
        (non_linearity): GELU(approximate='none')
      )
      (1): SynthesisResidualLayer(
        (pad): ReplicationPad2d((0, 0, 0, 0))
        (conv_layer): Conv2d(3, 3, kernel_size=(1, 1), stride=(1, 1))
        (non_linearity): GELU(approximate='none')
      )
      (2): SynthesisResidualLayer(
        (pad): ReplicationPad2d((0, 0, 0, 0))
        (conv_layer): Conv2d(3, 3, kernel_size=(1, 1), stride=(1, 1))
        (non_linearity): GELU(approximate='none')
      )
      (3): SynthesisResidualLayer(
        (pad): ReplicationPad2d((0, 0, 0, 0))
        (conv_layer): Conv2d(3, 3, kernel_size=(1, 1), stride=(1, 1))
        (non_linearity): Identity()
      )
    )
    (global_net): Sequential(
      (0): SynthesisLayer(
        (pad): Identity()
        (conv_layer): SWHDC(
          (conv): Conv2d(2, 3, kernel_size=(3, 3), stride=(1, 1))
        )
        (non_linearity): GELU(approximate='none')
      )
      (1): SynthesisResidualLayer(
        (pad): ReplicationPad2d((0, 0, 0, 0))
        (conv_layer): Conv2d(3, 3, kernel_size=(1, 1), stride=(1, 1))
        (non_linearity): GELU(approximate='none')
      )
      (2): SynthesisResidualLayer(
        (pad): ReplicationPad2d((0, 0, 0, 0))
        (conv_layer): Conv2d(3, 3, kernel_size=(1, 1), stride=(1, 1))
        (non_linearity): GELU(approximate='none')
      )
      (3): SynthesisResidualLayer(
        (pad): ReplicationPad2d((0, 0, 0, 0))
        (conv_layer): Conv2d(3, 3, kernel_size=(1, 1), stride=(1, 1))
        (non_linearity): Identity()
      )
    )
    (agg_func): Sequential(
      (0): SynthesisLayer(
        (pad): ReplicationPad2d((0, 0, 0, 0))
        (conv_layer): Conv2d(18, 3, kernel_size=(1, 1), stride=(1, 1))
        (non_linearity): GELU(approximate='none')
      )
      (1): SynthesisLayer(
        (pad): ReplicationPad2d((0, 0, 0, 0))
        (conv_layer): Conv2d(21, 3, kernel_size=(1, 1), stride=(1, 1))
        (non_linearity): GELU(approximate='none')
      )
      (2): SynthesisLayer(
        (pad): ReplicationPad2d((0, 0, 0, 0))
        (conv_layer): Conv2d(24, 3, kernel_size=(1, 1), stride=(1, 1))
        (non_linearity): GELU(approximate='none')
      )
    )
    (full_net): Sequential(
      (0): SynthesisLayer(
        (pad): ReplicationPad2d((0, 0, 0, 0))
        (conv_layer): Conv2d(7, 12, kernel_size=(1, 1), stride=(1, 1))
        (non_linearity): GELU(approximate='none')
      )
      (1): SynthesisLayer(
        (pad): ReplicationPad2d((0, 0, 0, 0))
        (conv_layer): Conv2d(12, 3, kernel_size=(1, 1), stride=(1, 1))
        (non_linearity): GELU(approximate='none')
      )
      (2): SynthesisResidualLayer(
        (conv_layer): Conv2d(3, 3, kernel_size=(3, 3), stride=(1, 1))
        (non_linearity): GELU(approximate='none')
      )
      (3): SynthesisResidualLayer(
        (conv_layer): Conv2d(3, 3, kernel_size=(3, 3), stride=(1, 1))
        (non_linearity): GELU(approximate='none')
      )
    )
  )
  (modulation_sf): ParameterList(
      (0): Parameter containing: [torch.float32 of size 1x1x8x16 (cuda:0)]
      (1): Parameter containing: [torch.float32 of size 1x1x16x32 (cuda:0)]
      (2): Parameter containing: [torch.float32 of size 1x1x32x64 (cuda:0)]
      (3): Parameter containing: [torch.float32 of size 1x1x64x128 (cuda:0)]
      (4): Parameter containing: [torch.float32 of size 1x1x128x256 (cuda:0)]
      (5): Parameter containing: [torch.float32 of size 1x1x256x512 (cuda:0)]
      (6): Parameter containing: [torch.float32 of size 1x1x512x1024 (cuda:0)]
  )
)
train the 26 -th image
start temperature: 0.3 noise parameter: 2.0
end temperature: 0.1 noise parameter: 1.0
********************Start from stage I
********************going into stage II
eval_object_psnr: 45.24585120378853
eval_background_psnr: 38.475343043317544
eval_background_psnr: 38.475343043317544
********************Evaluation the Image 26-th, after Step 999, BEST PSNR: 37.645181, Print rate 4.185793. *************************
Saved model at ./saved/modbase_7/context_16_arm_mod_16/sparity_0.0/inr_mod_16KODAK_ROI_Global_new_struture_7_12_3_33_orderconcat_operator_0_pw_0.0006_img_object26.pth
Trained the image with PSNR: 37.64518139635629  latent bits 4.185793399810791 latent bits number 2194561.25
[41.93894035306375, 41.93736858212035, 41.871851641850974, 41.65430134371805, 42.12728497801592, 41.74152771033609, 43.217327343461626, 42.57032413408391, 42.6815338731177, 44.26871792891064, 43.137739715485615, 43.812056595528645, 43.89067429351113, 44.54027782461355, 44.64940593886053, 44.095934117443925, 44.071659417786286, 44.80562914169402, 41.685151983392565, 42.30385382022353, 42.089217344489505, 41.615559687756296, 41.04326170361963, 40.47950144863314, 36.681986785152986, 36.49038177597709, 37.64518139635629]
[4.05171537399292, 4.096495151519775, 4.038559436798096, 4.2877349853515625, 4.181634902954102, 4.102080821990967, 3.621591806411743, 3.6305317878723145, 3.6866250038146973, 3.7933566570281982, 3.6887683868408203, 3.8323006629943848, 3.484137535095215, 3.463470697402954, 3.4061784744262695, 3.2937731742858887, 3.2937684059143066, 3.246706962585449, 3.954380989074707, 4.044881343841553, 3.9845919609069824, 3.6825506687164307, 3.625594139099121, 4.0157575607299805, 4.247720241546631, 4.061832427978516, 4.185793399810791]
[2124265.75, 2147743.25, 2117368.25, 2248008.0, 2192381.0, 2150671.75, 1898757.125, 1903444.25, 1932853.25, 1988811.375, 1933977.0, 2009229.25, 1826691.5, 1815856.125, 1785818.5, 1726885.75, 1726883.25, 1702209.5, 2073234.5, 2120682.75, 2089073.75, 1930717.125, 1900855.5, 2105413.5, 2227028.75, 2129570.0, 2194561.25]
load the model: ./saved/modbase_7/context_16_arm_mod_16/sparity_0.0/inr_mod_16KODAK_ROI_Global_new_struture_7_12_3_33_orderconcat_operator_0_pw_0.0006_img_object26.pth for the  26 -th image
********************Evalutation with quantization
********************Starting quantizing models
eval_object_psnr: 45.16034654580454
full_image_psnr: 37.62747204440826
object_psnr: 45.16034654580454
background_psnr: 38.47123972293852
********************Evaluation the Image 26-th, BEST PSNR: 37.627472, Print rate 4.188991, Network rate 0.022924. *************************
eval_wsssim: 0.985911
Decoded image saved to ./experiments/vcip_combined_loss/decoded_images/othim27_maskerp_wsmse0_swhdc1_erp1_lambda0.0006.png
Evaluate the image: PSNR: 37.62747204440826 All bits: 4.211915016174316  latent bits: 4.188990592956543  network bits: 0.022924423217773438
Evaluate arm network bits: 0.00948333740234375 Evaluate synthesis network bits: 0.0124053955078125
Image All bits num: 2208256.5 latent bits num: 2196237.5 mlp bits num: 12019.0 border bits num:
arm bits num: 4972.0 synthesis bits num: 6504.0
[41.865224681409984, 41.87538067881054, 41.802628736338214, 41.63464672897096, 42.09694950674752, 41.17454895229773, 43.14836065828575, 42.54624609723988, 42.61043462686574, 44.24535971947813, 43.14009218753569, 43.803859275462564, 43.83156612980104, 44.357563143565926, 44.640092218889784, 43.99056639157555, 44.048073680042116, 44.629149845635396, 41.62138534773778, 42.2979153035467, 42.027995825403714, 41.60483358776293, 41.016688600519565, 40.428101814789194, 36.642581085780854, 36.48924436403874, 37.62747204440826]
[4.077506065368652, 4.120659351348877, 4.064502716064453, 4.313893795013428, 4.208370208740234, 4.128405570983887, 3.646812915802002, 3.65701961517334, 3.710573196411133, 3.818457841873169, 3.71671462059021, 3.8595547676086426, 3.509026050567627, 3.4873242378234863, 3.4321422576904297, 3.319763660430908, 3.3187742233276367, 3.2699270248413086, 3.9791758060455322, 4.070545196533203, 4.008054256439209, 3.7103424072265625, 3.6528375148773193, 4.043697357177734, 4.274604797363281, 4.088767051696777, 4.211915016174316]
[2137787.5, 2160412.25, 2130970.0, 2261722.75, 2206398.0, 2164473.5, 1911980.25, 1917331.5, 1945409.0, 2001971.625, 1948628.875, 2023518.25, 1839740.25, 1828362.25, 1799431.0, 1740512.25, 1739993.5, 1714383.5, 2086234.125, 2134138.0, 2101374.75, 1945288.0, 1915138.875, 2120062.0, 2241124.0, 2143691.5, 2208256.5]
Metrics saved to ./experiments/vcip_combined_loss/results.csv
Current eval Ave PSNR: 42.0443318975163 Ave Bits 3.840717315673828
Namespace(batch_size=1, lr=0.01, data='../data', sparsity=0.0, local_upsampling_kernel_size=8, upsampling_kernel_size=8, static_upsampling_kernel=False, latent_factor=1, mod_base=7, highest_flag=1, context_arm=16, dim_arm_mod=16, use_candidate=True, type='other', mod_hid_layer=0, sythesis_features=12, hidden_features=64, hidden_layer=2, scale=1, lambda_rate=0.0006, lambda_rate_list=[0.0006, 0.0008], start_index=0, mask_type='erp', wsmse_tag=0, swhdc_tag=1, swhdc_dilations=[1, 2, 3, 4], erp_padding=1, workdir='./experiments/vcip_combined_loss', train_steps_1=5000, train_steps_2=1000, loss_type='combined', lambda_dist=0.0023437500000000003, lambda_percep=1.0, patch_h=512, patch_w=1024, all_pix_num=524288, eval_pix_num=524288)
Directory './saved/modbase_7/context_16_arm_mod_16' already exists.
Directory './saved/modbase_7/context_16_arm_mod_16/sparity_0.0' already exists.
top %: 0.0

🔁 Stage-1 Training Candidate 1/7
Quantizer parameter: encoding gain  16
total pixel: 524288
Get Mod with shape torch.Size([1, 1, 8, 16]) at layer: 1
Get Mod with shape torch.Size([1, 1, 16, 32]) at layer: 2
Get Mod with shape torch.Size([1, 1, 32, 64]) at layer: 3
Get Mod with shape torch.Size([1, 1, 64, 128]) at layer: 4
Get Mod with shape torch.Size([1, 1, 128, 256]) at layer: 5
Get Mod with shape torch.Size([1, 1, 256, 512]) at layer: 6
Get Mod with shape torch.Size([1, 1, 512, 1024]) at layer: 7
start temperature: 0.3 noise parameter: 2.0
end temperature: 0.3 noise parameter: 2.0
********************Start from stage I
Step 400, BEST PSNR: 35.742961, Total loss 0.010928 with its rate 3.0349626541137695 latent_bits 1591194.5

🔁 Stage-1 Training Candidate 2/7
Quantizer parameter: encoding gain  16
total pixel: 524288
Get Mod with shape torch.Size([1, 1, 8, 16]) at layer: 1
Get Mod with shape torch.Size([1, 1, 16, 32]) at layer: 2
Get Mod with shape torch.Size([1, 1, 32, 64]) at layer: 3
Get Mod with shape torch.Size([1, 1, 64, 128]) at layer: 4
Get Mod with shape torch.Size([1, 1, 128, 256]) at layer: 5
Get Mod with shape torch.Size([1, 1, 256, 512]) at layer: 6
Get Mod with shape torch.Size([1, 1, 512, 1024]) at layer: 7
start temperature: 0.3 noise parameter: 2.0
end temperature: 0.3 noise parameter: 2.0
********************Start from stage I
Step 400, BEST PSNR: 35.955236, Total loss 0.010782 with its rate 3.079873561859131 latent_bits 1614740.75

🔁 Stage-1 Training Candidate 3/7
Quantizer parameter: encoding gain  16
total pixel: 524288
Get Mod with shape torch.Size([1, 1, 8, 16]) at layer: 1
Get Mod with shape torch.Size([1, 1, 16, 32]) at layer: 2
Get Mod with shape torch.Size([1, 1, 32, 64]) at layer: 3
Get Mod with shape torch.Size([1, 1, 64, 128]) at layer: 4
Get Mod with shape torch.Size([1, 1, 128, 256]) at layer: 5
Get Mod with shape torch.Size([1, 1, 256, 512]) at layer: 6
Get Mod with shape torch.Size([1, 1, 512, 1024]) at layer: 7
start temperature: 0.3 noise parameter: 2.0
end temperature: 0.3 noise parameter: 2.0
********************Start from stage I
Step 400, BEST PSNR: 36.382208, Total loss 0.010519 with its rate 3.0064549446105957 latent_bits 1576248.25

🔁 Stage-1 Training Candidate 4/7
Quantizer parameter: encoding gain  16
total pixel: 524288
Get Mod with shape torch.Size([1, 1, 8, 16]) at layer: 1
Get Mod with shape torch.Size([1, 1, 16, 32]) at layer: 2
Get Mod with shape torch.Size([1, 1, 32, 64]) at layer: 3
Get Mod with shape torch.Size([1, 1, 64, 128]) at layer: 4
Get Mod with shape torch.Size([1, 1, 128, 256]) at layer: 5
Get Mod with shape torch.Size([1, 1, 256, 512]) at layer: 6
Get Mod with shape torch.Size([1, 1, 512, 1024]) at layer: 7
start temperature: 0.3 noise parameter: 2.0
end temperature: 0.3 noise parameter: 2.0
********************Start from stage I
Step 400, BEST PSNR: 35.755735, Total loss 0.010845 with its rate 2.9920778274536133 latent_bits 1568710.5

🔁 Stage-1 Training Candidate 5/7
Quantizer parameter: encoding gain  16
total pixel: 524288
Get Mod with shape torch.Size([1, 1, 8, 16]) at layer: 1
Get Mod with shape torch.Size([1, 1, 16, 32]) at layer: 2
Get Mod with shape torch.Size([1, 1, 32, 64]) at layer: 3
Get Mod with shape torch.Size([1, 1, 64, 128]) at layer: 4
Get Mod with shape torch.Size([1, 1, 128, 256]) at layer: 5
Get Mod with shape torch.Size([1, 1, 256, 512]) at layer: 6
Get Mod with shape torch.Size([1, 1, 512, 1024]) at layer: 7
start temperature: 0.3 noise parameter: 2.0
end temperature: 0.3 noise parameter: 2.0
********************Start from stage I
Step 400, BEST PSNR: 36.206215, Total loss 0.010561 with its rate 3.028123378753662 latent_bits 1587608.75

🔁 Stage-1 Training Candidate 6/7
Quantizer parameter: encoding gain  16
total pixel: 524288
Get Mod with shape torch.Size([1, 1, 8, 16]) at layer: 1
Get Mod with shape torch.Size([1, 1, 16, 32]) at layer: 2
Get Mod with shape torch.Size([1, 1, 32, 64]) at layer: 3
Get Mod with shape torch.Size([1, 1, 64, 128]) at layer: 4
Get Mod with shape torch.Size([1, 1, 128, 256]) at layer: 5
Get Mod with shape torch.Size([1, 1, 256, 512]) at layer: 6
Get Mod with shape torch.Size([1, 1, 512, 1024]) at layer: 7
start temperature: 0.3 noise parameter: 2.0
end temperature: 0.3 noise parameter: 2.0
********************Start from stage I
Step 400, BEST PSNR: 35.140218, Total loss 0.010897 with its rate 3.0673046112060547 latent_bits 1608151.0

🔁 Stage-1 Training Candidate 7/7
Quantizer parameter: encoding gain  16
total pixel: 524288
Get Mod with shape torch.Size([1, 1, 8, 16]) at layer: 1
Get Mod with shape torch.Size([1, 1, 16, 32]) at layer: 2
Get Mod with shape torch.Size([1, 1, 32, 64]) at layer: 3
Get Mod with shape torch.Size([1, 1, 64, 128]) at layer: 4
Get Mod with shape torch.Size([1, 1, 128, 256]) at layer: 5
Get Mod with shape torch.Size([1, 1, 256, 512]) at layer: 6
Get Mod with shape torch.Size([1, 1, 512, 1024]) at layer: 7
start temperature: 0.3 noise parameter: 2.0
end temperature: 0.3 noise parameter: 2.0
********************Start from stage I
Step 400, BEST PSNR: 35.144085, Total loss 0.010991 with its rate 3.060560464859009 latent_bits 1604615.125

🌟 Selected Top-3 Candidates by RD cost

🎯 Stage-2 Refining Candidate 1/3
start temperature: 0.3 noise parameter: 2.0
end temperature: 0.3 noise parameter: 2.0
********************Start from stage I
Step 400, BEST PSNR: 38.199383, Total loss 0.008170 with its rate 3.410217761993408 latent_bits 1787936.25

🎯 Stage-2 Refining Candidate 2/3
start temperature: 0.3 noise parameter: 2.0
end temperature: 0.3 noise parameter: 2.0
********************Start from stage I
Step 400, BEST PSNR: 37.097670, Total loss 0.008579 with its rate 3.449197292327881 latent_bits 1808372.75

🎯 Stage-2 Refining Candidate 3/3
start temperature: 0.3 noise parameter: 2.0
end temperature: 0.3 noise parameter: 2.0
********************Start from stage I
Step 400, BEST PSNR: 37.741616, Total loss 0.008093 with its rate 3.507364273071289 latent_bits 1838869.0

🏆 Best Candidate Final PSNR: 37.74, Rate: 3.5074
Masked_INR(
  (upsampling_2d): Upsampling(
    (conv_transpose2d): UpsamplingConvTranspose2d()
  )
  (arm): Arm(
    (mlp): Sequential(
      (0): ArmConv(
        (conv1_1): Conv1d(16, 16, kernel_size=(1,), stride=(1,))
      )
      (1): GELU(approximate='none')
      (2): ArmConv(
        (conv1_1): Conv1d(16, 16, kernel_size=(1,), stride=(1,))
      )
      (3): GELU(approximate='none')
      (4): ArmConv(
        (conv1_1): Conv1d(16, 2, kernel_size=(1,), stride=(1,))
      )
    )
  )
  (conv_mod): LocalGlobalBlock(
    (net): Sequential(
      (0): SynthesisLayer(
        (pad): Identity()
        (conv_layer): SWHDC(
          (conv): Conv2d(2, 3, kernel_size=(3, 3), stride=(1, 1))
        )
        (non_linearity): GELU(approximate='none')
      )
      (1): SynthesisResidualLayer(
        (pad): ReplicationPad2d((0, 0, 0, 0))
        (conv_layer): Conv2d(3, 3, kernel_size=(1, 1), stride=(1, 1))
        (non_linearity): GELU(approximate='none')
      )
      (2): SynthesisResidualLayer(
        (pad): ReplicationPad2d((0, 0, 0, 0))
        (conv_layer): Conv2d(3, 3, kernel_size=(1, 1), stride=(1, 1))
        (non_linearity): GELU(approximate='none')
      )
      (3): SynthesisResidualLayer(
        (pad): ReplicationPad2d((0, 0, 0, 0))
        (conv_layer): Conv2d(3, 3, kernel_size=(1, 1), stride=(1, 1))
        (non_linearity): Identity()
      )
    )
    (global_net): Sequential(
      (0): SynthesisLayer(
        (pad): Identity()
        (conv_layer): SWHDC(
          (conv): Conv2d(2, 3, kernel_size=(3, 3), stride=(1, 1))
        )
        (non_linearity): GELU(approximate='none')
      )
      (1): SynthesisResidualLayer(
        (pad): ReplicationPad2d((0, 0, 0, 0))
        (conv_layer): Conv2d(3, 3, kernel_size=(1, 1), stride=(1, 1))
        (non_linearity): GELU(approximate='none')
      )
      (2): SynthesisResidualLayer(
        (pad): ReplicationPad2d((0, 0, 0, 0))
        (conv_layer): Conv2d(3, 3, kernel_size=(1, 1), stride=(1, 1))
        (non_linearity): GELU(approximate='none')
      )
      (3): SynthesisResidualLayer(
        (pad): ReplicationPad2d((0, 0, 0, 0))
        (conv_layer): Conv2d(3, 3, kernel_size=(1, 1), stride=(1, 1))
        (non_linearity): Identity()
      )
    )
    (agg_func): Sequential(
      (0): SynthesisLayer(
        (pad): ReplicationPad2d((0, 0, 0, 0))
        (conv_layer): Conv2d(18, 3, kernel_size=(1, 1), stride=(1, 1))
        (non_linearity): GELU(approximate='none')
      )
      (1): SynthesisLayer(
        (pad): ReplicationPad2d((0, 0, 0, 0))
        (conv_layer): Conv2d(21, 3, kernel_size=(1, 1), stride=(1, 1))
        (non_linearity): GELU(approximate='none')
      )
      (2): SynthesisLayer(
        (pad): ReplicationPad2d((0, 0, 0, 0))
        (conv_layer): Conv2d(24, 3, kernel_size=(1, 1), stride=(1, 1))
        (non_linearity): GELU(approximate='none')
      )
    )
    (full_net): Sequential(
      (0): SynthesisLayer(
        (pad): ReplicationPad2d((0, 0, 0, 0))
        (conv_layer): Conv2d(7, 12, kernel_size=(1, 1), stride=(1, 1))
        (non_linearity): GELU(approximate='none')
      )
      (1): SynthesisLayer(
        (pad): ReplicationPad2d((0, 0, 0, 0))
        (conv_layer): Conv2d(12, 3, kernel_size=(1, 1), stride=(1, 1))
        (non_linearity): GELU(approximate='none')
      )
      (2): SynthesisResidualLayer(
        (conv_layer): Conv2d(3, 3, kernel_size=(3, 3), stride=(1, 1))
        (non_linearity): GELU(approximate='none')
      )
      (3): SynthesisResidualLayer(
        (conv_layer): Conv2d(3, 3, kernel_size=(3, 3), stride=(1, 1))
        (non_linearity): GELU(approximate='none')
      )
    )
  )
  (modulation_sf): ParameterList(
      (0): Parameter containing: [torch.float32 of size 1x1x8x16 (cuda:0)]
      (1): Parameter containing: [torch.float32 of size 1x1x16x32 (cuda:0)]
      (2): Parameter containing: [torch.float32 of size 1x1x32x64 (cuda:0)]
      (3): Parameter containing: [torch.float32 of size 1x1x64x128 (cuda:0)]
      (4): Parameter containing: [torch.float32 of size 1x1x128x256 (cuda:0)]
      (5): Parameter containing: [torch.float32 of size 1x1x256x512 (cuda:0)]
      (6): Parameter containing: [torch.float32 of size 1x1x512x1024 (cuda:0)]
  )
)
train the 27 -th image
start temperature: 0.3 noise parameter: 2.0
end temperature: 0.1 noise parameter: 1.0
********************Start from stage I
********************going into stage II
eval_object_psnr: 49.350008162038826
eval_background_psnr: 43.948043458568065
eval_background_psnr: 43.948043458568065
********************Evaluation the Image 27-th, after Step 999, BEST PSNR: 42.835877, Print rate 3.810260. *************************
Saved model at ./saved/modbase_7/context_16_arm_mod_16/sparity_0.0/inr_mod_16KODAK_ROI_Global_new_struture_7_12_3_33_orderconcat_operator_0_pw_0.0006_img_object27.pth
Trained the image with PSNR: 42.83587729396421  latent bits 3.8102598190307617 latent bits number 1997673.5
[41.93894035306375, 41.93736858212035, 41.871851641850974, 41.65430134371805, 42.12728497801592, 41.74152771033609, 43.217327343461626, 42.57032413408391, 42.6815338731177, 44.26871792891064, 43.137739715485615, 43.812056595528645, 43.89067429351113, 44.54027782461355, 44.64940593886053, 44.095934117443925, 44.071659417786286, 44.80562914169402, 41.685151983392565, 42.30385382022353, 42.089217344489505, 41.615559687756296, 41.04326170361963, 40.47950144863314, 36.681986785152986, 36.49038177597709, 37.64518139635629, 42.83587729396421]
[4.05171537399292, 4.096495151519775, 4.038559436798096, 4.2877349853515625, 4.181634902954102, 4.102080821990967, 3.621591806411743, 3.6305317878723145, 3.6866250038146973, 3.7933566570281982, 3.6887683868408203, 3.8323006629943848, 3.484137535095215, 3.463470697402954, 3.4061784744262695, 3.2937731742858887, 3.2937684059143066, 3.246706962585449, 3.954380989074707, 4.044881343841553, 3.9845919609069824, 3.6825506687164307, 3.625594139099121, 4.0157575607299805, 4.247720241546631, 4.061832427978516, 4.185793399810791, 3.8102598190307617]
[2124265.75, 2147743.25, 2117368.25, 2248008.0, 2192381.0, 2150671.75, 1898757.125, 1903444.25, 1932853.25, 1988811.375, 1933977.0, 2009229.25, 1826691.5, 1815856.125, 1785818.5, 1726885.75, 1726883.25, 1702209.5, 2073234.5, 2120682.75, 2089073.75, 1930717.125, 1900855.5, 2105413.5, 2227028.75, 2129570.0, 2194561.25, 1997673.5]
load the model: ./saved/modbase_7/context_16_arm_mod_16/sparity_0.0/inr_mod_16KODAK_ROI_Global_new_struture_7_12_3_33_orderconcat_operator_0_pw_0.0006_img_object27.pth for the  27 -th image
********************Evalutation with quantization
********************Starting quantizing models
eval_object_psnr: 49.277149817367786
full_image_psnr: 42.76638732433412
object_psnr: 49.277149817367786
background_psnr: 43.87824484559055
********************Evaluation the Image 27-th, BEST PSNR: 42.766387, Print rate 3.811891, Network rate 0.023895. *************************
eval_wsssim: 0.997063
Decoded image saved to ./experiments/vcip_combined_loss/decoded_images/othim28_maskerp_wsmse0_swhdc1_erp1_lambda0.0006.png
Evaluate the image: PSNR: 42.76638732433412 All bits: 3.8357858657836914  latent bits: 3.8118906021118164  network bits: 0.023895263671875
Evaluate arm network bits: 0.00940704345703125 Evaluate synthesis network bits: 0.013429641723632812
Image All bits num: 2011056.5 latent bits num: 1998528.5 mlp bits num: 12528.0 border bits num:
arm bits num: 4932.0 synthesis bits num: 7041.0
[41.865224681409984, 41.87538067881054, 41.802628736338214, 41.63464672897096, 42.09694950674752, 41.17454895229773, 43.14836065828575, 42.54624609723988, 42.61043462686574, 44.24535971947813, 43.14009218753569, 43.803859275462564, 43.83156612980104, 44.357563143565926, 44.640092218889784, 43.99056639157555, 44.048073680042116, 44.629149845635396, 41.62138534773778, 42.2979153035467, 42.027995825403714, 41.60483358776293, 41.016688600519565, 40.428101814789194, 36.642581085780854, 36.48924436403874, 37.62747204440826, 42.76638732433412]
[4.077506065368652, 4.120659351348877, 4.064502716064453, 4.313893795013428, 4.208370208740234, 4.128405570983887, 3.646812915802002, 3.65701961517334, 3.710573196411133, 3.818457841873169, 3.71671462059021, 3.8595547676086426, 3.509026050567627, 3.4873242378234863, 3.4321422576904297, 3.319763660430908, 3.3187742233276367, 3.2699270248413086, 3.9791758060455322, 4.070545196533203, 4.008054256439209, 3.7103424072265625, 3.6528375148773193, 4.043697357177734, 4.274604797363281, 4.088767051696777, 4.211915016174316, 3.8357858657836914]
[2137787.5, 2160412.25, 2130970.0, 2261722.75, 2206398.0, 2164473.5, 1911980.25, 1917331.5, 1945409.0, 2001971.625, 1948628.875, 2023518.25, 1839740.25, 1828362.25, 1799431.0, 1740512.25, 1739993.5, 1714383.5, 2086234.125, 2134138.0, 2101374.75, 1945288.0, 1915138.875, 2120062.0, 2241124.0, 2143691.5, 2208256.5, 2011056.5]
Metrics saved to ./experiments/vcip_combined_loss/results.csv
Current eval Ave PSNR: 42.07011959133122 Ave Bits 3.840541192463466
Namespace(batch_size=1, lr=0.01, data='../data', sparsity=0.0, local_upsampling_kernel_size=8, upsampling_kernel_size=8, static_upsampling_kernel=False, latent_factor=1, mod_base=7, highest_flag=1, context_arm=16, dim_arm_mod=16, use_candidate=True, type='other', mod_hid_layer=0, sythesis_features=12, hidden_features=64, hidden_layer=2, scale=1, lambda_rate=0.0006, lambda_rate_list=[0.0006, 0.0008], start_index=0, mask_type='erp', wsmse_tag=0, swhdc_tag=1, swhdc_dilations=[1, 2, 3, 4], erp_padding=1, workdir='./experiments/vcip_combined_loss', train_steps_1=5000, train_steps_2=1000, loss_type='combined', lambda_dist=0.0023437500000000003, lambda_percep=1.0, patch_h=512, patch_w=1024, all_pix_num=524288, eval_pix_num=524288)
Directory './saved/modbase_7/context_16_arm_mod_16' already exists.
Directory './saved/modbase_7/context_16_arm_mod_16/sparity_0.0' already exists.
top %: 0.0

🔁 Stage-1 Training Candidate 1/7
Quantizer parameter: encoding gain  16
total pixel: 524288
Get Mod with shape torch.Size([1, 1, 8, 16]) at layer: 1
Get Mod with shape torch.Size([1, 1, 16, 32]) at layer: 2
Get Mod with shape torch.Size([1, 1, 32, 64]) at layer: 3
Get Mod with shape torch.Size([1, 1, 64, 128]) at layer: 4
Get Mod with shape torch.Size([1, 1, 128, 256]) at layer: 5
Get Mod with shape torch.Size([1, 1, 256, 512]) at layer: 6
Get Mod with shape torch.Size([1, 1, 512, 1024]) at layer: 7
start temperature: 0.3 noise parameter: 2.0
end temperature: 0.3 noise parameter: 2.0
********************Start from stage I
Step 400, BEST PSNR: 35.520409, Total loss 0.012264 with its rate 2.95867919921875 latent_bits 1551200.0

🔁 Stage-1 Training Candidate 2/7
Quantizer parameter: encoding gain  16
total pixel: 524288
Get Mod with shape torch.Size([1, 1, 8, 16]) at layer: 1
Get Mod with shape torch.Size([1, 1, 16, 32]) at layer: 2
Get Mod with shape torch.Size([1, 1, 32, 64]) at layer: 3
Get Mod with shape torch.Size([1, 1, 64, 128]) at layer: 4
Get Mod with shape torch.Size([1, 1, 128, 256]) at layer: 5
Get Mod with shape torch.Size([1, 1, 256, 512]) at layer: 6
Get Mod with shape torch.Size([1, 1, 512, 1024]) at layer: 7
start temperature: 0.3 noise parameter: 2.0
end temperature: 0.3 noise parameter: 2.0
********************Start from stage I
Step 400, BEST PSNR: 34.075519, Total loss 0.013917 with its rate 3.171926498413086 latent_bits 1663003.0

🔁 Stage-1 Training Candidate 3/7
Quantizer parameter: encoding gain  16
total pixel: 524288
Get Mod with shape torch.Size([1, 1, 8, 16]) at layer: 1
Get Mod with shape torch.Size([1, 1, 16, 32]) at layer: 2
Get Mod with shape torch.Size([1, 1, 32, 64]) at layer: 3
Get Mod with shape torch.Size([1, 1, 64, 128]) at layer: 4
Get Mod with shape torch.Size([1, 1, 128, 256]) at layer: 5
Get Mod with shape torch.Size([1, 1, 256, 512]) at layer: 6
Get Mod with shape torch.Size([1, 1, 512, 1024]) at layer: 7
start temperature: 0.3 noise parameter: 2.0
end temperature: 0.3 noise parameter: 2.0
********************Start from stage I
Step 400, BEST PSNR: 35.251241, Total loss 0.012760 with its rate 3.0015625953674316 latent_bits 1573683.25

🔁 Stage-1 Training Candidate 4/7
Quantizer parameter: encoding gain  16
total pixel: 524288
Get Mod with shape torch.Size([1, 1, 8, 16]) at layer: 1
Get Mod with shape torch.Size([1, 1, 16, 32]) at layer: 2
Get Mod with shape torch.Size([1, 1, 32, 64]) at layer: 3
Get Mod with shape torch.Size([1, 1, 64, 128]) at layer: 4
Get Mod with shape torch.Size([1, 1, 128, 256]) at layer: 5
Get Mod with shape torch.Size([1, 1, 256, 512]) at layer: 6
Get Mod with shape torch.Size([1, 1, 512, 1024]) at layer: 7
start temperature: 0.3 noise parameter: 2.0
end temperature: 0.3 noise parameter: 2.0
********************Start from stage I
Step 400, BEST PSNR: 35.680862, Total loss 0.012301 with its rate 3.1023406982421875 latent_bits 1626520.0

🔁 Stage-1 Training Candidate 5/7
Quantizer parameter: encoding gain  16
total pixel: 524288
Get Mod with shape torch.Size([1, 1, 8, 16]) at layer: 1
Get Mod with shape torch.Size([1, 1, 16, 32]) at layer: 2
Get Mod with shape torch.Size([1, 1, 32, 64]) at layer: 3
Get Mod with shape torch.Size([1, 1, 64, 128]) at layer: 4
Get Mod with shape torch.Size([1, 1, 128, 256]) at layer: 5
Get Mod with shape torch.Size([1, 1, 256, 512]) at layer: 6
Get Mod with shape torch.Size([1, 1, 512, 1024]) at layer: 7
start temperature: 0.3 noise parameter: 2.0
end temperature: 0.3 noise parameter: 2.0
********************Start from stage I
Step 400, BEST PSNR: 35.586592, Total loss 0.012083 with its rate 3.0389060974121094 latent_bits 1593262.0

🔁 Stage-1 Training Candidate 6/7
Quantizer parameter: encoding gain  16
total pixel: 524288
Get Mod with shape torch.Size([1, 1, 8, 16]) at layer: 1
Get Mod with shape torch.Size([1, 1, 16, 32]) at layer: 2
Get Mod with shape torch.Size([1, 1, 32, 64]) at layer: 3
Get Mod with shape torch.Size([1, 1, 64, 128]) at layer: 4
Get Mod with shape torch.Size([1, 1, 128, 256]) at layer: 5
Get Mod with shape torch.Size([1, 1, 256, 512]) at layer: 6
Get Mod with shape torch.Size([1, 1, 512, 1024]) at layer: 7
start temperature: 0.3 noise parameter: 2.0
end temperature: 0.3 noise parameter: 2.0
********************Start from stage I
Step 400, BEST PSNR: 34.224582, Total loss 0.012867 with its rate 3.0049638748168945 latent_bits 1575466.5

🔁 Stage-1 Training Candidate 7/7
Quantizer parameter: encoding gain  16
total pixel: 524288
Get Mod with shape torch.Size([1, 1, 8, 16]) at layer: 1
Get Mod with shape torch.Size([1, 1, 16, 32]) at layer: 2
Get Mod with shape torch.Size([1, 1, 32, 64]) at layer: 3
Get Mod with shape torch.Size([1, 1, 64, 128]) at layer: 4
Get Mod with shape torch.Size([1, 1, 128, 256]) at layer: 5
Get Mod with shape torch.Size([1, 1, 256, 512]) at layer: 6
Get Mod with shape torch.Size([1, 1, 512, 1024]) at layer: 7
start temperature: 0.3 noise parameter: 2.0
end temperature: 0.3 noise parameter: 2.0
********************Start from stage I
Step 400, BEST PSNR: 34.207174, Total loss 0.012534 with its rate 3.0506958961486816 latent_bits 1599443.25

🌟 Selected Top-3 Candidates by RD cost

🎯 Stage-2 Refining Candidate 1/3
start temperature: 0.3 noise parameter: 2.0
end temperature: 0.3 noise parameter: 2.0
********************Start from stage I
Step 400, BEST PSNR: 37.559613, Total loss 0.008967 with its rate 3.374216079711914 latent_bits 1769061.0

🎯 Stage-2 Refining Candidate 2/3
start temperature: 0.3 noise parameter: 2.0
end temperature: 0.3 noise parameter: 2.0
********************Start from stage I
Step 400, BEST PSNR: 38.120339, Total loss 0.008754 with its rate 3.399061679840088 latent_bits 1782087.25

🎯 Stage-2 Refining Candidate 3/3
start temperature: 0.3 noise parameter: 2.0
end temperature: 0.3 noise parameter: 2.0
********************Start from stage I
Step 400, BEST PSNR: 37.149780, Total loss 0.009559 with its rate 3.480924606323242 latent_bits 1825007.0

🏆 Best Candidate Final PSNR: 38.12, Rate: 3.3991
Masked_INR(
  (upsampling_2d): Upsampling(
    (conv_transpose2d): UpsamplingConvTranspose2d()
  )
  (arm): Arm(
    (mlp): Sequential(
      (0): ArmConv(
        (conv1_1): Conv1d(16, 16, kernel_size=(1,), stride=(1,))
      )
      (1): GELU(approximate='none')
      (2): ArmConv(
        (conv1_1): Conv1d(16, 16, kernel_size=(1,), stride=(1,))
      )
      (3): GELU(approximate='none')
      (4): ArmConv(
        (conv1_1): Conv1d(16, 2, kernel_size=(1,), stride=(1,))
      )
    )
  )
  (conv_mod): LocalGlobalBlock(
    (net): Sequential(
      (0): SynthesisLayer(
        (pad): Identity()
        (conv_layer): SWHDC(
          (conv): Conv2d(2, 3, kernel_size=(3, 3), stride=(1, 1))
        )
        (non_linearity): GELU(approximate='none')
      )
      (1): SynthesisResidualLayer(
        (pad): ReplicationPad2d((0, 0, 0, 0))
        (conv_layer): Conv2d(3, 3, kernel_size=(1, 1), stride=(1, 1))
        (non_linearity): GELU(approximate='none')
      )
      (2): SynthesisResidualLayer(
        (pad): ReplicationPad2d((0, 0, 0, 0))
        (conv_layer): Conv2d(3, 3, kernel_size=(1, 1), stride=(1, 1))
        (non_linearity): GELU(approximate='none')
      )
      (3): SynthesisResidualLayer(
        (pad): ReplicationPad2d((0, 0, 0, 0))
        (conv_layer): Conv2d(3, 3, kernel_size=(1, 1), stride=(1, 1))
        (non_linearity): Identity()
      )
    )
    (global_net): Sequential(
      (0): SynthesisLayer(
        (pad): Identity()
        (conv_layer): SWHDC(
          (conv): Conv2d(2, 3, kernel_size=(3, 3), stride=(1, 1))
        )
        (non_linearity): GELU(approximate='none')
      )
      (1): SynthesisResidualLayer(
        (pad): ReplicationPad2d((0, 0, 0, 0))
        (conv_layer): Conv2d(3, 3, kernel_size=(1, 1), stride=(1, 1))
        (non_linearity): GELU(approximate='none')
      )
      (2): SynthesisResidualLayer(
        (pad): ReplicationPad2d((0, 0, 0, 0))
        (conv_layer): Conv2d(3, 3, kernel_size=(1, 1), stride=(1, 1))
        (non_linearity): GELU(approximate='none')
      )
      (3): SynthesisResidualLayer(
        (pad): ReplicationPad2d((0, 0, 0, 0))
        (conv_layer): Conv2d(3, 3, kernel_size=(1, 1), stride=(1, 1))
        (non_linearity): Identity()
      )
    )
    (agg_func): Sequential(
      (0): SynthesisLayer(
        (pad): ReplicationPad2d((0, 0, 0, 0))
        (conv_layer): Conv2d(18, 3, kernel_size=(1, 1), stride=(1, 1))
        (non_linearity): GELU(approximate='none')
      )
      (1): SynthesisLayer(
        (pad): ReplicationPad2d((0, 0, 0, 0))
        (conv_layer): Conv2d(21, 3, kernel_size=(1, 1), stride=(1, 1))
        (non_linearity): GELU(approximate='none')
      )
      (2): SynthesisLayer(
        (pad): ReplicationPad2d((0, 0, 0, 0))
        (conv_layer): Conv2d(24, 3, kernel_size=(1, 1), stride=(1, 1))
        (non_linearity): GELU(approximate='none')
      )
    )
    (full_net): Sequential(
      (0): SynthesisLayer(
        (pad): ReplicationPad2d((0, 0, 0, 0))
        (conv_layer): Conv2d(7, 12, kernel_size=(1, 1), stride=(1, 1))
        (non_linearity): GELU(approximate='none')
      )
      (1): SynthesisLayer(
        (pad): ReplicationPad2d((0, 0, 0, 0))
        (conv_layer): Conv2d(12, 3, kernel_size=(1, 1), stride=(1, 1))
        (non_linearity): GELU(approximate='none')
      )
      (2): SynthesisResidualLayer(
        (conv_layer): Conv2d(3, 3, kernel_size=(3, 3), stride=(1, 1))
        (non_linearity): GELU(approximate='none')
      )
      (3): SynthesisResidualLayer(
        (conv_layer): Conv2d(3, 3, kernel_size=(3, 3), stride=(1, 1))
        (non_linearity): GELU(approximate='none')
      )
    )
  )
  (modulation_sf): ParameterList(
      (0): Parameter containing: [torch.float32 of size 1x1x8x16 (cuda:0)]
      (1): Parameter containing: [torch.float32 of size 1x1x16x32 (cuda:0)]
      (2): Parameter containing: [torch.float32 of size 1x1x32x64 (cuda:0)]
      (3): Parameter containing: [torch.float32 of size 1x1x64x128 (cuda:0)]
      (4): Parameter containing: [torch.float32 of size 1x1x128x256 (cuda:0)]
      (5): Parameter containing: [torch.float32 of size 1x1x256x512 (cuda:0)]
      (6): Parameter containing: [torch.float32 of size 1x1x512x1024 (cuda:0)]
  )
)
train the 28 -th image
start temperature: 0.3 noise parameter: 2.0
end temperature: 0.1 noise parameter: 1.0
********************Start from stage I
********************going into stage II
eval_object_psnr: 49.01458852565696
eval_background_psnr: 45.277688922014015
eval_background_psnr: 45.277688922014015
********************Evaluation the Image 28-th, after Step 999, BEST PSNR: 43.725774, Print rate 3.761418. *************************
Saved model at ./saved/modbase_7/context_16_arm_mod_16/sparity_0.0/inr_mod_16KODAK_ROI_Global_new_struture_7_12_3_33_orderconcat_operator_0_pw_0.0006_img_object28.pth
Trained the image with PSNR: 43.7257743601351  latent bits 3.761417865753174 latent bits number 1972066.25
[41.93894035306375, 41.93736858212035, 41.871851641850974, 41.65430134371805, 42.12728497801592, 41.74152771033609, 43.217327343461626, 42.57032413408391, 42.6815338731177, 44.26871792891064, 43.137739715485615, 43.812056595528645, 43.89067429351113, 44.54027782461355, 44.64940593886053, 44.095934117443925, 44.071659417786286, 44.80562914169402, 41.685151983392565, 42.30385382022353, 42.089217344489505, 41.615559687756296, 41.04326170361963, 40.47950144863314, 36.681986785152986, 36.49038177597709, 37.64518139635629, 42.83587729396421, 43.7257743601351]
[4.05171537399292, 4.096495151519775, 4.038559436798096, 4.2877349853515625, 4.181634902954102, 4.102080821990967, 3.621591806411743, 3.6305317878723145, 3.6866250038146973, 3.7933566570281982, 3.6887683868408203, 3.8323006629943848, 3.484137535095215, 3.463470697402954, 3.4061784744262695, 3.2937731742858887, 3.2937684059143066, 3.246706962585449, 3.954380989074707, 4.044881343841553, 3.9845919609069824, 3.6825506687164307, 3.625594139099121, 4.0157575607299805, 4.247720241546631, 4.061832427978516, 4.185793399810791, 3.8102598190307617, 3.761417865753174]
[2124265.75, 2147743.25, 2117368.25, 2248008.0, 2192381.0, 2150671.75, 1898757.125, 1903444.25, 1932853.25, 1988811.375, 1933977.0, 2009229.25, 1826691.5, 1815856.125, 1785818.5, 1726885.75, 1726883.25, 1702209.5, 2073234.5, 2120682.75, 2089073.75, 1930717.125, 1900855.5, 2105413.5, 2227028.75, 2129570.0, 2194561.25, 1997673.5, 1972066.25]
load the model: ./saved/modbase_7/context_16_arm_mod_16/sparity_0.0/inr_mod_16KODAK_ROI_Global_new_struture_7_12_3_33_orderconcat_operator_0_pw_0.0006_img_object28.pth for the  28 -th image
********************Evalutation with quantization
********************Starting quantizing models
eval_object_psnr: 49.02715394447074
full_image_psnr: 43.7144963738686
object_psnr: 49.02715394447074
background_psnr: 45.25782205343643
********************Evaluation the Image 28-th, BEST PSNR: 43.714496, Print rate 3.761961, Network rate 0.023865. *************************
eval_wsssim: 0.996868
Decoded image saved to ./experiments/vcip_combined_loss/decoded_images/othim29_maskerp_wsmse0_swhdc1_erp1_lambda0.0006.png
Evaluate the image: PSNR: 43.7144963738686 All bits: 3.785825729370117  latent bits: 3.761960983276367  network bits: 0.02386474609375
Evaluate arm network bits: 0.009485244750976562 Evaluate synthesis network bits: 0.013416290283203125
Image All bits num: 1984863.0 latent bits num: 1972351.0 mlp bits num: 12512.0 border bits num:
arm bits num: 4973.0 synthesis bits num: 7034.0
[41.865224681409984, 41.87538067881054, 41.802628736338214, 41.63464672897096, 42.09694950674752, 41.17454895229773, 43.14836065828575, 42.54624609723988, 42.61043462686574, 44.24535971947813, 43.14009218753569, 43.803859275462564, 43.83156612980104, 44.357563143565926, 44.640092218889784, 43.99056639157555, 44.048073680042116, 44.629149845635396, 41.62138534773778, 42.2979153035467, 42.027995825403714, 41.60483358776293, 41.016688600519565, 40.428101814789194, 36.642581085780854, 36.48924436403874, 37.62747204440826, 42.76638732433412, 43.7144963738686]
[4.077506065368652, 4.120659351348877, 4.064502716064453, 4.313893795013428, 4.208370208740234, 4.128405570983887, 3.646812915802002, 3.65701961517334, 3.710573196411133, 3.818457841873169, 3.71671462059021, 3.8595547676086426, 3.509026050567627, 3.4873242378234863, 3.4321422576904297, 3.319763660430908, 3.3187742233276367, 3.2699270248413086, 3.9791758060455322, 4.070545196533203, 4.008054256439209, 3.7103424072265625, 3.6528375148773193, 4.043697357177734, 4.274604797363281, 4.088767051696777, 4.211915016174316, 3.8357858657836914, 3.785825729370117]
[2137787.5, 2160412.25, 2130970.0, 2261722.75, 2206398.0, 2164473.5, 1911980.25, 1917331.5, 1945409.0, 2001971.625, 1948628.875, 2023518.25, 1839740.25, 1828362.25, 1799431.0, 1740512.25, 1739993.5, 1714383.5, 2086234.125, 2134138.0, 2101374.75, 1945288.0, 1915138.875, 2120062.0, 2241124.0, 2143691.5, 2208256.5, 2011056.5, 1984863.0]
Metrics saved to ./experiments/vcip_combined_loss/results.csv
Current eval Ave PSNR: 42.12682223900492 Ave Bits 3.8386544523567987
Namespace(batch_size=1, lr=0.01, data='../data', sparsity=0.0, local_upsampling_kernel_size=8, upsampling_kernel_size=8, static_upsampling_kernel=False, latent_factor=1, mod_base=7, highest_flag=1, context_arm=16, dim_arm_mod=16, use_candidate=True, type='other', mod_hid_layer=0, sythesis_features=12, hidden_features=64, hidden_layer=2, scale=1, lambda_rate=0.0006, lambda_rate_list=[0.0006, 0.0008], start_index=0, mask_type='erp', wsmse_tag=0, swhdc_tag=1, swhdc_dilations=[1, 2, 3, 4], erp_padding=1, workdir='./experiments/vcip_combined_loss', train_steps_1=5000, train_steps_2=1000, loss_type='combined', lambda_dist=0.0023437500000000003, lambda_percep=1.0, patch_h=512, patch_w=1024, all_pix_num=524288, eval_pix_num=524288)
Directory './saved/modbase_7/context_16_arm_mod_16' already exists.
Directory './saved/modbase_7/context_16_arm_mod_16/sparity_0.0' already exists.
top %: 0.0

🔁 Stage-1 Training Candidate 1/7
Quantizer parameter: encoding gain  16
total pixel: 524288
Get Mod with shape torch.Size([1, 1, 8, 16]) at layer: 1
Get Mod with shape torch.Size([1, 1, 16, 32]) at layer: 2
Get Mod with shape torch.Size([1, 1, 32, 64]) at layer: 3
Get Mod with shape torch.Size([1, 1, 64, 128]) at layer: 4
Get Mod with shape torch.Size([1, 1, 128, 256]) at layer: 5
Get Mod with shape torch.Size([1, 1, 256, 512]) at layer: 6
Get Mod with shape torch.Size([1, 1, 512, 1024]) at layer: 7
start temperature: 0.3 noise parameter: 2.0
end temperature: 0.3 noise parameter: 2.0
********************Start from stage I
Step 400, BEST PSNR: 34.722167, Total loss 0.012019 with its rate 3.0046205520629883 latent_bits 1575286.5

🔁 Stage-1 Training Candidate 2/7
Quantizer parameter: encoding gain  16
total pixel: 524288
Get Mod with shape torch.Size([1, 1, 8, 16]) at layer: 1
Get Mod with shape torch.Size([1, 1, 16, 32]) at layer: 2
Get Mod with shape torch.Size([1, 1, 32, 64]) at layer: 3
Get Mod with shape torch.Size([1, 1, 64, 128]) at layer: 4
Get Mod with shape torch.Size([1, 1, 128, 256]) at layer: 5
Get Mod with shape torch.Size([1, 1, 256, 512]) at layer: 6
Get Mod with shape torch.Size([1, 1, 512, 1024]) at layer: 7
start temperature: 0.3 noise parameter: 2.0
end temperature: 0.3 noise parameter: 2.0
********************Start from stage I
Step 400, BEST PSNR: 34.935463, Total loss 0.011938 with its rate 3.000433921813965 latent_bits 1573091.5

🔁 Stage-1 Training Candidate 3/7
Quantizer parameter: encoding gain  16
total pixel: 524288
Get Mod with shape torch.Size([1, 1, 8, 16]) at layer: 1
Get Mod with shape torch.Size([1, 1, 16, 32]) at layer: 2
Get Mod with shape torch.Size([1, 1, 32, 64]) at layer: 3
Get Mod with shape torch.Size([1, 1, 64, 128]) at layer: 4
Get Mod with shape torch.Size([1, 1, 128, 256]) at layer: 5
Get Mod with shape torch.Size([1, 1, 256, 512]) at layer: 6
Get Mod with shape torch.Size([1, 1, 512, 1024]) at layer: 7
start temperature: 0.3 noise parameter: 2.0
end temperature: 0.3 noise parameter: 2.0
********************Start from stage I
Step 400, BEST PSNR: 35.195257, Total loss 0.011255 with its rate 3.061811685562134 latent_bits 1605271.125

🔁 Stage-1 Training Candidate 4/7
Quantizer parameter: encoding gain  16
total pixel: 524288
Get Mod with shape torch.Size([1, 1, 8, 16]) at layer: 1
Get Mod with shape torch.Size([1, 1, 16, 32]) at layer: 2
Get Mod with shape torch.Size([1, 1, 32, 64]) at layer: 3
Get Mod with shape torch.Size([1, 1, 64, 128]) at layer: 4
Get Mod with shape torch.Size([1, 1, 128, 256]) at layer: 5
Get Mod with shape torch.Size([1, 1, 256, 512]) at layer: 6
Get Mod with shape torch.Size([1, 1, 512, 1024]) at layer: 7
start temperature: 0.3 noise parameter: 2.0
end temperature: 0.3 noise parameter: 2.0
********************Start from stage I
Step 400, BEST PSNR: 34.680431, Total loss 0.012292 with its rate 2.9611916542053223 latent_bits 1552517.25

🔁 Stage-1 Training Candidate 5/7
Quantizer parameter: encoding gain  16
total pixel: 524288
Get Mod with shape torch.Size([1, 1, 8, 16]) at layer: 1
Get Mod with shape torch.Size([1, 1, 16, 32]) at layer: 2
Get Mod with shape torch.Size([1, 1, 32, 64]) at layer: 3
Get Mod with shape torch.Size([1, 1, 64, 128]) at layer: 4
Get Mod with shape torch.Size([1, 1, 128, 256]) at layer: 5
Get Mod with shape torch.Size([1, 1, 256, 512]) at layer: 6
Get Mod with shape torch.Size([1, 1, 512, 1024]) at layer: 7
start temperature: 0.3 noise parameter: 2.0
end temperature: 0.3 noise parameter: 2.0
********************Start from stage I
Step 400, BEST PSNR: 34.484661, Total loss 0.012528 with its rate 3.0030951499938965 latent_bits 1574486.75

🔁 Stage-1 Training Candidate 6/7
Quantizer parameter: encoding gain  16
total pixel: 524288
Get Mod with shape torch.Size([1, 1, 8, 16]) at layer: 1
Get Mod with shape torch.Size([1, 1, 16, 32]) at layer: 2
Get Mod with shape torch.Size([1, 1, 32, 64]) at layer: 3
Get Mod with shape torch.Size([1, 1, 64, 128]) at layer: 4
Get Mod with shape torch.Size([1, 1, 128, 256]) at layer: 5
Get Mod with shape torch.Size([1, 1, 256, 512]) at layer: 6
Get Mod with shape torch.Size([1, 1, 512, 1024]) at layer: 7
start temperature: 0.3 noise parameter: 2.0
end temperature: 0.3 noise parameter: 2.0
********************Start from stage I
Step 400, BEST PSNR: 33.831011, Total loss 0.012553 with its rate 3.0422322750091553 latent_bits 1595005.875

🔁 Stage-1 Training Candidate 7/7
Quantizer parameter: encoding gain  16
total pixel: 524288
Get Mod with shape torch.Size([1, 1, 8, 16]) at layer: 1
Get Mod with shape torch.Size([1, 1, 16, 32]) at layer: 2
Get Mod with shape torch.Size([1, 1, 32, 64]) at layer: 3
Get Mod with shape torch.Size([1, 1, 64, 128]) at layer: 4
Get Mod with shape torch.Size([1, 1, 128, 256]) at layer: 5
Get Mod with shape torch.Size([1, 1, 256, 512]) at layer: 6
Get Mod with shape torch.Size([1, 1, 512, 1024]) at layer: 7
start temperature: 0.3 noise parameter: 2.0
end temperature: 0.3 noise parameter: 2.0
********************Start from stage I
Step 400, BEST PSNR: 35.926073, Total loss 0.010933 with its rate 3.067068099975586 latent_bits 1608027.0

🌟 Selected Top-3 Candidates by RD cost

🎯 Stage-2 Refining Candidate 1/3
start temperature: 0.3 noise parameter: 2.0
end temperature: 0.3 noise parameter: 2.0
********************Start from stage I
Step 400, BEST PSNR: 37.917678, Total loss 0.008257 with its rate 3.452683925628662 latent_bits 1810200.75

🎯 Stage-2 Refining Candidate 2/3
start temperature: 0.3 noise parameter: 2.0
end temperature: 0.3 noise parameter: 2.0
********************Start from stage I
Step 400, BEST PSNR: 37.159072, Total loss 0.008421 with its rate 3.410734176635742 latent_bits 1788207.0

🎯 Stage-2 Refining Candidate 3/3
start temperature: 0.3 noise parameter: 2.0
end temperature: 0.3 noise parameter: 2.0
********************Start from stage I
Step 400, BEST PSNR: 36.831982, Total loss 0.009121 with its rate 3.3393893241882324 latent_bits 1750801.75

🏆 Best Candidate Final PSNR: 37.92, Rate: 3.4527
Masked_INR(
  (upsampling_2d): Upsampling(
    (conv_transpose2d): UpsamplingConvTranspose2d()
  )
  (arm): Arm(
    (mlp): Sequential(
      (0): ArmConv(
        (conv1_1): Conv1d(16, 16, kernel_size=(1,), stride=(1,))
      )
      (1): GELU(approximate='none')
      (2): ArmConv(
        (conv1_1): Conv1d(16, 16, kernel_size=(1,), stride=(1,))
      )
      (3): GELU(approximate='none')
      (4): ArmConv(
        (conv1_1): Conv1d(16, 2, kernel_size=(1,), stride=(1,))
      )
    )
  )
  (conv_mod): LocalGlobalBlock(
    (net): Sequential(
      (0): SynthesisLayer(
        (pad): Identity()
        (conv_layer): SWHDC(
          (conv): Conv2d(2, 3, kernel_size=(3, 3), stride=(1, 1))
        )
        (non_linearity): GELU(approximate='none')
      )
      (1): SynthesisResidualLayer(
        (pad): ReplicationPad2d((0, 0, 0, 0))
        (conv_layer): Conv2d(3, 3, kernel_size=(1, 1), stride=(1, 1))
        (non_linearity): GELU(approximate='none')
      )
      (2): SynthesisResidualLayer(
        (pad): ReplicationPad2d((0, 0, 0, 0))
        (conv_layer): Conv2d(3, 3, kernel_size=(1, 1), stride=(1, 1))
        (non_linearity): GELU(approximate='none')
      )
      (3): SynthesisResidualLayer(
        (pad): ReplicationPad2d((0, 0, 0, 0))
        (conv_layer): Conv2d(3, 3, kernel_size=(1, 1), stride=(1, 1))
        (non_linearity): Identity()
      )
    )
    (global_net): Sequential(
      (0): SynthesisLayer(
        (pad): Identity()
        (conv_layer): SWHDC(
          (conv): Conv2d(2, 3, kernel_size=(3, 3), stride=(1, 1))
        )
        (non_linearity): GELU(approximate='none')
      )
      (1): SynthesisResidualLayer(
        (pad): ReplicationPad2d((0, 0, 0, 0))
        (conv_layer): Conv2d(3, 3, kernel_size=(1, 1), stride=(1, 1))
        (non_linearity): GELU(approximate='none')
      )
      (2): SynthesisResidualLayer(
        (pad): ReplicationPad2d((0, 0, 0, 0))
        (conv_layer): Conv2d(3, 3, kernel_size=(1, 1), stride=(1, 1))
        (non_linearity): GELU(approximate='none')
      )
      (3): SynthesisResidualLayer(
        (pad): ReplicationPad2d((0, 0, 0, 0))
        (conv_layer): Conv2d(3, 3, kernel_size=(1, 1), stride=(1, 1))
        (non_linearity): Identity()
      )
    )
    (agg_func): Sequential(
      (0): SynthesisLayer(
        (pad): ReplicationPad2d((0, 0, 0, 0))
        (conv_layer): Conv2d(18, 3, kernel_size=(1, 1), stride=(1, 1))
        (non_linearity): GELU(approximate='none')
      )
      (1): SynthesisLayer(
        (pad): ReplicationPad2d((0, 0, 0, 0))
        (conv_layer): Conv2d(21, 3, kernel_size=(1, 1), stride=(1, 1))
        (non_linearity): GELU(approximate='none')
      )
      (2): SynthesisLayer(
        (pad): ReplicationPad2d((0, 0, 0, 0))
        (conv_layer): Conv2d(24, 3, kernel_size=(1, 1), stride=(1, 1))
        (non_linearity): GELU(approximate='none')
      )
    )
    (full_net): Sequential(
      (0): SynthesisLayer(
        (pad): ReplicationPad2d((0, 0, 0, 0))
        (conv_layer): Conv2d(7, 12, kernel_size=(1, 1), stride=(1, 1))
        (non_linearity): GELU(approximate='none')
      )
      (1): SynthesisLayer(
        (pad): ReplicationPad2d((0, 0, 0, 0))
        (conv_layer): Conv2d(12, 3, kernel_size=(1, 1), stride=(1, 1))
        (non_linearity): GELU(approximate='none')
      )
      (2): SynthesisResidualLayer(
        (conv_layer): Conv2d(3, 3, kernel_size=(3, 3), stride=(1, 1))
        (non_linearity): GELU(approximate='none')
      )
      (3): SynthesisResidualLayer(
        (conv_layer): Conv2d(3, 3, kernel_size=(3, 3), stride=(1, 1))
        (non_linearity): GELU(approximate='none')
      )
    )
  )
  (modulation_sf): ParameterList(
      (0): Parameter containing: [torch.float32 of size 1x1x8x16 (cuda:0)]
      (1): Parameter containing: [torch.float32 of size 1x1x16x32 (cuda:0)]
      (2): Parameter containing: [torch.float32 of size 1x1x32x64 (cuda:0)]
      (3): Parameter containing: [torch.float32 of size 1x1x64x128 (cuda:0)]
      (4): Parameter containing: [torch.float32 of size 1x1x128x256 (cuda:0)]
      (5): Parameter containing: [torch.float32 of size 1x1x256x512 (cuda:0)]
      (6): Parameter containing: [torch.float32 of size 1x1x512x1024 (cuda:0)]
  )
)
train the 29 -th image
start temperature: 0.3 noise parameter: 2.0
end temperature: 0.1 noise parameter: 1.0
********************Start from stage I
********************going into stage II
eval_object_psnr: 48.43333123013792
eval_background_psnr: 42.93572252410286
eval_background_psnr: 42.93572252410286
********************Evaluation the Image 29-th, after Step 999, BEST PSNR: 41.854801, Print rate 3.784926. *************************
Saved model at ./saved/modbase_7/context_16_arm_mod_16/sparity_0.0/inr_mod_16KODAK_ROI_Global_new_struture_7_12_3_33_orderconcat_operator_0_pw_0.0006_img_object29.pth
Trained the image with PSNR: 41.8548013750514  latent bits 3.784926414489746 latent bits number 1984391.5
[41.93894035306375, 41.93736858212035, 41.871851641850974, 41.65430134371805, 42.12728497801592, 41.74152771033609, 43.217327343461626, 42.57032413408391, 42.6815338731177, 44.26871792891064, 43.137739715485615, 43.812056595528645, 43.89067429351113, 44.54027782461355, 44.64940593886053, 44.095934117443925, 44.071659417786286, 44.80562914169402, 41.685151983392565, 42.30385382022353, 42.089217344489505, 41.615559687756296, 41.04326170361963, 40.47950144863314, 36.681986785152986, 36.49038177597709, 37.64518139635629, 42.83587729396421, 43.7257743601351, 41.8548013750514]
[4.05171537399292, 4.096495151519775, 4.038559436798096, 4.2877349853515625, 4.181634902954102, 4.102080821990967, 3.621591806411743, 3.6305317878723145, 3.6866250038146973, 3.7933566570281982, 3.6887683868408203, 3.8323006629943848, 3.484137535095215, 3.463470697402954, 3.4061784744262695, 3.2937731742858887, 3.2937684059143066, 3.246706962585449, 3.954380989074707, 4.044881343841553, 3.9845919609069824, 3.6825506687164307, 3.625594139099121, 4.0157575607299805, 4.247720241546631, 4.061832427978516, 4.185793399810791, 3.8102598190307617, 3.761417865753174, 3.784926414489746]
[2124265.75, 2147743.25, 2117368.25, 2248008.0, 2192381.0, 2150671.75, 1898757.125, 1903444.25, 1932853.25, 1988811.375, 1933977.0, 2009229.25, 1826691.5, 1815856.125, 1785818.5, 1726885.75, 1726883.25, 1702209.5, 2073234.5, 2120682.75, 2089073.75, 1930717.125, 1900855.5, 2105413.5, 2227028.75, 2129570.0, 2194561.25, 1997673.5, 1972066.25, 1984391.5]
load the model: ./saved/modbase_7/context_16_arm_mod_16/sparity_0.0/inr_mod_16KODAK_ROI_Global_new_struture_7_12_3_33_orderconcat_operator_0_pw_0.0006_img_object29.pth for the  29 -th image
********************Evalutation with quantization
********************Starting quantizing models
eval_object_psnr: 48.3270501227193
full_image_psnr: 41.80523677089119
object_psnr: 48.3270501227193
background_psnr: 42.90111678102347
********************Evaluation the Image 29-th, BEST PSNR: 41.805237, Print rate 3.786502, Network rate 0.023796. *************************
eval_wsssim: 0.996775
Decoded image saved to ./experiments/vcip_combined_loss/decoded_images/othim30_maskerp_wsmse0_swhdc1_erp1_lambda0.0006.png
Evaluate the image: PSNR: 41.80523677089119 All bits: 3.810298442840576  latent bits: 3.7865023612976074  network bits: 0.02379608154296875
Evaluate arm network bits: 0.0094451904296875 Evaluate synthesis network bits: 0.013383865356445312
Image All bits num: 1997693.75 latent bits num: 1985217.75 mlp bits num: 12476.0 border bits num:
arm bits num: 4952.0 synthesis bits num: 7017.0
[41.865224681409984, 41.87538067881054, 41.802628736338214, 41.63464672897096, 42.09694950674752, 41.17454895229773, 43.14836065828575, 42.54624609723988, 42.61043462686574, 44.24535971947813, 43.14009218753569, 43.803859275462564, 43.83156612980104, 44.357563143565926, 44.640092218889784, 43.99056639157555, 44.048073680042116, 44.629149845635396, 41.62138534773778, 42.2979153035467, 42.027995825403714, 41.60483358776293, 41.016688600519565, 40.428101814789194, 36.642581085780854, 36.48924436403874, 37.62747204440826, 42.76638732433412, 43.7144963738686, 41.80523677089119]
[4.077506065368652, 4.120659351348877, 4.064502716064453, 4.313893795013428, 4.208370208740234, 4.128405570983887, 3.646812915802002, 3.65701961517334, 3.710573196411133, 3.818457841873169, 3.71671462059021, 3.8595547676086426, 3.509026050567627, 3.4873242378234863, 3.4321422576904297, 3.319763660430908, 3.3187742233276367, 3.2699270248413086, 3.9791758060455322, 4.070545196533203, 4.008054256439209, 3.7103424072265625, 3.6528375148773193, 4.043697357177734, 4.274604797363281, 4.088767051696777, 4.211915016174316, 3.8357858657836914, 3.785825729370117, 3.810298442840576]
[2137787.5, 2160412.25, 2130970.0, 2261722.75, 2206398.0, 2164473.5, 1911980.25, 1917331.5, 1945409.0, 2001971.625, 1948628.875, 2023518.25, 1839740.25, 1828362.25, 1799431.0, 1740512.25, 1739993.5, 1714383.5, 2086234.125, 2134138.0, 2101374.75, 1945288.0, 1915138.875, 2120062.0, 2241124.0, 2143691.5, 2208256.5, 2011056.5, 1984863.0, 1997693.75]
Metrics saved to ./experiments/vcip_combined_loss/results.csv
Current eval Ave PSNR: 42.116102723401134 Ave Bits 3.8377092520395917
.......Copmlete all dataset training......
Ave Training PSNR: 42.18210346361182 Ave Training Bits 3.8119712352752684
Training PSNR: [41.93894035306375, 41.93736858212035, 41.871851641850974, 41.65430134371805, 42.12728497801592, 41.74152771033609, 43.217327343461626, 42.57032413408391, 42.6815338731177, 44.26871792891064, 43.137739715485615, 43.812056595528645, 43.89067429351113, 44.54027782461355, 44.64940593886053, 44.095934117443925, 44.071659417786286, 44.80562914169402, 41.685151983392565, 42.30385382022353, 42.089217344489505, 41.615559687756296, 41.04326170361963, 40.47950144863314, 36.681986785152986, 36.49038177597709, 37.64518139635629, 42.83587729396421, 43.7257743601351, 41.8548013750514]
Training rate: [4.05171537399292, 4.096495151519775, 4.038559436798096, 4.2877349853515625, 4.181634902954102, 4.102080821990967, 3.621591806411743, 3.6305317878723145, 3.6866250038146973, 3.7933566570281982, 3.6887683868408203, 3.8323006629943848, 3.484137535095215, 3.463470697402954, 3.4061784744262695, 3.2937731742858887, 3.2937684059143066, 3.246706962585449, 3.954380989074707, 4.044881343841553, 3.9845919609069824, 3.6825506687164307, 3.625594139099121, 4.0157575607299805, 4.247720241546631, 4.061832427978516, 4.185793399810791, 3.8102598190307617, 3.761417865753174, 3.784926414489746]
Evalutation: Ave Eval PSNR: 42.116102723401134 Ave Eval all bits: 3.8377092520395917 Ave Eval Bits 3.813607994715373 Ave Eval Network 0.02410125732421875
Eval All PSNR: [41.865224681409984, 41.87538067881054, 41.802628736338214, 41.63464672897096, 42.09694950674752, 41.17454895229773, 43.14836065828575, 42.54624609723988, 42.61043462686574, 44.24535971947813, 43.14009218753569, 43.803859275462564, 43.83156612980104, 44.357563143565926, 44.640092218889784, 43.99056639157555, 44.048073680042116, 44.629149845635396, 41.62138534773778, 42.2979153035467, 42.027995825403714, 41.60483358776293, 41.016688600519565, 40.428101814789194, 36.642581085780854, 36.48924436403874, 37.62747204440826, 42.76638732433412, 43.7144963738686, 41.80523677089119]
Eval All rate [4.077506065368652, 4.120659351348877, 4.064502716064453, 4.313893795013428, 4.208370208740234, 4.128405570983887, 3.646812915802002, 3.65701961517334, 3.710573196411133, 3.818457841873169, 3.71671462059021, 3.8595547676086426, 3.509026050567627, 3.4873242378234863, 3.4321422576904297, 3.319763660430908, 3.3187742233276367, 3.2699270248413086, 3.9791758060455322, 4.070545196533203, 4.008054256439209, 3.7103424072265625, 3.6528375148773193, 4.043697357177734, 4.274604797363281, 4.088767051696777, 4.211915016174316, 3.8357858657836914, 3.785825729370117, 3.810298442840576]
Eval Latent rate [4.053746223449707, 4.09832239151001, 4.04002571105957, 4.288896083831787, 4.184711456298828, 4.105088233947754, 3.6229214668273926, 3.631760597229004, 3.6876049041748047, 3.7946159839630127, 3.6899240016937256, 3.833662509918213, 3.485020160675049, 3.4644341468811035, 3.407583236694336, 3.2958149909973145, 3.294713020324707, 3.24739933013916, 3.9558069705963135, 4.046611785888672, 3.985398769378662, 3.6848907470703125, 3.627614736557007, 4.019338607788086, 4.249523162841797, 4.0634660720825195, 4.188990592956543, 3.8118906021118164, 3.761960983276367, 3.7865023612976074]
Eval MLP rate [0.023759841918945312, 0.022336959838867188, 0.024477005004882812, 0.024997711181640625, 0.02365875244140625, 0.023317337036132812, 0.023891448974609375, 0.025259017944335938, 0.022968292236328125, 0.02384185791015625, 0.026790618896484375, 0.025892257690429688, 0.024005889892578125, 0.022890090942382812, 0.02455902099609375, 0.02394866943359375, 0.024061203002929688, 0.022527694702148438, 0.02336883544921875, 0.02393341064453125, 0.022655487060546875, 0.02545166015625, 0.0252227783203125, 0.024358749389648438, 0.025081634521484375, 0.025300979614257812, 0.022924423217773438, 0.023895263671875, 0.02386474609375, 0.02379608154296875]
Namespace(batch_size=1, lr=0.01, data='../data', sparsity=0.0, local_upsampling_kernel_size=8, upsampling_kernel_size=8, static_upsampling_kernel=False, latent_factor=1, mod_base=7, highest_flag=1, context_arm=16, dim_arm_mod=16, use_candidate=True, type='other', mod_hid_layer=0, sythesis_features=12, hidden_features=64, hidden_layer=2, scale=1, lambda_rate=0.0008, lambda_rate_list=[0.0006, 0.0008], start_index=0, mask_type='erp', wsmse_tag=0, swhdc_tag=1, swhdc_dilations=[1, 2, 3, 4], erp_padding=1, workdir='./experiments/vcip_combined_loss', train_steps_1=5000, train_steps_2=1000, loss_type='combined', lambda_dist=0.0023437500000000003, lambda_percep=1.0, patch_h=512, patch_w=1024, all_pix_num=524288, eval_pix_num=524288)
Directory './saved/modbase_7/context_16_arm_mod_16' already exists.
Directory './saved/modbase_7/context_16_arm_mod_16/sparity_0.0' already exists.
top %: 0.0

🔁 Stage-1 Training Candidate 1/7
Quantizer parameter: encoding gain  16
total pixel: 524288
Get Mod with shape torch.Size([1, 1, 8, 16]) at layer: 1
Get Mod with shape torch.Size([1, 1, 16, 32]) at layer: 2
Get Mod with shape torch.Size([1, 1, 32, 64]) at layer: 3
Get Mod with shape torch.Size([1, 1, 64, 128]) at layer: 4
Get Mod with shape torch.Size([1, 1, 128, 256]) at layer: 5
Get Mod with shape torch.Size([1, 1, 256, 512]) at layer: 6
Get Mod with shape torch.Size([1, 1, 512, 1024]) at layer: 7
start temperature: 0.3 noise parameter: 2.0
end temperature: 0.3 noise parameter: 2.0
********************Start from stage I
Step 400, BEST PSNR: 33.292022, Total loss 0.023316 with its rate 2.9414052963256836 latent_bits 1542143.5

🔁 Stage-1 Training Candidate 2/7
Quantizer parameter: encoding gain  16
total pixel: 524288
Get Mod with shape torch.Size([1, 1, 8, 16]) at layer: 1
Get Mod with shape torch.Size([1, 1, 16, 32]) at layer: 2
Get Mod with shape torch.Size([1, 1, 32, 64]) at layer: 3
Get Mod with shape torch.Size([1, 1, 64, 128]) at layer: 4
Get Mod with shape torch.Size([1, 1, 128, 256]) at layer: 5
Get Mod with shape torch.Size([1, 1, 256, 512]) at layer: 6
Get Mod with shape torch.Size([1, 1, 512, 1024]) at layer: 7
start temperature: 0.3 noise parameter: 2.0
end temperature: 0.3 noise parameter: 2.0
********************Start from stage I
Step 400, BEST PSNR: 33.522695, Total loss 0.021179 with its rate 2.9594435691833496 latent_bits 1551600.75

🔁 Stage-1 Training Candidate 3/7
Quantizer parameter: encoding gain  16
total pixel: 524288
Get Mod with shape torch.Size([1, 1, 8, 16]) at layer: 1
Get Mod with shape torch.Size([1, 1, 16, 32]) at layer: 2
Get Mod with shape torch.Size([1, 1, 32, 64]) at layer: 3
Get Mod with shape torch.Size([1, 1, 64, 128]) at layer: 4
Get Mod with shape torch.Size([1, 1, 128, 256]) at layer: 5
Get Mod with shape torch.Size([1, 1, 256, 512]) at layer: 6
Get Mod with shape torch.Size([1, 1, 512, 1024]) at layer: 7
start temperature: 0.3 noise parameter: 2.0
end temperature: 0.3 noise parameter: 2.0
********************Start from stage I
Step 400, BEST PSNR: 32.994879, Total loss 0.023662 with its rate 2.8216259479522705 latent_bits 1479344.625

🔁 Stage-1 Training Candidate 4/7
Quantizer parameter: encoding gain  16
total pixel: 524288
Get Mod with shape torch.Size([1, 1, 8, 16]) at layer: 1
Get Mod with shape torch.Size([1, 1, 16, 32]) at layer: 2
Get Mod with shape torch.Size([1, 1, 32, 64]) at layer: 3
Get Mod with shape torch.Size([1, 1, 64, 128]) at layer: 4
Get Mod with shape torch.Size([1, 1, 128, 256]) at layer: 5
Get Mod with shape torch.Size([1, 1, 256, 512]) at layer: 6
Get Mod with shape torch.Size([1, 1, 512, 1024]) at layer: 7
start temperature: 0.3 noise parameter: 2.0
end temperature: 0.3 noise parameter: 2.0
********************Start from stage I
Step 400, BEST PSNR: 33.591021, Total loss 0.023743 with its rate 2.8178014755249023 latent_bits 1477339.5

🔁 Stage-1 Training Candidate 5/7
Quantizer parameter: encoding gain  16
total pixel: 524288
Get Mod with shape torch.Size([1, 1, 8, 16]) at layer: 1
Get Mod with shape torch.Size([1, 1, 16, 32]) at layer: 2
Get Mod with shape torch.Size([1, 1, 32, 64]) at layer: 3
Get Mod with shape torch.Size([1, 1, 64, 128]) at layer: 4
Get Mod with shape torch.Size([1, 1, 128, 256]) at layer: 5
Get Mod with shape torch.Size([1, 1, 256, 512]) at layer: 6
Get Mod with shape torch.Size([1, 1, 512, 1024]) at layer: 7
start temperature: 0.3 noise parameter: 2.0
end temperature: 0.3 noise parameter: 2.0
********************Start from stage I
Step 400, BEST PSNR: 33.068988, Total loss 0.022912 with its rate 2.8956127166748047 latent_bits 1518135.0

🔁 Stage-1 Training Candidate 6/7
Quantizer parameter: encoding gain  16
total pixel: 524288
Get Mod with shape torch.Size([1, 1, 8, 16]) at layer: 1
Get Mod with shape torch.Size([1, 1, 16, 32]) at layer: 2
Get Mod with shape torch.Size([1, 1, 32, 64]) at layer: 3
Get Mod with shape torch.Size([1, 1, 64, 128]) at layer: 4
Get Mod with shape torch.Size([1, 1, 128, 256]) at layer: 5
Get Mod with shape torch.Size([1, 1, 256, 512]) at layer: 6
Get Mod with shape torch.Size([1, 1, 512, 1024]) at layer: 7
start temperature: 0.3 noise parameter: 2.0
end temperature: 0.3 noise parameter: 2.0
********************Start from stage I
Step 400, BEST PSNR: 31.569904, Total loss 0.024232 with its rate 2.897643566131592 latent_bits 1519199.75

🔁 Stage-1 Training Candidate 7/7
Quantizer parameter: encoding gain  16
total pixel: 524288
Get Mod with shape torch.Size([1, 1, 8, 16]) at layer: 1
Get Mod with shape torch.Size([1, 1, 16, 32]) at layer: 2
Get Mod with shape torch.Size([1, 1, 32, 64]) at layer: 3
Get Mod with shape torch.Size([1, 1, 64, 128]) at layer: 4
Get Mod with shape torch.Size([1, 1, 128, 256]) at layer: 5
Get Mod with shape torch.Size([1, 1, 256, 512]) at layer: 6
Get Mod with shape torch.Size([1, 1, 512, 1024]) at layer: 7
start temperature: 0.3 noise parameter: 2.0
end temperature: 0.3 noise parameter: 2.0
********************Start from stage I
Step 400, BEST PSNR: 34.361747, Total loss 0.021009 with its rate 2.864426374435425 latent_bits 1501784.375

🌟 Selected Top-3 Candidates by RD cost

🎯 Stage-2 Refining Candidate 1/3
start temperature: 0.3 noise parameter: 2.0
end temperature: 0.3 noise parameter: 2.0
********************Start from stage I
Step 400, BEST PSNR: 37.140465, Total loss 0.014319 with its rate 3.3855628967285156 latent_bits 1775010.0

🎯 Stage-2 Refining Candidate 2/3
start temperature: 0.3 noise parameter: 2.0
end temperature: 0.3 noise parameter: 2.0
********************Start from stage I
Step 400, BEST PSNR: 35.721765, Total loss 0.015805 with its rate 3.4215917587280273 latent_bits 1793899.5

🎯 Stage-2 Refining Candidate 3/3
start temperature: 0.3 noise parameter: 2.0
end temperature: 0.3 noise parameter: 2.0
********************Start from stage I
Step 400, BEST PSNR: 35.684482, Total loss 0.015364 with its rate 3.386691093444824 latent_bits 1775601.5

🏆 Best Candidate Final PSNR: 37.14, Rate: 3.3856
Masked_INR(
  (upsampling_2d): Upsampling(
    (conv_transpose2d): UpsamplingConvTranspose2d()
  )
  (arm): Arm(
    (mlp): Sequential(
      (0): ArmConv(
        (conv1_1): Conv1d(16, 16, kernel_size=(1,), stride=(1,))
      )
      (1): GELU(approximate='none')
      (2): ArmConv(
        (conv1_1): Conv1d(16, 16, kernel_size=(1,), stride=(1,))
      )
      (3): GELU(approximate='none')
      (4): ArmConv(
        (conv1_1): Conv1d(16, 2, kernel_size=(1,), stride=(1,))
      )
    )
  )
  (conv_mod): LocalGlobalBlock(
    (net): Sequential(
      (0): SynthesisLayer(
        (pad): Identity()
        (conv_layer): SWHDC(
          (conv): Conv2d(2, 3, kernel_size=(3, 3), stride=(1, 1))
        )
        (non_linearity): GELU(approximate='none')
      )
      (1): SynthesisResidualLayer(
        (pad): ReplicationPad2d((0, 0, 0, 0))
        (conv_layer): Conv2d(3, 3, kernel_size=(1, 1), stride=(1, 1))
        (non_linearity): GELU(approximate='none')
      )
      (2): SynthesisResidualLayer(
        (pad): ReplicationPad2d((0, 0, 0, 0))
        (conv_layer): Conv2d(3, 3, kernel_size=(1, 1), stride=(1, 1))
        (non_linearity): GELU(approximate='none')
      )
      (3): SynthesisResidualLayer(
        (pad): ReplicationPad2d((0, 0, 0, 0))
        (conv_layer): Conv2d(3, 3, kernel_size=(1, 1), stride=(1, 1))
        (non_linearity): Identity()
      )
    )
    (global_net): Sequential(
      (0): SynthesisLayer(
        (pad): Identity()
        (conv_layer): SWHDC(
          (conv): Conv2d(2, 3, kernel_size=(3, 3), stride=(1, 1))
        )
        (non_linearity): GELU(approximate='none')
      )
      (1): SynthesisResidualLayer(
        (pad): ReplicationPad2d((0, 0, 0, 0))
        (conv_layer): Conv2d(3, 3, kernel_size=(1, 1), stride=(1, 1))
        (non_linearity): GELU(approximate='none')
      )
      (2): SynthesisResidualLayer(
        (pad): ReplicationPad2d((0, 0, 0, 0))
        (conv_layer): Conv2d(3, 3, kernel_size=(1, 1), stride=(1, 1))
        (non_linearity): GELU(approximate='none')
      )
      (3): SynthesisResidualLayer(
        (pad): ReplicationPad2d((0, 0, 0, 0))
        (conv_layer): Conv2d(3, 3, kernel_size=(1, 1), stride=(1, 1))
        (non_linearity): Identity()
      )
    )
    (agg_func): Sequential(
      (0): SynthesisLayer(
        (pad): ReplicationPad2d((0, 0, 0, 0))
        (conv_layer): Conv2d(18, 3, kernel_size=(1, 1), stride=(1, 1))
        (non_linearity): GELU(approximate='none')
      )
      (1): SynthesisLayer(
        (pad): ReplicationPad2d((0, 0, 0, 0))
        (conv_layer): Conv2d(21, 3, kernel_size=(1, 1), stride=(1, 1))
        (non_linearity): GELU(approximate='none')
      )
      (2): SynthesisLayer(
        (pad): ReplicationPad2d((0, 0, 0, 0))
        (conv_layer): Conv2d(24, 3, kernel_size=(1, 1), stride=(1, 1))
        (non_linearity): GELU(approximate='none')
      )
    )
    (full_net): Sequential(
      (0): SynthesisLayer(
        (pad): ReplicationPad2d((0, 0, 0, 0))
        (conv_layer): Conv2d(7, 12, kernel_size=(1, 1), stride=(1, 1))
        (non_linearity): GELU(approximate='none')
      )
      (1): SynthesisLayer(
        (pad): ReplicationPad2d((0, 0, 0, 0))
        (conv_layer): Conv2d(12, 3, kernel_size=(1, 1), stride=(1, 1))
        (non_linearity): GELU(approximate='none')
      )
      (2): SynthesisResidualLayer(
        (conv_layer): Conv2d(3, 3, kernel_size=(3, 3), stride=(1, 1))
        (non_linearity): GELU(approximate='none')
      )
      (3): SynthesisResidualLayer(
        (conv_layer): Conv2d(3, 3, kernel_size=(3, 3), stride=(1, 1))
        (non_linearity): GELU(approximate='none')
      )
    )
  )
  (modulation_sf): ParameterList(
      (0): Parameter containing: [torch.float32 of size 1x1x8x16 (cuda:0)]
      (1): Parameter containing: [torch.float32 of size 1x1x16x32 (cuda:0)]
      (2): Parameter containing: [torch.float32 of size 1x1x32x64 (cuda:0)]
      (3): Parameter containing: [torch.float32 of size 1x1x64x128 (cuda:0)]
      (4): Parameter containing: [torch.float32 of size 1x1x128x256 (cuda:0)]
      (5): Parameter containing: [torch.float32 of size 1x1x256x512 (cuda:0)]
      (6): Parameter containing: [torch.float32 of size 1x1x512x1024 (cuda:0)]
  )
)
train the 0 -th image
start temperature: 0.3 noise parameter: 2.0
end temperature: 0.1 noise parameter: 1.0
********************Start from stage I
********************going into stage II
eval_object_psnr: 48.627398669363735
eval_background_psnr: 42.97070780405634
eval_background_psnr: 42.97070780405634
********************Evaluation the Image 0-th, after Step 999, BEST PSNR: 41.920899, Print rate 3.860734. *************************
Saved model at ./saved/modbase_7/context_16_arm_mod_16/sparity_0.0/inr_mod_16KODAK_ROI_Global_new_struture_7_12_3_33_orderconcat_operator_0_pw_0.0008_img_object0.pth
Trained the image with PSNR: 41.920899139908016  latent bits 3.860734462738037 latent bits number 2024136.75
[41.920899139908016]
[3.860734462738037]
[2024136.75]
load the model: ./saved/modbase_7/context_16_arm_mod_16/sparity_0.0/inr_mod_16KODAK_ROI_Global_new_struture_7_12_3_33_orderconcat_operator_0_pw_0.0008_img_object0.pth for the  0 -th image
********************Evalutation with quantization
********************Starting quantizing models
eval_object_psnr: 48.60636140544025
full_image_psnr: 41.75362833362292
object_psnr: 48.60636140544025
background_psnr: 42.768297450552346
********************Evaluation the Image 0-th, BEST PSNR: 41.753628, Print rate 3.863678, Network rate 0.022902. *************************
eval_wsssim: 0.991799
Decoded image saved to ./experiments/vcip_combined_loss/decoded_images/othim01_maskerp_wsmse0_swhdc1_erp1_lambda0.0008.png
Evaluate the image: PSNR: 41.75362833362292 All bits: 3.8865792751312256  latent bits: 3.863677740097046  network bits: 0.022901535034179688
Evaluate arm network bits: 0.009511947631835938 Evaluate synthesis network bits: 0.012481689453125
Image All bits num: 2037686.875 latent bits num: 2025679.875 mlp bits num: 12007.0 border bits num:
arm bits num: 4987.0 synthesis bits num: 6544.0
[41.75362833362292]
[3.8865792751312256]
[2037686.875]
Metrics saved to ./experiments/vcip_combined_loss/results.csv
Current eval Ave PSNR: 41.75362833362292 Ave Bits 3.8865792751312256
Namespace(batch_size=1, lr=0.01, data='../data', sparsity=0.0, local_upsampling_kernel_size=8, upsampling_kernel_size=8, static_upsampling_kernel=False, latent_factor=1, mod_base=7, highest_flag=1, context_arm=16, dim_arm_mod=16, use_candidate=True, type='other', mod_hid_layer=0, sythesis_features=12, hidden_features=64, hidden_layer=2, scale=1, lambda_rate=0.0008, lambda_rate_list=[0.0006, 0.0008], start_index=0, mask_type='erp', wsmse_tag=0, swhdc_tag=1, swhdc_dilations=[1, 2, 3, 4], erp_padding=1, workdir='./experiments/vcip_combined_loss', train_steps_1=5000, train_steps_2=1000, loss_type='combined', lambda_dist=0.0023437500000000003, lambda_percep=1.0, patch_h=512, patch_w=1024, all_pix_num=524288, eval_pix_num=524288)
Directory './saved/modbase_7/context_16_arm_mod_16' already exists.
Directory './saved/modbase_7/context_16_arm_mod_16/sparity_0.0' already exists.
top %: 0.0

🔁 Stage-1 Training Candidate 1/7
Quantizer parameter: encoding gain  16
total pixel: 524288
Get Mod with shape torch.Size([1, 1, 8, 16]) at layer: 1
Get Mod with shape torch.Size([1, 1, 16, 32]) at layer: 2
Get Mod with shape torch.Size([1, 1, 32, 64]) at layer: 3
Get Mod with shape torch.Size([1, 1, 64, 128]) at layer: 4
Get Mod with shape torch.Size([1, 1, 128, 256]) at layer: 5
Get Mod with shape torch.Size([1, 1, 256, 512]) at layer: 6
Get Mod with shape torch.Size([1, 1, 512, 1024]) at layer: 7
start temperature: 0.3 noise parameter: 2.0
end temperature: 0.3 noise parameter: 2.0
********************Start from stage I
Step 400, BEST PSNR: 34.701172, Total loss 0.019443 with its rate 2.980541706085205 latent_bits 1562662.25

🔁 Stage-1 Training Candidate 2/7
Quantizer parameter: encoding gain  16
total pixel: 524288
Get Mod with shape torch.Size([1, 1, 8, 16]) at layer: 1
Get Mod with shape torch.Size([1, 1, 16, 32]) at layer: 2
Get Mod with shape torch.Size([1, 1, 32, 64]) at layer: 3
Get Mod with shape torch.Size([1, 1, 64, 128]) at layer: 4
Get Mod with shape torch.Size([1, 1, 128, 256]) at layer: 5
Get Mod with shape torch.Size([1, 1, 256, 512]) at layer: 6
Get Mod with shape torch.Size([1, 1, 512, 1024]) at layer: 7
start temperature: 0.3 noise parameter: 2.0
end temperature: 0.3 noise parameter: 2.0
********************Start from stage I
Step 400, BEST PSNR: 33.373334, Total loss 0.020680 with its rate 2.9830360412597656 latent_bits 1563970.0

🔁 Stage-1 Training Candidate 3/7
Quantizer parameter: encoding gain  16
total pixel: 524288
Get Mod with shape torch.Size([1, 1, 8, 16]) at layer: 1
Get Mod with shape torch.Size([1, 1, 16, 32]) at layer: 2
Get Mod with shape torch.Size([1, 1, 32, 64]) at layer: 3
Get Mod with shape torch.Size([1, 1, 64, 128]) at layer: 4
Get Mod with shape torch.Size([1, 1, 128, 256]) at layer: 5
Get Mod with shape torch.Size([1, 1, 256, 512]) at layer: 6
Get Mod with shape torch.Size([1, 1, 512, 1024]) at layer: 7
start temperature: 0.3 noise parameter: 2.0
end temperature: 0.3 noise parameter: 2.0
********************Start from stage I
Step 400, BEST PSNR: 32.839365, Total loss 0.024837 with its rate 2.9942469596862793 latent_bits 1569847.75

🔁 Stage-1 Training Candidate 4/7
Quantizer parameter: encoding gain  16
total pixel: 524288
Get Mod with shape torch.Size([1, 1, 8, 16]) at layer: 1
Get Mod with shape torch.Size([1, 1, 16, 32]) at layer: 2
Get Mod with shape torch.Size([1, 1, 32, 64]) at layer: 3
Get Mod with shape torch.Size([1, 1, 64, 128]) at layer: 4
Get Mod with shape torch.Size([1, 1, 128, 256]) at layer: 5
Get Mod with shape torch.Size([1, 1, 256, 512]) at layer: 6
Get Mod with shape torch.Size([1, 1, 512, 1024]) at layer: 7
start temperature: 0.3 noise parameter: 2.0
end temperature: 0.3 noise parameter: 2.0
********************Start from stage I
Step 400, BEST PSNR: 33.221477, Total loss 0.021236 with its rate 2.8715991973876953 latent_bits 1505545.0

🔁 Stage-1 Training Candidate 5/7
Quantizer parameter: encoding gain  16
total pixel: 524288
Get Mod with shape torch.Size([1, 1, 8, 16]) at layer: 1
Get Mod with shape torch.Size([1, 1, 16, 32]) at layer: 2
Get Mod with shape torch.Size([1, 1, 32, 64]) at layer: 3
Get Mod with shape torch.Size([1, 1, 64, 128]) at layer: 4
Get Mod with shape torch.Size([1, 1, 128, 256]) at layer: 5
Get Mod with shape torch.Size([1, 1, 256, 512]) at layer: 6
Get Mod with shape torch.Size([1, 1, 512, 1024]) at layer: 7
start temperature: 0.3 noise parameter: 2.0
end temperature: 0.3 noise parameter: 2.0
********************Start from stage I
Step 400, BEST PSNR: 31.863375, Total loss 0.024859 with its rate 2.9109835624694824 latent_bits 1526193.75

🔁 Stage-1 Training Candidate 6/7
Quantizer parameter: encoding gain  16
total pixel: 524288
Get Mod with shape torch.Size([1, 1, 8, 16]) at layer: 1
Get Mod with shape torch.Size([1, 1, 16, 32]) at layer: 2
Get Mod with shape torch.Size([1, 1, 32, 64]) at layer: 3
Get Mod with shape torch.Size([1, 1, 64, 128]) at layer: 4
Get Mod with shape torch.Size([1, 1, 128, 256]) at layer: 5
Get Mod with shape torch.Size([1, 1, 256, 512]) at layer: 6
Get Mod with shape torch.Size([1, 1, 512, 1024]) at layer: 7
start temperature: 0.3 noise parameter: 2.0
end temperature: 0.3 noise parameter: 2.0
********************Start from stage I
Step 400, BEST PSNR: 33.307042, Total loss 0.021667 with its rate 2.9718847274780273 latent_bits 1558123.5

🔁 Stage-1 Training Candidate 7/7
Quantizer parameter: encoding gain  16
total pixel: 524288
Get Mod with shape torch.Size([1, 1, 8, 16]) at layer: 1
Get Mod with shape torch.Size([1, 1, 16, 32]) at layer: 2
Get Mod with shape torch.Size([1, 1, 32, 64]) at layer: 3
Get Mod with shape torch.Size([1, 1, 64, 128]) at layer: 4
Get Mod with shape torch.Size([1, 1, 128, 256]) at layer: 5
Get Mod with shape torch.Size([1, 1, 256, 512]) at layer: 6
Get Mod with shape torch.Size([1, 1, 512, 1024]) at layer: 7
start temperature: 0.3 noise parameter: 2.0
end temperature: 0.3 noise parameter: 2.0
********************Start from stage I
Step 400, BEST PSNR: 32.152435, Total loss 0.023663 with its rate 3.0145840644836426 latent_bits 1580510.25

🌟 Selected Top-3 Candidates by RD cost

🎯 Stage-2 Refining Candidate 1/3
start temperature: 0.3 noise parameter: 2.0
end temperature: 0.3 noise parameter: 2.0
********************Start from stage I
Step 400, BEST PSNR: 37.503393, Total loss 0.014193 with its rate 3.4988760948181152 latent_bits 1834418.75

🎯 Stage-2 Refining Candidate 2/3
start temperature: 0.3 noise parameter: 2.0
end temperature: 0.3 noise parameter: 2.0
********************Start from stage I
Step 400, BEST PSNR: 37.160631, Total loss 0.014521 with its rate 3.481311321258545 latent_bits 1825209.75

🎯 Stage-2 Refining Candidate 3/3
start temperature: 0.3 noise parameter: 2.0
end temperature: 0.3 noise parameter: 2.0
********************Start from stage I
Step 400, BEST PSNR: 36.040710, Total loss 0.015532 with its rate 3.4245901107788086 latent_bits 1795471.5

🏆 Best Candidate Final PSNR: 37.50, Rate: 3.4989
Masked_INR(
  (upsampling_2d): Upsampling(
    (conv_transpose2d): UpsamplingConvTranspose2d()
  )
  (arm): Arm(
    (mlp): Sequential(
      (0): ArmConv(
        (conv1_1): Conv1d(16, 16, kernel_size=(1,), stride=(1,))
      )
      (1): GELU(approximate='none')
      (2): ArmConv(
        (conv1_1): Conv1d(16, 16, kernel_size=(1,), stride=(1,))
      )
      (3): GELU(approximate='none')
      (4): ArmConv(
        (conv1_1): Conv1d(16, 2, kernel_size=(1,), stride=(1,))
      )
    )
  )
  (conv_mod): LocalGlobalBlock(
    (net): Sequential(
      (0): SynthesisLayer(
        (pad): Identity()
        (conv_layer): SWHDC(
          (conv): Conv2d(2, 3, kernel_size=(3, 3), stride=(1, 1))
        )
        (non_linearity): GELU(approximate='none')
      )
      (1): SynthesisResidualLayer(
        (pad): ReplicationPad2d((0, 0, 0, 0))
        (conv_layer): Conv2d(3, 3, kernel_size=(1, 1), stride=(1, 1))
        (non_linearity): GELU(approximate='none')
      )
      (2): SynthesisResidualLayer(
        (pad): ReplicationPad2d((0, 0, 0, 0))
        (conv_layer): Conv2d(3, 3, kernel_size=(1, 1), stride=(1, 1))
        (non_linearity): GELU(approximate='none')
      )
      (3): SynthesisResidualLayer(
        (pad): ReplicationPad2d((0, 0, 0, 0))
        (conv_layer): Conv2d(3, 3, kernel_size=(1, 1), stride=(1, 1))
        (non_linearity): Identity()
      )
    )
    (global_net): Sequential(
      (0): SynthesisLayer(
        (pad): Identity()
        (conv_layer): SWHDC(
          (conv): Conv2d(2, 3, kernel_size=(3, 3), stride=(1, 1))
        )
        (non_linearity): GELU(approximate='none')
      )
      (1): SynthesisResidualLayer(
        (pad): ReplicationPad2d((0, 0, 0, 0))
        (conv_layer): Conv2d(3, 3, kernel_size=(1, 1), stride=(1, 1))
        (non_linearity): GELU(approximate='none')
      )
      (2): SynthesisResidualLayer(
        (pad): ReplicationPad2d((0, 0, 0, 0))
        (conv_layer): Conv2d(3, 3, kernel_size=(1, 1), stride=(1, 1))
        (non_linearity): GELU(approximate='none')
      )
      (3): SynthesisResidualLayer(
        (pad): ReplicationPad2d((0, 0, 0, 0))
        (conv_layer): Conv2d(3, 3, kernel_size=(1, 1), stride=(1, 1))
        (non_linearity): Identity()
      )
    )
    (agg_func): Sequential(
      (0): SynthesisLayer(
        (pad): ReplicationPad2d((0, 0, 0, 0))
        (conv_layer): Conv2d(18, 3, kernel_size=(1, 1), stride=(1, 1))
        (non_linearity): GELU(approximate='none')
      )
      (1): SynthesisLayer(
        (pad): ReplicationPad2d((0, 0, 0, 0))
        (conv_layer): Conv2d(21, 3, kernel_size=(1, 1), stride=(1, 1))
        (non_linearity): GELU(approximate='none')
      )
      (2): SynthesisLayer(
        (pad): ReplicationPad2d((0, 0, 0, 0))
        (conv_layer): Conv2d(24, 3, kernel_size=(1, 1), stride=(1, 1))
        (non_linearity): GELU(approximate='none')
      )
    )
    (full_net): Sequential(
      (0): SynthesisLayer(
        (pad): ReplicationPad2d((0, 0, 0, 0))
        (conv_layer): Conv2d(7, 12, kernel_size=(1, 1), stride=(1, 1))
        (non_linearity): GELU(approximate='none')
      )
      (1): SynthesisLayer(
        (pad): ReplicationPad2d((0, 0, 0, 0))
        (conv_layer): Conv2d(12, 3, kernel_size=(1, 1), stride=(1, 1))
        (non_linearity): GELU(approximate='none')
      )
      (2): SynthesisResidualLayer(
        (conv_layer): Conv2d(3, 3, kernel_size=(3, 3), stride=(1, 1))
        (non_linearity): GELU(approximate='none')
      )
      (3): SynthesisResidualLayer(
        (conv_layer): Conv2d(3, 3, kernel_size=(3, 3), stride=(1, 1))
        (non_linearity): GELU(approximate='none')
      )
    )
  )
  (modulation_sf): ParameterList(
      (0): Parameter containing: [torch.float32 of size 1x1x8x16 (cuda:0)]
      (1): Parameter containing: [torch.float32 of size 1x1x16x32 (cuda:0)]
      (2): Parameter containing: [torch.float32 of size 1x1x32x64 (cuda:0)]
      (3): Parameter containing: [torch.float32 of size 1x1x64x128 (cuda:0)]
      (4): Parameter containing: [torch.float32 of size 1x1x128x256 (cuda:0)]
      (5): Parameter containing: [torch.float32 of size 1x1x256x512 (cuda:0)]
      (6): Parameter containing: [torch.float32 of size 1x1x512x1024 (cuda:0)]
  )
)
train the 1 -th image
start temperature: 0.3 noise parameter: 2.0
end temperature: 0.1 noise parameter: 1.0
********************Start from stage I
********************going into stage II
eval_object_psnr: 48.779805218508805
eval_background_psnr: 43.10152047280357
eval_background_psnr: 43.10152047280357
********************Evaluation the Image 1-th, after Step 999, BEST PSNR: 42.056832, Print rate 3.917935. *************************
Saved model at ./saved/modbase_7/context_16_arm_mod_16/sparity_0.0/inr_mod_16KODAK_ROI_Global_new_struture_7_12_3_33_orderconcat_operator_0_pw_0.0008_img_object1.pth
Trained the image with PSNR: 42.05683185552155  latent bits 3.9179346561431885 latent bits number 2054126.125
[41.920899139908016, 42.05683185552155]
[3.860734462738037, 3.9179346561431885]
[2024136.75, 2054126.125]
load the model: ./saved/modbase_7/context_16_arm_mod_16/sparity_0.0/inr_mod_16KODAK_ROI_Global_new_struture_7_12_3_33_orderconcat_operator_0_pw_0.0008_img_object1.pth for the  1 -th image
********************Evalutation with quantization
********************Starting quantizing models
eval_object_psnr: 48.529078621490676
full_image_psnr: 41.908941628931814
object_psnr: 48.529078621490676
background_psnr: 42.98096573919634
********************Evaluation the Image 1-th, BEST PSNR: 41.908942, Print rate 3.919254, Network rate 0.022619. *************************
eval_wsssim: 0.991867
Decoded image saved to ./experiments/vcip_combined_loss/decoded_images/othim02_maskerp_wsmse0_swhdc1_erp1_lambda0.0008.png
Evaluate the image: PSNR: 41.908941628931814 All bits: 3.94187331199646  latent bits: 3.9192540645599365  network bits: 0.022619247436523438
Evaluate arm network bits: 0.009258270263671875 Evaluate synthesis network bits: 0.012449264526367188
Image All bits num: 2066676.875 latent bits num: 2054817.875 mlp bits num: 11859.0 border bits num:
arm bits num: 4854.0 synthesis bits num: 6527.0
[41.75362833362292, 41.908941628931814]
[3.8865792751312256, 3.94187331199646]
[2037686.875, 2066676.875]
Metrics saved to ./experiments/vcip_combined_loss/results.csv
Current eval Ave PSNR: 41.83128498127736 Ave Bits 3.9142262935638428
Namespace(batch_size=1, lr=0.01, data='../data', sparsity=0.0, local_upsampling_kernel_size=8, upsampling_kernel_size=8, static_upsampling_kernel=False, latent_factor=1, mod_base=7, highest_flag=1, context_arm=16, dim_arm_mod=16, use_candidate=True, type='other', mod_hid_layer=0, sythesis_features=12, hidden_features=64, hidden_layer=2, scale=1, lambda_rate=0.0008, lambda_rate_list=[0.0006, 0.0008], start_index=0, mask_type='erp', wsmse_tag=0, swhdc_tag=1, swhdc_dilations=[1, 2, 3, 4], erp_padding=1, workdir='./experiments/vcip_combined_loss', train_steps_1=5000, train_steps_2=1000, loss_type='combined', lambda_dist=0.0023437500000000003, lambda_percep=1.0, patch_h=512, patch_w=1024, all_pix_num=524288, eval_pix_num=524288)
Directory './saved/modbase_7/context_16_arm_mod_16' already exists.
Directory './saved/modbase_7/context_16_arm_mod_16/sparity_0.0' already exists.
top %: 0.0

🔁 Stage-1 Training Candidate 1/7
Quantizer parameter: encoding gain  16
total pixel: 524288
Get Mod with shape torch.Size([1, 1, 8, 16]) at layer: 1
Get Mod with shape torch.Size([1, 1, 16, 32]) at layer: 2
Get Mod with shape torch.Size([1, 1, 32, 64]) at layer: 3
Get Mod with shape torch.Size([1, 1, 64, 128]) at layer: 4
Get Mod with shape torch.Size([1, 1, 128, 256]) at layer: 5
Get Mod with shape torch.Size([1, 1, 256, 512]) at layer: 6
Get Mod with shape torch.Size([1, 1, 512, 1024]) at layer: 7
start temperature: 0.3 noise parameter: 2.0
end temperature: 0.3 noise parameter: 2.0
********************Start from stage I
Step 400, BEST PSNR: 33.834801, Total loss 0.023113 with its rate 2.8691797256469727 latent_bits 1504276.5

🔁 Stage-1 Training Candidate 2/7
Quantizer parameter: encoding gain  16
total pixel: 524288
Get Mod with shape torch.Size([1, 1, 8, 16]) at layer: 1
Get Mod with shape torch.Size([1, 1, 16, 32]) at layer: 2
Get Mod with shape torch.Size([1, 1, 32, 64]) at layer: 3
Get Mod with shape torch.Size([1, 1, 64, 128]) at layer: 4
Get Mod with shape torch.Size([1, 1, 128, 256]) at layer: 5
Get Mod with shape torch.Size([1, 1, 256, 512]) at layer: 6
Get Mod with shape torch.Size([1, 1, 512, 1024]) at layer: 7
start temperature: 0.3 noise parameter: 2.0
end temperature: 0.3 noise parameter: 2.0
********************Start from stage I
Step 400, BEST PSNR: 33.957709, Total loss 0.020225 with its rate 2.9943506717681885 latent_bits 1569902.125

🔁 Stage-1 Training Candidate 3/7
Quantizer parameter: encoding gain  16
total pixel: 524288
Get Mod with shape torch.Size([1, 1, 8, 16]) at layer: 1
Get Mod with shape torch.Size([1, 1, 16, 32]) at layer: 2
Get Mod with shape torch.Size([1, 1, 32, 64]) at layer: 3
Get Mod with shape torch.Size([1, 1, 64, 128]) at layer: 4
Get Mod with shape torch.Size([1, 1, 128, 256]) at layer: 5
Get Mod with shape torch.Size([1, 1, 256, 512]) at layer: 6
Get Mod with shape torch.Size([1, 1, 512, 1024]) at layer: 7
start temperature: 0.3 noise parameter: 2.0
end temperature: 0.3 noise parameter: 2.0
********************Start from stage I
Step 400, BEST PSNR: 33.480456, Total loss 0.021825 with its rate 2.9305355548858643 latent_bits 1536444.625

🔁 Stage-1 Training Candidate 4/7
Quantizer parameter: encoding gain  16
total pixel: 524288
Get Mod with shape torch.Size([1, 1, 8, 16]) at layer: 1
Get Mod with shape torch.Size([1, 1, 16, 32]) at layer: 2
Get Mod with shape torch.Size([1, 1, 32, 64]) at layer: 3
Get Mod with shape torch.Size([1, 1, 64, 128]) at layer: 4
Get Mod with shape torch.Size([1, 1, 128, 256]) at layer: 5
Get Mod with shape torch.Size([1, 1, 256, 512]) at layer: 6
Get Mod with shape torch.Size([1, 1, 512, 1024]) at layer: 7
start temperature: 0.3 noise parameter: 2.0
end temperature: 0.3 noise parameter: 2.0
********************Start from stage I
Step 400, BEST PSNR: 33.120040, Total loss 0.020161 with its rate 2.948819160461426 latent_bits 1546030.5

🔁 Stage-1 Training Candidate 5/7
Quantizer parameter: encoding gain  16
total pixel: 524288
Get Mod with shape torch.Size([1, 1, 8, 16]) at layer: 1
Get Mod with shape torch.Size([1, 1, 16, 32]) at layer: 2
Get Mod with shape torch.Size([1, 1, 32, 64]) at layer: 3
Get Mod with shape torch.Size([1, 1, 64, 128]) at layer: 4
Get Mod with shape torch.Size([1, 1, 128, 256]) at layer: 5
Get Mod with shape torch.Size([1, 1, 256, 512]) at layer: 6
Get Mod with shape torch.Size([1, 1, 512, 1024]) at layer: 7
start temperature: 0.3 noise parameter: 2.0
end temperature: 0.3 noise parameter: 2.0
********************Start from stage I
Step 400, BEST PSNR: 31.700337, Total loss 0.023886 with its rate 2.823552131652832 latent_bits 1480354.5

🔁 Stage-1 Training Candidate 6/7
Quantizer parameter: encoding gain  16
total pixel: 524288
Get Mod with shape torch.Size([1, 1, 8, 16]) at layer: 1
Get Mod with shape torch.Size([1, 1, 16, 32]) at layer: 2
Get Mod with shape torch.Size([1, 1, 32, 64]) at layer: 3
Get Mod with shape torch.Size([1, 1, 64, 128]) at layer: 4
Get Mod with shape torch.Size([1, 1, 128, 256]) at layer: 5
Get Mod with shape torch.Size([1, 1, 256, 512]) at layer: 6
Get Mod with shape torch.Size([1, 1, 512, 1024]) at layer: 7
start temperature: 0.3 noise parameter: 2.0
end temperature: 0.3 noise parameter: 2.0
********************Start from stage I
Step 400, BEST PSNR: 33.756156, Total loss 0.023142 with its rate 2.936321973800659 latent_bits 1539478.375

🔁 Stage-1 Training Candidate 7/7
Quantizer parameter: encoding gain  16
total pixel: 524288
Get Mod with shape torch.Size([1, 1, 8, 16]) at layer: 1
Get Mod with shape torch.Size([1, 1, 16, 32]) at layer: 2
Get Mod with shape torch.Size([1, 1, 32, 64]) at layer: 3
Get Mod with shape torch.Size([1, 1, 64, 128]) at layer: 4
Get Mod with shape torch.Size([1, 1, 128, 256]) at layer: 5
Get Mod with shape torch.Size([1, 1, 256, 512]) at layer: 6
Get Mod with shape torch.Size([1, 1, 512, 1024]) at layer: 7
start temperature: 0.3 noise parameter: 2.0
end temperature: 0.3 noise parameter: 2.0
********************Start from stage I
Step 400, BEST PSNR: 33.896404, Total loss 0.020232 with its rate 2.9109160900115967 latent_bits 1526158.375

🌟 Selected Top-3 Candidates by RD cost

🎯 Stage-2 Refining Candidate 1/3
start temperature: 0.3 noise parameter: 2.0
end temperature: 0.3 noise parameter: 2.0
********************Start from stage I
Step 400, BEST PSNR: 36.449151, Total loss 0.014954 with its rate 3.451791286468506 latent_bits 1809732.75

🎯 Stage-2 Refining Candidate 2/3
start temperature: 0.3 noise parameter: 2.0
end temperature: 0.3 noise parameter: 2.0
********************Start from stage I
Step 400, BEST PSNR: 36.534181, Total loss 0.014838 with its rate 3.4542407989501953 latent_bits 1811017.0

🎯 Stage-2 Refining Candidate 3/3
start temperature: 0.3 noise parameter: 2.0
end temperature: 0.3 noise parameter: 2.0
********************Start from stage I
Step 400, BEST PSNR: 36.057106, Total loss 0.015394 with its rate 3.406644344329834 latent_bits 1786062.75

🏆 Best Candidate Final PSNR: 36.53, Rate: 3.4542
Masked_INR(
  (upsampling_2d): Upsampling(
    (conv_transpose2d): UpsamplingConvTranspose2d()
  )
  (arm): Arm(
    (mlp): Sequential(
      (0): ArmConv(
        (conv1_1): Conv1d(16, 16, kernel_size=(1,), stride=(1,))
      )
      (1): GELU(approximate='none')
      (2): ArmConv(
        (conv1_1): Conv1d(16, 16, kernel_size=(1,), stride=(1,))
      )
      (3): GELU(approximate='none')
      (4): ArmConv(
        (conv1_1): Conv1d(16, 2, kernel_size=(1,), stride=(1,))
      )
    )
  )
  (conv_mod): LocalGlobalBlock(
    (net): Sequential(
      (0): SynthesisLayer(
        (pad): Identity()
        (conv_layer): SWHDC(
          (conv): Conv2d(2, 3, kernel_size=(3, 3), stride=(1, 1))
        )
        (non_linearity): GELU(approximate='none')
      )
      (1): SynthesisResidualLayer(
        (pad): ReplicationPad2d((0, 0, 0, 0))
        (conv_layer): Conv2d(3, 3, kernel_size=(1, 1), stride=(1, 1))
        (non_linearity): GELU(approximate='none')
      )
      (2): SynthesisResidualLayer(
        (pad): ReplicationPad2d((0, 0, 0, 0))
        (conv_layer): Conv2d(3, 3, kernel_size=(1, 1), stride=(1, 1))
        (non_linearity): GELU(approximate='none')
      )
      (3): SynthesisResidualLayer(
        (pad): ReplicationPad2d((0, 0, 0, 0))
        (conv_layer): Conv2d(3, 3, kernel_size=(1, 1), stride=(1, 1))
        (non_linearity): Identity()
      )
    )
    (global_net): Sequential(
      (0): SynthesisLayer(
        (pad): Identity()
        (conv_layer): SWHDC(
          (conv): Conv2d(2, 3, kernel_size=(3, 3), stride=(1, 1))
        )
        (non_linearity): GELU(approximate='none')
      )
      (1): SynthesisResidualLayer(
        (pad): ReplicationPad2d((0, 0, 0, 0))
        (conv_layer): Conv2d(3, 3, kernel_size=(1, 1), stride=(1, 1))
        (non_linearity): GELU(approximate='none')
      )
      (2): SynthesisResidualLayer(
        (pad): ReplicationPad2d((0, 0, 0, 0))
        (conv_layer): Conv2d(3, 3, kernel_size=(1, 1), stride=(1, 1))
        (non_linearity): GELU(approximate='none')
      )
      (3): SynthesisResidualLayer(
        (pad): ReplicationPad2d((0, 0, 0, 0))
        (conv_layer): Conv2d(3, 3, kernel_size=(1, 1), stride=(1, 1))
        (non_linearity): Identity()
      )
    )
    (agg_func): Sequential(
      (0): SynthesisLayer(
        (pad): ReplicationPad2d((0, 0, 0, 0))
        (conv_layer): Conv2d(18, 3, kernel_size=(1, 1), stride=(1, 1))
        (non_linearity): GELU(approximate='none')
      )
      (1): SynthesisLayer(
        (pad): ReplicationPad2d((0, 0, 0, 0))
        (conv_layer): Conv2d(21, 3, kernel_size=(1, 1), stride=(1, 1))
        (non_linearity): GELU(approximate='none')
      )
      (2): SynthesisLayer(
        (pad): ReplicationPad2d((0, 0, 0, 0))
        (conv_layer): Conv2d(24, 3, kernel_size=(1, 1), stride=(1, 1))
        (non_linearity): GELU(approximate='none')
      )
    )
    (full_net): Sequential(
      (0): SynthesisLayer(
        (pad): ReplicationPad2d((0, 0, 0, 0))
        (conv_layer): Conv2d(7, 12, kernel_size=(1, 1), stride=(1, 1))
        (non_linearity): GELU(approximate='none')
      )
      (1): SynthesisLayer(
        (pad): ReplicationPad2d((0, 0, 0, 0))
        (conv_layer): Conv2d(12, 3, kernel_size=(1, 1), stride=(1, 1))
        (non_linearity): GELU(approximate='none')
      )
      (2): SynthesisResidualLayer(
        (conv_layer): Conv2d(3, 3, kernel_size=(3, 3), stride=(1, 1))
        (non_linearity): GELU(approximate='none')
      )
      (3): SynthesisResidualLayer(
        (conv_layer): Conv2d(3, 3, kernel_size=(3, 3), stride=(1, 1))
        (non_linearity): GELU(approximate='none')
      )
    )
  )
  (modulation_sf): ParameterList(
      (0): Parameter containing: [torch.float32 of size 1x1x8x16 (cuda:0)]
      (1): Parameter containing: [torch.float32 of size 1x1x16x32 (cuda:0)]
      (2): Parameter containing: [torch.float32 of size 1x1x32x64 (cuda:0)]
      (3): Parameter containing: [torch.float32 of size 1x1x64x128 (cuda:0)]
      (4): Parameter containing: [torch.float32 of size 1x1x128x256 (cuda:0)]
      (5): Parameter containing: [torch.float32 of size 1x1x256x512 (cuda:0)]
      (6): Parameter containing: [torch.float32 of size 1x1x512x1024 (cuda:0)]
  )
)
train the 2 -th image
start temperature: 0.3 noise parameter: 2.0
end temperature: 0.1 noise parameter: 1.0
********************Start from stage I
********************going into stage II
eval_object_psnr: 48.395561630705174
eval_background_psnr: 42.50217271843379
eval_background_psnr: 42.50217271843379
********************Evaluation the Image 2-th, after Step 999, BEST PSNR: 41.502999, Print rate 3.891661. *************************
Saved model at ./saved/modbase_7/context_16_arm_mod_16/sparity_0.0/inr_mod_16KODAK_ROI_Global_new_struture_7_12_3_33_orderconcat_operator_0_pw_0.0008_img_object2.pth
Trained the image with PSNR: 41.50299909273441  latent bits 3.8916611671447754 latent bits number 2040351.25
[41.920899139908016, 42.05683185552155, 41.50299909273441]
[3.860734462738037, 3.9179346561431885, 3.8916611671447754]
[2024136.75, 2054126.125, 2040351.25]
load the model: ./saved/modbase_7/context_16_arm_mod_16/sparity_0.0/inr_mod_16KODAK_ROI_Global_new_struture_7_12_3_33_orderconcat_operator_0_pw_0.0008_img_object2.pth for the  2 -th image
********************Evalutation with quantization
********************Starting quantizing models
eval_object_psnr: 48.27558984744429
full_image_psnr: 41.44715671041414
object_psnr: 48.27558984744429
background_psnr: 42.461148990751006
********************Evaluation the Image 2-th, BEST PSNR: 41.447157, Print rate 3.893208, Network rate 0.024004. *************************
eval_wsssim: 0.991720
Decoded image saved to ./experiments/vcip_combined_loss/decoded_images/othim03_maskerp_wsmse0_swhdc1_erp1_lambda0.0008.png
Evaluate the image: PSNR: 41.44715671041414 All bits: 3.9172120094299316  latent bits: 3.8932080268859863  network bits: 0.024003982543945312
Evaluate arm network bits: 0.009336471557617188 Evaluate synthesis network bits: 0.013727188110351562
Image All bits num: 2053747.25 latent bits num: 2041162.25 mlp bits num: 12585.0 border bits num:
arm bits num: 4895.0 synthesis bits num: 7197.0
[41.75362833362292, 41.908941628931814, 41.44715671041414]
[3.8865792751312256, 3.94187331199646, 3.9172120094299316]
[2037686.875, 2066676.875, 2053747.25]
Metrics saved to ./experiments/vcip_combined_loss/results.csv
Current eval Ave PSNR: 41.703242224322956 Ave Bits 3.9152215321858725
Namespace(batch_size=1, lr=0.01, data='../data', sparsity=0.0, local_upsampling_kernel_size=8, upsampling_kernel_size=8, static_upsampling_kernel=False, latent_factor=1, mod_base=7, highest_flag=1, context_arm=16, dim_arm_mod=16, use_candidate=True, type='other', mod_hid_layer=0, sythesis_features=12, hidden_features=64, hidden_layer=2, scale=1, lambda_rate=0.0008, lambda_rate_list=[0.0006, 0.0008], start_index=0, mask_type='erp', wsmse_tag=0, swhdc_tag=1, swhdc_dilations=[1, 2, 3, 4], erp_padding=1, workdir='./experiments/vcip_combined_loss', train_steps_1=5000, train_steps_2=1000, loss_type='combined', lambda_dist=0.0023437500000000003, lambda_percep=1.0, patch_h=512, patch_w=1024, all_pix_num=524288, eval_pix_num=524288)
Directory './saved/modbase_7/context_16_arm_mod_16' already exists.
Directory './saved/modbase_7/context_16_arm_mod_16/sparity_0.0' already exists.
top %: 0.0

🔁 Stage-1 Training Candidate 1/7
Quantizer parameter: encoding gain  16
total pixel: 524288
Get Mod with shape torch.Size([1, 1, 8, 16]) at layer: 1
Get Mod with shape torch.Size([1, 1, 16, 32]) at layer: 2
Get Mod with shape torch.Size([1, 1, 32, 64]) at layer: 3
Get Mod with shape torch.Size([1, 1, 64, 128]) at layer: 4
Get Mod with shape torch.Size([1, 1, 128, 256]) at layer: 5
Get Mod with shape torch.Size([1, 1, 256, 512]) at layer: 6
Get Mod with shape torch.Size([1, 1, 512, 1024]) at layer: 7
start temperature: 0.3 noise parameter: 2.0
end temperature: 0.3 noise parameter: 2.0
********************Start from stage I
Step 400, BEST PSNR: 31.556301, Total loss 0.014938 with its rate 3.4645895957946777 latent_bits 1816442.75

🔁 Stage-1 Training Candidate 2/7
Quantizer parameter: encoding gain  16
total pixel: 524288
Get Mod with shape torch.Size([1, 1, 8, 16]) at layer: 1
Get Mod with shape torch.Size([1, 1, 16, 32]) at layer: 2
Get Mod with shape torch.Size([1, 1, 32, 64]) at layer: 3
Get Mod with shape torch.Size([1, 1, 64, 128]) at layer: 4
Get Mod with shape torch.Size([1, 1, 128, 256]) at layer: 5
Get Mod with shape torch.Size([1, 1, 256, 512]) at layer: 6
Get Mod with shape torch.Size([1, 1, 512, 1024]) at layer: 7
start temperature: 0.3 noise parameter: 2.0
end temperature: 0.3 noise parameter: 2.0
********************Start from stage I
Step 400, BEST PSNR: 32.643193, Total loss 0.015177 with its rate 3.5565521717071533 latent_bits 1864657.625

🔁 Stage-1 Training Candidate 3/7
Quantizer parameter: encoding gain  16
total pixel: 524288
Get Mod with shape torch.Size([1, 1, 8, 16]) at layer: 1
Get Mod with shape torch.Size([1, 1, 16, 32]) at layer: 2
Get Mod with shape torch.Size([1, 1, 32, 64]) at layer: 3
Get Mod with shape torch.Size([1, 1, 64, 128]) at layer: 4
Get Mod with shape torch.Size([1, 1, 128, 256]) at layer: 5
Get Mod with shape torch.Size([1, 1, 256, 512]) at layer: 6
Get Mod with shape torch.Size([1, 1, 512, 1024]) at layer: 7
start temperature: 0.3 noise parameter: 2.0
end temperature: 0.3 noise parameter: 2.0
********************Start from stage I
Step 400, BEST PSNR: 32.057191, Total loss 0.014793 with its rate 3.4678502082824707 latent_bits 1818152.25

🔁 Stage-1 Training Candidate 4/7
Quantizer parameter: encoding gain  16
total pixel: 524288
Get Mod with shape torch.Size([1, 1, 8, 16]) at layer: 1
Get Mod with shape torch.Size([1, 1, 16, 32]) at layer: 2
Get Mod with shape torch.Size([1, 1, 32, 64]) at layer: 3
Get Mod with shape torch.Size([1, 1, 64, 128]) at layer: 4
Get Mod with shape torch.Size([1, 1, 128, 256]) at layer: 5
Get Mod with shape torch.Size([1, 1, 256, 512]) at layer: 6
Get Mod with shape torch.Size([1, 1, 512, 1024]) at layer: 7
start temperature: 0.3 noise parameter: 2.0
end temperature: 0.3 noise parameter: 2.0
********************Start from stage I
Step 400, BEST PSNR: 32.047315, Total loss 0.014946 with its rate 3.4322657585144043 latent_bits 1799495.75

🔁 Stage-1 Training Candidate 5/7
Quantizer parameter: encoding gain  16
total pixel: 524288
Get Mod with shape torch.Size([1, 1, 8, 16]) at layer: 1
Get Mod with shape torch.Size([1, 1, 16, 32]) at layer: 2
Get Mod with shape torch.Size([1, 1, 32, 64]) at layer: 3
Get Mod with shape torch.Size([1, 1, 64, 128]) at layer: 4
Get Mod with shape torch.Size([1, 1, 128, 256]) at layer: 5
Get Mod with shape torch.Size([1, 1, 256, 512]) at layer: 6
Get Mod with shape torch.Size([1, 1, 512, 1024]) at layer: 7
start temperature: 0.3 noise parameter: 2.0
end temperature: 0.3 noise parameter: 2.0
********************Start from stage I
Step 400, BEST PSNR: 32.956626, Total loss 0.014951 with its rate 3.436472177505493 latent_bits 1801701.125

🔁 Stage-1 Training Candidate 6/7
Quantizer parameter: encoding gain  16
total pixel: 524288
Get Mod with shape torch.Size([1, 1, 8, 16]) at layer: 1
Get Mod with shape torch.Size([1, 1, 16, 32]) at layer: 2
Get Mod with shape torch.Size([1, 1, 32, 64]) at layer: 3
Get Mod with shape torch.Size([1, 1, 64, 128]) at layer: 4
Get Mod with shape torch.Size([1, 1, 128, 256]) at layer: 5
Get Mod with shape torch.Size([1, 1, 256, 512]) at layer: 6
Get Mod with shape torch.Size([1, 1, 512, 1024]) at layer: 7
start temperature: 0.3 noise parameter: 2.0
end temperature: 0.3 noise parameter: 2.0
********************Start from stage I
Step 400, BEST PSNR: 32.500094, Total loss 0.015083 with its rate 3.4368691444396973 latent_bits 1801909.25

🔁 Stage-1 Training Candidate 7/7
Quantizer parameter: encoding gain  16
total pixel: 524288
Get Mod with shape torch.Size([1, 1, 8, 16]) at layer: 1
Get Mod with shape torch.Size([1, 1, 16, 32]) at layer: 2
Get Mod with shape torch.Size([1, 1, 32, 64]) at layer: 3
Get Mod with shape torch.Size([1, 1, 64, 128]) at layer: 4
Get Mod with shape torch.Size([1, 1, 128, 256]) at layer: 5
Get Mod with shape torch.Size([1, 1, 256, 512]) at layer: 6
Get Mod with shape torch.Size([1, 1, 512, 1024]) at layer: 7
start temperature: 0.3 noise parameter: 2.0
end temperature: 0.3 noise parameter: 2.0
********************Start from stage I
Step 400, BEST PSNR: 32.401303, Total loss 0.015666 with its rate 3.478273868560791 latent_bits 1823617.25

🌟 Selected Top-3 Candidates by RD cost

🎯 Stage-2 Refining Candidate 1/3
start temperature: 0.3 noise parameter: 2.0
end temperature: 0.3 noise parameter: 2.0
********************Start from stage I
Step 400, BEST PSNR: 34.947628, Total loss 0.011685 with its rate 3.819021701812744 latent_bits 2002267.25

🎯 Stage-2 Refining Candidate 2/3
start temperature: 0.3 noise parameter: 2.0
end temperature: 0.3 noise parameter: 2.0
********************Start from stage I
Step 400, BEST PSNR: 34.781762, Total loss 0.012056 with its rate 3.8781323432922363 latent_bits 2033258.25

🎯 Stage-2 Refining Candidate 3/3
start temperature: 0.3 noise parameter: 2.0
end temperature: 0.3 noise parameter: 2.0
********************Start from stage I
Step 400, BEST PSNR: 34.293895, Total loss 0.012347 with its rate 3.832947254180908 latent_bits 2009568.25

🏆 Best Candidate Final PSNR: 34.95, Rate: 3.8190
Masked_INR(
  (upsampling_2d): Upsampling(
    (conv_transpose2d): UpsamplingConvTranspose2d()
  )
  (arm): Arm(
    (mlp): Sequential(
      (0): ArmConv(
        (conv1_1): Conv1d(16, 16, kernel_size=(1,), stride=(1,))
      )
      (1): GELU(approximate='none')
      (2): ArmConv(
        (conv1_1): Conv1d(16, 16, kernel_size=(1,), stride=(1,))
      )
      (3): GELU(approximate='none')
      (4): ArmConv(
        (conv1_1): Conv1d(16, 2, kernel_size=(1,), stride=(1,))
      )
    )
  )
  (conv_mod): LocalGlobalBlock(
    (net): Sequential(
      (0): SynthesisLayer(
        (pad): Identity()
        (conv_layer): SWHDC(
          (conv): Conv2d(2, 3, kernel_size=(3, 3), stride=(1, 1))
        )
        (non_linearity): GELU(approximate='none')
      )
      (1): SynthesisResidualLayer(
        (pad): ReplicationPad2d((0, 0, 0, 0))
        (conv_layer): Conv2d(3, 3, kernel_size=(1, 1), stride=(1, 1))
        (non_linearity): GELU(approximate='none')
      )
      (2): SynthesisResidualLayer(
        (pad): ReplicationPad2d((0, 0, 0, 0))
        (conv_layer): Conv2d(3, 3, kernel_size=(1, 1), stride=(1, 1))
        (non_linearity): GELU(approximate='none')
      )
      (3): SynthesisResidualLayer(
        (pad): ReplicationPad2d((0, 0, 0, 0))
        (conv_layer): Conv2d(3, 3, kernel_size=(1, 1), stride=(1, 1))
        (non_linearity): Identity()
      )
    )
    (global_net): Sequential(
      (0): SynthesisLayer(
        (pad): Identity()
        (conv_layer): SWHDC(
          (conv): Conv2d(2, 3, kernel_size=(3, 3), stride=(1, 1))
        )
        (non_linearity): GELU(approximate='none')
      )
      (1): SynthesisResidualLayer(
        (pad): ReplicationPad2d((0, 0, 0, 0))
        (conv_layer): Conv2d(3, 3, kernel_size=(1, 1), stride=(1, 1))
        (non_linearity): GELU(approximate='none')
      )
      (2): SynthesisResidualLayer(
        (pad): ReplicationPad2d((0, 0, 0, 0))
        (conv_layer): Conv2d(3, 3, kernel_size=(1, 1), stride=(1, 1))
        (non_linearity): GELU(approximate='none')
      )
      (3): SynthesisResidualLayer(
        (pad): ReplicationPad2d((0, 0, 0, 0))
        (conv_layer): Conv2d(3, 3, kernel_size=(1, 1), stride=(1, 1))
        (non_linearity): Identity()
      )
    )
    (agg_func): Sequential(
      (0): SynthesisLayer(
        (pad): ReplicationPad2d((0, 0, 0, 0))
        (conv_layer): Conv2d(18, 3, kernel_size=(1, 1), stride=(1, 1))
        (non_linearity): GELU(approximate='none')
      )
      (1): SynthesisLayer(
        (pad): ReplicationPad2d((0, 0, 0, 0))
        (conv_layer): Conv2d(21, 3, kernel_size=(1, 1), stride=(1, 1))
        (non_linearity): GELU(approximate='none')
      )
      (2): SynthesisLayer(
        (pad): ReplicationPad2d((0, 0, 0, 0))
        (conv_layer): Conv2d(24, 3, kernel_size=(1, 1), stride=(1, 1))
        (non_linearity): GELU(approximate='none')
      )
    )
    (full_net): Sequential(
      (0): SynthesisLayer(
        (pad): ReplicationPad2d((0, 0, 0, 0))
        (conv_layer): Conv2d(7, 12, kernel_size=(1, 1), stride=(1, 1))
        (non_linearity): GELU(approximate='none')
      )
      (1): SynthesisLayer(
        (pad): ReplicationPad2d((0, 0, 0, 0))
        (conv_layer): Conv2d(12, 3, kernel_size=(1, 1), stride=(1, 1))
        (non_linearity): GELU(approximate='none')
      )
      (2): SynthesisResidualLayer(
        (conv_layer): Conv2d(3, 3, kernel_size=(3, 3), stride=(1, 1))
        (non_linearity): GELU(approximate='none')
      )
      (3): SynthesisResidualLayer(
        (conv_layer): Conv2d(3, 3, kernel_size=(3, 3), stride=(1, 1))
        (non_linearity): GELU(approximate='none')
      )
    )
  )
  (modulation_sf): ParameterList(
      (0): Parameter containing: [torch.float32 of size 1x1x8x16 (cuda:0)]
      (1): Parameter containing: [torch.float32 of size 1x1x16x32 (cuda:0)]
      (2): Parameter containing: [torch.float32 of size 1x1x32x64 (cuda:0)]
      (3): Parameter containing: [torch.float32 of size 1x1x64x128 (cuda:0)]
      (4): Parameter containing: [torch.float32 of size 1x1x128x256 (cuda:0)]
      (5): Parameter containing: [torch.float32 of size 1x1x256x512 (cuda:0)]
      (6): Parameter containing: [torch.float32 of size 1x1x512x1024 (cuda:0)]
  )
)
train the 3 -th image
start temperature: 0.3 noise parameter: 2.0
end temperature: 0.1 noise parameter: 1.0
********************Start from stage I
********************going into stage II
eval_object_psnr: 46.4889127193305
eval_background_psnr: 43.31828061554051
eval_background_psnr: 43.31828061554051
********************Evaluation the Image 3-th, after Step 999, BEST PSNR: 41.606281, Print rate 4.141821. *************************
Saved model at ./saved/modbase_7/context_16_arm_mod_16/sparity_0.0/inr_mod_16KODAK_ROI_Global_new_struture_7_12_3_33_orderconcat_operator_0_pw_0.0008_img_object3.pth
Trained the image with PSNR: 41.60628089794445  latent bits 4.141820907592773 latent bits number 2171507.0
[41.920899139908016, 42.05683185552155, 41.50299909273441, 41.60628089794445]
[3.860734462738037, 3.9179346561431885, 3.8916611671447754, 4.141820907592773]
[2024136.75, 2054126.125, 2040351.25, 2171507.0]
load the model: ./saved/modbase_7/context_16_arm_mod_16/sparity_0.0/inr_mod_16KODAK_ROI_Global_new_struture_7_12_3_33_orderconcat_operator_0_pw_0.0008_img_object3.pth for the  3 -th image
********************Evalutation with quantization
********************Starting quantizing models
eval_object_psnr: 46.5138851124401
full_image_psnr: 41.60395319935239
object_psnr: 46.5138851124401
background_psnr: 43.30284142553288
********************Evaluation the Image 3-th, BEST PSNR: 41.603953, Print rate 4.142993, Network rate 0.023563. *************************
eval_wsssim: 0.996723
Decoded image saved to ./experiments/vcip_combined_loss/decoded_images/othim04_maskerp_wsmse0_swhdc1_erp1_lambda0.0008.png
Evaluate the image: PSNR: 41.60395319935239 All bits: 4.1665568351745605  latent bits: 4.142993450164795  network bits: 0.023563385009765625
Evaluate arm network bits: 0.00926971435546875 Evaluate synthesis network bits: 0.013484954833984375
Image All bits num: 2184475.75 latent bits num: 2172121.75 mlp bits num: 12354.0 border bits num:
arm bits num: 4860.0 synthesis bits num: 7070.0
[41.75362833362292, 41.908941628931814, 41.44715671041414, 41.60395319935239]
[3.8865792751312256, 3.94187331199646, 3.9172120094299316, 4.1665568351745605]
[2037686.875, 2066676.875, 2053747.25, 2184475.75]
Metrics saved to ./experiments/vcip_combined_loss/results.csv
Current eval Ave PSNR: 41.67841996808031 Ave Bits 3.9780553579330444
Namespace(batch_size=1, lr=0.01, data='../data', sparsity=0.0, local_upsampling_kernel_size=8, upsampling_kernel_size=8, static_upsampling_kernel=False, latent_factor=1, mod_base=7, highest_flag=1, context_arm=16, dim_arm_mod=16, use_candidate=True, type='other', mod_hid_layer=0, sythesis_features=12, hidden_features=64, hidden_layer=2, scale=1, lambda_rate=0.0008, lambda_rate_list=[0.0006, 0.0008], start_index=0, mask_type='erp', wsmse_tag=0, swhdc_tag=1, swhdc_dilations=[1, 2, 3, 4], erp_padding=1, workdir='./experiments/vcip_combined_loss', train_steps_1=5000, train_steps_2=1000, loss_type='combined', lambda_dist=0.0023437500000000003, lambda_percep=1.0, patch_h=512, patch_w=1024, all_pix_num=524288, eval_pix_num=524288)
Directory './saved/modbase_7/context_16_arm_mod_16' already exists.
Directory './saved/modbase_7/context_16_arm_mod_16/sparity_0.0' already exists.
top %: 0.0

🔁 Stage-1 Training Candidate 1/7
Quantizer parameter: encoding gain  16
total pixel: 524288
Get Mod with shape torch.Size([1, 1, 8, 16]) at layer: 1
Get Mod with shape torch.Size([1, 1, 16, 32]) at layer: 2
Get Mod with shape torch.Size([1, 1, 32, 64]) at layer: 3
Get Mod with shape torch.Size([1, 1, 64, 128]) at layer: 4
Get Mod with shape torch.Size([1, 1, 128, 256]) at layer: 5
Get Mod with shape torch.Size([1, 1, 256, 512]) at layer: 6
Get Mod with shape torch.Size([1, 1, 512, 1024]) at layer: 7
start temperature: 0.3 noise parameter: 2.0
end temperature: 0.3 noise parameter: 2.0
********************Start from stage I
Step 400, BEST PSNR: 33.155506, Total loss 0.014223 with its rate 3.348280906677246 latent_bits 1755463.5

🔁 Stage-1 Training Candidate 2/7
Quantizer parameter: encoding gain  16
total pixel: 524288
Get Mod with shape torch.Size([1, 1, 8, 16]) at layer: 1
Get Mod with shape torch.Size([1, 1, 16, 32]) at layer: 2
Get Mod with shape torch.Size([1, 1, 32, 64]) at layer: 3
Get Mod with shape torch.Size([1, 1, 64, 128]) at layer: 4
Get Mod with shape torch.Size([1, 1, 128, 256]) at layer: 5
Get Mod with shape torch.Size([1, 1, 256, 512]) at layer: 6
Get Mod with shape torch.Size([1, 1, 512, 1024]) at layer: 7
start temperature: 0.3 noise parameter: 2.0
end temperature: 0.3 noise parameter: 2.0
********************Start from stage I
Step 400, BEST PSNR: 32.822718, Total loss 0.015350 with its rate 3.211672782897949 latent_bits 1683841.5

🔁 Stage-1 Training Candidate 3/7
Quantizer parameter: encoding gain  16
total pixel: 524288
Get Mod with shape torch.Size([1, 1, 8, 16]) at layer: 1
Get Mod with shape torch.Size([1, 1, 16, 32]) at layer: 2
Get Mod with shape torch.Size([1, 1, 32, 64]) at layer: 3
Get Mod with shape torch.Size([1, 1, 64, 128]) at layer: 4
Get Mod with shape torch.Size([1, 1, 128, 256]) at layer: 5
Get Mod with shape torch.Size([1, 1, 256, 512]) at layer: 6
Get Mod with shape torch.Size([1, 1, 512, 1024]) at layer: 7
start temperature: 0.3 noise parameter: 2.0
end temperature: 0.3 noise parameter: 2.0
********************Start from stage I
Step 400, BEST PSNR: 32.604627, Total loss 0.014777 with its rate 3.243547201156616 latent_bits 1700552.875

🔁 Stage-1 Training Candidate 4/7
Quantizer parameter: encoding gain  16
total pixel: 524288
Get Mod with shape torch.Size([1, 1, 8, 16]) at layer: 1
Get Mod with shape torch.Size([1, 1, 16, 32]) at layer: 2
Get Mod with shape torch.Size([1, 1, 32, 64]) at layer: 3
Get Mod with shape torch.Size([1, 1, 64, 128]) at layer: 4
Get Mod with shape torch.Size([1, 1, 128, 256]) at layer: 5
Get Mod with shape torch.Size([1, 1, 256, 512]) at layer: 6
Get Mod with shape torch.Size([1, 1, 512, 1024]) at layer: 7
start temperature: 0.3 noise parameter: 2.0
end temperature: 0.3 noise parameter: 2.0
********************Start from stage I
Step 400, BEST PSNR: 33.180439, Total loss 0.014553 with its rate 3.3073556423187256 latent_bits 1734006.875

🔁 Stage-1 Training Candidate 5/7
Quantizer parameter: encoding gain  16
total pixel: 524288
Get Mod with shape torch.Size([1, 1, 8, 16]) at layer: 1
Get Mod with shape torch.Size([1, 1, 16, 32]) at layer: 2
Get Mod with shape torch.Size([1, 1, 32, 64]) at layer: 3
Get Mod with shape torch.Size([1, 1, 64, 128]) at layer: 4
Get Mod with shape torch.Size([1, 1, 128, 256]) at layer: 5
Get Mod with shape torch.Size([1, 1, 256, 512]) at layer: 6
Get Mod with shape torch.Size([1, 1, 512, 1024]) at layer: 7
start temperature: 0.3 noise parameter: 2.0
end temperature: 0.3 noise parameter: 2.0
********************Start from stage I
Step 400, BEST PSNR: 33.478678, Total loss 0.014222 with its rate 3.321840286254883 latent_bits 1741601.0

🔁 Stage-1 Training Candidate 6/7
Quantizer parameter: encoding gain  16
total pixel: 524288
Get Mod with shape torch.Size([1, 1, 8, 16]) at layer: 1
Get Mod with shape torch.Size([1, 1, 16, 32]) at layer: 2
Get Mod with shape torch.Size([1, 1, 32, 64]) at layer: 3
Get Mod with shape torch.Size([1, 1, 64, 128]) at layer: 4
Get Mod with shape torch.Size([1, 1, 128, 256]) at layer: 5
Get Mod with shape torch.Size([1, 1, 256, 512]) at layer: 6
Get Mod with shape torch.Size([1, 1, 512, 1024]) at layer: 7
start temperature: 0.3 noise parameter: 2.0
end temperature: 0.3 noise parameter: 2.0
********************Start from stage I
Step 400, BEST PSNR: 32.392297, Total loss 0.014736 with its rate 3.335545301437378 latent_bits 1748786.375

🔁 Stage-1 Training Candidate 7/7
Quantizer parameter: encoding gain  16
total pixel: 524288
Get Mod with shape torch.Size([1, 1, 8, 16]) at layer: 1
Get Mod with shape torch.Size([1, 1, 16, 32]) at layer: 2
Get Mod with shape torch.Size([1, 1, 32, 64]) at layer: 3
Get Mod with shape torch.Size([1, 1, 64, 128]) at layer: 4
Get Mod with shape torch.Size([1, 1, 128, 256]) at layer: 5
Get Mod with shape torch.Size([1, 1, 256, 512]) at layer: 6
Get Mod with shape torch.Size([1, 1, 512, 1024]) at layer: 7
start temperature: 0.3 noise parameter: 2.0
end temperature: 0.3 noise parameter: 2.0
********************Start from stage I
Step 400, BEST PSNR: 31.692064, Total loss 0.014921 with its rate 3.256344795227051 latent_bits 1707262.5

🌟 Selected Top-3 Candidates by RD cost

🎯 Stage-2 Refining Candidate 1/3
start temperature: 0.3 noise parameter: 2.0
end temperature: 0.3 noise parameter: 2.0
********************Start from stage I
Step 400, BEST PSNR: 34.895729, Total loss 0.011675 with its rate 3.7435684204101562 latent_bits 1962708.0

🎯 Stage-2 Refining Candidate 2/3
start temperature: 0.3 noise parameter: 2.0
end temperature: 0.3 noise parameter: 2.0
********************Start from stage I
Step 400, BEST PSNR: 34.502606, Total loss 0.011352 with its rate 3.7210159301757812 latent_bits 1950884.0

🎯 Stage-2 Refining Candidate 3/3
start temperature: 0.3 noise parameter: 2.0
end temperature: 0.3 noise parameter: 2.0
********************Start from stage I
Step 400, BEST PSNR: 34.931406, Total loss 0.011250 with its rate 3.709707736968994 latent_bits 1944955.25

🏆 Best Candidate Final PSNR: 34.93, Rate: 3.7097
Masked_INR(
  (upsampling_2d): Upsampling(
    (conv_transpose2d): UpsamplingConvTranspose2d()
  )
  (arm): Arm(
    (mlp): Sequential(
      (0): ArmConv(
        (conv1_1): Conv1d(16, 16, kernel_size=(1,), stride=(1,))
      )
      (1): GELU(approximate='none')
      (2): ArmConv(
        (conv1_1): Conv1d(16, 16, kernel_size=(1,), stride=(1,))
      )
      (3): GELU(approximate='none')
      (4): ArmConv(
        (conv1_1): Conv1d(16, 2, kernel_size=(1,), stride=(1,))
      )
    )
  )
  (conv_mod): LocalGlobalBlock(
    (net): Sequential(
      (0): SynthesisLayer(
        (pad): Identity()
        (conv_layer): SWHDC(
          (conv): Conv2d(2, 3, kernel_size=(3, 3), stride=(1, 1))
        )
        (non_linearity): GELU(approximate='none')
      )
      (1): SynthesisResidualLayer(
        (pad): ReplicationPad2d((0, 0, 0, 0))
        (conv_layer): Conv2d(3, 3, kernel_size=(1, 1), stride=(1, 1))
        (non_linearity): GELU(approximate='none')
      )
      (2): SynthesisResidualLayer(
        (pad): ReplicationPad2d((0, 0, 0, 0))
        (conv_layer): Conv2d(3, 3, kernel_size=(1, 1), stride=(1, 1))
        (non_linearity): GELU(approximate='none')
      )
      (3): SynthesisResidualLayer(
        (pad): ReplicationPad2d((0, 0, 0, 0))
        (conv_layer): Conv2d(3, 3, kernel_size=(1, 1), stride=(1, 1))
        (non_linearity): Identity()
      )
    )
    (global_net): Sequential(
      (0): SynthesisLayer(
        (pad): Identity()
        (conv_layer): SWHDC(
          (conv): Conv2d(2, 3, kernel_size=(3, 3), stride=(1, 1))
        )
        (non_linearity): GELU(approximate='none')
      )
      (1): SynthesisResidualLayer(
        (pad): ReplicationPad2d((0, 0, 0, 0))
        (conv_layer): Conv2d(3, 3, kernel_size=(1, 1), stride=(1, 1))
        (non_linearity): GELU(approximate='none')
      )
      (2): SynthesisResidualLayer(
        (pad): ReplicationPad2d((0, 0, 0, 0))
        (conv_layer): Conv2d(3, 3, kernel_size=(1, 1), stride=(1, 1))
        (non_linearity): GELU(approximate='none')
      )
      (3): SynthesisResidualLayer(
        (pad): ReplicationPad2d((0, 0, 0, 0))
        (conv_layer): Conv2d(3, 3, kernel_size=(1, 1), stride=(1, 1))
        (non_linearity): Identity()
      )
    )
    (agg_func): Sequential(
      (0): SynthesisLayer(
        (pad): ReplicationPad2d((0, 0, 0, 0))
        (conv_layer): Conv2d(18, 3, kernel_size=(1, 1), stride=(1, 1))
        (non_linearity): GELU(approximate='none')
      )
      (1): SynthesisLayer(
        (pad): ReplicationPad2d((0, 0, 0, 0))
        (conv_layer): Conv2d(21, 3, kernel_size=(1, 1), stride=(1, 1))
        (non_linearity): GELU(approximate='none')
      )
      (2): SynthesisLayer(
        (pad): ReplicationPad2d((0, 0, 0, 0))
        (conv_layer): Conv2d(24, 3, kernel_size=(1, 1), stride=(1, 1))
        (non_linearity): GELU(approximate='none')
      )
    )
    (full_net): Sequential(
      (0): SynthesisLayer(
        (pad): ReplicationPad2d((0, 0, 0, 0))
        (conv_layer): Conv2d(7, 12, kernel_size=(1, 1), stride=(1, 1))
        (non_linearity): GELU(approximate='none')
      )
      (1): SynthesisLayer(
        (pad): ReplicationPad2d((0, 0, 0, 0))
        (conv_layer): Conv2d(12, 3, kernel_size=(1, 1), stride=(1, 1))
        (non_linearity): GELU(approximate='none')
      )
      (2): SynthesisResidualLayer(
        (conv_layer): Conv2d(3, 3, kernel_size=(3, 3), stride=(1, 1))
        (non_linearity): GELU(approximate='none')
      )
      (3): SynthesisResidualLayer(
        (conv_layer): Conv2d(3, 3, kernel_size=(3, 3), stride=(1, 1))
        (non_linearity): GELU(approximate='none')
      )
    )
  )
  (modulation_sf): ParameterList(
      (0): Parameter containing: [torch.float32 of size 1x1x8x16 (cuda:0)]
      (1): Parameter containing: [torch.float32 of size 1x1x16x32 (cuda:0)]
      (2): Parameter containing: [torch.float32 of size 1x1x32x64 (cuda:0)]
      (3): Parameter containing: [torch.float32 of size 1x1x64x128 (cuda:0)]
      (4): Parameter containing: [torch.float32 of size 1x1x128x256 (cuda:0)]
      (5): Parameter containing: [torch.float32 of size 1x1x256x512 (cuda:0)]
      (6): Parameter containing: [torch.float32 of size 1x1x512x1024 (cuda:0)]
  )
)
train the 4 -th image
start temperature: 0.3 noise parameter: 2.0
end temperature: 0.1 noise parameter: 1.0
********************Start from stage I
********************going into stage II
eval_object_psnr: 47.49022055672072
eval_background_psnr: 43.69760346086116
eval_background_psnr: 43.69760346086116
********************Evaluation the Image 4-th, after Step 999, BEST PSNR: 42.174147, Print rate 3.952106. *************************
Saved model at ./saved/modbase_7/context_16_arm_mod_16/sparity_0.0/inr_mod_16KODAK_ROI_Global_new_struture_7_12_3_33_orderconcat_operator_0_pw_0.0008_img_object4.pth
Trained the image with PSNR: 42.17414706595992  latent bits 3.952106475830078 latent bits number 2072042.0
[41.920899139908016, 42.05683185552155, 41.50299909273441, 41.60628089794445, 42.17414706595992]
[3.860734462738037, 3.9179346561431885, 3.8916611671447754, 4.141820907592773, 3.952106475830078]
[2024136.75, 2054126.125, 2040351.25, 2171507.0, 2072042.0]
load the model: ./saved/modbase_7/context_16_arm_mod_16/sparity_0.0/inr_mod_16KODAK_ROI_Global_new_struture_7_12_3_33_orderconcat_operator_0_pw_0.0008_img_object4.pth for the  4 -th image
********************Evalutation with quantization
********************Starting quantizing models
eval_object_psnr: 47.45518469851849
full_image_psnr: 42.15504734650576
object_psnr: 47.45518469851849
background_psnr: 43.68546902789583
********************Evaluation the Image 4-th, BEST PSNR: 42.155047, Print rate 3.954254, Network rate 0.024916. *************************
eval_wsssim: 0.997120
Decoded image saved to ./experiments/vcip_combined_loss/decoded_images/othim05_maskerp_wsmse0_swhdc1_erp1_lambda0.0008.png
Evaluate the image: PSNR: 42.15504734650576 All bits: 3.9791696071624756  latent bits: 3.954253911972046  network bits: 0.024915695190429688
Evaluate arm network bits: 0.009401321411132812 Evaluate synthesis network bits: 0.014451980590820312
Image All bits num: 2086230.875 latent bits num: 2073167.875 mlp bits num: 13063.0 border bits num:
arm bits num: 4929.0 synthesis bits num: 7577.0
[41.75362833362292, 41.908941628931814, 41.44715671041414, 41.60395319935239, 42.15504734650576]
[3.8865792751312256, 3.94187331199646, 3.9172120094299316, 4.1665568351745605, 3.9791696071624756]
[2037686.875, 2066676.875, 2053747.25, 2184475.75, 2086230.875]
Metrics saved to ./experiments/vcip_combined_loss/results.csv
Current eval Ave PSNR: 41.77374544376541 Ave Bits 3.9782782077789305
Namespace(batch_size=1, lr=0.01, data='../data', sparsity=0.0, local_upsampling_kernel_size=8, upsampling_kernel_size=8, static_upsampling_kernel=False, latent_factor=1, mod_base=7, highest_flag=1, context_arm=16, dim_arm_mod=16, use_candidate=True, type='other', mod_hid_layer=0, sythesis_features=12, hidden_features=64, hidden_layer=2, scale=1, lambda_rate=0.0008, lambda_rate_list=[0.0006, 0.0008], start_index=0, mask_type='erp', wsmse_tag=0, swhdc_tag=1, swhdc_dilations=[1, 2, 3, 4], erp_padding=1, workdir='./experiments/vcip_combined_loss', train_steps_1=5000, train_steps_2=1000, loss_type='combined', lambda_dist=0.0023437500000000003, lambda_percep=1.0, patch_h=512, patch_w=1024, all_pix_num=524288, eval_pix_num=524288)
Directory './saved/modbase_7/context_16_arm_mod_16' already exists.
Directory './saved/modbase_7/context_16_arm_mod_16/sparity_0.0' already exists.
top %: 0.0

🔁 Stage-1 Training Candidate 1/7
Quantizer parameter: encoding gain  16
total pixel: 524288
Get Mod with shape torch.Size([1, 1, 8, 16]) at layer: 1
Get Mod with shape torch.Size([1, 1, 16, 32]) at layer: 2
Get Mod with shape torch.Size([1, 1, 32, 64]) at layer: 3
Get Mod with shape torch.Size([1, 1, 64, 128]) at layer: 4
Get Mod with shape torch.Size([1, 1, 128, 256]) at layer: 5
Get Mod with shape torch.Size([1, 1, 256, 512]) at layer: 6
Get Mod with shape torch.Size([1, 1, 512, 1024]) at layer: 7
start temperature: 0.3 noise parameter: 2.0
end temperature: 0.3 noise parameter: 2.0
********************Start from stage I
Step 400, BEST PSNR: 32.663062, Total loss 0.013859 with its rate 3.3113865852355957 latent_bits 1736120.25

🔁 Stage-1 Training Candidate 2/7
Quantizer parameter: encoding gain  16
total pixel: 524288
Get Mod with shape torch.Size([1, 1, 8, 16]) at layer: 1
Get Mod with shape torch.Size([1, 1, 16, 32]) at layer: 2
Get Mod with shape torch.Size([1, 1, 32, 64]) at layer: 3
Get Mod with shape torch.Size([1, 1, 64, 128]) at layer: 4
Get Mod with shape torch.Size([1, 1, 128, 256]) at layer: 5
Get Mod with shape torch.Size([1, 1, 256, 512]) at layer: 6
Get Mod with shape torch.Size([1, 1, 512, 1024]) at layer: 7
start temperature: 0.3 noise parameter: 2.0
end temperature: 0.3 noise parameter: 2.0
********************Start from stage I
Step 400, BEST PSNR: 32.839623, Total loss 0.014221 with its rate 3.258176803588867 latent_bits 1708223.0

🔁 Stage-1 Training Candidate 3/7
Quantizer parameter: encoding gain  16
total pixel: 524288
Get Mod with shape torch.Size([1, 1, 8, 16]) at layer: 1
Get Mod with shape torch.Size([1, 1, 16, 32]) at layer: 2
Get Mod with shape torch.Size([1, 1, 32, 64]) at layer: 3
Get Mod with shape torch.Size([1, 1, 64, 128]) at layer: 4
Get Mod with shape torch.Size([1, 1, 128, 256]) at layer: 5
Get Mod with shape torch.Size([1, 1, 256, 512]) at layer: 6
Get Mod with shape torch.Size([1, 1, 512, 1024]) at layer: 7
start temperature: 0.3 noise parameter: 2.0
end temperature: 0.3 noise parameter: 2.0
********************Start from stage I
Step 400, BEST PSNR: 33.390416, Total loss 0.013874 with its rate 3.2910537719726562 latent_bits 1725460.0

🔁 Stage-1 Training Candidate 4/7
Quantizer parameter: encoding gain  16
total pixel: 524288
Get Mod with shape torch.Size([1, 1, 8, 16]) at layer: 1
Get Mod with shape torch.Size([1, 1, 16, 32]) at layer: 2
Get Mod with shape torch.Size([1, 1, 32, 64]) at layer: 3
Get Mod with shape torch.Size([1, 1, 64, 128]) at layer: 4
Get Mod with shape torch.Size([1, 1, 128, 256]) at layer: 5
Get Mod with shape torch.Size([1, 1, 256, 512]) at layer: 6
Get Mod with shape torch.Size([1, 1, 512, 1024]) at layer: 7
start temperature: 0.3 noise parameter: 2.0
end temperature: 0.3 noise parameter: 2.0
********************Start from stage I
Step 400, BEST PSNR: 32.945179, Total loss 0.013802 with its rate 3.25209903717041 latent_bits 1705036.5

🔁 Stage-1 Training Candidate 5/7
Quantizer parameter: encoding gain  16
total pixel: 524288
Get Mod with shape torch.Size([1, 1, 8, 16]) at layer: 1
Get Mod with shape torch.Size([1, 1, 16, 32]) at layer: 2
Get Mod with shape torch.Size([1, 1, 32, 64]) at layer: 3
Get Mod with shape torch.Size([1, 1, 64, 128]) at layer: 4
Get Mod with shape torch.Size([1, 1, 128, 256]) at layer: 5
Get Mod with shape torch.Size([1, 1, 256, 512]) at layer: 6
Get Mod with shape torch.Size([1, 1, 512, 1024]) at layer: 7
start temperature: 0.3 noise parameter: 2.0
end temperature: 0.3 noise parameter: 2.0
********************Start from stage I
Step 400, BEST PSNR: 33.686404, Total loss 0.013190 with its rate 3.3468189239501953 latent_bits 1754697.0

🔁 Stage-1 Training Candidate 6/7
Quantizer parameter: encoding gain  16
total pixel: 524288
Get Mod with shape torch.Size([1, 1, 8, 16]) at layer: 1
Get Mod with shape torch.Size([1, 1, 16, 32]) at layer: 2
Get Mod with shape torch.Size([1, 1, 32, 64]) at layer: 3
Get Mod with shape torch.Size([1, 1, 64, 128]) at layer: 4
Get Mod with shape torch.Size([1, 1, 128, 256]) at layer: 5
Get Mod with shape torch.Size([1, 1, 256, 512]) at layer: 6
Get Mod with shape torch.Size([1, 1, 512, 1024]) at layer: 7
start temperature: 0.3 noise parameter: 2.0
end temperature: 0.3 noise parameter: 2.0
********************Start from stage I
Step 400, BEST PSNR: 32.618055, Total loss 0.014440 with its rate 3.1279313564300537 latent_bits 1639936.875

🔁 Stage-1 Training Candidate 7/7
Quantizer parameter: encoding gain  16
total pixel: 524288
Get Mod with shape torch.Size([1, 1, 8, 16]) at layer: 1
Get Mod with shape torch.Size([1, 1, 16, 32]) at layer: 2
Get Mod with shape torch.Size([1, 1, 32, 64]) at layer: 3
Get Mod with shape torch.Size([1, 1, 64, 128]) at layer: 4
Get Mod with shape torch.Size([1, 1, 128, 256]) at layer: 5
Get Mod with shape torch.Size([1, 1, 256, 512]) at layer: 6
Get Mod with shape torch.Size([1, 1, 512, 1024]) at layer: 7
start temperature: 0.3 noise parameter: 2.0
end temperature: 0.3 noise parameter: 2.0
********************Start from stage I
Step 400, BEST PSNR: 32.170917, Total loss 0.013819 with its rate 3.224473476409912 latent_bits 1690552.75

🌟 Selected Top-3 Candidates by RD cost

🎯 Stage-2 Refining Candidate 1/3
start temperature: 0.3 noise parameter: 2.0
end temperature: 0.3 noise parameter: 2.0
********************Start from stage I
Step 400, BEST PSNR: 35.294918, Total loss 0.010990 with its rate 3.6406068801879883 latent_bits 1908726.5

🎯 Stage-2 Refining Candidate 2/3
start temperature: 0.3 noise parameter: 2.0
end temperature: 0.3 noise parameter: 2.0
********************Start from stage I
Step 400, BEST PSNR: 33.227037, Total loss 0.012225 with its rate 3.5862550735473633 latent_bits 1880230.5

🎯 Stage-2 Refining Candidate 3/3
start temperature: 0.3 noise parameter: 2.0
end temperature: 0.3 noise parameter: 2.0
********************Start from stage I
Step 400, BEST PSNR: 34.870609, Total loss 0.011049 with its rate 3.6416354179382324 latent_bits 1909265.75

🏆 Best Candidate Final PSNR: 35.29, Rate: 3.6406
Masked_INR(
  (upsampling_2d): Upsampling(
    (conv_transpose2d): UpsamplingConvTranspose2d()
  )
  (arm): Arm(
    (mlp): Sequential(
      (0): ArmConv(
        (conv1_1): Conv1d(16, 16, kernel_size=(1,), stride=(1,))
      )
      (1): GELU(approximate='none')
      (2): ArmConv(
        (conv1_1): Conv1d(16, 16, kernel_size=(1,), stride=(1,))
      )
      (3): GELU(approximate='none')
      (4): ArmConv(
        (conv1_1): Conv1d(16, 2, kernel_size=(1,), stride=(1,))
      )
    )
  )
  (conv_mod): LocalGlobalBlock(
    (net): Sequential(
      (0): SynthesisLayer(
        (pad): Identity()
        (conv_layer): SWHDC(
          (conv): Conv2d(2, 3, kernel_size=(3, 3), stride=(1, 1))
        )
        (non_linearity): GELU(approximate='none')
      )
      (1): SynthesisResidualLayer(
        (pad): ReplicationPad2d((0, 0, 0, 0))
        (conv_layer): Conv2d(3, 3, kernel_size=(1, 1), stride=(1, 1))
        (non_linearity): GELU(approximate='none')
      )
      (2): SynthesisResidualLayer(
        (pad): ReplicationPad2d((0, 0, 0, 0))
        (conv_layer): Conv2d(3, 3, kernel_size=(1, 1), stride=(1, 1))
        (non_linearity): GELU(approximate='none')
      )
      (3): SynthesisResidualLayer(
        (pad): ReplicationPad2d((0, 0, 0, 0))
        (conv_layer): Conv2d(3, 3, kernel_size=(1, 1), stride=(1, 1))
        (non_linearity): Identity()
      )
    )
    (global_net): Sequential(
      (0): SynthesisLayer(
        (pad): Identity()
        (conv_layer): SWHDC(
          (conv): Conv2d(2, 3, kernel_size=(3, 3), stride=(1, 1))
        )
        (non_linearity): GELU(approximate='none')
      )
      (1): SynthesisResidualLayer(
        (pad): ReplicationPad2d((0, 0, 0, 0))
        (conv_layer): Conv2d(3, 3, kernel_size=(1, 1), stride=(1, 1))
        (non_linearity): GELU(approximate='none')
      )
      (2): SynthesisResidualLayer(
        (pad): ReplicationPad2d((0, 0, 0, 0))
        (conv_layer): Conv2d(3, 3, kernel_size=(1, 1), stride=(1, 1))
        (non_linearity): GELU(approximate='none')
      )
      (3): SynthesisResidualLayer(
        (pad): ReplicationPad2d((0, 0, 0, 0))
        (conv_layer): Conv2d(3, 3, kernel_size=(1, 1), stride=(1, 1))
        (non_linearity): Identity()
      )
    )
    (agg_func): Sequential(
      (0): SynthesisLayer(
        (pad): ReplicationPad2d((0, 0, 0, 0))
        (conv_layer): Conv2d(18, 3, kernel_size=(1, 1), stride=(1, 1))
        (non_linearity): GELU(approximate='none')
      )
      (1): SynthesisLayer(
        (pad): ReplicationPad2d((0, 0, 0, 0))
        (conv_layer): Conv2d(21, 3, kernel_size=(1, 1), stride=(1, 1))
        (non_linearity): GELU(approximate='none')
      )
      (2): SynthesisLayer(
        (pad): ReplicationPad2d((0, 0, 0, 0))
        (conv_layer): Conv2d(24, 3, kernel_size=(1, 1), stride=(1, 1))
        (non_linearity): GELU(approximate='none')
      )
    )
    (full_net): Sequential(
      (0): SynthesisLayer(
        (pad): ReplicationPad2d((0, 0, 0, 0))
        (conv_layer): Conv2d(7, 12, kernel_size=(1, 1), stride=(1, 1))
        (non_linearity): GELU(approximate='none')
      )
      (1): SynthesisLayer(
        (pad): ReplicationPad2d((0, 0, 0, 0))
        (conv_layer): Conv2d(12, 3, kernel_size=(1, 1), stride=(1, 1))
        (non_linearity): GELU(approximate='none')
      )
      (2): SynthesisResidualLayer(
        (conv_layer): Conv2d(3, 3, kernel_size=(3, 3), stride=(1, 1))
        (non_linearity): GELU(approximate='none')
      )
      (3): SynthesisResidualLayer(
        (conv_layer): Conv2d(3, 3, kernel_size=(3, 3), stride=(1, 1))
        (non_linearity): GELU(approximate='none')
      )
    )
  )
  (modulation_sf): ParameterList(
      (0): Parameter containing: [torch.float32 of size 1x1x8x16 (cuda:0)]
      (1): Parameter containing: [torch.float32 of size 1x1x16x32 (cuda:0)]
      (2): Parameter containing: [torch.float32 of size 1x1x32x64 (cuda:0)]
      (3): Parameter containing: [torch.float32 of size 1x1x64x128 (cuda:0)]
      (4): Parameter containing: [torch.float32 of size 1x1x128x256 (cuda:0)]
      (5): Parameter containing: [torch.float32 of size 1x1x256x512 (cuda:0)]
      (6): Parameter containing: [torch.float32 of size 1x1x512x1024 (cuda:0)]
  )
)
train the 5 -th image
start temperature: 0.3 noise parameter: 2.0
end temperature: 0.1 noise parameter: 1.0
********************Start from stage I
********************going into stage II
eval_object_psnr: 48.52510205777694
eval_background_psnr: 43.87075597125621
eval_background_psnr: 43.87075597125621
********************Evaluation the Image 5-th, after Step 999, BEST PSNR: 42.567147, Print rate 3.945001. *************************
Saved model at ./saved/modbase_7/context_16_arm_mod_16/sparity_0.0/inr_mod_16KODAK_ROI_Global_new_struture_7_12_3_33_orderconcat_operator_0_pw_0.0008_img_object5.pth
Trained the image with PSNR: 42.56714739305277  latent bits 3.9450013637542725 latent bits number 2068316.875
[41.920899139908016, 42.05683185552155, 41.50299909273441, 41.60628089794445, 42.17414706595992, 42.56714739305277]
[3.860734462738037, 3.9179346561431885, 3.8916611671447754, 4.141820907592773, 3.952106475830078, 3.9450013637542725]
[2024136.75, 2054126.125, 2040351.25, 2171507.0, 2072042.0, 2068316.875]
load the model: ./saved/modbase_7/context_16_arm_mod_16/sparity_0.0/inr_mod_16KODAK_ROI_Global_new_struture_7_12_3_33_orderconcat_operator_0_pw_0.0008_img_object5.pth for the  5 -th image
********************Evalutation with quantization
********************Starting quantizing models
eval_object_psnr: 48.368397044251445
full_image_psnr: 42.466517631298544
object_psnr: 48.368397044251445
background_psnr: 43.79728052806459
********************Evaluation the Image 5-th, BEST PSNR: 42.466518, Print rate 3.946955, Network rate 0.023903. *************************
eval_wsssim: 0.997078
Decoded image saved to ./experiments/vcip_combined_loss/decoded_images/othim06_maskerp_wsmse0_swhdc1_erp1_lambda0.0008.png
Evaluate the image: PSNR: 42.466517631298544 All bits: 3.970857620239258  latent bits: 3.9469547271728516  network bits: 0.02390289306640625
Evaluate arm network bits: 0.009349822998046875 Evaluate synthesis network bits: 0.013334274291992188
Image All bits num: 2081873.0 latent bits num: 2069341.0 mlp bits num: 12532.0 border bits num:
arm bits num: 4902.0 synthesis bits num: 6991.0
[41.75362833362292, 41.908941628931814, 41.44715671041414, 41.60395319935239, 42.15504734650576, 42.466517631298544]
[3.8865792751312256, 3.94187331199646, 3.9172120094299316, 4.1665568351745605, 3.9791696071624756, 3.970857620239258]
[2037686.875, 2066676.875, 2053747.25, 2184475.75, 2086230.875, 2081873.0]
Metrics saved to ./experiments/vcip_combined_loss/results.csv
Current eval Ave PSNR: 41.889207475020925 Ave Bits 3.9770414431889853
Namespace(batch_size=1, lr=0.01, data='../data', sparsity=0.0, local_upsampling_kernel_size=8, upsampling_kernel_size=8, static_upsampling_kernel=False, latent_factor=1, mod_base=7, highest_flag=1, context_arm=16, dim_arm_mod=16, use_candidate=True, type='other', mod_hid_layer=0, sythesis_features=12, hidden_features=64, hidden_layer=2, scale=1, lambda_rate=0.0008, lambda_rate_list=[0.0006, 0.0008], start_index=0, mask_type='erp', wsmse_tag=0, swhdc_tag=1, swhdc_dilations=[1, 2, 3, 4], erp_padding=1, workdir='./experiments/vcip_combined_loss', train_steps_1=5000, train_steps_2=1000, loss_type='combined', lambda_dist=0.0023437500000000003, lambda_percep=1.0, patch_h=512, patch_w=1024, all_pix_num=524288, eval_pix_num=524288)
Directory './saved/modbase_7/context_16_arm_mod_16' already exists.
Directory './saved/modbase_7/context_16_arm_mod_16/sparity_0.0' already exists.
top %: 0.0

🔁 Stage-1 Training Candidate 1/7
Quantizer parameter: encoding gain  16
total pixel: 524288
Get Mod with shape torch.Size([1, 1, 8, 16]) at layer: 1
Get Mod with shape torch.Size([1, 1, 16, 32]) at layer: 2
Get Mod with shape torch.Size([1, 1, 32, 64]) at layer: 3
Get Mod with shape torch.Size([1, 1, 64, 128]) at layer: 4
Get Mod with shape torch.Size([1, 1, 128, 256]) at layer: 5
Get Mod with shape torch.Size([1, 1, 256, 512]) at layer: 6
Get Mod with shape torch.Size([1, 1, 512, 1024]) at layer: 7
start temperature: 0.3 noise parameter: 2.0
end temperature: 0.3 noise parameter: 2.0
********************Start from stage I
Step 400, BEST PSNR: 34.976198, Total loss 0.017540 with its rate 2.8124425411224365 latent_bits 1474529.875

🔁 Stage-1 Training Candidate 2/7
Quantizer parameter: encoding gain  16
total pixel: 524288
Get Mod with shape torch.Size([1, 1, 8, 16]) at layer: 1
Get Mod with shape torch.Size([1, 1, 16, 32]) at layer: 2
Get Mod with shape torch.Size([1, 1, 32, 64]) at layer: 3
Get Mod with shape torch.Size([1, 1, 64, 128]) at layer: 4
Get Mod with shape torch.Size([1, 1, 128, 256]) at layer: 5
Get Mod with shape torch.Size([1, 1, 256, 512]) at layer: 6
Get Mod with shape torch.Size([1, 1, 512, 1024]) at layer: 7
start temperature: 0.3 noise parameter: 2.0
end temperature: 0.3 noise parameter: 2.0
********************Start from stage I
Step 400, BEST PSNR: 34.908740, Total loss 0.017881 with its rate 2.6443965435028076 latent_bits 1386425.375

🔁 Stage-1 Training Candidate 3/7
Quantizer parameter: encoding gain  16
total pixel: 524288
Get Mod with shape torch.Size([1, 1, 8, 16]) at layer: 1
Get Mod with shape torch.Size([1, 1, 16, 32]) at layer: 2
Get Mod with shape torch.Size([1, 1, 32, 64]) at layer: 3
Get Mod with shape torch.Size([1, 1, 64, 128]) at layer: 4
Get Mod with shape torch.Size([1, 1, 128, 256]) at layer: 5
Get Mod with shape torch.Size([1, 1, 256, 512]) at layer: 6
Get Mod with shape torch.Size([1, 1, 512, 1024]) at layer: 7
start temperature: 0.3 noise parameter: 2.0
end temperature: 0.3 noise parameter: 2.0
********************Start from stage I
Step 400, BEST PSNR: 34.707776, Total loss 0.017961 with its rate 2.6740264892578125 latent_bits 1401960.0

🔁 Stage-1 Training Candidate 4/7
Quantizer parameter: encoding gain  16
total pixel: 524288
Get Mod with shape torch.Size([1, 1, 8, 16]) at layer: 1
Get Mod with shape torch.Size([1, 1, 16, 32]) at layer: 2
Get Mod with shape torch.Size([1, 1, 32, 64]) at layer: 3
Get Mod with shape torch.Size([1, 1, 64, 128]) at layer: 4
Get Mod with shape torch.Size([1, 1, 128, 256]) at layer: 5
Get Mod with shape torch.Size([1, 1, 256, 512]) at layer: 6
Get Mod with shape torch.Size([1, 1, 512, 1024]) at layer: 7
start temperature: 0.3 noise parameter: 2.0
end temperature: 0.3 noise parameter: 2.0
********************Start from stage I
Step 400, BEST PSNR: 34.304221, Total loss 0.018235 with its rate 2.696532726287842 latent_bits 1413759.75

🔁 Stage-1 Training Candidate 5/7
Quantizer parameter: encoding gain  16
total pixel: 524288
Get Mod with shape torch.Size([1, 1, 8, 16]) at layer: 1
Get Mod with shape torch.Size([1, 1, 16, 32]) at layer: 2
Get Mod with shape torch.Size([1, 1, 32, 64]) at layer: 3
Get Mod with shape torch.Size([1, 1, 64, 128]) at layer: 4
Get Mod with shape torch.Size([1, 1, 128, 256]) at layer: 5
Get Mod with shape torch.Size([1, 1, 256, 512]) at layer: 6
Get Mod with shape torch.Size([1, 1, 512, 1024]) at layer: 7
start temperature: 0.3 noise parameter: 2.0
end temperature: 0.3 noise parameter: 2.0
********************Start from stage I
Step 400, BEST PSNR: 34.731658, Total loss 0.018820 with its rate 2.686298370361328 latent_bits 1408394.0

🔁 Stage-1 Training Candidate 6/7
Quantizer parameter: encoding gain  16
total pixel: 524288
Get Mod with shape torch.Size([1, 1, 8, 16]) at layer: 1
Get Mod with shape torch.Size([1, 1, 16, 32]) at layer: 2
Get Mod with shape torch.Size([1, 1, 32, 64]) at layer: 3
Get Mod with shape torch.Size([1, 1, 64, 128]) at layer: 4
Get Mod with shape torch.Size([1, 1, 128, 256]) at layer: 5
Get Mod with shape torch.Size([1, 1, 256, 512]) at layer: 6
Get Mod with shape torch.Size([1, 1, 512, 1024]) at layer: 7
start temperature: 0.3 noise parameter: 2.0
end temperature: 0.3 noise parameter: 2.0
********************Start from stage I
Step 400, BEST PSNR: 34.171492, Total loss 0.019065 with its rate 2.8230643272399902 latent_bits 1480098.75

🔁 Stage-1 Training Candidate 7/7
Quantizer parameter: encoding gain  16
total pixel: 524288
Get Mod with shape torch.Size([1, 1, 8, 16]) at layer: 1
Get Mod with shape torch.Size([1, 1, 16, 32]) at layer: 2
Get Mod with shape torch.Size([1, 1, 32, 64]) at layer: 3
Get Mod with shape torch.Size([1, 1, 64, 128]) at layer: 4
Get Mod with shape torch.Size([1, 1, 128, 256]) at layer: 5
Get Mod with shape torch.Size([1, 1, 256, 512]) at layer: 6
Get Mod with shape torch.Size([1, 1, 512, 1024]) at layer: 7
start temperature: 0.3 noise parameter: 2.0
end temperature: 0.3 noise parameter: 2.0
********************Start from stage I
Step 400, BEST PSNR: 34.842050, Total loss 0.017749 with its rate 2.683507204055786 latent_bits 1406930.625

🌟 Selected Top-3 Candidates by RD cost

🎯 Stage-2 Refining Candidate 1/3
start temperature: 0.3 noise parameter: 2.0
end temperature: 0.3 noise parameter: 2.0
********************Start from stage I
Step 400, BEST PSNR: 37.295024, Total loss 0.013247 with its rate 3.2049121856689453 latent_bits 1680297.0

🎯 Stage-2 Refining Candidate 2/3
start temperature: 0.3 noise parameter: 2.0
end temperature: 0.3 noise parameter: 2.0
********************Start from stage I
Step 400, BEST PSNR: 37.625762, Total loss 0.012690 with its rate 3.1382055282592773 latent_bits 1645323.5

🎯 Stage-2 Refining Candidate 3/3
start temperature: 0.3 noise parameter: 2.0
end temperature: 0.3 noise parameter: 2.0
********************Start from stage I
Step 400, BEST PSNR: 36.417300, Total loss 0.012889 with its rate 3.0917210578918457 latent_bits 1620952.25

🏆 Best Candidate Final PSNR: 37.63, Rate: 3.1382
Masked_INR(
  (upsampling_2d): Upsampling(
    (conv_transpose2d): UpsamplingConvTranspose2d()
  )
  (arm): Arm(
    (mlp): Sequential(
      (0): ArmConv(
        (conv1_1): Conv1d(16, 16, kernel_size=(1,), stride=(1,))
      )
      (1): GELU(approximate='none')
      (2): ArmConv(
        (conv1_1): Conv1d(16, 16, kernel_size=(1,), stride=(1,))
      )
      (3): GELU(approximate='none')
      (4): ArmConv(
        (conv1_1): Conv1d(16, 2, kernel_size=(1,), stride=(1,))
      )
    )
  )
  (conv_mod): LocalGlobalBlock(
    (net): Sequential(
      (0): SynthesisLayer(
        (pad): Identity()
        (conv_layer): SWHDC(
          (conv): Conv2d(2, 3, kernel_size=(3, 3), stride=(1, 1))
        )
        (non_linearity): GELU(approximate='none')
      )
      (1): SynthesisResidualLayer(
        (pad): ReplicationPad2d((0, 0, 0, 0))
        (conv_layer): Conv2d(3, 3, kernel_size=(1, 1), stride=(1, 1))
        (non_linearity): GELU(approximate='none')
      )
      (2): SynthesisResidualLayer(
        (pad): ReplicationPad2d((0, 0, 0, 0))
        (conv_layer): Conv2d(3, 3, kernel_size=(1, 1), stride=(1, 1))
        (non_linearity): GELU(approximate='none')
      )
      (3): SynthesisResidualLayer(
        (pad): ReplicationPad2d((0, 0, 0, 0))
        (conv_layer): Conv2d(3, 3, kernel_size=(1, 1), stride=(1, 1))
        (non_linearity): Identity()
      )
    )
    (global_net): Sequential(
      (0): SynthesisLayer(
        (pad): Identity()
        (conv_layer): SWHDC(
          (conv): Conv2d(2, 3, kernel_size=(3, 3), stride=(1, 1))
        )
        (non_linearity): GELU(approximate='none')
      )
      (1): SynthesisResidualLayer(
        (pad): ReplicationPad2d((0, 0, 0, 0))
        (conv_layer): Conv2d(3, 3, kernel_size=(1, 1), stride=(1, 1))
        (non_linearity): GELU(approximate='none')
      )
      (2): SynthesisResidualLayer(
        (pad): ReplicationPad2d((0, 0, 0, 0))
        (conv_layer): Conv2d(3, 3, kernel_size=(1, 1), stride=(1, 1))
        (non_linearity): GELU(approximate='none')
      )
      (3): SynthesisResidualLayer(
        (pad): ReplicationPad2d((0, 0, 0, 0))
        (conv_layer): Conv2d(3, 3, kernel_size=(1, 1), stride=(1, 1))
        (non_linearity): Identity()
      )
    )
    (agg_func): Sequential(
      (0): SynthesisLayer(
        (pad): ReplicationPad2d((0, 0, 0, 0))
        (conv_layer): Conv2d(18, 3, kernel_size=(1, 1), stride=(1, 1))
        (non_linearity): GELU(approximate='none')
      )
      (1): SynthesisLayer(
        (pad): ReplicationPad2d((0, 0, 0, 0))
        (conv_layer): Conv2d(21, 3, kernel_size=(1, 1), stride=(1, 1))
        (non_linearity): GELU(approximate='none')
      )
      (2): SynthesisLayer(
        (pad): ReplicationPad2d((0, 0, 0, 0))
        (conv_layer): Conv2d(24, 3, kernel_size=(1, 1), stride=(1, 1))
        (non_linearity): GELU(approximate='none')
      )
    )
    (full_net): Sequential(
      (0): SynthesisLayer(
        (pad): ReplicationPad2d((0, 0, 0, 0))
        (conv_layer): Conv2d(7, 12, kernel_size=(1, 1), stride=(1, 1))
        (non_linearity): GELU(approximate='none')
      )
      (1): SynthesisLayer(
        (pad): ReplicationPad2d((0, 0, 0, 0))
        (conv_layer): Conv2d(12, 3, kernel_size=(1, 1), stride=(1, 1))
        (non_linearity): GELU(approximate='none')
      )
      (2): SynthesisResidualLayer(
        (conv_layer): Conv2d(3, 3, kernel_size=(3, 3), stride=(1, 1))
        (non_linearity): GELU(approximate='none')
      )
      (3): SynthesisResidualLayer(
        (conv_layer): Conv2d(3, 3, kernel_size=(3, 3), stride=(1, 1))
        (non_linearity): GELU(approximate='none')
      )
    )
  )
  (modulation_sf): ParameterList(
      (0): Parameter containing: [torch.float32 of size 1x1x8x16 (cuda:0)]
      (1): Parameter containing: [torch.float32 of size 1x1x16x32 (cuda:0)]
      (2): Parameter containing: [torch.float32 of size 1x1x32x64 (cuda:0)]
      (3): Parameter containing: [torch.float32 of size 1x1x64x128 (cuda:0)]
      (4): Parameter containing: [torch.float32 of size 1x1x128x256 (cuda:0)]
      (5): Parameter containing: [torch.float32 of size 1x1x256x512 (cuda:0)]
      (6): Parameter containing: [torch.float32 of size 1x1x512x1024 (cuda:0)]
  )
)
train the 6 -th image
start temperature: 0.3 noise parameter: 2.0
end temperature: 0.1 noise parameter: 1.0
********************Start from stage I
********************going into stage II
eval_object_psnr: 49.00394297458066
eval_background_psnr: 43.043228080906914
eval_background_psnr: 43.043228080906914
********************Evaluation the Image 6-th, after Step 999, BEST PSNR: 42.061732, Print rate 3.441129. *************************
Saved model at ./saved/modbase_7/context_16_arm_mod_16/sparity_0.0/inr_mod_16KODAK_ROI_Global_new_struture_7_12_3_33_orderconcat_operator_0_pw_0.0008_img_object6.pth
Trained the image with PSNR: 42.061732015194174  latent bits 3.441128730773926 latent bits number 1804142.5
[41.920899139908016, 42.05683185552155, 41.50299909273441, 41.60628089794445, 42.17414706595992, 42.56714739305277, 42.061732015194174]
[3.860734462738037, 3.9179346561431885, 3.8916611671447754, 4.141820907592773, 3.952106475830078, 3.9450013637542725, 3.441128730773926]
[2024136.75, 2054126.125, 2040351.25, 2171507.0, 2072042.0, 2068316.875, 1804142.5]
load the model: ./saved/modbase_7/context_16_arm_mod_16/sparity_0.0/inr_mod_16KODAK_ROI_Global_new_struture_7_12_3_33_orderconcat_operator_0_pw_0.0008_img_object6.pth for the  6 -th image
********************Evalutation with quantization
********************Starting quantizing models
eval_object_psnr: 49.04409079835225
full_image_psnr: 42.013444309835116
object_psnr: 49.04409079835225
background_psnr: 42.97386638067426
********************Evaluation the Image 6-th, BEST PSNR: 42.013444, Print rate 3.442748, Network rate 0.023863. *************************
eval_wsssim: 0.992930
Decoded image saved to ./experiments/vcip_combined_loss/decoded_images/othim07_maskerp_wsmse0_swhdc1_erp1_lambda0.0008.png
Evaluate the image: PSNR: 42.013444309835116 All bits: 3.4666104316711426  latent bits: 3.4427475929260254  network bits: 0.023862838745117188
Evaluate arm network bits: 0.009288787841796875 Evaluate synthesis network bits: 0.013652801513671875
Image All bits num: 1817502.25 latent bits num: 1804991.25 mlp bits num: 12511.0 border bits num:
arm bits num: 4870.0 synthesis bits num: 7158.0
[41.75362833362292, 41.908941628931814, 41.44715671041414, 41.60395319935239, 42.15504734650576, 42.466517631298544, 42.013444309835116]
[3.8865792751312256, 3.94187331199646, 3.9172120094299316, 4.1665568351745605, 3.9791696071624756, 3.970857620239258, 3.4666104316711426]
[2037686.875, 2066676.875, 2053747.25, 2184475.75, 2086230.875, 2081873.0, 1817502.25]
Metrics saved to ./experiments/vcip_combined_loss/results.csv
Current eval Ave PSNR: 41.90695559428009 Ave Bits 3.9041227272578647
Namespace(batch_size=1, lr=0.01, data='../data', sparsity=0.0, local_upsampling_kernel_size=8, upsampling_kernel_size=8, static_upsampling_kernel=False, latent_factor=1, mod_base=7, highest_flag=1, context_arm=16, dim_arm_mod=16, use_candidate=True, type='other', mod_hid_layer=0, sythesis_features=12, hidden_features=64, hidden_layer=2, scale=1, lambda_rate=0.0008, lambda_rate_list=[0.0006, 0.0008], start_index=0, mask_type='erp', wsmse_tag=0, swhdc_tag=1, swhdc_dilations=[1, 2, 3, 4], erp_padding=1, workdir='./experiments/vcip_combined_loss', train_steps_1=5000, train_steps_2=1000, loss_type='combined', lambda_dist=0.0023437500000000003, lambda_percep=1.0, patch_h=512, patch_w=1024, all_pix_num=524288, eval_pix_num=524288)
Directory './saved/modbase_7/context_16_arm_mod_16' already exists.
Directory './saved/modbase_7/context_16_arm_mod_16/sparity_0.0' already exists.
top %: 0.0

🔁 Stage-1 Training Candidate 1/7
Quantizer parameter: encoding gain  16
total pixel: 524288
Get Mod with shape torch.Size([1, 1, 8, 16]) at layer: 1
Get Mod with shape torch.Size([1, 1, 16, 32]) at layer: 2
Get Mod with shape torch.Size([1, 1, 32, 64]) at layer: 3
Get Mod with shape torch.Size([1, 1, 64, 128]) at layer: 4
Get Mod with shape torch.Size([1, 1, 128, 256]) at layer: 5
Get Mod with shape torch.Size([1, 1, 256, 512]) at layer: 6
Get Mod with shape torch.Size([1, 1, 512, 1024]) at layer: 7
start temperature: 0.3 noise parameter: 2.0
end temperature: 0.3 noise parameter: 2.0
********************Start from stage I
Step 400, BEST PSNR: 33.727113, Total loss 0.020377 with its rate 2.6723251342773438 latent_bits 1401068.0

🔁 Stage-1 Training Candidate 2/7
Quantizer parameter: encoding gain  16
total pixel: 524288
Get Mod with shape torch.Size([1, 1, 8, 16]) at layer: 1
Get Mod with shape torch.Size([1, 1, 16, 32]) at layer: 2
Get Mod with shape torch.Size([1, 1, 32, 64]) at layer: 3
Get Mod with shape torch.Size([1, 1, 64, 128]) at layer: 4
Get Mod with shape torch.Size([1, 1, 128, 256]) at layer: 5
Get Mod with shape torch.Size([1, 1, 256, 512]) at layer: 6
Get Mod with shape torch.Size([1, 1, 512, 1024]) at layer: 7
start temperature: 0.3 noise parameter: 2.0
end temperature: 0.3 noise parameter: 2.0
********************Start from stage I
Step 400, BEST PSNR: 32.877697, Total loss 0.021046 with its rate 2.607332706451416 latent_bits 1366993.25

🔁 Stage-1 Training Candidate 3/7
Quantizer parameter: encoding gain  16
total pixel: 524288
Get Mod with shape torch.Size([1, 1, 8, 16]) at layer: 1
Get Mod with shape torch.Size([1, 1, 16, 32]) at layer: 2
Get Mod with shape torch.Size([1, 1, 32, 64]) at layer: 3
Get Mod with shape torch.Size([1, 1, 64, 128]) at layer: 4
Get Mod with shape torch.Size([1, 1, 128, 256]) at layer: 5
Get Mod with shape torch.Size([1, 1, 256, 512]) at layer: 6
Get Mod with shape torch.Size([1, 1, 512, 1024]) at layer: 7
start temperature: 0.3 noise parameter: 2.0
end temperature: 0.3 noise parameter: 2.0
********************Start from stage I
Step 400, BEST PSNR: 34.690779, Total loss 0.016729 with its rate 2.70784068107605 latent_bits 1419688.375

🔁 Stage-1 Training Candidate 4/7
Quantizer parameter: encoding gain  16
total pixel: 524288
Get Mod with shape torch.Size([1, 1, 8, 16]) at layer: 1
Get Mod with shape torch.Size([1, 1, 16, 32]) at layer: 2
Get Mod with shape torch.Size([1, 1, 32, 64]) at layer: 3
Get Mod with shape torch.Size([1, 1, 64, 128]) at layer: 4
Get Mod with shape torch.Size([1, 1, 128, 256]) at layer: 5
Get Mod with shape torch.Size([1, 1, 256, 512]) at layer: 6
Get Mod with shape torch.Size([1, 1, 512, 1024]) at layer: 7
start temperature: 0.3 noise parameter: 2.0
end temperature: 0.3 noise parameter: 2.0
********************Start from stage I
Step 400, BEST PSNR: 34.584341, Total loss 0.018498 with its rate 2.7215142250061035 latent_bits 1426857.25

🔁 Stage-1 Training Candidate 5/7
Quantizer parameter: encoding gain  16
total pixel: 524288
Get Mod with shape torch.Size([1, 1, 8, 16]) at layer: 1
Get Mod with shape torch.Size([1, 1, 16, 32]) at layer: 2
Get Mod with shape torch.Size([1, 1, 32, 64]) at layer: 3
Get Mod with shape torch.Size([1, 1, 64, 128]) at layer: 4
Get Mod with shape torch.Size([1, 1, 128, 256]) at layer: 5
Get Mod with shape torch.Size([1, 1, 256, 512]) at layer: 6
Get Mod with shape torch.Size([1, 1, 512, 1024]) at layer: 7
start temperature: 0.3 noise parameter: 2.0
end temperature: 0.3 noise parameter: 2.0
********************Start from stage I
Step 400, BEST PSNR: 33.286199, Total loss 0.021406 with its rate 2.6476311683654785 latent_bits 1388121.25

🔁 Stage-1 Training Candidate 6/7
Quantizer parameter: encoding gain  16
total pixel: 524288
Get Mod with shape torch.Size([1, 1, 8, 16]) at layer: 1
Get Mod with shape torch.Size([1, 1, 16, 32]) at layer: 2
Get Mod with shape torch.Size([1, 1, 32, 64]) at layer: 3
Get Mod with shape torch.Size([1, 1, 64, 128]) at layer: 4
Get Mod with shape torch.Size([1, 1, 128, 256]) at layer: 5
Get Mod with shape torch.Size([1, 1, 256, 512]) at layer: 6
Get Mod with shape torch.Size([1, 1, 512, 1024]) at layer: 7
start temperature: 0.3 noise parameter: 2.0
end temperature: 0.3 noise parameter: 2.0
********************Start from stage I
Step 400, BEST PSNR: 34.168920, Total loss 0.019250 with its rate 2.747061252593994 latent_bits 1440251.25

🔁 Stage-1 Training Candidate 7/7
Quantizer parameter: encoding gain  16
total pixel: 524288
Get Mod with shape torch.Size([1, 1, 8, 16]) at layer: 1
Get Mod with shape torch.Size([1, 1, 16, 32]) at layer: 2
Get Mod with shape torch.Size([1, 1, 32, 64]) at layer: 3
Get Mod with shape torch.Size([1, 1, 64, 128]) at layer: 4
Get Mod with shape torch.Size([1, 1, 128, 256]) at layer: 5
Get Mod with shape torch.Size([1, 1, 256, 512]) at layer: 6
Get Mod with shape torch.Size([1, 1, 512, 1024]) at layer: 7
start temperature: 0.3 noise parameter: 2.0
end temperature: 0.3 noise parameter: 2.0
********************Start from stage I
Step 400, BEST PSNR: 35.055162, Total loss 0.016730 with its rate 2.783010959625244 latent_bits 1459099.25

🌟 Selected Top-3 Candidates by RD cost

🎯 Stage-2 Refining Candidate 1/3
start temperature: 0.3 noise parameter: 2.0
end temperature: 0.3 noise parameter: 2.0
********************Start from stage I
Step 400, BEST PSNR: 38.373299, Total loss 0.012513 with its rate 3.1034693717956543 latent_bits 1627111.75

🎯 Stage-2 Refining Candidate 2/3
start temperature: 0.3 noise parameter: 2.0
end temperature: 0.3 noise parameter: 2.0
********************Start from stage I
Step 400, BEST PSNR: 38.277662, Total loss 0.012794 with its rate 3.104126214981079 latent_bits 1627456.125

🎯 Stage-2 Refining Candidate 3/3
start temperature: 0.3 noise parameter: 2.0
end temperature: 0.3 noise parameter: 2.0
********************Start from stage I
Step 400, BEST PSNR: 37.133231, Total loss 0.013359 with its rate 3.1031432151794434 latent_bits 1626940.75

🏆 Best Candidate Final PSNR: 38.37, Rate: 3.1035
Masked_INR(
  (upsampling_2d): Upsampling(
    (conv_transpose2d): UpsamplingConvTranspose2d()
  )
  (arm): Arm(
    (mlp): Sequential(
      (0): ArmConv(
        (conv1_1): Conv1d(16, 16, kernel_size=(1,), stride=(1,))
      )
      (1): GELU(approximate='none')
      (2): ArmConv(
        (conv1_1): Conv1d(16, 16, kernel_size=(1,), stride=(1,))
      )
      (3): GELU(approximate='none')
      (4): ArmConv(
        (conv1_1): Conv1d(16, 2, kernel_size=(1,), stride=(1,))
      )
    )
  )
  (conv_mod): LocalGlobalBlock(
    (net): Sequential(
      (0): SynthesisLayer(
        (pad): Identity()
        (conv_layer): SWHDC(
          (conv): Conv2d(2, 3, kernel_size=(3, 3), stride=(1, 1))
        )
        (non_linearity): GELU(approximate='none')
      )
      (1): SynthesisResidualLayer(
        (pad): ReplicationPad2d((0, 0, 0, 0))
        (conv_layer): Conv2d(3, 3, kernel_size=(1, 1), stride=(1, 1))
        (non_linearity): GELU(approximate='none')
      )
      (2): SynthesisResidualLayer(
        (pad): ReplicationPad2d((0, 0, 0, 0))
        (conv_layer): Conv2d(3, 3, kernel_size=(1, 1), stride=(1, 1))
        (non_linearity): GELU(approximate='none')
      )
      (3): SynthesisResidualLayer(
        (pad): ReplicationPad2d((0, 0, 0, 0))
        (conv_layer): Conv2d(3, 3, kernel_size=(1, 1), stride=(1, 1))
        (non_linearity): Identity()
      )
    )
    (global_net): Sequential(
      (0): SynthesisLayer(
        (pad): Identity()
        (conv_layer): SWHDC(
          (conv): Conv2d(2, 3, kernel_size=(3, 3), stride=(1, 1))
        )
        (non_linearity): GELU(approximate='none')
      )
      (1): SynthesisResidualLayer(
        (pad): ReplicationPad2d((0, 0, 0, 0))
        (conv_layer): Conv2d(3, 3, kernel_size=(1, 1), stride=(1, 1))
        (non_linearity): GELU(approximate='none')
      )
      (2): SynthesisResidualLayer(
        (pad): ReplicationPad2d((0, 0, 0, 0))
        (conv_layer): Conv2d(3, 3, kernel_size=(1, 1), stride=(1, 1))
        (non_linearity): GELU(approximate='none')
      )
      (3): SynthesisResidualLayer(
        (pad): ReplicationPad2d((0, 0, 0, 0))
        (conv_layer): Conv2d(3, 3, kernel_size=(1, 1), stride=(1, 1))
        (non_linearity): Identity()
      )
    )
    (agg_func): Sequential(
      (0): SynthesisLayer(
        (pad): ReplicationPad2d((0, 0, 0, 0))
        (conv_layer): Conv2d(18, 3, kernel_size=(1, 1), stride=(1, 1))
        (non_linearity): GELU(approximate='none')
      )
      (1): SynthesisLayer(
        (pad): ReplicationPad2d((0, 0, 0, 0))
        (conv_layer): Conv2d(21, 3, kernel_size=(1, 1), stride=(1, 1))
        (non_linearity): GELU(approximate='none')
      )
      (2): SynthesisLayer(
        (pad): ReplicationPad2d((0, 0, 0, 0))
        (conv_layer): Conv2d(24, 3, kernel_size=(1, 1), stride=(1, 1))
        (non_linearity): GELU(approximate='none')
      )
    )
    (full_net): Sequential(
      (0): SynthesisLayer(
        (pad): ReplicationPad2d((0, 0, 0, 0))
        (conv_layer): Conv2d(7, 12, kernel_size=(1, 1), stride=(1, 1))
        (non_linearity): GELU(approximate='none')
      )
      (1): SynthesisLayer(
        (pad): ReplicationPad2d((0, 0, 0, 0))
        (conv_layer): Conv2d(12, 3, kernel_size=(1, 1), stride=(1, 1))
        (non_linearity): GELU(approximate='none')
      )
      (2): SynthesisResidualLayer(
        (conv_layer): Conv2d(3, 3, kernel_size=(3, 3), stride=(1, 1))
        (non_linearity): GELU(approximate='none')
      )
      (3): SynthesisResidualLayer(
        (conv_layer): Conv2d(3, 3, kernel_size=(3, 3), stride=(1, 1))
        (non_linearity): GELU(approximate='none')
      )
    )
  )
  (modulation_sf): ParameterList(
      (0): Parameter containing: [torch.float32 of size 1x1x8x16 (cuda:0)]
      (1): Parameter containing: [torch.float32 of size 1x1x16x32 (cuda:0)]
      (2): Parameter containing: [torch.float32 of size 1x1x32x64 (cuda:0)]
      (3): Parameter containing: [torch.float32 of size 1x1x64x128 (cuda:0)]
      (4): Parameter containing: [torch.float32 of size 1x1x128x256 (cuda:0)]
      (5): Parameter containing: [torch.float32 of size 1x1x256x512 (cuda:0)]
      (6): Parameter containing: [torch.float32 of size 1x1x512x1024 (cuda:0)]
  )
)
train the 7 -th image
start temperature: 0.3 noise parameter: 2.0
end temperature: 0.1 noise parameter: 1.0
********************Start from stage I
********************going into stage II
eval_object_psnr: 49.16831102128747
eval_background_psnr: 43.526212133478246
eval_background_psnr: 43.526212133478246
********************Evaluation the Image 7-th, after Step 999, BEST PSNR: 42.478533, Print rate 3.464228. *************************
Saved model at ./saved/modbase_7/context_16_arm_mod_16/sparity_0.0/inr_mod_16KODAK_ROI_Global_new_struture_7_12_3_33_orderconcat_operator_0_pw_0.0008_img_object7.pth
Trained the image with PSNR: 42.47853325009182  latent bits 3.4642279148101807 latent bits number 1816253.125
[41.920899139908016, 42.05683185552155, 41.50299909273441, 41.60628089794445, 42.17414706595992, 42.56714739305277, 42.061732015194174, 42.47853325009182]
[3.860734462738037, 3.9179346561431885, 3.8916611671447754, 4.141820907592773, 3.952106475830078, 3.9450013637542725, 3.441128730773926, 3.4642279148101807]
[2024136.75, 2054126.125, 2040351.25, 2171507.0, 2072042.0, 2068316.875, 1804142.5, 1816253.125]
load the model: ./saved/modbase_7/context_16_arm_mod_16/sparity_0.0/inr_mod_16KODAK_ROI_Global_new_struture_7_12_3_33_orderconcat_operator_0_pw_0.0008_img_object7.pth for the  7 -th image
********************Evalutation with quantization
********************Starting quantizing models
eval_object_psnr: 49.150918462209496
full_image_psnr: 42.470972957931984
object_psnr: 49.150918462209496
background_psnr: 43.52118849513561
********************Evaluation the Image 7-th, BEST PSNR: 42.470973, Print rate 3.465441, Network rate 0.025261. *************************
eval_wsssim: 0.993234
Decoded image saved to ./experiments/vcip_combined_loss/decoded_images/othim08_maskerp_wsmse0_swhdc1_erp1_lambda0.0008.png
Evaluate the image: PSNR: 42.470972957931984 All bits: 3.490701675415039  latent bits: 3.4654407501220703  network bits: 0.02526092529296875
Evaluate arm network bits: 0.009403228759765625 Evaluate synthesis network bits: 0.014801025390625
Image All bits num: 1830133.0 latent bits num: 1816889.0 mlp bits num: 13244.0 border bits num:
arm bits num: 4930.0 synthesis bits num: 7760.0
[41.75362833362292, 41.908941628931814, 41.44715671041414, 41.60395319935239, 42.15504734650576, 42.466517631298544, 42.013444309835116, 42.470972957931984]
[3.8865792751312256, 3.94187331199646, 3.9172120094299316, 4.1665568351745605, 3.9791696071624756, 3.970857620239258, 3.4666104316711426, 3.490701675415039]
[2037686.875, 2066676.875, 2053747.25, 2184475.75, 2086230.875, 2081873.0, 1817502.25, 1830133.0]
Metrics saved to ./experiments/vcip_combined_loss/results.csv
Current eval Ave PSNR: 41.977457764736585 Ave Bits 3.8524450957775116
Namespace(batch_size=1, lr=0.01, data='../data', sparsity=0.0, local_upsampling_kernel_size=8, upsampling_kernel_size=8, static_upsampling_kernel=False, latent_factor=1, mod_base=7, highest_flag=1, context_arm=16, dim_arm_mod=16, use_candidate=True, type='other', mod_hid_layer=0, sythesis_features=12, hidden_features=64, hidden_layer=2, scale=1, lambda_rate=0.0008, lambda_rate_list=[0.0006, 0.0008], start_index=0, mask_type='erp', wsmse_tag=0, swhdc_tag=1, swhdc_dilations=[1, 2, 3, 4], erp_padding=1, workdir='./experiments/vcip_combined_loss', train_steps_1=5000, train_steps_2=1000, loss_type='combined', lambda_dist=0.0023437500000000003, lambda_percep=1.0, patch_h=512, patch_w=1024, all_pix_num=524288, eval_pix_num=524288)
Directory './saved/modbase_7/context_16_arm_mod_16' already exists.
Directory './saved/modbase_7/context_16_arm_mod_16/sparity_0.0' already exists.
top %: 0.0

🔁 Stage-1 Training Candidate 1/7
Quantizer parameter: encoding gain  16
total pixel: 524288
Get Mod with shape torch.Size([1, 1, 8, 16]) at layer: 1
Get Mod with shape torch.Size([1, 1, 16, 32]) at layer: 2
Get Mod with shape torch.Size([1, 1, 32, 64]) at layer: 3
Get Mod with shape torch.Size([1, 1, 64, 128]) at layer: 4
Get Mod with shape torch.Size([1, 1, 128, 256]) at layer: 5
Get Mod with shape torch.Size([1, 1, 256, 512]) at layer: 6
Get Mod with shape torch.Size([1, 1, 512, 1024]) at layer: 7
start temperature: 0.3 noise parameter: 2.0
end temperature: 0.3 noise parameter: 2.0
********************Start from stage I
Step 400, BEST PSNR: 34.616298, Total loss 0.018055 with its rate 2.8030543327331543 latent_bits 1469607.75

🔁 Stage-1 Training Candidate 2/7
Quantizer parameter: encoding gain  16
total pixel: 524288
Get Mod with shape torch.Size([1, 1, 8, 16]) at layer: 1
Get Mod with shape torch.Size([1, 1, 16, 32]) at layer: 2
Get Mod with shape torch.Size([1, 1, 32, 64]) at layer: 3
Get Mod with shape torch.Size([1, 1, 64, 128]) at layer: 4
Get Mod with shape torch.Size([1, 1, 128, 256]) at layer: 5
Get Mod with shape torch.Size([1, 1, 256, 512]) at layer: 6
Get Mod with shape torch.Size([1, 1, 512, 1024]) at layer: 7
start temperature: 0.3 noise parameter: 2.0
end temperature: 0.3 noise parameter: 2.0
********************Start from stage I
Step 400, BEST PSNR: 35.121343, Total loss 0.017867 with its rate 2.697291612625122 latent_bits 1414157.625

🔁 Stage-1 Training Candidate 3/7
Quantizer parameter: encoding gain  16
total pixel: 524288
Get Mod with shape torch.Size([1, 1, 8, 16]) at layer: 1
Get Mod with shape torch.Size([1, 1, 16, 32]) at layer: 2
Get Mod with shape torch.Size([1, 1, 32, 64]) at layer: 3
Get Mod with shape torch.Size([1, 1, 64, 128]) at layer: 4
Get Mod with shape torch.Size([1, 1, 128, 256]) at layer: 5
Get Mod with shape torch.Size([1, 1, 256, 512]) at layer: 6
Get Mod with shape torch.Size([1, 1, 512, 1024]) at layer: 7
start temperature: 0.3 noise parameter: 2.0
end temperature: 0.3 noise parameter: 2.0
********************Start from stage I
Step 400, BEST PSNR: 35.036791, Total loss 0.016361 with its rate 2.816068172454834 latent_bits 1476430.75

🔁 Stage-1 Training Candidate 4/7
Quantizer parameter: encoding gain  16
total pixel: 524288
Get Mod with shape torch.Size([1, 1, 8, 16]) at layer: 1
Get Mod with shape torch.Size([1, 1, 16, 32]) at layer: 2
Get Mod with shape torch.Size([1, 1, 32, 64]) at layer: 3
Get Mod with shape torch.Size([1, 1, 64, 128]) at layer: 4
Get Mod with shape torch.Size([1, 1, 128, 256]) at layer: 5
Get Mod with shape torch.Size([1, 1, 256, 512]) at layer: 6
Get Mod with shape torch.Size([1, 1, 512, 1024]) at layer: 7
start temperature: 0.3 noise parameter: 2.0
end temperature: 0.3 noise parameter: 2.0
********************Start from stage I
Step 400, BEST PSNR: 33.885455, Total loss 0.018348 with its rate 2.7045230865478516 latent_bits 1417949.0

🔁 Stage-1 Training Candidate 5/7
Quantizer parameter: encoding gain  16
total pixel: 524288
Get Mod with shape torch.Size([1, 1, 8, 16]) at layer: 1
Get Mod with shape torch.Size([1, 1, 16, 32]) at layer: 2
Get Mod with shape torch.Size([1, 1, 32, 64]) at layer: 3
Get Mod with shape torch.Size([1, 1, 64, 128]) at layer: 4
Get Mod with shape torch.Size([1, 1, 128, 256]) at layer: 5
Get Mod with shape torch.Size([1, 1, 256, 512]) at layer: 6
Get Mod with shape torch.Size([1, 1, 512, 1024]) at layer: 7
start temperature: 0.3 noise parameter: 2.0
end temperature: 0.3 noise parameter: 2.0
********************Start from stage I
Step 400, BEST PSNR: 33.604501, Total loss 0.018563 with its rate 2.7558441162109375 latent_bits 1444856.0

🔁 Stage-1 Training Candidate 6/7
Quantizer parameter: encoding gain  16
total pixel: 524288
Get Mod with shape torch.Size([1, 1, 8, 16]) at layer: 1
Get Mod with shape torch.Size([1, 1, 16, 32]) at layer: 2
Get Mod with shape torch.Size([1, 1, 32, 64]) at layer: 3
Get Mod with shape torch.Size([1, 1, 64, 128]) at layer: 4
Get Mod with shape torch.Size([1, 1, 128, 256]) at layer: 5
Get Mod with shape torch.Size([1, 1, 256, 512]) at layer: 6
Get Mod with shape torch.Size([1, 1, 512, 1024]) at layer: 7
start temperature: 0.3 noise parameter: 2.0
end temperature: 0.3 noise parameter: 2.0
********************Start from stage I
Step 400, BEST PSNR: 33.872355, Total loss 0.019856 with its rate 2.634272575378418 latent_bits 1381117.5

🔁 Stage-1 Training Candidate 7/7
Quantizer parameter: encoding gain  16
total pixel: 524288
Get Mod with shape torch.Size([1, 1, 8, 16]) at layer: 1
Get Mod with shape torch.Size([1, 1, 16, 32]) at layer: 2
Get Mod with shape torch.Size([1, 1, 32, 64]) at layer: 3
Get Mod with shape torch.Size([1, 1, 64, 128]) at layer: 4
Get Mod with shape torch.Size([1, 1, 128, 256]) at layer: 5
Get Mod with shape torch.Size([1, 1, 256, 512]) at layer: 6
Get Mod with shape torch.Size([1, 1, 512, 1024]) at layer: 7
start temperature: 0.3 noise parameter: 2.0
end temperature: 0.3 noise parameter: 2.0
********************Start from stage I
Step 400, BEST PSNR: 32.612952, Total loss 0.021116 with its rate 2.80600643157959 latent_bits 1471155.5

🌟 Selected Top-3 Candidates by RD cost

🎯 Stage-2 Refining Candidate 1/3
start temperature: 0.3 noise parameter: 2.0
end temperature: 0.3 noise parameter: 2.0
********************Start from stage I
Step 400, BEST PSNR: 38.257198, Total loss 0.012010 with its rate 3.18343448638916 latent_bits 1669036.5

🎯 Stage-2 Refining Candidate 2/3
start temperature: 0.3 noise parameter: 2.0
end temperature: 0.3 noise parameter: 2.0
********************Start from stage I
Step 400, BEST PSNR: 37.960267, Total loss 0.012393 with its rate 3.1863367557525635 latent_bits 1670558.125

🎯 Stage-2 Refining Candidate 3/3
start temperature: 0.3 noise parameter: 2.0
end temperature: 0.3 noise parameter: 2.0
********************Start from stage I
Step 400, BEST PSNR: 37.286547, Total loss 0.013097 with its rate 3.2432479858398438 latent_bits 1700396.0

🏆 Best Candidate Final PSNR: 38.26, Rate: 3.1834
Masked_INR(
  (upsampling_2d): Upsampling(
    (conv_transpose2d): UpsamplingConvTranspose2d()
  )
  (arm): Arm(
    (mlp): Sequential(
      (0): ArmConv(
        (conv1_1): Conv1d(16, 16, kernel_size=(1,), stride=(1,))
      )
      (1): GELU(approximate='none')
      (2): ArmConv(
        (conv1_1): Conv1d(16, 16, kernel_size=(1,), stride=(1,))
      )
      (3): GELU(approximate='none')
      (4): ArmConv(
        (conv1_1): Conv1d(16, 2, kernel_size=(1,), stride=(1,))
      )
    )
  )
  (conv_mod): LocalGlobalBlock(
    (net): Sequential(
      (0): SynthesisLayer(
        (pad): Identity()
        (conv_layer): SWHDC(
          (conv): Conv2d(2, 3, kernel_size=(3, 3), stride=(1, 1))
        )
        (non_linearity): GELU(approximate='none')
      )
      (1): SynthesisResidualLayer(
        (pad): ReplicationPad2d((0, 0, 0, 0))
        (conv_layer): Conv2d(3, 3, kernel_size=(1, 1), stride=(1, 1))
        (non_linearity): GELU(approximate='none')
      )
      (2): SynthesisResidualLayer(
        (pad): ReplicationPad2d((0, 0, 0, 0))
        (conv_layer): Conv2d(3, 3, kernel_size=(1, 1), stride=(1, 1))
        (non_linearity): GELU(approximate='none')
      )
      (3): SynthesisResidualLayer(
        (pad): ReplicationPad2d((0, 0, 0, 0))
        (conv_layer): Conv2d(3, 3, kernel_size=(1, 1), stride=(1, 1))
        (non_linearity): Identity()
      )
    )
    (global_net): Sequential(
      (0): SynthesisLayer(
        (pad): Identity()
        (conv_layer): SWHDC(
          (conv): Conv2d(2, 3, kernel_size=(3, 3), stride=(1, 1))
        )
        (non_linearity): GELU(approximate='none')
      )
      (1): SynthesisResidualLayer(
        (pad): ReplicationPad2d((0, 0, 0, 0))
        (conv_layer): Conv2d(3, 3, kernel_size=(1, 1), stride=(1, 1))
        (non_linearity): GELU(approximate='none')
      )
      (2): SynthesisResidualLayer(
        (pad): ReplicationPad2d((0, 0, 0, 0))
        (conv_layer): Conv2d(3, 3, kernel_size=(1, 1), stride=(1, 1))
        (non_linearity): GELU(approximate='none')
      )
      (3): SynthesisResidualLayer(
        (pad): ReplicationPad2d((0, 0, 0, 0))
        (conv_layer): Conv2d(3, 3, kernel_size=(1, 1), stride=(1, 1))
        (non_linearity): Identity()
      )
    )
    (agg_func): Sequential(
      (0): SynthesisLayer(
        (pad): ReplicationPad2d((0, 0, 0, 0))
        (conv_layer): Conv2d(18, 3, kernel_size=(1, 1), stride=(1, 1))
        (non_linearity): GELU(approximate='none')
      )
      (1): SynthesisLayer(
        (pad): ReplicationPad2d((0, 0, 0, 0))
        (conv_layer): Conv2d(21, 3, kernel_size=(1, 1), stride=(1, 1))
        (non_linearity): GELU(approximate='none')
      )
      (2): SynthesisLayer(
        (pad): ReplicationPad2d((0, 0, 0, 0))
        (conv_layer): Conv2d(24, 3, kernel_size=(1, 1), stride=(1, 1))
        (non_linearity): GELU(approximate='none')
      )
    )
    (full_net): Sequential(
      (0): SynthesisLayer(
        (pad): ReplicationPad2d((0, 0, 0, 0))
        (conv_layer): Conv2d(7, 12, kernel_size=(1, 1), stride=(1, 1))
        (non_linearity): GELU(approximate='none')
      )
      (1): SynthesisLayer(
        (pad): ReplicationPad2d((0, 0, 0, 0))
        (conv_layer): Conv2d(12, 3, kernel_size=(1, 1), stride=(1, 1))
        (non_linearity): GELU(approximate='none')
      )
      (2): SynthesisResidualLayer(
        (conv_layer): Conv2d(3, 3, kernel_size=(3, 3), stride=(1, 1))
        (non_linearity): GELU(approximate='none')
      )
      (3): SynthesisResidualLayer(
        (conv_layer): Conv2d(3, 3, kernel_size=(3, 3), stride=(1, 1))
        (non_linearity): GELU(approximate='none')
      )
    )
  )
  (modulation_sf): ParameterList(
      (0): Parameter containing: [torch.float32 of size 1x1x8x16 (cuda:0)]
      (1): Parameter containing: [torch.float32 of size 1x1x16x32 (cuda:0)]
      (2): Parameter containing: [torch.float32 of size 1x1x32x64 (cuda:0)]
      (3): Parameter containing: [torch.float32 of size 1x1x64x128 (cuda:0)]
      (4): Parameter containing: [torch.float32 of size 1x1x128x256 (cuda:0)]
      (5): Parameter containing: [torch.float32 of size 1x1x256x512 (cuda:0)]
      (6): Parameter containing: [torch.float32 of size 1x1x512x1024 (cuda:0)]
  )
)
train the 8 -th image
start temperature: 0.3 noise parameter: 2.0
end temperature: 0.1 noise parameter: 1.0
********************Start from stage I
********************going into stage II
eval_object_psnr: 49.56077713948147
eval_background_psnr: 44.46239190045796
eval_background_psnr: 44.46239190045796
********************Evaluation the Image 8-th, after Step 999, BEST PSNR: 43.291657, Print rate 3.503343. *************************
Saved model at ./saved/modbase_7/context_16_arm_mod_16/sparity_0.0/inr_mod_16KODAK_ROI_Global_new_struture_7_12_3_33_orderconcat_operator_0_pw_0.0008_img_object8.pth
Trained the image with PSNR: 43.291657174328414  latent bits 3.503342628479004 latent bits number 1836760.5
[41.920899139908016, 42.05683185552155, 41.50299909273441, 41.60628089794445, 42.17414706595992, 42.56714739305277, 42.061732015194174, 42.47853325009182, 43.291657174328414]
[3.860734462738037, 3.9179346561431885, 3.8916611671447754, 4.141820907592773, 3.952106475830078, 3.9450013637542725, 3.441128730773926, 3.4642279148101807, 3.503342628479004]
[2024136.75, 2054126.125, 2040351.25, 2171507.0, 2072042.0, 2068316.875, 1804142.5, 1816253.125, 1836760.5]
load the model: ./saved/modbase_7/context_16_arm_mod_16/sparity_0.0/inr_mod_16KODAK_ROI_Global_new_struture_7_12_3_33_orderconcat_operator_0_pw_0.0008_img_object8.pth for the  8 -th image
********************Evalutation with quantization
********************Starting quantizing models
eval_object_psnr: 49.60005592940123
full_image_psnr: 43.20027007421521
object_psnr: 49.60005592940123
background_psnr: 44.333614932983245
********************Evaluation the Image 8-th, BEST PSNR: 43.200270, Print rate 3.504232, Network rate 0.022772. *************************
eval_wsssim: 0.993291
Decoded image saved to ./experiments/vcip_combined_loss/decoded_images/othim09_maskerp_wsmse0_swhdc1_erp1_lambda0.0008.png
Evaluate the image: PSNR: 43.20027007421521 All bits: 3.527003765106201  latent bits: 3.5042319297790527  network bits: 0.022771835327148438
Evaluate arm network bits: 0.009534835815429688 Evaluate synthesis network bits: 0.012456893920898438
Image All bits num: 1849165.75 latent bits num: 1837226.75 mlp bits num: 11939.0 border bits num:
arm bits num: 4999.0 synthesis bits num: 6531.0
[41.75362833362292, 41.908941628931814, 41.44715671041414, 41.60395319935239, 42.15504734650576, 42.466517631298544, 42.013444309835116, 42.470972957931984, 43.20027007421521]
[3.8865792751312256, 3.94187331199646, 3.9172120094299316, 4.1665568351745605, 3.9791696071624756, 3.970857620239258, 3.4666104316711426, 3.490701675415039, 3.527003765106201]
[2037686.875, 2066676.875, 2053747.25, 2184475.75, 2086230.875, 2081873.0, 1817502.25, 1830133.0, 1849165.75]
Metrics saved to ./experiments/vcip_combined_loss/results.csv
Current eval Ave PSNR: 42.113325799123096 Ave Bits 3.8162849479251437
Namespace(batch_size=1, lr=0.01, data='../data', sparsity=0.0, local_upsampling_kernel_size=8, upsampling_kernel_size=8, static_upsampling_kernel=False, latent_factor=1, mod_base=7, highest_flag=1, context_arm=16, dim_arm_mod=16, use_candidate=True, type='other', mod_hid_layer=0, sythesis_features=12, hidden_features=64, hidden_layer=2, scale=1, lambda_rate=0.0008, lambda_rate_list=[0.0006, 0.0008], start_index=0, mask_type='erp', wsmse_tag=0, swhdc_tag=1, swhdc_dilations=[1, 2, 3, 4], erp_padding=1, workdir='./experiments/vcip_combined_loss', train_steps_1=5000, train_steps_2=1000, loss_type='combined', lambda_dist=0.0023437500000000003, lambda_percep=1.0, patch_h=512, patch_w=1024, all_pix_num=524288, eval_pix_num=524288)
Directory './saved/modbase_7/context_16_arm_mod_16' already exists.
Directory './saved/modbase_7/context_16_arm_mod_16/sparity_0.0' already exists.
top %: 0.0

🔁 Stage-1 Training Candidate 1/7
Quantizer parameter: encoding gain  16
total pixel: 524288
Get Mod with shape torch.Size([1, 1, 8, 16]) at layer: 1
Get Mod with shape torch.Size([1, 1, 16, 32]) at layer: 2
Get Mod with shape torch.Size([1, 1, 32, 64]) at layer: 3
Get Mod with shape torch.Size([1, 1, 64, 128]) at layer: 4
Get Mod with shape torch.Size([1, 1, 128, 256]) at layer: 5
Get Mod with shape torch.Size([1, 1, 256, 512]) at layer: 6
Get Mod with shape torch.Size([1, 1, 512, 1024]) at layer: 7
start temperature: 0.3 noise parameter: 2.0
end temperature: 0.3 noise parameter: 2.0
********************Start from stage I
Step 400, BEST PSNR: 35.090239, Total loss 0.015570 with its rate 2.8823695182800293 latent_bits 1511191.75

🔁 Stage-1 Training Candidate 2/7
Quantizer parameter: encoding gain  16
total pixel: 524288
Get Mod with shape torch.Size([1, 1, 8, 16]) at layer: 1
Get Mod with shape torch.Size([1, 1, 16, 32]) at layer: 2
Get Mod with shape torch.Size([1, 1, 32, 64]) at layer: 3
Get Mod with shape torch.Size([1, 1, 64, 128]) at layer: 4
Get Mod with shape torch.Size([1, 1, 128, 256]) at layer: 5
Get Mod with shape torch.Size([1, 1, 256, 512]) at layer: 6
Get Mod with shape torch.Size([1, 1, 512, 1024]) at layer: 7
start temperature: 0.3 noise parameter: 2.0
end temperature: 0.3 noise parameter: 2.0
********************Start from stage I
Step 400, BEST PSNR: 34.023161, Total loss 0.019713 with its rate 2.7628579139709473 latent_bits 1448533.25

🔁 Stage-1 Training Candidate 3/7
Quantizer parameter: encoding gain  16
total pixel: 524288
Get Mod with shape torch.Size([1, 1, 8, 16]) at layer: 1
Get Mod with shape torch.Size([1, 1, 16, 32]) at layer: 2
Get Mod with shape torch.Size([1, 1, 32, 64]) at layer: 3
Get Mod with shape torch.Size([1, 1, 64, 128]) at layer: 4
Get Mod with shape torch.Size([1, 1, 128, 256]) at layer: 5
Get Mod with shape torch.Size([1, 1, 256, 512]) at layer: 6
Get Mod with shape torch.Size([1, 1, 512, 1024]) at layer: 7
start temperature: 0.3 noise parameter: 2.0
end temperature: 0.3 noise parameter: 2.0
********************Start from stage I
Step 400, BEST PSNR: 34.407211, Total loss 0.019707 with its rate 2.820798873901367 latent_bits 1478911.0

🔁 Stage-1 Training Candidate 4/7
Quantizer parameter: encoding gain  16
total pixel: 524288
Get Mod with shape torch.Size([1, 1, 8, 16]) at layer: 1
Get Mod with shape torch.Size([1, 1, 16, 32]) at layer: 2
Get Mod with shape torch.Size([1, 1, 32, 64]) at layer: 3
Get Mod with shape torch.Size([1, 1, 64, 128]) at layer: 4
Get Mod with shape torch.Size([1, 1, 128, 256]) at layer: 5
Get Mod with shape torch.Size([1, 1, 256, 512]) at layer: 6
Get Mod with shape torch.Size([1, 1, 512, 1024]) at layer: 7
start temperature: 0.3 noise parameter: 2.0
end temperature: 0.3 noise parameter: 2.0
********************Start from stage I
Step 400, BEST PSNR: 33.955052, Total loss 0.017893 with its rate 2.885830879211426 latent_bits 1513006.5

🔁 Stage-1 Training Candidate 5/7
Quantizer parameter: encoding gain  16
total pixel: 524288
Get Mod with shape torch.Size([1, 1, 8, 16]) at layer: 1
Get Mod with shape torch.Size([1, 1, 16, 32]) at layer: 2
Get Mod with shape torch.Size([1, 1, 32, 64]) at layer: 3
Get Mod with shape torch.Size([1, 1, 64, 128]) at layer: 4
Get Mod with shape torch.Size([1, 1, 128, 256]) at layer: 5
Get Mod with shape torch.Size([1, 1, 256, 512]) at layer: 6
Get Mod with shape torch.Size([1, 1, 512, 1024]) at layer: 7
start temperature: 0.3 noise parameter: 2.0
end temperature: 0.3 noise parameter: 2.0
********************Start from stage I
Step 400, BEST PSNR: 33.551807, Total loss 0.019115 with its rate 2.9292824268341064 latent_bits 1535787.625

🔁 Stage-1 Training Candidate 6/7
Quantizer parameter: encoding gain  16
total pixel: 524288
Get Mod with shape torch.Size([1, 1, 8, 16]) at layer: 1
Get Mod with shape torch.Size([1, 1, 16, 32]) at layer: 2
Get Mod with shape torch.Size([1, 1, 32, 64]) at layer: 3
Get Mod with shape torch.Size([1, 1, 64, 128]) at layer: 4
Get Mod with shape torch.Size([1, 1, 128, 256]) at layer: 5
Get Mod with shape torch.Size([1, 1, 256, 512]) at layer: 6
Get Mod with shape torch.Size([1, 1, 512, 1024]) at layer: 7
start temperature: 0.3 noise parameter: 2.0
end temperature: 0.3 noise parameter: 2.0
********************Start from stage I
Step 400, BEST PSNR: 34.458060, Total loss 0.019201 with its rate 2.789710521697998 latent_bits 1462611.75

🔁 Stage-1 Training Candidate 7/7
Quantizer parameter: encoding gain  16
total pixel: 524288
Get Mod with shape torch.Size([1, 1, 8, 16]) at layer: 1
Get Mod with shape torch.Size([1, 1, 16, 32]) at layer: 2
Get Mod with shape torch.Size([1, 1, 32, 64]) at layer: 3
Get Mod with shape torch.Size([1, 1, 64, 128]) at layer: 4
Get Mod with shape torch.Size([1, 1, 128, 256]) at layer: 5
Get Mod with shape torch.Size([1, 1, 256, 512]) at layer: 6
Get Mod with shape torch.Size([1, 1, 512, 1024]) at layer: 7
start temperature: 0.3 noise parameter: 2.0
end temperature: 0.3 noise parameter: 2.0
********************Start from stage I
Step 400, BEST PSNR: 33.655352, Total loss 0.019006 with its rate 2.7849154472351074 latent_bits 1460097.75

🌟 Selected Top-3 Candidates by RD cost

🎯 Stage-2 Refining Candidate 1/3
start temperature: 0.3 noise parameter: 2.0
end temperature: 0.3 noise parameter: 2.0
********************Start from stage I
Step 400, BEST PSNR: 38.582661, Total loss 0.011272 with its rate 3.220717191696167 latent_bits 1688583.375

🎯 Stage-2 Refining Candidate 2/3
start temperature: 0.3 noise parameter: 2.0
end temperature: 0.3 noise parameter: 2.0
********************Start from stage I
Step 400, BEST PSNR: 37.342024, Total loss 0.010872 with its rate 3.2830405235290527 latent_bits 1721258.75

🎯 Stage-2 Refining Candidate 3/3
start temperature: 0.3 noise parameter: 2.0
end temperature: 0.3 noise parameter: 2.0
********************Start from stage I
Step 400, BEST PSNR: 37.956952, Total loss 0.011932 with its rate 3.2457170486450195 latent_bits 1701690.5

🏆 Best Candidate Final PSNR: 37.34, Rate: 3.2830
Masked_INR(
  (upsampling_2d): Upsampling(
    (conv_transpose2d): UpsamplingConvTranspose2d()
  )
  (arm): Arm(
    (mlp): Sequential(
      (0): ArmConv(
        (conv1_1): Conv1d(16, 16, kernel_size=(1,), stride=(1,))
      )
      (1): GELU(approximate='none')
      (2): ArmConv(
        (conv1_1): Conv1d(16, 16, kernel_size=(1,), stride=(1,))
      )
      (3): GELU(approximate='none')
      (4): ArmConv(
        (conv1_1): Conv1d(16, 2, kernel_size=(1,), stride=(1,))
      )
    )
  )
  (conv_mod): LocalGlobalBlock(
    (net): Sequential(
      (0): SynthesisLayer(
        (pad): Identity()
        (conv_layer): SWHDC(
          (conv): Conv2d(2, 3, kernel_size=(3, 3), stride=(1, 1))
        )
        (non_linearity): GELU(approximate='none')
      )
      (1): SynthesisResidualLayer(
        (pad): ReplicationPad2d((0, 0, 0, 0))
        (conv_layer): Conv2d(3, 3, kernel_size=(1, 1), stride=(1, 1))
        (non_linearity): GELU(approximate='none')
      )
      (2): SynthesisResidualLayer(
        (pad): ReplicationPad2d((0, 0, 0, 0))
        (conv_layer): Conv2d(3, 3, kernel_size=(1, 1), stride=(1, 1))
        (non_linearity): GELU(approximate='none')
      )
      (3): SynthesisResidualLayer(
        (pad): ReplicationPad2d((0, 0, 0, 0))
        (conv_layer): Conv2d(3, 3, kernel_size=(1, 1), stride=(1, 1))
        (non_linearity): Identity()
      )
    )
    (global_net): Sequential(
      (0): SynthesisLayer(
        (pad): Identity()
        (conv_layer): SWHDC(
          (conv): Conv2d(2, 3, kernel_size=(3, 3), stride=(1, 1))
        )
        (non_linearity): GELU(approximate='none')
      )
      (1): SynthesisResidualLayer(
        (pad): ReplicationPad2d((0, 0, 0, 0))
        (conv_layer): Conv2d(3, 3, kernel_size=(1, 1), stride=(1, 1))
        (non_linearity): GELU(approximate='none')
      )
      (2): SynthesisResidualLayer(
        (pad): ReplicationPad2d((0, 0, 0, 0))
        (conv_layer): Conv2d(3, 3, kernel_size=(1, 1), stride=(1, 1))
        (non_linearity): GELU(approximate='none')
      )
      (3): SynthesisResidualLayer(
        (pad): ReplicationPad2d((0, 0, 0, 0))
        (conv_layer): Conv2d(3, 3, kernel_size=(1, 1), stride=(1, 1))
        (non_linearity): Identity()
      )
    )
    (agg_func): Sequential(
      (0): SynthesisLayer(
        (pad): ReplicationPad2d((0, 0, 0, 0))
        (conv_layer): Conv2d(18, 3, kernel_size=(1, 1), stride=(1, 1))
        (non_linearity): GELU(approximate='none')
      )
      (1): SynthesisLayer(
        (pad): ReplicationPad2d((0, 0, 0, 0))
        (conv_layer): Conv2d(21, 3, kernel_size=(1, 1), stride=(1, 1))
        (non_linearity): GELU(approximate='none')
      )
      (2): SynthesisLayer(
        (pad): ReplicationPad2d((0, 0, 0, 0))
        (conv_layer): Conv2d(24, 3, kernel_size=(1, 1), stride=(1, 1))
        (non_linearity): GELU(approximate='none')
      )
    )
    (full_net): Sequential(
      (0): SynthesisLayer(
        (pad): ReplicationPad2d((0, 0, 0, 0))
        (conv_layer): Conv2d(7, 12, kernel_size=(1, 1), stride=(1, 1))
        (non_linearity): GELU(approximate='none')
      )
      (1): SynthesisLayer(
        (pad): ReplicationPad2d((0, 0, 0, 0))
        (conv_layer): Conv2d(12, 3, kernel_size=(1, 1), stride=(1, 1))
        (non_linearity): GELU(approximate='none')
      )
      (2): SynthesisResidualLayer(
        (conv_layer): Conv2d(3, 3, kernel_size=(3, 3), stride=(1, 1))
        (non_linearity): GELU(approximate='none')
      )
      (3): SynthesisResidualLayer(
        (conv_layer): Conv2d(3, 3, kernel_size=(3, 3), stride=(1, 1))
        (non_linearity): GELU(approximate='none')
      )
    )
  )
  (modulation_sf): ParameterList(
      (0): Parameter containing: [torch.float32 of size 1x1x8x16 (cuda:0)]
      (1): Parameter containing: [torch.float32 of size 1x1x16x32 (cuda:0)]
      (2): Parameter containing: [torch.float32 of size 1x1x32x64 (cuda:0)]
      (3): Parameter containing: [torch.float32 of size 1x1x64x128 (cuda:0)]
      (4): Parameter containing: [torch.float32 of size 1x1x128x256 (cuda:0)]
      (5): Parameter containing: [torch.float32 of size 1x1x256x512 (cuda:0)]
      (6): Parameter containing: [torch.float32 of size 1x1x512x1024 (cuda:0)]
  )
)
train the 9 -th image
start temperature: 0.3 noise parameter: 2.0
end temperature: 0.1 noise parameter: 1.0
********************Start from stage I
********************going into stage II
eval_object_psnr: 50.00275481072641
eval_background_psnr: 45.27021368533332
eval_background_psnr: 45.27021368533332
********************Evaluation the Image 9-th, after Step 999, BEST PSNR: 44.007187, Print rate 3.622696. *************************
Saved model at ./saved/modbase_7/context_16_arm_mod_16/sparity_0.0/inr_mod_16KODAK_ROI_Global_new_struture_7_12_3_33_orderconcat_operator_0_pw_0.0008_img_object9.pth
Trained the image with PSNR: 44.00718670105075  latent bits 3.6226956844329834 latent bits number 1899335.875
[41.920899139908016, 42.05683185552155, 41.50299909273441, 41.60628089794445, 42.17414706595992, 42.56714739305277, 42.061732015194174, 42.47853325009182, 43.291657174328414, 44.00718670105075]
[3.860734462738037, 3.9179346561431885, 3.8916611671447754, 4.141820907592773, 3.952106475830078, 3.9450013637542725, 3.441128730773926, 3.4642279148101807, 3.503342628479004, 3.6226956844329834]
[2024136.75, 2054126.125, 2040351.25, 2171507.0, 2072042.0, 2068316.875, 1804142.5, 1816253.125, 1836760.5, 1899335.875]
load the model: ./saved/modbase_7/context_16_arm_mod_16/sparity_0.0/inr_mod_16KODAK_ROI_Global_new_struture_7_12_3_33_orderconcat_operator_0_pw_0.0008_img_object9.pth for the  9 -th image
********************Evalutation with quantization
********************Starting quantizing models
eval_object_psnr: 50.0380155405309
full_image_psnr: 44.00814867813279
object_psnr: 50.0380155405309
background_psnr: 45.261607004087864
********************Evaluation the Image 9-th, BEST PSNR: 44.008149, Print rate 3.623619, Network rate 0.024025. *************************
eval_wsssim: 0.994865
Decoded image saved to ./experiments/vcip_combined_loss/decoded_images/othim10_maskerp_wsmse0_swhdc1_erp1_lambda0.0008.png
Evaluate the image: PSNR: 44.00814867813279 All bits: 3.64764404296875  latent bits: 3.6236190795898438  network bits: 0.02402496337890625
Evaluate arm network bits: 0.009372711181640625 Evaluate synthesis network bits: 0.013463973999023438
Image All bits num: 1912416.0 latent bits num: 1899820.0 mlp bits num: 12596.0 border bits num:
arm bits num: 4914.0 synthesis bits num: 7059.0
[41.75362833362292, 41.908941628931814, 41.44715671041414, 41.60395319935239, 42.15504734650576, 42.466517631298544, 42.013444309835116, 42.470972957931984, 43.20027007421521, 44.00814867813279]
[3.8865792751312256, 3.94187331199646, 3.9172120094299316, 4.1665568351745605, 3.9791696071624756, 3.970857620239258, 3.4666104316711426, 3.490701675415039, 3.527003765106201, 3.64764404296875]
[2037686.875, 2066676.875, 2053747.25, 2184475.75, 2086230.875, 2081873.0, 1817502.25, 1830133.0, 1849165.75, 1912416.0]
Metrics saved to ./experiments/vcip_combined_loss/results.csv
Current eval Ave PSNR: 42.30280808702407 Ave Bits 3.7994208574295043
Namespace(batch_size=1, lr=0.01, data='../data', sparsity=0.0, local_upsampling_kernel_size=8, upsampling_kernel_size=8, static_upsampling_kernel=False, latent_factor=1, mod_base=7, highest_flag=1, context_arm=16, dim_arm_mod=16, use_candidate=True, type='other', mod_hid_layer=0, sythesis_features=12, hidden_features=64, hidden_layer=2, scale=1, lambda_rate=0.0008, lambda_rate_list=[0.0006, 0.0008], start_index=0, mask_type='erp', wsmse_tag=0, swhdc_tag=1, swhdc_dilations=[1, 2, 3, 4], erp_padding=1, workdir='./experiments/vcip_combined_loss', train_steps_1=5000, train_steps_2=1000, loss_type='combined', lambda_dist=0.0023437500000000003, lambda_percep=1.0, patch_h=512, patch_w=1024, all_pix_num=524288, eval_pix_num=524288)
Directory './saved/modbase_7/context_16_arm_mod_16' already exists.
Directory './saved/modbase_7/context_16_arm_mod_16/sparity_0.0' already exists.
top %: 0.0

🔁 Stage-1 Training Candidate 1/7
Quantizer parameter: encoding gain  16
total pixel: 524288
Get Mod with shape torch.Size([1, 1, 8, 16]) at layer: 1
Get Mod with shape torch.Size([1, 1, 16, 32]) at layer: 2
Get Mod with shape torch.Size([1, 1, 32, 64]) at layer: 3
Get Mod with shape torch.Size([1, 1, 64, 128]) at layer: 4
Get Mod with shape torch.Size([1, 1, 128, 256]) at layer: 5
Get Mod with shape torch.Size([1, 1, 256, 512]) at layer: 6
Get Mod with shape torch.Size([1, 1, 512, 1024]) at layer: 7
start temperature: 0.3 noise parameter: 2.0
end temperature: 0.3 noise parameter: 2.0
********************Start from stage I
Step 400, BEST PSNR: 31.310895, Total loss 0.021438 with its rate 2.760207414627075 latent_bits 1447143.625

🔁 Stage-1 Training Candidate 2/7
Quantizer parameter: encoding gain  16
total pixel: 524288
Get Mod with shape torch.Size([1, 1, 8, 16]) at layer: 1
Get Mod with shape torch.Size([1, 1, 16, 32]) at layer: 2
Get Mod with shape torch.Size([1, 1, 32, 64]) at layer: 3
Get Mod with shape torch.Size([1, 1, 64, 128]) at layer: 4
Get Mod with shape torch.Size([1, 1, 128, 256]) at layer: 5
Get Mod with shape torch.Size([1, 1, 256, 512]) at layer: 6
Get Mod with shape torch.Size([1, 1, 512, 1024]) at layer: 7
start temperature: 0.3 noise parameter: 2.0
end temperature: 0.3 noise parameter: 2.0
********************Start from stage I
Step 400, BEST PSNR: 34.405621, Total loss 0.017723 with its rate 2.960653305053711 latent_bits 1552235.0

🔁 Stage-1 Training Candidate 3/7
Quantizer parameter: encoding gain  16
total pixel: 524288
Get Mod with shape torch.Size([1, 1, 8, 16]) at layer: 1
Get Mod with shape torch.Size([1, 1, 16, 32]) at layer: 2
Get Mod with shape torch.Size([1, 1, 32, 64]) at layer: 3
Get Mod with shape torch.Size([1, 1, 64, 128]) at layer: 4
Get Mod with shape torch.Size([1, 1, 128, 256]) at layer: 5
Get Mod with shape torch.Size([1, 1, 256, 512]) at layer: 6
Get Mod with shape torch.Size([1, 1, 512, 1024]) at layer: 7
start temperature: 0.3 noise parameter: 2.0
end temperature: 0.3 noise parameter: 2.0
********************Start from stage I
Step 400, BEST PSNR: 34.037490, Total loss 0.018097 with its rate 2.804429769515991 latent_bits 1470328.875

🔁 Stage-1 Training Candidate 4/7
Quantizer parameter: encoding gain  16
total pixel: 524288
Get Mod with shape torch.Size([1, 1, 8, 16]) at layer: 1
Get Mod with shape torch.Size([1, 1, 16, 32]) at layer: 2
Get Mod with shape torch.Size([1, 1, 32, 64]) at layer: 3
Get Mod with shape torch.Size([1, 1, 64, 128]) at layer: 4
Get Mod with shape torch.Size([1, 1, 128, 256]) at layer: 5
Get Mod with shape torch.Size([1, 1, 256, 512]) at layer: 6
Get Mod with shape torch.Size([1, 1, 512, 1024]) at layer: 7
start temperature: 0.3 noise parameter: 2.0
end temperature: 0.3 noise parameter: 2.0
********************Start from stage I
Step 400, BEST PSNR: 34.758183, Total loss 0.016540 with its rate 2.888162136077881 latent_bits 1514228.75

🔁 Stage-1 Training Candidate 5/7
Quantizer parameter: encoding gain  16
total pixel: 524288
Get Mod with shape torch.Size([1, 1, 8, 16]) at layer: 1
Get Mod with shape torch.Size([1, 1, 16, 32]) at layer: 2
Get Mod with shape torch.Size([1, 1, 32, 64]) at layer: 3
Get Mod with shape torch.Size([1, 1, 64, 128]) at layer: 4
Get Mod with shape torch.Size([1, 1, 128, 256]) at layer: 5
Get Mod with shape torch.Size([1, 1, 256, 512]) at layer: 6
Get Mod with shape torch.Size([1, 1, 512, 1024]) at layer: 7
start temperature: 0.3 noise parameter: 2.0
end temperature: 0.3 noise parameter: 2.0
********************Start from stage I
Step 400, BEST PSNR: 34.187129, Total loss 0.017448 with its rate 2.775102138519287 latent_bits 1454952.75

🔁 Stage-1 Training Candidate 6/7
Quantizer parameter: encoding gain  16
total pixel: 524288
Get Mod with shape torch.Size([1, 1, 8, 16]) at layer: 1
Get Mod with shape torch.Size([1, 1, 16, 32]) at layer: 2
Get Mod with shape torch.Size([1, 1, 32, 64]) at layer: 3
Get Mod with shape torch.Size([1, 1, 64, 128]) at layer: 4
Get Mod with shape torch.Size([1, 1, 128, 256]) at layer: 5
Get Mod with shape torch.Size([1, 1, 256, 512]) at layer: 6
Get Mod with shape torch.Size([1, 1, 512, 1024]) at layer: 7
start temperature: 0.3 noise parameter: 2.0
end temperature: 0.3 noise parameter: 2.0
********************Start from stage I
Step 400, BEST PSNR: 33.560171, Total loss 0.018707 with its rate 2.7600574493408203 latent_bits 1447065.0

🔁 Stage-1 Training Candidate 7/7
Quantizer parameter: encoding gain  16
total pixel: 524288
Get Mod with shape torch.Size([1, 1, 8, 16]) at layer: 1
Get Mod with shape torch.Size([1, 1, 16, 32]) at layer: 2
Get Mod with shape torch.Size([1, 1, 32, 64]) at layer: 3
Get Mod with shape torch.Size([1, 1, 64, 128]) at layer: 4
Get Mod with shape torch.Size([1, 1, 128, 256]) at layer: 5
Get Mod with shape torch.Size([1, 1, 256, 512]) at layer: 6
Get Mod with shape torch.Size([1, 1, 512, 1024]) at layer: 7
start temperature: 0.3 noise parameter: 2.0
end temperature: 0.3 noise parameter: 2.0
********************Start from stage I
Step 400, BEST PSNR: 34.233069, Total loss 0.017825 with its rate 2.7737739086151123 latent_bits 1454256.375

🌟 Selected Top-3 Candidates by RD cost

🎯 Stage-2 Refining Candidate 1/3
start temperature: 0.3 noise parameter: 2.0
end temperature: 0.3 noise parameter: 2.0
********************Start from stage I
Step 400, BEST PSNR: 37.683632, Total loss 0.011568 with its rate 3.2675905227661133 latent_bits 1713158.5

🎯 Stage-2 Refining Candidate 2/3
start temperature: 0.3 noise parameter: 2.0
end temperature: 0.3 noise parameter: 2.0
********************Start from stage I
Step 400, BEST PSNR: 37.585161, Total loss 0.010973 with its rate 3.1836533546447754 latent_bits 1669151.25

🎯 Stage-2 Refining Candidate 3/3
start temperature: 0.3 noise parameter: 2.0
end temperature: 0.3 noise parameter: 2.0
********************Start from stage I
Step 400, BEST PSNR: 37.441501, Total loss 0.011554 with its rate 3.2285685539245605 latent_bits 1692699.75

🏆 Best Candidate Final PSNR: 37.59, Rate: 3.1837
Masked_INR(
  (upsampling_2d): Upsampling(
    (conv_transpose2d): UpsamplingConvTranspose2d()
  )
  (arm): Arm(
    (mlp): Sequential(
      (0): ArmConv(
        (conv1_1): Conv1d(16, 16, kernel_size=(1,), stride=(1,))
      )
      (1): GELU(approximate='none')
      (2): ArmConv(
        (conv1_1): Conv1d(16, 16, kernel_size=(1,), stride=(1,))
      )
      (3): GELU(approximate='none')
      (4): ArmConv(
        (conv1_1): Conv1d(16, 2, kernel_size=(1,), stride=(1,))
      )
    )
  )
  (conv_mod): LocalGlobalBlock(
    (net): Sequential(
      (0): SynthesisLayer(
        (pad): Identity()
        (conv_layer): SWHDC(
          (conv): Conv2d(2, 3, kernel_size=(3, 3), stride=(1, 1))
        )
        (non_linearity): GELU(approximate='none')
      )
      (1): SynthesisResidualLayer(
        (pad): ReplicationPad2d((0, 0, 0, 0))
        (conv_layer): Conv2d(3, 3, kernel_size=(1, 1), stride=(1, 1))
        (non_linearity): GELU(approximate='none')
      )
      (2): SynthesisResidualLayer(
        (pad): ReplicationPad2d((0, 0, 0, 0))
        (conv_layer): Conv2d(3, 3, kernel_size=(1, 1), stride=(1, 1))
        (non_linearity): GELU(approximate='none')
      )
      (3): SynthesisResidualLayer(
        (pad): ReplicationPad2d((0, 0, 0, 0))
        (conv_layer): Conv2d(3, 3, kernel_size=(1, 1), stride=(1, 1))
        (non_linearity): Identity()
      )
    )
    (global_net): Sequential(
      (0): SynthesisLayer(
        (pad): Identity()
        (conv_layer): SWHDC(
          (conv): Conv2d(2, 3, kernel_size=(3, 3), stride=(1, 1))
        )
        (non_linearity): GELU(approximate='none')
      )
      (1): SynthesisResidualLayer(
        (pad): ReplicationPad2d((0, 0, 0, 0))
        (conv_layer): Conv2d(3, 3, kernel_size=(1, 1), stride=(1, 1))
        (non_linearity): GELU(approximate='none')
      )
      (2): SynthesisResidualLayer(
        (pad): ReplicationPad2d((0, 0, 0, 0))
        (conv_layer): Conv2d(3, 3, kernel_size=(1, 1), stride=(1, 1))
        (non_linearity): GELU(approximate='none')
      )
      (3): SynthesisResidualLayer(
        (pad): ReplicationPad2d((0, 0, 0, 0))
        (conv_layer): Conv2d(3, 3, kernel_size=(1, 1), stride=(1, 1))
        (non_linearity): Identity()
      )
    )
    (agg_func): Sequential(
      (0): SynthesisLayer(
        (pad): ReplicationPad2d((0, 0, 0, 0))
        (conv_layer): Conv2d(18, 3, kernel_size=(1, 1), stride=(1, 1))
        (non_linearity): GELU(approximate='none')
      )
      (1): SynthesisLayer(
        (pad): ReplicationPad2d((0, 0, 0, 0))
        (conv_layer): Conv2d(21, 3, kernel_size=(1, 1), stride=(1, 1))
        (non_linearity): GELU(approximate='none')
      )
      (2): SynthesisLayer(
        (pad): ReplicationPad2d((0, 0, 0, 0))
        (conv_layer): Conv2d(24, 3, kernel_size=(1, 1), stride=(1, 1))
        (non_linearity): GELU(approximate='none')
      )
    )
    (full_net): Sequential(
      (0): SynthesisLayer(
        (pad): ReplicationPad2d((0, 0, 0, 0))
        (conv_layer): Conv2d(7, 12, kernel_size=(1, 1), stride=(1, 1))
        (non_linearity): GELU(approximate='none')
      )
      (1): SynthesisLayer(
        (pad): ReplicationPad2d((0, 0, 0, 0))
        (conv_layer): Conv2d(12, 3, kernel_size=(1, 1), stride=(1, 1))
        (non_linearity): GELU(approximate='none')
      )
      (2): SynthesisResidualLayer(
        (conv_layer): Conv2d(3, 3, kernel_size=(3, 3), stride=(1, 1))
        (non_linearity): GELU(approximate='none')
      )
      (3): SynthesisResidualLayer(
        (conv_layer): Conv2d(3, 3, kernel_size=(3, 3), stride=(1, 1))
        (non_linearity): GELU(approximate='none')
      )
    )
  )
  (modulation_sf): ParameterList(
      (0): Parameter containing: [torch.float32 of size 1x1x8x16 (cuda:0)]
      (1): Parameter containing: [torch.float32 of size 1x1x16x32 (cuda:0)]
      (2): Parameter containing: [torch.float32 of size 1x1x32x64 (cuda:0)]
      (3): Parameter containing: [torch.float32 of size 1x1x64x128 (cuda:0)]
      (4): Parameter containing: [torch.float32 of size 1x1x128x256 (cuda:0)]
      (5): Parameter containing: [torch.float32 of size 1x1x256x512 (cuda:0)]
      (6): Parameter containing: [torch.float32 of size 1x1x512x1024 (cuda:0)]
  )
)
train the 10 -th image
start temperature: 0.3 noise parameter: 2.0
end temperature: 0.1 noise parameter: 1.0
********************Start from stage I
********************going into stage II
eval_object_psnr: 48.945989075900115
eval_background_psnr: 43.518828070048734
eval_background_psnr: 43.518828070048734
********************Evaluation the Image 10-th, after Step 999, BEST PSNR: 42.420726, Print rate 3.559844. *************************
Saved model at ./saved/modbase_7/context_16_arm_mod_16/sparity_0.0/inr_mod_16KODAK_ROI_Global_new_struture_7_12_3_33_orderconcat_operator_0_pw_0.0008_img_object10.pth
Trained the image with PSNR: 42.420725550901146  latent bits 3.5598440170288086 latent bits number 1866383.5
[41.920899139908016, 42.05683185552155, 41.50299909273441, 41.60628089794445, 42.17414706595992, 42.56714739305277, 42.061732015194174, 42.47853325009182, 43.291657174328414, 44.00718670105075, 42.420725550901146]
[3.860734462738037, 3.9179346561431885, 3.8916611671447754, 4.141820907592773, 3.952106475830078, 3.9450013637542725, 3.441128730773926, 3.4642279148101807, 3.503342628479004, 3.6226956844329834, 3.5598440170288086]
[2024136.75, 2054126.125, 2040351.25, 2171507.0, 2072042.0, 2068316.875, 1804142.5, 1816253.125, 1836760.5, 1899335.875, 1866383.5]
load the model: ./saved/modbase_7/context_16_arm_mod_16/sparity_0.0/inr_mod_16KODAK_ROI_Global_new_struture_7_12_3_33_orderconcat_operator_0_pw_0.0008_img_object10.pth for the  10 -th image
********************Evalutation with quantization
********************Starting quantizing models
eval_object_psnr: 48.86430896845864
full_image_psnr: 42.3773295858797
object_psnr: 48.86430896845864
background_psnr: 43.487664634416596
********************Evaluation the Image 10-th, BEST PSNR: 42.377330, Print rate 3.561224, Network rate 0.024288. *************************
eval_wsssim: 0.994945
Decoded image saved to ./experiments/vcip_combined_loss/decoded_images/othim11_maskerp_wsmse0_swhdc1_erp1_lambda0.0008.png
Evaluate the image: PSNR: 42.3773295858797 All bits: 3.585512161254883  latent bits: 3.5612239837646484  network bits: 0.024288177490234375
Evaluate arm network bits: 0.009416580200195312 Evaluate synthesis network bits: 0.013671875
Image All bits num: 1879841.0 latent bits num: 1867107.0 mlp bits num: 12734.0 border bits num:
arm bits num: 4937.0 synthesis bits num: 7168.0
[41.75362833362292, 41.908941628931814, 41.44715671041414, 41.60395319935239, 42.15504734650576, 42.466517631298544, 42.013444309835116, 42.470972957931984, 43.20027007421521, 44.00814867813279, 42.3773295858797]
[3.8865792751312256, 3.94187331199646, 3.9172120094299316, 4.1665568351745605, 3.9791696071624756, 3.970857620239258, 3.4666104316711426, 3.490701675415039, 3.527003765106201, 3.64764404296875, 3.585512161254883]
[2037686.875, 2066676.875, 2053747.25, 2184475.75, 2086230.875, 2081873.0, 1817502.25, 1830133.0, 1849165.75, 1912416.0, 1879841.0]
Metrics saved to ./experiments/vcip_combined_loss/results.csv
Current eval Ave PSNR: 42.30958276873822 Ave Bits 3.7799746123227207
Namespace(batch_size=1, lr=0.01, data='../data', sparsity=0.0, local_upsampling_kernel_size=8, upsampling_kernel_size=8, static_upsampling_kernel=False, latent_factor=1, mod_base=7, highest_flag=1, context_arm=16, dim_arm_mod=16, use_candidate=True, type='other', mod_hid_layer=0, sythesis_features=12, hidden_features=64, hidden_layer=2, scale=1, lambda_rate=0.0008, lambda_rate_list=[0.0006, 0.0008], start_index=0, mask_type='erp', wsmse_tag=0, swhdc_tag=1, swhdc_dilations=[1, 2, 3, 4], erp_padding=1, workdir='./experiments/vcip_combined_loss', train_steps_1=5000, train_steps_2=1000, loss_type='combined', lambda_dist=0.0023437500000000003, lambda_percep=1.0, patch_h=512, patch_w=1024, all_pix_num=524288, eval_pix_num=524288)
Directory './saved/modbase_7/context_16_arm_mod_16' already exists.
Directory './saved/modbase_7/context_16_arm_mod_16/sparity_0.0' already exists.
top %: 0.0

🔁 Stage-1 Training Candidate 1/7
Quantizer parameter: encoding gain  16
total pixel: 524288
Get Mod with shape torch.Size([1, 1, 8, 16]) at layer: 1
Get Mod with shape torch.Size([1, 1, 16, 32]) at layer: 2
Get Mod with shape torch.Size([1, 1, 32, 64]) at layer: 3
Get Mod with shape torch.Size([1, 1, 64, 128]) at layer: 4
Get Mod with shape torch.Size([1, 1, 128, 256]) at layer: 5
Get Mod with shape torch.Size([1, 1, 256, 512]) at layer: 6
Get Mod with shape torch.Size([1, 1, 512, 1024]) at layer: 7
start temperature: 0.3 noise parameter: 2.0
end temperature: 0.3 noise parameter: 2.0
********************Start from stage I
Step 400, BEST PSNR: 33.462642, Total loss 0.018958 with its rate 2.8853490352630615 latent_bits 1512753.875

🔁 Stage-1 Training Candidate 2/7
Quantizer parameter: encoding gain  16
total pixel: 524288
Get Mod with shape torch.Size([1, 1, 8, 16]) at layer: 1
Get Mod with shape torch.Size([1, 1, 16, 32]) at layer: 2
Get Mod with shape torch.Size([1, 1, 32, 64]) at layer: 3
Get Mod with shape torch.Size([1, 1, 64, 128]) at layer: 4
Get Mod with shape torch.Size([1, 1, 128, 256]) at layer: 5
Get Mod with shape torch.Size([1, 1, 256, 512]) at layer: 6
Get Mod with shape torch.Size([1, 1, 512, 1024]) at layer: 7
start temperature: 0.3 noise parameter: 2.0
end temperature: 0.3 noise parameter: 2.0
********************Start from stage I
Step 400, BEST PSNR: 34.541180, Total loss 0.018540 with its rate 2.8993687629699707 latent_bits 1520104.25

🔁 Stage-1 Training Candidate 3/7
Quantizer parameter: encoding gain  16
total pixel: 524288
Get Mod with shape torch.Size([1, 1, 8, 16]) at layer: 1
Get Mod with shape torch.Size([1, 1, 16, 32]) at layer: 2
Get Mod with shape torch.Size([1, 1, 32, 64]) at layer: 3
Get Mod with shape torch.Size([1, 1, 64, 128]) at layer: 4
Get Mod with shape torch.Size([1, 1, 128, 256]) at layer: 5
Get Mod with shape torch.Size([1, 1, 256, 512]) at layer: 6
Get Mod with shape torch.Size([1, 1, 512, 1024]) at layer: 7
start temperature: 0.3 noise parameter: 2.0
end temperature: 0.3 noise parameter: 2.0
********************Start from stage I
Step 400, BEST PSNR: 34.042872, Total loss 0.018181 with its rate 2.858940601348877 latent_bits 1498908.25

🔁 Stage-1 Training Candidate 4/7
Quantizer parameter: encoding gain  16
total pixel: 524288
Get Mod with shape torch.Size([1, 1, 8, 16]) at layer: 1
Get Mod with shape torch.Size([1, 1, 16, 32]) at layer: 2
Get Mod with shape torch.Size([1, 1, 32, 64]) at layer: 3
Get Mod with shape torch.Size([1, 1, 64, 128]) at layer: 4
Get Mod with shape torch.Size([1, 1, 128, 256]) at layer: 5
Get Mod with shape torch.Size([1, 1, 256, 512]) at layer: 6
Get Mod with shape torch.Size([1, 1, 512, 1024]) at layer: 7
start temperature: 0.3 noise parameter: 2.0
end temperature: 0.3 noise parameter: 2.0
********************Start from stage I
Step 400, BEST PSNR: 34.246777, Total loss 0.018921 with its rate 2.8244590759277344 latent_bits 1480830.0

🔁 Stage-1 Training Candidate 5/7
Quantizer parameter: encoding gain  16
total pixel: 524288
Get Mod with shape torch.Size([1, 1, 8, 16]) at layer: 1
Get Mod with shape torch.Size([1, 1, 16, 32]) at layer: 2
Get Mod with shape torch.Size([1, 1, 32, 64]) at layer: 3
Get Mod with shape torch.Size([1, 1, 64, 128]) at layer: 4
Get Mod with shape torch.Size([1, 1, 128, 256]) at layer: 5
Get Mod with shape torch.Size([1, 1, 256, 512]) at layer: 6
Get Mod with shape torch.Size([1, 1, 512, 1024]) at layer: 7
start temperature: 0.3 noise parameter: 2.0
end temperature: 0.3 noise parameter: 2.0
********************Start from stage I
Step 400, BEST PSNR: 34.392883, Total loss 0.017220 with its rate 2.7372050285339355 latent_bits 1435083.75

🔁 Stage-1 Training Candidate 6/7
Quantizer parameter: encoding gain  16
total pixel: 524288
Get Mod with shape torch.Size([1, 1, 8, 16]) at layer: 1
Get Mod with shape torch.Size([1, 1, 16, 32]) at layer: 2
Get Mod with shape torch.Size([1, 1, 32, 64]) at layer: 3
Get Mod with shape torch.Size([1, 1, 64, 128]) at layer: 4
Get Mod with shape torch.Size([1, 1, 128, 256]) at layer: 5
Get Mod with shape torch.Size([1, 1, 256, 512]) at layer: 6
Get Mod with shape torch.Size([1, 1, 512, 1024]) at layer: 7
start temperature: 0.3 noise parameter: 2.0
end temperature: 0.3 noise parameter: 2.0
********************Start from stage I
Step 400, BEST PSNR: 34.857636, Total loss 0.018650 with its rate 2.9104864597320557 latent_bits 1525933.125

🔁 Stage-1 Training Candidate 7/7
Quantizer parameter: encoding gain  16
total pixel: 524288
Get Mod with shape torch.Size([1, 1, 8, 16]) at layer: 1
Get Mod with shape torch.Size([1, 1, 16, 32]) at layer: 2
Get Mod with shape torch.Size([1, 1, 32, 64]) at layer: 3
Get Mod with shape torch.Size([1, 1, 64, 128]) at layer: 4
Get Mod with shape torch.Size([1, 1, 128, 256]) at layer: 5
Get Mod with shape torch.Size([1, 1, 256, 512]) at layer: 6
Get Mod with shape torch.Size([1, 1, 512, 1024]) at layer: 7
start temperature: 0.3 noise parameter: 2.0
end temperature: 0.3 noise parameter: 2.0
********************Start from stage I
Step 400, BEST PSNR: 34.551533, Total loss 0.018066 with its rate 2.8033862113952637 latent_bits 1469781.75

🌟 Selected Top-3 Candidates by RD cost

🎯 Stage-2 Refining Candidate 1/3
start temperature: 0.3 noise parameter: 2.0
end temperature: 0.3 noise parameter: 2.0
********************Start from stage I
Step 400, BEST PSNR: 37.115044, Total loss 0.011290 with its rate 3.2986032962799072 latent_bits 1729418.125

🎯 Stage-2 Refining Candidate 2/3
start temperature: 0.3 noise parameter: 2.0
end temperature: 0.3 noise parameter: 2.0
********************Start from stage I
Step 400, BEST PSNR: 37.606881, Total loss 0.011160 with its rate 3.298198699951172 latent_bits 1729206.0

🎯 Stage-2 Refining Candidate 3/3
start temperature: 0.3 noise parameter: 2.0
end temperature: 0.3 noise parameter: 2.0
********************Start from stage I
Step 400, BEST PSNR: 37.233670, Total loss 0.012171 with its rate 3.258780002593994 latent_bits 1708539.25

🏆 Best Candidate Final PSNR: 37.61, Rate: 3.2982
Masked_INR(
  (upsampling_2d): Upsampling(
    (conv_transpose2d): UpsamplingConvTranspose2d()
  )
  (arm): Arm(
    (mlp): Sequential(
      (0): ArmConv(
        (conv1_1): Conv1d(16, 16, kernel_size=(1,), stride=(1,))
      )
      (1): GELU(approximate='none')
      (2): ArmConv(
        (conv1_1): Conv1d(16, 16, kernel_size=(1,), stride=(1,))
      )
      (3): GELU(approximate='none')
      (4): ArmConv(
        (conv1_1): Conv1d(16, 2, kernel_size=(1,), stride=(1,))
      )
    )
  )
  (conv_mod): LocalGlobalBlock(
    (net): Sequential(
      (0): SynthesisLayer(
        (pad): Identity()
        (conv_layer): SWHDC(
          (conv): Conv2d(2, 3, kernel_size=(3, 3), stride=(1, 1))
        )
        (non_linearity): GELU(approximate='none')
      )
      (1): SynthesisResidualLayer(
        (pad): ReplicationPad2d((0, 0, 0, 0))
        (conv_layer): Conv2d(3, 3, kernel_size=(1, 1), stride=(1, 1))
        (non_linearity): GELU(approximate='none')
      )
      (2): SynthesisResidualLayer(
        (pad): ReplicationPad2d((0, 0, 0, 0))
        (conv_layer): Conv2d(3, 3, kernel_size=(1, 1), stride=(1, 1))
        (non_linearity): GELU(approximate='none')
      )
      (3): SynthesisResidualLayer(
        (pad): ReplicationPad2d((0, 0, 0, 0))
        (conv_layer): Conv2d(3, 3, kernel_size=(1, 1), stride=(1, 1))
        (non_linearity): Identity()
      )
    )
    (global_net): Sequential(
      (0): SynthesisLayer(
        (pad): Identity()
        (conv_layer): SWHDC(
          (conv): Conv2d(2, 3, kernel_size=(3, 3), stride=(1, 1))
        )
        (non_linearity): GELU(approximate='none')
      )
      (1): SynthesisResidualLayer(
        (pad): ReplicationPad2d((0, 0, 0, 0))
        (conv_layer): Conv2d(3, 3, kernel_size=(1, 1), stride=(1, 1))
        (non_linearity): GELU(approximate='none')
      )
      (2): SynthesisResidualLayer(
        (pad): ReplicationPad2d((0, 0, 0, 0))
        (conv_layer): Conv2d(3, 3, kernel_size=(1, 1), stride=(1, 1))
        (non_linearity): GELU(approximate='none')
      )
      (3): SynthesisResidualLayer(
        (pad): ReplicationPad2d((0, 0, 0, 0))
        (conv_layer): Conv2d(3, 3, kernel_size=(1, 1), stride=(1, 1))
        (non_linearity): Identity()
      )
    )
    (agg_func): Sequential(
      (0): SynthesisLayer(
        (pad): ReplicationPad2d((0, 0, 0, 0))
        (conv_layer): Conv2d(18, 3, kernel_size=(1, 1), stride=(1, 1))
        (non_linearity): GELU(approximate='none')
      )
      (1): SynthesisLayer(
        (pad): ReplicationPad2d((0, 0, 0, 0))
        (conv_layer): Conv2d(21, 3, kernel_size=(1, 1), stride=(1, 1))
        (non_linearity): GELU(approximate='none')
      )
      (2): SynthesisLayer(
        (pad): ReplicationPad2d((0, 0, 0, 0))
        (conv_layer): Conv2d(24, 3, kernel_size=(1, 1), stride=(1, 1))
        (non_linearity): GELU(approximate='none')
      )
    )
    (full_net): Sequential(
      (0): SynthesisLayer(
        (pad): ReplicationPad2d((0, 0, 0, 0))
        (conv_layer): Conv2d(7, 12, kernel_size=(1, 1), stride=(1, 1))
        (non_linearity): GELU(approximate='none')
      )
      (1): SynthesisLayer(
        (pad): ReplicationPad2d((0, 0, 0, 0))
        (conv_layer): Conv2d(12, 3, kernel_size=(1, 1), stride=(1, 1))
        (non_linearity): GELU(approximate='none')
      )
      (2): SynthesisResidualLayer(
        (conv_layer): Conv2d(3, 3, kernel_size=(3, 3), stride=(1, 1))
        (non_linearity): GELU(approximate='none')
      )
      (3): SynthesisResidualLayer(
        (conv_layer): Conv2d(3, 3, kernel_size=(3, 3), stride=(1, 1))
        (non_linearity): GELU(approximate='none')
      )
    )
  )
  (modulation_sf): ParameterList(
      (0): Parameter containing: [torch.float32 of size 1x1x8x16 (cuda:0)]
      (1): Parameter containing: [torch.float32 of size 1x1x16x32 (cuda:0)]
      (2): Parameter containing: [torch.float32 of size 1x1x32x64 (cuda:0)]
      (3): Parameter containing: [torch.float32 of size 1x1x64x128 (cuda:0)]
      (4): Parameter containing: [torch.float32 of size 1x1x128x256 (cuda:0)]
      (5): Parameter containing: [torch.float32 of size 1x1x256x512 (cuda:0)]
      (6): Parameter containing: [torch.float32 of size 1x1x512x1024 (cuda:0)]
  )
)
train the 11 -th image
start temperature: 0.3 noise parameter: 2.0
end temperature: 0.1 noise parameter: 1.0
********************Start from stage I
********************going into stage II
eval_object_psnr: 50.20777500957496
eval_background_psnr: 44.5639508761578
eval_background_psnr: 44.5639508761578
********************Evaluation the Image 11-th, after Step 999, BEST PSNR: 43.506267, Print rate 3.648066. *************************
Saved model at ./saved/modbase_7/context_16_arm_mod_16/sparity_0.0/inr_mod_16KODAK_ROI_Global_new_struture_7_12_3_33_orderconcat_operator_0_pw_0.0008_img_object11.pth
Trained the image with PSNR: 43.50626687274438  latent bits 3.648066282272339 latent bits number 1912637.375
[41.920899139908016, 42.05683185552155, 41.50299909273441, 41.60628089794445, 42.17414706595992, 42.56714739305277, 42.061732015194174, 42.47853325009182, 43.291657174328414, 44.00718670105075, 42.420725550901146, 43.50626687274438]
[3.860734462738037, 3.9179346561431885, 3.8916611671447754, 4.141820907592773, 3.952106475830078, 3.9450013637542725, 3.441128730773926, 3.4642279148101807, 3.503342628479004, 3.6226956844329834, 3.5598440170288086, 3.648066282272339]
[2024136.75, 2054126.125, 2040351.25, 2171507.0, 2072042.0, 2068316.875, 1804142.5, 1816253.125, 1836760.5, 1899335.875, 1866383.5, 1912637.375]
load the model: ./saved/modbase_7/context_16_arm_mod_16/sparity_0.0/inr_mod_16KODAK_ROI_Global_new_struture_7_12_3_33_orderconcat_operator_0_pw_0.0008_img_object11.pth for the  11 -th image
********************Evalutation with quantization
********************Starting quantizing models
eval_object_psnr: 50.22870879826243
full_image_psnr: 43.49611811347902
object_psnr: 50.22870879826243
background_psnr: 44.54498049078055
********************Evaluation the Image 11-th, BEST PSNR: 43.496118, Print rate 3.650111, Network rate 0.025394. *************************
eval_wsssim: 0.995435
Decoded image saved to ./experiments/vcip_combined_loss/decoded_images/othim12_maskerp_wsmse0_swhdc1_erp1_lambda0.0008.png
Evaluate the image: PSNR: 43.49611811347902 All bits: 3.6755051612854004  latent bits: 3.6501107215881348  network bits: 0.025394439697265625
Evaluate arm network bits: 0.009691238403320312 Evaluate synthesis network bits: 0.014736175537109375
Image All bits num: 1927023.25 latent bits num: 1913709.25 mlp bits num: 13314.0 border bits num:
arm bits num: 5081.0 synthesis bits num: 7726.0
[41.75362833362292, 41.908941628931814, 41.44715671041414, 41.60395319935239, 42.15504734650576, 42.466517631298544, 42.013444309835116, 42.470972957931984, 43.20027007421521, 44.00814867813279, 42.3773295858797, 43.49611811347902]
[3.8865792751312256, 3.94187331199646, 3.9172120094299316, 4.1665568351745605, 3.9791696071624756, 3.970857620239258, 3.4666104316711426, 3.490701675415039, 3.527003765106201, 3.64764404296875, 3.585512161254883, 3.6755051612854004]
[2037686.875, 2066676.875, 2053747.25, 2184475.75, 2086230.875, 2081873.0, 1817502.25, 1830133.0, 1849165.75, 1912416.0, 1879841.0, 1927023.25]
Metrics saved to ./experiments/vcip_combined_loss/results.csv
Current eval Ave PSNR: 42.408460714133284 Ave Bits 3.771268824736277
Namespace(batch_size=1, lr=0.01, data='../data', sparsity=0.0, local_upsampling_kernel_size=8, upsampling_kernel_size=8, static_upsampling_kernel=False, latent_factor=1, mod_base=7, highest_flag=1, context_arm=16, dim_arm_mod=16, use_candidate=True, type='other', mod_hid_layer=0, sythesis_features=12, hidden_features=64, hidden_layer=2, scale=1, lambda_rate=0.0008, lambda_rate_list=[0.0006, 0.0008], start_index=0, mask_type='erp', wsmse_tag=0, swhdc_tag=1, swhdc_dilations=[1, 2, 3, 4], erp_padding=1, workdir='./experiments/vcip_combined_loss', train_steps_1=5000, train_steps_2=1000, loss_type='combined', lambda_dist=0.0023437500000000003, lambda_percep=1.0, patch_h=512, patch_w=1024, all_pix_num=524288, eval_pix_num=524288)
Directory './saved/modbase_7/context_16_arm_mod_16' already exists.
Directory './saved/modbase_7/context_16_arm_mod_16/sparity_0.0' already exists.
top %: 0.0

🔁 Stage-1 Training Candidate 1/7
Quantizer parameter: encoding gain  16
total pixel: 524288
Get Mod with shape torch.Size([1, 1, 8, 16]) at layer: 1
Get Mod with shape torch.Size([1, 1, 16, 32]) at layer: 2
Get Mod with shape torch.Size([1, 1, 32, 64]) at layer: 3
Get Mod with shape torch.Size([1, 1, 64, 128]) at layer: 4
Get Mod with shape torch.Size([1, 1, 128, 256]) at layer: 5
Get Mod with shape torch.Size([1, 1, 256, 512]) at layer: 6
Get Mod with shape torch.Size([1, 1, 512, 1024]) at layer: 7
start temperature: 0.3 noise parameter: 2.0
end temperature: 0.3 noise parameter: 2.0
********************Start from stage I
Step 400, BEST PSNR: 34.169502, Total loss 0.014768 with its rate 2.595261573791504 latent_bits 1360664.5

🔁 Stage-1 Training Candidate 2/7
Quantizer parameter: encoding gain  16
total pixel: 524288
Get Mod with shape torch.Size([1, 1, 8, 16]) at layer: 1
Get Mod with shape torch.Size([1, 1, 16, 32]) at layer: 2
Get Mod with shape torch.Size([1, 1, 32, 64]) at layer: 3
Get Mod with shape torch.Size([1, 1, 64, 128]) at layer: 4
Get Mod with shape torch.Size([1, 1, 128, 256]) at layer: 5
Get Mod with shape torch.Size([1, 1, 256, 512]) at layer: 6
Get Mod with shape torch.Size([1, 1, 512, 1024]) at layer: 7
start temperature: 0.3 noise parameter: 2.0
end temperature: 0.3 noise parameter: 2.0
********************Start from stage I
Step 400, BEST PSNR: 34.948427, Total loss 0.014764 with its rate 2.6873228549957275 latent_bits 1408931.125

🔁 Stage-1 Training Candidate 3/7
Quantizer parameter: encoding gain  16
total pixel: 524288
Get Mod with shape torch.Size([1, 1, 8, 16]) at layer: 1
Get Mod with shape torch.Size([1, 1, 16, 32]) at layer: 2
Get Mod with shape torch.Size([1, 1, 32, 64]) at layer: 3
Get Mod with shape torch.Size([1, 1, 64, 128]) at layer: 4
Get Mod with shape torch.Size([1, 1, 128, 256]) at layer: 5
Get Mod with shape torch.Size([1, 1, 256, 512]) at layer: 6
Get Mod with shape torch.Size([1, 1, 512, 1024]) at layer: 7
start temperature: 0.3 noise parameter: 2.0
end temperature: 0.3 noise parameter: 2.0
********************Start from stage I
Step 400, BEST PSNR: 31.773591, Total loss 0.016705 with its rate 2.703566074371338 latent_bits 1417447.25

🔁 Stage-1 Training Candidate 4/7
Quantizer parameter: encoding gain  16
total pixel: 524288
Get Mod with shape torch.Size([1, 1, 8, 16]) at layer: 1
Get Mod with shape torch.Size([1, 1, 16, 32]) at layer: 2
Get Mod with shape torch.Size([1, 1, 32, 64]) at layer: 3
Get Mod with shape torch.Size([1, 1, 64, 128]) at layer: 4
Get Mod with shape torch.Size([1, 1, 128, 256]) at layer: 5
Get Mod with shape torch.Size([1, 1, 256, 512]) at layer: 6
Get Mod with shape torch.Size([1, 1, 512, 1024]) at layer: 7
start temperature: 0.3 noise parameter: 2.0
end temperature: 0.3 noise parameter: 2.0
********************Start from stage I
Step 400, BEST PSNR: 33.976846, Total loss 0.017058 with its rate 2.6481049060821533 latent_bits 1388369.625

🔁 Stage-1 Training Candidate 5/7
Quantizer parameter: encoding gain  16
total pixel: 524288
Get Mod with shape torch.Size([1, 1, 8, 16]) at layer: 1
Get Mod with shape torch.Size([1, 1, 16, 32]) at layer: 2
Get Mod with shape torch.Size([1, 1, 32, 64]) at layer: 3
Get Mod with shape torch.Size([1, 1, 64, 128]) at layer: 4
Get Mod with shape torch.Size([1, 1, 128, 256]) at layer: 5
Get Mod with shape torch.Size([1, 1, 256, 512]) at layer: 6
Get Mod with shape torch.Size([1, 1, 512, 1024]) at layer: 7
start temperature: 0.3 noise parameter: 2.0
end temperature: 0.3 noise parameter: 2.0
********************Start from stage I
Step 400, BEST PSNR: 34.948815, Total loss 0.014629 with its rate 2.6449320316314697 latent_bits 1386706.125

🔁 Stage-1 Training Candidate 6/7
Quantizer parameter: encoding gain  16
total pixel: 524288
Get Mod with shape torch.Size([1, 1, 8, 16]) at layer: 1
Get Mod with shape torch.Size([1, 1, 16, 32]) at layer: 2
Get Mod with shape torch.Size([1, 1, 32, 64]) at layer: 3
Get Mod with shape torch.Size([1, 1, 64, 128]) at layer: 4
Get Mod with shape torch.Size([1, 1, 128, 256]) at layer: 5
Get Mod with shape torch.Size([1, 1, 256, 512]) at layer: 6
Get Mod with shape torch.Size([1, 1, 512, 1024]) at layer: 7
start temperature: 0.3 noise parameter: 2.0
end temperature: 0.3 noise parameter: 2.0
********************Start from stage I
Step 400, BEST PSNR: 34.253826, Total loss 0.016228 with its rate 2.617690086364746 latent_bits 1372423.5

🔁 Stage-1 Training Candidate 7/7
Quantizer parameter: encoding gain  16
total pixel: 524288
Get Mod with shape torch.Size([1, 1, 8, 16]) at layer: 1
Get Mod with shape torch.Size([1, 1, 16, 32]) at layer: 2
Get Mod with shape torch.Size([1, 1, 32, 64]) at layer: 3
Get Mod with shape torch.Size([1, 1, 64, 128]) at layer: 4
Get Mod with shape torch.Size([1, 1, 128, 256]) at layer: 5
Get Mod with shape torch.Size([1, 1, 256, 512]) at layer: 6
Get Mod with shape torch.Size([1, 1, 512, 1024]) at layer: 7
start temperature: 0.3 noise parameter: 2.0
end temperature: 0.3 noise parameter: 2.0
********************Start from stage I
Step 400, BEST PSNR: 32.258758, Total loss 0.016312 with its rate 2.5903096199035645 latent_bits 1358068.25

🌟 Selected Top-3 Candidates by RD cost

🎯 Stage-2 Refining Candidate 1/3
start temperature: 0.3 noise parameter: 2.0
end temperature: 0.3 noise parameter: 2.0
********************Start from stage I
Step 400, BEST PSNR: 38.880766, Total loss 0.008240 with its rate 3.0011332035064697 latent_bits 1573458.125

🎯 Stage-2 Refining Candidate 2/3
start temperature: 0.3 noise parameter: 2.0
end temperature: 0.3 noise parameter: 2.0
********************Start from stage I
Step 400, BEST PSNR: 39.370288, Total loss 0.008673 with its rate 3.0056979656219482 latent_bits 1575851.375

🎯 Stage-2 Refining Candidate 3/3
start temperature: 0.3 noise parameter: 2.0
end temperature: 0.3 noise parameter: 2.0
********************Start from stage I
Step 400, BEST PSNR: 38.588086, Total loss 0.009315 with its rate 2.9747049808502197 latent_bits 1559602.125

🏆 Best Candidate Final PSNR: 38.88, Rate: 3.0011
Masked_INR(
  (upsampling_2d): Upsampling(
    (conv_transpose2d): UpsamplingConvTranspose2d()
  )
  (arm): Arm(
    (mlp): Sequential(
      (0): ArmConv(
        (conv1_1): Conv1d(16, 16, kernel_size=(1,), stride=(1,))
      )
      (1): GELU(approximate='none')
      (2): ArmConv(
        (conv1_1): Conv1d(16, 16, kernel_size=(1,), stride=(1,))
      )
      (3): GELU(approximate='none')
      (4): ArmConv(
        (conv1_1): Conv1d(16, 2, kernel_size=(1,), stride=(1,))
      )
    )
  )
  (conv_mod): LocalGlobalBlock(
    (net): Sequential(
      (0): SynthesisLayer(
        (pad): Identity()
        (conv_layer): SWHDC(
          (conv): Conv2d(2, 3, kernel_size=(3, 3), stride=(1, 1))
        )
        (non_linearity): GELU(approximate='none')
      )
      (1): SynthesisResidualLayer(
        (pad): ReplicationPad2d((0, 0, 0, 0))
        (conv_layer): Conv2d(3, 3, kernel_size=(1, 1), stride=(1, 1))
        (non_linearity): GELU(approximate='none')
      )
      (2): SynthesisResidualLayer(
        (pad): ReplicationPad2d((0, 0, 0, 0))
        (conv_layer): Conv2d(3, 3, kernel_size=(1, 1), stride=(1, 1))
        (non_linearity): GELU(approximate='none')
      )
      (3): SynthesisResidualLayer(
        (pad): ReplicationPad2d((0, 0, 0, 0))
        (conv_layer): Conv2d(3, 3, kernel_size=(1, 1), stride=(1, 1))
        (non_linearity): Identity()
      )
    )
    (global_net): Sequential(
      (0): SynthesisLayer(
        (pad): Identity()
        (conv_layer): SWHDC(
          (conv): Conv2d(2, 3, kernel_size=(3, 3), stride=(1, 1))
        )
        (non_linearity): GELU(approximate='none')
      )
      (1): SynthesisResidualLayer(
        (pad): ReplicationPad2d((0, 0, 0, 0))
        (conv_layer): Conv2d(3, 3, kernel_size=(1, 1), stride=(1, 1))
        (non_linearity): GELU(approximate='none')
      )
      (2): SynthesisResidualLayer(
        (pad): ReplicationPad2d((0, 0, 0, 0))
        (conv_layer): Conv2d(3, 3, kernel_size=(1, 1), stride=(1, 1))
        (non_linearity): GELU(approximate='none')
      )
      (3): SynthesisResidualLayer(
        (pad): ReplicationPad2d((0, 0, 0, 0))
        (conv_layer): Conv2d(3, 3, kernel_size=(1, 1), stride=(1, 1))
        (non_linearity): Identity()
      )
    )
    (agg_func): Sequential(
      (0): SynthesisLayer(
        (pad): ReplicationPad2d((0, 0, 0, 0))
        (conv_layer): Conv2d(18, 3, kernel_size=(1, 1), stride=(1, 1))
        (non_linearity): GELU(approximate='none')
      )
      (1): SynthesisLayer(
        (pad): ReplicationPad2d((0, 0, 0, 0))
        (conv_layer): Conv2d(21, 3, kernel_size=(1, 1), stride=(1, 1))
        (non_linearity): GELU(approximate='none')
      )
      (2): SynthesisLayer(
        (pad): ReplicationPad2d((0, 0, 0, 0))
        (conv_layer): Conv2d(24, 3, kernel_size=(1, 1), stride=(1, 1))
        (non_linearity): GELU(approximate='none')
      )
    )
    (full_net): Sequential(
      (0): SynthesisLayer(
        (pad): ReplicationPad2d((0, 0, 0, 0))
        (conv_layer): Conv2d(7, 12, kernel_size=(1, 1), stride=(1, 1))
        (non_linearity): GELU(approximate='none')
      )
      (1): SynthesisLayer(
        (pad): ReplicationPad2d((0, 0, 0, 0))
        (conv_layer): Conv2d(12, 3, kernel_size=(1, 1), stride=(1, 1))
        (non_linearity): GELU(approximate='none')
      )
      (2): SynthesisResidualLayer(
        (conv_layer): Conv2d(3, 3, kernel_size=(3, 3), stride=(1, 1))
        (non_linearity): GELU(approximate='none')
      )
      (3): SynthesisResidualLayer(
        (conv_layer): Conv2d(3, 3, kernel_size=(3, 3), stride=(1, 1))
        (non_linearity): GELU(approximate='none')
      )
    )
  )
  (modulation_sf): ParameterList(
      (0): Parameter containing: [torch.float32 of size 1x1x8x16 (cuda:0)]
      (1): Parameter containing: [torch.float32 of size 1x1x16x32 (cuda:0)]
      (2): Parameter containing: [torch.float32 of size 1x1x32x64 (cuda:0)]
      (3): Parameter containing: [torch.float32 of size 1x1x64x128 (cuda:0)]
      (4): Parameter containing: [torch.float32 of size 1x1x128x256 (cuda:0)]
      (5): Parameter containing: [torch.float32 of size 1x1x256x512 (cuda:0)]
      (6): Parameter containing: [torch.float32 of size 1x1x512x1024 (cuda:0)]
  )
)
train the 12 -th image
start temperature: 0.3 noise parameter: 2.0
end temperature: 0.1 noise parameter: 1.0
********************Start from stage I
********************going into stage II
eval_object_psnr: 50.474783113494915
eval_background_psnr: 45.0669456063018
eval_background_psnr: 45.0669456063018
********************Evaluation the Image 12-th, after Step 999, BEST PSNR: 43.943462, Print rate 3.315971. *************************
Saved model at ./saved/modbase_7/context_16_arm_mod_16/sparity_0.0/inr_mod_16KODAK_ROI_Global_new_struture_7_12_3_33_orderconcat_operator_0_pw_0.0008_img_object12.pth
Trained the image with PSNR: 43.94346159961426  latent bits 3.3159713745117188 latent bits number 1738524.0
[41.920899139908016, 42.05683185552155, 41.50299909273441, 41.60628089794445, 42.17414706595992, 42.56714739305277, 42.061732015194174, 42.47853325009182, 43.291657174328414, 44.00718670105075, 42.420725550901146, 43.50626687274438, 43.94346159961426]
[3.860734462738037, 3.9179346561431885, 3.8916611671447754, 4.141820907592773, 3.952106475830078, 3.9450013637542725, 3.441128730773926, 3.4642279148101807, 3.503342628479004, 3.6226956844329834, 3.5598440170288086, 3.648066282272339, 3.3159713745117188]
[2024136.75, 2054126.125, 2040351.25, 2171507.0, 2072042.0, 2068316.875, 1804142.5, 1816253.125, 1836760.5, 1899335.875, 1866383.5, 1912637.375, 1738524.0]
load the model: ./saved/modbase_7/context_16_arm_mod_16/sparity_0.0/inr_mod_16KODAK_ROI_Global_new_struture_7_12_3_33_orderconcat_operator_0_pw_0.0008_img_object12.pth for the  12 -th image
********************Evalutation with quantization
********************Starting quantizing models
eval_object_psnr: 50.49746201792058
full_image_psnr: 43.91093102804894
object_psnr: 50.49746201792058
background_psnr: 45.0230373203046
********************Evaluation the Image 12-th, BEST PSNR: 43.910931, Print rate 3.316852, Network rate 0.024084. *************************
eval_wsssim: 0.996430
Decoded image saved to ./experiments/vcip_combined_loss/decoded_images/othim13_maskerp_wsmse0_swhdc1_erp1_lambda0.0008.png
Evaluate the image: PSNR: 43.91093102804894 All bits: 3.3409361839294434  latent bits: 3.31685209274292  network bits: 0.024084091186523438
Evaluate arm network bits: 0.009462356567382812 Evaluate synthesis network bits: 0.01357269287109375
Image All bits num: 1751612.75 latent bits num: 1738985.75 mlp bits num: 12627.0 border bits num:
arm bits num: 4961.0 synthesis bits num: 7116.0
[41.75362833362292, 41.908941628931814, 41.44715671041414, 41.60395319935239, 42.15504734650576, 42.466517631298544, 42.013444309835116, 42.470972957931984, 43.20027007421521, 44.00814867813279, 42.3773295858797, 43.49611811347902, 43.91093102804894]
[3.8865792751312256, 3.94187331199646, 3.9172120094299316, 4.1665568351745605, 3.9791696071624756, 3.970857620239258, 3.4666104316711426, 3.490701675415039, 3.527003765106201, 3.64764404296875, 3.585512161254883, 3.6755051612854004, 3.3409361839294434]
[2037686.875, 2066676.875, 2053747.25, 2184475.75, 2086230.875, 2081873.0, 1817502.25, 1830133.0, 1849165.75, 1912416.0, 1879841.0, 1927023.25, 1751612.75]
Metrics saved to ./experiments/vcip_combined_loss/results.csv
Current eval Ave PSNR: 42.52403535366526 Ave Bits 3.7381663139049826
Namespace(batch_size=1, lr=0.01, data='../data', sparsity=0.0, local_upsampling_kernel_size=8, upsampling_kernel_size=8, static_upsampling_kernel=False, latent_factor=1, mod_base=7, highest_flag=1, context_arm=16, dim_arm_mod=16, use_candidate=True, type='other', mod_hid_layer=0, sythesis_features=12, hidden_features=64, hidden_layer=2, scale=1, lambda_rate=0.0008, lambda_rate_list=[0.0006, 0.0008], start_index=0, mask_type='erp', wsmse_tag=0, swhdc_tag=1, swhdc_dilations=[1, 2, 3, 4], erp_padding=1, workdir='./experiments/vcip_combined_loss', train_steps_1=5000, train_steps_2=1000, loss_type='combined', lambda_dist=0.0023437500000000003, lambda_percep=1.0, patch_h=512, patch_w=1024, all_pix_num=524288, eval_pix_num=524288)
Directory './saved/modbase_7/context_16_arm_mod_16' already exists.
Directory './saved/modbase_7/context_16_arm_mod_16/sparity_0.0' already exists.
top %: 0.0

🔁 Stage-1 Training Candidate 1/7
Quantizer parameter: encoding gain  16
total pixel: 524288
Get Mod with shape torch.Size([1, 1, 8, 16]) at layer: 1
Get Mod with shape torch.Size([1, 1, 16, 32]) at layer: 2
Get Mod with shape torch.Size([1, 1, 32, 64]) at layer: 3
Get Mod with shape torch.Size([1, 1, 64, 128]) at layer: 4
Get Mod with shape torch.Size([1, 1, 128, 256]) at layer: 5
Get Mod with shape torch.Size([1, 1, 256, 512]) at layer: 6
Get Mod with shape torch.Size([1, 1, 512, 1024]) at layer: 7
start temperature: 0.3 noise parameter: 2.0
end temperature: 0.3 noise parameter: 2.0
********************Start from stage I
Step 400, BEST PSNR: 33.899813, Total loss 0.015403 with its rate 2.5527749061584473 latent_bits 1338389.25

🔁 Stage-1 Training Candidate 2/7
Quantizer parameter: encoding gain  16
total pixel: 524288
Get Mod with shape torch.Size([1, 1, 8, 16]) at layer: 1
Get Mod with shape torch.Size([1, 1, 16, 32]) at layer: 2
Get Mod with shape torch.Size([1, 1, 32, 64]) at layer: 3
Get Mod with shape torch.Size([1, 1, 64, 128]) at layer: 4
Get Mod with shape torch.Size([1, 1, 128, 256]) at layer: 5
Get Mod with shape torch.Size([1, 1, 256, 512]) at layer: 6
Get Mod with shape torch.Size([1, 1, 512, 1024]) at layer: 7
start temperature: 0.3 noise parameter: 2.0
end temperature: 0.3 noise parameter: 2.0
********************Start from stage I
Step 400, BEST PSNR: 34.614952, Total loss 0.014206 with its rate 2.6874656677246094 latent_bits 1409006.0

🔁 Stage-1 Training Candidate 3/7
Quantizer parameter: encoding gain  16
total pixel: 524288
Get Mod with shape torch.Size([1, 1, 8, 16]) at layer: 1
Get Mod with shape torch.Size([1, 1, 16, 32]) at layer: 2
Get Mod with shape torch.Size([1, 1, 32, 64]) at layer: 3
Get Mod with shape torch.Size([1, 1, 64, 128]) at layer: 4
Get Mod with shape torch.Size([1, 1, 128, 256]) at layer: 5
Get Mod with shape torch.Size([1, 1, 256, 512]) at layer: 6
Get Mod with shape torch.Size([1, 1, 512, 1024]) at layer: 7
start temperature: 0.3 noise parameter: 2.0
end temperature: 0.3 noise parameter: 2.0
********************Start from stage I
Step 400, BEST PSNR: 34.863695, Total loss 0.015157 with its rate 2.745260715484619 latent_bits 1439307.25

🔁 Stage-1 Training Candidate 4/7
Quantizer parameter: encoding gain  16
total pixel: 524288
Get Mod with shape torch.Size([1, 1, 8, 16]) at layer: 1
Get Mod with shape torch.Size([1, 1, 16, 32]) at layer: 2
Get Mod with shape torch.Size([1, 1, 32, 64]) at layer: 3
Get Mod with shape torch.Size([1, 1, 64, 128]) at layer: 4
Get Mod with shape torch.Size([1, 1, 128, 256]) at layer: 5
Get Mod with shape torch.Size([1, 1, 256, 512]) at layer: 6
Get Mod with shape torch.Size([1, 1, 512, 1024]) at layer: 7
start temperature: 0.3 noise parameter: 2.0
end temperature: 0.3 noise parameter: 2.0
********************Start from stage I
Step 400, BEST PSNR: 34.083137, Total loss 0.015541 with its rate 2.672893524169922 latent_bits 1401366.0

🔁 Stage-1 Training Candidate 5/7
Quantizer parameter: encoding gain  16
total pixel: 524288
Get Mod with shape torch.Size([1, 1, 8, 16]) at layer: 1
Get Mod with shape torch.Size([1, 1, 16, 32]) at layer: 2
Get Mod with shape torch.Size([1, 1, 32, 64]) at layer: 3
Get Mod with shape torch.Size([1, 1, 64, 128]) at layer: 4
Get Mod with shape torch.Size([1, 1, 128, 256]) at layer: 5
Get Mod with shape torch.Size([1, 1, 256, 512]) at layer: 6
Get Mod with shape torch.Size([1, 1, 512, 1024]) at layer: 7
start temperature: 0.3 noise parameter: 2.0
end temperature: 0.3 noise parameter: 2.0
********************Start from stage I
Step 400, BEST PSNR: 35.652383, Total loss 0.014522 with its rate 2.636079788208008 latent_bits 1382065.0

🔁 Stage-1 Training Candidate 6/7
Quantizer parameter: encoding gain  16
total pixel: 524288
Get Mod with shape torch.Size([1, 1, 8, 16]) at layer: 1
Get Mod with shape torch.Size([1, 1, 16, 32]) at layer: 2
Get Mod with shape torch.Size([1, 1, 32, 64]) at layer: 3
Get Mod with shape torch.Size([1, 1, 64, 128]) at layer: 4
Get Mod with shape torch.Size([1, 1, 128, 256]) at layer: 5
Get Mod with shape torch.Size([1, 1, 256, 512]) at layer: 6
Get Mod with shape torch.Size([1, 1, 512, 1024]) at layer: 7
start temperature: 0.3 noise parameter: 2.0
end temperature: 0.3 noise parameter: 2.0
********************Start from stage I
Step 400, BEST PSNR: 34.184673, Total loss 0.015533 with its rate 2.58168888092041 latent_bits 1353548.5

🔁 Stage-1 Training Candidate 7/7
Quantizer parameter: encoding gain  16
total pixel: 524288
Get Mod with shape torch.Size([1, 1, 8, 16]) at layer: 1
Get Mod with shape torch.Size([1, 1, 16, 32]) at layer: 2
Get Mod with shape torch.Size([1, 1, 32, 64]) at layer: 3
Get Mod with shape torch.Size([1, 1, 64, 128]) at layer: 4
Get Mod with shape torch.Size([1, 1, 128, 256]) at layer: 5
Get Mod with shape torch.Size([1, 1, 256, 512]) at layer: 6
Get Mod with shape torch.Size([1, 1, 512, 1024]) at layer: 7
start temperature: 0.3 noise parameter: 2.0
end temperature: 0.3 noise parameter: 2.0
********************Start from stage I
Step 400, BEST PSNR: 35.201054, Total loss 0.014186 with its rate 2.592562198638916 latent_bits 1359249.25

🌟 Selected Top-3 Candidates by RD cost

🎯 Stage-2 Refining Candidate 1/3
start temperature: 0.3 noise parameter: 2.0
end temperature: 0.3 noise parameter: 2.0
********************Start from stage I
Step 400, BEST PSNR: 38.939009, Total loss 0.008252 with its rate 2.921339988708496 latent_bits 1531623.5

🎯 Stage-2 Refining Candidate 2/3
start temperature: 0.3 noise parameter: 2.0
end temperature: 0.3 noise parameter: 2.0
********************Start from stage I
Step 400, BEST PSNR: 38.122302, Total loss 0.009750 with its rate 2.9601120948791504 latent_bits 1551951.25

🎯 Stage-2 Refining Candidate 3/3
start temperature: 0.3 noise parameter: 2.0
end temperature: 0.3 noise parameter: 2.0
********************Start from stage I
Step 400, BEST PSNR: 39.487897, Total loss 0.008554 with its rate 2.9576187133789062 latent_bits 1550644.0

🏆 Best Candidate Final PSNR: 38.94, Rate: 2.9213
Masked_INR(
  (upsampling_2d): Upsampling(
    (conv_transpose2d): UpsamplingConvTranspose2d()
  )
  (arm): Arm(
    (mlp): Sequential(
      (0): ArmConv(
        (conv1_1): Conv1d(16, 16, kernel_size=(1,), stride=(1,))
      )
      (1): GELU(approximate='none')
      (2): ArmConv(
        (conv1_1): Conv1d(16, 16, kernel_size=(1,), stride=(1,))
      )
      (3): GELU(approximate='none')
      (4): ArmConv(
        (conv1_1): Conv1d(16, 2, kernel_size=(1,), stride=(1,))
      )
    )
  )
  (conv_mod): LocalGlobalBlock(
    (net): Sequential(
      (0): SynthesisLayer(
        (pad): Identity()
        (conv_layer): SWHDC(
          (conv): Conv2d(2, 3, kernel_size=(3, 3), stride=(1, 1))
        )
        (non_linearity): GELU(approximate='none')
      )
      (1): SynthesisResidualLayer(
        (pad): ReplicationPad2d((0, 0, 0, 0))
        (conv_layer): Conv2d(3, 3, kernel_size=(1, 1), stride=(1, 1))
        (non_linearity): GELU(approximate='none')
      )
      (2): SynthesisResidualLayer(
        (pad): ReplicationPad2d((0, 0, 0, 0))
        (conv_layer): Conv2d(3, 3, kernel_size=(1, 1), stride=(1, 1))
        (non_linearity): GELU(approximate='none')
      )
      (3): SynthesisResidualLayer(
        (pad): ReplicationPad2d((0, 0, 0, 0))
        (conv_layer): Conv2d(3, 3, kernel_size=(1, 1), stride=(1, 1))
        (non_linearity): Identity()
      )
    )
    (global_net): Sequential(
      (0): SynthesisLayer(
        (pad): Identity()
        (conv_layer): SWHDC(
          (conv): Conv2d(2, 3, kernel_size=(3, 3), stride=(1, 1))
        )
        (non_linearity): GELU(approximate='none')
      )
      (1): SynthesisResidualLayer(
        (pad): ReplicationPad2d((0, 0, 0, 0))
        (conv_layer): Conv2d(3, 3, kernel_size=(1, 1), stride=(1, 1))
        (non_linearity): GELU(approximate='none')
      )
      (2): SynthesisResidualLayer(
        (pad): ReplicationPad2d((0, 0, 0, 0))
        (conv_layer): Conv2d(3, 3, kernel_size=(1, 1), stride=(1, 1))
        (non_linearity): GELU(approximate='none')
      )
      (3): SynthesisResidualLayer(
        (pad): ReplicationPad2d((0, 0, 0, 0))
        (conv_layer): Conv2d(3, 3, kernel_size=(1, 1), stride=(1, 1))
        (non_linearity): Identity()
      )
    )
    (agg_func): Sequential(
      (0): SynthesisLayer(
        (pad): ReplicationPad2d((0, 0, 0, 0))
        (conv_layer): Conv2d(18, 3, kernel_size=(1, 1), stride=(1, 1))
        (non_linearity): GELU(approximate='none')
      )
      (1): SynthesisLayer(
        (pad): ReplicationPad2d((0, 0, 0, 0))
        (conv_layer): Conv2d(21, 3, kernel_size=(1, 1), stride=(1, 1))
        (non_linearity): GELU(approximate='none')
      )
      (2): SynthesisLayer(
        (pad): ReplicationPad2d((0, 0, 0, 0))
        (conv_layer): Conv2d(24, 3, kernel_size=(1, 1), stride=(1, 1))
        (non_linearity): GELU(approximate='none')
      )
    )
    (full_net): Sequential(
      (0): SynthesisLayer(
        (pad): ReplicationPad2d((0, 0, 0, 0))
        (conv_layer): Conv2d(7, 12, kernel_size=(1, 1), stride=(1, 1))
        (non_linearity): GELU(approximate='none')
      )
      (1): SynthesisLayer(
        (pad): ReplicationPad2d((0, 0, 0, 0))
        (conv_layer): Conv2d(12, 3, kernel_size=(1, 1), stride=(1, 1))
        (non_linearity): GELU(approximate='none')
      )
      (2): SynthesisResidualLayer(
        (conv_layer): Conv2d(3, 3, kernel_size=(3, 3), stride=(1, 1))
        (non_linearity): GELU(approximate='none')
      )
      (3): SynthesisResidualLayer(
        (conv_layer): Conv2d(3, 3, kernel_size=(3, 3), stride=(1, 1))
        (non_linearity): GELU(approximate='none')
      )
    )
  )
  (modulation_sf): ParameterList(
      (0): Parameter containing: [torch.float32 of size 1x1x8x16 (cuda:0)]
      (1): Parameter containing: [torch.float32 of size 1x1x16x32 (cuda:0)]
      (2): Parameter containing: [torch.float32 of size 1x1x32x64 (cuda:0)]
      (3): Parameter containing: [torch.float32 of size 1x1x64x128 (cuda:0)]
      (4): Parameter containing: [torch.float32 of size 1x1x128x256 (cuda:0)]
      (5): Parameter containing: [torch.float32 of size 1x1x256x512 (cuda:0)]
      (6): Parameter containing: [torch.float32 of size 1x1x512x1024 (cuda:0)]
  )
)
train the 13 -th image
start temperature: 0.3 noise parameter: 2.0
end temperature: 0.1 noise parameter: 1.0
********************Start from stage I
********************going into stage II
eval_object_psnr: 51.353235251645685
eval_background_psnr: 44.66364381226958
eval_background_psnr: 44.66364381226958
********************Evaluation the Image 13-th, after Step 999, BEST PSNR: 43.804620, Print rate 3.236927. *************************
Saved model at ./saved/modbase_7/context_16_arm_mod_16/sparity_0.0/inr_mod_16KODAK_ROI_Global_new_struture_7_12_3_33_orderconcat_operator_0_pw_0.0008_img_object13.pth
Trained the image with PSNR: 43.804619731103145  latent bits 3.236926555633545 latent bits number 1697081.75
[41.920899139908016, 42.05683185552155, 41.50299909273441, 41.60628089794445, 42.17414706595992, 42.56714739305277, 42.061732015194174, 42.47853325009182, 43.291657174328414, 44.00718670105075, 42.420725550901146, 43.50626687274438, 43.94346159961426, 43.804619731103145]
[3.860734462738037, 3.9179346561431885, 3.8916611671447754, 4.141820907592773, 3.952106475830078, 3.9450013637542725, 3.441128730773926, 3.4642279148101807, 3.503342628479004, 3.6226956844329834, 3.5598440170288086, 3.648066282272339, 3.3159713745117188, 3.236926555633545]
[2024136.75, 2054126.125, 2040351.25, 2171507.0, 2072042.0, 2068316.875, 1804142.5, 1816253.125, 1836760.5, 1899335.875, 1866383.5, 1912637.375, 1738524.0, 1697081.75]
load the model: ./saved/modbase_7/context_16_arm_mod_16/sparity_0.0/inr_mod_16KODAK_ROI_Global_new_struture_7_12_3_33_orderconcat_operator_0_pw_0.0008_img_object13.pth for the  13 -th image
********************Evalutation with quantization
********************Starting quantizing models
eval_object_psnr: 51.02112615383441
full_image_psnr: 43.67989207692046
object_psnr: 51.02112615383441
background_psnr: 44.580947781291634
********************Evaluation the Image 13-th, BEST PSNR: 43.679892, Print rate 3.237841, Network rate 0.022989. *************************
eval_wsssim: 0.996220
Decoded image saved to ./experiments/vcip_combined_loss/decoded_images/othim14_maskerp_wsmse0_swhdc1_erp1_lambda0.0008.png
Evaluate the image: PSNR: 43.67989207692046 All bits: 3.2608299255371094  latent bits: 3.2378406524658203  network bits: 0.022989273071289062
Evaluate arm network bits: 0.009527206420898438 Evaluate synthesis network bits: 0.012495040893554688
Image All bits num: 1709614.0 latent bits num: 1697561.0 mlp bits num: 12053.0 border bits num:
arm bits num: 4995.0 synthesis bits num: 6551.0
[41.75362833362292, 41.908941628931814, 41.44715671041414, 41.60395319935239, 42.15504734650576, 42.466517631298544, 42.013444309835116, 42.470972957931984, 43.20027007421521, 44.00814867813279, 42.3773295858797, 43.49611811347902, 43.91093102804894, 43.67989207692046]
[3.8865792751312256, 3.94187331199646, 3.9172120094299316, 4.1665568351745605, 3.9791696071624756, 3.970857620239258, 3.4666104316711426, 3.490701675415039, 3.527003765106201, 3.64764404296875, 3.585512161254883, 3.6755051612854004, 3.3409361839294434, 3.2608299255371094]
[2037686.875, 2066676.875, 2053747.25, 2184475.75, 2086230.875, 2081873.0, 1817502.25, 1830133.0, 1849165.75, 1912416.0, 1879841.0, 1927023.25, 1751612.75, 1709614.0]
Metrics saved to ./experiments/vcip_combined_loss/results.csv
Current eval Ave PSNR: 42.6065965481835 Ave Bits 3.7040708575929915
Namespace(batch_size=1, lr=0.01, data='../data', sparsity=0.0, local_upsampling_kernel_size=8, upsampling_kernel_size=8, static_upsampling_kernel=False, latent_factor=1, mod_base=7, highest_flag=1, context_arm=16, dim_arm_mod=16, use_candidate=True, type='other', mod_hid_layer=0, sythesis_features=12, hidden_features=64, hidden_layer=2, scale=1, lambda_rate=0.0008, lambda_rate_list=[0.0006, 0.0008], start_index=0, mask_type='erp', wsmse_tag=0, swhdc_tag=1, swhdc_dilations=[1, 2, 3, 4], erp_padding=1, workdir='./experiments/vcip_combined_loss', train_steps_1=5000, train_steps_2=1000, loss_type='combined', lambda_dist=0.0023437500000000003, lambda_percep=1.0, patch_h=512, patch_w=1024, all_pix_num=524288, eval_pix_num=524288)
Directory './saved/modbase_7/context_16_arm_mod_16' already exists.
Directory './saved/modbase_7/context_16_arm_mod_16/sparity_0.0' already exists.
top %: 0.0

🔁 Stage-1 Training Candidate 1/7
Quantizer parameter: encoding gain  16
total pixel: 524288
Get Mod with shape torch.Size([1, 1, 8, 16]) at layer: 1
Get Mod with shape torch.Size([1, 1, 16, 32]) at layer: 2
Get Mod with shape torch.Size([1, 1, 32, 64]) at layer: 3
Get Mod with shape torch.Size([1, 1, 64, 128]) at layer: 4
Get Mod with shape torch.Size([1, 1, 128, 256]) at layer: 5
Get Mod with shape torch.Size([1, 1, 256, 512]) at layer: 6
Get Mod with shape torch.Size([1, 1, 512, 1024]) at layer: 7
start temperature: 0.3 noise parameter: 2.0
end temperature: 0.3 noise parameter: 2.0
********************Start from stage I
Step 400, BEST PSNR: 34.872903, Total loss 0.014979 with its rate 2.62172794342041 latent_bits 1374540.5

🔁 Stage-1 Training Candidate 2/7
Quantizer parameter: encoding gain  16
total pixel: 524288
Get Mod with shape torch.Size([1, 1, 8, 16]) at layer: 1
Get Mod with shape torch.Size([1, 1, 16, 32]) at layer: 2
Get Mod with shape torch.Size([1, 1, 32, 64]) at layer: 3
Get Mod with shape torch.Size([1, 1, 64, 128]) at layer: 4
Get Mod with shape torch.Size([1, 1, 128, 256]) at layer: 5
Get Mod with shape torch.Size([1, 1, 256, 512]) at layer: 6
Get Mod with shape torch.Size([1, 1, 512, 1024]) at layer: 7
start temperature: 0.3 noise parameter: 2.0
end temperature: 0.3 noise parameter: 2.0
********************Start from stage I
Step 400, BEST PSNR: 34.077928, Total loss 0.014721 with its rate 2.6803789138793945 latent_bits 1405290.5

🔁 Stage-1 Training Candidate 3/7
Quantizer parameter: encoding gain  16
total pixel: 524288
Get Mod with shape torch.Size([1, 1, 8, 16]) at layer: 1
Get Mod with shape torch.Size([1, 1, 16, 32]) at layer: 2
Get Mod with shape torch.Size([1, 1, 32, 64]) at layer: 3
Get Mod with shape torch.Size([1, 1, 64, 128]) at layer: 4
Get Mod with shape torch.Size([1, 1, 128, 256]) at layer: 5
Get Mod with shape torch.Size([1, 1, 256, 512]) at layer: 6
Get Mod with shape torch.Size([1, 1, 512, 1024]) at layer: 7
start temperature: 0.3 noise parameter: 2.0
end temperature: 0.3 noise parameter: 2.0
********************Start from stage I
Step 400, BEST PSNR: 34.501202, Total loss 0.015771 with its rate 2.605684757232666 latent_bits 1366129.25

🔁 Stage-1 Training Candidate 4/7
Quantizer parameter: encoding gain  16
total pixel: 524288
Get Mod with shape torch.Size([1, 1, 8, 16]) at layer: 1
Get Mod with shape torch.Size([1, 1, 16, 32]) at layer: 2
Get Mod with shape torch.Size([1, 1, 32, 64]) at layer: 3
Get Mod with shape torch.Size([1, 1, 64, 128]) at layer: 4
Get Mod with shape torch.Size([1, 1, 128, 256]) at layer: 5
Get Mod with shape torch.Size([1, 1, 256, 512]) at layer: 6
Get Mod with shape torch.Size([1, 1, 512, 1024]) at layer: 7
start temperature: 0.3 noise parameter: 2.0
end temperature: 0.3 noise parameter: 2.0
********************Start from stage I
Step 400, BEST PSNR: 31.436403, Total loss 0.017848 with its rate 2.55916690826416 latent_bits 1341740.5

🔁 Stage-1 Training Candidate 5/7
Quantizer parameter: encoding gain  16
total pixel: 524288
Get Mod with shape torch.Size([1, 1, 8, 16]) at layer: 1
Get Mod with shape torch.Size([1, 1, 16, 32]) at layer: 2
Get Mod with shape torch.Size([1, 1, 32, 64]) at layer: 3
Get Mod with shape torch.Size([1, 1, 64, 128]) at layer: 4
Get Mod with shape torch.Size([1, 1, 128, 256]) at layer: 5
Get Mod with shape torch.Size([1, 1, 256, 512]) at layer: 6
Get Mod with shape torch.Size([1, 1, 512, 1024]) at layer: 7
start temperature: 0.3 noise parameter: 2.0
end temperature: 0.3 noise parameter: 2.0
********************Start from stage I
Step 400, BEST PSNR: 33.416552, Total loss 0.016219 with its rate 2.5206053256988525 latent_bits 1321523.125

🔁 Stage-1 Training Candidate 6/7
Quantizer parameter: encoding gain  16
total pixel: 524288
Get Mod with shape torch.Size([1, 1, 8, 16]) at layer: 1
Get Mod with shape torch.Size([1, 1, 16, 32]) at layer: 2
Get Mod with shape torch.Size([1, 1, 32, 64]) at layer: 3
Get Mod with shape torch.Size([1, 1, 64, 128]) at layer: 4
Get Mod with shape torch.Size([1, 1, 128, 256]) at layer: 5
Get Mod with shape torch.Size([1, 1, 256, 512]) at layer: 6
Get Mod with shape torch.Size([1, 1, 512, 1024]) at layer: 7
start temperature: 0.3 noise parameter: 2.0
end temperature: 0.3 noise parameter: 2.0
********************Start from stage I
Step 400, BEST PSNR: 34.900511, Total loss 0.013786 with its rate 2.670743465423584 latent_bits 1400238.75

🔁 Stage-1 Training Candidate 7/7
Quantizer parameter: encoding gain  16
total pixel: 524288
Get Mod with shape torch.Size([1, 1, 8, 16]) at layer: 1
Get Mod with shape torch.Size([1, 1, 16, 32]) at layer: 2
Get Mod with shape torch.Size([1, 1, 32, 64]) at layer: 3
Get Mod with shape torch.Size([1, 1, 64, 128]) at layer: 4
Get Mod with shape torch.Size([1, 1, 128, 256]) at layer: 5
Get Mod with shape torch.Size([1, 1, 256, 512]) at layer: 6
Get Mod with shape torch.Size([1, 1, 512, 1024]) at layer: 7
start temperature: 0.3 noise parameter: 2.0
end temperature: 0.3 noise parameter: 2.0
********************Start from stage I
Step 400, BEST PSNR: 35.435465, Total loss 0.013570 with its rate 2.7059319019317627 latent_bits 1418687.625

🌟 Selected Top-3 Candidates by RD cost

🎯 Stage-2 Refining Candidate 1/3
start temperature: 0.3 noise parameter: 2.0
end temperature: 0.3 noise parameter: 2.0
********************Start from stage I
Step 400, BEST PSNR: 39.285917, Total loss 0.008959 with its rate 2.971135139465332 latent_bits 1557730.5

🎯 Stage-2 Refining Candidate 2/3
start temperature: 0.3 noise parameter: 2.0
end temperature: 0.3 noise parameter: 2.0
********************Start from stage I
Step 400, BEST PSNR: 38.881135, Total loss 0.008757 with its rate 2.967878818511963 latent_bits 1556023.25

🎯 Stage-2 Refining Candidate 3/3
start temperature: 0.3 noise parameter: 2.0
end temperature: 0.3 noise parameter: 2.0
********************Start from stage I
Step 400, BEST PSNR: 39.462926, Total loss 0.009554 with its rate 2.9252705574035645 latent_bits 1533684.25

🏆 Best Candidate Final PSNR: 38.88, Rate: 2.9679
Masked_INR(
  (upsampling_2d): Upsampling(
    (conv_transpose2d): UpsamplingConvTranspose2d()
  )
  (arm): Arm(
    (mlp): Sequential(
      (0): ArmConv(
        (conv1_1): Conv1d(16, 16, kernel_size=(1,), stride=(1,))
      )
      (1): GELU(approximate='none')
      (2): ArmConv(
        (conv1_1): Conv1d(16, 16, kernel_size=(1,), stride=(1,))
      )
      (3): GELU(approximate='none')
      (4): ArmConv(
        (conv1_1): Conv1d(16, 2, kernel_size=(1,), stride=(1,))
      )
    )
  )
  (conv_mod): LocalGlobalBlock(
    (net): Sequential(
      (0): SynthesisLayer(
        (pad): Identity()
        (conv_layer): SWHDC(
          (conv): Conv2d(2, 3, kernel_size=(3, 3), stride=(1, 1))
        )
        (non_linearity): GELU(approximate='none')
      )
      (1): SynthesisResidualLayer(
        (pad): ReplicationPad2d((0, 0, 0, 0))
        (conv_layer): Conv2d(3, 3, kernel_size=(1, 1), stride=(1, 1))
        (non_linearity): GELU(approximate='none')
      )
      (2): SynthesisResidualLayer(
        (pad): ReplicationPad2d((0, 0, 0, 0))
        (conv_layer): Conv2d(3, 3, kernel_size=(1, 1), stride=(1, 1))
        (non_linearity): GELU(approximate='none')
      )
      (3): SynthesisResidualLayer(
        (pad): ReplicationPad2d((0, 0, 0, 0))
        (conv_layer): Conv2d(3, 3, kernel_size=(1, 1), stride=(1, 1))
        (non_linearity): Identity()
      )
    )
    (global_net): Sequential(
      (0): SynthesisLayer(
        (pad): Identity()
        (conv_layer): SWHDC(
          (conv): Conv2d(2, 3, kernel_size=(3, 3), stride=(1, 1))
        )
        (non_linearity): GELU(approximate='none')
      )
      (1): SynthesisResidualLayer(
        (pad): ReplicationPad2d((0, 0, 0, 0))
        (conv_layer): Conv2d(3, 3, kernel_size=(1, 1), stride=(1, 1))
        (non_linearity): GELU(approximate='none')
      )
      (2): SynthesisResidualLayer(
        (pad): ReplicationPad2d((0, 0, 0, 0))
        (conv_layer): Conv2d(3, 3, kernel_size=(1, 1), stride=(1, 1))
        (non_linearity): GELU(approximate='none')
      )
      (3): SynthesisResidualLayer(
        (pad): ReplicationPad2d((0, 0, 0, 0))
        (conv_layer): Conv2d(3, 3, kernel_size=(1, 1), stride=(1, 1))
        (non_linearity): Identity()
      )
    )
    (agg_func): Sequential(
      (0): SynthesisLayer(
        (pad): ReplicationPad2d((0, 0, 0, 0))
        (conv_layer): Conv2d(18, 3, kernel_size=(1, 1), stride=(1, 1))
        (non_linearity): GELU(approximate='none')
      )
      (1): SynthesisLayer(
        (pad): ReplicationPad2d((0, 0, 0, 0))
        (conv_layer): Conv2d(21, 3, kernel_size=(1, 1), stride=(1, 1))
        (non_linearity): GELU(approximate='none')
      )
      (2): SynthesisLayer(
        (pad): ReplicationPad2d((0, 0, 0, 0))
        (conv_layer): Conv2d(24, 3, kernel_size=(1, 1), stride=(1, 1))
        (non_linearity): GELU(approximate='none')
      )
    )
    (full_net): Sequential(
      (0): SynthesisLayer(
        (pad): ReplicationPad2d((0, 0, 0, 0))
        (conv_layer): Conv2d(7, 12, kernel_size=(1, 1), stride=(1, 1))
        (non_linearity): GELU(approximate='none')
      )
      (1): SynthesisLayer(
        (pad): ReplicationPad2d((0, 0, 0, 0))
        (conv_layer): Conv2d(12, 3, kernel_size=(1, 1), stride=(1, 1))
        (non_linearity): GELU(approximate='none')
      )
      (2): SynthesisResidualLayer(
        (conv_layer): Conv2d(3, 3, kernel_size=(3, 3), stride=(1, 1))
        (non_linearity): GELU(approximate='none')
      )
      (3): SynthesisResidualLayer(
        (conv_layer): Conv2d(3, 3, kernel_size=(3, 3), stride=(1, 1))
        (non_linearity): GELU(approximate='none')
      )
    )
  )
  (modulation_sf): ParameterList(
      (0): Parameter containing: [torch.float32 of size 1x1x8x16 (cuda:0)]
      (1): Parameter containing: [torch.float32 of size 1x1x16x32 (cuda:0)]
      (2): Parameter containing: [torch.float32 of size 1x1x32x64 (cuda:0)]
      (3): Parameter containing: [torch.float32 of size 1x1x64x128 (cuda:0)]
      (4): Parameter containing: [torch.float32 of size 1x1x128x256 (cuda:0)]
      (5): Parameter containing: [torch.float32 of size 1x1x256x512 (cuda:0)]
      (6): Parameter containing: [torch.float32 of size 1x1x512x1024 (cuda:0)]
  )
)
train the 14 -th image
start temperature: 0.3 noise parameter: 2.0
end temperature: 0.1 noise parameter: 1.0
********************Start from stage I
********************going into stage II
eval_object_psnr: 50.747368070351854
eval_background_psnr: 44.7995889361942
eval_background_psnr: 44.7995889361942
********************Evaluation the Image 14-th, after Step 999, BEST PSNR: 43.806970, Print rate 3.260473. *************************
Saved model at ./saved/modbase_7/context_16_arm_mod_16/sparity_0.0/inr_mod_16KODAK_ROI_Global_new_struture_7_12_3_33_orderconcat_operator_0_pw_0.0008_img_object14.pth
Trained the image with PSNR: 43.806970053789634  latent bits 3.2604727745056152 latent bits number 1709426.75
[41.920899139908016, 42.05683185552155, 41.50299909273441, 41.60628089794445, 42.17414706595992, 42.56714739305277, 42.061732015194174, 42.47853325009182, 43.291657174328414, 44.00718670105075, 42.420725550901146, 43.50626687274438, 43.94346159961426, 43.804619731103145, 43.806970053789634]
[3.860734462738037, 3.9179346561431885, 3.8916611671447754, 4.141820907592773, 3.952106475830078, 3.9450013637542725, 3.441128730773926, 3.4642279148101807, 3.503342628479004, 3.6226956844329834, 3.5598440170288086, 3.648066282272339, 3.3159713745117188, 3.236926555633545, 3.2604727745056152]
[2024136.75, 2054126.125, 2040351.25, 2171507.0, 2072042.0, 2068316.875, 1804142.5, 1816253.125, 1836760.5, 1899335.875, 1866383.5, 1912637.375, 1738524.0, 1697081.75, 1709426.75]
load the model: ./saved/modbase_7/context_16_arm_mod_16/sparity_0.0/inr_mod_16KODAK_ROI_Global_new_struture_7_12_3_33_orderconcat_operator_0_pw_0.0008_img_object14.pth for the  14 -th image
********************Evalutation with quantization
********************Starting quantizing models
eval_object_psnr: 50.5722266083755
full_image_psnr: 43.713127186006
object_psnr: 50.5722266083755
background_psnr: 44.72448870311388
********************Evaluation the Image 14-th, BEST PSNR: 43.713127, Print rate 3.261966, Network rate 0.023016. *************************
eval_wsssim: 0.996090
Decoded image saved to ./experiments/vcip_combined_loss/decoded_images/othim15_maskerp_wsmse0_swhdc1_erp1_lambda0.0008.png
Evaluate the image: PSNR: 43.713127186006 All bits: 3.2849817276000977  latent bits: 3.261965751647949  network bits: 0.023015975952148438
Evaluate arm network bits: 0.009765625 Evaluate synthesis network bits: 0.012296676635742188
Image All bits num: 1722276.5 latent bits num: 1710209.5 mlp bits num: 12067.0 border bits num:
arm bits num: 5120.0 synthesis bits num: 6447.0
[41.75362833362292, 41.908941628931814, 41.44715671041414, 41.60395319935239, 42.15504734650576, 42.466517631298544, 42.013444309835116, 42.470972957931984, 43.20027007421521, 44.00814867813279, 42.3773295858797, 43.49611811347902, 43.91093102804894, 43.67989207692046, 43.713127186006]
[3.8865792751312256, 3.94187331199646, 3.9172120094299316, 4.1665568351745605, 3.9791696071624756, 3.970857620239258, 3.4666104316711426, 3.490701675415039, 3.527003765106201, 3.64764404296875, 3.585512161254883, 3.6755051612854004, 3.3409361839294434, 3.2608299255371094, 3.2849817276000977]
[2037686.875, 2066676.875, 2053747.25, 2184475.75, 2086230.875, 2081873.0, 1817502.25, 1830133.0, 1849165.75, 1912416.0, 1879841.0, 1927023.25, 1751612.75, 1709614.0, 1722276.5]
Metrics saved to ./experiments/vcip_combined_loss/results.csv
Current eval Ave PSNR: 42.68036525737166 Ave Bits 3.676131582260132
Namespace(batch_size=1, lr=0.01, data='../data', sparsity=0.0, local_upsampling_kernel_size=8, upsampling_kernel_size=8, static_upsampling_kernel=False, latent_factor=1, mod_base=7, highest_flag=1, context_arm=16, dim_arm_mod=16, use_candidate=True, type='other', mod_hid_layer=0, sythesis_features=12, hidden_features=64, hidden_layer=2, scale=1, lambda_rate=0.0008, lambda_rate_list=[0.0006, 0.0008], start_index=0, mask_type='erp', wsmse_tag=0, swhdc_tag=1, swhdc_dilations=[1, 2, 3, 4], erp_padding=1, workdir='./experiments/vcip_combined_loss', train_steps_1=5000, train_steps_2=1000, loss_type='combined', lambda_dist=0.0023437500000000003, lambda_percep=1.0, patch_h=512, patch_w=1024, all_pix_num=524288, eval_pix_num=524288)
Directory './saved/modbase_7/context_16_arm_mod_16' already exists.
Directory './saved/modbase_7/context_16_arm_mod_16/sparity_0.0' already exists.
top %: 0.0

🔁 Stage-1 Training Candidate 1/7
Quantizer parameter: encoding gain  16
total pixel: 524288
Get Mod with shape torch.Size([1, 1, 8, 16]) at layer: 1
Get Mod with shape torch.Size([1, 1, 16, 32]) at layer: 2
Get Mod with shape torch.Size([1, 1, 32, 64]) at layer: 3
Get Mod with shape torch.Size([1, 1, 64, 128]) at layer: 4
Get Mod with shape torch.Size([1, 1, 128, 256]) at layer: 5
Get Mod with shape torch.Size([1, 1, 256, 512]) at layer: 6
Get Mod with shape torch.Size([1, 1, 512, 1024]) at layer: 7
start temperature: 0.3 noise parameter: 2.0
end temperature: 0.3 noise parameter: 2.0
********************Start from stage I
Step 400, BEST PSNR: 36.067939, Total loss 0.013086 with its rate 2.525057315826416 latent_bits 1323857.25

🔁 Stage-1 Training Candidate 2/7
Quantizer parameter: encoding gain  16
total pixel: 524288
Get Mod with shape torch.Size([1, 1, 8, 16]) at layer: 1
Get Mod with shape torch.Size([1, 1, 16, 32]) at layer: 2
Get Mod with shape torch.Size([1, 1, 32, 64]) at layer: 3
Get Mod with shape torch.Size([1, 1, 64, 128]) at layer: 4
Get Mod with shape torch.Size([1, 1, 128, 256]) at layer: 5
Get Mod with shape torch.Size([1, 1, 256, 512]) at layer: 6
Get Mod with shape torch.Size([1, 1, 512, 1024]) at layer: 7
start temperature: 0.3 noise parameter: 2.0
end temperature: 0.3 noise parameter: 2.0
********************Start from stage I
Step 400, BEST PSNR: 35.015253, Total loss 0.014787 with its rate 2.512971878051758 latent_bits 1317521.0

🔁 Stage-1 Training Candidate 3/7
Quantizer parameter: encoding gain  16
total pixel: 524288
Get Mod with shape torch.Size([1, 1, 8, 16]) at layer: 1
Get Mod with shape torch.Size([1, 1, 16, 32]) at layer: 2
Get Mod with shape torch.Size([1, 1, 32, 64]) at layer: 3
Get Mod with shape torch.Size([1, 1, 64, 128]) at layer: 4
Get Mod with shape torch.Size([1, 1, 128, 256]) at layer: 5
Get Mod with shape torch.Size([1, 1, 256, 512]) at layer: 6
Get Mod with shape torch.Size([1, 1, 512, 1024]) at layer: 7
start temperature: 0.3 noise parameter: 2.0
end temperature: 0.3 noise parameter: 2.0
********************Start from stage I
Step 400, BEST PSNR: 36.274157, Total loss 0.013485 with its rate 2.469799757003784 latent_bits 1294886.375

🔁 Stage-1 Training Candidate 4/7
Quantizer parameter: encoding gain  16
total pixel: 524288
Get Mod with shape torch.Size([1, 1, 8, 16]) at layer: 1
Get Mod with shape torch.Size([1, 1, 16, 32]) at layer: 2
Get Mod with shape torch.Size([1, 1, 32, 64]) at layer: 3
Get Mod with shape torch.Size([1, 1, 64, 128]) at layer: 4
Get Mod with shape torch.Size([1, 1, 128, 256]) at layer: 5
Get Mod with shape torch.Size([1, 1, 256, 512]) at layer: 6
Get Mod with shape torch.Size([1, 1, 512, 1024]) at layer: 7
start temperature: 0.3 noise parameter: 2.0
end temperature: 0.3 noise parameter: 2.0
********************Start from stage I
Step 400, BEST PSNR: 35.681962, Total loss 0.013130 with its rate 2.4826083183288574 latent_bits 1301601.75

🔁 Stage-1 Training Candidate 5/7
Quantizer parameter: encoding gain  16
total pixel: 524288
Get Mod with shape torch.Size([1, 1, 8, 16]) at layer: 1
Get Mod with shape torch.Size([1, 1, 16, 32]) at layer: 2
Get Mod with shape torch.Size([1, 1, 32, 64]) at layer: 3
Get Mod with shape torch.Size([1, 1, 64, 128]) at layer: 4
Get Mod with shape torch.Size([1, 1, 128, 256]) at layer: 5
Get Mod with shape torch.Size([1, 1, 256, 512]) at layer: 6
Get Mod with shape torch.Size([1, 1, 512, 1024]) at layer: 7
start temperature: 0.3 noise parameter: 2.0
end temperature: 0.3 noise parameter: 2.0
********************Start from stage I
Step 400, BEST PSNR: 36.310718, Total loss 0.013173 with its rate 2.5608668327331543 latent_bits 1342631.75

🔁 Stage-1 Training Candidate 6/7
Quantizer parameter: encoding gain  16
total pixel: 524288
Get Mod with shape torch.Size([1, 1, 8, 16]) at layer: 1
Get Mod with shape torch.Size([1, 1, 16, 32]) at layer: 2
Get Mod with shape torch.Size([1, 1, 32, 64]) at layer: 3
Get Mod with shape torch.Size([1, 1, 64, 128]) at layer: 4
Get Mod with shape torch.Size([1, 1, 128, 256]) at layer: 5
Get Mod with shape torch.Size([1, 1, 256, 512]) at layer: 6
Get Mod with shape torch.Size([1, 1, 512, 1024]) at layer: 7
start temperature: 0.3 noise parameter: 2.0
end temperature: 0.3 noise parameter: 2.0
********************Start from stage I
Step 400, BEST PSNR: 35.363291, Total loss 0.013679 with its rate 2.5650534629821777 latent_bits 1344826.75

🔁 Stage-1 Training Candidate 7/7
Quantizer parameter: encoding gain  16
total pixel: 524288
Get Mod with shape torch.Size([1, 1, 8, 16]) at layer: 1
Get Mod with shape torch.Size([1, 1, 16, 32]) at layer: 2
Get Mod with shape torch.Size([1, 1, 32, 64]) at layer: 3
Get Mod with shape torch.Size([1, 1, 64, 128]) at layer: 4
Get Mod with shape torch.Size([1, 1, 128, 256]) at layer: 5
Get Mod with shape torch.Size([1, 1, 256, 512]) at layer: 6
Get Mod with shape torch.Size([1, 1, 512, 1024]) at layer: 7
start temperature: 0.3 noise parameter: 2.0
end temperature: 0.3 noise parameter: 2.0
********************Start from stage I
Step 400, BEST PSNR: 34.526057, Total loss 0.014036 with its rate 2.518493890762329 latent_bits 1320416.125

🌟 Selected Top-3 Candidates by RD cost

🎯 Stage-2 Refining Candidate 1/3
start temperature: 0.3 noise parameter: 2.0
end temperature: 0.3 noise parameter: 2.0
********************Start from stage I
Step 400, BEST PSNR: 39.391368, Total loss 0.009156 with its rate 2.7973060607910156 latent_bits 1466594.0

🎯 Stage-2 Refining Candidate 2/3
start temperature: 0.3 noise parameter: 2.0
end temperature: 0.3 noise parameter: 2.0
********************Start from stage I
Step 400, BEST PSNR: 38.522994, Total loss 0.008656 with its rate 2.8147406578063965 latent_bits 1475734.75

🎯 Stage-2 Refining Candidate 3/3
start temperature: 0.3 noise parameter: 2.0
end temperature: 0.3 noise parameter: 2.0
********************Start from stage I
Step 400, BEST PSNR: 39.230233, Total loss 0.008827 with its rate 2.8282361030578613 latent_bits 1482810.25

🏆 Best Candidate Final PSNR: 38.52, Rate: 2.8147
Masked_INR(
  (upsampling_2d): Upsampling(
    (conv_transpose2d): UpsamplingConvTranspose2d()
  )
  (arm): Arm(
    (mlp): Sequential(
      (0): ArmConv(
        (conv1_1): Conv1d(16, 16, kernel_size=(1,), stride=(1,))
      )
      (1): GELU(approximate='none')
      (2): ArmConv(
        (conv1_1): Conv1d(16, 16, kernel_size=(1,), stride=(1,))
      )
      (3): GELU(approximate='none')
      (4): ArmConv(
        (conv1_1): Conv1d(16, 2, kernel_size=(1,), stride=(1,))
      )
    )
  )
  (conv_mod): LocalGlobalBlock(
    (net): Sequential(
      (0): SynthesisLayer(
        (pad): Identity()
        (conv_layer): SWHDC(
          (conv): Conv2d(2, 3, kernel_size=(3, 3), stride=(1, 1))
        )
        (non_linearity): GELU(approximate='none')
      )
      (1): SynthesisResidualLayer(
        (pad): ReplicationPad2d((0, 0, 0, 0))
        (conv_layer): Conv2d(3, 3, kernel_size=(1, 1), stride=(1, 1))
        (non_linearity): GELU(approximate='none')
      )
      (2): SynthesisResidualLayer(
        (pad): ReplicationPad2d((0, 0, 0, 0))
        (conv_layer): Conv2d(3, 3, kernel_size=(1, 1), stride=(1, 1))
        (non_linearity): GELU(approximate='none')
      )
      (3): SynthesisResidualLayer(
        (pad): ReplicationPad2d((0, 0, 0, 0))
        (conv_layer): Conv2d(3, 3, kernel_size=(1, 1), stride=(1, 1))
        (non_linearity): Identity()
      )
    )
    (global_net): Sequential(
      (0): SynthesisLayer(
        (pad): Identity()
        (conv_layer): SWHDC(
          (conv): Conv2d(2, 3, kernel_size=(3, 3), stride=(1, 1))
        )
        (non_linearity): GELU(approximate='none')
      )
      (1): SynthesisResidualLayer(
        (pad): ReplicationPad2d((0, 0, 0, 0))
        (conv_layer): Conv2d(3, 3, kernel_size=(1, 1), stride=(1, 1))
        (non_linearity): GELU(approximate='none')
      )
      (2): SynthesisResidualLayer(
        (pad): ReplicationPad2d((0, 0, 0, 0))
        (conv_layer): Conv2d(3, 3, kernel_size=(1, 1), stride=(1, 1))
        (non_linearity): GELU(approximate='none')
      )
      (3): SynthesisResidualLayer(
        (pad): ReplicationPad2d((0, 0, 0, 0))
        (conv_layer): Conv2d(3, 3, kernel_size=(1, 1), stride=(1, 1))
        (non_linearity): Identity()
      )
    )
    (agg_func): Sequential(
      (0): SynthesisLayer(
        (pad): ReplicationPad2d((0, 0, 0, 0))
        (conv_layer): Conv2d(18, 3, kernel_size=(1, 1), stride=(1, 1))
        (non_linearity): GELU(approximate='none')
      )
      (1): SynthesisLayer(
        (pad): ReplicationPad2d((0, 0, 0, 0))
        (conv_layer): Conv2d(21, 3, kernel_size=(1, 1), stride=(1, 1))
        (non_linearity): GELU(approximate='none')
      )
      (2): SynthesisLayer(
        (pad): ReplicationPad2d((0, 0, 0, 0))
        (conv_layer): Conv2d(24, 3, kernel_size=(1, 1), stride=(1, 1))
        (non_linearity): GELU(approximate='none')
      )
    )
    (full_net): Sequential(
      (0): SynthesisLayer(
        (pad): ReplicationPad2d((0, 0, 0, 0))
        (conv_layer): Conv2d(7, 12, kernel_size=(1, 1), stride=(1, 1))
        (non_linearity): GELU(approximate='none')
      )
      (1): SynthesisLayer(
        (pad): ReplicationPad2d((0, 0, 0, 0))
        (conv_layer): Conv2d(12, 3, kernel_size=(1, 1), stride=(1, 1))
        (non_linearity): GELU(approximate='none')
      )
      (2): SynthesisResidualLayer(
        (conv_layer): Conv2d(3, 3, kernel_size=(3, 3), stride=(1, 1))
        (non_linearity): GELU(approximate='none')
      )
      (3): SynthesisResidualLayer(
        (conv_layer): Conv2d(3, 3, kernel_size=(3, 3), stride=(1, 1))
        (non_linearity): GELU(approximate='none')
      )
    )
  )
  (modulation_sf): ParameterList(
      (0): Parameter containing: [torch.float32 of size 1x1x8x16 (cuda:0)]
      (1): Parameter containing: [torch.float32 of size 1x1x16x32 (cuda:0)]
      (2): Parameter containing: [torch.float32 of size 1x1x32x64 (cuda:0)]
      (3): Parameter containing: [torch.float32 of size 1x1x64x128 (cuda:0)]
      (4): Parameter containing: [torch.float32 of size 1x1x128x256 (cuda:0)]
      (5): Parameter containing: [torch.float32 of size 1x1x256x512 (cuda:0)]
      (6): Parameter containing: [torch.float32 of size 1x1x512x1024 (cuda:0)]
  )
)
train the 15 -th image
start temperature: 0.3 noise parameter: 2.0
end temperature: 0.1 noise parameter: 1.0
********************Start from stage I
********************going into stage II
eval_object_psnr: 50.37311295088677
eval_background_psnr: 44.42522998699426
eval_background_psnr: 44.42522998699426
********************Evaluation the Image 15-th, after Step 999, BEST PSNR: 43.428994, Print rate 3.072773. *************************
Saved model at ./saved/modbase_7/context_16_arm_mod_16/sparity_0.0/inr_mod_16KODAK_ROI_Global_new_struture_7_12_3_33_orderconcat_operator_0_pw_0.0008_img_object15.pth
Trained the image with PSNR: 43.4289936820812  latent bits 3.07277250289917 latent bits number 1611017.75
[41.920899139908016, 42.05683185552155, 41.50299909273441, 41.60628089794445, 42.17414706595992, 42.56714739305277, 42.061732015194174, 42.47853325009182, 43.291657174328414, 44.00718670105075, 42.420725550901146, 43.50626687274438, 43.94346159961426, 43.804619731103145, 43.806970053789634, 43.4289936820812]
[3.860734462738037, 3.9179346561431885, 3.8916611671447754, 4.141820907592773, 3.952106475830078, 3.9450013637542725, 3.441128730773926, 3.4642279148101807, 3.503342628479004, 3.6226956844329834, 3.5598440170288086, 3.648066282272339, 3.3159713745117188, 3.236926555633545, 3.2604727745056152, 3.07277250289917]
[2024136.75, 2054126.125, 2040351.25, 2171507.0, 2072042.0, 2068316.875, 1804142.5, 1816253.125, 1836760.5, 1899335.875, 1866383.5, 1912637.375, 1738524.0, 1697081.75, 1709426.75, 1611017.75]
load the model: ./saved/modbase_7/context_16_arm_mod_16/sparity_0.0/inr_mod_16KODAK_ROI_Global_new_struture_7_12_3_33_orderconcat_operator_0_pw_0.0008_img_object15.pth for the  15 -th image
********************Evalutation with quantization
********************Starting quantizing models
eval_object_psnr: 50.335403779295824
full_image_psnr: 43.35420663611793
object_psnr: 50.335403779295824
background_psnr: 44.33588196953576
********************Evaluation the Image 15-th, BEST PSNR: 43.354207, Print rate 3.074776, Network rate 0.022739. *************************
eval_wsssim: 0.996270
Decoded image saved to ./experiments/vcip_combined_loss/decoded_images/othim16_maskerp_wsmse0_swhdc1_erp1_lambda0.0008.png
Evaluate the image: PSNR: 43.35420663611793 All bits: 3.097515106201172  latent bits: 3.0747756958007812  network bits: 0.022739410400390625
Evaluate arm network bits: 0.0095367431640625 Evaluate synthesis network bits: 0.012235641479492188
Image All bits num: 1623990.0 latent bits num: 1612068.0 mlp bits num: 11922.0 border bits num:
arm bits num: 5000.0 synthesis bits num: 6415.0
[41.75362833362292, 41.908941628931814, 41.44715671041414, 41.60395319935239, 42.15504734650576, 42.466517631298544, 42.013444309835116, 42.470972957931984, 43.20027007421521, 44.00814867813279, 42.3773295858797, 43.49611811347902, 43.91093102804894, 43.67989207692046, 43.713127186006, 43.35420663611793]
[3.8865792751312256, 3.94187331199646, 3.9172120094299316, 4.1665568351745605, 3.9791696071624756, 3.970857620239258, 3.4666104316711426, 3.490701675415039, 3.527003765106201, 3.64764404296875, 3.585512161254883, 3.6755051612854004, 3.3409361839294434, 3.2608299255371094, 3.2849817276000977, 3.097515106201172]
[2037686.875, 2066676.875, 2053747.25, 2184475.75, 2086230.875, 2081873.0, 1817502.25, 1830133.0, 1849165.75, 1912416.0, 1879841.0, 1927023.25, 1751612.75, 1709614.0, 1722276.5, 1623990.0]
Metrics saved to ./experiments/vcip_combined_loss/results.csv
Current eval Ave PSNR: 42.722480343543296 Ave Bits 3.639968052506447
Namespace(batch_size=1, lr=0.01, data='../data', sparsity=0.0, local_upsampling_kernel_size=8, upsampling_kernel_size=8, static_upsampling_kernel=False, latent_factor=1, mod_base=7, highest_flag=1, context_arm=16, dim_arm_mod=16, use_candidate=True, type='other', mod_hid_layer=0, sythesis_features=12, hidden_features=64, hidden_layer=2, scale=1, lambda_rate=0.0008, lambda_rate_list=[0.0006, 0.0008], start_index=0, mask_type='erp', wsmse_tag=0, swhdc_tag=1, swhdc_dilations=[1, 2, 3, 4], erp_padding=1, workdir='./experiments/vcip_combined_loss', train_steps_1=5000, train_steps_2=1000, loss_type='combined', lambda_dist=0.0023437500000000003, lambda_percep=1.0, patch_h=512, patch_w=1024, all_pix_num=524288, eval_pix_num=524288)
Directory './saved/modbase_7/context_16_arm_mod_16' already exists.
Directory './saved/modbase_7/context_16_arm_mod_16/sparity_0.0' already exists.
top %: 0.0

🔁 Stage-1 Training Candidate 1/7
Quantizer parameter: encoding gain  16
total pixel: 524288
Get Mod with shape torch.Size([1, 1, 8, 16]) at layer: 1
Get Mod with shape torch.Size([1, 1, 16, 32]) at layer: 2
Get Mod with shape torch.Size([1, 1, 32, 64]) at layer: 3
Get Mod with shape torch.Size([1, 1, 64, 128]) at layer: 4
Get Mod with shape torch.Size([1, 1, 128, 256]) at layer: 5
Get Mod with shape torch.Size([1, 1, 256, 512]) at layer: 6
Get Mod with shape torch.Size([1, 1, 512, 1024]) at layer: 7
start temperature: 0.3 noise parameter: 2.0
end temperature: 0.3 noise parameter: 2.0
********************Start from stage I
Step 400, BEST PSNR: 35.046792, Total loss 0.014032 with its rate 2.556061267852783 latent_bits 1340112.25

🔁 Stage-1 Training Candidate 2/7
Quantizer parameter: encoding gain  16
total pixel: 524288
Get Mod with shape torch.Size([1, 1, 8, 16]) at layer: 1
Get Mod with shape torch.Size([1, 1, 16, 32]) at layer: 2
Get Mod with shape torch.Size([1, 1, 32, 64]) at layer: 3
Get Mod with shape torch.Size([1, 1, 64, 128]) at layer: 4
Get Mod with shape torch.Size([1, 1, 128, 256]) at layer: 5
Get Mod with shape torch.Size([1, 1, 256, 512]) at layer: 6
Get Mod with shape torch.Size([1, 1, 512, 1024]) at layer: 7
start temperature: 0.3 noise parameter: 2.0
end temperature: 0.3 noise parameter: 2.0
********************Start from stage I
Step 400, BEST PSNR: 35.037325, Total loss 0.014659 with its rate 2.5058786869049072 latent_bits 1313802.125

🔁 Stage-1 Training Candidate 3/7
Quantizer parameter: encoding gain  16
total pixel: 524288
Get Mod with shape torch.Size([1, 1, 8, 16]) at layer: 1
Get Mod with shape torch.Size([1, 1, 16, 32]) at layer: 2
Get Mod with shape torch.Size([1, 1, 32, 64]) at layer: 3
Get Mod with shape torch.Size([1, 1, 64, 128]) at layer: 4
Get Mod with shape torch.Size([1, 1, 128, 256]) at layer: 5
Get Mod with shape torch.Size([1, 1, 256, 512]) at layer: 6
Get Mod with shape torch.Size([1, 1, 512, 1024]) at layer: 7
start temperature: 0.3 noise parameter: 2.0
end temperature: 0.3 noise parameter: 2.0
********************Start from stage I
Step 400, BEST PSNR: 36.327670, Total loss 0.013273 with its rate 2.4404404163360596 latent_bits 1279493.625

🔁 Stage-1 Training Candidate 4/7
Quantizer parameter: encoding gain  16
total pixel: 524288
Get Mod with shape torch.Size([1, 1, 8, 16]) at layer: 1
Get Mod with shape torch.Size([1, 1, 16, 32]) at layer: 2
Get Mod with shape torch.Size([1, 1, 32, 64]) at layer: 3
Get Mod with shape torch.Size([1, 1, 64, 128]) at layer: 4
Get Mod with shape torch.Size([1, 1, 128, 256]) at layer: 5
Get Mod with shape torch.Size([1, 1, 256, 512]) at layer: 6
Get Mod with shape torch.Size([1, 1, 512, 1024]) at layer: 7
start temperature: 0.3 noise parameter: 2.0
end temperature: 0.3 noise parameter: 2.0
********************Start from stage I
Step 400, BEST PSNR: 36.096914, Total loss 0.013766 with its rate 2.5626769065856934 latent_bits 1343580.75

🔁 Stage-1 Training Candidate 5/7
Quantizer parameter: encoding gain  16
total pixel: 524288
Get Mod with shape torch.Size([1, 1, 8, 16]) at layer: 1
Get Mod with shape torch.Size([1, 1, 16, 32]) at layer: 2
Get Mod with shape torch.Size([1, 1, 32, 64]) at layer: 3
Get Mod with shape torch.Size([1, 1, 64, 128]) at layer: 4
Get Mod with shape torch.Size([1, 1, 128, 256]) at layer: 5
Get Mod with shape torch.Size([1, 1, 256, 512]) at layer: 6
Get Mod with shape torch.Size([1, 1, 512, 1024]) at layer: 7
start temperature: 0.3 noise parameter: 2.0
end temperature: 0.3 noise parameter: 2.0
********************Start from stage I
Step 400, BEST PSNR: 34.030412, Total loss 0.014132 with its rate 2.598430633544922 latent_bits 1362326.0

🔁 Stage-1 Training Candidate 6/7
Quantizer parameter: encoding gain  16
total pixel: 524288
Get Mod with shape torch.Size([1, 1, 8, 16]) at layer: 1
Get Mod with shape torch.Size([1, 1, 16, 32]) at layer: 2
Get Mod with shape torch.Size([1, 1, 32, 64]) at layer: 3
Get Mod with shape torch.Size([1, 1, 64, 128]) at layer: 4
Get Mod with shape torch.Size([1, 1, 128, 256]) at layer: 5
Get Mod with shape torch.Size([1, 1, 256, 512]) at layer: 6
Get Mod with shape torch.Size([1, 1, 512, 1024]) at layer: 7
start temperature: 0.3 noise parameter: 2.0
end temperature: 0.3 noise parameter: 2.0
********************Start from stage I
Step 400, BEST PSNR: 36.330901, Total loss 0.012249 with its rate 2.448025941848755 latent_bits 1283470.625

🔁 Stage-1 Training Candidate 7/7
Quantizer parameter: encoding gain  16
total pixel: 524288
Get Mod with shape torch.Size([1, 1, 8, 16]) at layer: 1
Get Mod with shape torch.Size([1, 1, 16, 32]) at layer: 2
Get Mod with shape torch.Size([1, 1, 32, 64]) at layer: 3
Get Mod with shape torch.Size([1, 1, 64, 128]) at layer: 4
Get Mod with shape torch.Size([1, 1, 128, 256]) at layer: 5
Get Mod with shape torch.Size([1, 1, 256, 512]) at layer: 6
Get Mod with shape torch.Size([1, 1, 512, 1024]) at layer: 7
start temperature: 0.3 noise parameter: 2.0
end temperature: 0.3 noise parameter: 2.0
********************Start from stage I
Step 400, BEST PSNR: 35.891928, Total loss 0.012732 with its rate 2.484179973602295 latent_bits 1302425.75

🌟 Selected Top-3 Candidates by RD cost

🎯 Stage-2 Refining Candidate 1/3
start temperature: 0.3 noise parameter: 2.0
end temperature: 0.3 noise parameter: 2.0
********************Start from stage I
Step 400, BEST PSNR: 38.718796, Total loss 0.008564 with its rate 2.7933361530303955 latent_bits 1464512.625

🎯 Stage-2 Refining Candidate 2/3
start temperature: 0.3 noise parameter: 2.0
end temperature: 0.3 noise parameter: 2.0
********************Start from stage I
Step 400, BEST PSNR: 38.975810, Total loss 0.008523 with its rate 2.8236212730407715 latent_bits 1480390.75

🎯 Stage-2 Refining Candidate 3/3
start temperature: 0.3 noise parameter: 2.0
end temperature: 0.3 noise parameter: 2.0
********************Start from stage I
Step 400, BEST PSNR: 39.251056, Total loss 0.008423 with its rate 2.8983688354492188 latent_bits 1519580.0

🏆 Best Candidate Final PSNR: 39.25, Rate: 2.8984
Masked_INR(
  (upsampling_2d): Upsampling(
    (conv_transpose2d): UpsamplingConvTranspose2d()
  )
  (arm): Arm(
    (mlp): Sequential(
      (0): ArmConv(
        (conv1_1): Conv1d(16, 16, kernel_size=(1,), stride=(1,))
      )
      (1): GELU(approximate='none')
      (2): ArmConv(
        (conv1_1): Conv1d(16, 16, kernel_size=(1,), stride=(1,))
      )
      (3): GELU(approximate='none')
      (4): ArmConv(
        (conv1_1): Conv1d(16, 2, kernel_size=(1,), stride=(1,))
      )
    )
  )
  (conv_mod): LocalGlobalBlock(
    (net): Sequential(
      (0): SynthesisLayer(
        (pad): Identity()
        (conv_layer): SWHDC(
          (conv): Conv2d(2, 3, kernel_size=(3, 3), stride=(1, 1))
        )
        (non_linearity): GELU(approximate='none')
      )
      (1): SynthesisResidualLayer(
        (pad): ReplicationPad2d((0, 0, 0, 0))
        (conv_layer): Conv2d(3, 3, kernel_size=(1, 1), stride=(1, 1))
        (non_linearity): GELU(approximate='none')
      )
      (2): SynthesisResidualLayer(
        (pad): ReplicationPad2d((0, 0, 0, 0))
        (conv_layer): Conv2d(3, 3, kernel_size=(1, 1), stride=(1, 1))
        (non_linearity): GELU(approximate='none')
      )
      (3): SynthesisResidualLayer(
        (pad): ReplicationPad2d((0, 0, 0, 0))
        (conv_layer): Conv2d(3, 3, kernel_size=(1, 1), stride=(1, 1))
        (non_linearity): Identity()
      )
    )
    (global_net): Sequential(
      (0): SynthesisLayer(
        (pad): Identity()
        (conv_layer): SWHDC(
          (conv): Conv2d(2, 3, kernel_size=(3, 3), stride=(1, 1))
        )
        (non_linearity): GELU(approximate='none')
      )
      (1): SynthesisResidualLayer(
        (pad): ReplicationPad2d((0, 0, 0, 0))
        (conv_layer): Conv2d(3, 3, kernel_size=(1, 1), stride=(1, 1))
        (non_linearity): GELU(approximate='none')
      )
      (2): SynthesisResidualLayer(
        (pad): ReplicationPad2d((0, 0, 0, 0))
        (conv_layer): Conv2d(3, 3, kernel_size=(1, 1), stride=(1, 1))
        (non_linearity): GELU(approximate='none')
      )
      (3): SynthesisResidualLayer(
        (pad): ReplicationPad2d((0, 0, 0, 0))
        (conv_layer): Conv2d(3, 3, kernel_size=(1, 1), stride=(1, 1))
        (non_linearity): Identity()
      )
    )
    (agg_func): Sequential(
      (0): SynthesisLayer(
        (pad): ReplicationPad2d((0, 0, 0, 0))
        (conv_layer): Conv2d(18, 3, kernel_size=(1, 1), stride=(1, 1))
        (non_linearity): GELU(approximate='none')
      )
      (1): SynthesisLayer(
        (pad): ReplicationPad2d((0, 0, 0, 0))
        (conv_layer): Conv2d(21, 3, kernel_size=(1, 1), stride=(1, 1))
        (non_linearity): GELU(approximate='none')
      )
      (2): SynthesisLayer(
        (pad): ReplicationPad2d((0, 0, 0, 0))
        (conv_layer): Conv2d(24, 3, kernel_size=(1, 1), stride=(1, 1))
        (non_linearity): GELU(approximate='none')
      )
    )
    (full_net): Sequential(
      (0): SynthesisLayer(
        (pad): ReplicationPad2d((0, 0, 0, 0))
        (conv_layer): Conv2d(7, 12, kernel_size=(1, 1), stride=(1, 1))
        (non_linearity): GELU(approximate='none')
      )
      (1): SynthesisLayer(
        (pad): ReplicationPad2d((0, 0, 0, 0))
        (conv_layer): Conv2d(12, 3, kernel_size=(1, 1), stride=(1, 1))
        (non_linearity): GELU(approximate='none')
      )
      (2): SynthesisResidualLayer(
        (conv_layer): Conv2d(3, 3, kernel_size=(3, 3), stride=(1, 1))
        (non_linearity): GELU(approximate='none')
      )
      (3): SynthesisResidualLayer(
        (conv_layer): Conv2d(3, 3, kernel_size=(3, 3), stride=(1, 1))
        (non_linearity): GELU(approximate='none')
      )
    )
  )
  (modulation_sf): ParameterList(
      (0): Parameter containing: [torch.float32 of size 1x1x8x16 (cuda:0)]
      (1): Parameter containing: [torch.float32 of size 1x1x16x32 (cuda:0)]
      (2): Parameter containing: [torch.float32 of size 1x1x32x64 (cuda:0)]
      (3): Parameter containing: [torch.float32 of size 1x1x64x128 (cuda:0)]
      (4): Parameter containing: [torch.float32 of size 1x1x128x256 (cuda:0)]
      (5): Parameter containing: [torch.float32 of size 1x1x256x512 (cuda:0)]
      (6): Parameter containing: [torch.float32 of size 1x1x512x1024 (cuda:0)]
  )
)
train the 16 -th image
start temperature: 0.3 noise parameter: 2.0
end temperature: 0.1 noise parameter: 1.0
********************Start from stage I
********************going into stage II
eval_object_psnr: 50.950946335176674
eval_background_psnr: 45.206574644187924
eval_background_psnr: 45.206574644187924
********************Evaluation the Image 16-th, after Step 999, BEST PSNR: 44.132308, Print rate 3.126482. *************************
Saved model at ./saved/modbase_7/context_16_arm_mod_16/sparity_0.0/inr_mod_16KODAK_ROI_Global_new_struture_7_12_3_33_orderconcat_operator_0_pw_0.0008_img_object16.pth
Trained the image with PSNR: 44.13230772312718  latent bits 3.1264820098876953 latent bits number 1639177.0
[41.920899139908016, 42.05683185552155, 41.50299909273441, 41.60628089794445, 42.17414706595992, 42.56714739305277, 42.061732015194174, 42.47853325009182, 43.291657174328414, 44.00718670105075, 42.420725550901146, 43.50626687274438, 43.94346159961426, 43.804619731103145, 43.806970053789634, 43.4289936820812, 44.13230772312718]
[3.860734462738037, 3.9179346561431885, 3.8916611671447754, 4.141820907592773, 3.952106475830078, 3.9450013637542725, 3.441128730773926, 3.4642279148101807, 3.503342628479004, 3.6226956844329834, 3.5598440170288086, 3.648066282272339, 3.3159713745117188, 3.236926555633545, 3.2604727745056152, 3.07277250289917, 3.1264820098876953]
[2024136.75, 2054126.125, 2040351.25, 2171507.0, 2072042.0, 2068316.875, 1804142.5, 1816253.125, 1836760.5, 1899335.875, 1866383.5, 1912637.375, 1738524.0, 1697081.75, 1709426.75, 1611017.75, 1639177.0]
load the model: ./saved/modbase_7/context_16_arm_mod_16/sparity_0.0/inr_mod_16KODAK_ROI_Global_new_struture_7_12_3_33_orderconcat_operator_0_pw_0.0008_img_object16.pth for the  16 -th image
********************Evalutation with quantization
********************Starting quantizing models
eval_object_psnr: 50.686117988164575
full_image_psnr: 43.99393335616986
object_psnr: 50.686117988164575
background_psnr: 45.09780285667714
********************Evaluation the Image 16-th, BEST PSNR: 43.993933, Print rate 3.127591, Network rate 0.022732. *************************
eval_wsssim: 0.996466
Decoded image saved to ./experiments/vcip_combined_loss/decoded_images/othim17_maskerp_wsmse0_swhdc1_erp1_lambda0.0008.png
Evaluate the image: PSNR: 43.99393335616986 All bits: 3.150322437286377  latent bits: 3.1275906562805176  network bits: 0.022731781005859375
Evaluate arm network bits: 0.009588241577148438 Evaluate synthesis network bits: 0.012308120727539062
Image All bits num: 1651676.25 latent bits num: 1639758.25 mlp bits num: 11918.0 border bits num:
arm bits num: 5027.0 synthesis bits num: 6453.0
[41.75362833362292, 41.908941628931814, 41.44715671041414, 41.60395319935239, 42.15504734650576, 42.466517631298544, 42.013444309835116, 42.470972957931984, 43.20027007421521, 44.00814867813279, 42.3773295858797, 43.49611811347902, 43.91093102804894, 43.67989207692046, 43.713127186006, 43.35420663611793, 43.99393335616986]
[3.8865792751312256, 3.94187331199646, 3.9172120094299316, 4.1665568351745605, 3.9791696071624756, 3.970857620239258, 3.4666104316711426, 3.490701675415039, 3.527003765106201, 3.64764404296875, 3.585512161254883, 3.6755051612854004, 3.3409361839294434, 3.2608299255371094, 3.2849817276000977, 3.097515106201172, 3.150322437286377]
[2037686.875, 2066676.875, 2053747.25, 2184475.75, 2086230.875, 2081873.0, 1817502.25, 1830133.0, 1849165.75, 1912416.0, 1879841.0, 1927023.25, 1751612.75, 1709614.0, 1722276.5, 1623990.0, 1651676.25]
Metrics saved to ./experiments/vcip_combined_loss/results.csv
Current eval Ave PSNR: 42.79727169722722 Ave Bits 3.6111653692582073
Namespace(batch_size=1, lr=0.01, data='../data', sparsity=0.0, local_upsampling_kernel_size=8, upsampling_kernel_size=8, static_upsampling_kernel=False, latent_factor=1, mod_base=7, highest_flag=1, context_arm=16, dim_arm_mod=16, use_candidate=True, type='other', mod_hid_layer=0, sythesis_features=12, hidden_features=64, hidden_layer=2, scale=1, lambda_rate=0.0008, lambda_rate_list=[0.0006, 0.0008], start_index=0, mask_type='erp', wsmse_tag=0, swhdc_tag=1, swhdc_dilations=[1, 2, 3, 4], erp_padding=1, workdir='./experiments/vcip_combined_loss', train_steps_1=5000, train_steps_2=1000, loss_type='combined', lambda_dist=0.0023437500000000003, lambda_percep=1.0, patch_h=512, patch_w=1024, all_pix_num=524288, eval_pix_num=524288)
Directory './saved/modbase_7/context_16_arm_mod_16' already exists.
Directory './saved/modbase_7/context_16_arm_mod_16/sparity_0.0' already exists.
top %: 0.0

🔁 Stage-1 Training Candidate 1/7
Quantizer parameter: encoding gain  16
total pixel: 524288
Get Mod with shape torch.Size([1, 1, 8, 16]) at layer: 1
Get Mod with shape torch.Size([1, 1, 16, 32]) at layer: 2
Get Mod with shape torch.Size([1, 1, 32, 64]) at layer: 3
Get Mod with shape torch.Size([1, 1, 64, 128]) at layer: 4
Get Mod with shape torch.Size([1, 1, 128, 256]) at layer: 5
Get Mod with shape torch.Size([1, 1, 256, 512]) at layer: 6
Get Mod with shape torch.Size([1, 1, 512, 1024]) at layer: 7
start temperature: 0.3 noise parameter: 2.0
end temperature: 0.3 noise parameter: 2.0
********************Start from stage I
Step 400, BEST PSNR: 36.419789, Total loss 0.012880 with its rate 2.4952969551086426 latent_bits 1308254.25

🔁 Stage-1 Training Candidate 2/7
Quantizer parameter: encoding gain  16
total pixel: 524288
Get Mod with shape torch.Size([1, 1, 8, 16]) at layer: 1
Get Mod with shape torch.Size([1, 1, 16, 32]) at layer: 2
Get Mod with shape torch.Size([1, 1, 32, 64]) at layer: 3
Get Mod with shape torch.Size([1, 1, 64, 128]) at layer: 4
Get Mod with shape torch.Size([1, 1, 128, 256]) at layer: 5
Get Mod with shape torch.Size([1, 1, 256, 512]) at layer: 6
Get Mod with shape torch.Size([1, 1, 512, 1024]) at layer: 7
start temperature: 0.3 noise parameter: 2.0
end temperature: 0.3 noise parameter: 2.0
********************Start from stage I
Step 400, BEST PSNR: 36.017942, Total loss 0.013844 with its rate 2.499342203140259 latent_bits 1310375.125

🔁 Stage-1 Training Candidate 3/7
Quantizer parameter: encoding gain  16
total pixel: 524288
Get Mod with shape torch.Size([1, 1, 8, 16]) at layer: 1
Get Mod with shape torch.Size([1, 1, 16, 32]) at layer: 2
Get Mod with shape torch.Size([1, 1, 32, 64]) at layer: 3
Get Mod with shape torch.Size([1, 1, 64, 128]) at layer: 4
Get Mod with shape torch.Size([1, 1, 128, 256]) at layer: 5
Get Mod with shape torch.Size([1, 1, 256, 512]) at layer: 6
Get Mod with shape torch.Size([1, 1, 512, 1024]) at layer: 7
start temperature: 0.3 noise parameter: 2.0
end temperature: 0.3 noise parameter: 2.0
********************Start from stage I
Step 400, BEST PSNR: 35.992744, Total loss 0.013772 with its rate 2.381150007247925 latent_bits 1248408.375

🔁 Stage-1 Training Candidate 4/7
Quantizer parameter: encoding gain  16
total pixel: 524288
Get Mod with shape torch.Size([1, 1, 8, 16]) at layer: 1
Get Mod with shape torch.Size([1, 1, 16, 32]) at layer: 2
Get Mod with shape torch.Size([1, 1, 32, 64]) at layer: 3
Get Mod with shape torch.Size([1, 1, 64, 128]) at layer: 4
Get Mod with shape torch.Size([1, 1, 128, 256]) at layer: 5
Get Mod with shape torch.Size([1, 1, 256, 512]) at layer: 6
Get Mod with shape torch.Size([1, 1, 512, 1024]) at layer: 7
start temperature: 0.3 noise parameter: 2.0
end temperature: 0.3 noise parameter: 2.0
********************Start from stage I
Step 400, BEST PSNR: 33.355416, Total loss 0.012742 with its rate 2.650571823120117 latent_bits 1389663.0

🔁 Stage-1 Training Candidate 5/7
Quantizer parameter: encoding gain  16
total pixel: 524288
Get Mod with shape torch.Size([1, 1, 8, 16]) at layer: 1
Get Mod with shape torch.Size([1, 1, 16, 32]) at layer: 2
Get Mod with shape torch.Size([1, 1, 32, 64]) at layer: 3
Get Mod with shape torch.Size([1, 1, 64, 128]) at layer: 4
Get Mod with shape torch.Size([1, 1, 128, 256]) at layer: 5
Get Mod with shape torch.Size([1, 1, 256, 512]) at layer: 6
Get Mod with shape torch.Size([1, 1, 512, 1024]) at layer: 7
start temperature: 0.3 noise parameter: 2.0
end temperature: 0.3 noise parameter: 2.0
********************Start from stage I
Step 400, BEST PSNR: 36.209990, Total loss 0.013153 with its rate 2.541769504547119 latent_bits 1332619.25

🔁 Stage-1 Training Candidate 6/7
Quantizer parameter: encoding gain  16
total pixel: 524288
Get Mod with shape torch.Size([1, 1, 8, 16]) at layer: 1
Get Mod with shape torch.Size([1, 1, 16, 32]) at layer: 2
Get Mod with shape torch.Size([1, 1, 32, 64]) at layer: 3
Get Mod with shape torch.Size([1, 1, 64, 128]) at layer: 4
Get Mod with shape torch.Size([1, 1, 128, 256]) at layer: 5
Get Mod with shape torch.Size([1, 1, 256, 512]) at layer: 6
Get Mod with shape torch.Size([1, 1, 512, 1024]) at layer: 7
start temperature: 0.3 noise parameter: 2.0
end temperature: 0.3 noise parameter: 2.0
********************Start from stage I
Step 400, BEST PSNR: 34.187157, Total loss 0.014407 with its rate 2.559475898742676 latent_bits 1341902.5

🔁 Stage-1 Training Candidate 7/7
Quantizer parameter: encoding gain  16
total pixel: 524288
Get Mod with shape torch.Size([1, 1, 8, 16]) at layer: 1
Get Mod with shape torch.Size([1, 1, 16, 32]) at layer: 2
Get Mod with shape torch.Size([1, 1, 32, 64]) at layer: 3
Get Mod with shape torch.Size([1, 1, 64, 128]) at layer: 4
Get Mod with shape torch.Size([1, 1, 128, 256]) at layer: 5
Get Mod with shape torch.Size([1, 1, 256, 512]) at layer: 6
Get Mod with shape torch.Size([1, 1, 512, 1024]) at layer: 7
start temperature: 0.3 noise parameter: 2.0
end temperature: 0.3 noise parameter: 2.0
********************Start from stage I
Step 400, BEST PSNR: 36.805986, Total loss 0.012483 with its rate 2.640615463256836 latent_bits 1384443.0

🌟 Selected Top-3 Candidates by RD cost

🎯 Stage-2 Refining Candidate 1/3
start temperature: 0.3 noise parameter: 2.0
end temperature: 0.3 noise parameter: 2.0
********************Start from stage I
Step 400, BEST PSNR: 38.297689, Total loss 0.009879 with its rate 2.9272000789642334 latent_bits 1534695.875

🎯 Stage-2 Refining Candidate 2/3
start temperature: 0.3 noise parameter: 2.0
end temperature: 0.3 noise parameter: 2.0
********************Start from stage I
Step 400, BEST PSNR: 39.929884, Total loss 0.007730 with its rate 2.811253070831299 latent_bits 1473906.25

🎯 Stage-2 Refining Candidate 3/3
start temperature: 0.3 noise parameter: 2.0
end temperature: 0.3 noise parameter: 2.0
********************Start from stage I
Step 400, BEST PSNR: 39.920457, Total loss 0.008537 with its rate 2.822643995285034 latent_bits 1479878.375

🏆 Best Candidate Final PSNR: 39.93, Rate: 2.8113
Masked_INR(
  (upsampling_2d): Upsampling(
    (conv_transpose2d): UpsamplingConvTranspose2d()
  )
  (arm): Arm(
    (mlp): Sequential(
      (0): ArmConv(
        (conv1_1): Conv1d(16, 16, kernel_size=(1,), stride=(1,))
      )
      (1): GELU(approximate='none')
      (2): ArmConv(
        (conv1_1): Conv1d(16, 16, kernel_size=(1,), stride=(1,))
      )
      (3): GELU(approximate='none')
      (4): ArmConv(
        (conv1_1): Conv1d(16, 2, kernel_size=(1,), stride=(1,))
      )
    )
  )
  (conv_mod): LocalGlobalBlock(
    (net): Sequential(
      (0): SynthesisLayer(
        (pad): Identity()
        (conv_layer): SWHDC(
          (conv): Conv2d(2, 3, kernel_size=(3, 3), stride=(1, 1))
        )
        (non_linearity): GELU(approximate='none')
      )
      (1): SynthesisResidualLayer(
        (pad): ReplicationPad2d((0, 0, 0, 0))
        (conv_layer): Conv2d(3, 3, kernel_size=(1, 1), stride=(1, 1))
        (non_linearity): GELU(approximate='none')
      )
      (2): SynthesisResidualLayer(
        (pad): ReplicationPad2d((0, 0, 0, 0))
        (conv_layer): Conv2d(3, 3, kernel_size=(1, 1), stride=(1, 1))
        (non_linearity): GELU(approximate='none')
      )
      (3): SynthesisResidualLayer(
        (pad): ReplicationPad2d((0, 0, 0, 0))
        (conv_layer): Conv2d(3, 3, kernel_size=(1, 1), stride=(1, 1))
        (non_linearity): Identity()
      )
    )
    (global_net): Sequential(
      (0): SynthesisLayer(
        (pad): Identity()
        (conv_layer): SWHDC(
          (conv): Conv2d(2, 3, kernel_size=(3, 3), stride=(1, 1))
        )
        (non_linearity): GELU(approximate='none')
      )
      (1): SynthesisResidualLayer(
        (pad): ReplicationPad2d((0, 0, 0, 0))
        (conv_layer): Conv2d(3, 3, kernel_size=(1, 1), stride=(1, 1))
        (non_linearity): GELU(approximate='none')
      )
      (2): SynthesisResidualLayer(
        (pad): ReplicationPad2d((0, 0, 0, 0))
        (conv_layer): Conv2d(3, 3, kernel_size=(1, 1), stride=(1, 1))
        (non_linearity): GELU(approximate='none')
      )
      (3): SynthesisResidualLayer(
        (pad): ReplicationPad2d((0, 0, 0, 0))
        (conv_layer): Conv2d(3, 3, kernel_size=(1, 1), stride=(1, 1))
        (non_linearity): Identity()
      )
    )
    (agg_func): Sequential(
      (0): SynthesisLayer(
        (pad): ReplicationPad2d((0, 0, 0, 0))
        (conv_layer): Conv2d(18, 3, kernel_size=(1, 1), stride=(1, 1))
        (non_linearity): GELU(approximate='none')
      )
      (1): SynthesisLayer(
        (pad): ReplicationPad2d((0, 0, 0, 0))
        (conv_layer): Conv2d(21, 3, kernel_size=(1, 1), stride=(1, 1))
        (non_linearity): GELU(approximate='none')
      )
      (2): SynthesisLayer(
        (pad): ReplicationPad2d((0, 0, 0, 0))
        (conv_layer): Conv2d(24, 3, kernel_size=(1, 1), stride=(1, 1))
        (non_linearity): GELU(approximate='none')
      )
    )
    (full_net): Sequential(
      (0): SynthesisLayer(
        (pad): ReplicationPad2d((0, 0, 0, 0))
        (conv_layer): Conv2d(7, 12, kernel_size=(1, 1), stride=(1, 1))
        (non_linearity): GELU(approximate='none')
      )
      (1): SynthesisLayer(
        (pad): ReplicationPad2d((0, 0, 0, 0))
        (conv_layer): Conv2d(12, 3, kernel_size=(1, 1), stride=(1, 1))
        (non_linearity): GELU(approximate='none')
      )
      (2): SynthesisResidualLayer(
        (conv_layer): Conv2d(3, 3, kernel_size=(3, 3), stride=(1, 1))
        (non_linearity): GELU(approximate='none')
      )
      (3): SynthesisResidualLayer(
        (conv_layer): Conv2d(3, 3, kernel_size=(3, 3), stride=(1, 1))
        (non_linearity): GELU(approximate='none')
      )
    )
  )
  (modulation_sf): ParameterList(
      (0): Parameter containing: [torch.float32 of size 1x1x8x16 (cuda:0)]
      (1): Parameter containing: [torch.float32 of size 1x1x16x32 (cuda:0)]
      (2): Parameter containing: [torch.float32 of size 1x1x32x64 (cuda:0)]
      (3): Parameter containing: [torch.float32 of size 1x1x64x128 (cuda:0)]
      (4): Parameter containing: [torch.float32 of size 1x1x128x256 (cuda:0)]
      (5): Parameter containing: [torch.float32 of size 1x1x256x512 (cuda:0)]
      (6): Parameter containing: [torch.float32 of size 1x1x512x1024 (cuda:0)]
  )
)
train the 17 -th image
start temperature: 0.3 noise parameter: 2.0
end temperature: 0.1 noise parameter: 1.0
********************Start from stage I
********************going into stage II
eval_object_psnr: 51.34851944328022
eval_background_psnr: 45.716649405706335
eval_background_psnr: 45.716649405706335
********************Evaluation the Image 17-th, after Step 999, BEST PSNR: 44.662240, Print rate 3.038137. *************************
Saved model at ./saved/modbase_7/context_16_arm_mod_16/sparity_0.0/inr_mod_16KODAK_ROI_Global_new_struture_7_12_3_33_orderconcat_operator_0_pw_0.0008_img_object17.pth
Trained the image with PSNR: 44.66223982878339  latent bits 3.038137197494507 latent bits number 1592858.875
[41.920899139908016, 42.05683185552155, 41.50299909273441, 41.60628089794445, 42.17414706595992, 42.56714739305277, 42.061732015194174, 42.47853325009182, 43.291657174328414, 44.00718670105075, 42.420725550901146, 43.50626687274438, 43.94346159961426, 43.804619731103145, 43.806970053789634, 43.4289936820812, 44.13230772312718, 44.66223982878339]
[3.860734462738037, 3.9179346561431885, 3.8916611671447754, 4.141820907592773, 3.952106475830078, 3.9450013637542725, 3.441128730773926, 3.4642279148101807, 3.503342628479004, 3.6226956844329834, 3.5598440170288086, 3.648066282272339, 3.3159713745117188, 3.236926555633545, 3.2604727745056152, 3.07277250289917, 3.1264820098876953, 3.038137197494507]
[2024136.75, 2054126.125, 2040351.25, 2171507.0, 2072042.0, 2068316.875, 1804142.5, 1816253.125, 1836760.5, 1899335.875, 1866383.5, 1912637.375, 1738524.0, 1697081.75, 1709426.75, 1611017.75, 1639177.0, 1592858.875]
load the model: ./saved/modbase_7/context_16_arm_mod_16/sparity_0.0/inr_mod_16KODAK_ROI_Global_new_struture_7_12_3_33_orderconcat_operator_0_pw_0.0008_img_object17.pth for the  17 -th image
********************Evalutation with quantization
********************Starting quantizing models
eval_object_psnr: 51.12272050295846
full_image_psnr: 44.50014803668066
object_psnr: 51.12272050295846
background_psnr: 45.57004886418264
********************Evaluation the Image 17-th, BEST PSNR: 44.500148, Print rate 3.039097, Network rate 0.022675. *************************
eval_wsssim: 0.996315
Decoded image saved to ./experiments/vcip_combined_loss/decoded_images/othim18_maskerp_wsmse0_swhdc1_erp1_lambda0.0008.png
Evaluate the image: PSNR: 44.50014803668066 All bits: 3.061771869659424  latent bits: 3.039097309112549  network bits: 0.022674560546875
Evaluate arm network bits: 0.009683609008789062 Evaluate synthesis network bits: 0.012182235717773438
Image All bits num: 1605250.25 latent bits num: 1593362.25 mlp bits num: 11888.0 border bits num:
arm bits num: 5077.0 synthesis bits num: 6387.0
[41.75362833362292, 41.908941628931814, 41.44715671041414, 41.60395319935239, 42.15504734650576, 42.466517631298544, 42.013444309835116, 42.470972957931984, 43.20027007421521, 44.00814867813279, 42.3773295858797, 43.49611811347902, 43.91093102804894, 43.67989207692046, 43.713127186006, 43.35420663611793, 43.99393335616986, 44.50014803668066]
[3.8865792751312256, 3.94187331199646, 3.9172120094299316, 4.1665568351745605, 3.9791696071624756, 3.970857620239258, 3.4666104316711426, 3.490701675415039, 3.527003765106201, 3.64764404296875, 3.585512161254883, 3.6755051612854004, 3.3409361839294434, 3.2608299255371094, 3.2849817276000977, 3.097515106201172, 3.150322437286377, 3.061771869659424]
[2037686.875, 2066676.875, 2053747.25, 2184475.75, 2086230.875, 2081873.0, 1817502.25, 1830133.0, 1849165.75, 1912416.0, 1879841.0, 1927023.25, 1751612.75, 1709614.0, 1722276.5, 1623990.0, 1651676.25, 1605250.25]
Metrics saved to ./experiments/vcip_combined_loss/results.csv
Current eval Ave PSNR: 42.89187593830796 Ave Bits 3.580643508169386
Namespace(batch_size=1, lr=0.01, data='../data', sparsity=0.0, local_upsampling_kernel_size=8, upsampling_kernel_size=8, static_upsampling_kernel=False, latent_factor=1, mod_base=7, highest_flag=1, context_arm=16, dim_arm_mod=16, use_candidate=True, type='other', mod_hid_layer=0, sythesis_features=12, hidden_features=64, hidden_layer=2, scale=1, lambda_rate=0.0008, lambda_rate_list=[0.0006, 0.0008], start_index=0, mask_type='erp', wsmse_tag=0, swhdc_tag=1, swhdc_dilations=[1, 2, 3, 4], erp_padding=1, workdir='./experiments/vcip_combined_loss', train_steps_1=5000, train_steps_2=1000, loss_type='combined', lambda_dist=0.0023437500000000003, lambda_percep=1.0, patch_h=512, patch_w=1024, all_pix_num=524288, eval_pix_num=524288)
Directory './saved/modbase_7/context_16_arm_mod_16' already exists.
Directory './saved/modbase_7/context_16_arm_mod_16/sparity_0.0' already exists.
top %: 0.0

🔁 Stage-1 Training Candidate 1/7
Quantizer parameter: encoding gain  16
total pixel: 524288
Get Mod with shape torch.Size([1, 1, 8, 16]) at layer: 1
Get Mod with shape torch.Size([1, 1, 16, 32]) at layer: 2
Get Mod with shape torch.Size([1, 1, 32, 64]) at layer: 3
Get Mod with shape torch.Size([1, 1, 64, 128]) at layer: 4
Get Mod with shape torch.Size([1, 1, 128, 256]) at layer: 5
Get Mod with shape torch.Size([1, 1, 256, 512]) at layer: 6
Get Mod with shape torch.Size([1, 1, 512, 1024]) at layer: 7
start temperature: 0.3 noise parameter: 2.0
end temperature: 0.3 noise parameter: 2.0
********************Start from stage I
Step 400, BEST PSNR: 33.820889, Total loss 0.014177 with its rate 3.2346529960632324 latent_bits 1695889.75

🔁 Stage-1 Training Candidate 2/7
Quantizer parameter: encoding gain  16
total pixel: 524288
Get Mod with shape torch.Size([1, 1, 8, 16]) at layer: 1
Get Mod with shape torch.Size([1, 1, 16, 32]) at layer: 2
Get Mod with shape torch.Size([1, 1, 32, 64]) at layer: 3
Get Mod with shape torch.Size([1, 1, 64, 128]) at layer: 4
Get Mod with shape torch.Size([1, 1, 128, 256]) at layer: 5
Get Mod with shape torch.Size([1, 1, 256, 512]) at layer: 6
Get Mod with shape torch.Size([1, 1, 512, 1024]) at layer: 7
start temperature: 0.3 noise parameter: 2.0
end temperature: 0.3 noise parameter: 2.0
********************Start from stage I
Step 400, BEST PSNR: 34.440862, Total loss 0.014541 with its rate 3.177980422973633 latent_bits 1666177.0

🔁 Stage-1 Training Candidate 3/7
Quantizer parameter: encoding gain  16
total pixel: 524288
Get Mod with shape torch.Size([1, 1, 8, 16]) at layer: 1
Get Mod with shape torch.Size([1, 1, 16, 32]) at layer: 2
Get Mod with shape torch.Size([1, 1, 32, 64]) at layer: 3
Get Mod with shape torch.Size([1, 1, 64, 128]) at layer: 4
Get Mod with shape torch.Size([1, 1, 128, 256]) at layer: 5
Get Mod with shape torch.Size([1, 1, 256, 512]) at layer: 6
Get Mod with shape torch.Size([1, 1, 512, 1024]) at layer: 7
start temperature: 0.3 noise parameter: 2.0
end temperature: 0.3 noise parameter: 2.0
********************Start from stage I
Step 400, BEST PSNR: 35.011102, Total loss 0.014037 with its rate 3.239691734313965 latent_bits 1698531.5

🔁 Stage-1 Training Candidate 4/7
Quantizer parameter: encoding gain  16
total pixel: 524288
Get Mod with shape torch.Size([1, 1, 8, 16]) at layer: 1
Get Mod with shape torch.Size([1, 1, 16, 32]) at layer: 2
Get Mod with shape torch.Size([1, 1, 32, 64]) at layer: 3
Get Mod with shape torch.Size([1, 1, 64, 128]) at layer: 4
Get Mod with shape torch.Size([1, 1, 128, 256]) at layer: 5
Get Mod with shape torch.Size([1, 1, 256, 512]) at layer: 6
Get Mod with shape torch.Size([1, 1, 512, 1024]) at layer: 7
start temperature: 0.3 noise parameter: 2.0
end temperature: 0.3 noise parameter: 2.0
********************Start from stage I
Step 400, BEST PSNR: 34.384895, Total loss 0.013871 with its rate 3.1657252311706543 latent_bits 1659751.75

🔁 Stage-1 Training Candidate 5/7
Quantizer parameter: encoding gain  16
total pixel: 524288
Get Mod with shape torch.Size([1, 1, 8, 16]) at layer: 1
Get Mod with shape torch.Size([1, 1, 16, 32]) at layer: 2
Get Mod with shape torch.Size([1, 1, 32, 64]) at layer: 3
Get Mod with shape torch.Size([1, 1, 64, 128]) at layer: 4
Get Mod with shape torch.Size([1, 1, 128, 256]) at layer: 5
Get Mod with shape torch.Size([1, 1, 256, 512]) at layer: 6
Get Mod with shape torch.Size([1, 1, 512, 1024]) at layer: 7
start temperature: 0.3 noise parameter: 2.0
end temperature: 0.3 noise parameter: 2.0
********************Start from stage I
Step 400, BEST PSNR: 34.367285, Total loss 0.014522 with its rate 3.262476921081543 latent_bits 1710477.5

🔁 Stage-1 Training Candidate 6/7
Quantizer parameter: encoding gain  16
total pixel: 524288
Get Mod with shape torch.Size([1, 1, 8, 16]) at layer: 1
Get Mod with shape torch.Size([1, 1, 16, 32]) at layer: 2
Get Mod with shape torch.Size([1, 1, 32, 64]) at layer: 3
Get Mod with shape torch.Size([1, 1, 64, 128]) at layer: 4
Get Mod with shape torch.Size([1, 1, 128, 256]) at layer: 5
Get Mod with shape torch.Size([1, 1, 256, 512]) at layer: 6
Get Mod with shape torch.Size([1, 1, 512, 1024]) at layer: 7
start temperature: 0.3 noise parameter: 2.0
end temperature: 0.3 noise parameter: 2.0
********************Start from stage I
Step 400, BEST PSNR: 33.765509, Total loss 0.014753 with its rate 3.1740305423736572 latent_bits 1664106.125

🔁 Stage-1 Training Candidate 7/7
Quantizer parameter: encoding gain  16
total pixel: 524288
Get Mod with shape torch.Size([1, 1, 8, 16]) at layer: 1
Get Mod with shape torch.Size([1, 1, 16, 32]) at layer: 2
Get Mod with shape torch.Size([1, 1, 32, 64]) at layer: 3
Get Mod with shape torch.Size([1, 1, 64, 128]) at layer: 4
Get Mod with shape torch.Size([1, 1, 128, 256]) at layer: 5
Get Mod with shape torch.Size([1, 1, 256, 512]) at layer: 6
Get Mod with shape torch.Size([1, 1, 512, 1024]) at layer: 7
start temperature: 0.3 noise parameter: 2.0
end temperature: 0.3 noise parameter: 2.0
********************Start from stage I
Step 400, BEST PSNR: 34.616999, Total loss 0.014091 with its rate 3.1729373931884766 latent_bits 1663533.0

🌟 Selected Top-3 Candidates by RD cost

🎯 Stage-2 Refining Candidate 1/3
start temperature: 0.3 noise parameter: 2.0
end temperature: 0.3 noise parameter: 2.0
********************Start from stage I
Step 400, BEST PSNR: 36.808261, Total loss 0.009588 with its rate 3.544760227203369 latent_bits 1858475.25

🎯 Stage-2 Refining Candidate 2/3
start temperature: 0.3 noise parameter: 2.0
end temperature: 0.3 noise parameter: 2.0
********************Start from stage I
Step 400, BEST PSNR: 37.221081, Total loss 0.009881 with its rate 3.5226244926452637 latent_bits 1846869.75

🎯 Stage-2 Refining Candidate 3/3
start temperature: 0.3 noise parameter: 2.0
end temperature: 0.3 noise parameter: 2.0
********************Start from stage I
Step 400, BEST PSNR: 36.254553, Total loss 0.010902 with its rate 3.4546031951904297 latent_bits 1811207.0

🏆 Best Candidate Final PSNR: 36.81, Rate: 3.5448
Masked_INR(
  (upsampling_2d): Upsampling(
    (conv_transpose2d): UpsamplingConvTranspose2d()
  )
  (arm): Arm(
    (mlp): Sequential(
      (0): ArmConv(
        (conv1_1): Conv1d(16, 16, kernel_size=(1,), stride=(1,))
      )
      (1): GELU(approximate='none')
      (2): ArmConv(
        (conv1_1): Conv1d(16, 16, kernel_size=(1,), stride=(1,))
      )
      (3): GELU(approximate='none')
      (4): ArmConv(
        (conv1_1): Conv1d(16, 2, kernel_size=(1,), stride=(1,))
      )
    )
  )
  (conv_mod): LocalGlobalBlock(
    (net): Sequential(
      (0): SynthesisLayer(
        (pad): Identity()
        (conv_layer): SWHDC(
          (conv): Conv2d(2, 3, kernel_size=(3, 3), stride=(1, 1))
        )
        (non_linearity): GELU(approximate='none')
      )
      (1): SynthesisResidualLayer(
        (pad): ReplicationPad2d((0, 0, 0, 0))
        (conv_layer): Conv2d(3, 3, kernel_size=(1, 1), stride=(1, 1))
        (non_linearity): GELU(approximate='none')
      )
      (2): SynthesisResidualLayer(
        (pad): ReplicationPad2d((0, 0, 0, 0))
        (conv_layer): Conv2d(3, 3, kernel_size=(1, 1), stride=(1, 1))
        (non_linearity): GELU(approximate='none')
      )
      (3): SynthesisResidualLayer(
        (pad): ReplicationPad2d((0, 0, 0, 0))
        (conv_layer): Conv2d(3, 3, kernel_size=(1, 1), stride=(1, 1))
        (non_linearity): Identity()
      )
    )
    (global_net): Sequential(
      (0): SynthesisLayer(
        (pad): Identity()
        (conv_layer): SWHDC(
          (conv): Conv2d(2, 3, kernel_size=(3, 3), stride=(1, 1))
        )
        (non_linearity): GELU(approximate='none')
      )
      (1): SynthesisResidualLayer(
        (pad): ReplicationPad2d((0, 0, 0, 0))
        (conv_layer): Conv2d(3, 3, kernel_size=(1, 1), stride=(1, 1))
        (non_linearity): GELU(approximate='none')
      )
      (2): SynthesisResidualLayer(
        (pad): ReplicationPad2d((0, 0, 0, 0))
        (conv_layer): Conv2d(3, 3, kernel_size=(1, 1), stride=(1, 1))
        (non_linearity): GELU(approximate='none')
      )
      (3): SynthesisResidualLayer(
        (pad): ReplicationPad2d((0, 0, 0, 0))
        (conv_layer): Conv2d(3, 3, kernel_size=(1, 1), stride=(1, 1))
        (non_linearity): Identity()
      )
    )
    (agg_func): Sequential(
      (0): SynthesisLayer(
        (pad): ReplicationPad2d((0, 0, 0, 0))
        (conv_layer): Conv2d(18, 3, kernel_size=(1, 1), stride=(1, 1))
        (non_linearity): GELU(approximate='none')
      )
      (1): SynthesisLayer(
        (pad): ReplicationPad2d((0, 0, 0, 0))
        (conv_layer): Conv2d(21, 3, kernel_size=(1, 1), stride=(1, 1))
        (non_linearity): GELU(approximate='none')
      )
      (2): SynthesisLayer(
        (pad): ReplicationPad2d((0, 0, 0, 0))
        (conv_layer): Conv2d(24, 3, kernel_size=(1, 1), stride=(1, 1))
        (non_linearity): GELU(approximate='none')
      )
    )
    (full_net): Sequential(
      (0): SynthesisLayer(
        (pad): ReplicationPad2d((0, 0, 0, 0))
        (conv_layer): Conv2d(7, 12, kernel_size=(1, 1), stride=(1, 1))
        (non_linearity): GELU(approximate='none')
      )
      (1): SynthesisLayer(
        (pad): ReplicationPad2d((0, 0, 0, 0))
        (conv_layer): Conv2d(12, 3, kernel_size=(1, 1), stride=(1, 1))
        (non_linearity): GELU(approximate='none')
      )
      (2): SynthesisResidualLayer(
        (conv_layer): Conv2d(3, 3, kernel_size=(3, 3), stride=(1, 1))
        (non_linearity): GELU(approximate='none')
      )
      (3): SynthesisResidualLayer(
        (conv_layer): Conv2d(3, 3, kernel_size=(3, 3), stride=(1, 1))
        (non_linearity): GELU(approximate='none')
      )
    )
  )
  (modulation_sf): ParameterList(
      (0): Parameter containing: [torch.float32 of size 1x1x8x16 (cuda:0)]
      (1): Parameter containing: [torch.float32 of size 1x1x16x32 (cuda:0)]
      (2): Parameter containing: [torch.float32 of size 1x1x32x64 (cuda:0)]
      (3): Parameter containing: [torch.float32 of size 1x1x64x128 (cuda:0)]
      (4): Parameter containing: [torch.float32 of size 1x1x128x256 (cuda:0)]
      (5): Parameter containing: [torch.float32 of size 1x1x256x512 (cuda:0)]
      (6): Parameter containing: [torch.float32 of size 1x1x512x1024 (cuda:0)]
  )
)
train the 18 -th image
start temperature: 0.3 noise parameter: 2.0
end temperature: 0.1 noise parameter: 1.0
********************Start from stage I
********************going into stage II
eval_object_psnr: 48.576038896552355
eval_background_psnr: 42.73570576696048
eval_background_psnr: 42.73570576696048
********************Evaluation the Image 18-th, after Step 999, BEST PSNR: 41.710140, Print rate 3.845520. *************************
Saved model at ./saved/modbase_7/context_16_arm_mod_16/sparity_0.0/inr_mod_16KODAK_ROI_Global_new_struture_7_12_3_33_orderconcat_operator_0_pw_0.0008_img_object18.pth
Trained the image with PSNR: 41.71014036958401  latent bits 3.845519542694092 latent bits number 2016159.75
[41.920899139908016, 42.05683185552155, 41.50299909273441, 41.60628089794445, 42.17414706595992, 42.56714739305277, 42.061732015194174, 42.47853325009182, 43.291657174328414, 44.00718670105075, 42.420725550901146, 43.50626687274438, 43.94346159961426, 43.804619731103145, 43.806970053789634, 43.4289936820812, 44.13230772312718, 44.66223982878339, 41.71014036958401]
[3.860734462738037, 3.9179346561431885, 3.8916611671447754, 4.141820907592773, 3.952106475830078, 3.9450013637542725, 3.441128730773926, 3.4642279148101807, 3.503342628479004, 3.6226956844329834, 3.5598440170288086, 3.648066282272339, 3.3159713745117188, 3.236926555633545, 3.2604727745056152, 3.07277250289917, 3.1264820098876953, 3.038137197494507, 3.845519542694092]
[2024136.75, 2054126.125, 2040351.25, 2171507.0, 2072042.0, 2068316.875, 1804142.5, 1816253.125, 1836760.5, 1899335.875, 1866383.5, 1912637.375, 1738524.0, 1697081.75, 1709426.75, 1611017.75, 1639177.0, 1592858.875, 2016159.75]
load the model: ./saved/modbase_7/context_16_arm_mod_16/sparity_0.0/inr_mod_16KODAK_ROI_Global_new_struture_7_12_3_33_orderconcat_operator_0_pw_0.0008_img_object18.pth for the  18 -th image
********************Evalutation with quantization
********************Starting quantizing models
eval_object_psnr: 48.473770673102486
full_image_psnr: 41.67060090418852
object_psnr: 48.473770673102486
background_psnr: 42.71151645887414
********************Evaluation the Image 18-th, BEST PSNR: 41.670601, Print rate 3.849250, Network rate 0.023645. *************************
eval_wsssim: 0.996662
Decoded image saved to ./experiments/vcip_combined_loss/decoded_images/othim19_maskerp_wsmse0_swhdc1_erp1_lambda0.0008.png
Evaluate the image: PSNR: 41.67060090418852 All bits: 3.8728952407836914  latent bits: 3.849249839782715  network bits: 0.023645401000976562
Evaluate arm network bits: 0.009439468383789062 Evaluate synthesis network bits: 0.013410568237304688
Image All bits num: 2030512.5 latent bits num: 2018115.5 mlp bits num: 12397.0 border bits num:
arm bits num: 4949.0 synthesis bits num: 7031.0
[41.75362833362292, 41.908941628931814, 41.44715671041414, 41.60395319935239, 42.15504734650576, 42.466517631298544, 42.013444309835116, 42.470972957931984, 43.20027007421521, 44.00814867813279, 42.3773295858797, 43.49611811347902, 43.91093102804894, 43.67989207692046, 43.713127186006, 43.35420663611793, 43.99393335616986, 44.50014803668066, 41.67060090418852]
[3.8865792751312256, 3.94187331199646, 3.9172120094299316, 4.1665568351745605, 3.9791696071624756, 3.970857620239258, 3.4666104316711426, 3.490701675415039, 3.527003765106201, 3.64764404296875, 3.585512161254883, 3.6755051612854004, 3.3409361839294434, 3.2608299255371094, 3.2849817276000977, 3.097515106201172, 3.150322437286377, 3.061771869659424, 3.8728952407836914]
[2037686.875, 2066676.875, 2053747.25, 2184475.75, 2086230.875, 2081873.0, 1817502.25, 1830133.0, 1849165.75, 1912416.0, 1879841.0, 1927023.25, 1751612.75, 1709614.0, 1722276.5, 1623990.0, 1651676.25, 1605250.25, 2030512.5]
Metrics saved to ./experiments/vcip_combined_loss/results.csv
Current eval Ave PSNR: 42.827598304933254 Ave Bits 3.596025178306981
Namespace(batch_size=1, lr=0.01, data='../data', sparsity=0.0, local_upsampling_kernel_size=8, upsampling_kernel_size=8, static_upsampling_kernel=False, latent_factor=1, mod_base=7, highest_flag=1, context_arm=16, dim_arm_mod=16, use_candidate=True, type='other', mod_hid_layer=0, sythesis_features=12, hidden_features=64, hidden_layer=2, scale=1, lambda_rate=0.0008, lambda_rate_list=[0.0006, 0.0008], start_index=0, mask_type='erp', wsmse_tag=0, swhdc_tag=1, swhdc_dilations=[1, 2, 3, 4], erp_padding=1, workdir='./experiments/vcip_combined_loss', train_steps_1=5000, train_steps_2=1000, loss_type='combined', lambda_dist=0.0023437500000000003, lambda_percep=1.0, patch_h=512, patch_w=1024, all_pix_num=524288, eval_pix_num=524288)
Directory './saved/modbase_7/context_16_arm_mod_16' already exists.
Directory './saved/modbase_7/context_16_arm_mod_16/sparity_0.0' already exists.
top %: 0.0

🔁 Stage-1 Training Candidate 1/7
Quantizer parameter: encoding gain  16
total pixel: 524288
Get Mod with shape torch.Size([1, 1, 8, 16]) at layer: 1
Get Mod with shape torch.Size([1, 1, 16, 32]) at layer: 2
Get Mod with shape torch.Size([1, 1, 32, 64]) at layer: 3
Get Mod with shape torch.Size([1, 1, 64, 128]) at layer: 4
Get Mod with shape torch.Size([1, 1, 128, 256]) at layer: 5
Get Mod with shape torch.Size([1, 1, 256, 512]) at layer: 6
Get Mod with shape torch.Size([1, 1, 512, 1024]) at layer: 7
start temperature: 0.3 noise parameter: 2.0
end temperature: 0.3 noise parameter: 2.0
********************Start from stage I
Step 400, BEST PSNR: 34.102192, Total loss 0.014296 with its rate 3.2077174186706543 latent_bits 1681767.75

🔁 Stage-1 Training Candidate 2/7
Quantizer parameter: encoding gain  16
total pixel: 524288
Get Mod with shape torch.Size([1, 1, 8, 16]) at layer: 1
Get Mod with shape torch.Size([1, 1, 16, 32]) at layer: 2
Get Mod with shape torch.Size([1, 1, 32, 64]) at layer: 3
Get Mod with shape torch.Size([1, 1, 64, 128]) at layer: 4
Get Mod with shape torch.Size([1, 1, 128, 256]) at layer: 5
Get Mod with shape torch.Size([1, 1, 256, 512]) at layer: 6
Get Mod with shape torch.Size([1, 1, 512, 1024]) at layer: 7
start temperature: 0.3 noise parameter: 2.0
end temperature: 0.3 noise parameter: 2.0
********************Start from stage I
Step 400, BEST PSNR: 34.941412, Total loss 0.013634 with its rate 3.2426633834838867 latent_bits 1700089.5

🔁 Stage-1 Training Candidate 3/7
Quantizer parameter: encoding gain  16
total pixel: 524288
Get Mod with shape torch.Size([1, 1, 8, 16]) at layer: 1
Get Mod with shape torch.Size([1, 1, 16, 32]) at layer: 2
Get Mod with shape torch.Size([1, 1, 32, 64]) at layer: 3
Get Mod with shape torch.Size([1, 1, 64, 128]) at layer: 4
Get Mod with shape torch.Size([1, 1, 128, 256]) at layer: 5
Get Mod with shape torch.Size([1, 1, 256, 512]) at layer: 6
Get Mod with shape torch.Size([1, 1, 512, 1024]) at layer: 7
start temperature: 0.3 noise parameter: 2.0
end temperature: 0.3 noise parameter: 2.0
********************Start from stage I
Step 400, BEST PSNR: 34.552408, Total loss 0.013889 with its rate 3.2175235748291016 latent_bits 1686909.0

🔁 Stage-1 Training Candidate 4/7
Quantizer parameter: encoding gain  16
total pixel: 524288
Get Mod with shape torch.Size([1, 1, 8, 16]) at layer: 1
Get Mod with shape torch.Size([1, 1, 16, 32]) at layer: 2
Get Mod with shape torch.Size([1, 1, 32, 64]) at layer: 3
Get Mod with shape torch.Size([1, 1, 64, 128]) at layer: 4
Get Mod with shape torch.Size([1, 1, 128, 256]) at layer: 5
Get Mod with shape torch.Size([1, 1, 256, 512]) at layer: 6
Get Mod with shape torch.Size([1, 1, 512, 1024]) at layer: 7
start temperature: 0.3 noise parameter: 2.0
end temperature: 0.3 noise parameter: 2.0
********************Start from stage I
Step 400, BEST PSNR: 34.432458, Total loss 0.014937 with its rate 3.273428440093994 latent_bits 1716219.25

🔁 Stage-1 Training Candidate 5/7
Quantizer parameter: encoding gain  16
total pixel: 524288
Get Mod with shape torch.Size([1, 1, 8, 16]) at layer: 1
Get Mod with shape torch.Size([1, 1, 16, 32]) at layer: 2
Get Mod with shape torch.Size([1, 1, 32, 64]) at layer: 3
Get Mod with shape torch.Size([1, 1, 64, 128]) at layer: 4
Get Mod with shape torch.Size([1, 1, 128, 256]) at layer: 5
Get Mod with shape torch.Size([1, 1, 256, 512]) at layer: 6
Get Mod with shape torch.Size([1, 1, 512, 1024]) at layer: 7
start temperature: 0.3 noise parameter: 2.0
end temperature: 0.3 noise parameter: 2.0
********************Start from stage I
Step 400, BEST PSNR: 34.580393, Total loss 0.014038 with its rate 3.1765408515930176 latent_bits 1665422.25

🔁 Stage-1 Training Candidate 6/7
Quantizer parameter: encoding gain  16
total pixel: 524288
Get Mod with shape torch.Size([1, 1, 8, 16]) at layer: 1
Get Mod with shape torch.Size([1, 1, 16, 32]) at layer: 2
Get Mod with shape torch.Size([1, 1, 32, 64]) at layer: 3
Get Mod with shape torch.Size([1, 1, 64, 128]) at layer: 4
Get Mod with shape torch.Size([1, 1, 128, 256]) at layer: 5
Get Mod with shape torch.Size([1, 1, 256, 512]) at layer: 6
Get Mod with shape torch.Size([1, 1, 512, 1024]) at layer: 7
start temperature: 0.3 noise parameter: 2.0
end temperature: 0.3 noise parameter: 2.0
********************Start from stage I
Step 400, BEST PSNR: 34.362455, Total loss 0.014587 with its rate 3.1907293796539307 latent_bits 1672861.125

🔁 Stage-1 Training Candidate 7/7
Quantizer parameter: encoding gain  16
total pixel: 524288
Get Mod with shape torch.Size([1, 1, 8, 16]) at layer: 1
Get Mod with shape torch.Size([1, 1, 16, 32]) at layer: 2
Get Mod with shape torch.Size([1, 1, 32, 64]) at layer: 3
Get Mod with shape torch.Size([1, 1, 64, 128]) at layer: 4
Get Mod with shape torch.Size([1, 1, 128, 256]) at layer: 5
Get Mod with shape torch.Size([1, 1, 256, 512]) at layer: 6
Get Mod with shape torch.Size([1, 1, 512, 1024]) at layer: 7
start temperature: 0.3 noise parameter: 2.0
end temperature: 0.3 noise parameter: 2.0
********************Start from stage I
Step 400, BEST PSNR: 34.404543, Total loss 0.014332 with its rate 3.1728482246398926 latent_bits 1663486.25

🌟 Selected Top-3 Candidates by RD cost

🎯 Stage-2 Refining Candidate 1/3
start temperature: 0.3 noise parameter: 2.0
end temperature: 0.3 noise parameter: 2.0
********************Start from stage I
Step 400, BEST PSNR: 37.787001, Total loss 0.009536 with its rate 3.596926212310791 latent_bits 1885825.25

🎯 Stage-2 Refining Candidate 2/3
start temperature: 0.3 noise parameter: 2.0
end temperature: 0.3 noise parameter: 2.0
********************Start from stage I
Step 400, BEST PSNR: 36.670913, Total loss 0.010132 with its rate 3.5516138076782227 latent_bits 1862068.5

🎯 Stage-2 Refining Candidate 3/3
start temperature: 0.3 noise parameter: 2.0
end temperature: 0.3 noise parameter: 2.0
********************Start from stage I
Step 400, BEST PSNR: 36.657582, Total loss 0.010821 with its rate 3.5401947498321533 latent_bits 1856081.625

🏆 Best Candidate Final PSNR: 37.79, Rate: 3.5969
Masked_INR(
  (upsampling_2d): Upsampling(
    (conv_transpose2d): UpsamplingConvTranspose2d()
  )
  (arm): Arm(
    (mlp): Sequential(
      (0): ArmConv(
        (conv1_1): Conv1d(16, 16, kernel_size=(1,), stride=(1,))
      )
      (1): GELU(approximate='none')
      (2): ArmConv(
        (conv1_1): Conv1d(16, 16, kernel_size=(1,), stride=(1,))
      )
      (3): GELU(approximate='none')
      (4): ArmConv(
        (conv1_1): Conv1d(16, 2, kernel_size=(1,), stride=(1,))
      )
    )
  )
  (conv_mod): LocalGlobalBlock(
    (net): Sequential(
      (0): SynthesisLayer(
        (pad): Identity()
        (conv_layer): SWHDC(
          (conv): Conv2d(2, 3, kernel_size=(3, 3), stride=(1, 1))
        )
        (non_linearity): GELU(approximate='none')
      )
      (1): SynthesisResidualLayer(
        (pad): ReplicationPad2d((0, 0, 0, 0))
        (conv_layer): Conv2d(3, 3, kernel_size=(1, 1), stride=(1, 1))
        (non_linearity): GELU(approximate='none')
      )
      (2): SynthesisResidualLayer(
        (pad): ReplicationPad2d((0, 0, 0, 0))
        (conv_layer): Conv2d(3, 3, kernel_size=(1, 1), stride=(1, 1))
        (non_linearity): GELU(approximate='none')
      )
      (3): SynthesisResidualLayer(
        (pad): ReplicationPad2d((0, 0, 0, 0))
        (conv_layer): Conv2d(3, 3, kernel_size=(1, 1), stride=(1, 1))
        (non_linearity): Identity()
      )
    )
    (global_net): Sequential(
      (0): SynthesisLayer(
        (pad): Identity()
        (conv_layer): SWHDC(
          (conv): Conv2d(2, 3, kernel_size=(3, 3), stride=(1, 1))
        )
        (non_linearity): GELU(approximate='none')
      )
      (1): SynthesisResidualLayer(
        (pad): ReplicationPad2d((0, 0, 0, 0))
        (conv_layer): Conv2d(3, 3, kernel_size=(1, 1), stride=(1, 1))
        (non_linearity): GELU(approximate='none')
      )
      (2): SynthesisResidualLayer(
        (pad): ReplicationPad2d((0, 0, 0, 0))
        (conv_layer): Conv2d(3, 3, kernel_size=(1, 1), stride=(1, 1))
        (non_linearity): GELU(approximate='none')
      )
      (3): SynthesisResidualLayer(
        (pad): ReplicationPad2d((0, 0, 0, 0))
        (conv_layer): Conv2d(3, 3, kernel_size=(1, 1), stride=(1, 1))
        (non_linearity): Identity()
      )
    )
    (agg_func): Sequential(
      (0): SynthesisLayer(
        (pad): ReplicationPad2d((0, 0, 0, 0))
        (conv_layer): Conv2d(18, 3, kernel_size=(1, 1), stride=(1, 1))
        (non_linearity): GELU(approximate='none')
      )
      (1): SynthesisLayer(
        (pad): ReplicationPad2d((0, 0, 0, 0))
        (conv_layer): Conv2d(21, 3, kernel_size=(1, 1), stride=(1, 1))
        (non_linearity): GELU(approximate='none')
      )
      (2): SynthesisLayer(
        (pad): ReplicationPad2d((0, 0, 0, 0))
        (conv_layer): Conv2d(24, 3, kernel_size=(1, 1), stride=(1, 1))
        (non_linearity): GELU(approximate='none')
      )
    )
    (full_net): Sequential(
      (0): SynthesisLayer(
        (pad): ReplicationPad2d((0, 0, 0, 0))
        (conv_layer): Conv2d(7, 12, kernel_size=(1, 1), stride=(1, 1))
        (non_linearity): GELU(approximate='none')
      )
      (1): SynthesisLayer(
        (pad): ReplicationPad2d((0, 0, 0, 0))
        (conv_layer): Conv2d(12, 3, kernel_size=(1, 1), stride=(1, 1))
        (non_linearity): GELU(approximate='none')
      )
      (2): SynthesisResidualLayer(
        (conv_layer): Conv2d(3, 3, kernel_size=(3, 3), stride=(1, 1))
        (non_linearity): GELU(approximate='none')
      )
      (3): SynthesisResidualLayer(
        (conv_layer): Conv2d(3, 3, kernel_size=(3, 3), stride=(1, 1))
        (non_linearity): GELU(approximate='none')
      )
    )
  )
  (modulation_sf): ParameterList(
      (0): Parameter containing: [torch.float32 of size 1x1x8x16 (cuda:0)]
      (1): Parameter containing: [torch.float32 of size 1x1x16x32 (cuda:0)]
      (2): Parameter containing: [torch.float32 of size 1x1x32x64 (cuda:0)]
      (3): Parameter containing: [torch.float32 of size 1x1x64x128 (cuda:0)]
      (4): Parameter containing: [torch.float32 of size 1x1x128x256 (cuda:0)]
      (5): Parameter containing: [torch.float32 of size 1x1x256x512 (cuda:0)]
      (6): Parameter containing: [torch.float32 of size 1x1x512x1024 (cuda:0)]
  )
)
train the 19 -th image
start temperature: 0.3 noise parameter: 2.0
end temperature: 0.1 noise parameter: 1.0
********************Start from stage I
********************going into stage II
eval_object_psnr: 48.61255529846474
eval_background_psnr: 43.736355332459226
eval_background_psnr: 43.736355332459226
********************Evaluation the Image 19-th, after Step 999, BEST PSNR: 42.501057, Print rate 3.860788. *************************
Saved model at ./saved/modbase_7/context_16_arm_mod_16/sparity_0.0/inr_mod_16KODAK_ROI_Global_new_struture_7_12_3_33_orderconcat_operator_0_pw_0.0008_img_object19.pth
Trained the image with PSNR: 42.50105742907634  latent bits 3.860788106918335 latent bits number 2024164.875
[41.920899139908016, 42.05683185552155, 41.50299909273441, 41.60628089794445, 42.17414706595992, 42.56714739305277, 42.061732015194174, 42.47853325009182, 43.291657174328414, 44.00718670105075, 42.420725550901146, 43.50626687274438, 43.94346159961426, 43.804619731103145, 43.806970053789634, 43.4289936820812, 44.13230772312718, 44.66223982878339, 41.71014036958401, 42.50105742907634]
[3.860734462738037, 3.9179346561431885, 3.8916611671447754, 4.141820907592773, 3.952106475830078, 3.9450013637542725, 3.441128730773926, 3.4642279148101807, 3.503342628479004, 3.6226956844329834, 3.5598440170288086, 3.648066282272339, 3.3159713745117188, 3.236926555633545, 3.2604727745056152, 3.07277250289917, 3.1264820098876953, 3.038137197494507, 3.845519542694092, 3.860788106918335]
[2024136.75, 2054126.125, 2040351.25, 2171507.0, 2072042.0, 2068316.875, 1804142.5, 1816253.125, 1836760.5, 1899335.875, 1866383.5, 1912637.375, 1738524.0, 1697081.75, 1709426.75, 1611017.75, 1639177.0, 1592858.875, 2016159.75, 2024164.875]
load the model: ./saved/modbase_7/context_16_arm_mod_16/sparity_0.0/inr_mod_16KODAK_ROI_Global_new_struture_7_12_3_33_orderconcat_operator_0_pw_0.0008_img_object19.pth for the  19 -th image
********************Evalutation with quantization
********************Starting quantizing models
eval_object_psnr: 48.512592963820794
full_image_psnr: 42.41863268926815
object_psnr: 48.512592963820794
background_psnr: 43.66448586014641
********************Evaluation the Image 19-th, BEST PSNR: 42.418633, Print rate 3.862628, Network rate 0.023664. *************************
eval_wsssim: 0.996734
Decoded image saved to ./experiments/vcip_combined_loss/decoded_images/othim20_maskerp_wsmse0_swhdc1_erp1_lambda0.0008.png
Evaluate the image: PSNR: 42.41863268926815 All bits: 3.8862929344177246  latent bits: 3.86262845993042  network bits: 0.023664474487304688
Evaluate arm network bits: 0.009496688842773438 Evaluate synthesis network bits: 0.013353347778320312
Image All bits num: 2037536.75 latent bits num: 2025129.75 mlp bits num: 12407.0 border bits num:
arm bits num: 4979.0 synthesis bits num: 7001.0
[41.75362833362292, 41.908941628931814, 41.44715671041414, 41.60395319935239, 42.15504734650576, 42.466517631298544, 42.013444309835116, 42.470972957931984, 43.20027007421521, 44.00814867813279, 42.3773295858797, 43.49611811347902, 43.91093102804894, 43.67989207692046, 43.713127186006, 43.35420663611793, 43.99393335616986, 44.50014803668066, 41.67060090418852, 42.41863268926815]
[3.8865792751312256, 3.94187331199646, 3.9172120094299316, 4.1665568351745605, 3.9791696071624756, 3.970857620239258, 3.4666104316711426, 3.490701675415039, 3.527003765106201, 3.64764404296875, 3.585512161254883, 3.6755051612854004, 3.3409361839294434, 3.2608299255371094, 3.2849817276000977, 3.097515106201172, 3.150322437286377, 3.061771869659424, 3.8728952407836914, 3.8862929344177246]
[2037686.875, 2066676.875, 2053747.25, 2184475.75, 2086230.875, 2081873.0, 1817502.25, 1830133.0, 1849165.75, 1912416.0, 1879841.0, 1927023.25, 1751612.75, 1709614.0, 1722276.5, 1623990.0, 1651676.25, 1605250.25, 2030512.5, 2037536.75]
Metrics saved to ./experiments/vcip_combined_loss/results.csv
Current eval Ave PSNR: 42.807150024150005 Ave Bits 3.610538566112518
Namespace(batch_size=1, lr=0.01, data='../data', sparsity=0.0, local_upsampling_kernel_size=8, upsampling_kernel_size=8, static_upsampling_kernel=False, latent_factor=1, mod_base=7, highest_flag=1, context_arm=16, dim_arm_mod=16, use_candidate=True, type='other', mod_hid_layer=0, sythesis_features=12, hidden_features=64, hidden_layer=2, scale=1, lambda_rate=0.0008, lambda_rate_list=[0.0006, 0.0008], start_index=0, mask_type='erp', wsmse_tag=0, swhdc_tag=1, swhdc_dilations=[1, 2, 3, 4], erp_padding=1, workdir='./experiments/vcip_combined_loss', train_steps_1=5000, train_steps_2=1000, loss_type='combined', lambda_dist=0.0023437500000000003, lambda_percep=1.0, patch_h=512, patch_w=1024, all_pix_num=524288, eval_pix_num=524288)
Directory './saved/modbase_7/context_16_arm_mod_16' already exists.
Directory './saved/modbase_7/context_16_arm_mod_16/sparity_0.0' already exists.
top %: 0.0

🔁 Stage-1 Training Candidate 1/7
Quantizer parameter: encoding gain  16
total pixel: 524288
Get Mod with shape torch.Size([1, 1, 8, 16]) at layer: 1
Get Mod with shape torch.Size([1, 1, 16, 32]) at layer: 2
Get Mod with shape torch.Size([1, 1, 32, 64]) at layer: 3
Get Mod with shape torch.Size([1, 1, 64, 128]) at layer: 4
Get Mod with shape torch.Size([1, 1, 128, 256]) at layer: 5
Get Mod with shape torch.Size([1, 1, 256, 512]) at layer: 6
Get Mod with shape torch.Size([1, 1, 512, 1024]) at layer: 7
start temperature: 0.3 noise parameter: 2.0
end temperature: 0.3 noise parameter: 2.0
********************Start from stage I
Step 400, BEST PSNR: 33.560030, Total loss 0.015657 with its rate 3.4423744678497314 latent_bits 1804795.625

🔁 Stage-1 Training Candidate 2/7
Quantizer parameter: encoding gain  16
total pixel: 524288
Get Mod with shape torch.Size([1, 1, 8, 16]) at layer: 1
Get Mod with shape torch.Size([1, 1, 16, 32]) at layer: 2
Get Mod with shape torch.Size([1, 1, 32, 64]) at layer: 3
Get Mod with shape torch.Size([1, 1, 64, 128]) at layer: 4
Get Mod with shape torch.Size([1, 1, 128, 256]) at layer: 5
Get Mod with shape torch.Size([1, 1, 256, 512]) at layer: 6
Get Mod with shape torch.Size([1, 1, 512, 1024]) at layer: 7
start temperature: 0.3 noise parameter: 2.0
end temperature: 0.3 noise parameter: 2.0
********************Start from stage I
Step 400, BEST PSNR: 34.488375, Total loss 0.014485 with its rate 3.164381265640259 latent_bits 1659047.125

🔁 Stage-1 Training Candidate 3/7
Quantizer parameter: encoding gain  16
total pixel: 524288
Get Mod with shape torch.Size([1, 1, 8, 16]) at layer: 1
Get Mod with shape torch.Size([1, 1, 16, 32]) at layer: 2
Get Mod with shape torch.Size([1, 1, 32, 64]) at layer: 3
Get Mod with shape torch.Size([1, 1, 64, 128]) at layer: 4
Get Mod with shape torch.Size([1, 1, 128, 256]) at layer: 5
Get Mod with shape torch.Size([1, 1, 256, 512]) at layer: 6
Get Mod with shape torch.Size([1, 1, 512, 1024]) at layer: 7
start temperature: 0.3 noise parameter: 2.0
end temperature: 0.3 noise parameter: 2.0
********************Start from stage I
Step 400, BEST PSNR: 34.841037, Total loss 0.013861 with its rate 3.1646132469177246 latent_bits 1659168.75

🔁 Stage-1 Training Candidate 4/7
Quantizer parameter: encoding gain  16
total pixel: 524288
Get Mod with shape torch.Size([1, 1, 8, 16]) at layer: 1
Get Mod with shape torch.Size([1, 1, 16, 32]) at layer: 2
Get Mod with shape torch.Size([1, 1, 32, 64]) at layer: 3
Get Mod with shape torch.Size([1, 1, 64, 128]) at layer: 4
Get Mod with shape torch.Size([1, 1, 128, 256]) at layer: 5
Get Mod with shape torch.Size([1, 1, 256, 512]) at layer: 6
Get Mod with shape torch.Size([1, 1, 512, 1024]) at layer: 7
start temperature: 0.3 noise parameter: 2.0
end temperature: 0.3 noise parameter: 2.0
********************Start from stage I
Step 400, BEST PSNR: 34.715539, Total loss 0.013898 with its rate 3.190286636352539 latent_bits 1672629.0

🔁 Stage-1 Training Candidate 5/7
Quantizer parameter: encoding gain  16
total pixel: 524288
Get Mod with shape torch.Size([1, 1, 8, 16]) at layer: 1
Get Mod with shape torch.Size([1, 1, 16, 32]) at layer: 2
Get Mod with shape torch.Size([1, 1, 32, 64]) at layer: 3
Get Mod with shape torch.Size([1, 1, 64, 128]) at layer: 4
Get Mod with shape torch.Size([1, 1, 128, 256]) at layer: 5
Get Mod with shape torch.Size([1, 1, 256, 512]) at layer: 6
Get Mod with shape torch.Size([1, 1, 512, 1024]) at layer: 7
start temperature: 0.3 noise parameter: 2.0
end temperature: 0.3 noise parameter: 2.0
********************Start from stage I
Step 400, BEST PSNR: 34.628881, Total loss 0.013926 with its rate 3.2784264087677 latent_bits 1718839.625

🔁 Stage-1 Training Candidate 6/7
Quantizer parameter: encoding gain  16
total pixel: 524288
Get Mod with shape torch.Size([1, 1, 8, 16]) at layer: 1
Get Mod with shape torch.Size([1, 1, 16, 32]) at layer: 2
Get Mod with shape torch.Size([1, 1, 32, 64]) at layer: 3
Get Mod with shape torch.Size([1, 1, 64, 128]) at layer: 4
Get Mod with shape torch.Size([1, 1, 128, 256]) at layer: 5
Get Mod with shape torch.Size([1, 1, 256, 512]) at layer: 6
Get Mod with shape torch.Size([1, 1, 512, 1024]) at layer: 7
start temperature: 0.3 noise parameter: 2.0
end temperature: 0.3 noise parameter: 2.0
********************Start from stage I
Step 400, BEST PSNR: 34.847591, Total loss 0.014081 with its rate 3.1619181632995605 latent_bits 1657755.75

🔁 Stage-1 Training Candidate 7/7
Quantizer parameter: encoding gain  16
total pixel: 524288
Get Mod with shape torch.Size([1, 1, 8, 16]) at layer: 1
Get Mod with shape torch.Size([1, 1, 16, 32]) at layer: 2
Get Mod with shape torch.Size([1, 1, 32, 64]) at layer: 3
Get Mod with shape torch.Size([1, 1, 64, 128]) at layer: 4
Get Mod with shape torch.Size([1, 1, 128, 256]) at layer: 5
Get Mod with shape torch.Size([1, 1, 256, 512]) at layer: 6
Get Mod with shape torch.Size([1, 1, 512, 1024]) at layer: 7
start temperature: 0.3 noise parameter: 2.0
end temperature: 0.3 noise parameter: 2.0
********************Start from stage I
Step 400, BEST PSNR: 31.720954, Total loss 0.015549 with its rate 3.298522472381592 latent_bits 1729375.75

🌟 Selected Top-3 Candidates by RD cost

🎯 Stage-2 Refining Candidate 1/3
start temperature: 0.3 noise parameter: 2.0
end temperature: 0.3 noise parameter: 2.0
********************Start from stage I
Step 400, BEST PSNR: 36.881622, Total loss 0.010555 with its rate 3.497530221939087 latent_bits 1833713.125

🎯 Stage-2 Refining Candidate 2/3
start temperature: 0.3 noise parameter: 2.0
end temperature: 0.3 noise parameter: 2.0
********************Start from stage I
Step 400, BEST PSNR: 35.971148, Total loss 0.011202 with its rate 3.573566436767578 latent_bits 1873578.0

🎯 Stage-2 Refining Candidate 3/3
start temperature: 0.3 noise parameter: 2.0
end temperature: 0.3 noise parameter: 2.0
********************Start from stage I
Step 400, BEST PSNR: 36.948441, Total loss 0.010033 with its rate 3.5407161712646484 latent_bits 1856355.0

🏆 Best Candidate Final PSNR: 36.95, Rate: 3.5407
Masked_INR(
  (upsampling_2d): Upsampling(
    (conv_transpose2d): UpsamplingConvTranspose2d()
  )
  (arm): Arm(
    (mlp): Sequential(
      (0): ArmConv(
        (conv1_1): Conv1d(16, 16, kernel_size=(1,), stride=(1,))
      )
      (1): GELU(approximate='none')
      (2): ArmConv(
        (conv1_1): Conv1d(16, 16, kernel_size=(1,), stride=(1,))
      )
      (3): GELU(approximate='none')
      (4): ArmConv(
        (conv1_1): Conv1d(16, 2, kernel_size=(1,), stride=(1,))
      )
    )
  )
  (conv_mod): LocalGlobalBlock(
    (net): Sequential(
      (0): SynthesisLayer(
        (pad): Identity()
        (conv_layer): SWHDC(
          (conv): Conv2d(2, 3, kernel_size=(3, 3), stride=(1, 1))
        )
        (non_linearity): GELU(approximate='none')
      )
      (1): SynthesisResidualLayer(
        (pad): ReplicationPad2d((0, 0, 0, 0))
        (conv_layer): Conv2d(3, 3, kernel_size=(1, 1), stride=(1, 1))
        (non_linearity): GELU(approximate='none')
      )
      (2): SynthesisResidualLayer(
        (pad): ReplicationPad2d((0, 0, 0, 0))
        (conv_layer): Conv2d(3, 3, kernel_size=(1, 1), stride=(1, 1))
        (non_linearity): GELU(approximate='none')
      )
      (3): SynthesisResidualLayer(
        (pad): ReplicationPad2d((0, 0, 0, 0))
        (conv_layer): Conv2d(3, 3, kernel_size=(1, 1), stride=(1, 1))
        (non_linearity): Identity()
      )
    )
    (global_net): Sequential(
      (0): SynthesisLayer(
        (pad): Identity()
        (conv_layer): SWHDC(
          (conv): Conv2d(2, 3, kernel_size=(3, 3), stride=(1, 1))
        )
        (non_linearity): GELU(approximate='none')
      )
      (1): SynthesisResidualLayer(
        (pad): ReplicationPad2d((0, 0, 0, 0))
        (conv_layer): Conv2d(3, 3, kernel_size=(1, 1), stride=(1, 1))
        (non_linearity): GELU(approximate='none')
      )
      (2): SynthesisResidualLayer(
        (pad): ReplicationPad2d((0, 0, 0, 0))
        (conv_layer): Conv2d(3, 3, kernel_size=(1, 1), stride=(1, 1))
        (non_linearity): GELU(approximate='none')
      )
      (3): SynthesisResidualLayer(
        (pad): ReplicationPad2d((0, 0, 0, 0))
        (conv_layer): Conv2d(3, 3, kernel_size=(1, 1), stride=(1, 1))
        (non_linearity): Identity()
      )
    )
    (agg_func): Sequential(
      (0): SynthesisLayer(
        (pad): ReplicationPad2d((0, 0, 0, 0))
        (conv_layer): Conv2d(18, 3, kernel_size=(1, 1), stride=(1, 1))
        (non_linearity): GELU(approximate='none')
      )
      (1): SynthesisLayer(
        (pad): ReplicationPad2d((0, 0, 0, 0))
        (conv_layer): Conv2d(21, 3, kernel_size=(1, 1), stride=(1, 1))
        (non_linearity): GELU(approximate='none')
      )
      (2): SynthesisLayer(
        (pad): ReplicationPad2d((0, 0, 0, 0))
        (conv_layer): Conv2d(24, 3, kernel_size=(1, 1), stride=(1, 1))
        (non_linearity): GELU(approximate='none')
      )
    )
    (full_net): Sequential(
      (0): SynthesisLayer(
        (pad): ReplicationPad2d((0, 0, 0, 0))
        (conv_layer): Conv2d(7, 12, kernel_size=(1, 1), stride=(1, 1))
        (non_linearity): GELU(approximate='none')
      )
      (1): SynthesisLayer(
        (pad): ReplicationPad2d((0, 0, 0, 0))
        (conv_layer): Conv2d(12, 3, kernel_size=(1, 1), stride=(1, 1))
        (non_linearity): GELU(approximate='none')
      )
      (2): SynthesisResidualLayer(
        (conv_layer): Conv2d(3, 3, kernel_size=(3, 3), stride=(1, 1))
        (non_linearity): GELU(approximate='none')
      )
      (3): SynthesisResidualLayer(
        (conv_layer): Conv2d(3, 3, kernel_size=(3, 3), stride=(1, 1))
        (non_linearity): GELU(approximate='none')
      )
    )
  )
  (modulation_sf): ParameterList(
      (0): Parameter containing: [torch.float32 of size 1x1x8x16 (cuda:0)]
      (1): Parameter containing: [torch.float32 of size 1x1x16x32 (cuda:0)]
      (2): Parameter containing: [torch.float32 of size 1x1x32x64 (cuda:0)]
      (3): Parameter containing: [torch.float32 of size 1x1x64x128 (cuda:0)]
      (4): Parameter containing: [torch.float32 of size 1x1x128x256 (cuda:0)]
      (5): Parameter containing: [torch.float32 of size 1x1x256x512 (cuda:0)]
      (6): Parameter containing: [torch.float32 of size 1x1x512x1024 (cuda:0)]
  )
)
train the 20 -th image
start temperature: 0.3 noise parameter: 2.0
end temperature: 0.1 noise parameter: 1.0
********************Start from stage I
********************going into stage II
eval_object_psnr: 48.4245769343479
eval_background_psnr: 42.58464723286126
eval_background_psnr: 42.58464723286126
********************Evaluation the Image 20-th, after Step 999, BEST PSNR: 41.560518, Print rate 3.822272. *************************
Saved model at ./saved/modbase_7/context_16_arm_mod_16/sparity_0.0/inr_mod_16KODAK_ROI_Global_new_struture_7_12_3_33_orderconcat_operator_0_pw_0.0008_img_object20.pth
Trained the image with PSNR: 41.560518353541404  latent bits 3.822272300720215 latent bits number 2003971.5
[41.920899139908016, 42.05683185552155, 41.50299909273441, 41.60628089794445, 42.17414706595992, 42.56714739305277, 42.061732015194174, 42.47853325009182, 43.291657174328414, 44.00718670105075, 42.420725550901146, 43.50626687274438, 43.94346159961426, 43.804619731103145, 43.806970053789634, 43.4289936820812, 44.13230772312718, 44.66223982878339, 41.71014036958401, 42.50105742907634, 41.560518353541404]
[3.860734462738037, 3.9179346561431885, 3.8916611671447754, 4.141820907592773, 3.952106475830078, 3.9450013637542725, 3.441128730773926, 3.4642279148101807, 3.503342628479004, 3.6226956844329834, 3.5598440170288086, 3.648066282272339, 3.3159713745117188, 3.236926555633545, 3.2604727745056152, 3.07277250289917, 3.1264820098876953, 3.038137197494507, 3.845519542694092, 3.860788106918335, 3.822272300720215]
[2024136.75, 2054126.125, 2040351.25, 2171507.0, 2072042.0, 2068316.875, 1804142.5, 1816253.125, 1836760.5, 1899335.875, 1866383.5, 1912637.375, 1738524.0, 1697081.75, 1709426.75, 1611017.75, 1639177.0, 1592858.875, 2016159.75, 2024164.875, 2003971.5]
load the model: ./saved/modbase_7/context_16_arm_mod_16/sparity_0.0/inr_mod_16KODAK_ROI_Global_new_struture_7_12_3_33_orderconcat_operator_0_pw_0.0008_img_object20.pth for the  20 -th image
********************Evalutation with quantization
********************Starting quantizing models
eval_object_psnr: 48.306741645886696
full_image_psnr: 41.49318128646426
object_psnr: 48.306741645886696
background_psnr: 42.52962386325899
********************Evaluation the Image 20-th, BEST PSNR: 41.493181, Print rate 3.823050, Network rate 0.023834. *************************
eval_wsssim: 0.996499
Decoded image saved to ./experiments/vcip_combined_loss/decoded_images/othim21_maskerp_wsmse0_swhdc1_erp1_lambda0.0008.png
Evaluate the image: PSNR: 41.49318128646426 All bits: 3.846884250640869  latent bits: 3.823050022125244  network bits: 0.023834228515625
Evaluate arm network bits: 0.00954437255859375 Evaluate synthesis network bits: 0.01336669921875
Image All bits num: 2016875.25 latent bits num: 2004379.25 mlp bits num: 12496.0 border bits num:
arm bits num: 5004.0 synthesis bits num: 7008.0
[41.75362833362292, 41.908941628931814, 41.44715671041414, 41.60395319935239, 42.15504734650576, 42.466517631298544, 42.013444309835116, 42.470972957931984, 43.20027007421521, 44.00814867813279, 42.3773295858797, 43.49611811347902, 43.91093102804894, 43.67989207692046, 43.713127186006, 43.35420663611793, 43.99393335616986, 44.50014803668066, 41.67060090418852, 42.41863268926815, 41.49318128646426]
[3.8865792751312256, 3.94187331199646, 3.9172120094299316, 4.1665568351745605, 3.9791696071624756, 3.970857620239258, 3.4666104316711426, 3.490701675415039, 3.527003765106201, 3.64764404296875, 3.585512161254883, 3.6755051612854004, 3.3409361839294434, 3.2608299255371094, 3.2849817276000977, 3.097515106201172, 3.150322437286377, 3.061771869659424, 3.8728952407836914, 3.8862929344177246, 3.846884250640869]
[2037686.875, 2066676.875, 2053747.25, 2184475.75, 2086230.875, 2081873.0, 1817502.25, 1830133.0, 1849165.75, 1912416.0, 1879841.0, 1927023.25, 1751612.75, 1709614.0, 1722276.5, 1623990.0, 1651676.25, 1605250.25, 2030512.5, 2037536.75, 2016875.25]
Metrics saved to ./experiments/vcip_combined_loss/results.csv
Current eval Ave PSNR: 42.74458008426021 Ave Bits 3.62179312251863
Namespace(batch_size=1, lr=0.01, data='../data', sparsity=0.0, local_upsampling_kernel_size=8, upsampling_kernel_size=8, static_upsampling_kernel=False, latent_factor=1, mod_base=7, highest_flag=1, context_arm=16, dim_arm_mod=16, use_candidate=True, type='other', mod_hid_layer=0, sythesis_features=12, hidden_features=64, hidden_layer=2, scale=1, lambda_rate=0.0008, lambda_rate_list=[0.0006, 0.0008], start_index=0, mask_type='erp', wsmse_tag=0, swhdc_tag=1, swhdc_dilations=[1, 2, 3, 4], erp_padding=1, workdir='./experiments/vcip_combined_loss', train_steps_1=5000, train_steps_2=1000, loss_type='combined', lambda_dist=0.0023437500000000003, lambda_percep=1.0, patch_h=512, patch_w=1024, all_pix_num=524288, eval_pix_num=524288)
Directory './saved/modbase_7/context_16_arm_mod_16' already exists.
Directory './saved/modbase_7/context_16_arm_mod_16/sparity_0.0' already exists.
top %: 0.0

🔁 Stage-1 Training Candidate 1/7
Quantizer parameter: encoding gain  16
total pixel: 524288
Get Mod with shape torch.Size([1, 1, 8, 16]) at layer: 1
Get Mod with shape torch.Size([1, 1, 16, 32]) at layer: 2
Get Mod with shape torch.Size([1, 1, 32, 64]) at layer: 3
Get Mod with shape torch.Size([1, 1, 64, 128]) at layer: 4
Get Mod with shape torch.Size([1, 1, 128, 256]) at layer: 5
Get Mod with shape torch.Size([1, 1, 256, 512]) at layer: 6
Get Mod with shape torch.Size([1, 1, 512, 1024]) at layer: 7
start temperature: 0.3 noise parameter: 2.0
end temperature: 0.3 noise parameter: 2.0
********************Start from stage I
Step 400, BEST PSNR: 34.329192, Total loss 0.017289 with its rate 2.759554624557495 latent_bits 1446801.375

🔁 Stage-1 Training Candidate 2/7
Quantizer parameter: encoding gain  16
total pixel: 524288
Get Mod with shape torch.Size([1, 1, 8, 16]) at layer: 1
Get Mod with shape torch.Size([1, 1, 16, 32]) at layer: 2
Get Mod with shape torch.Size([1, 1, 32, 64]) at layer: 3
Get Mod with shape torch.Size([1, 1, 64, 128]) at layer: 4
Get Mod with shape torch.Size([1, 1, 128, 256]) at layer: 5
Get Mod with shape torch.Size([1, 1, 256, 512]) at layer: 6
Get Mod with shape torch.Size([1, 1, 512, 1024]) at layer: 7
start temperature: 0.3 noise parameter: 2.0
end temperature: 0.3 noise parameter: 2.0
********************Start from stage I
Step 400, BEST PSNR: 33.789053, Total loss 0.019261 with its rate 2.7011940479278564 latent_bits 1416203.625

🔁 Stage-1 Training Candidate 3/7
Quantizer parameter: encoding gain  16
total pixel: 524288
Get Mod with shape torch.Size([1, 1, 8, 16]) at layer: 1
Get Mod with shape torch.Size([1, 1, 16, 32]) at layer: 2
Get Mod with shape torch.Size([1, 1, 32, 64]) at layer: 3
Get Mod with shape torch.Size([1, 1, 64, 128]) at layer: 4
Get Mod with shape torch.Size([1, 1, 128, 256]) at layer: 5
Get Mod with shape torch.Size([1, 1, 256, 512]) at layer: 6
Get Mod with shape torch.Size([1, 1, 512, 1024]) at layer: 7
start temperature: 0.3 noise parameter: 2.0
end temperature: 0.3 noise parameter: 2.0
********************Start from stage I
Step 400, BEST PSNR: 33.580041, Total loss 0.018152 with its rate 2.6697802543640137 latent_bits 1399733.75

🔁 Stage-1 Training Candidate 4/7
Quantizer parameter: encoding gain  16
total pixel: 524288
Get Mod with shape torch.Size([1, 1, 8, 16]) at layer: 1
Get Mod with shape torch.Size([1, 1, 16, 32]) at layer: 2
Get Mod with shape torch.Size([1, 1, 32, 64]) at layer: 3
Get Mod with shape torch.Size([1, 1, 64, 128]) at layer: 4
Get Mod with shape torch.Size([1, 1, 128, 256]) at layer: 5
Get Mod with shape torch.Size([1, 1, 256, 512]) at layer: 6
Get Mod with shape torch.Size([1, 1, 512, 1024]) at layer: 7
start temperature: 0.3 noise parameter: 2.0
end temperature: 0.3 noise parameter: 2.0
********************Start from stage I
Step 400, BEST PSNR: 33.233927, Total loss 0.019166 with its rate 2.7063732147216797 latent_bits 1418919.0

🔁 Stage-1 Training Candidate 5/7
Quantizer parameter: encoding gain  16
total pixel: 524288
Get Mod with shape torch.Size([1, 1, 8, 16]) at layer: 1
Get Mod with shape torch.Size([1, 1, 16, 32]) at layer: 2
Get Mod with shape torch.Size([1, 1, 32, 64]) at layer: 3
Get Mod with shape torch.Size([1, 1, 64, 128]) at layer: 4
Get Mod with shape torch.Size([1, 1, 128, 256]) at layer: 5
Get Mod with shape torch.Size([1, 1, 256, 512]) at layer: 6
Get Mod with shape torch.Size([1, 1, 512, 1024]) at layer: 7
start temperature: 0.3 noise parameter: 2.0
end temperature: 0.3 noise parameter: 2.0
********************Start from stage I
Step 400, BEST PSNR: 33.959426, Total loss 0.018874 with its rate 2.72670841217041 latent_bits 1429580.5

🔁 Stage-1 Training Candidate 6/7
Quantizer parameter: encoding gain  16
total pixel: 524288
Get Mod with shape torch.Size([1, 1, 8, 16]) at layer: 1
Get Mod with shape torch.Size([1, 1, 16, 32]) at layer: 2
Get Mod with shape torch.Size([1, 1, 32, 64]) at layer: 3
Get Mod with shape torch.Size([1, 1, 64, 128]) at layer: 4
Get Mod with shape torch.Size([1, 1, 128, 256]) at layer: 5
Get Mod with shape torch.Size([1, 1, 256, 512]) at layer: 6
Get Mod with shape torch.Size([1, 1, 512, 1024]) at layer: 7
start temperature: 0.3 noise parameter: 2.0
end temperature: 0.3 noise parameter: 2.0
********************Start from stage I
Step 400, BEST PSNR: 33.943090, Total loss 0.018653 with its rate 2.69942569732666 latent_bits 1415276.5

🔁 Stage-1 Training Candidate 7/7
Quantizer parameter: encoding gain  16
total pixel: 524288
Get Mod with shape torch.Size([1, 1, 8, 16]) at layer: 1
Get Mod with shape torch.Size([1, 1, 16, 32]) at layer: 2
Get Mod with shape torch.Size([1, 1, 32, 64]) at layer: 3
Get Mod with shape torch.Size([1, 1, 64, 128]) at layer: 4
Get Mod with shape torch.Size([1, 1, 128, 256]) at layer: 5
Get Mod with shape torch.Size([1, 1, 256, 512]) at layer: 6
Get Mod with shape torch.Size([1, 1, 512, 1024]) at layer: 7
start temperature: 0.3 noise parameter: 2.0
end temperature: 0.3 noise parameter: 2.0
********************Start from stage I
Step 400, BEST PSNR: 34.280435, Total loss 0.017037 with its rate 2.730344533920288 latent_bits 1431486.875

🌟 Selected Top-3 Candidates by RD cost

🎯 Stage-2 Refining Candidate 1/3
start temperature: 0.3 noise parameter: 2.0
end temperature: 0.3 noise parameter: 2.0
********************Start from stage I
Step 400, BEST PSNR: 37.272427, Total loss 0.012568 with its rate 3.21986722946167 latent_bits 1688137.75

🎯 Stage-2 Refining Candidate 2/3
start temperature: 0.3 noise parameter: 2.0
end temperature: 0.3 noise parameter: 2.0
********************Start from stage I
Step 400, BEST PSNR: 36.693758, Total loss 0.012807 with its rate 3.117008924484253 latent_bits 1634210.375

🎯 Stage-2 Refining Candidate 3/3
start temperature: 0.3 noise parameter: 2.0
end temperature: 0.3 noise parameter: 2.0
********************Start from stage I
Step 400, BEST PSNR: 36.528464, Total loss 0.013038 with its rate 3.0844216346740723 latent_bits 1617125.25

🏆 Best Candidate Final PSNR: 37.27, Rate: 3.2199
Masked_INR(
  (upsampling_2d): Upsampling(
    (conv_transpose2d): UpsamplingConvTranspose2d()
  )
  (arm): Arm(
    (mlp): Sequential(
      (0): ArmConv(
        (conv1_1): Conv1d(16, 16, kernel_size=(1,), stride=(1,))
      )
      (1): GELU(approximate='none')
      (2): ArmConv(
        (conv1_1): Conv1d(16, 16, kernel_size=(1,), stride=(1,))
      )
      (3): GELU(approximate='none')
      (4): ArmConv(
        (conv1_1): Conv1d(16, 2, kernel_size=(1,), stride=(1,))
      )
    )
  )
  (conv_mod): LocalGlobalBlock(
    (net): Sequential(
      (0): SynthesisLayer(
        (pad): Identity()
        (conv_layer): SWHDC(
          (conv): Conv2d(2, 3, kernel_size=(3, 3), stride=(1, 1))
        )
        (non_linearity): GELU(approximate='none')
      )
      (1): SynthesisResidualLayer(
        (pad): ReplicationPad2d((0, 0, 0, 0))
        (conv_layer): Conv2d(3, 3, kernel_size=(1, 1), stride=(1, 1))
        (non_linearity): GELU(approximate='none')
      )
      (2): SynthesisResidualLayer(
        (pad): ReplicationPad2d((0, 0, 0, 0))
        (conv_layer): Conv2d(3, 3, kernel_size=(1, 1), stride=(1, 1))
        (non_linearity): GELU(approximate='none')
      )
      (3): SynthesisResidualLayer(
        (pad): ReplicationPad2d((0, 0, 0, 0))
        (conv_layer): Conv2d(3, 3, kernel_size=(1, 1), stride=(1, 1))
        (non_linearity): Identity()
      )
    )
    (global_net): Sequential(
      (0): SynthesisLayer(
        (pad): Identity()
        (conv_layer): SWHDC(
          (conv): Conv2d(2, 3, kernel_size=(3, 3), stride=(1, 1))
        )
        (non_linearity): GELU(approximate='none')
      )
      (1): SynthesisResidualLayer(
        (pad): ReplicationPad2d((0, 0, 0, 0))
        (conv_layer): Conv2d(3, 3, kernel_size=(1, 1), stride=(1, 1))
        (non_linearity): GELU(approximate='none')
      )
      (2): SynthesisResidualLayer(
        (pad): ReplicationPad2d((0, 0, 0, 0))
        (conv_layer): Conv2d(3, 3, kernel_size=(1, 1), stride=(1, 1))
        (non_linearity): GELU(approximate='none')
      )
      (3): SynthesisResidualLayer(
        (pad): ReplicationPad2d((0, 0, 0, 0))
        (conv_layer): Conv2d(3, 3, kernel_size=(1, 1), stride=(1, 1))
        (non_linearity): Identity()
      )
    )
    (agg_func): Sequential(
      (0): SynthesisLayer(
        (pad): ReplicationPad2d((0, 0, 0, 0))
        (conv_layer): Conv2d(18, 3, kernel_size=(1, 1), stride=(1, 1))
        (non_linearity): GELU(approximate='none')
      )
      (1): SynthesisLayer(
        (pad): ReplicationPad2d((0, 0, 0, 0))
        (conv_layer): Conv2d(21, 3, kernel_size=(1, 1), stride=(1, 1))
        (non_linearity): GELU(approximate='none')
      )
      (2): SynthesisLayer(
        (pad): ReplicationPad2d((0, 0, 0, 0))
        (conv_layer): Conv2d(24, 3, kernel_size=(1, 1), stride=(1, 1))
        (non_linearity): GELU(approximate='none')
      )
    )
    (full_net): Sequential(
      (0): SynthesisLayer(
        (pad): ReplicationPad2d((0, 0, 0, 0))
        (conv_layer): Conv2d(7, 12, kernel_size=(1, 1), stride=(1, 1))
        (non_linearity): GELU(approximate='none')
      )
      (1): SynthesisLayer(
        (pad): ReplicationPad2d((0, 0, 0, 0))
        (conv_layer): Conv2d(12, 3, kernel_size=(1, 1), stride=(1, 1))
        (non_linearity): GELU(approximate='none')
      )
      (2): SynthesisResidualLayer(
        (conv_layer): Conv2d(3, 3, kernel_size=(3, 3), stride=(1, 1))
        (non_linearity): GELU(approximate='none')
      )
      (3): SynthesisResidualLayer(
        (conv_layer): Conv2d(3, 3, kernel_size=(3, 3), stride=(1, 1))
        (non_linearity): GELU(approximate='none')
      )
    )
  )
  (modulation_sf): ParameterList(
      (0): Parameter containing: [torch.float32 of size 1x1x8x16 (cuda:0)]
      (1): Parameter containing: [torch.float32 of size 1x1x16x32 (cuda:0)]
      (2): Parameter containing: [torch.float32 of size 1x1x32x64 (cuda:0)]
      (3): Parameter containing: [torch.float32 of size 1x1x64x128 (cuda:0)]
      (4): Parameter containing: [torch.float32 of size 1x1x128x256 (cuda:0)]
      (5): Parameter containing: [torch.float32 of size 1x1x256x512 (cuda:0)]
      (6): Parameter containing: [torch.float32 of size 1x1x512x1024 (cuda:0)]
  )
)
train the 21 -th image
start temperature: 0.3 noise parameter: 2.0
end temperature: 0.1 noise parameter: 1.0
********************Start from stage I
********************going into stage II
eval_object_psnr: 47.48854506142171
eval_background_psnr: 43.07530675898666
eval_background_psnr: 43.07530675898666
********************Evaluation the Image 21-th, after Step 999, BEST PSNR: 41.730110, Print rate 3.602392. *************************
Saved model at ./saved/modbase_7/context_16_arm_mod_16/sparity_0.0/inr_mod_16KODAK_ROI_Global_new_struture_7_12_3_33_orderconcat_operator_0_pw_0.0008_img_object21.pth
Trained the image with PSNR: 41.73010990425015  latent bits 3.6023917198181152 latent bits number 1888690.75
[41.920899139908016, 42.05683185552155, 41.50299909273441, 41.60628089794445, 42.17414706595992, 42.56714739305277, 42.061732015194174, 42.47853325009182, 43.291657174328414, 44.00718670105075, 42.420725550901146, 43.50626687274438, 43.94346159961426, 43.804619731103145, 43.806970053789634, 43.4289936820812, 44.13230772312718, 44.66223982878339, 41.71014036958401, 42.50105742907634, 41.560518353541404, 41.73010990425015]
[3.860734462738037, 3.9179346561431885, 3.8916611671447754, 4.141820907592773, 3.952106475830078, 3.9450013637542725, 3.441128730773926, 3.4642279148101807, 3.503342628479004, 3.6226956844329834, 3.5598440170288086, 3.648066282272339, 3.3159713745117188, 3.236926555633545, 3.2604727745056152, 3.07277250289917, 3.1264820098876953, 3.038137197494507, 3.845519542694092, 3.860788106918335, 3.822272300720215, 3.6023917198181152]
[2024136.75, 2054126.125, 2040351.25, 2171507.0, 2072042.0, 2068316.875, 1804142.5, 1816253.125, 1836760.5, 1899335.875, 1866383.5, 1912637.375, 1738524.0, 1697081.75, 1709426.75, 1611017.75, 1639177.0, 1592858.875, 2016159.75, 2024164.875, 2003971.5, 1888690.75]
load the model: ./saved/modbase_7/context_16_arm_mod_16/sparity_0.0/inr_mod_16KODAK_ROI_Global_new_struture_7_12_3_33_orderconcat_operator_0_pw_0.0008_img_object21.pth for the  21 -th image
********************Evalutation with quantization
********************Starting quantizing models
eval_object_psnr: 47.45600797701628
full_image_psnr: 41.70417212539177
object_psnr: 47.45600797701628
background_psnr: 43.048242048963886
********************Evaluation the Image 21-th, BEST PSNR: 41.704172, Print rate 3.605324, Network rate 0.023001. *************************
eval_wsssim: 0.993518
Decoded image saved to ./experiments/vcip_combined_loss/decoded_images/othim22_maskerp_wsmse0_swhdc1_erp1_lambda0.0008.png
Evaluate the image: PSNR: 41.70417212539177 All bits: 3.6283247470855713  latent bits: 3.6053240299224854  network bits: 0.023000717163085938
Evaluate arm network bits: 0.009532928466796875 Evaluate synthesis network bits: 0.012409210205078125
Image All bits num: 1902287.125 latent bits num: 1890228.125 mlp bits num: 12059.0 border bits num:
arm bits num: 4998.0 synthesis bits num: 6506.0
[41.75362833362292, 41.908941628931814, 41.44715671041414, 41.60395319935239, 42.15504734650576, 42.466517631298544, 42.013444309835116, 42.470972957931984, 43.20027007421521, 44.00814867813279, 42.3773295858797, 43.49611811347902, 43.91093102804894, 43.67989207692046, 43.713127186006, 43.35420663611793, 43.99393335616986, 44.50014803668066, 41.67060090418852, 42.41863268926815, 41.49318128646426, 41.70417212539177]
[3.8865792751312256, 3.94187331199646, 3.9172120094299316, 4.1665568351745605, 3.9791696071624756, 3.970857620239258, 3.4666104316711426, 3.490701675415039, 3.527003765106201, 3.64764404296875, 3.585512161254883, 3.6755051612854004, 3.3409361839294434, 3.2608299255371094, 3.2849817276000977, 3.097515106201172, 3.150322437286377, 3.061771869659424, 3.8728952407836914, 3.8862929344177246, 3.846884250640869, 3.6283247470855713]
[2037686.875, 2066676.875, 2053747.25, 2184475.75, 2086230.875, 2081873.0, 1817502.25, 1830133.0, 1849165.75, 1912416.0, 1879841.0, 1927023.25, 1751612.75, 1709614.0, 1722276.5, 1623990.0, 1651676.25, 1605250.25, 2030512.5, 2037536.75, 2016875.25, 1902287.125]
Metrics saved to ./experiments/vcip_combined_loss/results.csv
Current eval Ave PSNR: 42.69728881340255 Ave Bits 3.6220900145444004
Namespace(batch_size=1, lr=0.01, data='../data', sparsity=0.0, local_upsampling_kernel_size=8, upsampling_kernel_size=8, static_upsampling_kernel=False, latent_factor=1, mod_base=7, highest_flag=1, context_arm=16, dim_arm_mod=16, use_candidate=True, type='other', mod_hid_layer=0, sythesis_features=12, hidden_features=64, hidden_layer=2, scale=1, lambda_rate=0.0008, lambda_rate_list=[0.0006, 0.0008], start_index=0, mask_type='erp', wsmse_tag=0, swhdc_tag=1, swhdc_dilations=[1, 2, 3, 4], erp_padding=1, workdir='./experiments/vcip_combined_loss', train_steps_1=5000, train_steps_2=1000, loss_type='combined', lambda_dist=0.0023437500000000003, lambda_percep=1.0, patch_h=512, patch_w=1024, all_pix_num=524288, eval_pix_num=524288)
Directory './saved/modbase_7/context_16_arm_mod_16' already exists.
Directory './saved/modbase_7/context_16_arm_mod_16/sparity_0.0' already exists.
top %: 0.0

🔁 Stage-1 Training Candidate 1/7
Quantizer parameter: encoding gain  16
total pixel: 524288
Get Mod with shape torch.Size([1, 1, 8, 16]) at layer: 1
Get Mod with shape torch.Size([1, 1, 16, 32]) at layer: 2
Get Mod with shape torch.Size([1, 1, 32, 64]) at layer: 3
Get Mod with shape torch.Size([1, 1, 64, 128]) at layer: 4
Get Mod with shape torch.Size([1, 1, 128, 256]) at layer: 5
Get Mod with shape torch.Size([1, 1, 256, 512]) at layer: 6
Get Mod with shape torch.Size([1, 1, 512, 1024]) at layer: 7
start temperature: 0.3 noise parameter: 2.0
end temperature: 0.3 noise parameter: 2.0
********************Start from stage I
Step 400, BEST PSNR: 33.387635, Total loss 0.018033 with its rate 2.63980770111084 latent_bits 1384019.5

🔁 Stage-1 Training Candidate 2/7
Quantizer parameter: encoding gain  16
total pixel: 524288
Get Mod with shape torch.Size([1, 1, 8, 16]) at layer: 1
Get Mod with shape torch.Size([1, 1, 16, 32]) at layer: 2
Get Mod with shape torch.Size([1, 1, 32, 64]) at layer: 3
Get Mod with shape torch.Size([1, 1, 64, 128]) at layer: 4
Get Mod with shape torch.Size([1, 1, 128, 256]) at layer: 5
Get Mod with shape torch.Size([1, 1, 256, 512]) at layer: 6
Get Mod with shape torch.Size([1, 1, 512, 1024]) at layer: 7
start temperature: 0.3 noise parameter: 2.0
end temperature: 0.3 noise parameter: 2.0
********************Start from stage I
Step 400, BEST PSNR: 33.410393, Total loss 0.017538 with its rate 2.616556167602539 latent_bits 1371829.0

🔁 Stage-1 Training Candidate 3/7
Quantizer parameter: encoding gain  16
total pixel: 524288
Get Mod with shape torch.Size([1, 1, 8, 16]) at layer: 1
Get Mod with shape torch.Size([1, 1, 16, 32]) at layer: 2
Get Mod with shape torch.Size([1, 1, 32, 64]) at layer: 3
Get Mod with shape torch.Size([1, 1, 64, 128]) at layer: 4
Get Mod with shape torch.Size([1, 1, 128, 256]) at layer: 5
Get Mod with shape torch.Size([1, 1, 256, 512]) at layer: 6
Get Mod with shape torch.Size([1, 1, 512, 1024]) at layer: 7
start temperature: 0.3 noise parameter: 2.0
end temperature: 0.3 noise parameter: 2.0
********************Start from stage I
Step 400, BEST PSNR: 34.244014, Total loss 0.016851 with its rate 2.6606340408325195 latent_bits 1394938.5

🔁 Stage-1 Training Candidate 4/7
Quantizer parameter: encoding gain  16
total pixel: 524288
Get Mod with shape torch.Size([1, 1, 8, 16]) at layer: 1
Get Mod with shape torch.Size([1, 1, 16, 32]) at layer: 2
Get Mod with shape torch.Size([1, 1, 32, 64]) at layer: 3
Get Mod with shape torch.Size([1, 1, 64, 128]) at layer: 4
Get Mod with shape torch.Size([1, 1, 128, 256]) at layer: 5
Get Mod with shape torch.Size([1, 1, 256, 512]) at layer: 6
Get Mod with shape torch.Size([1, 1, 512, 1024]) at layer: 7
start temperature: 0.3 noise parameter: 2.0
end temperature: 0.3 noise parameter: 2.0
********************Start from stage I
Step 400, BEST PSNR: 34.090353, Total loss 0.016518 with its rate 2.6743226051330566 latent_bits 1402115.25

🔁 Stage-1 Training Candidate 5/7
Quantizer parameter: encoding gain  16
total pixel: 524288
Get Mod with shape torch.Size([1, 1, 8, 16]) at layer: 1
Get Mod with shape torch.Size([1, 1, 16, 32]) at layer: 2
Get Mod with shape torch.Size([1, 1, 32, 64]) at layer: 3
Get Mod with shape torch.Size([1, 1, 64, 128]) at layer: 4
Get Mod with shape torch.Size([1, 1, 128, 256]) at layer: 5
Get Mod with shape torch.Size([1, 1, 256, 512]) at layer: 6
Get Mod with shape torch.Size([1, 1, 512, 1024]) at layer: 7
start temperature: 0.3 noise parameter: 2.0
end temperature: 0.3 noise parameter: 2.0
********************Start from stage I
Step 400, BEST PSNR: 33.713966, Total loss 0.017657 with its rate 2.702302932739258 latent_bits 1416785.0

🔁 Stage-1 Training Candidate 6/7
Quantizer parameter: encoding gain  16
total pixel: 524288
Get Mod with shape torch.Size([1, 1, 8, 16]) at layer: 1
Get Mod with shape torch.Size([1, 1, 16, 32]) at layer: 2
Get Mod with shape torch.Size([1, 1, 32, 64]) at layer: 3
Get Mod with shape torch.Size([1, 1, 64, 128]) at layer: 4
Get Mod with shape torch.Size([1, 1, 128, 256]) at layer: 5
Get Mod with shape torch.Size([1, 1, 256, 512]) at layer: 6
Get Mod with shape torch.Size([1, 1, 512, 1024]) at layer: 7
start temperature: 0.3 noise parameter: 2.0
end temperature: 0.3 noise parameter: 2.0
********************Start from stage I
Step 400, BEST PSNR: 34.342449, Total loss 0.016483 with its rate 2.7161343097686768 latent_bits 1424036.625

🔁 Stage-1 Training Candidate 7/7
Quantizer parameter: encoding gain  16
total pixel: 524288
Get Mod with shape torch.Size([1, 1, 8, 16]) at layer: 1
Get Mod with shape torch.Size([1, 1, 16, 32]) at layer: 2
Get Mod with shape torch.Size([1, 1, 32, 64]) at layer: 3
Get Mod with shape torch.Size([1, 1, 64, 128]) at layer: 4
Get Mod with shape torch.Size([1, 1, 128, 256]) at layer: 5
Get Mod with shape torch.Size([1, 1, 256, 512]) at layer: 6
Get Mod with shape torch.Size([1, 1, 512, 1024]) at layer: 7
start temperature: 0.3 noise parameter: 2.0
end temperature: 0.3 noise parameter: 2.0
********************Start from stage I
Step 400, BEST PSNR: 34.175206, Total loss 0.017629 with its rate 2.6642444133758545 latent_bits 1396831.375

🌟 Selected Top-3 Candidates by RD cost

🎯 Stage-2 Refining Candidate 1/3
start temperature: 0.3 noise parameter: 2.0
end temperature: 0.3 noise parameter: 2.0
********************Start from stage I
Step 400, BEST PSNR: 36.091445, Total loss 0.012614 with its rate 3.1346445083618164 latent_bits 1643456.5

🎯 Stage-2 Refining Candidate 2/3
start temperature: 0.3 noise parameter: 2.0
end temperature: 0.3 noise parameter: 2.0
********************Start from stage I
Step 400, BEST PSNR: 36.084053, Total loss 0.012034 with its rate 3.1436638832092285 latent_bits 1648185.25

🎯 Stage-2 Refining Candidate 3/3
start temperature: 0.3 noise parameter: 2.0
end temperature: 0.3 noise parameter: 2.0
********************Start from stage I
Step 400, BEST PSNR: 36.106415, Total loss 0.013181 with its rate 3.158444404602051 latent_bits 1655934.5

🏆 Best Candidate Final PSNR: 36.08, Rate: 3.1437
Masked_INR(
  (upsampling_2d): Upsampling(
    (conv_transpose2d): UpsamplingConvTranspose2d()
  )
  (arm): Arm(
    (mlp): Sequential(
      (0): ArmConv(
        (conv1_1): Conv1d(16, 16, kernel_size=(1,), stride=(1,))
      )
      (1): GELU(approximate='none')
      (2): ArmConv(
        (conv1_1): Conv1d(16, 16, kernel_size=(1,), stride=(1,))
      )
      (3): GELU(approximate='none')
      (4): ArmConv(
        (conv1_1): Conv1d(16, 2, kernel_size=(1,), stride=(1,))
      )
    )
  )
  (conv_mod): LocalGlobalBlock(
    (net): Sequential(
      (0): SynthesisLayer(
        (pad): Identity()
        (conv_layer): SWHDC(
          (conv): Conv2d(2, 3, kernel_size=(3, 3), stride=(1, 1))
        )
        (non_linearity): GELU(approximate='none')
      )
      (1): SynthesisResidualLayer(
        (pad): ReplicationPad2d((0, 0, 0, 0))
        (conv_layer): Conv2d(3, 3, kernel_size=(1, 1), stride=(1, 1))
        (non_linearity): GELU(approximate='none')
      )
      (2): SynthesisResidualLayer(
        (pad): ReplicationPad2d((0, 0, 0, 0))
        (conv_layer): Conv2d(3, 3, kernel_size=(1, 1), stride=(1, 1))
        (non_linearity): GELU(approximate='none')
      )
      (3): SynthesisResidualLayer(
        (pad): ReplicationPad2d((0, 0, 0, 0))
        (conv_layer): Conv2d(3, 3, kernel_size=(1, 1), stride=(1, 1))
        (non_linearity): Identity()
      )
    )
    (global_net): Sequential(
      (0): SynthesisLayer(
        (pad): Identity()
        (conv_layer): SWHDC(
          (conv): Conv2d(2, 3, kernel_size=(3, 3), stride=(1, 1))
        )
        (non_linearity): GELU(approximate='none')
      )
      (1): SynthesisResidualLayer(
        (pad): ReplicationPad2d((0, 0, 0, 0))
        (conv_layer): Conv2d(3, 3, kernel_size=(1, 1), stride=(1, 1))
        (non_linearity): GELU(approximate='none')
      )
      (2): SynthesisResidualLayer(
        (pad): ReplicationPad2d((0, 0, 0, 0))
        (conv_layer): Conv2d(3, 3, kernel_size=(1, 1), stride=(1, 1))
        (non_linearity): GELU(approximate='none')
      )
      (3): SynthesisResidualLayer(
        (pad): ReplicationPad2d((0, 0, 0, 0))
        (conv_layer): Conv2d(3, 3, kernel_size=(1, 1), stride=(1, 1))
        (non_linearity): Identity()
      )
    )
    (agg_func): Sequential(
      (0): SynthesisLayer(
        (pad): ReplicationPad2d((0, 0, 0, 0))
        (conv_layer): Conv2d(18, 3, kernel_size=(1, 1), stride=(1, 1))
        (non_linearity): GELU(approximate='none')
      )
      (1): SynthesisLayer(
        (pad): ReplicationPad2d((0, 0, 0, 0))
        (conv_layer): Conv2d(21, 3, kernel_size=(1, 1), stride=(1, 1))
        (non_linearity): GELU(approximate='none')
      )
      (2): SynthesisLayer(
        (pad): ReplicationPad2d((0, 0, 0, 0))
        (conv_layer): Conv2d(24, 3, kernel_size=(1, 1), stride=(1, 1))
        (non_linearity): GELU(approximate='none')
      )
    )
    (full_net): Sequential(
      (0): SynthesisLayer(
        (pad): ReplicationPad2d((0, 0, 0, 0))
        (conv_layer): Conv2d(7, 12, kernel_size=(1, 1), stride=(1, 1))
        (non_linearity): GELU(approximate='none')
      )
      (1): SynthesisLayer(
        (pad): ReplicationPad2d((0, 0, 0, 0))
        (conv_layer): Conv2d(12, 3, kernel_size=(1, 1), stride=(1, 1))
        (non_linearity): GELU(approximate='none')
      )
      (2): SynthesisResidualLayer(
        (conv_layer): Conv2d(3, 3, kernel_size=(3, 3), stride=(1, 1))
        (non_linearity): GELU(approximate='none')
      )
      (3): SynthesisResidualLayer(
        (conv_layer): Conv2d(3, 3, kernel_size=(3, 3), stride=(1, 1))
        (non_linearity): GELU(approximate='none')
      )
    )
  )
  (modulation_sf): ParameterList(
      (0): Parameter containing: [torch.float32 of size 1x1x8x16 (cuda:0)]
      (1): Parameter containing: [torch.float32 of size 1x1x16x32 (cuda:0)]
      (2): Parameter containing: [torch.float32 of size 1x1x32x64 (cuda:0)]
      (3): Parameter containing: [torch.float32 of size 1x1x64x128 (cuda:0)]
      (4): Parameter containing: [torch.float32 of size 1x1x128x256 (cuda:0)]
      (5): Parameter containing: [torch.float32 of size 1x1x256x512 (cuda:0)]
      (6): Parameter containing: [torch.float32 of size 1x1x512x1024 (cuda:0)]
  )
)
train the 22 -th image
start temperature: 0.3 noise parameter: 2.0
end temperature: 0.1 noise parameter: 1.0
********************Start from stage I
********************going into stage II
eval_object_psnr: 46.887917576455045
eval_background_psnr: 42.282336701171715
eval_background_psnr: 42.282336701171715
********************Evaluation the Image 22-th, after Step 999, BEST PSNR: 40.974203, Print rate 3.457930. *************************
Saved model at ./saved/modbase_7/context_16_arm_mod_16/sparity_0.0/inr_mod_16KODAK_ROI_Global_new_struture_7_12_3_33_orderconcat_operator_0_pw_0.0008_img_object22.pth
Trained the image with PSNR: 40.974202962743  latent bits 3.457929849624634 latent bits number 1812951.125
[41.920899139908016, 42.05683185552155, 41.50299909273441, 41.60628089794445, 42.17414706595992, 42.56714739305277, 42.061732015194174, 42.47853325009182, 43.291657174328414, 44.00718670105075, 42.420725550901146, 43.50626687274438, 43.94346159961426, 43.804619731103145, 43.806970053789634, 43.4289936820812, 44.13230772312718, 44.66223982878339, 41.71014036958401, 42.50105742907634, 41.560518353541404, 41.73010990425015, 40.974202962743]
[3.860734462738037, 3.9179346561431885, 3.8916611671447754, 4.141820907592773, 3.952106475830078, 3.9450013637542725, 3.441128730773926, 3.4642279148101807, 3.503342628479004, 3.6226956844329834, 3.5598440170288086, 3.648066282272339, 3.3159713745117188, 3.236926555633545, 3.2604727745056152, 3.07277250289917, 3.1264820098876953, 3.038137197494507, 3.845519542694092, 3.860788106918335, 3.822272300720215, 3.6023917198181152, 3.457929849624634]
[2024136.75, 2054126.125, 2040351.25, 2171507.0, 2072042.0, 2068316.875, 1804142.5, 1816253.125, 1836760.5, 1899335.875, 1866383.5, 1912637.375, 1738524.0, 1697081.75, 1709426.75, 1611017.75, 1639177.0, 1592858.875, 2016159.75, 2024164.875, 2003971.5, 1888690.75, 1812951.125]
load the model: ./saved/modbase_7/context_16_arm_mod_16/sparity_0.0/inr_mod_16KODAK_ROI_Global_new_struture_7_12_3_33_orderconcat_operator_0_pw_0.0008_img_object22.pth for the  22 -th image
********************Evalutation with quantization
********************Starting quantizing models
eval_object_psnr: 46.85652748973869
full_image_psnr: 40.955170983120915
object_psnr: 46.85652748973869
background_psnr: 42.26698985084849
********************Evaluation the Image 22-th, BEST PSNR: 40.955171, Print rate 3.459510, Network rate 0.025112. *************************
eval_wsssim: 0.994212
Decoded image saved to ./experiments/vcip_combined_loss/decoded_images/othim23_maskerp_wsmse0_swhdc1_erp1_lambda0.0008.png
Evaluate the image: PSNR: 40.955170983120915 All bits: 3.4846224784851074  latent bits: 3.459510326385498  network bits: 0.025112152099609375
Evaluate arm network bits: 0.009508132934570312 Evaluate synthesis network bits: 0.014532089233398438
Image All bits num: 1826945.75 latent bits num: 1813779.75 mlp bits num: 13166.0 border bits num:
arm bits num: 4985.0 synthesis bits num: 7619.0
[41.75362833362292, 41.908941628931814, 41.44715671041414, 41.60395319935239, 42.15504734650576, 42.466517631298544, 42.013444309835116, 42.470972957931984, 43.20027007421521, 44.00814867813279, 42.3773295858797, 43.49611811347902, 43.91093102804894, 43.67989207692046, 43.713127186006, 43.35420663611793, 43.99393335616986, 44.50014803668066, 41.67060090418852, 42.41863268926815, 41.49318128646426, 41.70417212539177, 40.955170983120915]
[3.8865792751312256, 3.94187331199646, 3.9172120094299316, 4.1665568351745605, 3.9791696071624756, 3.970857620239258, 3.4666104316711426, 3.490701675415039, 3.527003765106201, 3.64764404296875, 3.585512161254883, 3.6755051612854004, 3.3409361839294434, 3.2608299255371094, 3.2849817276000977, 3.097515106201172, 3.150322437286377, 3.061771869659424, 3.8728952407836914, 3.8862929344177246, 3.846884250640869, 3.6283247470855713, 3.4846224784851074]
[2037686.875, 2066676.875, 2053747.25, 2184475.75, 2086230.875, 2081873.0, 1817502.25, 1830133.0, 1849165.75, 1912416.0, 1879841.0, 1927023.25, 1751612.75, 1709614.0, 1722276.5, 1623990.0, 1651676.25, 1605250.25, 2030512.5, 2037536.75, 2016875.25, 1902287.125, 1826945.75]
Metrics saved to ./experiments/vcip_combined_loss/results.csv
Current eval Ave PSNR: 42.62154455991204 Ave Bits 3.616113165150518
Namespace(batch_size=1, lr=0.01, data='../data', sparsity=0.0, local_upsampling_kernel_size=8, upsampling_kernel_size=8, static_upsampling_kernel=False, latent_factor=1, mod_base=7, highest_flag=1, context_arm=16, dim_arm_mod=16, use_candidate=True, type='other', mod_hid_layer=0, sythesis_features=12, hidden_features=64, hidden_layer=2, scale=1, lambda_rate=0.0008, lambda_rate_list=[0.0006, 0.0008], start_index=0, mask_type='erp', wsmse_tag=0, swhdc_tag=1, swhdc_dilations=[1, 2, 3, 4], erp_padding=1, workdir='./experiments/vcip_combined_loss', train_steps_1=5000, train_steps_2=1000, loss_type='combined', lambda_dist=0.0023437500000000003, lambda_percep=1.0, patch_h=512, patch_w=1024, all_pix_num=524288, eval_pix_num=524288)
Directory './saved/modbase_7/context_16_arm_mod_16' already exists.
Directory './saved/modbase_7/context_16_arm_mod_16/sparity_0.0' already exists.
top %: 0.0

🔁 Stage-1 Training Candidate 1/7
Quantizer parameter: encoding gain  16
total pixel: 524288
Get Mod with shape torch.Size([1, 1, 8, 16]) at layer: 1
Get Mod with shape torch.Size([1, 1, 16, 32]) at layer: 2
Get Mod with shape torch.Size([1, 1, 32, 64]) at layer: 3
Get Mod with shape torch.Size([1, 1, 64, 128]) at layer: 4
Get Mod with shape torch.Size([1, 1, 128, 256]) at layer: 5
Get Mod with shape torch.Size([1, 1, 256, 512]) at layer: 6
Get Mod with shape torch.Size([1, 1, 512, 1024]) at layer: 7
start temperature: 0.3 noise parameter: 2.0
end temperature: 0.3 noise parameter: 2.0
********************Start from stage I
Step 400, BEST PSNR: 33.422323, Total loss 0.018958 with its rate 2.952038526535034 latent_bits 1547718.375

🔁 Stage-1 Training Candidate 2/7
Quantizer parameter: encoding gain  16
total pixel: 524288
Get Mod with shape torch.Size([1, 1, 8, 16]) at layer: 1
Get Mod with shape torch.Size([1, 1, 16, 32]) at layer: 2
Get Mod with shape torch.Size([1, 1, 32, 64]) at layer: 3
Get Mod with shape torch.Size([1, 1, 64, 128]) at layer: 4
Get Mod with shape torch.Size([1, 1, 128, 256]) at layer: 5
Get Mod with shape torch.Size([1, 1, 256, 512]) at layer: 6
Get Mod with shape torch.Size([1, 1, 512, 1024]) at layer: 7
start temperature: 0.3 noise parameter: 2.0
end temperature: 0.3 noise parameter: 2.0
********************Start from stage I
Step 400, BEST PSNR: 32.852140, Total loss 0.018992 with its rate 2.91947603225708 latent_bits 1530646.25

🔁 Stage-1 Training Candidate 3/7
Quantizer parameter: encoding gain  16
total pixel: 524288
Get Mod with shape torch.Size([1, 1, 8, 16]) at layer: 1
Get Mod with shape torch.Size([1, 1, 16, 32]) at layer: 2
Get Mod with shape torch.Size([1, 1, 32, 64]) at layer: 3
Get Mod with shape torch.Size([1, 1, 64, 128]) at layer: 4
Get Mod with shape torch.Size([1, 1, 128, 256]) at layer: 5
Get Mod with shape torch.Size([1, 1, 256, 512]) at layer: 6
Get Mod with shape torch.Size([1, 1, 512, 1024]) at layer: 7
start temperature: 0.3 noise parameter: 2.0
end temperature: 0.3 noise parameter: 2.0
********************Start from stage I
Step 400, BEST PSNR: 32.692718, Total loss 0.019765 with its rate 2.8769593238830566 latent_bits 1508355.25

🔁 Stage-1 Training Candidate 4/7
Quantizer parameter: encoding gain  16
total pixel: 524288
Get Mod with shape torch.Size([1, 1, 8, 16]) at layer: 1
Get Mod with shape torch.Size([1, 1, 16, 32]) at layer: 2
Get Mod with shape torch.Size([1, 1, 32, 64]) at layer: 3
Get Mod with shape torch.Size([1, 1, 64, 128]) at layer: 4
Get Mod with shape torch.Size([1, 1, 128, 256]) at layer: 5
Get Mod with shape torch.Size([1, 1, 256, 512]) at layer: 6
Get Mod with shape torch.Size([1, 1, 512, 1024]) at layer: 7
start temperature: 0.3 noise parameter: 2.0
end temperature: 0.3 noise parameter: 2.0
********************Start from stage I
Step 400, BEST PSNR: 33.881176, Total loss 0.018699 with its rate 2.8992488384246826 latent_bits 1520041.375

🔁 Stage-1 Training Candidate 5/7
Quantizer parameter: encoding gain  16
total pixel: 524288
Get Mod with shape torch.Size([1, 1, 8, 16]) at layer: 1
Get Mod with shape torch.Size([1, 1, 16, 32]) at layer: 2
Get Mod with shape torch.Size([1, 1, 32, 64]) at layer: 3
Get Mod with shape torch.Size([1, 1, 64, 128]) at layer: 4
Get Mod with shape torch.Size([1, 1, 128, 256]) at layer: 5
Get Mod with shape torch.Size([1, 1, 256, 512]) at layer: 6
Get Mod with shape torch.Size([1, 1, 512, 1024]) at layer: 7
start temperature: 0.3 noise parameter: 2.0
end temperature: 0.3 noise parameter: 2.0
********************Start from stage I
Step 400, BEST PSNR: 33.873092, Total loss 0.018516 with its rate 2.9713244438171387 latent_bits 1557829.75

🔁 Stage-1 Training Candidate 6/7
Quantizer parameter: encoding gain  16
total pixel: 524288
Get Mod with shape torch.Size([1, 1, 8, 16]) at layer: 1
Get Mod with shape torch.Size([1, 1, 16, 32]) at layer: 2
Get Mod with shape torch.Size([1, 1, 32, 64]) at layer: 3
Get Mod with shape torch.Size([1, 1, 64, 128]) at layer: 4
Get Mod with shape torch.Size([1, 1, 128, 256]) at layer: 5
Get Mod with shape torch.Size([1, 1, 256, 512]) at layer: 6
Get Mod with shape torch.Size([1, 1, 512, 1024]) at layer: 7
start temperature: 0.3 noise parameter: 2.0
end temperature: 0.3 noise parameter: 2.0
********************Start from stage I
Step 400, BEST PSNR: 33.628460, Total loss 0.019100 with its rate 2.8821115493774414 latent_bits 1511056.5

🔁 Stage-1 Training Candidate 7/7
Quantizer parameter: encoding gain  16
total pixel: 524288
Get Mod with shape torch.Size([1, 1, 8, 16]) at layer: 1
Get Mod with shape torch.Size([1, 1, 16, 32]) at layer: 2
Get Mod with shape torch.Size([1, 1, 32, 64]) at layer: 3
Get Mod with shape torch.Size([1, 1, 64, 128]) at layer: 4
Get Mod with shape torch.Size([1, 1, 128, 256]) at layer: 5
Get Mod with shape torch.Size([1, 1, 256, 512]) at layer: 6
Get Mod with shape torch.Size([1, 1, 512, 1024]) at layer: 7
start temperature: 0.3 noise parameter: 2.0
end temperature: 0.3 noise parameter: 2.0
********************Start from stage I
Step 400, BEST PSNR: 33.045252, Total loss 0.020269 with its rate 2.9211201667785645 latent_bits 1531508.25

🌟 Selected Top-3 Candidates by RD cost

🎯 Stage-2 Refining Candidate 1/3
start temperature: 0.3 noise parameter: 2.0
end temperature: 0.3 noise parameter: 2.0
********************Start from stage I
Step 400, BEST PSNR: 36.174395, Total loss 0.013856 with its rate 3.3879196643829346 latent_bits 1776245.625

🎯 Stage-2 Refining Candidate 2/3
start temperature: 0.3 noise parameter: 2.0
end temperature: 0.3 noise parameter: 2.0
********************Start from stage I
Step 400, BEST PSNR: 36.446634, Total loss 0.013980 with its rate 3.443243980407715 latent_bits 1805251.5

🎯 Stage-2 Refining Candidate 3/3
start temperature: 0.3 noise parameter: 2.0
end temperature: 0.3 noise parameter: 2.0
********************Start from stage I
Step 400, BEST PSNR: 35.976372, Total loss 0.013956 with its rate 3.447507381439209 latent_bits 1807486.75

🏆 Best Candidate Final PSNR: 36.17, Rate: 3.3879
Masked_INR(
  (upsampling_2d): Upsampling(
    (conv_transpose2d): UpsamplingConvTranspose2d()
  )
  (arm): Arm(
    (mlp): Sequential(
      (0): ArmConv(
        (conv1_1): Conv1d(16, 16, kernel_size=(1,), stride=(1,))
      )
      (1): GELU(approximate='none')
      (2): ArmConv(
        (conv1_1): Conv1d(16, 16, kernel_size=(1,), stride=(1,))
      )
      (3): GELU(approximate='none')
      (4): ArmConv(
        (conv1_1): Conv1d(16, 2, kernel_size=(1,), stride=(1,))
      )
    )
  )
  (conv_mod): LocalGlobalBlock(
    (net): Sequential(
      (0): SynthesisLayer(
        (pad): Identity()
        (conv_layer): SWHDC(
          (conv): Conv2d(2, 3, kernel_size=(3, 3), stride=(1, 1))
        )
        (non_linearity): GELU(approximate='none')
      )
      (1): SynthesisResidualLayer(
        (pad): ReplicationPad2d((0, 0, 0, 0))
        (conv_layer): Conv2d(3, 3, kernel_size=(1, 1), stride=(1, 1))
        (non_linearity): GELU(approximate='none')
      )
      (2): SynthesisResidualLayer(
        (pad): ReplicationPad2d((0, 0, 0, 0))
        (conv_layer): Conv2d(3, 3, kernel_size=(1, 1), stride=(1, 1))
        (non_linearity): GELU(approximate='none')
      )
      (3): SynthesisResidualLayer(
        (pad): ReplicationPad2d((0, 0, 0, 0))
        (conv_layer): Conv2d(3, 3, kernel_size=(1, 1), stride=(1, 1))
        (non_linearity): Identity()
      )
    )
    (global_net): Sequential(
      (0): SynthesisLayer(
        (pad): Identity()
        (conv_layer): SWHDC(
          (conv): Conv2d(2, 3, kernel_size=(3, 3), stride=(1, 1))
        )
        (non_linearity): GELU(approximate='none')
      )
      (1): SynthesisResidualLayer(
        (pad): ReplicationPad2d((0, 0, 0, 0))
        (conv_layer): Conv2d(3, 3, kernel_size=(1, 1), stride=(1, 1))
        (non_linearity): GELU(approximate='none')
      )
      (2): SynthesisResidualLayer(
        (pad): ReplicationPad2d((0, 0, 0, 0))
        (conv_layer): Conv2d(3, 3, kernel_size=(1, 1), stride=(1, 1))
        (non_linearity): GELU(approximate='none')
      )
      (3): SynthesisResidualLayer(
        (pad): ReplicationPad2d((0, 0, 0, 0))
        (conv_layer): Conv2d(3, 3, kernel_size=(1, 1), stride=(1, 1))
        (non_linearity): Identity()
      )
    )
    (agg_func): Sequential(
      (0): SynthesisLayer(
        (pad): ReplicationPad2d((0, 0, 0, 0))
        (conv_layer): Conv2d(18, 3, kernel_size=(1, 1), stride=(1, 1))
        (non_linearity): GELU(approximate='none')
      )
      (1): SynthesisLayer(
        (pad): ReplicationPad2d((0, 0, 0, 0))
        (conv_layer): Conv2d(21, 3, kernel_size=(1, 1), stride=(1, 1))
        (non_linearity): GELU(approximate='none')
      )
      (2): SynthesisLayer(
        (pad): ReplicationPad2d((0, 0, 0, 0))
        (conv_layer): Conv2d(24, 3, kernel_size=(1, 1), stride=(1, 1))
        (non_linearity): GELU(approximate='none')
      )
    )
    (full_net): Sequential(
      (0): SynthesisLayer(
        (pad): ReplicationPad2d((0, 0, 0, 0))
        (conv_layer): Conv2d(7, 12, kernel_size=(1, 1), stride=(1, 1))
        (non_linearity): GELU(approximate='none')
      )
      (1): SynthesisLayer(
        (pad): ReplicationPad2d((0, 0, 0, 0))
        (conv_layer): Conv2d(12, 3, kernel_size=(1, 1), stride=(1, 1))
        (non_linearity): GELU(approximate='none')
      )
      (2): SynthesisResidualLayer(
        (conv_layer): Conv2d(3, 3, kernel_size=(3, 3), stride=(1, 1))
        (non_linearity): GELU(approximate='none')
      )
      (3): SynthesisResidualLayer(
        (conv_layer): Conv2d(3, 3, kernel_size=(3, 3), stride=(1, 1))
        (non_linearity): GELU(approximate='none')
      )
    )
  )
  (modulation_sf): ParameterList(
      (0): Parameter containing: [torch.float32 of size 1x1x8x16 (cuda:0)]
      (1): Parameter containing: [torch.float32 of size 1x1x16x32 (cuda:0)]
      (2): Parameter containing: [torch.float32 of size 1x1x32x64 (cuda:0)]
      (3): Parameter containing: [torch.float32 of size 1x1x64x128 (cuda:0)]
      (4): Parameter containing: [torch.float32 of size 1x1x128x256 (cuda:0)]
      (5): Parameter containing: [torch.float32 of size 1x1x256x512 (cuda:0)]
      (6): Parameter containing: [torch.float32 of size 1x1x512x1024 (cuda:0)]
  )
)
train the 23 -th image
start temperature: 0.3 noise parameter: 2.0
end temperature: 0.1 noise parameter: 1.0
********************Start from stage I
********************going into stage II
eval_object_psnr: 44.83708086292183
eval_background_psnr: 42.240333022533086
eval_background_psnr: 42.240333022533086
********************Evaluation the Image 23-th, after Step 999, BEST PSNR: 40.336426, Print rate 3.771174. *************************
Saved model at ./saved/modbase_7/context_16_arm_mod_16/sparity_0.0/inr_mod_16KODAK_ROI_Global_new_struture_7_12_3_33_orderconcat_operator_0_pw_0.0008_img_object23.pth
Trained the image with PSNR: 40.33642556792299  latent bits 3.7711737155914307 latent bits number 1977181.125
[41.920899139908016, 42.05683185552155, 41.50299909273441, 41.60628089794445, 42.17414706595992, 42.56714739305277, 42.061732015194174, 42.47853325009182, 43.291657174328414, 44.00718670105075, 42.420725550901146, 43.50626687274438, 43.94346159961426, 43.804619731103145, 43.806970053789634, 43.4289936820812, 44.13230772312718, 44.66223982878339, 41.71014036958401, 42.50105742907634, 41.560518353541404, 41.73010990425015, 40.974202962743, 40.33642556792299]
[3.860734462738037, 3.9179346561431885, 3.8916611671447754, 4.141820907592773, 3.952106475830078, 3.9450013637542725, 3.441128730773926, 3.4642279148101807, 3.503342628479004, 3.6226956844329834, 3.5598440170288086, 3.648066282272339, 3.3159713745117188, 3.236926555633545, 3.2604727745056152, 3.07277250289917, 3.1264820098876953, 3.038137197494507, 3.845519542694092, 3.860788106918335, 3.822272300720215, 3.6023917198181152, 3.457929849624634, 3.7711737155914307]
[2024136.75, 2054126.125, 2040351.25, 2171507.0, 2072042.0, 2068316.875, 1804142.5, 1816253.125, 1836760.5, 1899335.875, 1866383.5, 1912637.375, 1738524.0, 1697081.75, 1709426.75, 1611017.75, 1639177.0, 1592858.875, 2016159.75, 2024164.875, 2003971.5, 1888690.75, 1812951.125, 1977181.125]
load the model: ./saved/modbase_7/context_16_arm_mod_16/sparity_0.0/inr_mod_16KODAK_ROI_Global_new_struture_7_12_3_33_orderconcat_operator_0_pw_0.0008_img_object23.pth for the  23 -th image
********************Evalutation with quantization
********************Starting quantizing models
eval_object_psnr: 44.87233070192138
full_image_psnr: 40.071808088284286
object_psnr: 44.87233070192138
background_psnr: 41.83036365075129
********************Evaluation the Image 23-th, BEST PSNR: 40.071808, Print rate 3.773117, Network rate 0.022724. *************************
eval_wsssim: 0.992489
Decoded image saved to ./experiments/vcip_combined_loss/decoded_images/othim24_maskerp_wsmse0_swhdc1_erp1_lambda0.0008.png
Evaluate the image: PSNR: 40.071808088284286 All bits: 3.7958414554595947  latent bits: 3.7731173038482666  network bits: 0.022724151611328125
Evaluate arm network bits: 0.009626388549804688 Evaluate synthesis network bits: 0.012170791625976562
Image All bits num: 1990114.125 latent bits num: 1978200.125 mlp bits num: 11914.0 border bits num:
arm bits num: 5047.0 synthesis bits num: 6381.0
[41.75362833362292, 41.908941628931814, 41.44715671041414, 41.60395319935239, 42.15504734650576, 42.466517631298544, 42.013444309835116, 42.470972957931984, 43.20027007421521, 44.00814867813279, 42.3773295858797, 43.49611811347902, 43.91093102804894, 43.67989207692046, 43.713127186006, 43.35420663611793, 43.99393335616986, 44.50014803668066, 41.67060090418852, 42.41863268926815, 41.49318128646426, 41.70417212539177, 40.955170983120915, 40.071808088284286]
[3.8865792751312256, 3.94187331199646, 3.9172120094299316, 4.1665568351745605, 3.9791696071624756, 3.970857620239258, 3.4666104316711426, 3.490701675415039, 3.527003765106201, 3.64764404296875, 3.585512161254883, 3.6755051612854004, 3.3409361839294434, 3.2608299255371094, 3.2849817276000977, 3.097515106201172, 3.150322437286377, 3.061771869659424, 3.8728952407836914, 3.8862929344177246, 3.846884250640869, 3.6283247470855713, 3.4846224784851074, 3.7958414554595947]
[2037686.875, 2066676.875, 2053747.25, 2184475.75, 2086230.875, 2081873.0, 1817502.25, 1830133.0, 1849165.75, 1912416.0, 1879841.0, 1927023.25, 1751612.75, 1709614.0, 1722276.5, 1623990.0, 1651676.25, 1605250.25, 2030512.5, 2037536.75, 2016875.25, 1902287.125, 1826945.75, 1990114.125]
Metrics saved to ./experiments/vcip_combined_loss/results.csv
Current eval Ave PSNR: 42.51530554026088 Ave Bits 3.6236018439133963
Namespace(batch_size=1, lr=0.01, data='../data', sparsity=0.0, local_upsampling_kernel_size=8, upsampling_kernel_size=8, static_upsampling_kernel=False, latent_factor=1, mod_base=7, highest_flag=1, context_arm=16, dim_arm_mod=16, use_candidate=True, type='other', mod_hid_layer=0, sythesis_features=12, hidden_features=64, hidden_layer=2, scale=1, lambda_rate=0.0008, lambda_rate_list=[0.0006, 0.0008], start_index=0, mask_type='erp', wsmse_tag=0, swhdc_tag=1, swhdc_dilations=[1, 2, 3, 4], erp_padding=1, workdir='./experiments/vcip_combined_loss', train_steps_1=5000, train_steps_2=1000, loss_type='combined', lambda_dist=0.0023437500000000003, lambda_percep=1.0, patch_h=512, patch_w=1024, all_pix_num=524288, eval_pix_num=524288)
Directory './saved/modbase_7/context_16_arm_mod_16' already exists.
Directory './saved/modbase_7/context_16_arm_mod_16/sparity_0.0' already exists.
top %: 0.0

🔁 Stage-1 Training Candidate 1/7
Quantizer parameter: encoding gain  16
total pixel: 524288
Get Mod with shape torch.Size([1, 1, 8, 16]) at layer: 1
Get Mod with shape torch.Size([1, 1, 16, 32]) at layer: 2
Get Mod with shape torch.Size([1, 1, 32, 64]) at layer: 3
Get Mod with shape torch.Size([1, 1, 64, 128]) at layer: 4
Get Mod with shape torch.Size([1, 1, 128, 256]) at layer: 5
Get Mod with shape torch.Size([1, 1, 256, 512]) at layer: 6
Get Mod with shape torch.Size([1, 1, 512, 1024]) at layer: 7
start temperature: 0.3 noise parameter: 2.0
end temperature: 0.3 noise parameter: 2.0
********************Start from stage I
Step 400, BEST PSNR: 31.831825, Total loss 0.030889 with its rate 3.2243540287017822 latent_bits 1690490.125

🔁 Stage-1 Training Candidate 2/7
Quantizer parameter: encoding gain  16
total pixel: 524288
Get Mod with shape torch.Size([1, 1, 8, 16]) at layer: 1
Get Mod with shape torch.Size([1, 1, 16, 32]) at layer: 2
Get Mod with shape torch.Size([1, 1, 32, 64]) at layer: 3
Get Mod with shape torch.Size([1, 1, 64, 128]) at layer: 4
Get Mod with shape torch.Size([1, 1, 128, 256]) at layer: 5
Get Mod with shape torch.Size([1, 1, 256, 512]) at layer: 6
Get Mod with shape torch.Size([1, 1, 512, 1024]) at layer: 7
start temperature: 0.3 noise parameter: 2.0
end temperature: 0.3 noise parameter: 2.0
********************Start from stage I
Step 400, BEST PSNR: 31.774104, Total loss 0.029575 with its rate 3.052945137023926 latent_bits 1600622.5

🔁 Stage-1 Training Candidate 3/7
Quantizer parameter: encoding gain  16
total pixel: 524288
Get Mod with shape torch.Size([1, 1, 8, 16]) at layer: 1
Get Mod with shape torch.Size([1, 1, 16, 32]) at layer: 2
Get Mod with shape torch.Size([1, 1, 32, 64]) at layer: 3
Get Mod with shape torch.Size([1, 1, 64, 128]) at layer: 4
Get Mod with shape torch.Size([1, 1, 128, 256]) at layer: 5
Get Mod with shape torch.Size([1, 1, 256, 512]) at layer: 6
Get Mod with shape torch.Size([1, 1, 512, 1024]) at layer: 7
start temperature: 0.3 noise parameter: 2.0
end temperature: 0.3 noise parameter: 2.0
********************Start from stage I
Step 400, BEST PSNR: 31.998224, Total loss 0.026516 with its rate 3.1565585136413574 latent_bits 1654945.75

🔁 Stage-1 Training Candidate 4/7
Quantizer parameter: encoding gain  16
total pixel: 524288
Get Mod with shape torch.Size([1, 1, 8, 16]) at layer: 1
Get Mod with shape torch.Size([1, 1, 16, 32]) at layer: 2
Get Mod with shape torch.Size([1, 1, 32, 64]) at layer: 3
Get Mod with shape torch.Size([1, 1, 64, 128]) at layer: 4
Get Mod with shape torch.Size([1, 1, 128, 256]) at layer: 5
Get Mod with shape torch.Size([1, 1, 256, 512]) at layer: 6
Get Mod with shape torch.Size([1, 1, 512, 1024]) at layer: 7
start temperature: 0.3 noise parameter: 2.0
end temperature: 0.3 noise parameter: 2.0
********************Start from stage I
Step 400, BEST PSNR: 31.890801, Total loss 0.027927 with its rate 3.168471336364746 latent_bits 1661191.5

🔁 Stage-1 Training Candidate 5/7
Quantizer parameter: encoding gain  16
total pixel: 524288
Get Mod with shape torch.Size([1, 1, 8, 16]) at layer: 1
Get Mod with shape torch.Size([1, 1, 16, 32]) at layer: 2
Get Mod with shape torch.Size([1, 1, 32, 64]) at layer: 3
Get Mod with shape torch.Size([1, 1, 64, 128]) at layer: 4
Get Mod with shape torch.Size([1, 1, 128, 256]) at layer: 5
Get Mod with shape torch.Size([1, 1, 256, 512]) at layer: 6
Get Mod with shape torch.Size([1, 1, 512, 1024]) at layer: 7
start temperature: 0.3 noise parameter: 2.0
end temperature: 0.3 noise parameter: 2.0
********************Start from stage I
Step 400, BEST PSNR: 32.433406, Total loss 0.026838 with its rate 3.1539158821105957 latent_bits 1653560.25

🔁 Stage-1 Training Candidate 6/7
Quantizer parameter: encoding gain  16
total pixel: 524288
Get Mod with shape torch.Size([1, 1, 8, 16]) at layer: 1
Get Mod with shape torch.Size([1, 1, 16, 32]) at layer: 2
Get Mod with shape torch.Size([1, 1, 32, 64]) at layer: 3
Get Mod with shape torch.Size([1, 1, 64, 128]) at layer: 4
Get Mod with shape torch.Size([1, 1, 128, 256]) at layer: 5
Get Mod with shape torch.Size([1, 1, 256, 512]) at layer: 6
Get Mod with shape torch.Size([1, 1, 512, 1024]) at layer: 7
start temperature: 0.3 noise parameter: 2.0
end temperature: 0.3 noise parameter: 2.0
********************Start from stage I
Step 400, BEST PSNR: 32.130818, Total loss 0.027071 with its rate 3.132763385772705 latent_bits 1642470.25

🔁 Stage-1 Training Candidate 7/7
Quantizer parameter: encoding gain  16
total pixel: 524288
Get Mod with shape torch.Size([1, 1, 8, 16]) at layer: 1
Get Mod with shape torch.Size([1, 1, 16, 32]) at layer: 2
Get Mod with shape torch.Size([1, 1, 32, 64]) at layer: 3
Get Mod with shape torch.Size([1, 1, 64, 128]) at layer: 4
Get Mod with shape torch.Size([1, 1, 128, 256]) at layer: 5
Get Mod with shape torch.Size([1, 1, 256, 512]) at layer: 6
Get Mod with shape torch.Size([1, 1, 512, 1024]) at layer: 7
start temperature: 0.3 noise parameter: 2.0
end temperature: 0.3 noise parameter: 2.0
********************Start from stage I
Step 400, BEST PSNR: 31.439193, Total loss 0.032171 with its rate 3.066865921020508 latent_bits 1607921.0

🌟 Selected Top-3 Candidates by RD cost

🎯 Stage-2 Refining Candidate 1/3
start temperature: 0.3 noise parameter: 2.0
end temperature: 0.3 noise parameter: 2.0
********************Start from stage I
Step 400, BEST PSNR: 34.100692, Total loss 0.022227 with its rate 3.4827444553375244 latent_bits 1825961.125

🎯 Stage-2 Refining Candidate 2/3
start temperature: 0.3 noise parameter: 2.0
end temperature: 0.3 noise parameter: 2.0
********************Start from stage I
Step 400, BEST PSNR: 34.196535, Total loss 0.022245 with its rate 3.5560617446899414 latent_bits 1864400.5

🎯 Stage-2 Refining Candidate 3/3
start temperature: 0.3 noise parameter: 2.0
end temperature: 0.3 noise parameter: 2.0
********************Start from stage I
Step 400, BEST PSNR: 33.516713, Total loss 0.023357 with its rate 3.4920287132263184 latent_bits 1830828.75

🏆 Best Candidate Final PSNR: 34.10, Rate: 3.4827
Masked_INR(
  (upsampling_2d): Upsampling(
    (conv_transpose2d): UpsamplingConvTranspose2d()
  )
  (arm): Arm(
    (mlp): Sequential(
      (0): ArmConv(
        (conv1_1): Conv1d(16, 16, kernel_size=(1,), stride=(1,))
      )
      (1): GELU(approximate='none')
      (2): ArmConv(
        (conv1_1): Conv1d(16, 16, kernel_size=(1,), stride=(1,))
      )
      (3): GELU(approximate='none')
      (4): ArmConv(
        (conv1_1): Conv1d(16, 2, kernel_size=(1,), stride=(1,))
      )
    )
  )
  (conv_mod): LocalGlobalBlock(
    (net): Sequential(
      (0): SynthesisLayer(
        (pad): Identity()
        (conv_layer): SWHDC(
          (conv): Conv2d(2, 3, kernel_size=(3, 3), stride=(1, 1))
        )
        (non_linearity): GELU(approximate='none')
      )
      (1): SynthesisResidualLayer(
        (pad): ReplicationPad2d((0, 0, 0, 0))
        (conv_layer): Conv2d(3, 3, kernel_size=(1, 1), stride=(1, 1))
        (non_linearity): GELU(approximate='none')
      )
      (2): SynthesisResidualLayer(
        (pad): ReplicationPad2d((0, 0, 0, 0))
        (conv_layer): Conv2d(3, 3, kernel_size=(1, 1), stride=(1, 1))
        (non_linearity): GELU(approximate='none')
      )
      (3): SynthesisResidualLayer(
        (pad): ReplicationPad2d((0, 0, 0, 0))
        (conv_layer): Conv2d(3, 3, kernel_size=(1, 1), stride=(1, 1))
        (non_linearity): Identity()
      )
    )
    (global_net): Sequential(
      (0): SynthesisLayer(
        (pad): Identity()
        (conv_layer): SWHDC(
          (conv): Conv2d(2, 3, kernel_size=(3, 3), stride=(1, 1))
        )
        (non_linearity): GELU(approximate='none')
      )
      (1): SynthesisResidualLayer(
        (pad): ReplicationPad2d((0, 0, 0, 0))
        (conv_layer): Conv2d(3, 3, kernel_size=(1, 1), stride=(1, 1))
        (non_linearity): GELU(approximate='none')
      )
      (2): SynthesisResidualLayer(
        (pad): ReplicationPad2d((0, 0, 0, 0))
        (conv_layer): Conv2d(3, 3, kernel_size=(1, 1), stride=(1, 1))
        (non_linearity): GELU(approximate='none')
      )
      (3): SynthesisResidualLayer(
        (pad): ReplicationPad2d((0, 0, 0, 0))
        (conv_layer): Conv2d(3, 3, kernel_size=(1, 1), stride=(1, 1))
        (non_linearity): Identity()
      )
    )
    (agg_func): Sequential(
      (0): SynthesisLayer(
        (pad): ReplicationPad2d((0, 0, 0, 0))
        (conv_layer): Conv2d(18, 3, kernel_size=(1, 1), stride=(1, 1))
        (non_linearity): GELU(approximate='none')
      )
      (1): SynthesisLayer(
        (pad): ReplicationPad2d((0, 0, 0, 0))
        (conv_layer): Conv2d(21, 3, kernel_size=(1, 1), stride=(1, 1))
        (non_linearity): GELU(approximate='none')
      )
      (2): SynthesisLayer(
        (pad): ReplicationPad2d((0, 0, 0, 0))
        (conv_layer): Conv2d(24, 3, kernel_size=(1, 1), stride=(1, 1))
        (non_linearity): GELU(approximate='none')
      )
    )
    (full_net): Sequential(
      (0): SynthesisLayer(
        (pad): ReplicationPad2d((0, 0, 0, 0))
        (conv_layer): Conv2d(7, 12, kernel_size=(1, 1), stride=(1, 1))
        (non_linearity): GELU(approximate='none')
      )
      (1): SynthesisLayer(
        (pad): ReplicationPad2d((0, 0, 0, 0))
        (conv_layer): Conv2d(12, 3, kernel_size=(1, 1), stride=(1, 1))
        (non_linearity): GELU(approximate='none')
      )
      (2): SynthesisResidualLayer(
        (conv_layer): Conv2d(3, 3, kernel_size=(3, 3), stride=(1, 1))
        (non_linearity): GELU(approximate='none')
      )
      (3): SynthesisResidualLayer(
        (conv_layer): Conv2d(3, 3, kernel_size=(3, 3), stride=(1, 1))
        (non_linearity): GELU(approximate='none')
      )
    )
  )
  (modulation_sf): ParameterList(
      (0): Parameter containing: [torch.float32 of size 1x1x8x16 (cuda:0)]
      (1): Parameter containing: [torch.float32 of size 1x1x16x32 (cuda:0)]
      (2): Parameter containing: [torch.float32 of size 1x1x32x64 (cuda:0)]
      (3): Parameter containing: [torch.float32 of size 1x1x64x128 (cuda:0)]
      (4): Parameter containing: [torch.float32 of size 1x1x128x256 (cuda:0)]
      (5): Parameter containing: [torch.float32 of size 1x1x256x512 (cuda:0)]
      (6): Parameter containing: [torch.float32 of size 1x1x512x1024 (cuda:0)]
  )
)
train the 24 -th image
start temperature: 0.3 noise parameter: 2.0
end temperature: 0.1 noise parameter: 1.0
********************Start from stage I
********************going into stage II
eval_object_psnr: 43.626048561307755
eval_background_psnr: 37.52121614307128
eval_background_psnr: 37.52121614307128
********************Evaluation the Image 24-th, after Step 999, BEST PSNR: 36.568473, Print rate 4.051055. *************************
Saved model at ./saved/modbase_7/context_16_arm_mod_16/sparity_0.0/inr_mod_16KODAK_ROI_Global_new_struture_7_12_3_33_orderconcat_operator_0_pw_0.0008_img_object24.pth
Trained the image with PSNR: 36.56847263262153  latent bits 4.051054954528809 latent bits number 2123919.5
[41.920899139908016, 42.05683185552155, 41.50299909273441, 41.60628089794445, 42.17414706595992, 42.56714739305277, 42.061732015194174, 42.47853325009182, 43.291657174328414, 44.00718670105075, 42.420725550901146, 43.50626687274438, 43.94346159961426, 43.804619731103145, 43.806970053789634, 43.4289936820812, 44.13230772312718, 44.66223982878339, 41.71014036958401, 42.50105742907634, 41.560518353541404, 41.73010990425015, 40.974202962743, 40.33642556792299, 36.56847263262153]
[3.860734462738037, 3.9179346561431885, 3.8916611671447754, 4.141820907592773, 3.952106475830078, 3.9450013637542725, 3.441128730773926, 3.4642279148101807, 3.503342628479004, 3.6226956844329834, 3.5598440170288086, 3.648066282272339, 3.3159713745117188, 3.236926555633545, 3.2604727745056152, 3.07277250289917, 3.1264820098876953, 3.038137197494507, 3.845519542694092, 3.860788106918335, 3.822272300720215, 3.6023917198181152, 3.457929849624634, 3.7711737155914307, 4.051054954528809]
[2024136.75, 2054126.125, 2040351.25, 2171507.0, 2072042.0, 2068316.875, 1804142.5, 1816253.125, 1836760.5, 1899335.875, 1866383.5, 1912637.375, 1738524.0, 1697081.75, 1709426.75, 1611017.75, 1639177.0, 1592858.875, 2016159.75, 2024164.875, 2003971.5, 1888690.75, 1812951.125, 1977181.125, 2123919.5]
load the model: ./saved/modbase_7/context_16_arm_mod_16/sparity_0.0/inr_mod_16KODAK_ROI_Global_new_struture_7_12_3_33_orderconcat_operator_0_pw_0.0008_img_object24.pth for the  24 -th image
********************Evalutation with quantization
********************Starting quantizing models
eval_object_psnr: 43.517208771489805
full_image_psnr: 36.52232091120451
object_psnr: 43.517208771489805
background_psnr: 37.49046101118636
********************Evaluation the Image 24-th, BEST PSNR: 36.522321, Print rate 4.051980, Network rate 0.023434. *************************
eval_wsssim: 0.986208
Decoded image saved to ./experiments/vcip_combined_loss/decoded_images/othim25_maskerp_wsmse0_swhdc1_erp1_lambda0.0008.png
Evaluate the image: PSNR: 36.52232091120451 All bits: 4.075413227081299  latent bits: 4.0519795417785645  network bits: 0.023433685302734375
Evaluate arm network bits: 0.009340286254882812 Evaluate synthesis network bits: 0.0132598876953125
Image All bits num: 2136690.25 latent bits num: 2124404.25 mlp bits num: 12286.0 border bits num:
arm bits num: 4897.0 synthesis bits num: 6952.0
[41.75362833362292, 41.908941628931814, 41.44715671041414, 41.60395319935239, 42.15504734650576, 42.466517631298544, 42.013444309835116, 42.470972957931984, 43.20027007421521, 44.00814867813279, 42.3773295858797, 43.49611811347902, 43.91093102804894, 43.67989207692046, 43.713127186006, 43.35420663611793, 43.99393335616986, 44.50014803668066, 41.67060090418852, 42.41863268926815, 41.49318128646426, 41.70417212539177, 40.955170983120915, 40.071808088284286, 36.52232091120451]
[3.8865792751312256, 3.94187331199646, 3.9172120094299316, 4.1665568351745605, 3.9791696071624756, 3.970857620239258, 3.4666104316711426, 3.490701675415039, 3.527003765106201, 3.64764404296875, 3.585512161254883, 3.6755051612854004, 3.3409361839294434, 3.2608299255371094, 3.2849817276000977, 3.097515106201172, 3.150322437286377, 3.061771869659424, 3.8728952407836914, 3.8862929344177246, 3.846884250640869, 3.6283247470855713, 3.4846224784851074, 3.7958414554595947, 4.075413227081299]
[2037686.875, 2066676.875, 2053747.25, 2184475.75, 2086230.875, 2081873.0, 1817502.25, 1830133.0, 1849165.75, 1912416.0, 1879841.0, 1927023.25, 1751612.75, 1709614.0, 1722276.5, 1623990.0, 1651676.25, 1605250.25, 2030512.5, 2037536.75, 2016875.25, 1902287.125, 1826945.75, 1990114.125, 2136690.25]
Metrics saved to ./experiments/vcip_combined_loss/results.csv
Current eval Ave PSNR: 42.27558615509863 Ave Bits 3.6416742992401123
Namespace(batch_size=1, lr=0.01, data='../data', sparsity=0.0, local_upsampling_kernel_size=8, upsampling_kernel_size=8, static_upsampling_kernel=False, latent_factor=1, mod_base=7, highest_flag=1, context_arm=16, dim_arm_mod=16, use_candidate=True, type='other', mod_hid_layer=0, sythesis_features=12, hidden_features=64, hidden_layer=2, scale=1, lambda_rate=0.0008, lambda_rate_list=[0.0006, 0.0008], start_index=0, mask_type='erp', wsmse_tag=0, swhdc_tag=1, swhdc_dilations=[1, 2, 3, 4], erp_padding=1, workdir='./experiments/vcip_combined_loss', train_steps_1=5000, train_steps_2=1000, loss_type='combined', lambda_dist=0.0023437500000000003, lambda_percep=1.0, patch_h=512, patch_w=1024, all_pix_num=524288, eval_pix_num=524288)
Directory './saved/modbase_7/context_16_arm_mod_16' already exists.
Directory './saved/modbase_7/context_16_arm_mod_16/sparity_0.0' already exists.
top %: 0.0

🔁 Stage-1 Training Candidate 1/7
Quantizer parameter: encoding gain  16
total pixel: 524288
Get Mod with shape torch.Size([1, 1, 8, 16]) at layer: 1
Get Mod with shape torch.Size([1, 1, 16, 32]) at layer: 2
Get Mod with shape torch.Size([1, 1, 32, 64]) at layer: 3
Get Mod with shape torch.Size([1, 1, 64, 128]) at layer: 4
Get Mod with shape torch.Size([1, 1, 128, 256]) at layer: 5
Get Mod with shape torch.Size([1, 1, 256, 512]) at layer: 6
Get Mod with shape torch.Size([1, 1, 512, 1024]) at layer: 7
start temperature: 0.3 noise parameter: 2.0
end temperature: 0.3 noise parameter: 2.0
********************Start from stage I
Step 400, BEST PSNR: 32.283596, Total loss 0.028781 with its rate 3.1402573585510254 latent_bits 1646399.25

🔁 Stage-1 Training Candidate 2/7
Quantizer parameter: encoding gain  16
total pixel: 524288
Get Mod with shape torch.Size([1, 1, 8, 16]) at layer: 1
Get Mod with shape torch.Size([1, 1, 16, 32]) at layer: 2
Get Mod with shape torch.Size([1, 1, 32, 64]) at layer: 3
Get Mod with shape torch.Size([1, 1, 64, 128]) at layer: 4
Get Mod with shape torch.Size([1, 1, 128, 256]) at layer: 5
Get Mod with shape torch.Size([1, 1, 256, 512]) at layer: 6
Get Mod with shape torch.Size([1, 1, 512, 1024]) at layer: 7
start temperature: 0.3 noise parameter: 2.0
end temperature: 0.3 noise parameter: 2.0
********************Start from stage I
Step 400, BEST PSNR: 31.824645, Total loss 0.028313 with its rate 3.138828754425049 latent_bits 1645650.25

🔁 Stage-1 Training Candidate 3/7
Quantizer parameter: encoding gain  16
total pixel: 524288
Get Mod with shape torch.Size([1, 1, 8, 16]) at layer: 1
Get Mod with shape torch.Size([1, 1, 16, 32]) at layer: 2
Get Mod with shape torch.Size([1, 1, 32, 64]) at layer: 3
Get Mod with shape torch.Size([1, 1, 64, 128]) at layer: 4
Get Mod with shape torch.Size([1, 1, 128, 256]) at layer: 5
Get Mod with shape torch.Size([1, 1, 256, 512]) at layer: 6
Get Mod with shape torch.Size([1, 1, 512, 1024]) at layer: 7
start temperature: 0.3 noise parameter: 2.0
end temperature: 0.3 noise parameter: 2.0
********************Start from stage I
Step 400, BEST PSNR: 31.923169, Total loss 0.029813 with its rate 3.2118005752563477 latent_bits 1683908.5

🔁 Stage-1 Training Candidate 4/7
Quantizer parameter: encoding gain  16
total pixel: 524288
Get Mod with shape torch.Size([1, 1, 8, 16]) at layer: 1
Get Mod with shape torch.Size([1, 1, 16, 32]) at layer: 2
Get Mod with shape torch.Size([1, 1, 32, 64]) at layer: 3
Get Mod with shape torch.Size([1, 1, 64, 128]) at layer: 4
Get Mod with shape torch.Size([1, 1, 128, 256]) at layer: 5
Get Mod with shape torch.Size([1, 1, 256, 512]) at layer: 6
Get Mod with shape torch.Size([1, 1, 512, 1024]) at layer: 7
start temperature: 0.3 noise parameter: 2.0
end temperature: 0.3 noise parameter: 2.0
********************Start from stage I
Step 400, BEST PSNR: 32.262482, Total loss 0.027386 with its rate 3.14760160446167 latent_bits 1650249.75

🔁 Stage-1 Training Candidate 5/7
Quantizer parameter: encoding gain  16
total pixel: 524288
Get Mod with shape torch.Size([1, 1, 8, 16]) at layer: 1
Get Mod with shape torch.Size([1, 1, 16, 32]) at layer: 2
Get Mod with shape torch.Size([1, 1, 32, 64]) at layer: 3
Get Mod with shape torch.Size([1, 1, 64, 128]) at layer: 4
Get Mod with shape torch.Size([1, 1, 128, 256]) at layer: 5
Get Mod with shape torch.Size([1, 1, 256, 512]) at layer: 6
Get Mod with shape torch.Size([1, 1, 512, 1024]) at layer: 7
start temperature: 0.3 noise parameter: 2.0
end temperature: 0.3 noise parameter: 2.0
********************Start from stage I
Step 400, BEST PSNR: 31.694722, Total loss 0.027711 with its rate 3.1722936630249023 latent_bits 1663195.5

🔁 Stage-1 Training Candidate 6/7
Quantizer parameter: encoding gain  16
total pixel: 524288
Get Mod with shape torch.Size([1, 1, 8, 16]) at layer: 1
Get Mod with shape torch.Size([1, 1, 16, 32]) at layer: 2
Get Mod with shape torch.Size([1, 1, 32, 64]) at layer: 3
Get Mod with shape torch.Size([1, 1, 64, 128]) at layer: 4
Get Mod with shape torch.Size([1, 1, 128, 256]) at layer: 5
Get Mod with shape torch.Size([1, 1, 256, 512]) at layer: 6
Get Mod with shape torch.Size([1, 1, 512, 1024]) at layer: 7
start temperature: 0.3 noise parameter: 2.0
end temperature: 0.3 noise parameter: 2.0
********************Start from stage I
Step 400, BEST PSNR: 32.465652, Total loss 0.026285 with its rate 3.1140403747558594 latent_bits 1632654.0

🔁 Stage-1 Training Candidate 7/7
Quantizer parameter: encoding gain  16
total pixel: 524288
Get Mod with shape torch.Size([1, 1, 8, 16]) at layer: 1
Get Mod with shape torch.Size([1, 1, 16, 32]) at layer: 2
Get Mod with shape torch.Size([1, 1, 32, 64]) at layer: 3
Get Mod with shape torch.Size([1, 1, 64, 128]) at layer: 4
Get Mod with shape torch.Size([1, 1, 128, 256]) at layer: 5
Get Mod with shape torch.Size([1, 1, 256, 512]) at layer: 6
Get Mod with shape torch.Size([1, 1, 512, 1024]) at layer: 7
start temperature: 0.3 noise parameter: 2.0
end temperature: 0.3 noise parameter: 2.0
********************Start from stage I
Step 400, BEST PSNR: 31.468627, Total loss 0.032086 with its rate 3.03309965133667 latent_bits 1590217.75

🌟 Selected Top-3 Candidates by RD cost

🎯 Stage-2 Refining Candidate 1/3
start temperature: 0.3 noise parameter: 2.0
end temperature: 0.3 noise parameter: 2.0
********************Start from stage I
Step 400, BEST PSNR: 34.402638, Total loss 0.021843 with its rate 3.4846386909484863 latent_bits 1826954.25

🎯 Stage-2 Refining Candidate 2/3
start temperature: 0.3 noise parameter: 2.0
end temperature: 0.3 noise parameter: 2.0
********************Start from stage I
Step 400, BEST PSNR: 34.145772, Total loss 0.022279 with its rate 3.573413372039795 latent_bits 1873497.75

🎯 Stage-2 Refining Candidate 3/3
start temperature: 0.3 noise parameter: 2.0
end temperature: 0.3 noise parameter: 2.0
********************Start from stage I
Step 400, BEST PSNR: 33.557551, Total loss 0.023173 with its rate 3.5137782096862793 latent_bits 1842231.75

🏆 Best Candidate Final PSNR: 34.40, Rate: 3.4846
Masked_INR(
  (upsampling_2d): Upsampling(
    (conv_transpose2d): UpsamplingConvTranspose2d()
  )
  (arm): Arm(
    (mlp): Sequential(
      (0): ArmConv(
        (conv1_1): Conv1d(16, 16, kernel_size=(1,), stride=(1,))
      )
      (1): GELU(approximate='none')
      (2): ArmConv(
        (conv1_1): Conv1d(16, 16, kernel_size=(1,), stride=(1,))
      )
      (3): GELU(approximate='none')
      (4): ArmConv(
        (conv1_1): Conv1d(16, 2, kernel_size=(1,), stride=(1,))
      )
    )
  )
  (conv_mod): LocalGlobalBlock(
    (net): Sequential(
      (0): SynthesisLayer(
        (pad): Identity()
        (conv_layer): SWHDC(
          (conv): Conv2d(2, 3, kernel_size=(3, 3), stride=(1, 1))
        )
        (non_linearity): GELU(approximate='none')
      )
      (1): SynthesisResidualLayer(
        (pad): ReplicationPad2d((0, 0, 0, 0))
        (conv_layer): Conv2d(3, 3, kernel_size=(1, 1), stride=(1, 1))
        (non_linearity): GELU(approximate='none')
      )
      (2): SynthesisResidualLayer(
        (pad): ReplicationPad2d((0, 0, 0, 0))
        (conv_layer): Conv2d(3, 3, kernel_size=(1, 1), stride=(1, 1))
        (non_linearity): GELU(approximate='none')
      )
      (3): SynthesisResidualLayer(
        (pad): ReplicationPad2d((0, 0, 0, 0))
        (conv_layer): Conv2d(3, 3, kernel_size=(1, 1), stride=(1, 1))
        (non_linearity): Identity()
      )
    )
    (global_net): Sequential(
      (0): SynthesisLayer(
        (pad): Identity()
        (conv_layer): SWHDC(
          (conv): Conv2d(2, 3, kernel_size=(3, 3), stride=(1, 1))
        )
        (non_linearity): GELU(approximate='none')
      )
      (1): SynthesisResidualLayer(
        (pad): ReplicationPad2d((0, 0, 0, 0))
        (conv_layer): Conv2d(3, 3, kernel_size=(1, 1), stride=(1, 1))
        (non_linearity): GELU(approximate='none')
      )
      (2): SynthesisResidualLayer(
        (pad): ReplicationPad2d((0, 0, 0, 0))
        (conv_layer): Conv2d(3, 3, kernel_size=(1, 1), stride=(1, 1))
        (non_linearity): GELU(approximate='none')
      )
      (3): SynthesisResidualLayer(
        (pad): ReplicationPad2d((0, 0, 0, 0))
        (conv_layer): Conv2d(3, 3, kernel_size=(1, 1), stride=(1, 1))
        (non_linearity): Identity()
      )
    )
    (agg_func): Sequential(
      (0): SynthesisLayer(
        (pad): ReplicationPad2d((0, 0, 0, 0))
        (conv_layer): Conv2d(18, 3, kernel_size=(1, 1), stride=(1, 1))
        (non_linearity): GELU(approximate='none')
      )
      (1): SynthesisLayer(
        (pad): ReplicationPad2d((0, 0, 0, 0))
        (conv_layer): Conv2d(21, 3, kernel_size=(1, 1), stride=(1, 1))
        (non_linearity): GELU(approximate='none')
      )
      (2): SynthesisLayer(
        (pad): ReplicationPad2d((0, 0, 0, 0))
        (conv_layer): Conv2d(24, 3, kernel_size=(1, 1), stride=(1, 1))
        (non_linearity): GELU(approximate='none')
      )
    )
    (full_net): Sequential(
      (0): SynthesisLayer(
        (pad): ReplicationPad2d((0, 0, 0, 0))
        (conv_layer): Conv2d(7, 12, kernel_size=(1, 1), stride=(1, 1))
        (non_linearity): GELU(approximate='none')
      )
      (1): SynthesisLayer(
        (pad): ReplicationPad2d((0, 0, 0, 0))
        (conv_layer): Conv2d(12, 3, kernel_size=(1, 1), stride=(1, 1))
        (non_linearity): GELU(approximate='none')
      )
      (2): SynthesisResidualLayer(
        (conv_layer): Conv2d(3, 3, kernel_size=(3, 3), stride=(1, 1))
        (non_linearity): GELU(approximate='none')
      )
      (3): SynthesisResidualLayer(
        (conv_layer): Conv2d(3, 3, kernel_size=(3, 3), stride=(1, 1))
        (non_linearity): GELU(approximate='none')
      )
    )
  )
  (modulation_sf): ParameterList(
      (0): Parameter containing: [torch.float32 of size 1x1x8x16 (cuda:0)]
      (1): Parameter containing: [torch.float32 of size 1x1x16x32 (cuda:0)]
      (2): Parameter containing: [torch.float32 of size 1x1x32x64 (cuda:0)]
      (3): Parameter containing: [torch.float32 of size 1x1x64x128 (cuda:0)]
      (4): Parameter containing: [torch.float32 of size 1x1x128x256 (cuda:0)]
      (5): Parameter containing: [torch.float32 of size 1x1x256x512 (cuda:0)]
      (6): Parameter containing: [torch.float32 of size 1x1x512x1024 (cuda:0)]
  )
)
train the 25 -th image
start temperature: 0.3 noise parameter: 2.0
end temperature: 0.1 noise parameter: 1.0
********************Start from stage I
********************going into stage II
eval_object_psnr: 43.70863625429047
eval_background_psnr: 37.51960869397672
eval_background_psnr: 37.51960869397672
********************Evaluation the Image 25-th, after Step 999, BEST PSNR: 36.582493, Print rate 3.925697. *************************
Saved model at ./saved/modbase_7/context_16_arm_mod_16/sparity_0.0/inr_mod_16KODAK_ROI_Global_new_struture_7_12_3_33_orderconcat_operator_0_pw_0.0008_img_object25.pth
Trained the image with PSNR: 36.58249336139384  latent bits 3.9256973266601562 latent bits number 2058196.0
[41.920899139908016, 42.05683185552155, 41.50299909273441, 41.60628089794445, 42.17414706595992, 42.56714739305277, 42.061732015194174, 42.47853325009182, 43.291657174328414, 44.00718670105075, 42.420725550901146, 43.50626687274438, 43.94346159961426, 43.804619731103145, 43.806970053789634, 43.4289936820812, 44.13230772312718, 44.66223982878339, 41.71014036958401, 42.50105742907634, 41.560518353541404, 41.73010990425015, 40.974202962743, 40.33642556792299, 36.56847263262153, 36.58249336139384]
[3.860734462738037, 3.9179346561431885, 3.8916611671447754, 4.141820907592773, 3.952106475830078, 3.9450013637542725, 3.441128730773926, 3.4642279148101807, 3.503342628479004, 3.6226956844329834, 3.5598440170288086, 3.648066282272339, 3.3159713745117188, 3.236926555633545, 3.2604727745056152, 3.07277250289917, 3.1264820098876953, 3.038137197494507, 3.845519542694092, 3.860788106918335, 3.822272300720215, 3.6023917198181152, 3.457929849624634, 3.7711737155914307, 4.051054954528809, 3.9256973266601562]
[2024136.75, 2054126.125, 2040351.25, 2171507.0, 2072042.0, 2068316.875, 1804142.5, 1816253.125, 1836760.5, 1899335.875, 1866383.5, 1912637.375, 1738524.0, 1697081.75, 1709426.75, 1611017.75, 1639177.0, 1592858.875, 2016159.75, 2024164.875, 2003971.5, 1888690.75, 1812951.125, 1977181.125, 2123919.5, 2058196.0]
load the model: ./saved/modbase_7/context_16_arm_mod_16/sparity_0.0/inr_mod_16KODAK_ROI_Global_new_struture_7_12_3_33_orderconcat_operator_0_pw_0.0008_img_object25.pth for the  25 -th image
********************Evalutation with quantization
********************Starting quantizing models
eval_object_psnr: 43.68949908739094
full_image_psnr: 36.58168128570489
object_psnr: 43.68949908739094
background_psnr: 37.52274979922099
********************Evaluation the Image 25-th, BEST PSNR: 36.581681, Print rate 3.927639, Network rate 0.024237. *************************
eval_wsssim: 0.985639
Decoded image saved to ./experiments/vcip_combined_loss/decoded_images/othim26_maskerp_wsmse0_swhdc1_erp1_lambda0.0008.png
Evaluate the image: PSNR: 36.58168128570489 All bits: 3.951875686645508  latent bits: 3.9276390075683594  network bits: 0.024236679077148438
Evaluate arm network bits: 0.009550094604492188 Evaluate synthesis network bits: 0.013746261596679688
Image All bits num: 2071921.0 latent bits num: 2059214.0 mlp bits num: 12707.0 border bits num:
arm bits num: 5007.0 synthesis bits num: 7207.0
[41.75362833362292, 41.908941628931814, 41.44715671041414, 41.60395319935239, 42.15504734650576, 42.466517631298544, 42.013444309835116, 42.470972957931984, 43.20027007421521, 44.00814867813279, 42.3773295858797, 43.49611811347902, 43.91093102804894, 43.67989207692046, 43.713127186006, 43.35420663611793, 43.99393335616986, 44.50014803668066, 41.67060090418852, 42.41863268926815, 41.49318128646426, 41.70417212539177, 40.955170983120915, 40.071808088284286, 36.52232091120451, 36.58168128570489]
[3.8865792751312256, 3.94187331199646, 3.9172120094299316, 4.1665568351745605, 3.9791696071624756, 3.970857620239258, 3.4666104316711426, 3.490701675415039, 3.527003765106201, 3.64764404296875, 3.585512161254883, 3.6755051612854004, 3.3409361839294434, 3.2608299255371094, 3.2849817276000977, 3.097515106201172, 3.150322437286377, 3.061771869659424, 3.8728952407836914, 3.8862929344177246, 3.846884250640869, 3.6283247470855713, 3.4846224784851074, 3.7958414554595947, 4.075413227081299, 3.951875686645508]
[2037686.875, 2066676.875, 2053747.25, 2184475.75, 2086230.875, 2081873.0, 1817502.25, 1830133.0, 1849165.75, 1912416.0, 1879841.0, 1927023.25, 1751612.75, 1709614.0, 1722276.5, 1623990.0, 1651676.25, 1605250.25, 2030512.5, 2037536.75, 2016875.25, 1902287.125, 1826945.75, 1990114.125, 2136690.25, 2071921.0]
Metrics saved to ./experiments/vcip_combined_loss/results.csv
Current eval Ave PSNR: 42.0565898139681 Ave Bits 3.6536051218326273
Namespace(batch_size=1, lr=0.01, data='../data', sparsity=0.0, local_upsampling_kernel_size=8, upsampling_kernel_size=8, static_upsampling_kernel=False, latent_factor=1, mod_base=7, highest_flag=1, context_arm=16, dim_arm_mod=16, use_candidate=True, type='other', mod_hid_layer=0, sythesis_features=12, hidden_features=64, hidden_layer=2, scale=1, lambda_rate=0.0008, lambda_rate_list=[0.0006, 0.0008], start_index=0, mask_type='erp', wsmse_tag=0, swhdc_tag=1, swhdc_dilations=[1, 2, 3, 4], erp_padding=1, workdir='./experiments/vcip_combined_loss', train_steps_1=5000, train_steps_2=1000, loss_type='combined', lambda_dist=0.0023437500000000003, lambda_percep=1.0, patch_h=512, patch_w=1024, all_pix_num=524288, eval_pix_num=524288)
Directory './saved/modbase_7/context_16_arm_mod_16' already exists.
Directory './saved/modbase_7/context_16_arm_mod_16/sparity_0.0' already exists.
top %: 0.0

🔁 Stage-1 Training Candidate 1/7
Quantizer parameter: encoding gain  16
total pixel: 524288
Get Mod with shape torch.Size([1, 1, 8, 16]) at layer: 1
Get Mod with shape torch.Size([1, 1, 16, 32]) at layer: 2
Get Mod with shape torch.Size([1, 1, 32, 64]) at layer: 3
Get Mod with shape torch.Size([1, 1, 64, 128]) at layer: 4
Get Mod with shape torch.Size([1, 1, 128, 256]) at layer: 5
Get Mod with shape torch.Size([1, 1, 256, 512]) at layer: 6
Get Mod with shape torch.Size([1, 1, 512, 1024]) at layer: 7
start temperature: 0.3 noise parameter: 2.0
end temperature: 0.3 noise parameter: 2.0
********************Start from stage I
Step 400, BEST PSNR: 32.558155, Total loss 0.028073 with its rate 3.0870532989501953 latent_bits 1618505.0

🔁 Stage-1 Training Candidate 2/7
Quantizer parameter: encoding gain  16
total pixel: 524288
Get Mod with shape torch.Size([1, 1, 8, 16]) at layer: 1
Get Mod with shape torch.Size([1, 1, 16, 32]) at layer: 2
Get Mod with shape torch.Size([1, 1, 32, 64]) at layer: 3
Get Mod with shape torch.Size([1, 1, 64, 128]) at layer: 4
Get Mod with shape torch.Size([1, 1, 128, 256]) at layer: 5
Get Mod with shape torch.Size([1, 1, 256, 512]) at layer: 6
Get Mod with shape torch.Size([1, 1, 512, 1024]) at layer: 7
start temperature: 0.3 noise parameter: 2.0
end temperature: 0.3 noise parameter: 2.0
********************Start from stage I
Step 400, BEST PSNR: 33.004787, Total loss 0.029999 with its rate 3.1472206115722656 latent_bits 1650050.0

🔁 Stage-1 Training Candidate 3/7
Quantizer parameter: encoding gain  16
total pixel: 524288
Get Mod with shape torch.Size([1, 1, 8, 16]) at layer: 1
Get Mod with shape torch.Size([1, 1, 16, 32]) at layer: 2
Get Mod with shape torch.Size([1, 1, 32, 64]) at layer: 3
Get Mod with shape torch.Size([1, 1, 64, 128]) at layer: 4
Get Mod with shape torch.Size([1, 1, 128, 256]) at layer: 5
Get Mod with shape torch.Size([1, 1, 256, 512]) at layer: 6
Get Mod with shape torch.Size([1, 1, 512, 1024]) at layer: 7
start temperature: 0.3 noise parameter: 2.0
end temperature: 0.3 noise parameter: 2.0
********************Start from stage I
Step 400, BEST PSNR: 32.961446, Total loss 0.028095 with its rate 3.1561083793640137 latent_bits 1654709.75

🔁 Stage-1 Training Candidate 4/7
Quantizer parameter: encoding gain  16
total pixel: 524288
Get Mod with shape torch.Size([1, 1, 8, 16]) at layer: 1
Get Mod with shape torch.Size([1, 1, 16, 32]) at layer: 2
Get Mod with shape torch.Size([1, 1, 32, 64]) at layer: 3
Get Mod with shape torch.Size([1, 1, 64, 128]) at layer: 4
Get Mod with shape torch.Size([1, 1, 128, 256]) at layer: 5
Get Mod with shape torch.Size([1, 1, 256, 512]) at layer: 6
Get Mod with shape torch.Size([1, 1, 512, 1024]) at layer: 7
start temperature: 0.3 noise parameter: 2.0
end temperature: 0.3 noise parameter: 2.0
********************Start from stage I
Step 400, BEST PSNR: 33.338643, Total loss 0.027560 with its rate 3.1772356033325195 latent_bits 1665786.5

🔁 Stage-1 Training Candidate 5/7
Quantizer parameter: encoding gain  16
total pixel: 524288
Get Mod with shape torch.Size([1, 1, 8, 16]) at layer: 1
Get Mod with shape torch.Size([1, 1, 16, 32]) at layer: 2
Get Mod with shape torch.Size([1, 1, 32, 64]) at layer: 3
Get Mod with shape torch.Size([1, 1, 64, 128]) at layer: 4
Get Mod with shape torch.Size([1, 1, 128, 256]) at layer: 5
Get Mod with shape torch.Size([1, 1, 256, 512]) at layer: 6
Get Mod with shape torch.Size([1, 1, 512, 1024]) at layer: 7
start temperature: 0.3 noise parameter: 2.0
end temperature: 0.3 noise parameter: 2.0
********************Start from stage I
Step 400, BEST PSNR: 32.056798, Total loss 0.028087 with its rate 3.145921230316162 latent_bits 1649368.75

🔁 Stage-1 Training Candidate 6/7
Quantizer parameter: encoding gain  16
total pixel: 524288
Get Mod with shape torch.Size([1, 1, 8, 16]) at layer: 1
Get Mod with shape torch.Size([1, 1, 16, 32]) at layer: 2
Get Mod with shape torch.Size([1, 1, 32, 64]) at layer: 3
Get Mod with shape torch.Size([1, 1, 64, 128]) at layer: 4
Get Mod with shape torch.Size([1, 1, 128, 256]) at layer: 5
Get Mod with shape torch.Size([1, 1, 256, 512]) at layer: 6
Get Mod with shape torch.Size([1, 1, 512, 1024]) at layer: 7
start temperature: 0.3 noise parameter: 2.0
end temperature: 0.3 noise parameter: 2.0
********************Start from stage I
Step 400, BEST PSNR: 33.698665, Total loss 0.027308 with its rate 3.084470748901367 latent_bits 1617151.0

🔁 Stage-1 Training Candidate 7/7
Quantizer parameter: encoding gain  16
total pixel: 524288
Get Mod with shape torch.Size([1, 1, 8, 16]) at layer: 1
Get Mod with shape torch.Size([1, 1, 16, 32]) at layer: 2
Get Mod with shape torch.Size([1, 1, 32, 64]) at layer: 3
Get Mod with shape torch.Size([1, 1, 64, 128]) at layer: 4
Get Mod with shape torch.Size([1, 1, 128, 256]) at layer: 5
Get Mod with shape torch.Size([1, 1, 256, 512]) at layer: 6
Get Mod with shape torch.Size([1, 1, 512, 1024]) at layer: 7
start temperature: 0.3 noise parameter: 2.0
end temperature: 0.3 noise parameter: 2.0
********************Start from stage I
Step 400, BEST PSNR: 33.204646, Total loss 0.027247 with its rate 3.2325363159179688 latent_bits 1694780.0

🌟 Selected Top-3 Candidates by RD cost

🎯 Stage-2 Refining Candidate 1/3
start temperature: 0.3 noise parameter: 2.0
end temperature: 0.3 noise parameter: 2.0
********************Start from stage I
Step 400, BEST PSNR: 34.996547, Total loss 0.023218 with its rate 3.527151584625244 latent_bits 1849243.25

🎯 Stage-2 Refining Candidate 2/3
start temperature: 0.3 noise parameter: 2.0
end temperature: 0.3 noise parameter: 2.0
********************Start from stage I
Step 400, BEST PSNR: 35.092579, Total loss 0.022792 with its rate 3.5282399654388428 latent_bits 1849813.875

🎯 Stage-2 Refining Candidate 3/3
start temperature: 0.3 noise parameter: 2.0
end temperature: 0.3 noise parameter: 2.0
********************Start from stage I
Step 400, BEST PSNR: 35.030470, Total loss 0.022652 with its rate 3.5316247940063477 latent_bits 1851588.5

🏆 Best Candidate Final PSNR: 35.03, Rate: 3.5316
Masked_INR(
  (upsampling_2d): Upsampling(
    (conv_transpose2d): UpsamplingConvTranspose2d()
  )
  (arm): Arm(
    (mlp): Sequential(
      (0): ArmConv(
        (conv1_1): Conv1d(16, 16, kernel_size=(1,), stride=(1,))
      )
      (1): GELU(approximate='none')
      (2): ArmConv(
        (conv1_1): Conv1d(16, 16, kernel_size=(1,), stride=(1,))
      )
      (3): GELU(approximate='none')
      (4): ArmConv(
        (conv1_1): Conv1d(16, 2, kernel_size=(1,), stride=(1,))
      )
    )
  )
  (conv_mod): LocalGlobalBlock(
    (net): Sequential(
      (0): SynthesisLayer(
        (pad): Identity()
        (conv_layer): SWHDC(
          (conv): Conv2d(2, 3, kernel_size=(3, 3), stride=(1, 1))
        )
        (non_linearity): GELU(approximate='none')
      )
      (1): SynthesisResidualLayer(
        (pad): ReplicationPad2d((0, 0, 0, 0))
        (conv_layer): Conv2d(3, 3, kernel_size=(1, 1), stride=(1, 1))
        (non_linearity): GELU(approximate='none')
      )
      (2): SynthesisResidualLayer(
        (pad): ReplicationPad2d((0, 0, 0, 0))
        (conv_layer): Conv2d(3, 3, kernel_size=(1, 1), stride=(1, 1))
        (non_linearity): GELU(approximate='none')
      )
      (3): SynthesisResidualLayer(
        (pad): ReplicationPad2d((0, 0, 0, 0))
        (conv_layer): Conv2d(3, 3, kernel_size=(1, 1), stride=(1, 1))
        (non_linearity): Identity()
      )
    )
    (global_net): Sequential(
      (0): SynthesisLayer(
        (pad): Identity()
        (conv_layer): SWHDC(
          (conv): Conv2d(2, 3, kernel_size=(3, 3), stride=(1, 1))
        )
        (non_linearity): GELU(approximate='none')
      )
      (1): SynthesisResidualLayer(
        (pad): ReplicationPad2d((0, 0, 0, 0))
        (conv_layer): Conv2d(3, 3, kernel_size=(1, 1), stride=(1, 1))
        (non_linearity): GELU(approximate='none')
      )
      (2): SynthesisResidualLayer(
        (pad): ReplicationPad2d((0, 0, 0, 0))
        (conv_layer): Conv2d(3, 3, kernel_size=(1, 1), stride=(1, 1))
        (non_linearity): GELU(approximate='none')
      )
      (3): SynthesisResidualLayer(
        (pad): ReplicationPad2d((0, 0, 0, 0))
        (conv_layer): Conv2d(3, 3, kernel_size=(1, 1), stride=(1, 1))
        (non_linearity): Identity()
      )
    )
    (agg_func): Sequential(
      (0): SynthesisLayer(
        (pad): ReplicationPad2d((0, 0, 0, 0))
        (conv_layer): Conv2d(18, 3, kernel_size=(1, 1), stride=(1, 1))
        (non_linearity): GELU(approximate='none')
      )
      (1): SynthesisLayer(
        (pad): ReplicationPad2d((0, 0, 0, 0))
        (conv_layer): Conv2d(21, 3, kernel_size=(1, 1), stride=(1, 1))
        (non_linearity): GELU(approximate='none')
      )
      (2): SynthesisLayer(
        (pad): ReplicationPad2d((0, 0, 0, 0))
        (conv_layer): Conv2d(24, 3, kernel_size=(1, 1), stride=(1, 1))
        (non_linearity): GELU(approximate='none')
      )
    )
    (full_net): Sequential(
      (0): SynthesisLayer(
        (pad): ReplicationPad2d((0, 0, 0, 0))
        (conv_layer): Conv2d(7, 12, kernel_size=(1, 1), stride=(1, 1))
        (non_linearity): GELU(approximate='none')
      )
      (1): SynthesisLayer(
        (pad): ReplicationPad2d((0, 0, 0, 0))
        (conv_layer): Conv2d(12, 3, kernel_size=(1, 1), stride=(1, 1))
        (non_linearity): GELU(approximate='none')
      )
      (2): SynthesisResidualLayer(
        (conv_layer): Conv2d(3, 3, kernel_size=(3, 3), stride=(1, 1))
        (non_linearity): GELU(approximate='none')
      )
      (3): SynthesisResidualLayer(
        (conv_layer): Conv2d(3, 3, kernel_size=(3, 3), stride=(1, 1))
        (non_linearity): GELU(approximate='none')
      )
    )
  )
  (modulation_sf): ParameterList(
      (0): Parameter containing: [torch.float32 of size 1x1x8x16 (cuda:0)]
      (1): Parameter containing: [torch.float32 of size 1x1x16x32 (cuda:0)]
      (2): Parameter containing: [torch.float32 of size 1x1x32x64 (cuda:0)]
      (3): Parameter containing: [torch.float32 of size 1x1x64x128 (cuda:0)]
      (4): Parameter containing: [torch.float32 of size 1x1x128x256 (cuda:0)]
      (5): Parameter containing: [torch.float32 of size 1x1x256x512 (cuda:0)]
      (6): Parameter containing: [torch.float32 of size 1x1x512x1024 (cuda:0)]
  )
)
train the 26 -th image
start temperature: 0.3 noise parameter: 2.0
end temperature: 0.1 noise parameter: 1.0
********************Start from stage I
********************going into stage II
eval_object_psnr: 45.175665328229876
eval_background_psnr: 38.9051605924601
eval_background_psnr: 38.9051605924601
********************Evaluation the Image 26-th, after Step 999, BEST PSNR: 37.980460, Print rate 3.998952. *************************
Saved model at ./saved/modbase_7/context_16_arm_mod_16/sparity_0.0/inr_mod_16KODAK_ROI_Global_new_struture_7_12_3_33_orderconcat_operator_0_pw_0.0008_img_object26.pth
Trained the image with PSNR: 37.98046040567691  latent bits 3.9989523887634277 latent bits number 2096602.75
[41.920899139908016, 42.05683185552155, 41.50299909273441, 41.60628089794445, 42.17414706595992, 42.56714739305277, 42.061732015194174, 42.47853325009182, 43.291657174328414, 44.00718670105075, 42.420725550901146, 43.50626687274438, 43.94346159961426, 43.804619731103145, 43.806970053789634, 43.4289936820812, 44.13230772312718, 44.66223982878339, 41.71014036958401, 42.50105742907634, 41.560518353541404, 41.73010990425015, 40.974202962743, 40.33642556792299, 36.56847263262153, 36.58249336139384, 37.98046040567691]
[3.860734462738037, 3.9179346561431885, 3.8916611671447754, 4.141820907592773, 3.952106475830078, 3.9450013637542725, 3.441128730773926, 3.4642279148101807, 3.503342628479004, 3.6226956844329834, 3.5598440170288086, 3.648066282272339, 3.3159713745117188, 3.236926555633545, 3.2604727745056152, 3.07277250289917, 3.1264820098876953, 3.038137197494507, 3.845519542694092, 3.860788106918335, 3.822272300720215, 3.6023917198181152, 3.457929849624634, 3.7711737155914307, 4.051054954528809, 3.9256973266601562, 3.9989523887634277]
[2024136.75, 2054126.125, 2040351.25, 2171507.0, 2072042.0, 2068316.875, 1804142.5, 1816253.125, 1836760.5, 1899335.875, 1866383.5, 1912637.375, 1738524.0, 1697081.75, 1709426.75, 1611017.75, 1639177.0, 1592858.875, 2016159.75, 2024164.875, 2003971.5, 1888690.75, 1812951.125, 1977181.125, 2123919.5, 2058196.0, 2096602.75]
load the model: ./saved/modbase_7/context_16_arm_mod_16/sparity_0.0/inr_mod_16KODAK_ROI_Global_new_struture_7_12_3_33_orderconcat_operator_0_pw_0.0008_img_object26.pth for the  26 -th image
********************Evalutation with quantization
********************Starting quantizing models
eval_object_psnr: 45.165099993514076
full_image_psnr: 37.96196835116077
object_psnr: 45.165099993514076
background_psnr: 38.88491351486697
********************Evaluation the Image 26-th, BEST PSNR: 37.961968, Print rate 4.000182, Network rate 0.023939. *************************
eval_wsssim: 0.985744
Decoded image saved to ./experiments/vcip_combined_loss/decoded_images/othim27_maskerp_wsmse0_swhdc1_erp1_lambda0.0008.png
Evaluate the image: PSNR: 37.96196835116077 All bits: 4.024120807647705  latent bits: 4.000181674957275  network bits: 0.023939132690429688
Evaluate arm network bits: 0.009395599365234375 Evaluate synthesis network bits: 0.013616561889648438
Image All bits num: 2109798.25 latent bits num: 2097247.25 mlp bits num: 12551.0 border bits num:
arm bits num: 4926.0 synthesis bits num: 7139.0
[41.75362833362292, 41.908941628931814, 41.44715671041414, 41.60395319935239, 42.15504734650576, 42.466517631298544, 42.013444309835116, 42.470972957931984, 43.20027007421521, 44.00814867813279, 42.3773295858797, 43.49611811347902, 43.91093102804894, 43.67989207692046, 43.713127186006, 43.35420663611793, 43.99393335616986, 44.50014803668066, 41.67060090418852, 42.41863268926815, 41.49318128646426, 41.70417212539177, 40.955170983120915, 40.071808088284286, 36.52232091120451, 36.58168128570489, 37.96196835116077]
[3.8865792751312256, 3.94187331199646, 3.9172120094299316, 4.1665568351745605, 3.9791696071624756, 3.970857620239258, 3.4666104316711426, 3.490701675415039, 3.527003765106201, 3.64764404296875, 3.585512161254883, 3.6755051612854004, 3.3409361839294434, 3.2608299255371094, 3.2849817276000977, 3.097515106201172, 3.150322437286377, 3.061771869659424, 3.8728952407836914, 3.8862929344177246, 3.846884250640869, 3.6283247470855713, 3.4846224784851074, 3.7958414554595947, 4.075413227081299, 3.951875686645508, 4.024120807647705]
[2037686.875, 2066676.875, 2053747.25, 2184475.75, 2086230.875, 2081873.0, 1817502.25, 1830133.0, 1849165.75, 1912416.0, 1879841.0, 1927023.25, 1751612.75, 1709614.0, 1722276.5, 1623990.0, 1651676.25, 1605250.25, 2030512.5, 2037536.75, 2016875.25, 1902287.125, 1826945.75, 1990114.125, 2136690.25, 2071921.0, 2109798.25]
Metrics saved to ./experiments/vcip_combined_loss/results.csv
Current eval Ave PSNR: 41.90493716719746 Ave Bits 3.6673279250109636
Namespace(batch_size=1, lr=0.01, data='../data', sparsity=0.0, local_upsampling_kernel_size=8, upsampling_kernel_size=8, static_upsampling_kernel=False, latent_factor=1, mod_base=7, highest_flag=1, context_arm=16, dim_arm_mod=16, use_candidate=True, type='other', mod_hid_layer=0, sythesis_features=12, hidden_features=64, hidden_layer=2, scale=1, lambda_rate=0.0008, lambda_rate_list=[0.0006, 0.0008], start_index=0, mask_type='erp', wsmse_tag=0, swhdc_tag=1, swhdc_dilations=[1, 2, 3, 4], erp_padding=1, workdir='./experiments/vcip_combined_loss', train_steps_1=5000, train_steps_2=1000, loss_type='combined', lambda_dist=0.0023437500000000003, lambda_percep=1.0, patch_h=512, patch_w=1024, all_pix_num=524288, eval_pix_num=524288)
Directory './saved/modbase_7/context_16_arm_mod_16' already exists.
Directory './saved/modbase_7/context_16_arm_mod_16/sparity_0.0' already exists.
top %: 0.0

🔁 Stage-1 Training Candidate 1/7
Quantizer parameter: encoding gain  16
total pixel: 524288
Get Mod with shape torch.Size([1, 1, 8, 16]) at layer: 1
Get Mod with shape torch.Size([1, 1, 16, 32]) at layer: 2
Get Mod with shape torch.Size([1, 1, 32, 64]) at layer: 3
Get Mod with shape torch.Size([1, 1, 64, 128]) at layer: 4
Get Mod with shape torch.Size([1, 1, 128, 256]) at layer: 5
Get Mod with shape torch.Size([1, 1, 256, 512]) at layer: 6
Get Mod with shape torch.Size([1, 1, 512, 1024]) at layer: 7
start temperature: 0.3 noise parameter: 2.0
end temperature: 0.3 noise parameter: 2.0
********************Start from stage I
Step 400, BEST PSNR: 35.806242, Total loss 0.011542 with its rate 3.0026261806488037 latent_bits 1574240.875

🔁 Stage-1 Training Candidate 2/7
Quantizer parameter: encoding gain  16
total pixel: 524288
Get Mod with shape torch.Size([1, 1, 8, 16]) at layer: 1
Get Mod with shape torch.Size([1, 1, 16, 32]) at layer: 2
Get Mod with shape torch.Size([1, 1, 32, 64]) at layer: 3
Get Mod with shape torch.Size([1, 1, 64, 128]) at layer: 4
Get Mod with shape torch.Size([1, 1, 128, 256]) at layer: 5
Get Mod with shape torch.Size([1, 1, 256, 512]) at layer: 6
Get Mod with shape torch.Size([1, 1, 512, 1024]) at layer: 7
start temperature: 0.3 noise parameter: 2.0
end temperature: 0.3 noise parameter: 2.0
********************Start from stage I
Step 400, BEST PSNR: 35.670487, Total loss 0.011583 with its rate 3.0074939727783203 latent_bits 1576793.0

🔁 Stage-1 Training Candidate 3/7
Quantizer parameter: encoding gain  16
total pixel: 524288
Get Mod with shape torch.Size([1, 1, 8, 16]) at layer: 1
Get Mod with shape torch.Size([1, 1, 16, 32]) at layer: 2
Get Mod with shape torch.Size([1, 1, 32, 64]) at layer: 3
Get Mod with shape torch.Size([1, 1, 64, 128]) at layer: 4
Get Mod with shape torch.Size([1, 1, 128, 256]) at layer: 5
Get Mod with shape torch.Size([1, 1, 256, 512]) at layer: 6
Get Mod with shape torch.Size([1, 1, 512, 1024]) at layer: 7
start temperature: 0.3 noise parameter: 2.0
end temperature: 0.3 noise parameter: 2.0
********************Start from stage I
Step 400, BEST PSNR: 36.527973, Total loss 0.010951 with its rate 2.948577880859375 latent_bits 1545904.0

🔁 Stage-1 Training Candidate 4/7
Quantizer parameter: encoding gain  16
total pixel: 524288
Get Mod with shape torch.Size([1, 1, 8, 16]) at layer: 1
Get Mod with shape torch.Size([1, 1, 16, 32]) at layer: 2
Get Mod with shape torch.Size([1, 1, 32, 64]) at layer: 3
Get Mod with shape torch.Size([1, 1, 64, 128]) at layer: 4
Get Mod with shape torch.Size([1, 1, 128, 256]) at layer: 5
Get Mod with shape torch.Size([1, 1, 256, 512]) at layer: 6
Get Mod with shape torch.Size([1, 1, 512, 1024]) at layer: 7
start temperature: 0.3 noise parameter: 2.0
end temperature: 0.3 noise parameter: 2.0
********************Start from stage I
Step 400, BEST PSNR: 35.927462, Total loss 0.011353 with its rate 2.9451169967651367 latent_bits 1544089.5

🔁 Stage-1 Training Candidate 5/7
Quantizer parameter: encoding gain  16
total pixel: 524288
Get Mod with shape torch.Size([1, 1, 8, 16]) at layer: 1
Get Mod with shape torch.Size([1, 1, 16, 32]) at layer: 2
Get Mod with shape torch.Size([1, 1, 32, 64]) at layer: 3
Get Mod with shape torch.Size([1, 1, 64, 128]) at layer: 4
Get Mod with shape torch.Size([1, 1, 128, 256]) at layer: 5
Get Mod with shape torch.Size([1, 1, 256, 512]) at layer: 6
Get Mod with shape torch.Size([1, 1, 512, 1024]) at layer: 7
start temperature: 0.3 noise parameter: 2.0
end temperature: 0.3 noise parameter: 2.0
********************Start from stage I
Step 400, BEST PSNR: 36.039025, Total loss 0.011234 with its rate 2.959268093109131 latent_bits 1551508.75

🔁 Stage-1 Training Candidate 6/7
Quantizer parameter: encoding gain  16
total pixel: 524288
Get Mod with shape torch.Size([1, 1, 8, 16]) at layer: 1
Get Mod with shape torch.Size([1, 1, 16, 32]) at layer: 2
Get Mod with shape torch.Size([1, 1, 32, 64]) at layer: 3
Get Mod with shape torch.Size([1, 1, 64, 128]) at layer: 4
Get Mod with shape torch.Size([1, 1, 128, 256]) at layer: 5
Get Mod with shape torch.Size([1, 1, 256, 512]) at layer: 6
Get Mod with shape torch.Size([1, 1, 512, 1024]) at layer: 7
start temperature: 0.3 noise parameter: 2.0
end temperature: 0.3 noise parameter: 2.0
********************Start from stage I
Step 400, BEST PSNR: 34.584465, Total loss 0.011863 with its rate 3.021516799926758 latent_bits 1584145.0

🔁 Stage-1 Training Candidate 7/7
Quantizer parameter: encoding gain  16
total pixel: 524288
Get Mod with shape torch.Size([1, 1, 8, 16]) at layer: 1
Get Mod with shape torch.Size([1, 1, 16, 32]) at layer: 2
Get Mod with shape torch.Size([1, 1, 32, 64]) at layer: 3
Get Mod with shape torch.Size([1, 1, 64, 128]) at layer: 4
Get Mod with shape torch.Size([1, 1, 128, 256]) at layer: 5
Get Mod with shape torch.Size([1, 1, 256, 512]) at layer: 6
Get Mod with shape torch.Size([1, 1, 512, 1024]) at layer: 7
start temperature: 0.3 noise parameter: 2.0
end temperature: 0.3 noise parameter: 2.0
********************Start from stage I
Step 400, BEST PSNR: 35.369207, Total loss 0.011452 with its rate 3.002318859100342 latent_bits 1574079.75

🌟 Selected Top-3 Candidates by RD cost

🎯 Stage-2 Refining Candidate 1/3
start temperature: 0.3 noise parameter: 2.0
end temperature: 0.3 noise parameter: 2.0
********************Start from stage I
Step 400, BEST PSNR: 38.253146, Total loss 0.008679 with its rate 3.3269686698913574 latent_bits 1744289.75

🎯 Stage-2 Refining Candidate 2/3
start temperature: 0.3 noise parameter: 2.0
end temperature: 0.3 noise parameter: 2.0
********************Start from stage I
Step 400, BEST PSNR: 38.475873, Total loss 0.008571 with its rate 3.3632023334503174 latent_bits 1763286.625

🎯 Stage-2 Refining Candidate 3/3
start temperature: 0.3 noise parameter: 2.0
end temperature: 0.3 noise parameter: 2.0
********************Start from stage I
Step 400, BEST PSNR: 37.683920, Total loss 0.009094 with its rate 3.3344855308532715 latent_bits 1748230.75

🏆 Best Candidate Final PSNR: 38.48, Rate: 3.3632
Masked_INR(
  (upsampling_2d): Upsampling(
    (conv_transpose2d): UpsamplingConvTranspose2d()
  )
  (arm): Arm(
    (mlp): Sequential(
      (0): ArmConv(
        (conv1_1): Conv1d(16, 16, kernel_size=(1,), stride=(1,))
      )
      (1): GELU(approximate='none')
      (2): ArmConv(
        (conv1_1): Conv1d(16, 16, kernel_size=(1,), stride=(1,))
      )
      (3): GELU(approximate='none')
      (4): ArmConv(
        (conv1_1): Conv1d(16, 2, kernel_size=(1,), stride=(1,))
      )
    )
  )
  (conv_mod): LocalGlobalBlock(
    (net): Sequential(
      (0): SynthesisLayer(
        (pad): Identity()
        (conv_layer): SWHDC(
          (conv): Conv2d(2, 3, kernel_size=(3, 3), stride=(1, 1))
        )
        (non_linearity): GELU(approximate='none')
      )
      (1): SynthesisResidualLayer(
        (pad): ReplicationPad2d((0, 0, 0, 0))
        (conv_layer): Conv2d(3, 3, kernel_size=(1, 1), stride=(1, 1))
        (non_linearity): GELU(approximate='none')
      )
      (2): SynthesisResidualLayer(
        (pad): ReplicationPad2d((0, 0, 0, 0))
        (conv_layer): Conv2d(3, 3, kernel_size=(1, 1), stride=(1, 1))
        (non_linearity): GELU(approximate='none')
      )
      (3): SynthesisResidualLayer(
        (pad): ReplicationPad2d((0, 0, 0, 0))
        (conv_layer): Conv2d(3, 3, kernel_size=(1, 1), stride=(1, 1))
        (non_linearity): Identity()
      )
    )
    (global_net): Sequential(
      (0): SynthesisLayer(
        (pad): Identity()
        (conv_layer): SWHDC(
          (conv): Conv2d(2, 3, kernel_size=(3, 3), stride=(1, 1))
        )
        (non_linearity): GELU(approximate='none')
      )
      (1): SynthesisResidualLayer(
        (pad): ReplicationPad2d((0, 0, 0, 0))
        (conv_layer): Conv2d(3, 3, kernel_size=(1, 1), stride=(1, 1))
        (non_linearity): GELU(approximate='none')
      )
      (2): SynthesisResidualLayer(
        (pad): ReplicationPad2d((0, 0, 0, 0))
        (conv_layer): Conv2d(3, 3, kernel_size=(1, 1), stride=(1, 1))
        (non_linearity): GELU(approximate='none')
      )
      (3): SynthesisResidualLayer(
        (pad): ReplicationPad2d((0, 0, 0, 0))
        (conv_layer): Conv2d(3, 3, kernel_size=(1, 1), stride=(1, 1))
        (non_linearity): Identity()
      )
    )
    (agg_func): Sequential(
      (0): SynthesisLayer(
        (pad): ReplicationPad2d((0, 0, 0, 0))
        (conv_layer): Conv2d(18, 3, kernel_size=(1, 1), stride=(1, 1))
        (non_linearity): GELU(approximate='none')
      )
      (1): SynthesisLayer(
        (pad): ReplicationPad2d((0, 0, 0, 0))
        (conv_layer): Conv2d(21, 3, kernel_size=(1, 1), stride=(1, 1))
        (non_linearity): GELU(approximate='none')
      )
      (2): SynthesisLayer(
        (pad): ReplicationPad2d((0, 0, 0, 0))
        (conv_layer): Conv2d(24, 3, kernel_size=(1, 1), stride=(1, 1))
        (non_linearity): GELU(approximate='none')
      )
    )
    (full_net): Sequential(
      (0): SynthesisLayer(
        (pad): ReplicationPad2d((0, 0, 0, 0))
        (conv_layer): Conv2d(7, 12, kernel_size=(1, 1), stride=(1, 1))
        (non_linearity): GELU(approximate='none')
      )
      (1): SynthesisLayer(
        (pad): ReplicationPad2d((0, 0, 0, 0))
        (conv_layer): Conv2d(12, 3, kernel_size=(1, 1), stride=(1, 1))
        (non_linearity): GELU(approximate='none')
      )
      (2): SynthesisResidualLayer(
        (conv_layer): Conv2d(3, 3, kernel_size=(3, 3), stride=(1, 1))
        (non_linearity): GELU(approximate='none')
      )
      (3): SynthesisResidualLayer(
        (conv_layer): Conv2d(3, 3, kernel_size=(3, 3), stride=(1, 1))
        (non_linearity): GELU(approximate='none')
      )
    )
  )
  (modulation_sf): ParameterList(
      (0): Parameter containing: [torch.float32 of size 1x1x8x16 (cuda:0)]
      (1): Parameter containing: [torch.float32 of size 1x1x16x32 (cuda:0)]
      (2): Parameter containing: [torch.float32 of size 1x1x32x64 (cuda:0)]
      (3): Parameter containing: [torch.float32 of size 1x1x64x128 (cuda:0)]
      (4): Parameter containing: [torch.float32 of size 1x1x128x256 (cuda:0)]
      (5): Parameter containing: [torch.float32 of size 1x1x256x512 (cuda:0)]
      (6): Parameter containing: [torch.float32 of size 1x1x512x1024 (cuda:0)]
  )
)
train the 27 -th image
start temperature: 0.3 noise parameter: 2.0
end temperature: 0.1 noise parameter: 1.0
********************Start from stage I
********************going into stage II
eval_object_psnr: 49.153748254633875
eval_background_psnr: 44.26139103376141
eval_background_psnr: 44.26139103376141
********************Evaluation the Image 27-th, after Step 999, BEST PSNR: 43.030648, Print rate 3.608263. *************************
Saved model at ./saved/modbase_7/context_16_arm_mod_16/sparity_0.0/inr_mod_16KODAK_ROI_Global_new_struture_7_12_3_33_orderconcat_operator_0_pw_0.0008_img_object27.pth
Trained the image with PSNR: 43.03064761211684  latent bits 3.608262538909912 latent bits number 1891768.75
[41.920899139908016, 42.05683185552155, 41.50299909273441, 41.60628089794445, 42.17414706595992, 42.56714739305277, 42.061732015194174, 42.47853325009182, 43.291657174328414, 44.00718670105075, 42.420725550901146, 43.50626687274438, 43.94346159961426, 43.804619731103145, 43.806970053789634, 43.4289936820812, 44.13230772312718, 44.66223982878339, 41.71014036958401, 42.50105742907634, 41.560518353541404, 41.73010990425015, 40.974202962743, 40.33642556792299, 36.56847263262153, 36.58249336139384, 37.98046040567691, 43.03064761211684]
[3.860734462738037, 3.9179346561431885, 3.8916611671447754, 4.141820907592773, 3.952106475830078, 3.9450013637542725, 3.441128730773926, 3.4642279148101807, 3.503342628479004, 3.6226956844329834, 3.5598440170288086, 3.648066282272339, 3.3159713745117188, 3.236926555633545, 3.2604727745056152, 3.07277250289917, 3.1264820098876953, 3.038137197494507, 3.845519542694092, 3.860788106918335, 3.822272300720215, 3.6023917198181152, 3.457929849624634, 3.7711737155914307, 4.051054954528809, 3.9256973266601562, 3.9989523887634277, 3.608262538909912]
[2024136.75, 2054126.125, 2040351.25, 2171507.0, 2072042.0, 2068316.875, 1804142.5, 1816253.125, 1836760.5, 1899335.875, 1866383.5, 1912637.375, 1738524.0, 1697081.75, 1709426.75, 1611017.75, 1639177.0, 1592858.875, 2016159.75, 2024164.875, 2003971.5, 1888690.75, 1812951.125, 1977181.125, 2123919.5, 2058196.0, 2096602.75, 1891768.75]
load the model: ./saved/modbase_7/context_16_arm_mod_16/sparity_0.0/inr_mod_16KODAK_ROI_Global_new_struture_7_12_3_33_orderconcat_operator_0_pw_0.0008_img_object27.pth for the  27 -th image
********************Evalutation with quantization
********************Starting quantizing models
eval_object_psnr: 49.04213683356514
full_image_psnr: 42.94764117305338
object_psnr: 49.04213683356514
background_psnr: 44.18575523827237
********************Evaluation the Image 27-th, BEST PSNR: 42.947641, Print rate 3.610040, Network rate 0.021791. *************************
eval_wsssim: 0.997083
Decoded image saved to ./experiments/vcip_combined_loss/decoded_images/othim28_maskerp_wsmse0_swhdc1_erp1_lambda0.0008.png
Evaluate the image: PSNR: 42.94764117305338 All bits: 3.631831645965576  latent bits: 3.6100401878356934  network bits: 0.021791458129882812
Evaluate arm network bits: 0.00847625732421875 Evaluate synthesis network bits: 0.0125274658203125
Image All bits num: 1904125.75 latent bits num: 1892700.75 mlp bits num: 11425.0 border bits num:
arm bits num: 4444.0 synthesis bits num: 6568.0
[41.75362833362292, 41.908941628931814, 41.44715671041414, 41.60395319935239, 42.15504734650576, 42.466517631298544, 42.013444309835116, 42.470972957931984, 43.20027007421521, 44.00814867813279, 42.3773295858797, 43.49611811347902, 43.91093102804894, 43.67989207692046, 43.713127186006, 43.35420663611793, 43.99393335616986, 44.50014803668066, 41.67060090418852, 42.41863268926815, 41.49318128646426, 41.70417212539177, 40.955170983120915, 40.071808088284286, 36.52232091120451, 36.58168128570489, 37.96196835116077, 42.94764117305338]
[3.8865792751312256, 3.94187331199646, 3.9172120094299316, 4.1665568351745605, 3.9791696071624756, 3.970857620239258, 3.4666104316711426, 3.490701675415039, 3.527003765106201, 3.64764404296875, 3.585512161254883, 3.6755051612854004, 3.3409361839294434, 3.2608299255371094, 3.2849817276000977, 3.097515106201172, 3.150322437286377, 3.061771869659424, 3.8728952407836914, 3.8862929344177246, 3.846884250640869, 3.6283247470855713, 3.4846224784851074, 3.7958414554595947, 4.075413227081299, 3.951875686645508, 4.024120807647705, 3.631831645965576]
[2037686.875, 2066676.875, 2053747.25, 2184475.75, 2086230.875, 2081873.0, 1817502.25, 1830133.0, 1849165.75, 1912416.0, 1879841.0, 1927023.25, 1751612.75, 1709614.0, 1722276.5, 1623990.0, 1651676.25, 1605250.25, 2030512.5, 2037536.75, 2016875.25, 1902287.125, 1826945.75, 1990114.125, 2136690.25, 2071921.0, 2109798.25, 1904125.75]
Metrics saved to ./experiments/vcip_combined_loss/results.csv
Current eval Ave PSNR: 41.942176595978026 Ave Bits 3.666060200759343
Namespace(batch_size=1, lr=0.01, data='../data', sparsity=0.0, local_upsampling_kernel_size=8, upsampling_kernel_size=8, static_upsampling_kernel=False, latent_factor=1, mod_base=7, highest_flag=1, context_arm=16, dim_arm_mod=16, use_candidate=True, type='other', mod_hid_layer=0, sythesis_features=12, hidden_features=64, hidden_layer=2, scale=1, lambda_rate=0.0008, lambda_rate_list=[0.0006, 0.0008], start_index=0, mask_type='erp', wsmse_tag=0, swhdc_tag=1, swhdc_dilations=[1, 2, 3, 4], erp_padding=1, workdir='./experiments/vcip_combined_loss', train_steps_1=5000, train_steps_2=1000, loss_type='combined', lambda_dist=0.0023437500000000003, lambda_percep=1.0, patch_h=512, patch_w=1024, all_pix_num=524288, eval_pix_num=524288)
Directory './saved/modbase_7/context_16_arm_mod_16' already exists.
Directory './saved/modbase_7/context_16_arm_mod_16/sparity_0.0' already exists.
top %: 0.0

🔁 Stage-1 Training Candidate 1/7
Quantizer parameter: encoding gain  16
total pixel: 524288
Get Mod with shape torch.Size([1, 1, 8, 16]) at layer: 1
Get Mod with shape torch.Size([1, 1, 16, 32]) at layer: 2
Get Mod with shape torch.Size([1, 1, 32, 64]) at layer: 3
Get Mod with shape torch.Size([1, 1, 64, 128]) at layer: 4
Get Mod with shape torch.Size([1, 1, 128, 256]) at layer: 5
Get Mod with shape torch.Size([1, 1, 256, 512]) at layer: 6
Get Mod with shape torch.Size([1, 1, 512, 1024]) at layer: 7
start temperature: 0.3 noise parameter: 2.0
end temperature: 0.3 noise parameter: 2.0
********************Start from stage I
Step 400, BEST PSNR: 35.438588, Total loss 0.012905 with its rate 2.906756639480591 latent_bits 1523977.625

🔁 Stage-1 Training Candidate 2/7
Quantizer parameter: encoding gain  16
total pixel: 524288
Get Mod with shape torch.Size([1, 1, 8, 16]) at layer: 1
Get Mod with shape torch.Size([1, 1, 16, 32]) at layer: 2
Get Mod with shape torch.Size([1, 1, 32, 64]) at layer: 3
Get Mod with shape torch.Size([1, 1, 64, 128]) at layer: 4
Get Mod with shape torch.Size([1, 1, 128, 256]) at layer: 5
Get Mod with shape torch.Size([1, 1, 256, 512]) at layer: 6
Get Mod with shape torch.Size([1, 1, 512, 1024]) at layer: 7
start temperature: 0.3 noise parameter: 2.0
end temperature: 0.3 noise parameter: 2.0
********************Start from stage I
Step 400, BEST PSNR: 33.766049, Total loss 0.014702 with its rate 3.093569278717041 latent_bits 1621921.25

🔁 Stage-1 Training Candidate 3/7
Quantizer parameter: encoding gain  16
total pixel: 524288
Get Mod with shape torch.Size([1, 1, 8, 16]) at layer: 1
Get Mod with shape torch.Size([1, 1, 16, 32]) at layer: 2
Get Mod with shape torch.Size([1, 1, 32, 64]) at layer: 3
Get Mod with shape torch.Size([1, 1, 64, 128]) at layer: 4
Get Mod with shape torch.Size([1, 1, 128, 256]) at layer: 5
Get Mod with shape torch.Size([1, 1, 256, 512]) at layer: 6
Get Mod with shape torch.Size([1, 1, 512, 1024]) at layer: 7
start temperature: 0.3 noise parameter: 2.0
end temperature: 0.3 noise parameter: 2.0
********************Start from stage I
Step 400, BEST PSNR: 35.039317, Total loss 0.013603 with its rate 2.9382286071777344 latent_bits 1540478.0

🔁 Stage-1 Training Candidate 4/7
Quantizer parameter: encoding gain  16
total pixel: 524288
Get Mod with shape torch.Size([1, 1, 8, 16]) at layer: 1
Get Mod with shape torch.Size([1, 1, 16, 32]) at layer: 2
Get Mod with shape torch.Size([1, 1, 32, 64]) at layer: 3
Get Mod with shape torch.Size([1, 1, 64, 128]) at layer: 4
Get Mod with shape torch.Size([1, 1, 128, 256]) at layer: 5
Get Mod with shape torch.Size([1, 1, 256, 512]) at layer: 6
Get Mod with shape torch.Size([1, 1, 512, 1024]) at layer: 7
start temperature: 0.3 noise parameter: 2.0
end temperature: 0.3 noise parameter: 2.0
********************Start from stage I
Step 400, BEST PSNR: 35.625299, Total loss 0.013009 with its rate 3.051389455795288 latent_bits 1599806.875

🔁 Stage-1 Training Candidate 5/7
Quantizer parameter: encoding gain  16
total pixel: 524288
Get Mod with shape torch.Size([1, 1, 8, 16]) at layer: 1
Get Mod with shape torch.Size([1, 1, 16, 32]) at layer: 2
Get Mod with shape torch.Size([1, 1, 32, 64]) at layer: 3
Get Mod with shape torch.Size([1, 1, 64, 128]) at layer: 4
Get Mod with shape torch.Size([1, 1, 128, 256]) at layer: 5
Get Mod with shape torch.Size([1, 1, 256, 512]) at layer: 6
Get Mod with shape torch.Size([1, 1, 512, 1024]) at layer: 7
start temperature: 0.3 noise parameter: 2.0
end temperature: 0.3 noise parameter: 2.0
********************Start from stage I
Step 400, BEST PSNR: 35.989696, Total loss 0.012055 with its rate 2.975269317626953 latent_bits 1559898.0

🔁 Stage-1 Training Candidate 6/7
Quantizer parameter: encoding gain  16
total pixel: 524288
Get Mod with shape torch.Size([1, 1, 8, 16]) at layer: 1
Get Mod with shape torch.Size([1, 1, 16, 32]) at layer: 2
Get Mod with shape torch.Size([1, 1, 32, 64]) at layer: 3
Get Mod with shape torch.Size([1, 1, 64, 128]) at layer: 4
Get Mod with shape torch.Size([1, 1, 128, 256]) at layer: 5
Get Mod with shape torch.Size([1, 1, 256, 512]) at layer: 6
Get Mod with shape torch.Size([1, 1, 512, 1024]) at layer: 7
start temperature: 0.3 noise parameter: 2.0
end temperature: 0.3 noise parameter: 2.0
********************Start from stage I
Step 400, BEST PSNR: 34.365212, Total loss 0.013439 with its rate 2.954066276550293 latent_bits 1548781.5

🔁 Stage-1 Training Candidate 7/7
Quantizer parameter: encoding gain  16
total pixel: 524288
Get Mod with shape torch.Size([1, 1, 8, 16]) at layer: 1
Get Mod with shape torch.Size([1, 1, 16, 32]) at layer: 2
Get Mod with shape torch.Size([1, 1, 32, 64]) at layer: 3
Get Mod with shape torch.Size([1, 1, 64, 128]) at layer: 4
Get Mod with shape torch.Size([1, 1, 128, 256]) at layer: 5
Get Mod with shape torch.Size([1, 1, 256, 512]) at layer: 6
Get Mod with shape torch.Size([1, 1, 512, 1024]) at layer: 7
start temperature: 0.3 noise parameter: 2.0
end temperature: 0.3 noise parameter: 2.0
********************Start from stage I
Step 400, BEST PSNR: 33.799059, Total loss 0.013253 with its rate 2.9871861934661865 latent_bits 1566145.875

🌟 Selected Top-3 Candidates by RD cost

🎯 Stage-2 Refining Candidate 1/3
start temperature: 0.3 noise parameter: 2.0
end temperature: 0.3 noise parameter: 2.0
********************Start from stage I
Step 400, BEST PSNR: 37.310871, Total loss 0.009516 with its rate 3.3436408042907715 latent_bits 1753030.75

🎯 Stage-2 Refining Candidate 2/3
start temperature: 0.3 noise parameter: 2.0
end temperature: 0.3 noise parameter: 2.0
********************Start from stage I
Step 400, BEST PSNR: 37.888437, Total loss 0.009440 with its rate 3.3015503883361816 latent_bits 1730963.25

🎯 Stage-2 Refining Candidate 3/3
start temperature: 0.3 noise parameter: 2.0
end temperature: 0.3 noise parameter: 2.0
********************Start from stage I
Step 400, BEST PSNR: 37.327224, Total loss 0.010116 with its rate 3.3980369567871094 latent_bits 1781550.0

🏆 Best Candidate Final PSNR: 37.89, Rate: 3.3016
Masked_INR(
  (upsampling_2d): Upsampling(
    (conv_transpose2d): UpsamplingConvTranspose2d()
  )
  (arm): Arm(
    (mlp): Sequential(
      (0): ArmConv(
        (conv1_1): Conv1d(16, 16, kernel_size=(1,), stride=(1,))
      )
      (1): GELU(approximate='none')
      (2): ArmConv(
        (conv1_1): Conv1d(16, 16, kernel_size=(1,), stride=(1,))
      )
      (3): GELU(approximate='none')
      (4): ArmConv(
        (conv1_1): Conv1d(16, 2, kernel_size=(1,), stride=(1,))
      )
    )
  )
  (conv_mod): LocalGlobalBlock(
    (net): Sequential(
      (0): SynthesisLayer(
        (pad): Identity()
        (conv_layer): SWHDC(
          (conv): Conv2d(2, 3, kernel_size=(3, 3), stride=(1, 1))
        )
        (non_linearity): GELU(approximate='none')
      )
      (1): SynthesisResidualLayer(
        (pad): ReplicationPad2d((0, 0, 0, 0))
        (conv_layer): Conv2d(3, 3, kernel_size=(1, 1), stride=(1, 1))
        (non_linearity): GELU(approximate='none')
      )
      (2): SynthesisResidualLayer(
        (pad): ReplicationPad2d((0, 0, 0, 0))
        (conv_layer): Conv2d(3, 3, kernel_size=(1, 1), stride=(1, 1))
        (non_linearity): GELU(approximate='none')
      )
      (3): SynthesisResidualLayer(
        (pad): ReplicationPad2d((0, 0, 0, 0))
        (conv_layer): Conv2d(3, 3, kernel_size=(1, 1), stride=(1, 1))
        (non_linearity): Identity()
      )
    )
    (global_net): Sequential(
      (0): SynthesisLayer(
        (pad): Identity()
        (conv_layer): SWHDC(
          (conv): Conv2d(2, 3, kernel_size=(3, 3), stride=(1, 1))
        )
        (non_linearity): GELU(approximate='none')
      )
      (1): SynthesisResidualLayer(
        (pad): ReplicationPad2d((0, 0, 0, 0))
        (conv_layer): Conv2d(3, 3, kernel_size=(1, 1), stride=(1, 1))
        (non_linearity): GELU(approximate='none')
      )
      (2): SynthesisResidualLayer(
        (pad): ReplicationPad2d((0, 0, 0, 0))
        (conv_layer): Conv2d(3, 3, kernel_size=(1, 1), stride=(1, 1))
        (non_linearity): GELU(approximate='none')
      )
      (3): SynthesisResidualLayer(
        (pad): ReplicationPad2d((0, 0, 0, 0))
        (conv_layer): Conv2d(3, 3, kernel_size=(1, 1), stride=(1, 1))
        (non_linearity): Identity()
      )
    )
    (agg_func): Sequential(
      (0): SynthesisLayer(
        (pad): ReplicationPad2d((0, 0, 0, 0))
        (conv_layer): Conv2d(18, 3, kernel_size=(1, 1), stride=(1, 1))
        (non_linearity): GELU(approximate='none')
      )
      (1): SynthesisLayer(
        (pad): ReplicationPad2d((0, 0, 0, 0))
        (conv_layer): Conv2d(21, 3, kernel_size=(1, 1), stride=(1, 1))
        (non_linearity): GELU(approximate='none')
      )
      (2): SynthesisLayer(
        (pad): ReplicationPad2d((0, 0, 0, 0))
        (conv_layer): Conv2d(24, 3, kernel_size=(1, 1), stride=(1, 1))
        (non_linearity): GELU(approximate='none')
      )
    )
    (full_net): Sequential(
      (0): SynthesisLayer(
        (pad): ReplicationPad2d((0, 0, 0, 0))
        (conv_layer): Conv2d(7, 12, kernel_size=(1, 1), stride=(1, 1))
        (non_linearity): GELU(approximate='none')
      )
      (1): SynthesisLayer(
        (pad): ReplicationPad2d((0, 0, 0, 0))
        (conv_layer): Conv2d(12, 3, kernel_size=(1, 1), stride=(1, 1))
        (non_linearity): GELU(approximate='none')
      )
      (2): SynthesisResidualLayer(
        (conv_layer): Conv2d(3, 3, kernel_size=(3, 3), stride=(1, 1))
        (non_linearity): GELU(approximate='none')
      )
      (3): SynthesisResidualLayer(
        (conv_layer): Conv2d(3, 3, kernel_size=(3, 3), stride=(1, 1))
        (non_linearity): GELU(approximate='none')
      )
    )
  )
  (modulation_sf): ParameterList(
      (0): Parameter containing: [torch.float32 of size 1x1x8x16 (cuda:0)]
      (1): Parameter containing: [torch.float32 of size 1x1x16x32 (cuda:0)]
      (2): Parameter containing: [torch.float32 of size 1x1x32x64 (cuda:0)]
      (3): Parameter containing: [torch.float32 of size 1x1x64x128 (cuda:0)]
      (4): Parameter containing: [torch.float32 of size 1x1x128x256 (cuda:0)]
      (5): Parameter containing: [torch.float32 of size 1x1x256x512 (cuda:0)]
      (6): Parameter containing: [torch.float32 of size 1x1x512x1024 (cuda:0)]
  )
)
train the 28 -th image
start temperature: 0.3 noise parameter: 2.0
end temperature: 0.1 noise parameter: 1.0
********************Start from stage I
********************going into stage II
eval_object_psnr: 48.46605516625428
eval_background_psnr: 45.12673710782888
eval_background_psnr: 45.12673710782888
********************Evaluation the Image 28-th, after Step 999, BEST PSNR: 43.449010, Print rate 3.605106. *************************
Saved model at ./saved/modbase_7/context_16_arm_mod_16/sparity_0.0/inr_mod_16KODAK_ROI_Global_new_struture_7_12_3_33_orderconcat_operator_0_pw_0.0008_img_object28.pth
Trained the image with PSNR: 43.44901044124557  latent bits 3.6051063537597656 latent bits number 1890114.0
[41.920899139908016, 42.05683185552155, 41.50299909273441, 41.60628089794445, 42.17414706595992, 42.56714739305277, 42.061732015194174, 42.47853325009182, 43.291657174328414, 44.00718670105075, 42.420725550901146, 43.50626687274438, 43.94346159961426, 43.804619731103145, 43.806970053789634, 43.4289936820812, 44.13230772312718, 44.66223982878339, 41.71014036958401, 42.50105742907634, 41.560518353541404, 41.73010990425015, 40.974202962743, 40.33642556792299, 36.56847263262153, 36.58249336139384, 37.98046040567691, 43.03064761211684, 43.44901044124557]
[3.860734462738037, 3.9179346561431885, 3.8916611671447754, 4.141820907592773, 3.952106475830078, 3.9450013637542725, 3.441128730773926, 3.4642279148101807, 3.503342628479004, 3.6226956844329834, 3.5598440170288086, 3.648066282272339, 3.3159713745117188, 3.236926555633545, 3.2604727745056152, 3.07277250289917, 3.1264820098876953, 3.038137197494507, 3.845519542694092, 3.860788106918335, 3.822272300720215, 3.6023917198181152, 3.457929849624634, 3.7711737155914307, 4.051054954528809, 3.9256973266601562, 3.9989523887634277, 3.608262538909912, 3.6051063537597656]
[2024136.75, 2054126.125, 2040351.25, 2171507.0, 2072042.0, 2068316.875, 1804142.5, 1816253.125, 1836760.5, 1899335.875, 1866383.5, 1912637.375, 1738524.0, 1697081.75, 1709426.75, 1611017.75, 1639177.0, 1592858.875, 2016159.75, 2024164.875, 2003971.5, 1888690.75, 1812951.125, 1977181.125, 2123919.5, 2058196.0, 2096602.75, 1891768.75, 1890114.0]
load the model: ./saved/modbase_7/context_16_arm_mod_16/sparity_0.0/inr_mod_16KODAK_ROI_Global_new_struture_7_12_3_33_orderconcat_operator_0_pw_0.0008_img_object28.pth for the  28 -th image
********************Evalutation with quantization
********************Starting quantizing models
eval_object_psnr: 48.42545349930942
full_image_psnr: 43.400637259764544
object_psnr: 48.42545349930942
background_psnr: 45.07708340685539
********************Evaluation the Image 28-th, BEST PSNR: 43.400637, Print rate 3.605803, Network rate 0.023630. *************************
eval_wsssim: 0.996718
Decoded image saved to ./experiments/vcip_combined_loss/decoded_images/othim29_maskerp_wsmse0_swhdc1_erp1_lambda0.0008.png
Evaluate the image: PSNR: 43.400637259764544 All bits: 3.6294333934783936  latent bits: 3.6058032512664795  network bits: 0.023630142211914062
Evaluate arm network bits: 0.009447097778320312 Evaluate synthesis network bits: 0.013208389282226562
Image All bits num: 1902868.375 latent bits num: 1890479.375 mlp bits num: 12389.0 border bits num:
arm bits num: 4953.0 synthesis bits num: 6925.0
[41.75362833362292, 41.908941628931814, 41.44715671041414, 41.60395319935239, 42.15504734650576, 42.466517631298544, 42.013444309835116, 42.470972957931984, 43.20027007421521, 44.00814867813279, 42.3773295858797, 43.49611811347902, 43.91093102804894, 43.67989207692046, 43.713127186006, 43.35420663611793, 43.99393335616986, 44.50014803668066, 41.67060090418852, 42.41863268926815, 41.49318128646426, 41.70417212539177, 40.955170983120915, 40.071808088284286, 36.52232091120451, 36.58168128570489, 37.96196835116077, 42.94764117305338, 43.400637259764544]
[3.8865792751312256, 3.94187331199646, 3.9172120094299316, 4.1665568351745605, 3.9791696071624756, 3.970857620239258, 3.4666104316711426, 3.490701675415039, 3.527003765106201, 3.64764404296875, 3.585512161254883, 3.6755051612854004, 3.3409361839294434, 3.2608299255371094, 3.2849817276000977, 3.097515106201172, 3.150322437286377, 3.061771869659424, 3.8728952407836914, 3.8862929344177246, 3.846884250640869, 3.6283247470855713, 3.4846224784851074, 3.7958414554595947, 4.075413227081299, 3.951875686645508, 4.024120807647705, 3.631831645965576, 3.6294333934783936]
[2037686.875, 2066676.875, 2053747.25, 2184475.75, 2086230.875, 2081873.0, 1817502.25, 1830133.0, 1849165.75, 1912416.0, 1879841.0, 1927023.25, 1751612.75, 1709614.0, 1722276.5, 1623990.0, 1651676.25, 1605250.25, 2030512.5, 2037536.75, 2016875.25, 1902287.125, 1826945.75, 1990114.125, 2136690.25, 2071921.0, 2109798.25, 1904125.75, 1902868.375]
Metrics saved to ./experiments/vcip_combined_loss/results.csv
Current eval Ave PSNR: 41.99246834300515 Ave Bits 3.664797207404827
Namespace(batch_size=1, lr=0.01, data='../data', sparsity=0.0, local_upsampling_kernel_size=8, upsampling_kernel_size=8, static_upsampling_kernel=False, latent_factor=1, mod_base=7, highest_flag=1, context_arm=16, dim_arm_mod=16, use_candidate=True, type='other', mod_hid_layer=0, sythesis_features=12, hidden_features=64, hidden_layer=2, scale=1, lambda_rate=0.0008, lambda_rate_list=[0.0006, 0.0008], start_index=0, mask_type='erp', wsmse_tag=0, swhdc_tag=1, swhdc_dilations=[1, 2, 3, 4], erp_padding=1, workdir='./experiments/vcip_combined_loss', train_steps_1=5000, train_steps_2=1000, loss_type='combined', lambda_dist=0.0023437500000000003, lambda_percep=1.0, patch_h=512, patch_w=1024, all_pix_num=524288, eval_pix_num=524288)
Directory './saved/modbase_7/context_16_arm_mod_16' already exists.
Directory './saved/modbase_7/context_16_arm_mod_16/sparity_0.0' already exists.
top %: 0.0

🔁 Stage-1 Training Candidate 1/7
Quantizer parameter: encoding gain  16
total pixel: 524288
Get Mod with shape torch.Size([1, 1, 8, 16]) at layer: 1
Get Mod with shape torch.Size([1, 1, 16, 32]) at layer: 2
Get Mod with shape torch.Size([1, 1, 32, 64]) at layer: 3
Get Mod with shape torch.Size([1, 1, 64, 128]) at layer: 4
Get Mod with shape torch.Size([1, 1, 128, 256]) at layer: 5
Get Mod with shape torch.Size([1, 1, 256, 512]) at layer: 6
Get Mod with shape torch.Size([1, 1, 512, 1024]) at layer: 7
start temperature: 0.3 noise parameter: 2.0
end temperature: 0.3 noise parameter: 2.0
********************Start from stage I
Step 400, BEST PSNR: 34.633112, Total loss 0.012690 with its rate 2.9405465126037598 latent_bits 1541693.25

🔁 Stage-1 Training Candidate 2/7
Quantizer parameter: encoding gain  16
total pixel: 524288
Get Mod with shape torch.Size([1, 1, 8, 16]) at layer: 1
Get Mod with shape torch.Size([1, 1, 16, 32]) at layer: 2
Get Mod with shape torch.Size([1, 1, 32, 64]) at layer: 3
Get Mod with shape torch.Size([1, 1, 64, 128]) at layer: 4
Get Mod with shape torch.Size([1, 1, 128, 256]) at layer: 5
Get Mod with shape torch.Size([1, 1, 256, 512]) at layer: 6
Get Mod with shape torch.Size([1, 1, 512, 1024]) at layer: 7
start temperature: 0.3 noise parameter: 2.0
end temperature: 0.3 noise parameter: 2.0
********************Start from stage I
Step 400, BEST PSNR: 34.918849, Total loss 0.012719 with its rate 2.956948757171631 latent_bits 1550292.75

🔁 Stage-1 Training Candidate 3/7
Quantizer parameter: encoding gain  16
total pixel: 524288
Get Mod with shape torch.Size([1, 1, 8, 16]) at layer: 1
Get Mod with shape torch.Size([1, 1, 16, 32]) at layer: 2
Get Mod with shape torch.Size([1, 1, 32, 64]) at layer: 3
Get Mod with shape torch.Size([1, 1, 64, 128]) at layer: 4
Get Mod with shape torch.Size([1, 1, 128, 256]) at layer: 5
Get Mod with shape torch.Size([1, 1, 256, 512]) at layer: 6
Get Mod with shape torch.Size([1, 1, 512, 1024]) at layer: 7
start temperature: 0.3 noise parameter: 2.0
end temperature: 0.3 noise parameter: 2.0
********************Start from stage I
Step 400, BEST PSNR: 35.284632, Total loss 0.011735 with its rate 3.0071096420288086 latent_bits 1576591.5

🔁 Stage-1 Training Candidate 4/7
Quantizer parameter: encoding gain  16
total pixel: 524288
Get Mod with shape torch.Size([1, 1, 8, 16]) at layer: 1
Get Mod with shape torch.Size([1, 1, 16, 32]) at layer: 2
Get Mod with shape torch.Size([1, 1, 32, 64]) at layer: 3
Get Mod with shape torch.Size([1, 1, 64, 128]) at layer: 4
Get Mod with shape torch.Size([1, 1, 128, 256]) at layer: 5
Get Mod with shape torch.Size([1, 1, 256, 512]) at layer: 6
Get Mod with shape torch.Size([1, 1, 512, 1024]) at layer: 7
start temperature: 0.3 noise parameter: 2.0
end temperature: 0.3 noise parameter: 2.0
********************Start from stage I
Step 400, BEST PSNR: 35.038924, Total loss 0.012923 with its rate 2.9080023765563965 latent_bits 1524630.75

🔁 Stage-1 Training Candidate 5/7
Quantizer parameter: encoding gain  16
total pixel: 524288
Get Mod with shape torch.Size([1, 1, 8, 16]) at layer: 1
Get Mod with shape torch.Size([1, 1, 16, 32]) at layer: 2
Get Mod with shape torch.Size([1, 1, 32, 64]) at layer: 3
Get Mod with shape torch.Size([1, 1, 64, 128]) at layer: 4
Get Mod with shape torch.Size([1, 1, 128, 256]) at layer: 5
Get Mod with shape torch.Size([1, 1, 256, 512]) at layer: 6
Get Mod with shape torch.Size([1, 1, 512, 1024]) at layer: 7
start temperature: 0.3 noise parameter: 2.0
end temperature: 0.3 noise parameter: 2.0
********************Start from stage I
Step 400, BEST PSNR: 34.510518, Total loss 0.013096 with its rate 2.9496803283691406 latent_bits 1546482.0

🔁 Stage-1 Training Candidate 6/7
Quantizer parameter: encoding gain  16
total pixel: 524288
Get Mod with shape torch.Size([1, 1, 8, 16]) at layer: 1
Get Mod with shape torch.Size([1, 1, 16, 32]) at layer: 2
Get Mod with shape torch.Size([1, 1, 32, 64]) at layer: 3
Get Mod with shape torch.Size([1, 1, 64, 128]) at layer: 4
Get Mod with shape torch.Size([1, 1, 128, 256]) at layer: 5
Get Mod with shape torch.Size([1, 1, 256, 512]) at layer: 6
Get Mod with shape torch.Size([1, 1, 512, 1024]) at layer: 7
start temperature: 0.3 noise parameter: 2.0
end temperature: 0.3 noise parameter: 2.0
********************Start from stage I
Step 400, BEST PSNR: 33.940502, Total loss 0.013078 with its rate 2.9714887142181396 latent_bits 1557915.875

🔁 Stage-1 Training Candidate 7/7
Quantizer parameter: encoding gain  16
total pixel: 524288
Get Mod with shape torch.Size([1, 1, 8, 16]) at layer: 1
Get Mod with shape torch.Size([1, 1, 16, 32]) at layer: 2
Get Mod with shape torch.Size([1, 1, 32, 64]) at layer: 3
Get Mod with shape torch.Size([1, 1, 64, 128]) at layer: 4
Get Mod with shape torch.Size([1, 1, 128, 256]) at layer: 5
Get Mod with shape torch.Size([1, 1, 256, 512]) at layer: 6
Get Mod with shape torch.Size([1, 1, 512, 1024]) at layer: 7
start temperature: 0.3 noise parameter: 2.0
end temperature: 0.3 noise parameter: 2.0
********************Start from stage I
Step 400, BEST PSNR: 35.843933, Total loss 0.011479 with its rate 3.017400026321411 latent_bits 1581986.625

🌟 Selected Top-3 Candidates by RD cost

🎯 Stage-2 Refining Candidate 1/3
start temperature: 0.3 noise parameter: 2.0
end temperature: 0.3 noise parameter: 2.0
********************Start from stage I
Step 400, BEST PSNR: 37.793954, Total loss 0.008923 with its rate 3.3735218048095703 latent_bits 1768697.0

🎯 Stage-2 Refining Candidate 2/3
start temperature: 0.3 noise parameter: 2.0
end temperature: 0.3 noise parameter: 2.0
********************Start from stage I
Step 400, BEST PSNR: 37.231113, Total loss 0.009079 with its rate 3.3176188468933105 latent_bits 1739387.75

🎯 Stage-2 Refining Candidate 3/3
start temperature: 0.3 noise parameter: 2.0
end temperature: 0.3 noise parameter: 2.0
********************Start from stage I
Step 400, BEST PSNR: 36.751573, Total loss 0.009644 with its rate 3.235908031463623 latent_bits 1696547.75

🏆 Best Candidate Final PSNR: 37.79, Rate: 3.3735
Masked_INR(
  (upsampling_2d): Upsampling(
    (conv_transpose2d): UpsamplingConvTranspose2d()
  )
  (arm): Arm(
    (mlp): Sequential(
      (0): ArmConv(
        (conv1_1): Conv1d(16, 16, kernel_size=(1,), stride=(1,))
      )
      (1): GELU(approximate='none')
      (2): ArmConv(
        (conv1_1): Conv1d(16, 16, kernel_size=(1,), stride=(1,))
      )
      (3): GELU(approximate='none')
      (4): ArmConv(
        (conv1_1): Conv1d(16, 2, kernel_size=(1,), stride=(1,))
      )
    )
  )
  (conv_mod): LocalGlobalBlock(
    (net): Sequential(
      (0): SynthesisLayer(
        (pad): Identity()
        (conv_layer): SWHDC(
          (conv): Conv2d(2, 3, kernel_size=(3, 3), stride=(1, 1))
        )
        (non_linearity): GELU(approximate='none')
      )
      (1): SynthesisResidualLayer(
        (pad): ReplicationPad2d((0, 0, 0, 0))
        (conv_layer): Conv2d(3, 3, kernel_size=(1, 1), stride=(1, 1))
        (non_linearity): GELU(approximate='none')
      )
      (2): SynthesisResidualLayer(
        (pad): ReplicationPad2d((0, 0, 0, 0))
        (conv_layer): Conv2d(3, 3, kernel_size=(1, 1), stride=(1, 1))
        (non_linearity): GELU(approximate='none')
      )
      (3): SynthesisResidualLayer(
        (pad): ReplicationPad2d((0, 0, 0, 0))
        (conv_layer): Conv2d(3, 3, kernel_size=(1, 1), stride=(1, 1))
        (non_linearity): Identity()
      )
    )
    (global_net): Sequential(
      (0): SynthesisLayer(
        (pad): Identity()
        (conv_layer): SWHDC(
          (conv): Conv2d(2, 3, kernel_size=(3, 3), stride=(1, 1))
        )
        (non_linearity): GELU(approximate='none')
      )
      (1): SynthesisResidualLayer(
        (pad): ReplicationPad2d((0, 0, 0, 0))
        (conv_layer): Conv2d(3, 3, kernel_size=(1, 1), stride=(1, 1))
        (non_linearity): GELU(approximate='none')
      )
      (2): SynthesisResidualLayer(
        (pad): ReplicationPad2d((0, 0, 0, 0))
        (conv_layer): Conv2d(3, 3, kernel_size=(1, 1), stride=(1, 1))
        (non_linearity): GELU(approximate='none')
      )
      (3): SynthesisResidualLayer(
        (pad): ReplicationPad2d((0, 0, 0, 0))
        (conv_layer): Conv2d(3, 3, kernel_size=(1, 1), stride=(1, 1))
        (non_linearity): Identity()
      )
    )
    (agg_func): Sequential(
      (0): SynthesisLayer(
        (pad): ReplicationPad2d((0, 0, 0, 0))
        (conv_layer): Conv2d(18, 3, kernel_size=(1, 1), stride=(1, 1))
        (non_linearity): GELU(approximate='none')
      )
      (1): SynthesisLayer(
        (pad): ReplicationPad2d((0, 0, 0, 0))
        (conv_layer): Conv2d(21, 3, kernel_size=(1, 1), stride=(1, 1))
        (non_linearity): GELU(approximate='none')
      )
      (2): SynthesisLayer(
        (pad): ReplicationPad2d((0, 0, 0, 0))
        (conv_layer): Conv2d(24, 3, kernel_size=(1, 1), stride=(1, 1))
        (non_linearity): GELU(approximate='none')
      )
    )
    (full_net): Sequential(
      (0): SynthesisLayer(
        (pad): ReplicationPad2d((0, 0, 0, 0))
        (conv_layer): Conv2d(7, 12, kernel_size=(1, 1), stride=(1, 1))
        (non_linearity): GELU(approximate='none')
      )
      (1): SynthesisLayer(
        (pad): ReplicationPad2d((0, 0, 0, 0))
        (conv_layer): Conv2d(12, 3, kernel_size=(1, 1), stride=(1, 1))
        (non_linearity): GELU(approximate='none')
      )
      (2): SynthesisResidualLayer(
        (conv_layer): Conv2d(3, 3, kernel_size=(3, 3), stride=(1, 1))
        (non_linearity): GELU(approximate='none')
      )
      (3): SynthesisResidualLayer(
        (conv_layer): Conv2d(3, 3, kernel_size=(3, 3), stride=(1, 1))
        (non_linearity): GELU(approximate='none')
      )
    )
  )
  (modulation_sf): ParameterList(
      (0): Parameter containing: [torch.float32 of size 1x1x8x16 (cuda:0)]
      (1): Parameter containing: [torch.float32 of size 1x1x16x32 (cuda:0)]
      (2): Parameter containing: [torch.float32 of size 1x1x32x64 (cuda:0)]
      (3): Parameter containing: [torch.float32 of size 1x1x64x128 (cuda:0)]
      (4): Parameter containing: [torch.float32 of size 1x1x128x256 (cuda:0)]
      (5): Parameter containing: [torch.float32 of size 1x1x256x512 (cuda:0)]
      (6): Parameter containing: [torch.float32 of size 1x1x512x1024 (cuda:0)]
  )
)
train the 29 -th image
start temperature: 0.3 noise parameter: 2.0
end temperature: 0.1 noise parameter: 1.0
********************Start from stage I
********************going into stage II
eval_object_psnr: 47.28372120970801
eval_background_psnr: 42.91284616092941
eval_background_psnr: 42.91284616092941
********************Evaluation the Image 29-th, after Step 999, BEST PSNR: 41.551723, Print rate 3.599317. *************************
Saved model at ./saved/modbase_7/context_16_arm_mod_16/sparity_0.0/inr_mod_16KODAK_ROI_Global_new_struture_7_12_3_33_orderconcat_operator_0_pw_0.0008_img_object29.pth
Trained the image with PSNR: 41.5517228535174  latent bits 3.5993165969848633 latent bits number 1887078.5
[41.920899139908016, 42.05683185552155, 41.50299909273441, 41.60628089794445, 42.17414706595992, 42.56714739305277, 42.061732015194174, 42.47853325009182, 43.291657174328414, 44.00718670105075, 42.420725550901146, 43.50626687274438, 43.94346159961426, 43.804619731103145, 43.806970053789634, 43.4289936820812, 44.13230772312718, 44.66223982878339, 41.71014036958401, 42.50105742907634, 41.560518353541404, 41.73010990425015, 40.974202962743, 40.33642556792299, 36.56847263262153, 36.58249336139384, 37.98046040567691, 43.03064761211684, 43.44901044124557, 41.5517228535174]
[3.860734462738037, 3.9179346561431885, 3.8916611671447754, 4.141820907592773, 3.952106475830078, 3.9450013637542725, 3.441128730773926, 3.4642279148101807, 3.503342628479004, 3.6226956844329834, 3.5598440170288086, 3.648066282272339, 3.3159713745117188, 3.236926555633545, 3.2604727745056152, 3.07277250289917, 3.1264820098876953, 3.038137197494507, 3.845519542694092, 3.860788106918335, 3.822272300720215, 3.6023917198181152, 3.457929849624634, 3.7711737155914307, 4.051054954528809, 3.9256973266601562, 3.9989523887634277, 3.608262538909912, 3.6051063537597656, 3.5993165969848633]
[2024136.75, 2054126.125, 2040351.25, 2171507.0, 2072042.0, 2068316.875, 1804142.5, 1816253.125, 1836760.5, 1899335.875, 1866383.5, 1912637.375, 1738524.0, 1697081.75, 1709426.75, 1611017.75, 1639177.0, 1592858.875, 2016159.75, 2024164.875, 2003971.5, 1888690.75, 1812951.125, 1977181.125, 2123919.5, 2058196.0, 2096602.75, 1891768.75, 1890114.0, 1887078.5]
load the model: ./saved/modbase_7/context_16_arm_mod_16/sparity_0.0/inr_mod_16KODAK_ROI_Global_new_struture_7_12_3_33_orderconcat_operator_0_pw_0.0008_img_object29.pth for the  29 -th image
********************Evalutation with quantization
********************Starting quantizing models
eval_object_psnr: 47.24856526176973
full_image_psnr: 41.48171323745391
object_psnr: 47.24856526176973
background_psnr: 42.83028888826146
********************Evaluation the Image 29-th, BEST PSNR: 41.481713, Print rate 3.600364, Network rate 0.022936. *************************
eval_wsssim: 0.996543
Decoded image saved to ./experiments/vcip_combined_loss/decoded_images/othim30_maskerp_wsmse0_swhdc1_erp1_lambda0.0008.png
Evaluate the image: PSNR: 41.48171323745391 All bits: 3.6232995986938477  latent bits: 3.6003637313842773  network bits: 0.022935867309570312
Evaluate arm network bits: 0.009677886962890625 Evaluate synthesis network bits: 0.012414932250976562
Image All bits num: 1899652.5 latent bits num: 1887627.5 mlp bits num: 12025.0 border bits num:
arm bits num: 5074.0 synthesis bits num: 6509.0
[41.75362833362292, 41.908941628931814, 41.44715671041414, 41.60395319935239, 42.15504734650576, 42.466517631298544, 42.013444309835116, 42.470972957931984, 43.20027007421521, 44.00814867813279, 42.3773295858797, 43.49611811347902, 43.91093102804894, 43.67989207692046, 43.713127186006, 43.35420663611793, 43.99393335616986, 44.50014803668066, 41.67060090418852, 42.41863268926815, 41.49318128646426, 41.70417212539177, 40.955170983120915, 40.071808088284286, 36.52232091120451, 36.58168128570489, 37.96196835116077, 42.94764117305338, 43.400637259764544, 41.48171323745391]
[3.8865792751312256, 3.94187331199646, 3.9172120094299316, 4.1665568351745605, 3.9791696071624756, 3.970857620239258, 3.4666104316711426, 3.490701675415039, 3.527003765106201, 3.64764404296875, 3.585512161254883, 3.6755051612854004, 3.3409361839294434, 3.2608299255371094, 3.2849817276000977, 3.097515106201172, 3.150322437286377, 3.061771869659424, 3.8728952407836914, 3.8862929344177246, 3.846884250640869, 3.6283247470855713, 3.4846224784851074, 3.7958414554595947, 4.075413227081299, 3.951875686645508, 4.024120807647705, 3.631831645965576, 3.6294333934783936, 3.6232995986938477]
[2037686.875, 2066676.875, 2053747.25, 2184475.75, 2086230.875, 2081873.0, 1817502.25, 1830133.0, 1849165.75, 1912416.0, 1879841.0, 1927023.25, 1751612.75, 1709614.0, 1722276.5, 1623990.0, 1651676.25, 1605250.25, 2030512.5, 2037536.75, 2016875.25, 1902287.125, 1826945.75, 1990114.125, 2136690.25, 2071921.0, 2109798.25, 1904125.75, 1902868.375, 1899652.5]
Metrics saved to ./experiments/vcip_combined_loss/results.csv
Current eval Ave PSNR: 41.97544317282011 Ave Bits 3.663413953781128
.......Copmlete all dataset training......
Ave Training PSNR: 42.044942050720685 Ave Training Bits 3.638259736696879
Training PSNR: [41.920899139908016, 42.05683185552155, 41.50299909273441, 41.60628089794445, 42.17414706595992, 42.56714739305277, 42.061732015194174, 42.47853325009182, 43.291657174328414, 44.00718670105075, 42.420725550901146, 43.50626687274438, 43.94346159961426, 43.804619731103145, 43.806970053789634, 43.4289936820812, 44.13230772312718, 44.66223982878339, 41.71014036958401, 42.50105742907634, 41.560518353541404, 41.73010990425015, 40.974202962743, 40.33642556792299, 36.56847263262153, 36.58249336139384, 37.98046040567691, 43.03064761211684, 43.44901044124557, 41.5517228535174]
Training rate: [3.860734462738037, 3.9179346561431885, 3.8916611671447754, 4.141820907592773, 3.952106475830078, 3.9450013637542725, 3.441128730773926, 3.4642279148101807, 3.503342628479004, 3.6226956844329834, 3.5598440170288086, 3.648066282272339, 3.3159713745117188, 3.236926555633545, 3.2604727745056152, 3.07277250289917, 3.1264820098876953, 3.038137197494507, 3.845519542694092, 3.860788106918335, 3.822272300720215, 3.6023917198181152, 3.457929849624634, 3.7711737155914307, 4.051054954528809, 3.9256973266601562, 3.9989523887634277, 3.608262538909912, 3.6051063537597656, 3.5993165969848633]
Evalutation: Ave Eval PSNR: 41.97544317282011 Ave Eval all bits: 3.663413953781128 Ave Eval Bits 3.6398241837819416 Ave Eval Network 0.0235897699991862
Eval All PSNR: [41.75362833362292, 41.908941628931814, 41.44715671041414, 41.60395319935239, 42.15504734650576, 42.466517631298544, 42.013444309835116, 42.470972957931984, 43.20027007421521, 44.00814867813279, 42.3773295858797, 43.49611811347902, 43.91093102804894, 43.67989207692046, 43.713127186006, 43.35420663611793, 43.99393335616986, 44.50014803668066, 41.67060090418852, 42.41863268926815, 41.49318128646426, 41.70417212539177, 40.955170983120915, 40.071808088284286, 36.52232091120451, 36.58168128570489, 37.96196835116077, 42.94764117305338, 43.400637259764544, 41.48171323745391]
Eval All rate [3.8865792751312256, 3.94187331199646, 3.9172120094299316, 4.1665568351745605, 3.9791696071624756, 3.970857620239258, 3.4666104316711426, 3.490701675415039, 3.527003765106201, 3.64764404296875, 3.585512161254883, 3.6755051612854004, 3.3409361839294434, 3.2608299255371094, 3.2849817276000977, 3.097515106201172, 3.150322437286377, 3.061771869659424, 3.8728952407836914, 3.8862929344177246, 3.846884250640869, 3.6283247470855713, 3.4846224784851074, 3.7958414554595947, 4.075413227081299, 3.951875686645508, 4.024120807647705, 3.631831645965576, 3.6294333934783936, 3.6232995986938477]
Eval Latent rate [3.863677740097046, 3.9192540645599365, 3.8932080268859863, 4.142993450164795, 3.954253911972046, 3.9469547271728516, 3.4427475929260254, 3.4654407501220703, 3.5042319297790527, 3.6236190795898438, 3.5612239837646484, 3.6501107215881348, 3.31685209274292, 3.2378406524658203, 3.261965751647949, 3.0747756958007812, 3.1275906562805176, 3.039097309112549, 3.849249839782715, 3.86262845993042, 3.823050022125244, 3.6053240299224854, 3.459510326385498, 3.7731173038482666, 4.0519795417785645, 3.9276390075683594, 4.000181674957275, 3.6100401878356934, 3.6058032512664795, 3.6003637313842773]
Eval MLP rate [0.022901535034179688, 0.022619247436523438, 0.024003982543945312, 0.023563385009765625, 0.024915695190429688, 0.02390289306640625, 0.023862838745117188, 0.02526092529296875, 0.022771835327148438, 0.02402496337890625, 0.024288177490234375, 0.025394439697265625, 0.024084091186523438, 0.022989273071289062, 0.023015975952148438, 0.022739410400390625, 0.022731781005859375, 0.022674560546875, 0.023645401000976562, 0.023664474487304688, 0.023834228515625, 0.023000717163085938, 0.025112152099609375, 0.022724151611328125, 0.023433685302734375, 0.024236679077148438, 0.023939132690429688, 0.021791458129882812, 0.023630142211914062, 0.022935867309570312]
======== ALL Results ========
Lambda = 0.0006:
  all_psnr: [41.93894035306375, 41.93736858212035, 41.871851641850974, 41.65430134371805, 42.12728497801592, 41.74152771033609, 43.217327343461626, 42.57032413408391, 42.6815338731177, 44.26871792891064, 43.137739715485615, 43.812056595528645, 43.89067429351113, 44.54027782461355, 44.64940593886053, 44.095934117443925, 44.071659417786286, 44.80562914169402, 41.685151983392565, 42.30385382022353, 42.089217344489505, 41.615559687756296, 41.04326170361963, 40.47950144863314, 36.681986785152986, 36.49038177597709, 37.64518139635629, 42.83587729396421, 43.7257743601351, 41.8548013750514]
  all_rate: [4.05171537399292, 4.096495151519775, 4.038559436798096, 4.2877349853515625, 4.181634902954102, 4.102080821990967, 3.621591806411743, 3.6305317878723145, 3.6866250038146973, 3.7933566570281982, 3.6887683868408203, 3.8323006629943848, 3.484137535095215, 3.463470697402954, 3.4061784744262695, 3.2937731742858887, 3.2937684059143066, 3.246706962585449, 3.954380989074707, 4.044881343841553, 3.9845919609069824, 3.6825506687164307, 3.625594139099121, 4.0157575607299805, 4.247720241546631, 4.061832427978516, 4.185793399810791, 3.8102598190307617, 3.761417865753174, 3.784926414489746]
  all_rate_num: [2124265.75, 2147743.25, 2117368.25, 2248008.0, 2192381.0, 2150671.75, 1898757.125, 1903444.25, 1932853.25, 1988811.375, 1933977.0, 2009229.25, 1826691.5, 1815856.125, 1785818.5, 1726885.75, 1726883.25, 1702209.5, 2073234.5, 2120682.75, 2089073.75, 1930717.125, 1900855.5, 2105413.5, 2227028.75, 2129570.0, 2194561.25, 1997673.5, 1972066.25, 1984391.5]
  eval_all_psnr: [41.865224681409984, 41.87538067881054, 41.802628736338214, 41.63464672897096, 42.09694950674752, 41.17454895229773, 43.14836065828575, 42.54624609723988, 42.61043462686574, 44.24535971947813, 43.14009218753569, 43.803859275462564, 43.83156612980104, 44.357563143565926, 44.640092218889784, 43.99056639157555, 44.048073680042116, 44.629149845635396, 41.62138534773778, 42.2979153035467, 42.027995825403714, 41.60483358776293, 41.016688600519565, 40.428101814789194, 36.642581085780854, 36.48924436403874, 37.62747204440826, 42.76638732433412, 43.7144963738686, 41.80523677089119]
  eval_all_y_rate: [4.053746223449707, 4.09832239151001, 4.04002571105957, 4.288896083831787, 4.184711456298828, 4.105088233947754, 3.6229214668273926, 3.631760597229004, 3.6876049041748047, 3.7946159839630127, 3.6899240016937256, 3.833662509918213, 3.485020160675049, 3.4644341468811035, 3.407583236694336, 3.2958149909973145, 3.294713020324707, 3.24739933013916, 3.9558069705963135, 4.046611785888672, 3.985398769378662, 3.6848907470703125, 3.627614736557007, 4.019338607788086, 4.249523162841797, 4.0634660720825195, 4.188990592956543, 3.8118906021118164, 3.761960983276367, 3.7865023612976074]
  eval_all_y_rate_num: [2125330.5, 2148701.25, 2118137.0, 2248616.75, 2193994.0, 2152248.5, 1899454.25, 1904088.5, 1933367.0, 1989471.625, 1934582.875, 2009943.25, 1827154.25, 1816361.25, 1786555.0, 1727956.25, 1727378.5, 1702572.5, 2073982.125, 2121590.0, 2089496.75, 1931944.0, 1901914.875, 2107291.0, 2227974.0, 2130426.5, 2196237.5, 1998528.5, 1972351.0, 1985217.75]
  eval_all_mlp_rate: [0.023759841918945312, 0.022336959838867188, 0.024477005004882812, 0.024997711181640625, 0.02365875244140625, 0.023317337036132812, 0.023891448974609375, 0.025259017944335938, 0.022968292236328125, 0.02384185791015625, 0.026790618896484375, 0.025892257690429688, 0.024005889892578125, 0.022890090942382812, 0.02455902099609375, 0.02394866943359375, 0.024061203002929688, 0.022527694702148438, 0.02336883544921875, 0.02393341064453125, 0.022655487060546875, 0.02545166015625, 0.0252227783203125, 0.024358749389648438, 0.025081634521484375, 0.025300979614257812, 0.022924423217773438, 0.023895263671875, 0.02386474609375, 0.02379608154296875]
  eval_all_mlp_rate_num: [12457.0, 11711.0, 12833.0, 13106.0, 12404.0, 12225.0, 12526.0, 13243.0, 12042.0, 12500.0, 14046.0, 13575.0, 12586.0, 12001.0, 12876.0, 12556.0, 12615.0, 11811.0, 12252.0, 12548.0, 11878.0, 13344.0, 13224.0, 12771.0, 13150.0, 13265.0, 12019.0, 12528.0, 12512.0, 12476.0]
  eval_all_arm_rate: [0.009317398071289062, 0.009176254272460938, 0.00948333740234375, 0.009288787841796875, 0.00946807861328125, 0.009351730346679688, 0.0094451904296875, 0.009527206420898438, 0.009654998779296875, 0.009349822998046875, 0.009613037109375, 0.009668350219726562, 0.00940704345703125, 0.009462356567382812, 0.009700775146484375, 0.009487152099609375, 0.00952911376953125, 0.009593963623046875, 0.009334564208984375, 0.0095062255859375, 0.0093231201171875, 0.00946044921875, 0.009607315063476562, 0.009603500366210938, 0.009471893310546875, 0.009344100952148438, 0.00948333740234375, 0.00940704345703125, 0.009485244750976562, 0.0094451904296875]
  eval_all_arm_rate_num: [4885.0, 4811.0, 4972.0, 4870.0, 4964.0, 4903.0, 4952.0, 4995.0, 5062.0, 4902.0, 5040.0, 5069.0, 4932.0, 4961.0, 5086.0, 4974.0, 4996.0, 5030.0, 4894.0, 4984.0, 4888.0, 4960.0, 5037.0, 5035.0, 4966.0, 4899.0, 4972.0, 4932.0, 4973.0, 4952.0]
  eval_all_conv_rate: [0.013521194458007812, 0.012235641479492188, 0.013936996459960938, 0.014783859252929688, 0.013093948364257812, 0.013458251953125, 0.013401031494140625, 0.014556884765625, 0.012258529663085938, 0.013425827026367188, 0.016092300415039062, 0.014925003051757812, 0.013536453247070312, 0.012361526489257812, 0.013772964477539062, 0.013397216796875, 0.013458251953125, 0.012126922607421875, 0.013338088989257812, 0.013462066650390625, 0.012292861938476562, 0.014802932739257812, 0.014537811279296875, 0.013601303100585938, 0.014781951904296875, 0.014892578125, 0.0124053955078125, 0.013429641723632812, 0.013416290283203125, 0.013383865356445312]
  eval_all_conv_rate_num: [7089.0, 6415.0, 7307.0, 7751.0, 6865.0, 7056.0, 7026.0, 7632.0, 6427.0, 7039.0, 8437.0, 7825.0, 7097.0, 6481.0, 7221.0, 7024.0, 7056.0, 6358.0, 6993.0, 7058.0, 6445.0, 7761.0, 7622.0, 7131.0, 7750.0, 7808.0, 6504.0, 7041.0, 7034.0, 7017.0]
  eval_all_border_rate: [0.0, 0.0, 0.0, 0.0, 0.0, 0.0, 0.0, 0.0, 0.0, 0.0, 0.0, 0.0, 0.0, 0.0, 0.0, 0.0, 0.0, 0.0, 0.0, 0.0, 0.0, 0.0, 0.0, 0.0, 0.0, 0.0, 0.0, 0.0, 0.0, 0.0]
  eval_all_border_rate_num: [0, 0, 0, 0, 0, 0, 0, 0, 0, 0, 0, 0, 0, 0, 0, 0, 0, 0, 0, 0, 0, 0, 0, 0, 0, 0, 0, 0, 0, 0]
  eval_all_total_rate [[4.077506065368652], [4.077506065368652, 4.120659351348877], [4.077506065368652, 4.120659351348877, 4.064502716064453], [4.077506065368652, 4.120659351348877, 4.064502716064453, 4.313893795013428], [4.077506065368652, 4.120659351348877, 4.064502716064453, 4.313893795013428, 4.208370208740234], [4.077506065368652, 4.120659351348877, 4.064502716064453, 4.313893795013428, 4.208370208740234, 4.128405570983887], [4.077506065368652, 4.120659351348877, 4.064502716064453, 4.313893795013428, 4.208370208740234, 4.128405570983887, 3.646812915802002], [4.077506065368652, 4.120659351348877, 4.064502716064453, 4.313893795013428, 4.208370208740234, 4.128405570983887, 3.646812915802002, 3.65701961517334], [4.077506065368652, 4.120659351348877, 4.064502716064453, 4.313893795013428, 4.208370208740234, 4.128405570983887, 3.646812915802002, 3.65701961517334, 3.710573196411133], [4.077506065368652, 4.120659351348877, 4.064502716064453, 4.313893795013428, 4.208370208740234, 4.128405570983887, 3.646812915802002, 3.65701961517334, 3.710573196411133, 3.818457841873169], [4.077506065368652, 4.120659351348877, 4.064502716064453, 4.313893795013428, 4.208370208740234, 4.128405570983887, 3.646812915802002, 3.65701961517334, 3.710573196411133, 3.818457841873169, 3.71671462059021], [4.077506065368652, 4.120659351348877, 4.064502716064453, 4.313893795013428, 4.208370208740234, 4.128405570983887, 3.646812915802002, 3.65701961517334, 3.710573196411133, 3.818457841873169, 3.71671462059021, 3.8595547676086426], [4.077506065368652, 4.120659351348877, 4.064502716064453, 4.313893795013428, 4.208370208740234, 4.128405570983887, 3.646812915802002, 3.65701961517334, 3.710573196411133, 3.818457841873169, 3.71671462059021, 3.8595547676086426, 3.509026050567627], [4.077506065368652, 4.120659351348877, 4.064502716064453, 4.313893795013428, 4.208370208740234, 4.128405570983887, 3.646812915802002, 3.65701961517334, 3.710573196411133, 3.818457841873169, 3.71671462059021, 3.8595547676086426, 3.509026050567627, 3.4873242378234863], [4.077506065368652, 4.120659351348877, 4.064502716064453, 4.313893795013428, 4.208370208740234, 4.128405570983887, 3.646812915802002, 3.65701961517334, 3.710573196411133, 3.818457841873169, 3.71671462059021, 3.8595547676086426, 3.509026050567627, 3.4873242378234863, 3.4321422576904297], [4.077506065368652, 4.120659351348877, 4.064502716064453, 4.313893795013428, 4.208370208740234, 4.128405570983887, 3.646812915802002, 3.65701961517334, 3.710573196411133, 3.818457841873169, 3.71671462059021, 3.8595547676086426, 3.509026050567627, 3.4873242378234863, 3.4321422576904297, 3.319763660430908], [4.077506065368652, 4.120659351348877, 4.064502716064453, 4.313893795013428, 4.208370208740234, 4.128405570983887, 3.646812915802002, 3.65701961517334, 3.710573196411133, 3.818457841873169, 3.71671462059021, 3.8595547676086426, 3.509026050567627, 3.4873242378234863, 3.4321422576904297, 3.319763660430908, 3.3187742233276367], [4.077506065368652, 4.120659351348877, 4.064502716064453, 4.313893795013428, 4.208370208740234, 4.128405570983887, 3.646812915802002, 3.65701961517334, 3.710573196411133, 3.818457841873169, 3.71671462059021, 3.8595547676086426, 3.509026050567627, 3.4873242378234863, 3.4321422576904297, 3.319763660430908, 3.3187742233276367, 3.2699270248413086], [4.077506065368652, 4.120659351348877, 4.064502716064453, 4.313893795013428, 4.208370208740234, 4.128405570983887, 3.646812915802002, 3.65701961517334, 3.710573196411133, 3.818457841873169, 3.71671462059021, 3.8595547676086426, 3.509026050567627, 3.4873242378234863, 3.4321422576904297, 3.319763660430908, 3.3187742233276367, 3.2699270248413086, 3.9791758060455322], [4.077506065368652, 4.120659351348877, 4.064502716064453, 4.313893795013428, 4.208370208740234, 4.128405570983887, 3.646812915802002, 3.65701961517334, 3.710573196411133, 3.818457841873169, 3.71671462059021, 3.8595547676086426, 3.509026050567627, 3.4873242378234863, 3.4321422576904297, 3.319763660430908, 3.3187742233276367, 3.2699270248413086, 3.9791758060455322, 4.070545196533203], [4.077506065368652, 4.120659351348877, 4.064502716064453, 4.313893795013428, 4.208370208740234, 4.128405570983887, 3.646812915802002, 3.65701961517334, 3.710573196411133, 3.818457841873169, 3.71671462059021, 3.8595547676086426, 3.509026050567627, 3.4873242378234863, 3.4321422576904297, 3.319763660430908, 3.3187742233276367, 3.2699270248413086, 3.9791758060455322, 4.070545196533203, 4.008054256439209], [4.077506065368652, 4.120659351348877, 4.064502716064453, 4.313893795013428, 4.208370208740234, 4.128405570983887, 3.646812915802002, 3.65701961517334, 3.710573196411133, 3.818457841873169, 3.71671462059021, 3.8595547676086426, 3.509026050567627, 3.4873242378234863, 3.4321422576904297, 3.319763660430908, 3.3187742233276367, 3.2699270248413086, 3.9791758060455322, 4.070545196533203, 4.008054256439209, 3.7103424072265625], [4.077506065368652, 4.120659351348877, 4.064502716064453, 4.313893795013428, 4.208370208740234, 4.128405570983887, 3.646812915802002, 3.65701961517334, 3.710573196411133, 3.818457841873169, 3.71671462059021, 3.8595547676086426, 3.509026050567627, 3.4873242378234863, 3.4321422576904297, 3.319763660430908, 3.3187742233276367, 3.2699270248413086, 3.9791758060455322, 4.070545196533203, 4.008054256439209, 3.7103424072265625, 3.6528375148773193], [4.077506065368652, 4.120659351348877, 4.064502716064453, 4.313893795013428, 4.208370208740234, 4.128405570983887, 3.646812915802002, 3.65701961517334, 3.710573196411133, 3.818457841873169, 3.71671462059021, 3.8595547676086426, 3.509026050567627, 3.4873242378234863, 3.4321422576904297, 3.319763660430908, 3.3187742233276367, 3.2699270248413086, 3.9791758060455322, 4.070545196533203, 4.008054256439209, 3.7103424072265625, 3.6528375148773193, 4.043697357177734], [4.077506065368652, 4.120659351348877, 4.064502716064453, 4.313893795013428, 4.208370208740234, 4.128405570983887, 3.646812915802002, 3.65701961517334, 3.710573196411133, 3.818457841873169, 3.71671462059021, 3.8595547676086426, 3.509026050567627, 3.4873242378234863, 3.4321422576904297, 3.319763660430908, 3.3187742233276367, 3.2699270248413086, 3.9791758060455322, 4.070545196533203, 4.008054256439209, 3.7103424072265625, 3.6528375148773193, 4.043697357177734, 4.274604797363281], [4.077506065368652, 4.120659351348877, 4.064502716064453, 4.313893795013428, 4.208370208740234, 4.128405570983887, 3.646812915802002, 3.65701961517334, 3.710573196411133, 3.818457841873169, 3.71671462059021, 3.8595547676086426, 3.509026050567627, 3.4873242378234863, 3.4321422576904297, 3.319763660430908, 3.3187742233276367, 3.2699270248413086, 3.9791758060455322, 4.070545196533203, 4.008054256439209, 3.7103424072265625, 3.6528375148773193, 4.043697357177734, 4.274604797363281, 4.088767051696777], [4.077506065368652, 4.120659351348877, 4.064502716064453, 4.313893795013428, 4.208370208740234, 4.128405570983887, 3.646812915802002, 3.65701961517334, 3.710573196411133, 3.818457841873169, 3.71671462059021, 3.8595547676086426, 3.509026050567627, 3.4873242378234863, 3.4321422576904297, 3.319763660430908, 3.3187742233276367, 3.2699270248413086, 3.9791758060455322, 4.070545196533203, 4.008054256439209, 3.7103424072265625, 3.6528375148773193, 4.043697357177734, 4.274604797363281, 4.088767051696777, 4.211915016174316], [4.077506065368652, 4.120659351348877, 4.064502716064453, 4.313893795013428, 4.208370208740234, 4.128405570983887, 3.646812915802002, 3.65701961517334, 3.710573196411133, 3.818457841873169, 3.71671462059021, 3.8595547676086426, 3.509026050567627, 3.4873242378234863, 3.4321422576904297, 3.319763660430908, 3.3187742233276367, 3.2699270248413086, 3.9791758060455322, 4.070545196533203, 4.008054256439209, 3.7103424072265625, 3.6528375148773193, 4.043697357177734, 4.274604797363281, 4.088767051696777, 4.211915016174316, 3.8357858657836914], [4.077506065368652, 4.120659351348877, 4.064502716064453, 4.313893795013428, 4.208370208740234, 4.128405570983887, 3.646812915802002, 3.65701961517334, 3.710573196411133, 3.818457841873169, 3.71671462059021, 3.8595547676086426, 3.509026050567627, 3.4873242378234863, 3.4321422576904297, 3.319763660430908, 3.3187742233276367, 3.2699270248413086, 3.9791758060455322, 4.070545196533203, 4.008054256439209, 3.7103424072265625, 3.6528375148773193, 4.043697357177734, 4.274604797363281, 4.088767051696777, 4.211915016174316, 3.8357858657836914, 3.785825729370117], [4.077506065368652, 4.120659351348877, 4.064502716064453, 4.313893795013428, 4.208370208740234, 4.128405570983887, 3.646812915802002, 3.65701961517334, 3.710573196411133, 3.818457841873169, 3.71671462059021, 3.8595547676086426, 3.509026050567627, 3.4873242378234863, 3.4321422576904297, 3.319763660430908, 3.3187742233276367, 3.2699270248413086, 3.9791758060455322, 4.070545196533203, 4.008054256439209, 3.7103424072265625, 3.6528375148773193, 4.043697357177734, 4.274604797363281, 4.088767051696777, 4.211915016174316, 3.8357858657836914, 3.785825729370117, 3.810298442840576]]
  eval_all_total_rate_num [[2137787.5], [2137787.5, 2160412.25], [2137787.5, 2160412.25, 2130970.0], [2137787.5, 2160412.25, 2130970.0, 2261722.75], [2137787.5, 2160412.25, 2130970.0, 2261722.75, 2206398.0], [2137787.5, 2160412.25, 2130970.0, 2261722.75, 2206398.0, 2164473.5], [2137787.5, 2160412.25, 2130970.0, 2261722.75, 2206398.0, 2164473.5, 1911980.25], [2137787.5, 2160412.25, 2130970.0, 2261722.75, 2206398.0, 2164473.5, 1911980.25, 1917331.5], [2137787.5, 2160412.25, 2130970.0, 2261722.75, 2206398.0, 2164473.5, 1911980.25, 1917331.5, 1945409.0], [2137787.5, 2160412.25, 2130970.0, 2261722.75, 2206398.0, 2164473.5, 1911980.25, 1917331.5, 1945409.0, 2001971.625], [2137787.5, 2160412.25, 2130970.0, 2261722.75, 2206398.0, 2164473.5, 1911980.25, 1917331.5, 1945409.0, 2001971.625, 1948628.875], [2137787.5, 2160412.25, 2130970.0, 2261722.75, 2206398.0, 2164473.5, 1911980.25, 1917331.5, 1945409.0, 2001971.625, 1948628.875, 2023518.25], [2137787.5, 2160412.25, 2130970.0, 2261722.75, 2206398.0, 2164473.5, 1911980.25, 1917331.5, 1945409.0, 2001971.625, 1948628.875, 2023518.25, 1839740.25], [2137787.5, 2160412.25, 2130970.0, 2261722.75, 2206398.0, 2164473.5, 1911980.25, 1917331.5, 1945409.0, 2001971.625, 1948628.875, 2023518.25, 1839740.25, 1828362.25], [2137787.5, 2160412.25, 2130970.0, 2261722.75, 2206398.0, 2164473.5, 1911980.25, 1917331.5, 1945409.0, 2001971.625, 1948628.875, 2023518.25, 1839740.25, 1828362.25, 1799431.0], [2137787.5, 2160412.25, 2130970.0, 2261722.75, 2206398.0, 2164473.5, 1911980.25, 1917331.5, 1945409.0, 2001971.625, 1948628.875, 2023518.25, 1839740.25, 1828362.25, 1799431.0, 1740512.25], [2137787.5, 2160412.25, 2130970.0, 2261722.75, 2206398.0, 2164473.5, 1911980.25, 1917331.5, 1945409.0, 2001971.625, 1948628.875, 2023518.25, 1839740.25, 1828362.25, 1799431.0, 1740512.25, 1739993.5], [2137787.5, 2160412.25, 2130970.0, 2261722.75, 2206398.0, 2164473.5, 1911980.25, 1917331.5, 1945409.0, 2001971.625, 1948628.875, 2023518.25, 1839740.25, 1828362.25, 1799431.0, 1740512.25, 1739993.5, 1714383.5], [2137787.5, 2160412.25, 2130970.0, 2261722.75, 2206398.0, 2164473.5, 1911980.25, 1917331.5, 1945409.0, 2001971.625, 1948628.875, 2023518.25, 1839740.25, 1828362.25, 1799431.0, 1740512.25, 1739993.5, 1714383.5, 2086234.125], [2137787.5, 2160412.25, 2130970.0, 2261722.75, 2206398.0, 2164473.5, 1911980.25, 1917331.5, 1945409.0, 2001971.625, 1948628.875, 2023518.25, 1839740.25, 1828362.25, 1799431.0, 1740512.25, 1739993.5, 1714383.5, 2086234.125, 2134138.0], [2137787.5, 2160412.25, 2130970.0, 2261722.75, 2206398.0, 2164473.5, 1911980.25, 1917331.5, 1945409.0, 2001971.625, 1948628.875, 2023518.25, 1839740.25, 1828362.25, 1799431.0, 1740512.25, 1739993.5, 1714383.5, 2086234.125, 2134138.0, 2101374.75], [2137787.5, 2160412.25, 2130970.0, 2261722.75, 2206398.0, 2164473.5, 1911980.25, 1917331.5, 1945409.0, 2001971.625, 1948628.875, 2023518.25, 1839740.25, 1828362.25, 1799431.0, 1740512.25, 1739993.5, 1714383.5, 2086234.125, 2134138.0, 2101374.75, 1945288.0], [2137787.5, 2160412.25, 2130970.0, 2261722.75, 2206398.0, 2164473.5, 1911980.25, 1917331.5, 1945409.0, 2001971.625, 1948628.875, 2023518.25, 1839740.25, 1828362.25, 1799431.0, 1740512.25, 1739993.5, 1714383.5, 2086234.125, 2134138.0, 2101374.75, 1945288.0, 1915138.875], [2137787.5, 2160412.25, 2130970.0, 2261722.75, 2206398.0, 2164473.5, 1911980.25, 1917331.5, 1945409.0, 2001971.625, 1948628.875, 2023518.25, 1839740.25, 1828362.25, 1799431.0, 1740512.25, 1739993.5, 1714383.5, 2086234.125, 2134138.0, 2101374.75, 1945288.0, 1915138.875, 2120062.0], [2137787.5, 2160412.25, 2130970.0, 2261722.75, 2206398.0, 2164473.5, 1911980.25, 1917331.5, 1945409.0, 2001971.625, 1948628.875, 2023518.25, 1839740.25, 1828362.25, 1799431.0, 1740512.25, 1739993.5, 1714383.5, 2086234.125, 2134138.0, 2101374.75, 1945288.0, 1915138.875, 2120062.0, 2241124.0], [2137787.5, 2160412.25, 2130970.0, 2261722.75, 2206398.0, 2164473.5, 1911980.25, 1917331.5, 1945409.0, 2001971.625, 1948628.875, 2023518.25, 1839740.25, 1828362.25, 1799431.0, 1740512.25, 1739993.5, 1714383.5, 2086234.125, 2134138.0, 2101374.75, 1945288.0, 1915138.875, 2120062.0, 2241124.0, 2143691.5], [2137787.5, 2160412.25, 2130970.0, 2261722.75, 2206398.0, 2164473.5, 1911980.25, 1917331.5, 1945409.0, 2001971.625, 1948628.875, 2023518.25, 1839740.25, 1828362.25, 1799431.0, 1740512.25, 1739993.5, 1714383.5, 2086234.125, 2134138.0, 2101374.75, 1945288.0, 1915138.875, 2120062.0, 2241124.0, 2143691.5, 2208256.5], [2137787.5, 2160412.25, 2130970.0, 2261722.75, 2206398.0, 2164473.5, 1911980.25, 1917331.5, 1945409.0, 2001971.625, 1948628.875, 2023518.25, 1839740.25, 1828362.25, 1799431.0, 1740512.25, 1739993.5, 1714383.5, 2086234.125, 2134138.0, 2101374.75, 1945288.0, 1915138.875, 2120062.0, 2241124.0, 2143691.5, 2208256.5, 2011056.5], [2137787.5, 2160412.25, 2130970.0, 2261722.75, 2206398.0, 2164473.5, 1911980.25, 1917331.5, 1945409.0, 2001971.625, 1948628.875, 2023518.25, 1839740.25, 1828362.25, 1799431.0, 1740512.25, 1739993.5, 1714383.5, 2086234.125, 2134138.0, 2101374.75, 1945288.0, 1915138.875, 2120062.0, 2241124.0, 2143691.5, 2208256.5, 2011056.5, 1984863.0], [2137787.5, 2160412.25, 2130970.0, 2261722.75, 2206398.0, 2164473.5, 1911980.25, 1917331.5, 1945409.0, 2001971.625, 1948628.875, 2023518.25, 1839740.25, 1828362.25, 1799431.0, 1740512.25, 1739993.5, 1714383.5, 2086234.125, 2134138.0, 2101374.75, 1945288.0, 1915138.875, 2120062.0, 2241124.0, 2143691.5, 2208256.5, 2011056.5, 1984863.0, 1997693.75]]
---------------------------------
Lambda = 0.0008:
  all_psnr: [41.920899139908016, 42.05683185552155, 41.50299909273441, 41.60628089794445, 42.17414706595992, 42.56714739305277, 42.061732015194174, 42.47853325009182, 43.291657174328414, 44.00718670105075, 42.420725550901146, 43.50626687274438, 43.94346159961426, 43.804619731103145, 43.806970053789634, 43.4289936820812, 44.13230772312718, 44.66223982878339, 41.71014036958401, 42.50105742907634, 41.560518353541404, 41.73010990425015, 40.974202962743, 40.33642556792299, 36.56847263262153, 36.58249336139384, 37.98046040567691, 43.03064761211684, 43.44901044124557, 41.5517228535174]
  all_rate: [3.860734462738037, 3.9179346561431885, 3.8916611671447754, 4.141820907592773, 3.952106475830078, 3.9450013637542725, 3.441128730773926, 3.4642279148101807, 3.503342628479004, 3.6226956844329834, 3.5598440170288086, 3.648066282272339, 3.3159713745117188, 3.236926555633545, 3.2604727745056152, 3.07277250289917, 3.1264820098876953, 3.038137197494507, 3.845519542694092, 3.860788106918335, 3.822272300720215, 3.6023917198181152, 3.457929849624634, 3.7711737155914307, 4.051054954528809, 3.9256973266601562, 3.9989523887634277, 3.608262538909912, 3.6051063537597656, 3.5993165969848633]
  all_rate_num: [2024136.75, 2054126.125, 2040351.25, 2171507.0, 2072042.0, 2068316.875, 1804142.5, 1816253.125, 1836760.5, 1899335.875, 1866383.5, 1912637.375, 1738524.0, 1697081.75, 1709426.75, 1611017.75, 1639177.0, 1592858.875, 2016159.75, 2024164.875, 2003971.5, 1888690.75, 1812951.125, 1977181.125, 2123919.5, 2058196.0, 2096602.75, 1891768.75, 1890114.0, 1887078.5]
  eval_all_psnr: [41.75362833362292, 41.908941628931814, 41.44715671041414, 41.60395319935239, 42.15504734650576, 42.466517631298544, 42.013444309835116, 42.470972957931984, 43.20027007421521, 44.00814867813279, 42.3773295858797, 43.49611811347902, 43.91093102804894, 43.67989207692046, 43.713127186006, 43.35420663611793, 43.99393335616986, 44.50014803668066, 41.67060090418852, 42.41863268926815, 41.49318128646426, 41.70417212539177, 40.955170983120915, 40.071808088284286, 36.52232091120451, 36.58168128570489, 37.96196835116077, 42.94764117305338, 43.400637259764544, 41.48171323745391]
  eval_all_y_rate: [3.863677740097046, 3.9192540645599365, 3.8932080268859863, 4.142993450164795, 3.954253911972046, 3.9469547271728516, 3.4427475929260254, 3.4654407501220703, 3.5042319297790527, 3.6236190795898438, 3.5612239837646484, 3.6501107215881348, 3.31685209274292, 3.2378406524658203, 3.261965751647949, 3.0747756958007812, 3.1275906562805176, 3.039097309112549, 3.849249839782715, 3.86262845993042, 3.823050022125244, 3.6053240299224854, 3.459510326385498, 3.7731173038482666, 4.0519795417785645, 3.9276390075683594, 4.000181674957275, 3.6100401878356934, 3.6058032512664795, 3.6003637313842773]
  eval_all_y_rate_num: [2025679.875, 2054817.875, 2041162.25, 2172121.75, 2073167.875, 2069341.0, 1804991.25, 1816889.0, 1837226.75, 1899820.0, 1867107.0, 1913709.25, 1738985.75, 1697561.0, 1710209.5, 1612068.0, 1639758.25, 1593362.25, 2018115.5, 2025129.75, 2004379.25, 1890228.125, 1813779.75, 1978200.125, 2124404.25, 2059214.0, 2097247.25, 1892700.75, 1890479.375, 1887627.5]
  eval_all_mlp_rate: [0.022901535034179688, 0.022619247436523438, 0.024003982543945312, 0.023563385009765625, 0.024915695190429688, 0.02390289306640625, 0.023862838745117188, 0.02526092529296875, 0.022771835327148438, 0.02402496337890625, 0.024288177490234375, 0.025394439697265625, 0.024084091186523438, 0.022989273071289062, 0.023015975952148438, 0.022739410400390625, 0.022731781005859375, 0.022674560546875, 0.023645401000976562, 0.023664474487304688, 0.023834228515625, 0.023000717163085938, 0.025112152099609375, 0.022724151611328125, 0.023433685302734375, 0.024236679077148438, 0.023939132690429688, 0.021791458129882812, 0.023630142211914062, 0.022935867309570312]
  eval_all_mlp_rate_num: [12007.0, 11859.0, 12585.0, 12354.0, 13063.0, 12532.0, 12511.0, 13244.0, 11939.0, 12596.0, 12734.0, 13314.0, 12627.0, 12053.0, 12067.0, 11922.0, 11918.0, 11888.0, 12397.0, 12407.0, 12496.0, 12059.0, 13166.0, 11914.0, 12286.0, 12707.0, 12551.0, 11425.0, 12389.0, 12025.0]
  eval_all_arm_rate: [0.009511947631835938, 0.009258270263671875, 0.009336471557617188, 0.00926971435546875, 0.009401321411132812, 0.009349822998046875, 0.009288787841796875, 0.009403228759765625, 0.009534835815429688, 0.009372711181640625, 0.009416580200195312, 0.009691238403320312, 0.009462356567382812, 0.009527206420898438, 0.009765625, 0.0095367431640625, 0.009588241577148438, 0.009683609008789062, 0.009439468383789062, 0.009496688842773438, 0.00954437255859375, 0.009532928466796875, 0.009508132934570312, 0.009626388549804688, 0.009340286254882812, 0.009550094604492188, 0.009395599365234375, 0.00847625732421875, 0.009447097778320312, 0.009677886962890625]
  eval_all_arm_rate_num: [4987.0, 4854.0, 4895.0, 4860.0, 4929.0, 4902.0, 4870.0, 4930.0, 4999.0, 4914.0, 4937.0, 5081.0, 4961.0, 4995.0, 5120.0, 5000.0, 5027.0, 5077.0, 4949.0, 4979.0, 5004.0, 4998.0, 4985.0, 5047.0, 4897.0, 5007.0, 4926.0, 4444.0, 4953.0, 5074.0]
  eval_all_conv_rate: [0.012481689453125, 0.012449264526367188, 0.013727188110351562, 0.013484954833984375, 0.014451980590820312, 0.013334274291992188, 0.013652801513671875, 0.014801025390625, 0.012456893920898438, 0.013463973999023438, 0.013671875, 0.014736175537109375, 0.01357269287109375, 0.012495040893554688, 0.012296676635742188, 0.012235641479492188, 0.012308120727539062, 0.012182235717773438, 0.013410568237304688, 0.013353347778320312, 0.01336669921875, 0.012409210205078125, 0.014532089233398438, 0.012170791625976562, 0.0132598876953125, 0.013746261596679688, 0.013616561889648438, 0.0125274658203125, 0.013208389282226562, 0.012414932250976562]
  eval_all_conv_rate_num: [6544.0, 6527.0, 7197.0, 7070.0, 7577.0, 6991.0, 7158.0, 7760.0, 6531.0, 7059.0, 7168.0, 7726.0, 7116.0, 6551.0, 6447.0, 6415.0, 6453.0, 6387.0, 7031.0, 7001.0, 7008.0, 6506.0, 7619.0, 6381.0, 6952.0, 7207.0, 7139.0, 6568.0, 6925.0, 6509.0]
  eval_all_border_rate: [0.0, 0.0, 0.0, 0.0, 0.0, 0.0, 0.0, 0.0, 0.0, 0.0, 0.0, 0.0, 0.0, 0.0, 0.0, 0.0, 0.0, 0.0, 0.0, 0.0, 0.0, 0.0, 0.0, 0.0, 0.0, 0.0, 0.0, 0.0, 0.0, 0.0]
  eval_all_border_rate_num: [0, 0, 0, 0, 0, 0, 0, 0, 0, 0, 0, 0, 0, 0, 0, 0, 0, 0, 0, 0, 0, 0, 0, 0, 0, 0, 0, 0, 0, 0]
  eval_all_total_rate [[3.8865792751312256], [3.8865792751312256, 3.94187331199646], [3.8865792751312256, 3.94187331199646, 3.9172120094299316], [3.8865792751312256, 3.94187331199646, 3.9172120094299316, 4.1665568351745605], [3.8865792751312256, 3.94187331199646, 3.9172120094299316, 4.1665568351745605, 3.9791696071624756], [3.8865792751312256, 3.94187331199646, 3.9172120094299316, 4.1665568351745605, 3.9791696071624756, 3.970857620239258], [3.8865792751312256, 3.94187331199646, 3.9172120094299316, 4.1665568351745605, 3.9791696071624756, 3.970857620239258, 3.4666104316711426], [3.8865792751312256, 3.94187331199646, 3.9172120094299316, 4.1665568351745605, 3.9791696071624756, 3.970857620239258, 3.4666104316711426, 3.490701675415039], [3.8865792751312256, 3.94187331199646, 3.9172120094299316, 4.1665568351745605, 3.9791696071624756, 3.970857620239258, 3.4666104316711426, 3.490701675415039, 3.527003765106201], [3.8865792751312256, 3.94187331199646, 3.9172120094299316, 4.1665568351745605, 3.9791696071624756, 3.970857620239258, 3.4666104316711426, 3.490701675415039, 3.527003765106201, 3.64764404296875], [3.8865792751312256, 3.94187331199646, 3.9172120094299316, 4.1665568351745605, 3.9791696071624756, 3.970857620239258, 3.4666104316711426, 3.490701675415039, 3.527003765106201, 3.64764404296875, 3.585512161254883], [3.8865792751312256, 3.94187331199646, 3.9172120094299316, 4.1665568351745605, 3.9791696071624756, 3.970857620239258, 3.4666104316711426, 3.490701675415039, 3.527003765106201, 3.64764404296875, 3.585512161254883, 3.6755051612854004], [3.8865792751312256, 3.94187331199646, 3.9172120094299316, 4.1665568351745605, 3.9791696071624756, 3.970857620239258, 3.4666104316711426, 3.490701675415039, 3.527003765106201, 3.64764404296875, 3.585512161254883, 3.6755051612854004, 3.3409361839294434], [3.8865792751312256, 3.94187331199646, 3.9172120094299316, 4.1665568351745605, 3.9791696071624756, 3.970857620239258, 3.4666104316711426, 3.490701675415039, 3.527003765106201, 3.64764404296875, 3.585512161254883, 3.6755051612854004, 3.3409361839294434, 3.2608299255371094], [3.8865792751312256, 3.94187331199646, 3.9172120094299316, 4.1665568351745605, 3.9791696071624756, 3.970857620239258, 3.4666104316711426, 3.490701675415039, 3.527003765106201, 3.64764404296875, 3.585512161254883, 3.6755051612854004, 3.3409361839294434, 3.2608299255371094, 3.2849817276000977], [3.8865792751312256, 3.94187331199646, 3.9172120094299316, 4.1665568351745605, 3.9791696071624756, 3.970857620239258, 3.4666104316711426, 3.490701675415039, 3.527003765106201, 3.64764404296875, 3.585512161254883, 3.6755051612854004, 3.3409361839294434, 3.2608299255371094, 3.2849817276000977, 3.097515106201172], [3.8865792751312256, 3.94187331199646, 3.9172120094299316, 4.1665568351745605, 3.9791696071624756, 3.970857620239258, 3.4666104316711426, 3.490701675415039, 3.527003765106201, 3.64764404296875, 3.585512161254883, 3.6755051612854004, 3.3409361839294434, 3.2608299255371094, 3.2849817276000977, 3.097515106201172, 3.150322437286377], [3.8865792751312256, 3.94187331199646, 3.9172120094299316, 4.1665568351745605, 3.9791696071624756, 3.970857620239258, 3.4666104316711426, 3.490701675415039, 3.527003765106201, 3.64764404296875, 3.585512161254883, 3.6755051612854004, 3.3409361839294434, 3.2608299255371094, 3.2849817276000977, 3.097515106201172, 3.150322437286377, 3.061771869659424], [3.8865792751312256, 3.94187331199646, 3.9172120094299316, 4.1665568351745605, 3.9791696071624756, 3.970857620239258, 3.4666104316711426, 3.490701675415039, 3.527003765106201, 3.64764404296875, 3.585512161254883, 3.6755051612854004, 3.3409361839294434, 3.2608299255371094, 3.2849817276000977, 3.097515106201172, 3.150322437286377, 3.061771869659424, 3.8728952407836914], [3.8865792751312256, 3.94187331199646, 3.9172120094299316, 4.1665568351745605, 3.9791696071624756, 3.970857620239258, 3.4666104316711426, 3.490701675415039, 3.527003765106201, 3.64764404296875, 3.585512161254883, 3.6755051612854004, 3.3409361839294434, 3.2608299255371094, 3.2849817276000977, 3.097515106201172, 3.150322437286377, 3.061771869659424, 3.8728952407836914, 3.8862929344177246], [3.8865792751312256, 3.94187331199646, 3.9172120094299316, 4.1665568351745605, 3.9791696071624756, 3.970857620239258, 3.4666104316711426, 3.490701675415039, 3.527003765106201, 3.64764404296875, 3.585512161254883, 3.6755051612854004, 3.3409361839294434, 3.2608299255371094, 3.2849817276000977, 3.097515106201172, 3.150322437286377, 3.061771869659424, 3.8728952407836914, 3.8862929344177246, 3.846884250640869], [3.8865792751312256, 3.94187331199646, 3.9172120094299316, 4.1665568351745605, 3.9791696071624756, 3.970857620239258, 3.4666104316711426, 3.490701675415039, 3.527003765106201, 3.64764404296875, 3.585512161254883, 3.6755051612854004, 3.3409361839294434, 3.2608299255371094, 3.2849817276000977, 3.097515106201172, 3.150322437286377, 3.061771869659424, 3.8728952407836914, 3.8862929344177246, 3.846884250640869, 3.6283247470855713], [3.8865792751312256, 3.94187331199646, 3.9172120094299316, 4.1665568351745605, 3.9791696071624756, 3.970857620239258, 3.4666104316711426, 3.490701675415039, 3.527003765106201, 3.64764404296875, 3.585512161254883, 3.6755051612854004, 3.3409361839294434, 3.2608299255371094, 3.2849817276000977, 3.097515106201172, 3.150322437286377, 3.061771869659424, 3.8728952407836914, 3.8862929344177246, 3.846884250640869, 3.6283247470855713, 3.4846224784851074], [3.8865792751312256, 3.94187331199646, 3.9172120094299316, 4.1665568351745605, 3.9791696071624756, 3.970857620239258, 3.4666104316711426, 3.490701675415039, 3.527003765106201, 3.64764404296875, 3.585512161254883, 3.6755051612854004, 3.3409361839294434, 3.2608299255371094, 3.2849817276000977, 3.097515106201172, 3.150322437286377, 3.061771869659424, 3.8728952407836914, 3.8862929344177246, 3.846884250640869, 3.6283247470855713, 3.4846224784851074, 3.7958414554595947], [3.8865792751312256, 3.94187331199646, 3.9172120094299316, 4.1665568351745605, 3.9791696071624756, 3.970857620239258, 3.4666104316711426, 3.490701675415039, 3.527003765106201, 3.64764404296875, 3.585512161254883, 3.6755051612854004, 3.3409361839294434, 3.2608299255371094, 3.2849817276000977, 3.097515106201172, 3.150322437286377, 3.061771869659424, 3.8728952407836914, 3.8862929344177246, 3.846884250640869, 3.6283247470855713, 3.4846224784851074, 3.7958414554595947, 4.075413227081299], [3.8865792751312256, 3.94187331199646, 3.9172120094299316, 4.1665568351745605, 3.9791696071624756, 3.970857620239258, 3.4666104316711426, 3.490701675415039, 3.527003765106201, 3.64764404296875, 3.585512161254883, 3.6755051612854004, 3.3409361839294434, 3.2608299255371094, 3.2849817276000977, 3.097515106201172, 3.150322437286377, 3.061771869659424, 3.8728952407836914, 3.8862929344177246, 3.846884250640869, 3.6283247470855713, 3.4846224784851074, 3.7958414554595947, 4.075413227081299, 3.951875686645508], [3.8865792751312256, 3.94187331199646, 3.9172120094299316, 4.1665568351745605, 3.9791696071624756, 3.970857620239258, 3.4666104316711426, 3.490701675415039, 3.527003765106201, 3.64764404296875, 3.585512161254883, 3.6755051612854004, 3.3409361839294434, 3.2608299255371094, 3.2849817276000977, 3.097515106201172, 3.150322437286377, 3.061771869659424, 3.8728952407836914, 3.8862929344177246, 3.846884250640869, 3.6283247470855713, 3.4846224784851074, 3.7958414554595947, 4.075413227081299, 3.951875686645508, 4.024120807647705], [3.8865792751312256, 3.94187331199646, 3.9172120094299316, 4.1665568351745605, 3.9791696071624756, 3.970857620239258, 3.4666104316711426, 3.490701675415039, 3.527003765106201, 3.64764404296875, 3.585512161254883, 3.6755051612854004, 3.3409361839294434, 3.2608299255371094, 3.2849817276000977, 3.097515106201172, 3.150322437286377, 3.061771869659424, 3.8728952407836914, 3.8862929344177246, 3.846884250640869, 3.6283247470855713, 3.4846224784851074, 3.7958414554595947, 4.075413227081299, 3.951875686645508, 4.024120807647705, 3.631831645965576], [3.8865792751312256, 3.94187331199646, 3.9172120094299316, 4.1665568351745605, 3.9791696071624756, 3.970857620239258, 3.4666104316711426, 3.490701675415039, 3.527003765106201, 3.64764404296875, 3.585512161254883, 3.6755051612854004, 3.3409361839294434, 3.2608299255371094, 3.2849817276000977, 3.097515106201172, 3.150322437286377, 3.061771869659424, 3.8728952407836914, 3.8862929344177246, 3.846884250640869, 3.6283247470855713, 3.4846224784851074, 3.7958414554595947, 4.075413227081299, 3.951875686645508, 4.024120807647705, 3.631831645965576, 3.6294333934783936], [3.8865792751312256, 3.94187331199646, 3.9172120094299316, 4.1665568351745605, 3.9791696071624756, 3.970857620239258, 3.4666104316711426, 3.490701675415039, 3.527003765106201, 3.64764404296875, 3.585512161254883, 3.6755051612854004, 3.3409361839294434, 3.2608299255371094, 3.2849817276000977, 3.097515106201172, 3.150322437286377, 3.061771869659424, 3.8728952407836914, 3.8862929344177246, 3.846884250640869, 3.6283247470855713, 3.4846224784851074, 3.7958414554595947, 4.075413227081299, 3.951875686645508, 4.024120807647705, 3.631831645965576, 3.6294333934783936, 3.6232995986938477]]
  eval_all_total_rate_num [[2037686.875], [2037686.875, 2066676.875], [2037686.875, 2066676.875, 2053747.25], [2037686.875, 2066676.875, 2053747.25, 2184475.75], [2037686.875, 2066676.875, 2053747.25, 2184475.75, 2086230.875], [2037686.875, 2066676.875, 2053747.25, 2184475.75, 2086230.875, 2081873.0], [2037686.875, 2066676.875, 2053747.25, 2184475.75, 2086230.875, 2081873.0, 1817502.25], [2037686.875, 2066676.875, 2053747.25, 2184475.75, 2086230.875, 2081873.0, 1817502.25, 1830133.0], [2037686.875, 2066676.875, 2053747.25, 2184475.75, 2086230.875, 2081873.0, 1817502.25, 1830133.0, 1849165.75], [2037686.875, 2066676.875, 2053747.25, 2184475.75, 2086230.875, 2081873.0, 1817502.25, 1830133.0, 1849165.75, 1912416.0], [2037686.875, 2066676.875, 2053747.25, 2184475.75, 2086230.875, 2081873.0, 1817502.25, 1830133.0, 1849165.75, 1912416.0, 1879841.0], [2037686.875, 2066676.875, 2053747.25, 2184475.75, 2086230.875, 2081873.0, 1817502.25, 1830133.0, 1849165.75, 1912416.0, 1879841.0, 1927023.25], [2037686.875, 2066676.875, 2053747.25, 2184475.75, 2086230.875, 2081873.0, 1817502.25, 1830133.0, 1849165.75, 1912416.0, 1879841.0, 1927023.25, 1751612.75], [2037686.875, 2066676.875, 2053747.25, 2184475.75, 2086230.875, 2081873.0, 1817502.25, 1830133.0, 1849165.75, 1912416.0, 1879841.0, 1927023.25, 1751612.75, 1709614.0], [2037686.875, 2066676.875, 2053747.25, 2184475.75, 2086230.875, 2081873.0, 1817502.25, 1830133.0, 1849165.75, 1912416.0, 1879841.0, 1927023.25, 1751612.75, 1709614.0, 1722276.5], [2037686.875, 2066676.875, 2053747.25, 2184475.75, 2086230.875, 2081873.0, 1817502.25, 1830133.0, 1849165.75, 1912416.0, 1879841.0, 1927023.25, 1751612.75, 1709614.0, 1722276.5, 1623990.0], [2037686.875, 2066676.875, 2053747.25, 2184475.75, 2086230.875, 2081873.0, 1817502.25, 1830133.0, 1849165.75, 1912416.0, 1879841.0, 1927023.25, 1751612.75, 1709614.0, 1722276.5, 1623990.0, 1651676.25], [2037686.875, 2066676.875, 2053747.25, 2184475.75, 2086230.875, 2081873.0, 1817502.25, 1830133.0, 1849165.75, 1912416.0, 1879841.0, 1927023.25, 1751612.75, 1709614.0, 1722276.5, 1623990.0, 1651676.25, 1605250.25], [2037686.875, 2066676.875, 2053747.25, 2184475.75, 2086230.875, 2081873.0, 1817502.25, 1830133.0, 1849165.75, 1912416.0, 1879841.0, 1927023.25, 1751612.75, 1709614.0, 1722276.5, 1623990.0, 1651676.25, 1605250.25, 2030512.5], [2037686.875, 2066676.875, 2053747.25, 2184475.75, 2086230.875, 2081873.0, 1817502.25, 1830133.0, 1849165.75, 1912416.0, 1879841.0, 1927023.25, 1751612.75, 1709614.0, 1722276.5, 1623990.0, 1651676.25, 1605250.25, 2030512.5, 2037536.75], [2037686.875, 2066676.875, 2053747.25, 2184475.75, 2086230.875, 2081873.0, 1817502.25, 1830133.0, 1849165.75, 1912416.0, 1879841.0, 1927023.25, 1751612.75, 1709614.0, 1722276.5, 1623990.0, 1651676.25, 1605250.25, 2030512.5, 2037536.75, 2016875.25], [2037686.875, 2066676.875, 2053747.25, 2184475.75, 2086230.875, 2081873.0, 1817502.25, 1830133.0, 1849165.75, 1912416.0, 1879841.0, 1927023.25, 1751612.75, 1709614.0, 1722276.5, 1623990.0, 1651676.25, 1605250.25, 2030512.5, 2037536.75, 2016875.25, 1902287.125], [2037686.875, 2066676.875, 2053747.25, 2184475.75, 2086230.875, 2081873.0, 1817502.25, 1830133.0, 1849165.75, 1912416.0, 1879841.0, 1927023.25, 1751612.75, 1709614.0, 1722276.5, 1623990.0, 1651676.25, 1605250.25, 2030512.5, 2037536.75, 2016875.25, 1902287.125, 1826945.75], [2037686.875, 2066676.875, 2053747.25, 2184475.75, 2086230.875, 2081873.0, 1817502.25, 1830133.0, 1849165.75, 1912416.0, 1879841.0, 1927023.25, 1751612.75, 1709614.0, 1722276.5, 1623990.0, 1651676.25, 1605250.25, 2030512.5, 2037536.75, 2016875.25, 1902287.125, 1826945.75, 1990114.125], [2037686.875, 2066676.875, 2053747.25, 2184475.75, 2086230.875, 2081873.0, 1817502.25, 1830133.0, 1849165.75, 1912416.0, 1879841.0, 1927023.25, 1751612.75, 1709614.0, 1722276.5, 1623990.0, 1651676.25, 1605250.25, 2030512.5, 2037536.75, 2016875.25, 1902287.125, 1826945.75, 1990114.125, 2136690.25], [2037686.875, 2066676.875, 2053747.25, 2184475.75, 2086230.875, 2081873.0, 1817502.25, 1830133.0, 1849165.75, 1912416.0, 1879841.0, 1927023.25, 1751612.75, 1709614.0, 1722276.5, 1623990.0, 1651676.25, 1605250.25, 2030512.5, 2037536.75, 2016875.25, 1902287.125, 1826945.75, 1990114.125, 2136690.25, 2071921.0], [2037686.875, 2066676.875, 2053747.25, 2184475.75, 2086230.875, 2081873.0, 1817502.25, 1830133.0, 1849165.75, 1912416.0, 1879841.0, 1927023.25, 1751612.75, 1709614.0, 1722276.5, 1623990.0, 1651676.25, 1605250.25, 2030512.5, 2037536.75, 2016875.25, 1902287.125, 1826945.75, 1990114.125, 2136690.25, 2071921.0, 2109798.25], [2037686.875, 2066676.875, 2053747.25, 2184475.75, 2086230.875, 2081873.0, 1817502.25, 1830133.0, 1849165.75, 1912416.0, 1879841.0, 1927023.25, 1751612.75, 1709614.0, 1722276.5, 1623990.0, 1651676.25, 1605250.25, 2030512.5, 2037536.75, 2016875.25, 1902287.125, 1826945.75, 1990114.125, 2136690.25, 2071921.0, 2109798.25, 1904125.75], [2037686.875, 2066676.875, 2053747.25, 2184475.75, 2086230.875, 2081873.0, 1817502.25, 1830133.0, 1849165.75, 1912416.0, 1879841.0, 1927023.25, 1751612.75, 1709614.0, 1722276.5, 1623990.0, 1651676.25, 1605250.25, 2030512.5, 2037536.75, 2016875.25, 1902287.125, 1826945.75, 1990114.125, 2136690.25, 2071921.0, 2109798.25, 1904125.75, 1902868.375], [2037686.875, 2066676.875, 2053747.25, 2184475.75, 2086230.875, 2081873.0, 1817502.25, 1830133.0, 1849165.75, 1912416.0, 1879841.0, 1927023.25, 1751612.75, 1709614.0, 1722276.5, 1623990.0, 1651676.25, 1605250.25, 2030512.5, 2037536.75, 2016875.25, 1902287.125, 1826945.75, 1990114.125, 2136690.25, 2071921.0, 2109798.25, 1904125.75, 1902868.375, 1899652.5]]
---------------------------------
