image_name,mask_type,wsmse_tag,swhdc_tag,erp_padding,lambda_rate,train_psnr,train_rate_bpp,train_rate_bits,eval_psnr,eval_wsssim,eval_y_rate_bpp,eval_y_rate_bits,eval_mlp_rate_bpp,eval_mlp_rate_bits,eval_arm_rate_bpp,eval_arm_rate_bits,eval_conv_rate_bpp,eval_conv_rate_bits,eval_border_rate_bpp,eval_border_rate_bits,eval_total_rate_bpp,eval_total_rate_bits,total_steps_1,total_steps_2
othim01,full,0,0,1,0.007,28.363606107804838,0.12099944055080414,63438.5546875,28.350644038535375,0.7923572063446045,0.12171495705842972,63813.69140625,0.018083572387695312,9481.0,0.007890701293945312,4137.0,0.0093536376953125,4904.0,0.0,0,0.13979852944612503,73294.69140625,5000,1000
othim02,full,0,0,1,0.007,28.265316820887723,0.12166740745306015,63788.76171875,28.23918843719947,0.7877206802368164,0.12285591661930084,64411.8828125,0.018228530883789062,9557.0,0.007913589477539062,4149.0,0.009469985961914062,4965.0,0.0,0,0.1410844475030899,73968.8828125,5000,1000
othim03,full,0,0,1,0.007,28.003773574676046,0.12317807972431183,64580.7890625,27.971924486590478,0.7803952693939209,0.12388518452644348,64951.515625,0.0178070068359375,9336.0,0.00794219970703125,4164.0,0.008893966674804688,4663.0,0.0,0,0.14169219136238098,74287.515625,5000,1000
othim04,full,0,0,1,0.007,25.400919592920804,0.2606263756752014,136643.28125,25.39193085221756,0.7320448756217957,0.2611444294452667,136914.890625,0.019399642944335938,10171.0,0.0090484619140625,4744.0,0.00936126708984375,4908.0,0.0,0,0.28054407238960266,147085.890625,5000,1000
othim05,full,0,0,1,0.007,26.265676850174543,0.20222792029380798,106025.671875,26.24941705860375,0.7237088680267334,0.20248302817344666,106159.421875,0.01947021484375,10208.0,0.009130477905273438,4787.0,0.009490966796875,4976.0,0.0,0,0.22195324301719666,116367.421875,5000,1000
othim06,full,0,0,1,0.007,26.437387578562635,0.2076173573732376,108851.2890625,26.43013834146913,0.7415225505828857,0.20847773551940918,109302.375,0.0183868408203125,9640.0,0.007928848266601562,4157.0,0.00946807861328125,4964.0,0.0,0,0.22686457633972168,118942.375,5000,1000
othim07,full,0,0,1,0.007,29.431712143419034,0.10068366676568985,52787.23828125,29.377241361483254,0.8520148992538452,0.10163939744234085,53288.31640625,0.016855239868164062,8837.0,0.0077381134033203125,4057.0,0.008258819580078125,4330.0,0.0,0,0.11849463731050491,62125.31640625,5000,1000
othim08,full,0,0,1,0.007,29.72097386303196,0.09071034938097,47558.34765625,29.712212317994155,0.8523436784744263,0.09115142375230789,47789.59765625,0.019212722778320312,10073.0,0.0079193115234375,4152.0,0.010457992553710938,5483.0,0.0,0,0.1103641465306282,57862.59765625,5000,1000
othim09,full,0,0,1,0.007,29.574631740139164,0.10036743432283401,52621.44140625,29.547952060197137,0.852662980556488,0.1013396680355072,53131.171875,0.018045425415039062,9461.0,0.007833480834960938,4107.0,0.009344100952148438,4899.0,0.0,0,0.11938509345054626,62592.171875,5000,1000
othim10,full,0,0,1,0.007,28.585050447794277,0.09176325798034668,48110.375,28.560608363898137,0.74400395154953,0.09303233027458191,48775.734375,0.017801284790039062,9333.0,0.007886886596679688,4135.0,0.009044647216796875,4742.0,0.0,0,0.11083361506462097,58108.734375,5000,1000
othim11,full,0,0,1,0.007,28.21213065006225,0.09718386828899384,50952.3359375,28.19585598363531,0.73576819896698,0.09756498038768768,51152.1484375,0.019504547119140625,10226.0,0.008937835693359375,4686.0,0.009613037109375,5040.0,0.0,0,0.11706952750682831,61378.1484375,5000,1000
othim12,full,0,0,1,0.007,27.8514940415723,0.11069108545780182,58034.0078125,27.849302934154,0.7341112494468689,0.1111140102148056,58255.7421875,0.01934051513671875,10140.0,0.007862091064453125,4122.0,0.010492324829101562,5501.0,0.0,0,0.13045452535152435,68395.7421875,5000,1000
othim13,full,0,0,1,0.007,29.384512246961283,0.0981423556804657,51454.859375,29.364496680666985,0.838692307472229,0.0986647978425026,51728.76953125,0.01805877685546875,9468.0,0.007930755615234375,4158.0,0.00943756103515625,4948.0,0.0,0,0.11672357469797134,61196.76953125,5000,1000
othim14,full,0,0,1,0.007,29.387792214747495,0.09563323110342026,50139.35546875,29.36867069792287,0.8406022787094116,0.09683869779109955,50771.3671875,0.018184661865234375,9534.0,0.007928848266601562,4157.0,0.009431838989257812,4945.0,0.0,0,0.11502335965633392,60305.3671875,5000,1000
othim15,full,0,0,1,0.007,29.315141971810522,0.10417830944061279,54619.4375,29.296930588007882,0.840959906578064,0.1056581437587738,55395.296875,0.017261505126953125,9050.0,0.006900787353515625,3618.0,0.00962066650390625,5044.0,0.0,0,0.12291964888572693,64445.296875,5000,1000
othim16,full,0,0,1,0.007,29.879872979994573,0.0900358036160469,47204.69140625,29.868903604424787,0.854928195476532,0.09065651148557663,47530.12109375,0.018068313598632812,9473.0,0.007875442504882812,4129.0,0.009368896484375,4912.0,0.0,0,0.10872482508420944,57003.12109375,5000,1000
othim17,full,0,0,1,0.007,29.809448357412293,0.09097155183553696,47695.29296875,29.786808635684906,0.8525426387786865,0.09172236919403076,48088.9375,0.01802825927734375,9452.0,0.007976531982421875,4182.0,0.00922393798828125,4836.0,0.0,0,0.10975062847137451,57540.9375,5000,1000
othim18,full,0,0,1,0.007,30.06888279937051,0.08716698735952377,45700.60546875,30.028243275466775,0.8567914366722107,0.08727134764194489,45755.3203125,0.0189666748046875,9944.0,0.008852005004882812,4641.0,0.009283065795898438,4867.0,0.0,0,0.10623802244663239,55699.3203125,5000,1000
othim19,full,0,0,1,0.007,26.525181315568798,0.2098858505487442,110040.6328125,26.514293608310567,0.7612196207046509,0.21076640486717224,110502.296875,0.018247604370117188,9567.0,0.00809478759765625,4244.0,0.009305953979492188,4879.0,0.0,0,0.22901400923728943,120069.296875,5000,1000
othim20,full,0,0,1,0.007,26.401193022431404,0.20320484042167664,106537.859375,26.391500107078617,0.7546584010124207,0.20386068522930145,106881.7109375,0.018457412719726562,9677.0,0.007928848266601562,4157.0,0.009675979614257812,5073.0,0.0,0,0.22231809794902802,116558.7109375,5000,1000
othim21,full,0,0,1,0.007,26.35373030082596,0.20715445280075073,108608.59375,26.327642704610838,0.7562446594238281,0.20791399478912354,109006.8125,0.017229080200195312,9033.0,0.007993698120117188,4191.0,0.00850677490234375,4460.0,0.0,0,0.22514307498931885,118039.8125,5000,1000
othim22,full,0,0,1,0.007,29.22313272171721,0.1122724711894989,58863.109375,29.188166347948528,0.8394486308097839,0.11326584219932556,59383.921875,0.018079757690429688,9479.0,0.00778961181640625,4084.0,0.009197235107421875,4822.0,0.0,0,0.13134559988975525,68862.921875,5000,1000
othim23,full,0,0,1,0.007,28.71564016407432,0.11598777770996094,60811.0,28.691421599833177,0.819019079208374,0.11650561541318893,61082.49609375,0.019222259521484375,10078.0,0.008810043334960938,4619.0,0.009429931640625,4944.0,0.0,0,0.1357278749346733,71160.49609375,5000,1000
othim24,full,0,0,1,0.007,27.43152391076093,0.1489786058664322,78107.6953125,27.414908583430385,0.8087100982666016,0.1494692713022232,78364.9453125,0.017919540405273438,9395.0,0.007839202880859375,4110.0,0.009220123291015625,4834.0,0.0,0,0.16738881170749664,87759.9453125,5000,1000
othim25,full,0,0,1,0.007,26.038999657203608,0.23687171936035156,124189.0,26.02801433342663,0.7837232351303101,0.2381121814250946,124839.359375,0.018398284912109375,9646.0,0.007894515991210938,4139.0,0.009527206420898438,4995.0,0.0,0,0.256510466337204,134485.359375,5000,1000
othim26,full,0,0,1,0.007,25.82563716786146,0.22695669531822205,118990.671875,25.81626531715327,0.7832180857658386,0.22713309526443481,119083.15625,0.019573211669921875,10262.0,0.009012222290039062,4725.0,0.00957489013671875,5020.0,0.0,0,0.2467063069343567,129345.15625,5000,1000
othim27,full,0,0,1,0.007,26.41040343486146,0.1864878386259079,97773.3359375,26.395098587702094,0.761867880821228,0.18699896335601807,98041.3125,0.018108367919921875,9494.0,0.007904052734375,4144.0,0.009355545043945312,4905.0,0.0,0,0.20510733127593994,107535.3125,5000,1000
othim28,full,0,0,1,0.007,26.515218826027752,0.16376277804374695,85858.859375,26.50680844986118,0.7692358493804932,0.1654546856880188,86745.90625,0.017488479614257812,9169.0,0.0069293975830078125,3633.0,0.009464263916015625,4962.0,0.0,0,0.1829431653022766,95914.90625,5000,1000
othim29,full,0,0,1,0.007,26.941700775845337,0.1633288711309433,85631.3671875,26.913392260199192,0.7773345708847046,0.16355156898498535,85748.125,0.018423080444335938,9659.0,0.008953094482421875,4694.0,0.00850677490234375,4460.0,0.0,0,0.1819746494293213,95407.125,5000,1000
othim30,full,0,0,1,0.007,26.547975026067785,0.17588835954666138,92216.15625,26.53063136996227,0.7761256098747253,0.17804011702537537,93344.296875,0.016973495483398438,8899.0,0.0068149566650390625,3573.0,0.009199142456054688,4823.0,0.0,0,0.1950136125087738,102243.296875,5000,1000
othim01,full,0,0,1,0.015,26.65755479396677,0.06346537917852402,33274.13671875,26.620058653122868,0.7247481346130371,0.06401500850915909,33562.30078125,0.017242431640625,9040.0,0.0079803466796875,4184.0,0.008409500122070312,4409.0,0.0,0,0.08125744014978409,42602.30078125,5000,1000
othim02,full,0,0,1,0.015,26.65055702068614,0.067176453769207,35219.80859375,26.64309842252551,0.7241390943527222,0.06741820275783539,35346.5546875,0.019453048706054688,10199.0,0.009033203125,4736.0,0.009443283081054688,4951.0,0.0,0,0.08687125146389008,45545.5546875,5000,1000
othim03,full,0,0,1,0.015,26.521103163073064,0.06375554203987122,33426.265625,26.500546404012443,0.717839241027832,0.06444889307022095,33789.78125,0.017932891845703125,9402.0,0.007963180541992188,4175.0,0.009113311767578125,4778.0,0.0,0,0.08238178491592407,43191.78125,5000,1000
othim04,full,0,0,1,0.015,23.856699056883468,0.14769355952739716,77433.9609375,23.841211038528826,0.6249243021011353,0.14808784425258636,77640.6796875,0.017114639282226562,8973.0,0.007894515991210938,4139.0,0.008493423461914062,4453.0,0.0,0,0.16520248353481293,86613.6796875,5000,1000
othim05,full,0,0,1,0.015,24.820789381457413,0.11501073092222214,60298.74609375,24.811290573106067,0.6372413039207458,0.11715102940797806,61420.87890625,0.017246246337890625,9042.0,0.0069580078125,3648.0,0.009328842163085938,4891.0,0.0,0,0.13439727574586868,70462.87890625,5000,1000
othim06,full,0,0,1,0.015,24.899906441098036,0.12057170271873474,63214.296875,24.891885892578326,0.6540915369987488,0.12109529972076416,63488.8125,0.018314361572265625,9602.0,0.007961273193359375,4174.0,0.009487152099609375,4974.0,0.0,0,0.13940966129302979,73090.8125,5000,1000
othim07,full,0,0,1,0.015,27.754645521938173,0.06038698926568031,31660.173828125,27.703734325215823,0.8089086413383484,0.06079823896288872,31875.787109375,0.018018722534179688,9447.0,0.009016036987304688,4727.0,0.008251190185546875,4326.0,0.0,0,0.0788169614970684,41322.787109375,5000,1000
othim08,full,0,0,1,0.015,28.131829912606417,0.05083061009645462,26649.87890625,28.081350717873338,0.8134764432907104,0.05157306790351868,27039.140625,0.01789093017578125,9380.0,0.007894515991210938,4139.0,0.009370803833007812,4913.0,0.0,0,0.06946399807929993,36419.140625,5000,1000
othim09,full,0,0,1,0.015,27.803317438754508,0.05570308864116669,29204.4609375,27.751275020014617,0.8040962219238281,0.05586765706539154,29290.7421875,0.018329620361328125,9610.0,0.009052276611328125,4746.0,0.0084228515625,4416.0,0.0,0,0.07419727742671967,38900.7421875,5000,1000
othim10,full,0,0,1,0.015,27.25488950286254,0.04446439445018768,23312.1484375,27.211710974082987,0.6941249370574951,0.04530408978462219,23752.390625,0.017164230346679688,8999.0,0.007925033569335938,4155.0,0.00836944580078125,4388.0,0.0,0,0.06246832013130188,32751.390625,5000,1000
othim11,full,0,0,1,0.015,26.79505375720055,0.0472584068775177,24777.015625,26.75521280852419,0.6731781363487244,0.04813576489686966,25237.00390625,0.017337799072265625,9090.0,0.007877349853515625,4130.0,0.008472442626953125,4442.0,0.0,0,0.06547356396913528,34327.00390625,5000,1000
othim12,full,0,0,1,0.015,26.446281126769843,0.058484092354774475,30662.5078125,26.42264421333577,0.6685358285903931,0.05941563472151756,31150.904296875,0.017110824584960938,8971.0,0.008008956909179688,4199.0,0.008090972900390625,4242.0,0.0,0,0.0765264593064785,40121.904296875,5000,1000
othim13,full,0,0,1,0.015,27.69448048176761,0.05670584365725517,29730.193359375,27.654280946516298,0.7938493490219116,0.05728359892964363,30033.103515625,0.016664505004882812,8737.0,0.0077056884765625,4040.0,0.008241653442382812,4321.0,0.0,0,0.07394810393452644,38770.103515625,5000,1000
othim14,full,0,0,1,0.015,27.6513687039858,0.0571877658367157,29982.859375,27.612682694677023,0.7950959205627441,0.05763917416334152,30219.52734375,0.017131805419921875,8982.0,0.008087158203125,4240.0,0.008081436157226562,4237.0,0.0,0,0.0747709795832634,39201.52734375,5000,1000
othim15,full,0,0,1,0.015,27.585175691325873,0.05831339210271835,30573.01171875,27.557595704845358,0.79539555311203,0.05909329280257225,30981.904296875,0.0172882080078125,9064.0,0.008039474487304688,4215.0,0.008527755737304688,4471.0,0.0,0,0.07638150081038475,40045.904296875,5000,1000
othim16,full,0,0,1,0.015,28.33286371014965,0.053229160606861115,27907.41015625,28.266976373185987,0.8231682777404785,0.053526997566223145,28063.5625,0.016918182373046875,8870.0,0.008001327514648438,4195.0,0.008184432983398438,4291.0,0.0,0,0.07044517993927002,36933.5625,5000,1000
othim17,full,0,0,1,0.015,28.250019332764822,0.05276399478316307,27663.529296875,28.20516495333798,0.8197040557861328,0.054096903651952744,28362.357421875,0.016145706176757812,8465.0,0.0068302154541015625,3581.0,0.008592605590820312,4505.0,0.0,0,0.07024260982871056,36827.357421875,5000,1000
othim18,full,0,0,1,0.015,28.360391359757838,0.05354398488998413,28072.46875,28.309938606366558,0.8212039470672607,0.05379558354616165,28204.37890625,0.017042160034179688,8935.0,0.007837295532226562,4109.0,0.00835418701171875,4380.0,0.0,0,0.07083774358034134,37139.37890625,5000,1000
othim19,full,0,0,1,0.015,24.840882227694816,0.11552825570106506,60570.078125,24.82425108029608,0.6716007590293884,0.11762148141860962,61667.53125,0.01627349853515625,8532.0,0.006938934326171875,3638.0,0.008474349975585938,4443.0,0.0,0,0.13389497995376587,70199.53125,5000,1000
othim20,full,0,0,1,0.015,24.743260794858,0.11717748641967773,61434.75,24.7209765036185,0.6644694209098816,0.1179504245519638,61839.9921875,0.017429351806640625,9138.0,0.007871627807617188,4127.0,0.00856781005859375,4492.0,0.0,0,0.13537977635860443,70977.9921875,5000,1000
othim21,full,0,0,1,0.015,24.683261940901644,0.11796969920396805,61850.09765625,24.67498202229447,0.6645247936248779,0.11908143758773804,62432.96875,0.018236160278320312,9561.0,0.0080413818359375,4216.0,0.009464263916015625,4962.0,0.0,0,0.13731759786605835,71993.96875,5000,1000
othim22,full,0,0,1,0.015,27.57851128734716,0.06751881539821625,35399.3046875,27.549912124953693,0.8025512099266052,0.06796622276306152,35633.875,0.019418716430664062,10181.0,0.008863449096679688,4647.0,0.009607315063476562,5037.0,0.0,0,0.08738493919372559,45814.875,5000,1000
othim23,full,0,0,1,0.015,27.04874584505694,0.0630059689283371,33033.2734375,27.002896479455558,0.7624313235282898,0.06408332288265228,33598.1171875,0.01738739013671875,9116.0,0.007978439331054688,4183.0,0.00843048095703125,4420.0,0.0,0,0.08147071301937103,42714.1171875,5000,1000
othim24,full,0,0,1,0.015,25.990468884188598,0.08644662797451019,45322.9296875,25.964812021465878,0.7422001361846924,0.08700986206531525,45618.2265625,0.01808929443359375,9484.0,0.0077648162841796875,4071.0,0.009469985961914062,4965.0,0.0,0,0.105099156498909,55102.2265625,5000,1000
othim25,full,0,0,1,0.015,24.34043450123026,0.13523292541503906,70901.0,24.302627572884102,0.7135169506072998,0.13646399974822998,71546.4375,0.017152786254882812,8993.0,0.007831573486328125,4106.0,0.008600234985351562,4509.0,0.0,0,0.1536167860031128,80539.4375,5000,1000
othim26,full,0,0,1,0.015,24.245944911787504,0.14025558531284332,73534.3203125,24.23411481624031,0.7159258127212524,0.14101150631904602,73930.640625,0.018095016479492188,9487.0,0.0080413818359375,4216.0,0.009069442749023438,4755.0,0.0,0,0.1591065227985382,83417.640625,5000,1000
othim27,full,0,0,1,0.015,24.927011113483246,0.10894742608070374,57119.828125,24.91370870770177,0.695311427116394,0.10936976224184036,57341.25390625,0.017185211181640625,9010.0,0.007974624633789062,4181.0,0.008371353149414062,4389.0,0.0,0,0.126554973423481,66351.25390625,5000,1000
othim28,full,0,0,1,0.015,25.19096785615926,0.09502813220024109,49822.109375,25.16286425131275,0.702268123626709,0.095713771879673,50181.58203125,0.01697540283203125,8900.0,0.007947921752929688,4167.0,0.008176803588867188,4287.0,0.0,0,0.11268917471170425,59081.58203125,5000,1000
othim29,full,0,0,1,0.015,25.51236270550741,0.09430868923664093,49444.9140625,25.472102899528124,0.7088884115219116,0.09454633295536041,49569.5078125,0.017215728759765625,9026.0,0.007984161376953125,4186.0,0.008375167846679688,4391.0,0.0,0,0.11176206171512604,58595.5078125,5000,1000
othim30,full,0,0,1,0.015,25.127373360534097,0.09865910559892654,51725.78515625,25.120782707624613,0.7076177000999451,0.10078968107700348,52842.8203125,0.016942977905273438,8883.0,0.006931304931640625,3634.0,0.009153366088867188,4799.0,0.0,0,0.11773265898227692,61725.8203125,5000,1000
othim01,full,0,1,1,0.007,28.241517961917918,0.12061864137649536,63238.90625,28.201939810588396,0.788831889629364,0.1216295063495636,63768.890625,0.018404006958007812,9649.0,0.00785064697265625,4116.0,0.00970458984375,5088.0,0.0,0,0.1400335133075714,73417.890625,5000,1000
othim02,full,0,1,1,0.007,28.288470078712844,0.12069609016180038,63279.51171875,28.247701231563997,0.7887138724327087,0.12143968045711517,63669.3671875,0.018341064453125,9616.0,0.007904052734375,4144.0,0.009607315063476562,5037.0,0.0,0,0.13978074491024017,73285.3671875,5000,1000
othim03,full,0,1,1,0.007,28.012035259656244,0.1205020397901535,63177.7734375,27.98452532371743,0.7793327569961548,0.12145198881626129,63675.8203125,0.017974853515625,9424.0,0.0077877044677734375,4083.0,0.009454727172851562,4957.0,0.0,0,0.1394268423318863,73099.8203125,5000,1000
othim04,full,0,1,1,0.007,25.287427814928506,0.25426265597343445,133306.859375,25.279236874246184,0.7254394292831421,0.25454893708229065,133456.953125,0.020868301391601562,10941.0,0.009023666381835938,4731.0,0.010980606079101562,5757.0,0.0,0,0.2754172384738922,144397.953125,5000,1000
othim05,full,0,1,1,0.007,26.272716688828258,0.20376363396644592,106830.828125,26.262458259803907,0.7258131504058838,0.20453156530857086,107233.4453125,0.019296646118164062,10117.0,0.007886886596679688,4135.0,0.010433197021484375,5470.0,0.0,0,0.22382821142673492,117350.4453125,5000,1000
othim06,full,0,1,1,0.007,26.391938392837705,0.2072855830192566,108677.34375,26.387837039999383,0.7377855181694031,0.20779791474342346,108945.953125,0.022203445434570312,11641.0,0.008878707885742188,4655.0,0.012327194213867188,6463.0,0.0,0,0.23000136017799377,120586.953125,5000,1000
othim07,full,0,1,1,0.007,29.201690189756665,0.10327397286891937,54145.3046875,29.13315183338551,0.8503566980361938,0.10434184968471527,54705.1796875,0.018388748168945312,9641.0,0.008026123046875,4208.0,0.00939178466796875,4924.0,0.0,0,0.12273059785366058,64346.1796875,5000,1000
othim08,full,0,1,1,0.007,29.615181704946107,0.08924857527017593,46791.95703125,29.583714730801365,0.8513064384460449,0.0899670422077179,47168.640625,0.019466400146484375,10206.0,0.0078277587890625,4104.0,0.010793685913085938,5659.0,0.0,0,0.10943344235420227,57374.640625,5000,1000
othim09,full,0,1,1,0.007,29.44765886682592,0.09465090185403824,49624.33203125,29.39562719702585,0.8497316837310791,0.09493876993656158,49775.2578125,0.019746780395507812,10353.0,0.009120941162109375,4782.0,0.009664535522460938,5067.0,0.0,0,0.1146855503320694,60128.2578125,5000,1000
othim10,full,0,1,1,0.007,28.646731281315166,0.09029801189899445,47342.1640625,28.635866144734578,0.7471153140068054,0.09147486090660095,47959.171875,0.020435333251953125,10714.0,0.007904052734375,4144.0,0.011554718017578125,6058.0,0.0,0,0.11191019415855408,58673.171875,5000,1000
othim11,full,0,1,1,0.007,28.191215903390333,0.09636488556861877,50522.953125,28.170307106969403,0.734760046005249,0.09809323400259018,51429.10546875,0.018310546875,9600.0,0.0068111419677734375,3571.0,0.01064300537109375,5580.0,0.0,0,0.11640378087759018,61029.10546875,5000,1000
othim12,full,0,1,1,0.007,27.825505667808216,0.11440466344356537,59980.9921875,27.809893968353354,0.7351340055465698,0.1151919886469841,60393.77734375,0.019193649291992188,10063.0,0.007829666137695312,4105.0,0.010486602783203125,5498.0,0.0,0,0.1343856379389763,70456.77734375,5000,1000
othim13,full,0,1,1,0.007,29.286449352506253,0.09607812762260437,50372.609375,29.25662313618925,0.8390473127365112,0.0973680317401886,51048.890625,0.019542694091796875,10246.0,0.007825851440429688,4103.0,0.010999679565429688,5767.0,0.0,0,0.11691072583198547,61294.890625,5000,1000
othim14,full,0,1,1,0.007,29.25357804034253,0.10082831978797913,52863.078125,29.21261651282642,0.8360999822616577,0.1011171042919159,53014.484375,0.017545700073242188,9199.0,0.007740020751953125,4058.0,0.008829116821289062,4629.0,0.0,0,0.11866280436515808,62213.484375,5000,1000
othim15,full,0,1,1,0.007,29.294362318393315,0.10063958168029785,52764.125,29.277129485263686,0.8403439521789551,0.10241730511188507,53696.1640625,0.018529891967773438,9715.0,0.0068149566650390625,3573.0,0.011005401611328125,5770.0,0.0,0,0.12094719707965851,63411.1640625,5000,1000
othim16,full,0,1,1,0.007,29.92682939841373,0.09032990038394928,47358.8828125,29.910610578499412,0.854915976524353,0.09054259955883026,47470.3984375,0.020334243774414062,10661.0,0.008947372436523438,4691.0,0.01044464111328125,5476.0,0.0,0,0.11087684333324432,58131.3984375,5000,1000
othim17,full,0,1,1,0.007,29.822209629115523,0.0911349207162857,47780.9453125,29.783148364863735,0.8552669286727905,0.09188111126422882,48172.1640625,0.019094467163085938,10011.0,0.007938385009765625,4162.0,0.010326385498046875,5414.0,0.0,0,0.11097557842731476,58183.1640625,5000,1000
othim18,full,0,1,1,0.007,29.660701886043014,0.09251424670219421,48504.109375,29.646684039574748,0.8518872261047363,0.09282256662845612,48665.7578125,0.020353317260742188,10671.0,0.008930206298828125,4682.0,0.0104522705078125,5480.0,0.0,0,0.1131758838891983,59336.7578125,5000,1000
othim19,full,0,1,1,0.007,26.396044822314234,0.20886638760566711,109506.140625,26.37182835041231,0.7567674517631531,0.20929281413555145,109729.7109375,0.018825531005859375,9870.0,0.008945465087890625,4690.0,0.009038925170898438,4739.0,0.0,0,0.22811834514141083,119599.7109375,5000,1000
othim20,full,0,1,1,0.007,26.213215407253347,0.20393666625022888,106921.546875,26.204951998497176,0.7495688199996948,0.20426839590072632,107095.46875,0.020521163940429688,10759.0,0.008884429931640625,4658.0,0.010784149169921875,5654.0,0.0,0,0.224789559841156,117854.46875,5000,1000
othim21,full,0,1,1,0.007,26.218687302024545,0.20889298617839813,109520.0859375,26.19963083311295,0.7524632811546326,0.21033185720443726,110274.46875,0.0185699462890625,9736.0,0.007905960083007812,4145.0,0.009916305541992188,5199.0,0.0,0,0.22890180349349976,120010.46875,5000,1000
othim22,full,0,1,1,0.007,29.260708866641338,0.10983066260814667,57582.8984375,29.235031668278936,0.8394250869750977,0.11013087630271912,57740.296875,0.021411895751953125,11226.0,0.00881195068359375,4620.0,0.011735916137695312,6153.0,0.0,0,0.13154277205467224,68966.296875,5000,1000
othim23,full,0,1,1,0.007,28.74187741150955,0.11760952323675156,61661.26171875,28.715186682513163,0.82039874792099,0.11810934543609619,61923.3125,0.020664215087890625,10834.0,0.008991241455078125,4714.0,0.010808944702148438,5667.0,0.0,0,0.13877356052398682,72757.3125,5000,1000
othim24,full,0,1,1,0.007,27.410355813290874,0.14553405344486237,76301.7578125,27.387033913826055,0.8067173361778259,0.1459784060716629,76534.7265625,0.020708084106445312,10857.0,0.008890151977539062,4661.0,0.010847091674804688,5687.0,0.0,0,0.16668649017810822,87391.7265625,5000,1000
othim25,full,0,1,1,0.007,25.88669172979716,0.22942258417606354,120283.5078125,25.874347521066795,0.7803040742874146,0.2297198474407196,120439.359375,0.020685195922851562,10845.0,0.008907318115234375,4670.0,0.010801315307617188,5663.0,0.0,0,0.25040504336357117,131284.359375,5000,1000
othim26,full,0,1,1,0.007,26.001172962686937,0.23620353639125824,123838.6796875,25.98310838981159,0.7852832674980164,0.23717597126960754,124348.515625,0.020763397216796875,10886.0,0.008947372436523438,4691.0,0.010824203491210938,5675.0,0.0,0,0.2579393684864044,135234.515625,5000,1000
othim27,full,0,1,1,0.007,26.46265590052099,0.18833935260772705,98744.0625,26.44516301303092,0.7641991376876831,0.18880116939544678,98986.1875,0.020566940307617188,10783.0,0.008913040161132812,4673.0,0.010675430297851562,5597.0,0.0,0,0.20936810970306396,109769.1875,5000,1000
othim28,full,0,1,1,0.007,26.631379990031462,0.17165464162826538,89996.46875,26.60779952774742,0.7751731872558594,0.17227092385292053,90319.578125,0.018390655517578125,9642.0,0.007900238037109375,4142.0,0.009517669677734375,4990.0,0.0,0,0.19066157937049866,99961.578125,5000,1000
othim29,full,0,1,1,0.007,26.850524772312045,0.16241680085659027,85153.1796875,26.825630465958493,0.7743412852287292,0.1631620228290558,85543.890625,0.018659591674804688,9783.0,0.007963180541992188,4175.0,0.009748458862304688,5111.0,0.0,0,0.18182161450386047,95326.890625,5000,1000
othim30,full,0,1,1,0.007,26.58116006124962,0.17521540820598602,91863.3359375,26.57077502634225,0.7781950235366821,0.17652566730976105,92550.2890625,0.019535064697265625,10242.0,0.008092880249023438,4243.0,0.010601043701171875,5558.0,0.0,0,0.19606073200702667,102792.2890625,5000,1000
othim01,full,0,1,1,0.015,26.607504800563902,0.06571845710277557,34455.3984375,26.585962249738156,0.7234309911727905,0.06637084484100342,34797.4375,0.018049240112304688,9463.0,0.007890701293945312,4137.0,0.009309768676757812,4881.0,0.0,0,0.0844200849533081,44260.4375,5000,1000
othim02,full,0,1,1,0.015,26.636655457849503,0.06598708033561707,34596.234375,26.623259742954037,0.721930205821991,0.06774603575468063,35518.43359375,0.019201278686523438,10067.0,0.007099151611328125,3722.0,0.011247634887695312,5897.0,0.0,0,0.08694731444120407,45585.43359375,5000,1000
othim03,full,0,1,1,0.015,26.54762588864192,0.06531039625406265,34241.45703125,26.539719005865834,0.7170312404632568,0.06578948348760605,34492.63671875,0.019435882568359375,10190.0,0.007869720458984375,4126.0,0.010717391967773438,5619.0,0.0,0,0.08522536605596542,44682.63671875,5000,1000
othim04,full,0,1,1,0.015,23.81333696326873,0.14639584720134735,76753.5859375,23.810375084743608,0.6214848160743713,0.14742311835289001,77292.171875,0.019903182983398438,10435.0,0.008022308349609375,4206.0,0.0108795166015625,5704.0,0.0,0,0.16732630133628845,87727.171875,5000,1000
othim05,full,0,1,1,0.015,24.78546119586649,0.11314854770898819,59322.42578125,24.754937944134166,0.6333979964256287,0.11359007656574249,59553.9140625,0.018390655517578125,9642.0,0.00815582275390625,4276.0,0.00939178466796875,4924.0,0.0,0,0.13198073208332062,69195.9140625,5000,1000
othim06,full,0,1,1,0.015,24.93989692819183,0.11990733444690704,62865.9765625,24.91345145735829,0.65411376953125,0.12036778777837753,63107.38671875,0.018220901489257812,9553.0,0.00794219970703125,4164.0,0.009408950805664062,4933.0,0.0,0,0.13858868926763535,72660.38671875,5000,1000
othim07,full,0,1,1,0.015,27.86613953656301,0.062172554433345795,32596.32421875,27.83755335520272,0.8109641075134277,0.0631316527724266,33099.16796875,0.019243240356445312,10089.0,0.00807952880859375,4236.0,0.010427474975585938,5467.0,0.0,0,0.08237489312887192,43188.16796875,5000,1000
othim08,full,0,1,1,0.015,28.074225745779525,0.05242535099387169,27485.982421875,28.062734296046017,0.8117661476135254,0.0532541424036026,27920.5078125,0.019611358642578125,10282.0,0.008007049560546875,4198.0,0.010747909545898438,5635.0,0.0,0,0.07286550104618073,38202.5078125,5000,1000
othim09,full,0,1,1,0.015,27.84277792862784,0.061032094061374664,31998.39453125,27.780693669043274,0.8051255941390991,0.06170075386762619,32348.96484375,0.018316268920898438,9603.0,0.0078125,4096.0,0.00975799560546875,5116.0,0.0,0,0.08001702278852463,41951.96484375,5000,1000
othim10,full,0,1,1,0.015,27.30999058636729,0.04582687467336655,24026.48046875,27.281198383945423,0.6975698471069336,0.04633322358131409,24291.953125,0.018995285034179688,9959.0,0.0077228546142578125,4049.0,0.010530471801757812,5521.0,0.0,0,0.06532850861549377,34250.953125,5000,1000
othim11,full,0,1,1,0.015,26.80723851136202,0.04388254135847092,23007.08984375,26.79074996560089,0.6746508479118347,0.04497691988945007,23580.859375,0.0196990966796875,10328.0,0.007701873779296875,4038.0,0.011138916015625,5840.0,0.0,0,0.06467601656913757,33908.859375,5000,1000
othim12,full,0,1,1,0.015,26.38045380179699,0.053282611072063446,27935.43359375,26.363790573728693,0.6640138030052185,0.05384458974003792,28230.072265625,0.019519805908203125,10234.0,0.00792694091796875,4156.0,0.010816574096679688,5671.0,0.0,0,0.07336439564824104,38464.072265625,5000,1000
othim13,full,0,1,1,0.015,27.566457239724965,0.05721764639019966,29998.525390625,27.499621924229547,0.7920207977294922,0.05784964561462402,30329.875,0.018140792846679688,9511.0,0.0077610015869140625,4069.0,0.009771347045898438,5123.0,0.0,0,0.07599043846130371,39840.875,5000,1000
othim14,full,0,1,1,0.015,27.583318218482493,0.05760852247476578,30203.45703125,27.52027205771128,0.7914834022521973,0.05843345448374748,30635.958984375,0.018121719360351562,9501.0,0.0077800750732421875,4079.0,0.009494781494140625,4978.0,0.0,0,0.07655517384409904,40136.958984375,5000,1000
othim15,full,0,1,1,0.015,27.643870705447025,0.05874036252498627,30796.8671875,27.603536831871423,0.7955207228660583,0.05909763276576996,30984.1796875,0.018568038940429688,9735.0,0.008083343505859375,4238.0,0.009626388549804688,5047.0,0.0,0,0.07766567170619965,40719.1796875,5000,1000
othim16,full,0,1,1,0.015,28.242666770437594,0.05349835753440857,28048.546875,28.18759904500945,0.820659875869751,0.05375366285443306,28182.400390625,0.019060134887695312,9993.0,0.008802413940429688,4615.0,0.009416580200195312,4937.0,0.0,0,0.07281379774212837,38175.400390625,5000,1000
othim17,full,0,1,1,0.015,28.315661499704447,0.05253947526216507,27545.81640625,28.2704057374131,0.8213133215904236,0.05323752015829086,27911.79296875,0.018217086791992188,9551.0,0.0079803466796875,4184.0,0.0093841552734375,4920.0,0.0,0,0.07145460695028305,37462.79296875,5000,1000
othim18,full,0,1,1,0.015,28.31312965723308,0.05269782990217209,27628.83984375,28.24539478855306,0.8204572200775146,0.05293658375740051,27754.015625,0.0181732177734375,9528.0,0.007907867431640625,4146.0,0.009552001953125,5008.0,0.0,0,0.07110980153083801,37282.015625,5000,1000
othim19,full,0,1,1,0.015,24.85784368661543,0.11775664985179901,61738.3984375,24.836988847056443,0.6720490455627441,0.11856472492218018,62162.0625,0.018491744995117188,9695.0,0.007974624633789062,4181.0,0.009662628173828125,5066.0,0.0,0,0.13705646991729736,71857.0625,5000,1000
othim20,full,0,1,1,0.015,24.77680611731395,0.11613358557224274,60887.4453125,24.755029615607814,0.6652389168739319,0.11727666854858398,61486.75,0.018634796142578125,9770.0,0.008005142211914062,4197.0,0.00977325439453125,5124.0,0.0,0,0.1359114646911621,71256.75,5000,1000
othim21,full,0,1,1,0.015,24.74792749699668,0.11968056857585907,62747.0859375,24.726270108932436,0.6679226160049438,0.11981761455535889,62818.9375,0.019338607788085938,10139.0,0.009044647216796875,4742.0,0.009553909301757812,5009.0,0.0,0,0.13915622234344482,72957.9375,5000,1000
othim22,full,0,1,1,0.015,27.79448653362971,0.06872355937957764,36030.9375,27.766998886688114,0.8050267100334167,0.06977350264787674,36581.41015625,0.0195159912109375,10232.0,0.0078125,4096.0,0.01085662841796875,5692.0,0.0,0,0.08928949385881424,46813.41015625,5000,1000
othim23,full,0,1,1,0.015,27.041504225295444,0.06723122298717499,35248.5234375,27.02711132671952,0.7609259486198425,0.06758207827806473,35432.47265625,0.020563125610351562,10781.0,0.008947372436523438,4691.0,0.010728836059570312,5625.0,0.0,0,0.08814520388841629,46213.47265625,5000,1000
othim24,full,0,1,1,0.015,25.8877441558418,0.08048179745674133,42195.640625,25.828146908781502,0.7365515232086182,0.0814778208732605,42717.84375,0.018365859985351562,9629.0,0.0079193115234375,4152.0,0.009593963623046875,5030.0,0.0,0,0.09984368085861206,52346.84375,5000,1000
othim25,full,0,1,1,0.015,24.372775159551253,0.13652195036411285,71576.8203125,24.36011410151869,0.715973973274231,0.1372048407793045,71934.8515625,0.020067214965820312,10521.0,0.008090972900390625,4242.0,0.011127471923828125,5834.0,0.0,0,0.15727205574512482,82455.8515625,5000,1000
othim26,full,0,1,1,0.015,24.320037649053393,0.1371842622756958,71924.0625,24.29102311060619,0.7150310277938843,0.1380096673965454,72356.8125,0.018589019775390625,9746.0,0.008159637451171875,4278.0,0.009450912475585938,4955.0,0.0,0,0.15659868717193604,82102.8125,5000,1000
othim27,full,0,1,1,0.015,24.84666439111845,0.10915334522724152,57227.7890625,24.821630913201783,0.692080020904541,0.11040405184030533,57883.51953125,0.018268585205078125,9578.0,0.00812530517578125,4260.0,0.009288787841796875,4870.0,0.0,0,0.12867263704538345,67461.51953125,5000,1000
othim28,full,0,1,1,0.015,25.161816552937392,0.09583164751529694,50243.3828125,25.13919510872307,0.7025045156478882,0.09659688174724579,50644.5859375,0.01862335205078125,9764.0,0.008144378662109375,4270.0,0.00974273681640625,5108.0,0.0,0,0.11522023379802704,60408.5859375,5000,1000
othim29,full,0,1,1,0.015,25.438818057013588,0.0917396992444992,48098.0234375,25.43355876911963,0.7072634696960449,0.09214292466640472,48309.4296875,0.019361495971679688,10151.0,0.008115768432617188,4255.0,0.010419845581054688,5463.0,0.0,0,0.11150442063808441,58460.4296875,5000,1000
othim30,full,0,1,1,0.015,25.09628518988936,0.09841866791248322,51599.7265625,25.053632054640392,0.7036257982254028,0.09987540543079376,52363.4765625,0.017107009887695312,8969.0,0.006946563720703125,3642.0,0.009538650512695312,5001.0,0.0,0,0.11698241531848907,61332.4765625,5000,1000
othim01,full,1,0,1,0.007,28.726919742019714,0.1316622793674469,69028.953125,28.716171592450817,0.8040523529052734,0.132271409034729,69348.3125,0.019260406494140625,10098.0,0.00798797607421875,4188.0,0.010425567626953125,5466.0,0.0,0,0.15153181552886963,79446.3125,5000,1000
othim02,full,1,0,1,0.007,28.68520687327974,0.1325492262840271,69493.96875,28.66584352218041,0.8015174269676208,0.13294942677021027,69703.7890625,0.01935577392578125,10148.0,0.009019851684570312,4729.0,0.009378433227539062,4917.0,0.0,0,0.15230520069599152,79851.7890625,5000,1000
othim03,full,1,0,1,0.007,28.608211779377125,0.1320207566022873,69216.8984375,28.536409780841364,0.7976328730583191,0.1322888433933258,69357.453125,0.018329620361328125,9610.0,0.008941650390625,4688.0,0.0085296630859375,4472.0,0.0,0,0.15061846375465393,78967.453125,5000,1000
othim04,full,1,0,1,0.007,26.09207109348004,0.2951028347015381,154718.875,26.08475039078725,0.7564041614532471,0.29554325342178345,154949.78125,0.019582748413085938,10267.0,0.0089874267578125,4712.0,0.009487152099609375,4974.0,0.0,0,0.3151260018348694,165216.78125,5000,1000
othim05,full,1,0,1,0.007,26.677278994302366,0.2202027440071106,115449.65625,26.67230896378362,0.74878990650177,0.22053790092468262,115625.375,0.0202789306640625,10632.0,0.00894927978515625,4692.0,0.010351181030273438,5427.0,0.0,0,0.24081683158874512,126257.375,5000,1000
othim06,full,1,0,1,0.007,26.72785669227404,0.21807238459587097,114332.734375,26.71183652775054,0.7554485201835632,0.21866419911384583,114643.015625,0.01837158203125,9632.0,0.00814056396484375,4268.0,0.009359359741210938,4907.0,0.0,0,0.23703578114509583,124275.015625,5000,1000
othim07,full,1,0,1,0.007,30.60537577506255,0.12216030806303024,64047.18359375,30.583808714972076,0.8714609146118164,0.12251608073711395,64233.7109375,0.019237518310546875,10086.0,0.008878707885742188,4655.0,0.009534835815429688,4999.0,0.0,0,0.14175359904766083,74319.7109375,5000,1000
othim08,full,1,0,1,0.007,30.456476369551314,0.10546785593032837,55295.53125,30.440659483803273,0.8644025325775146,0.10641629993915558,55792.7890625,0.019260406494140625,10098.0,0.007823944091796875,4102.0,0.01061248779296875,5564.0,0.0,0,0.1256767064332962,65890.7890625,5000,1000
othim09,full,1,0,1,0.007,30.15540403038149,0.11695617437362671,61318.71875,30.11069323243466,0.8608849048614502,0.11708973348140717,61388.7421875,0.01830291748046875,9596.0,0.008977890014648438,4707.0,0.008502960205078125,4458.0,0.0,0,0.13539265096187592,70984.7421875,5000,1000
othim10,full,1,0,1,0.007,29.102595840585252,0.11002978682518005,57687.296875,29.09697158879843,0.7694782018661499,0.11097685992717743,58183.8359375,0.018917083740234375,9918.0,0.007747650146484375,4062.0,0.010183334350585938,5339.0,0.0,0,0.1298939436674118,68101.8359375,5000,1000
othim11,full,1,0,1,0.007,28.769184849467006,0.11692925542593002,61304.60546875,28.757935484889078,0.7631860971450806,0.11778029799461365,61750.796875,0.018329620361328125,9610.0,0.008008956909179688,4199.0,0.009355545043945312,4905.0,0.0,0,0.13610991835594177,71360.796875,5000,1000
othim12,full,1,0,1,0.007,28.251087063726697,0.12659084796905518,66370.0625,28.246050323512264,0.755757212638855,0.1272740364074707,66728.25,0.01934814453125,10144.0,0.007936477661132812,4161.0,0.010433197021484375,5470.0,0.0,0,0.1466221809387207,76872.25,5000,1000
othim13,full,1,0,1,0.007,30.03917377843294,0.11075735092163086,58068.75,30.01645591243444,0.8523737788200378,0.11229977756738663,58877.42578125,0.01806640625,9472.0,0.007989883422851562,4189.0,0.009235382080078125,4842.0,0.0,0,0.13036618381738663,68349.42578125,5000,1000
othim14,full,1,0,1,0.007,30.151152034386566,0.11217945069074631,58814.33984375,30.127364563860553,0.8555259108543396,0.11321194469928741,59355.6640625,0.018232345581054688,9559.0,0.008005142211914062,4197.0,0.009405136108398438,4931.0,0.0,0,0.1314442902803421,68914.6640625,5000,1000
othim15,full,1,0,1,0.007,29.871305473598806,0.11531756818294525,60459.6171875,29.85879827652126,0.8519291877746582,0.11562556773424149,60621.09765625,0.019048690795898438,9987.0,0.009014129638671875,4726.0,0.009197235107421875,4822.0,0.0,0,0.13467425853013992,70608.09765625,5000,1000
othim16,full,1,0,1,0.007,30.424382901112335,0.09950641542673111,52170.01953125,30.401223147430994,0.866466224193573,0.09997820854187012,52417.375,0.018949508666992188,9935.0,0.008874893188476562,4653.0,0.0092620849609375,4856.0,0.0,0,0.1189277172088623,62352.375,5000,1000
othim17,full,1,0,1,0.007,30.42207632535423,0.09778277575969696,51266.3359375,30.406795436643137,0.8663057684898376,0.09860717505216599,51698.55859375,0.018047332763671875,9462.0,0.007894515991210938,4139.0,0.00945281982421875,4956.0,0.0,0,0.11665450781583786,61160.55859375,5000,1000
othim18,full,1,0,1,0.007,30.508377555522667,0.09815477579832077,51461.37109375,30.495134788759866,0.8669180870056152,0.09904278814792633,51926.9453125,0.018842697143554688,9879.0,0.0077667236328125,4072.0,0.010251998901367188,5375.0,0.0,0,0.11788548529148102,61805.9453125,5000,1000
othim19,full,1,0,1,0.007,27.025792515741813,0.23024997115135193,120717.296875,27.017030465163298,0.7764524817466736,0.23140139877796173,121320.9765625,0.018306732177734375,9598.0,0.00809478759765625,4244.0,0.009246826171875,4848.0,0.0,0,0.2497081309556961,130918.9765625,5000,1000
othim20,full,1,0,1,0.007,26.625101481866125,0.21466311812400818,112545.296875,26.61133426934678,0.7663962244987488,0.21503272652626038,112739.078125,0.018220901489257812,9553.0,0.00778961181640625,4084.0,0.009580612182617188,5023.0,0.0,0,0.2332536280155182,122292.078125,5000,1000
othim21,full,1,0,1,0.007,26.9591720147853,0.2331799566745758,122253.453125,26.949144548036884,0.7752546072006226,0.23396998643875122,122667.65625,0.0182647705078125,9576.0,0.00786590576171875,4124.0,0.00955963134765625,5012.0,0.0,0,0.2522347569465637,132243.65625,5000,1000
othim22,full,1,0,1,0.007,29.902731620552146,0.12678033113479614,66469.40625,29.869294468878007,0.8489982485771179,0.12753817439079285,66866.734375,0.017864227294921875,9366.0,0.0077838897705078125,4081.0,0.009241104125976562,4845.0,0.0,0,0.14540240168571472,76232.734375,5000,1000
othim23,full,1,0,1,0.007,29.272605634306984,0.13065874576568604,68502.8125,29.243769663362144,0.8378738164901733,0.13137733936309814,68879.5625,0.019182205200195312,10057.0,0.008890151977539062,4661.0,0.009439468383789062,4949.0,0.0,0,0.15055954456329346,78936.5625,5000,1000
othim24,full,1,0,1,0.007,27.741917905514338,0.16108696162700653,84455.9609375,27.710536064012246,0.8202542662620544,0.16202937066555023,84950.0546875,0.017955780029296875,9414.0,0.007883071899414062,4133.0,0.009220123291015625,4834.0,0.0,0,0.1799851506948471,94364.0546875,5000,1000
othim25,full,1,0,1,0.007,26.900114372080335,0.27500295639038086,144180.75,26.88046851644133,0.8022294044494629,0.2755052447319031,144444.09375,0.018390655517578125,9642.0,0.007848739624023438,4115.0,0.009822845458984375,5150.0,0.0,0,0.2938959002494812,154086.09375,5000,1000
othim26,full,1,0,1,0.007,26.956086829347097,0.2822083830833435,147958.46875,26.943012132682515,0.8034664392471313,0.28323113918304443,148494.6875,0.018423080444335938,9659.0,0.007823944091796875,4102.0,0.00962066650390625,5044.0,0.0,0,0.30165421962738037,158153.6875,5000,1000
othim27,full,1,0,1,0.007,27.329779297151404,0.22544719278812408,118199.2578125,27.314118331150013,0.7864395380020142,0.22643262147903442,118715.90625,0.018304824829101562,9597.0,0.007877349853515625,4130.0,0.009588241577148438,5027.0,0.0,0,0.244737446308136,128312.90625,5000,1000
othim28,full,1,0,1,0.007,27.16721409094427,0.1984492838382721,104044.578125,27.153225843222135,0.795412540435791,0.19871284067630768,104182.7578125,0.018978118896484375,9950.0,0.008985519409179688,4711.0,0.0092620849609375,4856.0,0.0,0,0.21769095957279205,114132.7578125,5000,1000
othim29,full,1,0,1,0.007,27.327254360269993,0.17663997411727905,92610.21875,27.320848928635836,0.7943381071090698,0.17803606390953064,93342.171875,0.018465042114257812,9681.0,0.007999420166015625,4194.0,0.0095367431640625,5000.0,0.0,0,0.19650110602378845,103023.171875,5000,1000
othim30,full,1,0,1,0.007,27.015776405206832,0.20192694664001465,105867.875,27.005097295206394,0.7958077192306519,0.20298174023628235,106420.890625,0.0182647705078125,9576.0,0.007877349853515625,4130.0,0.009420394897460938,4939.0,0.0,0,0.22124651074409485,115996.890625,5000,1000
othim01,full,1,0,1,0.015,27.247458400498612,0.07734782248735428,40552.53515625,27.235308400666202,0.7481367588043213,0.07958805561065674,41727.0625,0.01753997802734375,9196.0,0.0072345733642578125,3793.0,0.009469985961914062,4965.0,0.0,0,0.09712803363800049,50923.0625,5000,1000
othim02,full,1,0,1,0.015,27.268222537075925,0.0795220136642456,41692.4375,27.224594821423114,0.7488080859184265,0.0796947181224823,41782.984375,0.0181732177734375,9528.0,0.0091400146484375,4792.0,0.008319854736328125,4362.0,0.0,0,0.0978679358959198,51310.984375,5000,1000
othim03,full,1,0,1,0.015,27.147129161021905,0.0747213214635849,39175.4921875,27.0887590930805,0.7408126592636108,0.07583314180374146,39758.40625,0.017393112182617188,9119.0,0.007946014404296875,4166.0,0.008596420288085938,4507.0,0.0,0,0.09322625398635864,48877.40625,5000,1000
othim04,full,1,0,1,0.015,24.152216734667757,0.15855345129966736,83127.671875,24.136634021230545,0.6493887901306152,0.1600123643875122,83892.5625,0.016984939575195312,8905.0,0.0077362060546875,4056.0,0.008264541625976562,4333.0,0.0,0,0.17699730396270752,92797.5625,5000,1000
othim05,full,1,0,1,0.015,25.181962233660936,0.12393476068973541,64977.5078125,25.143176277294362,0.6585638523101807,0.12483437359333038,65449.1640625,0.018564224243164062,9733.0,0.009035110473632812,4737.0,0.008670806884765625,4546.0,0.0,0,0.14339859783649445,75182.1640625,5000,1000
othim06,full,1,0,1,0.015,25.255219654819047,0.12527841329574585,65681.96875,25.23010288564498,0.6726469993591309,0.12574341893196106,65925.765625,0.017030715942382812,8929.0,0.0079803466796875,4184.0,0.00830841064453125,4356.0,0.0,0,0.14277413487434387,74854.765625,5000,1000
othim07,full,1,0,1,0.015,28.795596810573116,0.0729605108499527,38252.3203125,28.76711018234224,0.8349860906600952,0.07306598126888275,38307.6171875,0.01924896240234375,10092.0,0.008932113647460938,4683.0,0.00945281982421875,4956.0,0.0,0,0.0923149436712265,48399.6171875,5000,1000
othim08,full,1,0,1,0.015,28.941821658344022,0.06550805270671844,34345.0859375,28.919321031668918,0.8293687701225281,0.06592923402786255,34565.90625,0.01828765869140625,9588.0,0.007867813110351562,4125.0,0.0095672607421875,5016.0,0.0,0,0.0842168927192688,44153.90625,5000,1000
othim09,full,1,0,1,0.015,28.66715542137862,0.0693894624710083,36380.0625,28.62535625839924,0.8251798152923584,0.07119494676589966,37326.65625,0.017152786254882812,8993.0,0.006988525390625,3664.0,0.009441375732421875,4950.0,0.0,0,0.08834773302078247,46319.65625,5000,1000
othim10,full,1,0,1,0.015,27.78619133063712,0.05674505978822708,29750.75390625,27.769801677331618,0.7154499292373657,0.057624995708465576,30212.09375,0.019239425659179688,10087.0,0.008985519409179688,4711.0,0.009256362915039062,4853.0,0.0,0,0.07686442136764526,40299.09375,5000,1000
othim11,full,1,0,1,0.015,27.041052415508698,0.05505625903606415,28865.3359375,26.99736464160244,0.685225248336792,0.05596904456615448,29343.8984375,0.016996383666992188,8911.0,0.007936477661132812,4161.0,0.008310317993164062,4357.0,0.0,0,0.07296542823314667,38254.8984375,5000,1000
othim12,full,1,0,1,0.015,26.75370756153391,0.06149272993206978,32239.900390625,26.708544734259107,0.684393048286438,0.06258144974708557,32810.703125,0.015665054321289062,8213.0,0.006877899169921875,3606.0,0.008058547973632812,4225.0,0.0,0,0.07824650406837463,41023.703125,5000,1000
othim13,full,1,0,1,0.015,28.599049077827377,0.07187728583812714,37684.3984375,28.573266992176674,0.8190388679504395,0.07281196117401123,38174.4375,0.018114089965820312,9497.0,0.008039474487304688,4215.0,0.009225845336914062,4837.0,0.0,0,0.09092605113983154,47671.4375,5000,1000
othim14,full,1,0,1,0.015,28.526501620327505,0.0704445093870163,36933.2109375,28.486939547934625,0.8179624080657959,0.07137645781040192,37421.8203125,0.017002105712890625,8914.0,0.007867813110351562,4125.0,0.008291244506835938,4347.0,0.0,0,0.08837856352329254,46335.8203125,5000,1000
othim15,full,1,0,1,0.015,28.46192891980237,0.07228671759366989,37899.05859375,28.438013698646966,0.8177824020385742,0.0729668140411377,38255.625,0.018152236938476562,9517.0,0.007991790771484375,4190.0,0.009328842163085938,4891.0,0.0,0,0.09111905097961426,47772.625,5000,1000
othim16,full,1,0,1,0.015,29.093639495013765,0.06194694712758064,32478.041015625,29.021659739401333,0.8376346826553345,0.06231743097305298,32672.28125,0.016998291015625,8912.0,0.00789642333984375,4140.0,0.008270263671875,4336.0,0.0,0,0.07931572198867798,41584.28125,5000,1000
othim17,full,1,0,1,0.015,28.976659597995553,0.06551116704940796,34346.71875,28.922430722200858,0.8365333080291748,0.0666176825761795,34926.8515625,0.017015457153320312,8921.0,0.00791168212890625,4148.0,0.008251190185546875,4326.0,0.0,0,0.08363313972949982,43847.8515625,5000,1000
othim18,full,1,0,1,0.015,29.038645580493053,0.059970833361148834,31441.98828125,28.98322676443061,0.8367437720298767,0.06052309274673462,31731.53125,0.017154693603515625,8994.0,0.0078887939453125,4136.0,0.00853729248046875,4476.0,0.0,0,0.07767778635025024,40725.53125,5000,1000
othim19,full,1,0,1,0.015,25.226204359855505,0.12195196747779846,63937.953125,25.19964480399054,0.6884070634841919,0.12281876802444458,64392.40625,0.018299102783203125,9594.0,0.009016036987304688,4727.0,0.008428573608398438,4419.0,0.0,0,0.1411178708076477,73986.40625,5000,1000
othim20,full,1,0,1,0.015,25.08875204900909,0.12210538238286972,64018.38671875,25.063336140644555,0.6803568601608276,0.1235257014632225,64763.04296875,0.016199111938476562,8493.0,0.0067596435546875,3544.0,0.00833892822265625,4372.0,0.0,0,0.13972481340169907,73256.04296875,5000,1000
othim21,full,1,0,1,0.015,25.035680488447166,0.12639933824539185,66269.65625,25.009076178709602,0.6845220327377319,0.12705963850021362,66615.84375,0.017461776733398438,9155.0,0.0081024169921875,4248.0,0.008480072021484375,4446.0,0.0,0,0.14452141523361206,75770.84375,5000,1000
othim22,full,1,0,1,0.015,28.405304242678906,0.0761827602982521,39941.70703125,28.385546629250857,0.818159282207489,0.07633770257234573,40022.94140625,0.01946258544921875,10204.0,0.009160995483398438,4803.0,0.009447097778320312,4953.0,0.0,0,0.09580028802156448,50226.94140625,5000,1000
othim23,full,1,0,1,0.015,27.746762678678824,0.07719667255878448,40473.2890625,27.6706467275403,0.7844977378845215,0.07745429873466492,40608.359375,0.018016815185546875,9446.0,0.009006500244140625,4722.0,0.008174896240234375,4286.0,0.0,0,0.09547111392021179,50054.359375,5000,1000
othim24,full,1,0,1,0.015,26.34087611722673,0.08904005587100983,46682.6328125,26.32056834847477,0.7626258730888367,0.08969664573669434,47026.875,0.017765045166015625,9314.0,0.007816314697265625,4098.0,0.009222030639648438,4835.0,0.0,0,0.10746169090270996,56340.875,5000,1000
othim25,full,1,0,1,0.015,24.776249653367614,0.15330809354782104,80377.59375,24.765710492361563,0.7301315069198608,0.1535004824399948,80478.4609375,0.019456863403320312,10201.0,0.008975982666015625,4706.0,0.009511947631835938,4987.0,0.0,0,0.17295734584331512,90679.4609375,5000,1000
othim26,full,1,0,1,0.015,24.73348921269628,0.15590867400169373,81741.046875,24.71390325790414,0.7310032248497009,0.1563364863395691,81965.34375,0.0182647705078125,9576.0,0.009046554565429688,4743.0,0.008371353149414062,4389.0,0.0,0,0.1746012568473816,91541.34375,5000,1000
othim27,full,1,0,1,0.015,25.513037663898572,0.1260998696088791,66112.6484375,25.50281301967171,0.7213802337646484,0.12658117711544037,66364.9921875,0.018243789672851562,9565.0,0.007883071899414062,4133.0,0.00951385498046875,4988.0,0.0,0,0.14482496678829193,75929.9921875,5000,1000
othim28,full,1,0,1,0.015,25.50351922264956,0.10109861940145493,53004.79296875,25.48863923615613,0.7185456156730652,0.10167250037193298,53305.671875,0.017612457275390625,9234.0,0.008113861083984375,4254.0,0.008525848388671875,4470.0,0.0,0,0.11928495764732361,62539.671875,5000,1000
othim29,full,1,0,1,0.015,25.749300199772964,0.09616288542747498,50417.046875,25.72300122938239,0.7219847440719604,0.09676264971494675,50731.49609375,0.017292022705078125,9066.0,0.007913589477539062,4149.0,0.008520126342773438,4467.0,0.0,0,0.11405467242002487,59797.49609375,5000,1000
othim30,full,1,0,1,0.015,25.430647393894144,0.10685481131076813,56022.6953125,25.390863330331484,0.7223226428031921,0.10820390284061432,56730.0078125,0.015958786010742188,8367.0,0.0069293975830078125,3633.0,0.008192062377929688,4295.0,0.0,0,0.1241626888513565,65097.0078125,5000,1000
othim01,full,1,1,1,0.007,28.685272534372604,0.13117623329162598,68774.125,28.639371491987614,0.8040410876274109,0.13232827186584473,69378.125,0.018270492553710938,9579.0,0.00786590576171875,4124.0,0.0096893310546875,5080.0,0.0,0,0.15059876441955566,78957.125,5000,1000
othim02,full,1,1,1,0.007,28.73816740859853,0.1322144865989685,69318.46875,28.720931582367992,0.8024489283561707,0.1325845718383789,69512.5,0.020870208740234375,10942.0,0.009000778198242188,4719.0,0.010927200317382812,5729.0,0.0,0,0.15345478057861328,80454.5,5000,1000
othim03,full,1,1,1,0.007,28.58448181660513,0.135494202375412,71037.984375,28.559213398716253,0.7971734404563904,0.13584372401237488,71221.234375,0.020578384399414062,10789.0,0.008823394775390625,4626.0,0.01079559326171875,5660.0,0.0,0,0.15642210841178894,82010.234375,5000,1000
othim04,full,1,1,1,0.007,26.089491165471852,0.2987065315246582,156608.25,26.076156436163398,0.7555104494094849,0.29936492443084717,156953.4375,0.020498275756835938,10747.0,0.0088958740234375,4664.0,0.01087188720703125,5700.0,0.0,0,0.3198632001876831,167700.4375,5000,1000
othim05,full,1,1,1,0.007,26.785809910371032,0.21553738415241241,113003.6640625,26.772594978608755,0.7519582509994507,0.21640247106552124,113457.21875,0.020257949829101562,10621.0,0.008922576904296875,4678.0,0.0104827880859375,5496.0,0.0,0,0.2366604208946228,124078.21875,5000,1000
othim06,full,1,1,1,0.007,26.96823816868377,0.2284979522228241,119798.734375,26.939284605925213,0.7573062777519226,0.2290499359369278,120088.1328125,0.020692825317382812,10849.0,0.009038925170898438,4739.0,0.010669708251953125,5594.0,0.0,0,0.2497427612543106,130937.1328125,5000,1000
othim07,full,1,1,1,0.007,30.0891489380714,0.11447501182556152,60017.875,30.061368667977618,0.8641074895858765,0.11521902680397034,60407.953125,0.02060699462890625,10804.0,0.009069442749023438,4755.0,0.010692596435546875,5606.0,0.0,0,0.1358260214328766,71211.953125,5000,1000
othim08,full,1,1,1,0.007,30.400353218280923,0.10486231744289398,54978.0546875,30.342660097764213,0.8646664619445801,0.10516894608736038,55138.81640625,0.020921707153320312,10969.0,0.008983612060546875,4710.0,0.011095046997070312,5817.0,0.0,0,0.1260906532406807,66107.81640625,5000,1000
othim09,full,1,1,1,0.007,30.113734669131343,0.11314915120601654,59322.7421875,30.05117105494685,0.8591386675834656,0.11345801502466202,59484.67578125,0.02071380615234375,10860.0,0.0098419189453125,5160.0,0.010026931762695312,5257.0,0.0,0,0.13417182117700577,70344.67578125,5000,1000
othim10,full,1,1,1,0.007,29.06003874016415,0.11094893515110016,58169.1953125,29.038126809679017,0.770526111125946,0.11139637976884842,58403.78515625,0.019308090209960938,10123.0,0.007886886596679688,4135.0,0.010438919067382812,5473.0,0.0,0,0.13070446997880936,68526.78515625,5000,1000
othim11,full,1,1,1,0.007,28.69083443664266,0.11545512080192566,60531.734375,28.676618650428438,0.7604894638061523,0.11634323000907898,60997.359375,0.019908905029296875,10438.0,0.0078125,4096.0,0.011125564575195312,5833.0,0.0,0,0.13625213503837585,71435.359375,5000,1000
othim12,full,1,1,1,0.007,28.234666934130896,0.12817615270614624,67201.21875,28.2227846132933,0.7565338015556335,0.12883028388023376,67544.171875,0.021633148193359375,11342.0,0.008916854858398438,4675.0,0.011732101440429688,6151.0,0.0,0,0.15046343207359314,78886.171875,5000,1000
othim13,full,1,1,1,0.007,30.06170467218604,0.1062055304646492,55682.28515625,30.03760866995117,0.8553928136825562,0.10626473277807236,55713.32421875,0.02237701416015625,11732.0,0.010219573974609375,5358.0,0.011318206787109375,5934.0,0.0,0,0.1286417469382286,67445.32421875,5000,1000
othim14,full,1,1,1,0.007,30.022090794242747,0.11287948489189148,59181.359375,29.998075297239268,0.8526320457458496,0.11386491358280182,59698.0078125,0.019260406494140625,10098.0,0.00797271728515625,4180.0,0.010560989379882812,5537.0,0.0,0,0.13312532007694244,69796.0078125,5000,1000
othim15,full,1,1,1,0.007,29.814007487981936,0.1122829020023346,58868.578125,29.793035767884845,0.8510926961898804,0.11312206089496613,59308.5390625,0.019464492797851562,10205.0,0.007894515991210938,4139.0,0.010730743408203125,5626.0,0.0,0,0.1325865536928177,69513.5390625,5000,1000
othim16,full,1,1,1,0.007,30.36885769733046,0.09941720962524414,52123.25,30.34420507908555,0.8646769523620605,0.0998714491724968,52361.40234375,0.020254135131835938,10619.0,0.00888824462890625,4660.0,0.010425567626953125,5466.0,0.0,0,0.12012558430433273,62980.40234375,5000,1000
othim17,full,1,1,1,0.007,30.453831228949127,0.0969391018152237,50824.0078125,30.432956338734474,0.8675618171691895,0.097134530544281,50926.46875,0.020746231079101562,10877.0,0.008932113647460938,4683.0,0.010869979858398438,5699.0,0.0,0,0.11788076162338257,61803.46875,5000,1000
othim18,full,1,1,1,0.007,30.50736183539227,0.09640191495418549,50542.3671875,30.48845972557095,0.866921603679657,0.09757241606712341,51156.046875,0.019329071044921875,10134.0,0.0078029632568359375,4091.0,0.010702133178710938,5611.0,0.0,0,0.11690148711204529,61290.046875,5000,1000
othim19,full,1,1,1,0.007,27.05470183229087,0.23403358459472656,122701.0,27.039078970667415,0.7786258459091187,0.2341897189617157,122782.859375,0.020761489868164062,10885.0,0.008955001831054688,4695.0,0.010955810546875,5744.0,0.0,0,0.25495120882987976,133667.859375,5000,1000
othim20,full,1,1,1,0.007,27.018520376347453,0.22900733351707458,120065.796875,27.003356354155375,0.7736594676971436,0.23030821979045868,120747.8359375,0.019662857055664062,10309.0,0.007993698120117188,4191.0,0.010938644409179688,5735.0,0.0,0,0.24997107684612274,131056.8359375,5000,1000
othim21,full,1,1,1,0.007,27.012388883820226,0.24204549193382263,126901.546875,26.998765982519483,0.7773675918579102,0.24330328404903412,127560.9921875,0.019374847412109375,10158.0,0.00792694091796875,4156.0,0.010622024536132812,5569.0,0.0,0,0.2626781314611435,137718.9921875,5000,1000
othim22,full,1,1,1,0.007,29.506078026881497,0.11891140788793564,62343.82421875,29.495732205952198,0.8449397087097168,0.1194419115781784,62621.9609375,0.022006988525390625,11538.0,0.008920669555664062,4677.0,0.012098312377929688,6343.0,0.0,0,0.14144890010356903,74159.9609375,5000,1000
othim23,full,1,1,1,0.007,29.332331987937994,0.1291162371635437,67694.09375,29.29609408271575,0.840660810470581,0.1294519007205963,67870.078125,0.020387649536132812,10689.0,0.008731842041015625,4578.0,0.01080322265625,5664.0,0.0,0,0.14983955025672913,78559.078125,5000,1000
othim24,full,1,1,1,0.007,27.80220674166605,0.1529805064201355,80205.84375,27.795073994491833,0.823983371257782,0.1537771224975586,80623.5,0.021610260009765625,11330.0,0.009027481079101562,4733.0,0.01171875,6144.0,0.0,0,0.17538738250732422,91953.5,5000,1000
othim25,full,1,1,1,0.007,26.93292992013286,0.2786366939544678,146085.875,26.92479394915506,0.8018125295639038,0.27893880009651184,146244.265625,0.0208892822265625,10952.0,0.009006500244140625,4722.0,0.010934829711914062,5733.0,0.0,0,0.29982808232307434,157196.265625,5000,1000
othim26,full,1,1,1,0.007,26.94043405656414,0.27975431084632874,146671.828125,26.903995194524224,0.8018198013305664,0.2804412841796875,147032.0,0.019802093505859375,10382.0,0.009002685546875,4720.0,0.009939193725585938,5211.0,0.0,0,0.3002433776855469,157414.0,5000,1000
othim27,full,1,1,1,0.007,27.369812782790802,0.22628748416900635,118639.8125,27.349827896588916,0.7849292159080505,0.2272583246231079,119148.8125,0.019624710083007812,10289.0,0.00795745849609375,4172.0,0.010814666748046875,5670.0,0.0,0,0.24688303470611572,129437.8125,5000,1000
othim28,full,1,1,1,0.007,26.993795913437367,0.17924487590789795,93975.9375,26.986718234620668,0.7921379804611206,0.17975573241710663,94243.7734375,0.019819259643554688,10391.0,0.007801055908203125,4090.0,0.011051177978515625,5794.0,0.0,0,0.19957499206066132,104634.7734375,5000,1000
othim29,full,1,1,1,0.007,27.416610080923856,0.18150776624679565,95162.34375,27.41021457037428,0.7962764501571655,0.18168610334396362,95255.84375,0.022195816040039062,11637.0,0.008993148803710938,4715.0,0.012365341186523438,6483.0,0.0,0,0.20388191938400269,106892.84375,5000,1000
othim30,full,1,1,1,0.007,27.194222593495358,0.20494283735752106,107449.0703125,27.173744138723134,0.7992202639579773,0.2052706778049469,107620.953125,0.019496917724609375,10222.0,0.009006500244140625,4722.0,0.009653091430664062,5061.0,0.0,0,0.22476759552955627,117842.953125,5000,1000
othim01,full,1,1,1,0.015,27.229960599795245,0.07473214715719223,39181.16796875,27.215810786857826,0.7473191022872925,0.0749465599656105,39293.58203125,0.020772933959960938,10891.0,0.009037017822265625,4738.0,0.01102447509765625,5780.0,0.0,0,0.09571949392557144,50184.58203125,5000,1000
othim02,full,1,1,1,0.015,27.232298846266644,0.07721121609210968,40480.9140625,27.21448585398042,0.7461843490600586,0.07857955992221832,41198.3203125,0.019723892211914062,10341.0,0.007953643798828125,4170.0,0.010915756225585938,5723.0,0.0,0,0.09830345213413239,51539.3203125,5000,1000
othim03,full,1,1,1,0.015,27.152081832759865,0.07561229169368744,39642.6171875,27.1054606578476,0.7403168082237244,0.07614918798208237,39924.10546875,0.017847061157226562,9357.0,0.007928848266601562,4157.0,0.009187698364257812,4817.0,0.0,0,0.09399624913930893,49281.10546875,5000,1000
othim04,full,1,1,1,0.015,24.158150836400768,0.15814155340194702,82911.71875,24.154423319894374,0.649421215057373,0.159554123878479,83652.3125,0.018533706665039062,9717.0,0.006809234619140625,3570.0,0.0107421875,5632.0,0.0,0,0.17808783054351807,93369.3125,5000,1000
othim05,full,1,1,1,0.015,25.16862188053098,0.12472846359014511,65393.63671875,25.138513005493238,0.6565370559692383,0.1252869963645935,65686.46875,0.01825714111328125,9572.0,0.008026123046875,4208.0,0.009485244750976562,4973.0,0.0,0,0.14354413747787476,75258.46875,5000,1000
othim06,full,1,1,1,0.015,25.238041465589074,0.12469956278800964,65378.484375,25.234268857227374,0.6722806692123413,0.12589353322982788,66004.46875,0.019914627075195312,10441.0,0.007961273193359375,4174.0,0.010961532592773438,5747.0,0.0,0,0.1458081603050232,76445.46875,5000,1000
othim07,full,1,1,1,0.015,28.693320163347497,0.0705300122499466,36978.0390625,28.600324702593525,0.8327855467796326,0.07179126143455505,37639.296875,0.01844024658203125,9668.0,0.0078067779541015625,4093.0,0.009786605834960938,5131.0,0.0,0,0.0902315080165863,47307.296875,5000,1000
othim08,full,1,1,1,0.015,28.83805252582627,0.06343948096036911,33260.55859375,28.828896290000483,0.8281588554382324,0.06371251493692398,33403.70703125,0.021091461181640625,11058.0,0.008943557739257812,4689.0,0.011157989501953125,5850.0,0.0,0,0.0848039761185646,44461.70703125,5000,1000
othim09,full,1,1,1,0.015,28.569960781932668,0.0731193944811821,38335.62109375,28.50337046704716,0.8259379863739014,0.07327641546726227,38417.9453125,0.019399642944335938,10171.0,0.008945465087890625,4690.0,0.009601593017578125,5034.0,0.0,0,0.0926760584115982,48588.9453125,5000,1000
othim10,full,1,1,1,0.015,27.490230040916945,0.05342092365026474,28007.94921875,27.46915160364315,0.709067702293396,0.054966893047094345,28818.482421875,0.019855499267578125,10410.0,0.007902145385742188,4143.0,0.01108551025390625,5812.0,0.0,0,0.07482239231467247,39228.482421875,5000,1000
othim11,full,1,1,1,0.015,26.990460701157236,0.05185040459036827,27184.544921875,26.940212148860947,0.682057797908783,0.05201507359743118,27270.87890625,0.018880844116210938,9899.0,0.008792877197265625,4610.0,0.009477615356445312,4969.0,0.0,0,0.07089591771364212,37169.87890625,5000,1000
othim12,full,1,1,1,0.015,26.74281497378888,0.06168966740369797,32343.15234375,26.733596894552804,0.681182861328125,0.06217331439256668,32596.72265625,0.020578384399414062,10789.0,0.007953643798828125,4170.0,0.011890411376953125,6234.0,0.0,0,0.08275169879198074,43385.72265625,5000,1000
othim13,full,1,1,1,0.015,28.42167463625418,0.06987684220075607,36635.58984375,28.390019110766797,0.8150511980056763,0.0702720582485199,36842.796875,0.018613815307617188,9759.0,0.007883071899414062,4133.0,0.0098724365234375,5176.0,0.0,0,0.08888587355613708,46601.796875,5000,1000
othim14,full,1,1,1,0.015,28.54796754638934,0.07103537023067474,37242.9921875,28.52016755684578,0.816513180732727,0.07195894420146942,37727.2109375,0.019405364990234375,10174.0,0.007999420166015625,4194.0,0.010683059692382812,5601.0,0.0,0,0.0913643091917038,47901.2109375,5000,1000
othim15,full,1,1,1,0.015,28.44413041301925,0.07287245988845825,38206.15625,28.398623198317477,0.8176629543304443,0.07373551279306412,38658.64453125,0.018693923950195312,9801.0,0.008075714111328125,4234.0,0.009778976440429688,5127.0,0.0,0,0.09242943674325943,48459.64453125,5000,1000
othim16,full,1,1,1,0.015,28.863164631357137,0.06265519559383392,32849.3671875,28.79991879922207,0.8342207670211792,0.06320904195308685,33139.7421875,0.018184661865234375,9534.0,0.007863998413085938,4123.0,0.009481430053710938,4971.0,0.0,0,0.08139370381832123,42673.7421875,5000,1000
othim17,full,1,1,1,0.015,29.030426683632623,0.062155939638614655,32587.61328125,28.971477242559953,0.8383502960205078,0.06294389069080353,33000.7265625,0.018350601196289062,9621.0,0.007890701293945312,4137.0,0.0096282958984375,5048.0,0.0,0,0.08129449188709259,42621.7265625,5000,1000
othim18,full,1,1,1,0.015,29.081082354752613,0.06069701910018921,31822.71875,29.03681287537364,0.8368723392486572,0.06130247190594673,32140.150390625,0.01834869384765625,9620.0,0.008047103881835938,4219.0,0.009593963623046875,5030.0,0.0,0,0.07965116575360298,41760.150390625,5000,1000
othim19,full,1,1,1,0.015,25.230929204870417,0.12522836029529572,65655.7265625,25.199119928460444,0.6894572973251343,0.1254768967628479,65786.03125,0.019628524780273438,10291.0,0.008939743041992188,4687.0,0.009721755981445312,5097.0,0.0,0,0.14510542154312134,76077.03125,5000,1000
othim20,full,1,1,1,0.015,25.135540140752877,0.12194695323705673,63935.32421875,25.115171756428726,0.6810973882675171,0.12375691533088684,64884.265625,0.017505645751953125,9178.0,0.0068721771240234375,3603.0,0.009782791137695312,5129.0,0.0,0,0.14126256108283997,74062.265625,5000,1000
othim21,full,1,1,1,0.015,25.030481108722636,0.12446273863315582,65254.3203125,25.014402582919274,0.6831362247467041,0.12534034252166748,65714.4375,0.018497467041015625,9698.0,0.008012771606445312,4201.0,0.009746551513671875,5110.0,0.0,0,0.1438378095626831,75412.4375,5000,1000
othim22,full,1,1,1,0.015,28.334026426104714,0.074938103556633,39289.1484375,28.31559080299643,0.8174761533737183,0.07581363618373871,39748.1796875,0.019542694091796875,10246.0,0.00785064697265625,4116.0,0.010852813720703125,5690.0,0.0,0,0.09535633027553558,49994.1796875,5000,1000
othim23,full,1,1,1,0.015,27.727666859645225,0.07473841309547424,39184.453125,27.711270893172653,0.7847235202789307,0.07491327822208405,39276.1328125,0.02169036865234375,11372.0,0.010133743286132812,5313.0,0.010717391967773438,5619.0,0.0,0,0.0966036468744278,50648.1328125,5000,1000
othim24,full,1,1,1,0.015,26.236605526769083,0.09018976986408234,47285.4140625,26.20363595653333,0.7566344141960144,0.09186491370201111,48163.671875,0.01834869384765625,9620.0,0.007982254028320312,4185.0,0.009531021118164062,4997.0,0.0,0,0.11021360754966736,57783.671875,5000,1000
othim25,full,1,1,1,0.015,24.75349248494591,0.14839980006217957,77804.234375,24.744931201828162,0.729730486869812,0.14926040172576904,78255.4375,0.019624710083007812,10289.0,0.0080108642578125,4200.0,0.01074981689453125,5636.0,0.0,0,0.16888511180877686,88544.4375,5000,1000
othim26,full,1,1,1,0.015,24.8093106683778,0.15226911008358002,79832.8671875,24.798345002355273,0.7318397760391235,0.15316468477249146,80302.40625,0.01959228515625,10272.0,0.007978439331054688,4183.0,0.010747909545898438,5635.0,0.0,0,0.17275696992874146,90574.40625,5000,1000
othim27,full,1,1,1,0.015,25.496274105782874,0.12630856037139893,66222.0625,25.446358939378005,0.71764075756073,0.12740224599838257,66795.46875,0.0173492431640625,9096.0,0.008008956909179688,4199.0,0.008373260498046875,4390.0,0.0,0,0.14475148916244507,75891.46875,5000,1000
othim28,full,1,1,1,0.015,25.536564417228146,0.1016765907406807,53307.81640625,25.521628871197,0.7186214327812195,0.10182907432317734,53387.76171875,0.019975662231445312,10473.0,0.009075164794921875,4758.0,0.01004791259765625,5268.0,0.0,0,0.12180473655462265,63860.76171875,5000,1000
othim29,full,1,1,1,0.015,25.715116270661515,0.09787312895059586,51313.70703125,25.68586061437725,0.722756028175354,0.09893539547920227,51870.640625,0.018556594848632812,9729.0,0.008020401000976562,4205.0,0.00968170166015625,5076.0,0.0,0,0.11749199032783508,61599.640625,5000,1000
othim30,full,1,1,1,0.015,25.37849296006202,0.10400789976119995,54530.09375,25.353082570182313,0.7207025289535522,0.10427708923816681,54671.2265625,0.019739151000976562,10349.0,0.009035110473632812,4737.0,0.009851455688476562,5165.0,0.0,0,0.12401624023914337,65020.2265625,5000,1000
othim01,erp,0,0,1,0.007,28.268348496320503,0.11945770680904388,62630.2421875,28.245087594849704,0.7890108823776245,0.12018950283527374,63013.9140625,0.01827239990234375,9580.0,0.0080108642578125,4200.0,0.009424209594726562,4941.0,0.0,0,0.1384619027376175,72593.9140625,5000,1000
othim02,erp,0,0,1,0.007,28.296758119499327,0.12200339138507843,63964.9140625,28.267354374440956,0.7883095145225525,0.12251483649015427,64233.05859375,0.018064498901367188,9471.0,0.007892608642578125,4138.0,0.009456634521484375,4958.0,0.0,0,0.14057933539152145,73704.05859375,5000,1000
othim03,erp,0,0,1,0.007,28.105448058224084,0.1267375349998474,66446.96875,28.096140244274192,0.7833680510520935,0.12723979353904724,66710.296875,0.019756317138671875,10358.0,0.008993148803710938,4715.0,0.009784698486328125,5130.0,0.0,0,0.14699611067771912,77068.296875,5000,1000
othim04,erp,0,0,1,0.007,25.400766969941454,0.2613013982772827,136997.1875,25.396188244953013,0.7326549291610718,0.26179516315460205,137256.0625,0.019563674926757812,10257.0,0.008905410766601562,4669.0,0.009668350219726562,5069.0,0.0,0,0.28135883808135986,147513.0625,5000,1000
othim05,erp,0,0,1,0.007,26.247998679270424,0.201097771525383,105433.1484375,26.24518278381753,0.7251378297805786,0.20242735743522644,106130.234375,0.019321441650390625,10130.0,0.007871627807617188,4127.0,0.010469436645507812,5489.0,0.0,0,0.22174879908561707,116260.234375,5000,1000
othim06,erp,0,0,1,0.007,26.393047547109557,0.20546208322048187,107721.3046875,26.38196378138024,0.7359415292739868,0.20587772130966187,107939.21875,0.019659042358398438,10307.0,0.008916854858398438,4675.0,0.009756088256835938,5115.0,0.0,0,0.2255367636680603,118246.21875,5000,1000
othim07,erp,0,0,1,0.007,29.496214063227836,0.09759339690208435,51167.046875,29.475475430807297,0.8527118563652039,0.09812058508396149,51443.4453125,0.0196533203125,10304.0,0.008825302124023438,4627.0,0.009866714477539062,5173.0,0.0,0,0.11777390539646149,61747.4453125,5000,1000
othim08,erp,0,0,1,0.007,29.82677097274185,0.08942630887031555,46885.140625,29.802883954517554,0.8523725271224976,0.08962276577949524,46988.140625,0.01959228515625,10272.0,0.009042739868164062,4741.0,0.009578704833984375,5022.0,0.0,0,0.10921505093574524,57260.140625,5000,1000
othim09,erp,0,0,1,0.007,29.43635253190527,0.0956384614109993,50142.09765625,29.394935747055204,0.8480533957481384,0.09660305082798004,50647.8203125,0.01741790771484375,9132.0,0.007890701293945312,4137.0,0.00868988037109375,4556.0,0.0,0,0.11402095854282379,59779.8203125,5000,1000
othim10,erp,0,0,1,0.007,28.705266755266972,0.0903334766626358,47360.7578125,28.662553261419436,0.7495937347412109,0.09046749770641327,47431.0234375,0.018476486206054688,9687.0,0.008916854858398438,4675.0,0.008708953857421875,4566.0,0.0,0,0.10894398391246796,57118.0234375,5000,1000
othim11,erp,0,0,1,0.007,28.17371490377717,0.09967614710330963,52259.0078125,28.162031816382918,0.7358404397964478,0.10008349269628525,52472.57421875,0.019557952880859375,10254.0,0.008983612060546875,4710.0,0.00962066650390625,5044.0,0.0,0,0.11964144557714462,62726.57421875,5000,1000
othim12,erp,0,0,1,0.007,27.887451780426463,0.11663616448640823,61150.94140625,27.869549584410567,0.7380654811859131,0.11798492819070816,61858.08203125,0.018398284912109375,9646.0,0.007984161376953125,4186.0,0.00954437255859375,5004.0,0.0,0,0.13638321310281754,71504.08203125,5000,1000
othim13,erp,0,0,1,0.007,29.454991169056175,0.09702005237340927,50866.44921875,29.43733989308031,0.8415212035179138,0.09796123206615448,51359.8984375,0.01844024658203125,9668.0,0.007904052734375,4144.0,0.009555816650390625,5010.0,0.0,0,0.11640147864818573,61027.8984375,5000,1000
othim14,erp,0,0,1,0.007,29.301337611410762,0.09660020470619202,50646.328125,29.28530235490098,0.8384005427360535,0.0984683409333229,51625.76953125,0.0177001953125,9280.0,0.0068225860595703125,3577.0,0.010053634643554688,5271.0,0.0,0,0.1161685362458229,60905.76953125,5000,1000
othim15,erp,0,0,1,0.007,29.2609552388966,0.0975441262125969,51141.21484375,29.246178305382575,0.8392807841300964,0.09773766249418259,51242.68359375,0.01961517333984375,10284.0,0.009130477905273438,4787.0,0.009660720825195312,5065.0,0.0,0,0.11735283583402634,61526.68359375,5000,1000
othim16,erp,0,0,1,0.007,29.959964116683597,0.08813217282295227,46206.640625,29.941305478230664,0.8558411598205566,0.08867692947387695,46492.25,0.019197463989257812,10065.0,0.00882720947265625,4628.0,0.00951385498046875,4988.0,0.0,0,0.10787439346313477,56557.25,5000,1000
othim17,erp,0,0,1,0.007,29.88691975480408,0.09024722874164581,47315.5390625,29.852929391782123,0.8540684580802917,0.09095346182584763,47685.80859375,0.0186614990234375,9784.0,0.007955551147460938,4171.0,0.00974273681640625,5108.0,0.0,0,0.10961496084928513,57469.80859375,5000,1000
othim18,erp,0,0,1,0.007,30.01223564149255,0.08649379014968872,45347.65625,29.99300284780466,0.8572055697441101,0.08701211959123611,45619.41015625,0.018259048461914062,9573.0,0.0078125,4096.0,0.009489059448242188,4975.0,0.0,0,0.10527116805315018,55192.41015625,5000,1000
othim19,erp,0,0,1,0.007,26.424997062061,0.2055870145559311,107786.8046875,26.416833641815767,0.7561697363853455,0.20594914257526398,107976.6640625,0.019880294799804688,10423.0,0.009019851684570312,4729.0,0.009912490844726562,5197.0,0.0,0,0.22582943737506866,118399.6640625,5000,1000
othim20,erp,0,0,1,0.007,26.449112101297867,0.20261912047863007,106230.7734375,26.442989970455702,0.7562116980552673,0.2028200924396515,106336.140625,0.0196380615234375,10296.0,0.008996963500976562,4717.0,0.009809494018554688,5143.0,0.0,0,0.222458153963089,116632.140625,5000,1000
othim21,erp,0,0,1,0.007,26.25068467053211,0.20919881761074066,109680.4296875,26.243245453048107,0.7510428428649902,0.2097318023443222,109959.8671875,0.020030975341796875,10502.0,0.009130477905273438,4787.0,0.009929656982421875,5206.0,0.0,0,0.22976277768611908,120461.8671875,5000,1000
othim22,erp,0,0,1,0.007,29.231924500439167,0.11326605081558228,59384.03125,29.193424060974625,0.8404642939567566,0.11425301432609558,59901.484375,0.01824951171875,9568.0,0.0078105926513671875,4095.0,0.009473800659179688,4967.0,0.0,0,0.13250252604484558,69469.484375,5000,1000
othim23,erp,0,0,1,0.007,28.67790878147997,0.11753988265991211,61624.75,28.658434978849346,0.8190678358078003,0.11798904091119766,61860.23828125,0.018436431884765625,9666.0,0.00791168212890625,4148.0,0.009679794311523438,5075.0,0.0,0,0.1364254727959633,71526.23828125,5000,1000
othim24,erp,0,0,1,0.007,27.46400763552823,0.14676392078399658,76946.5625,27.44799962322598,0.8110775351524353,0.14765848219394684,77415.5703125,0.018398284912109375,9646.0,0.007890701293945312,4137.0,0.009534835815429688,4999.0,0.0,0,0.1660567671060562,87061.5703125,5000,1000
othim25,erp,0,0,1,0.007,26.029367283972253,0.23590335249900818,123681.296875,26.01489544981898,0.7824108004570007,0.2360919564962387,123780.1796875,0.019718170166015625,10338.0,0.00901031494140625,4724.0,0.009733200073242188,5103.0,0.0,0,0.25581012666225433,134118.1796875,5000,1000
othim26,erp,0,0,1,0.007,26.028097427211065,0.23464804887771606,123023.15625,26.01692933130178,0.7853406667709351,0.23618826270103455,123830.671875,0.018526077270507812,9713.0,0.007808685302734375,4094.0,0.009748458862304688,5111.0,0.0,0,0.25471433997154236,133543.671875,5000,1000
othim27,erp,0,0,1,0.007,26.309346163554522,0.18688496947288513,97981.546875,26.296509728985058,0.7611836791038513,0.18737506866455078,98238.5,0.019481658935546875,10214.0,0.008935928344726562,4685.0,0.00957489013671875,5020.0,0.0,0,0.20685672760009766,108452.5,5000,1000
othim28,erp,0,0,1,0.007,26.537313114254413,0.1645527333021164,86273.0234375,26.522474351083464,0.7681665420532227,0.16468262672424316,86341.125,0.019758224487304688,10359.0,0.009063720703125,4752.0,0.00984954833984375,5164.0,0.0,0,0.18444085121154785,96700.125,5000,1000
othim29,erp,0,0,1,0.007,26.949676740845934,0.16718071699142456,87650.84375,26.940318557449547,0.7767066955566406,0.16939175128936768,88810.0625,0.017612457275390625,9234.0,0.0069522857666015625,3645.0,0.00969696044921875,5084.0,0.0,0,0.1870042085647583,98044.0625,5000,1000
othim30,erp,0,0,1,0.007,26.58640766731376,0.17453469336032867,91506.4453125,26.565025103262812,0.7771288156509399,0.17484989762306213,91671.703125,0.018474578857421875,9686.0,0.0088348388671875,4632.0,0.00865936279296875,4540.0,0.0,0,0.193324476480484,101357.703125,5000,1000
othim01,erp,0,0,1,0.015,26.731733818058512,0.06516790390014648,34166.75,26.709044401354692,0.727294921875,0.0663023367524147,34761.51953125,0.01836395263671875,9628.0,0.007953643798828125,4170.0,0.0095672607421875,5016.0,0.0,0,0.08466628938913345,44389.51953125,5000,1000
othim02,erp,0,0,1,0.015,26.689171025215856,0.0641009658575058,33607.3671875,26.669950431327482,0.7242062091827393,0.06465809047222137,33899.4609375,0.018564224243164062,9733.0,0.007989883422851562,4189.0,0.009735107421875,5104.0,0.0,0,0.08322231471538544,43632.4609375,5000,1000
othim03,erp,0,0,1,0.015,26.556312951847442,0.06323593854904175,33153.84375,26.51856862787623,0.7166926264762878,0.0637289360165596,33412.31640625,0.017780303955078125,9322.0,0.00806427001953125,4228.0,0.00873565673828125,4580.0,0.0,0,0.08150923997163773,42734.31640625,5000,1000
othim04,erp,0,0,1,0.015,23.856015727705508,0.1465323269367218,76825.140625,23.846616968636123,0.6255443096160889,0.14743416011333466,77297.9609375,0.018606185913085938,9755.0,0.007976531982421875,4182.0,0.009771347045898438,5123.0,0.0,0,0.1660403460264206,87052.9609375,5000,1000
othim05,erp,0,0,1,0.015,24.848603544122383,0.1142314225435257,59890.1640625,24.838542900413888,0.6385669112205505,0.11543035507202148,60518.75,0.018548965454101562,9725.0,0.007963180541992188,4175.0,0.009624481201171875,5046.0,0.0,0,0.13397932052612305,70243.75,5000,1000
othim06,erp,0,0,1,0.015,24.8977051425633,0.12152248620986938,63712.78125,24.885367986236606,0.6537163853645325,0.12280912697315216,64387.3515625,0.018575668334960938,9739.0,0.00801849365234375,4204.0,0.009706497192382812,5089.0,0.0,0,0.1413847953081131,74126.3515625,5000,1000
othim07,erp,0,0,1,0.015,27.892639517461777,0.058524131774902344,30683.5,27.849108440600144,0.8113419413566589,0.05891870707273483,30890.37109375,0.017385482788085938,9115.0,0.0077495574951171875,4063.0,0.008892059326171875,4662.0,0.0,0,0.07630418986082077,40005.37109375,5000,1000
othim08,erp,0,0,1,0.015,28.10437672116997,0.04975086450576782,26083.78125,28.057635177731125,0.8098471164703369,0.05003973841667175,26235.234375,0.017332077026367188,9087.0,0.007884979248046875,4134.0,0.008579254150390625,4498.0,0.0,0,0.06737181544303894,35322.234375,5000,1000
othim09,erp,0,0,1,0.015,27.827135929997365,0.057080335915088654,29926.53515625,27.793949844281418,0.804470419883728,0.05731640011072159,30050.30078125,0.019250869750976562,10093.0,0.008897781372070312,4665.0,0.009616851806640625,5042.0,0.0,0,0.07656726986169815,40143.30078125,5000,1000
othim10,erp,0,0,1,0.015,27.347102260869207,0.04782872647047043,25076.02734375,27.33078874736994,0.6973773241043091,0.04917515814304352,25781.9453125,0.017305374145507812,9073.0,0.0068645477294921875,3599.0,0.00955963134765625,5012.0,0.0,0,0.06648053228855133,34854.9453125,5000,1000
othim11,erp,0,0,1,0.015,26.794526703035363,0.047159500420093536,24725.16015625,26.75007162697106,0.672630786895752,0.047673873603343964,24994.83984375,0.018663406372070312,9785.0,0.009067535400390625,4754.0,0.008722305297851562,4573.0,0.0,0,0.06633727997541428,34779.83984375,5000,1000
othim12,erp,0,0,1,0.015,26.455851211263774,0.05479662865400314,28729.21484375,26.424748126046335,0.6677999496459961,0.05563324689865112,29167.84375,0.017194747924804688,9015.0,0.0077724456787109375,4075.0,0.008428573608398438,4419.0,0.0,0,0.07282799482345581,38182.84375,5000,1000
othim13,erp,0,0,1,0.015,27.62428329877999,0.05882009118795395,30838.66796875,27.580067409099495,0.7929843664169312,0.05925741046667099,31067.94921875,0.017641067504882812,9249.0,0.007921218872070312,4153.0,0.008747100830078125,4586.0,0.0,0,0.0768984779715538,40316.94921875,5000,1000
othim14,erp,0,0,1,0.015,27.715722606136755,0.05662316828966141,29686.84765625,27.68587290098735,0.7964927554130554,0.057081110775470734,29926.94140625,0.017368316650390625,9106.0,0.007930755615234375,4158.0,0.008716583251953125,4570.0,0.0,0,0.07444942742586136,39032.94140625,5000,1000
othim15,erp,0,0,1,0.015,27.559133774560447,0.05840744078159332,30622.3203125,27.519696932691406,0.7937310934066772,0.05900892987847328,30937.673828125,0.017427444458007812,9137.0,0.007822036743164062,4101.0,0.008640289306640625,4530.0,0.0,0,0.0764363743364811,40074.673828125,5000,1000
othim16,erp,0,0,1,0.015,28.38663774182358,0.05212714523077011,27329.63671875,28.33284895380591,0.8227468729019165,0.054155319929122925,28392.984375,0.016401290893554688,8599.0,0.0067615509033203125,3545.0,0.008783340454101562,4605.0,0.0,0,0.07055661082267761,36991.984375,5000,1000
othim17,erp,0,0,1,0.015,28.32520302737134,0.05505285784602165,28863.552734375,28.267065244427958,0.8214448690414429,0.057292237877845764,30037.6328125,0.016565322875976562,8685.0,0.0069561004638671875,3647.0,0.008634567260742188,4527.0,0.0,0,0.07385756075382233,38722.6328125,5000,1000
othim18,erp,0,0,1,0.015,28.311564764956064,0.054546210914850235,28597.923828125,28.275680374030745,0.8210078477859497,0.055053047835826874,28863.65234375,0.017398834228515625,9122.0,0.007755279541015625,4066.0,0.008798599243164062,4613.0,0.0,0,0.0724518820643425,37985.65234375,5000,1000
othim19,erp,0,0,1,0.015,24.772565957299562,0.11760033667087555,61656.4453125,24.760749687311186,0.6678664088249207,0.11827515065670013,62010.2421875,0.018341064453125,9616.0,0.007940292358398438,4163.0,0.009552001953125,5008.0,0.0,0,0.13661621510982513,71626.2421875,5000,1000
othim20,erp,0,0,1,0.015,24.73268363982001,0.11462309956550598,60095.515625,24.715078332622454,0.6642906665802002,0.11473797261714935,60155.7421875,0.01895904541015625,9940.0,0.0091094970703125,4776.0,0.008993148803710938,4715.0,0.0,0,0.1336970180273056,70095.7421875,5000,1000
othim21,erp,0,0,1,0.015,24.64991018936,0.12065447121858597,63257.69140625,24.633771923113333,0.6651567816734314,0.12085063010454178,63360.53515625,0.01824951171875,9568.0,0.008890151977539062,4661.0,0.00859832763671875,4508.0,0.0,0,0.13910014182329178,72928.53515625,5000,1000
othim22,erp,0,0,1,0.015,27.660949434681203,0.0705127865076065,36969.0078125,27.648702131951353,0.8027116656303406,0.07121959328651428,37339.578125,0.019275665283203125,10106.0,0.00786590576171875,4124.0,0.010549545288085938,5531.0,0.0,0,0.09049525856971741,47445.578125,5000,1000
othim23,erp,0,0,1,0.015,26.922715165872294,0.0627066045999527,32876.3203125,26.887467690725575,0.7594951391220093,0.0628361776471138,32944.25390625,0.018625259399414062,9765.0,0.00897979736328125,4708.0,0.008777618408203125,4602.0,0.0,0,0.08146143704652786,42709.25390625,5000,1000
othim24,erp,0,0,1,0.015,25.759881531511855,0.07619966566562653,39950.5703125,25.734986500005117,0.7321672439575195,0.07710792124271393,40426.7578125,0.018444061279296875,9670.0,0.007982254028320312,4185.0,0.009731292724609375,5102.0,0.0,0,0.0955519825220108,50096.7578125,5000,1000
othim25,erp,0,0,1,0.015,24.281452438504363,0.13543900847434998,71009.046875,24.25257376400485,0.7110248804092407,0.1356753706932068,71132.96875,0.018754959106445312,9833.0,0.00897216796875,4704.0,0.008945465087890625,4690.0,0.0,0,0.1544303297996521,80965.96875,5000,1000
othim26,erp,0,0,1,0.015,24.305741633428756,0.13758260011672974,72132.90625,24.295204308697937,0.7146903276443481,0.138420969247818,72572.453125,0.018808364868164062,9861.0,0.00792694091796875,4156.0,0.010145187377929688,5319.0,0.0,0,0.15722933411598206,82433.453125,5000,1000
othim27,erp,0,0,1,0.015,24.86037005439876,0.10774146020412445,56487.5546875,24.84679201735193,0.6937161684036255,0.10947201400995255,57394.86328125,0.018777847290039062,9845.0,0.0080108642578125,4200.0,0.009920120239257812,5201.0,0.0,0,0.1282498612999916,67239.86328125,5000,1000
othim28,erp,0,0,1,0.015,25.202332780615507,0.09481353312730789,49709.59765625,25.182571066569704,0.7040435075759888,0.09601236134767532,50338.12890625,0.016305923461914062,8549.0,0.00698089599609375,3660.0,0.008470535278320312,4441.0,0.0,0,0.11231828480958939,58887.12890625,5000,1000
othim29,erp,0,0,1,0.015,25.499990499964127,0.09331581741571426,48924.36328125,25.471254943877227,0.7068991661071777,0.09469792246818542,49648.984375,0.0162506103515625,8520.0,0.0071048736572265625,3725.0,0.008543014526367188,4479.0,0.0,0,0.11094853281974792,58168.984375,5000,1000
othim30,erp,0,0,1,0.015,25.12779540928066,0.0979958176612854,51378.03125,25.094875597133612,0.7053591012954712,0.0984887033700943,51636.4453125,0.016908645629882812,8865.0,0.007852554321289062,4117.0,0.008327484130859375,4366.0,0.0,0,0.11539734899997711,60501.4453125,5000,1000
othim01,erp,0,1,1,0.007,28.066969182212762,0.11826404929161072,62004.421875,28.04866124458069,0.7837204337120056,0.11906268447637558,62423.13671875,0.020143508911132812,10561.0,0.008007049560546875,4198.0,0.011173248291015625,5858.0,0.0,0,0.1392061933875084,72984.13671875,5000,1000
othim02,erp,0,1,1,0.007,28.238378978609408,0.11907707154750824,62430.6796875,28.227881421204994,0.7869081497192383,0.11939775943756104,62598.8125,0.021390914916992188,11215.0,0.0090484619140625,4744.0,0.011377334594726562,5965.0,0.0,0,0.14078867435455322,73813.8125,5000,1000
othim03,erp,0,1,1,0.007,28.06335314339172,0.12159135937690735,63748.890625,28.023240323196962,0.7806627154350281,0.1221432238817215,64038.2265625,0.018756866455078125,9834.0,0.007886886596679688,4135.0,0.009912490844726562,5197.0,0.0,0,0.14090009033679962,73872.2265625,5000,1000
othim04,erp,0,1,1,0.007,25.357236015556538,0.2568312883377075,134653.5625,25.34849898436181,0.7268309593200684,0.2581760883331299,135358.625,0.0201416015625,10560.0,0.0078582763671875,4120.0,0.01142120361328125,5988.0,0.0,0,0.2783176898956299,145918.625,5000,1000
othim05,erp,0,1,1,0.007,26.218844555604367,0.20274251699447632,106295.46875,26.210512499903555,0.7236387133598328,0.20369666814804077,106795.71875,0.020071029663085938,10523.0,0.007966995239257812,4177.0,0.011127471923828125,5834.0,0.0,0,0.2237676978111267,117318.71875,5000,1000
othim06,erp,0,1,1,0.007,26.526350710648575,0.21498289704322815,112712.953125,26.500685218022102,0.7367455959320068,0.21605750918388367,113276.359375,0.019207000732421875,10070.0,0.007944107055664062,4165.0,0.01029205322265625,5396.0,0.0,0,0.23526450991630554,123346.359375,5000,1000
othim07,erp,0,1,1,0.007,29.589633534867044,0.09979800879955292,52322.8984375,29.535443878090273,0.8555901050567627,0.10065685212612152,52773.1796875,0.018718719482421875,9814.0,0.007944107055664062,4165.0,0.009960174560546875,5222.0,0.0,0,0.1193755716085434,62587.1796875,5000,1000
othim08,erp,0,1,1,0.007,29.734581271247464,0.09078264236450195,47596.25,29.70501738045672,0.8519787788391113,0.09152773022651672,47986.890625,0.0202484130859375,10616.0,0.007991790771484375,4190.0,0.011396408081054688,5975.0,0.0,0,0.11177614331245422,58602.890625,5000,1000
othim09,erp,0,1,1,0.007,29.47918584905941,0.09810353815555573,51434.5078125,29.43579723246029,0.8486660718917847,0.10050705075263977,52694.640625,0.017965316772460938,9419.0,0.0070476531982421875,3695.0,0.009950637817382812,5217.0,0.0,0,0.11847236752510071,62113.640625,5000,1000
othim10,erp,0,1,1,0.007,28.647430155052774,0.09048394113779068,47439.64453125,28.625253597509033,0.7473872900009155,0.09080762416124344,47609.34765625,0.021022796630859375,11022.0,0.008749008178710938,4587.0,0.011411666870117188,5983.0,0.0,0,0.11183042079210281,58631.34765625,5000,1000
othim11,erp,0,1,1,0.007,28.1920627544476,0.09646090865135193,50573.296875,28.168546570092,0.7335890531539917,0.09701704978942871,50864.875,0.019804000854492188,10383.0,0.007909774780273438,4147.0,0.010915756225585938,5723.0,0.0,0,0.1168210506439209,61247.875,5000,1000
othim12,erp,0,1,1,0.007,27.870519422409554,0.11045168340206146,57908.4921875,27.85448772057727,0.7347230911254883,0.11271153390407562,59093.3046875,0.018283843994140625,9586.0,0.006702423095703125,3514.0,0.010845184326171875,5686.0,0.0,0,0.13099537789821625,68679.3046875,5000,1000
othim13,erp,0,1,1,0.007,29.363184112273654,0.10003890842199326,52449.19921875,29.326392185954166,0.8397030830383301,0.10152674466371536,53229.25390625,0.018907546997070312,9913.0,0.00791168212890625,4148.0,0.010282516479492188,5391.0,0.0,0,0.12043429166078568,63142.25390625,5000,1000
othim14,erp,0,1,1,0.007,29.319715571712475,0.09829407930374146,51534.40625,29.296557019050955,0.836761474609375,0.09856817126274109,51678.109375,0.020000457763671875,10486.0,0.009012222290039062,4725.0,0.010150909423828125,5322.0,0.0,0,0.11856862902641296,62164.109375,5000,1000
othim15,erp,0,1,1,0.007,29.32874100203502,0.10023845732212067,52553.8203125,29.313145505367203,0.8403878211975098,0.10091066360473633,52906.25,0.020532608032226562,10765.0,0.00801849365234375,4204.0,0.0116729736328125,6120.0,0.0,0,0.12144327163696289,63671.25,5000,1000
othim16,erp,0,1,1,0.007,29.78139918509521,0.08739329874515533,45819.2578125,29.73426806459317,0.8534693121910095,0.08787505328655243,46071.8359375,0.018629074096679688,9767.0,0.008052825927734375,4222.0,0.009862899780273438,5171.0,0.0,0,0.10650412738323212,55838.8359375,5000,1000
othim17,erp,0,1,1,0.007,29.735971518594457,0.0885288268327713,46414.6015625,29.700395187140035,0.8523561954498291,0.08953960239887238,46944.5390625,0.01959228515625,10272.0,0.0077915191650390625,4085.0,0.0109710693359375,5752.0,0.0,0,0.10913188755512238,57216.5390625,5000,1000
othim18,erp,0,1,1,0.007,29.91469537367737,0.09131843596696854,47877.16015625,29.86807866258445,0.8561083078384399,0.09158243983983994,48015.57421875,0.020051956176757812,10513.0,0.00888824462890625,4660.0,0.01043701171875,5472.0,0.0,0,0.11163439601659775,58528.57421875,5000,1000
othim19,erp,0,1,1,0.007,26.409096415605955,0.20672929286956787,108385.6875,26.400254376471736,0.75759357213974,0.2070731520652771,108565.96875,0.021150588989257812,11089.0,0.008939743041992188,4687.0,0.011365890502929688,5959.0,0.0,0,0.2282237410545349,119654.96875,5000,1000
othim20,erp,0,1,1,0.007,26.305923305194497,0.20480379462242126,107376.171875,26.29458964706372,0.7516201734542847,0.20553281903266907,107758.390625,0.020021438598632812,10497.0,0.00792694091796875,4156.0,0.011236190795898438,5891.0,0.0,0,0.22555425763130188,118255.390625,5000,1000
othim21,erp,0,1,1,0.007,26.16707011085907,0.20798815786838531,109045.6953125,26.15872737539728,0.7509343028068542,0.20922671258449554,109695.0546875,0.020017623901367188,10495.0,0.007871627807617188,4127.0,0.011297225952148438,5923.0,0.0,0,0.22924433648586273,120190.0546875,5000,1000
othim22,erp,0,1,1,0.007,29.284432673705528,0.10849924385547638,56884.8515625,29.266794900625356,0.8405940532684326,0.10962921380996704,57477.28125,0.019720077514648438,10339.0,0.007883071899414062,4133.0,0.0110015869140625,5768.0,0.0,0,0.12934929132461548,67816.28125,5000,1000
othim23,erp,0,1,1,0.007,28.716624356407166,0.11435182392597198,59953.2890625,28.699068564353222,0.8175132274627686,0.11490599066019058,60243.83203125,0.021488189697265625,11266.0,0.009115219116210938,4779.0,0.011388778686523438,5971.0,0.0,0,0.1363941803574562,71509.83203125,5000,1000
othim24,erp,0,1,1,0.007,27.419643228461112,0.14324411749839783,75101.171875,27.40325860533402,0.806486964225769,0.14392025768756866,75455.6640625,0.020956039428710938,10987.0,0.008832931518554688,4631.0,0.011278152465820312,5913.0,0.0,0,0.1648762971162796,86442.6640625,5000,1000
othim25,erp,0,1,1,0.007,25.709845546619466,0.22190968692302704,116344.5859375,25.696211142815724,0.7786762118339539,0.22261464595794678,116714.1875,0.020193099975585938,10587.0,0.0076904296875,4032.0,0.011640548706054688,6103.0,0.0,0,0.24280774593353271,127301.1875,5000,1000
othim26,erp,0,1,1,0.007,25.721799243219365,0.2224336862564087,116619.3125,25.713897984899614,0.7801753878593445,0.22266168892383575,116738.8515625,0.021154403686523438,11091.0,0.009067535400390625,4754.0,0.011087417602539062,5813.0,0.0,0,0.2438160926103592,127829.8515625,5000,1000
othim27,erp,0,1,1,0.007,26.36077878351777,0.18591788411140442,97474.515625,26.348985889549652,0.7622255682945251,0.18679648637771606,97935.15625,0.020223617553710938,10603.0,0.007976531982421875,4182.0,0.011295318603515625,5922.0,0.0,0,0.207020103931427,108538.15625,5000,1000
othim28,erp,0,1,1,0.007,26.59974389634795,0.17154629528522491,89939.6640625,26.58826816279105,0.7738355994224548,0.17168456315994263,90012.15625,0.021501541137695312,11273.0,0.009136199951171875,4790.0,0.011386871337890625,5970.0,0.0,0,0.19318610429763794,101285.15625,5000,1000
othim29,erp,0,1,1,0.007,27.071222234434696,0.17073670029640198,89515.203125,27.061169025171754,0.7791902422904968,0.1713736355304718,89849.140625,0.0203094482421875,10648.0,0.008039474487304688,4215.0,0.011425018310546875,5990.0,0.0,0,0.1916830837726593,100497.140625,5000,1000
othim30,erp,0,1,1,0.007,26.47279332075314,0.17030301690101624,89287.828125,26.450685061193166,0.7736884951591492,0.1712549328804016,89786.90625,0.019029617309570312,9977.0,0.007825851440429688,4103.0,0.0104827880859375,5496.0,0.0,0,0.19028455018997192,99763.90625,5000,1000
othim01,erp,0,1,1,0.015,26.59257394074685,0.06564757227897644,34418.234375,26.561088969071943,0.7218867540359497,0.06693872809410095,35095.171875,0.017774581909179688,9319.0,0.0068416595458984375,3587.0,0.010089874267578125,5290.0,0.0,0,0.08471331000328064,44414.171875,5000,1000
othim02,erp,0,1,1,0.015,26.63456889462285,0.06657262146472931,34903.2265625,26.5962904960742,0.7222112417221069,0.06667555868625641,34957.1953125,0.020296096801757812,10641.0,0.00897979736328125,4708.0,0.010448455810546875,5478.0,0.0,0,0.08697165548801422,45598.1953125,5000,1000
othim03,erp,0,1,1,0.015,26.444763368376414,0.06438151746988297,33754.45703125,26.43518798321199,0.7119272947311401,0.06463460624217987,33887.1484375,0.020160675048828125,10570.0,0.0079345703125,4160.0,0.01125335693359375,5900.0,0.0,0,0.084795281291008,44457.1484375,5000,1000
othim04,erp,0,1,1,0.015,23.860246016097946,0.14762496948242188,77398.0,23.84569907839527,0.6249979734420776,0.14815428853034973,77675.515625,0.01995086669921875,10460.0,0.008907318115234375,4670.0,0.010061264038085938,5275.0,0.0,0,0.16810515522956848,88135.515625,5000,1000
othim05,erp,0,1,1,0.015,24.725246641593113,0.11341236531734467,59460.7421875,24.71552015415861,0.6315880417823792,0.11365827918052673,59589.671875,0.021055221557617188,11039.0,0.009063720703125,4752.0,0.011274337768554688,5911.0,0.0,0,0.13471350073814392,70628.671875,5000,1000
othim06,erp,0,1,1,0.015,24.918626704041184,0.11855856329202652,62158.83203125,24.8849286884187,0.6532203555107117,0.11874136328697205,62254.671875,0.0198974609375,10432.0,0.008941650390625,4688.0,0.0102081298828125,5352.0,0.0,0,0.13863882422447205,72686.671875,5000,1000
othim07,erp,0,1,1,0.015,27.88544629034111,0.05952172353863716,31206.525390625,27.82530972727319,0.8130868673324585,0.06099586933851242,31979.40234375,0.017717361450195312,9289.0,0.006946563720703125,3642.0,0.010026931762695312,5257.0,0.0,0,0.07871323078870773,41268.40234375,5000,1000
othim08,erp,0,1,1,0.015,28.116443085387715,0.05213762819766998,27335.1328125,28.07928312946562,0.8108789324760437,0.0534043163061142,27999.2421875,0.017938613891601562,9405.0,0.0069293975830078125,3633.0,0.010143280029296875,5318.0,0.0,0,0.07134293019771576,37404.2421875,5000,1000
othim09,erp,0,1,1,0.015,27.859770052249218,0.057427167892456055,30108.375,27.81983634125528,0.8062871694564819,0.05789020285010338,30351.138671875,0.018747329711914062,9829.0,0.007900238037109375,4142.0,0.009979248046875,5232.0,0.0,0,0.07663753256201744,40180.138671875,5000,1000
othim10,erp,0,1,1,0.015,27.251720770894703,0.04633663594722748,24293.7421875,27.21460363447869,0.6959844827651978,0.046988360583782196,24635.43359375,0.019809722900390625,10386.0,0.00775909423828125,4068.0,0.011159896850585938,5851.0,0.0,0,0.06679808348417282,35021.43359375,5000,1000
othim11,erp,0,1,1,0.015,26.8187364083765,0.04510173574090004,23646.298828125,26.794777121502893,0.6747300624847412,0.04528551548719406,23742.65234375,0.021091461181640625,11058.0,0.008785247802734375,4606.0,0.011447906494140625,6002.0,0.0,0,0.06637697666883469,34800.65234375,5000,1000
othim12,erp,0,1,1,0.015,26.298246004659223,0.05246008187532425,27504.19140625,26.28595199705856,0.6635812520980835,0.053871165961027145,28244.005859375,0.019550323486328125,10250.0,0.007961273193359375,4174.0,0.010583877563476562,5549.0,0.0,0,0.07342148944735527,38494.005859375,5000,1000
othim13,erp,0,1,1,0.015,27.686326819731704,0.05816611647605896,30495.796875,27.648417491189818,0.7939492464065552,0.05861750245094299,30732.453125,0.018756866455078125,9834.0,0.007930755615234375,4158.0,0.01009368896484375,5292.0,0.0,0,0.07737436890602112,40566.453125,5000,1000
othim14,erp,0,1,1,0.015,27.650440612476924,0.05697771906852722,29872.734375,27.63944199095197,0.7941190600395203,0.05742089822888374,30105.087890625,0.020214080810546875,10598.0,0.007904052734375,4144.0,0.011463165283203125,6010.0,0.0,0,0.07763497903943062,40703.087890625,5000,1000
othim15,erp,0,1,1,0.015,27.622659932859587,0.059448570013046265,31168.171875,27.585011776806766,0.7953721880912781,0.06063132733106613,31788.27734375,0.018716812133789062,9813.0,0.007671356201171875,4022.0,0.010301589965820312,5401.0,0.0,0,0.0793481394648552,41601.27734375,5000,1000
othim16,erp,0,1,1,0.015,28.31829194471535,0.05307486653327942,27826.515625,28.218180740016,0.8226126432418823,0.0533340685069561,27962.412109375,0.018314361572265625,9602.0,0.0079193115234375,4152.0,0.009693145751953125,5082.0,0.0,0,0.07164843007922173,37564.412109375,5000,1000
othim17,erp,0,1,1,0.015,28.28994492046162,0.051541510969400406,27022.595703125,28.221524346979617,0.8212630748748779,0.051897309720516205,27209.13671875,0.018543243408203125,9722.0,0.007959365844726562,4173.0,0.009748458862304688,5111.0,0.0,0,0.07044055312871933,36931.13671875,5000,1000
othim18,erp,0,1,1,0.015,28.17097190563689,0.05260556936264038,27580.46875,28.108364435528028,0.8176938891410828,0.0532291978597641,27907.4296875,0.018396377563476562,9645.0,0.007884979248046875,4134.0,0.00965118408203125,5060.0,0.0,0,0.07162557542324066,37552.4296875,5000,1000
othim19,erp,0,1,1,0.015,24.850973822408292,0.11876797676086426,62268.625,24.797484733923028,0.6700660586357117,0.11970806866884232,62761.50390625,0.017477035522460938,9163.0,0.007923126220703125,4154.0,0.008817672729492188,4623.0,0.0,0,0.13718510419130325,71924.50390625,5000,1000
othim20,erp,0,1,1,0.015,24.75462439301488,0.11710858345031738,61398.625,24.71666428460186,0.6643539667129517,0.11766275763511658,61689.171875,0.017730712890625,9296.0,0.00820159912109375,4300.0,0.008779525756835938,4603.0,0.0,0,0.13539347052574158,70985.171875,5000,1000
othim21,erp,0,1,1,0.015,24.781173233286268,0.12184400856494904,63881.3515625,24.75567277820134,0.6675300598144531,0.12220625579357147,64071.2734375,0.01964569091796875,10300.0,0.0090484619140625,4744.0,0.00972747802734375,5100.0,0.0,0,0.14185194671154022,74371.2734375,5000,1000
othim22,erp,0,1,1,0.015,27.723066354338062,0.06682537496089935,35035.7421875,27.69842755113125,0.8031033873558044,0.06714608520269394,35203.88671875,0.021162033081054688,11095.0,0.008955001831054688,4695.0,0.011379241943359375,5966.0,0.0,0,0.08830811828374863,46298.88671875,5000,1000
othim23,erp,0,1,1,0.015,27.196802488227878,0.06619597226381302,34705.75390625,27.178254409889902,0.7675117254257202,0.06638750433921814,34806.171875,0.020748138427734375,10878.0,0.0087738037109375,4600.0,0.011133193969726562,5837.0,0.0,0,0.08713564276695251,45684.171875,5000,1000
othim24,erp,0,1,1,0.015,25.812306422399832,0.07805529236793518,40923.453125,25.775476905325547,0.7342464327812195,0.07900958508253098,41423.77734375,0.018604278564453125,9754.0,0.008104324340820312,4249.0,0.009700775146484375,5086.0,0.0,0,0.0976138636469841,51177.77734375,5000,1000
othim25,erp,0,1,1,0.015,24.323135714753167,0.13729241490364075,71980.765625,24.31374329136163,0.710434079170227,0.13754990696907043,72115.765625,0.02126312255859375,11148.0,0.00896453857421875,4700.0,0.011440277099609375,5998.0,0.0,0,0.15881302952766418,83263.765625,5000,1000
othim26,erp,0,1,1,0.015,24.3057348344196,0.13804291188716888,72374.2421875,24.278670637716104,0.713819146156311,0.14039970934391022,73609.8828125,0.017923355102539062,9397.0,0.007083892822265625,3714.0,0.009992599487304688,5239.0,0.0,0,0.15832306444644928,83006.8828125,5000,1000
othim27,erp,0,1,1,0.015,24.95078046000167,0.11094000935554504,58164.515625,24.9288903323981,0.6945194005966187,0.11129075288772583,58348.40625,0.018983840942382812,9953.0,0.008066177368164062,4229.0,0.01020050048828125,5348.0,0.0,0,0.13027459383010864,68301.40625,5000,1000
othim28,erp,0,1,1,0.015,25.205271333819084,0.09395413100719452,49259.0234375,25.172504009208993,0.7016688585281372,0.09651368856430054,50600.96875,0.018011093139648438,9443.0,0.007160186767578125,3754.0,0.010227203369140625,5362.0,0.0,0,0.11452478170394897,60043.96875,5000,1000
othim29,erp,0,1,1,0.015,25.431972690318446,0.08957795053720474,46964.64453125,25.418714517804258,0.7063370943069458,0.09090030193328857,47657.9375,0.019327163696289062,10133.0,0.008073806762695312,4233.0,0.010406494140625,5456.0,0.0,0,0.11022746562957764,57790.9375,5000,1000
othim30,erp,0,1,1,0.015,25.112838660215086,0.09859132021665573,51690.24609375,25.087755787673377,0.7063135504722595,0.09935835003852844,52092.390625,0.018606185913085938,9755.0,0.007894515991210938,4139.0,0.009965896606445312,5225.0,0.0,0,0.11796453595161438,61847.390625,5000,1000
othim01,erp,1,0,1,0.007,28.633071097429944,0.13871866464614868,72728.53125,28.595827543573733,0.8019956946372986,0.14018219709396362,73495.84375,0.017026901245117188,8927.0,0.00787353515625,4128.0,0.008302688598632812,4353.0,0.0,0,0.1572090983390808,82422.84375,5000,1000
othim02,erp,1,0,1,0.007,28.72814896092377,0.13445761799812317,70494.515625,28.703751441498586,0.8026375770568848,0.13513274490833282,70848.4765625,0.01973724365234375,10348.0,0.009052276611328125,4746.0,0.009721755981445312,5097.0,0.0,0,0.15486998856067657,81196.4765625,5000,1000
othim03,erp,1,0,1,0.007,28.491476899679572,0.1339556723833084,70231.3515625,28.46999501598128,0.7946738004684448,0.1349700689315796,70763.1875,0.018117904663085938,9499.0,0.0077953338623046875,4087.0,0.009464263916015625,4962.0,0.0,0,0.15308797359466553,80262.1875,5000,1000
othim04,erp,1,0,1,0.007,26.15131227961798,0.300248920917511,157416.90625,26.140068803847612,0.7604255676269531,0.3017709255218506,158214.875,0.018741607666015625,9826.0,0.007984161376953125,4186.0,0.009912490844726562,5197.0,0.0,0,0.3205125331878662,168040.875,5000,1000
othim05,erp,1,0,1,0.007,26.74467708792585,0.22120189666748047,115973.5,26.733996560939982,0.7494544982910156,0.2218657284975052,116321.5390625,0.018466949462890625,9682.0,0.007989883422851562,4189.0,0.009500503540039062,4981.0,0.0,0,0.2403326779603958,126003.5390625,5000,1000
othim06,erp,1,0,1,0.007,26.83007838238429,0.21835698187351227,114481.9453125,26.82337895740722,0.7588702440261841,0.22040699422359467,115556.7421875,0.018890380859375,9904.0,0.0069789886474609375,3659.0,0.01092529296875,5728.0,0.0,0,0.23929737508296967,125460.7421875,5000,1000
othim07,erp,1,0,1,0.007,30.576981216583732,0.12019994854927063,63019.390625,30.547445246073597,0.8713825941085815,0.1207093596458435,63286.46875,0.019800186157226562,10381.0,0.008893966674804688,4663.0,0.009954452514648438,5219.0,0.0,0,0.14050954580307007,73667.46875,5000,1000
othim08,erp,1,0,1,0.007,30.484256972904642,0.10246803611516953,53722.76171875,30.460213233485607,0.8647467494010925,0.10347162932157516,54248.93359375,0.018579483032226562,9741.0,0.008005142211914062,4197.0,0.009618759155273438,5043.0,0.0,0,0.12205111235380173,63989.93359375,5000,1000
othim09,erp,1,0,1,0.007,30.17524865430397,0.11251270771026611,58989.0625,30.13085060894852,0.8611892461776733,0.11401592195034027,59777.1796875,0.017147064208984375,8990.0,0.006805419921875,3568.0,0.0096435546875,5056.0,0.0,0,0.13116298615932465,68767.1796875,5000,1000
othim10,erp,1,0,1,0.007,29.11493256499267,0.10628411173820496,55723.484375,29.095662322392915,0.7691327929496765,0.10694128274917603,56068.03125,0.018262863159179688,9575.0,0.007879257202148438,4131.0,0.009410858154296875,4934.0,0.0,0,0.1252041459083557,65643.03125,5000,1000
othim11,erp,1,0,1,0.007,28.724958954751163,0.11253134906291962,58998.8359375,28.712401785906223,0.7612180709838867,0.11280527710914612,59142.453125,0.019346237182617188,10143.0,0.008878707885742188,4655.0,0.009500503540039062,4981.0,0.0,0,0.1321515142917633,69285.453125,5000,1000
othim12,erp,1,0,1,0.007,28.324008848532443,0.12312008440494537,64550.3828125,28.316805696523513,0.7559257745742798,0.12361039221286774,64807.4453125,0.02044677734375,10720.0,0.008867263793945312,4649.0,0.010723114013671875,5622.0,0.0,0,0.14405716955661774,75527.4453125,5000,1000
othim13,erp,1,0,1,0.007,30.020617446663007,0.10940119624137878,57357.734375,30.001420590892213,0.8533929586410522,0.11098141968250275,58186.2265625,0.019092559814453125,10010.0,0.0078067779541015625,4093.0,0.01042938232421875,5468.0,0.0,0,0.13007397949695587,68196.2265625,5000,1000
othim14,erp,1,0,1,0.007,29.95638361945476,0.10997624695301056,57659.2265625,29.912888198631794,0.8525469303131104,0.11109977215528488,58248.27734375,0.017847061157226562,9357.0,0.007938385009765625,4162.0,0.008935928344726562,4685.0,0.0,0,0.12894683331251144,67605.27734375,5000,1000
othim15,erp,1,0,1,0.007,29.984165803402533,0.11333960294723511,59422.59375,29.96380200218802,0.8533858060836792,0.11479289829730988,60184.5390625,0.017515182495117188,9183.0,0.006961822509765625,3650.0,0.009731292724609375,5102.0,0.0,0,0.13230808079242706,69367.5390625,5000,1000
othim16,erp,1,0,1,0.007,30.551068671677626,0.09719310700893402,50957.1796875,30.531108184744337,0.8677295446395874,0.09772736579179764,51237.28515625,0.018396377563476562,9645.0,0.0077915191650390625,4085.0,0.009790420532226562,5133.0,0.0,0,0.1161237433552742,60882.28515625,5000,1000
othim17,erp,1,0,1,0.007,30.427672246570676,0.09905413538217545,51932.89453125,30.405529943796296,0.8656317591667175,0.10180594027042389,53375.6328125,0.017633438110351562,9245.0,0.0069904327392578125,3665.0,0.009809494018554688,5143.0,0.0,0,0.11943937838077545,62620.6328125,5000,1000
othim18,erp,1,0,1,0.007,30.526103647558685,0.09648700803518295,50586.98046875,30.503149631499955,0.8664212226867676,0.09693263471126556,50820.6171875,0.018007278442382812,9441.0,0.00777435302734375,4076.0,0.0093841552734375,4920.0,0.0,0,0.11493991315364838,60261.6171875,5000,1000
othim19,erp,1,0,1,0.007,27.026776301962894,0.23108556866645813,121155.390625,27.007432506855523,0.7752325534820557,0.23118895292282104,121209.59375,0.018657684326171875,9782.0,0.009000778198242188,4719.0,0.008684158325195312,4553.0,0.0,0,0.24984663724899292,130991.59375,5000,1000
othim20,erp,1,0,1,0.007,26.916326888665523,0.22367724776268005,117271.296875,26.891037476774386,0.7715584635734558,0.22414976358413696,117519.03125,0.017274856567382812,9057.0,0.0077266693115234375,4051.0,0.008699417114257812,4561.0,0.0,0,0.24142462015151978,126576.03125,5000,1000
othim21,erp,1,0,1,0.007,26.905159172822824,0.23660904169082642,124051.28125,26.89158412709457,0.7735550403594971,0.2370910346508026,124303.984375,0.019784927368164062,10373.0,0.009016036987304688,4727.0,0.009807586669921875,5142.0,0.0,0,0.2568759620189667,134676.984375,5000,1000
othim22,erp,1,0,1,0.007,29.908711847307202,0.12444397062063217,65244.48046875,29.849504794876257,0.8490177989006042,0.1247698962688446,65415.359375,0.018444061279296875,9670.0,0.008977890014648438,4707.0,0.00862884521484375,4524.0,0.0,0,0.14321395754814148,75085.359375,5000,1000
othim23,erp,1,0,1,0.007,29.178710723730614,0.13260653614997864,69524.015625,29.163508394359084,0.8369328379631042,0.13313427567481995,69800.703125,0.019342422485351562,10141.0,0.008869171142578125,4650.0,0.009626388549804688,5047.0,0.0,0,0.1524766981601715,79941.703125,5000,1000
othim24,erp,1,0,1,0.007,27.71585701191579,0.1564045548439026,82001.03125,27.709344443594404,0.8212664127349854,0.15964272618293762,83698.765625,0.0185089111328125,9704.0,0.0069122314453125,3624.0,0.010639190673828125,5578.0,0.0,0,0.17815163731575012,93402.765625,5000,1000
othim25,erp,1,0,1,0.007,26.862316215542062,0.27939337491989136,146482.59375,26.852819451948832,0.7996787428855896,0.28016018867492676,146884.625,0.01953125,10240.0,0.0090484619140625,4744.0,0.009639739990234375,5054.0,0.0,0,0.29969143867492676,157124.625,5000,1000
othim26,erp,1,0,1,0.007,26.926498820816175,0.2826550602912903,148192.65625,26.907049367422143,0.8009364604949951,0.2829527258872986,148348.71875,0.019544601440429688,10247.0,0.008914947509765625,4674.0,0.009761810302734375,5118.0,0.0,0,0.30249732732772827,158595.71875,5000,1000
othim27,erp,1,0,1,0.007,27.305376210553234,0.22338521480560303,117118.1875,27.298255302652503,0.7852783203125,0.22446098923683167,117682.203125,0.019727706909179688,10343.0,0.007978439331054688,4183.0,0.010782241821289062,5653.0,0.0,0,0.24418869614601135,128025.203125,5000,1000
othim28,erp,1,0,1,0.007,27.18330543736181,0.1935979127883911,101501.0625,27.174276571041773,0.7952576875686646,0.1941501647233963,101790.6015625,0.019880294799804688,10423.0,0.009035110473632812,4737.0,0.00988006591796875,5180.0,0.0,0,0.214030459523201,112213.6015625,5000,1000
othim29,erp,1,0,1,0.007,27.219021791377752,0.17624323070049286,92402.2109375,27.210188035759217,0.7918786406517029,0.17720964550971985,92908.890625,0.01849365234375,9696.0,0.0079803466796875,4184.0,0.009656906127929688,5063.0,0.0,0,0.19570329785346985,102604.890625,5000,1000
othim30,erp,1,0,1,0.007,27.14343631253637,0.2032979279756546,106586.6640625,27.12625377630093,0.7977770566940308,0.20372916758060455,106812.7578125,0.019412994384765625,10178.0,0.00896453857421875,4700.0,0.009744644165039062,5109.0,0.0,0,0.22314216196537018,116990.7578125,5000,1000
othim01,erp,1,0,1,0.015,27.31066208272307,0.07876399159431458,41295.015625,27.266968904606358,0.7499529719352722,0.07921859622001648,41533.359375,0.017322540283203125,9082.0,0.008045196533203125,4218.0,0.00856781005859375,4492.0,0.0,0,0.0965411365032196,50615.359375,5000,1000
othim02,erp,1,0,1,0.015,27.31796718245697,0.08024957776069641,42073.890625,27.272584059164547,0.7513803839683533,0.08052855730056763,42220.15625,0.017686843872070312,9273.0,0.007944107055664062,4165.0,0.008775711059570312,4601.0,0.0,0,0.09821540117263794,51493.15625,5000,1000
othim03,erp,1,0,1,0.015,27.178738047360085,0.07478854060173035,39210.734375,27.110546332064914,0.7412320971488953,0.07551634311676025,39592.3125,0.017156600952148438,8995.0,0.007907867431640625,4146.0,0.008514404296875,4464.0,0.0,0,0.09267294406890869,48587.3125,5000,1000
othim04,erp,1,0,1,0.015,24.212158202905602,0.1572970449924469,82468.953125,24.201112564094586,0.6519322395324707,0.15797242522239685,82823.046875,0.018444061279296875,9670.0,0.007909774780273438,4147.0,0.009654998779296875,5062.0,0.0,0,0.17641648650169373,92493.046875,5000,1000
othim05,erp,1,0,1,0.015,25.174120874559573,0.12563002109527588,65866.3125,25.16653156418366,0.6605534553527832,0.12721098959445953,66695.1953125,0.018358230590820312,9625.0,0.00785064697265625,4116.0,0.0096588134765625,5064.0,0.0,0,0.14556922018527985,76320.1953125,5000,1000
othim06,erp,1,0,1,0.015,25.229133949303005,0.12866991758346558,67460.09375,25.217830069219886,0.6733866930007935,0.12902796268463135,67647.8125,0.018459320068359375,9678.0,0.007953643798828125,4170.0,0.009632110595703125,5050.0,0.0,0,0.14748728275299072,77325.8125,5000,1000
othim07,erp,1,0,1,0.015,28.71130372649201,0.07134737074375153,37406.5703125,28.66356248411019,0.8319458961486816,0.07328091561794281,38420.3046875,0.016244888305664062,8517.0,0.006771087646484375,3550.0,0.008619308471679688,4519.0,0.0,0,0.08952580392360687,46937.3046875,5000,1000
othim08,erp,1,0,1,0.015,29.06360862992297,0.06557369977235794,34379.50390625,29.04766752814882,0.8319430351257324,0.06638623028993607,34805.50390625,0.01873779296875,9824.0,0.007869720458984375,4126.0,0.009897232055664062,5189.0,0.0,0,0.08512402325868607,44629.50390625,5000,1000
othim09,erp,1,0,1,0.015,28.632594830320045,0.07102589309215546,37238.0234375,28.60159467577053,0.8253140449523926,0.07207280397415161,37786.90625,0.01760101318359375,9228.0,0.00704193115234375,3692.0,0.009586334228515625,5026.0,0.0,0,0.08967381715774536,47014.90625,5000,1000
othim10,erp,1,0,1,0.015,27.78760986413465,0.055115923285484314,28896.6171875,27.72458692381507,0.7132369875907898,0.0555926114320755,29146.5390625,0.017171859741210938,9003.0,0.007886886596679688,4135.0,0.008672714233398438,4547.0,0.0,0,0.07276447117328644,38149.5390625,5000,1000
othim11,erp,1,0,1,0.015,27.194019013763036,0.05377030000090599,28191.123046875,27.166762930758036,0.6917988657951355,0.054721400141716,28689.7734375,0.017833709716796875,9350.0,0.008014678955078125,4202.0,0.00894927978515625,4692.0,0.0,0,0.07255510985851288,38039.7734375,5000,1000
othim12,erp,1,0,1,0.015,26.851173730848227,0.061746418476104736,32372.90625,26.83271844338432,0.6886991262435913,0.062144964933395386,32581.859375,0.018365859985351562,9629.0,0.00795745849609375,4172.0,0.009429931640625,4944.0,0.0,0,0.08051082491874695,42210.859375,5000,1000
othim13,erp,1,0,1,0.015,28.499140218049757,0.07186663150787354,37678.8125,28.44977484963499,0.8175057768821716,0.07241706550121307,37967.3984375,0.01740264892578125,9124.0,0.008014678955078125,4202.0,0.008543014526367188,4479.0,0.0,0,0.08981971442699432,47091.3984375,5000,1000
othim14,erp,1,0,1,0.015,28.397611526106136,0.07228691875934601,37899.1640625,28.343441267494754,0.8139564394950867,0.07379204034805298,38688.28125,0.016117095947265625,8450.0,0.006866455078125,3600.0,0.008518218994140625,4466.0,0.0,0,0.0899091362953186,47138.28125,5000,1000
othim15,erp,1,0,1,0.015,28.450666535660236,0.07347016036510468,38519.5234375,28.397153498689857,0.8175048828125,0.0737730860710144,38678.34375,0.017364501953125,9104.0,0.007915496826171875,4150.0,0.00875091552734375,4588.0,0.0,0,0.0911375880241394,47782.34375,5000,1000
othim16,erp,1,0,1,0.015,29.034164629674816,0.06190112233161926,32454.015625,28.938671427674247,0.8367938995361328,0.06285127997398376,32952.171875,0.017011642456054688,8919.0,0.0077610015869140625,4069.0,0.008556365966796875,4486.0,0.0,0,0.07986292243003845,41871.171875,5000,1000
othim17,erp,1,0,1,0.015,29.069820629339393,0.0637018084526062,33398.09375,29.040795299962042,0.8366667628288269,0.06408785283565521,33600.4921875,0.018018722534179688,9447.0,0.0078277587890625,4104.0,0.00946044921875,4960.0,0.0,0,0.0821065753698349,43047.4921875,5000,1000
othim18,erp,1,0,1,0.015,28.9839750746861,0.06258582323789597,32812.99609375,28.89265284910326,0.8343971967697144,0.0635511502623558,33319.10546875,0.017162322998046875,8998.0,0.00782012939453125,4100.0,0.0084991455078125,4456.0,0.0,0,0.08071347326040268,42317.10546875,5000,1000
othim19,erp,1,0,1,0.015,25.20184632662863,0.12548163533210754,65788.515625,25.19564828725647,0.688105583190918,0.12676940858364105,66463.6796875,0.018754959106445312,9833.0,0.00799560546875,4192.0,0.009767532348632812,5121.0,0.0,0,0.14552436769008636,76296.6796875,5000,1000
othim20,erp,1,0,1,0.015,25.03483869233764,0.12368643283843994,64847.3125,25.013752004653536,0.6779375076293945,0.12394766509532928,64984.2734375,0.01908111572265625,10004.0,0.009057998657226562,4749.0,0.008935928344726562,4685.0,0.0,0,0.14302878081798553,74988.2734375,5000,1000
othim21,erp,1,0,1,0.015,25.096183331694373,0.12715914845466614,66668.015625,25.076959161287718,0.6845682859420776,0.12922368943691254,67750.4296875,0.016918182373046875,8870.0,0.0072002410888671875,3775.0,0.0088653564453125,4648.0,0.0,0,0.1461418718099594,76620.4296875,5000,1000
othim22,erp,1,0,1,0.015,28.42419997434196,0.0752120316028595,39432.765625,28.397017928598057,0.817513108253479,0.07591015100479126,39798.78125,0.01859283447265625,9748.0,0.007839202880859375,4110.0,0.009912490844726562,5197.0,0.0,0,0.09450298547744751,49546.78125,5000,1000
othim23,erp,1,0,1,0.015,27.69429686020307,0.07447073608636856,39044.11328125,27.628355806075465,0.7837955951690674,0.07599262148141861,39842.01953125,0.017604827880859375,9230.0,0.00786590576171875,4124.0,0.008752822875976562,4589.0,0.0,0,0.09359744936227798,49072.01953125,5000,1000
othim24,erp,1,0,1,0.015,26.343798924327007,0.08749476820230484,45872.45703125,26.328011565573036,0.7604415416717529,0.08848607540130615,46392.1875,0.018344879150390625,9618.0,0.007781982421875,4080.0,0.009717941284179688,5095.0,0.0,0,0.10683095455169678,56010.1875,5000,1000
othim25,erp,1,0,1,0.015,24.780218393144185,0.15219861268997192,79795.90625,24.753554817158744,0.730592668056488,0.15239542722702026,79899.09375,0.018711090087890625,9810.0,0.009044647216796875,4742.0,0.008817672729492188,4623.0,0.0,0,0.1711065173149109,89709.09375,5000,1000
othim26,erp,1,0,1,0.015,24.717961207347614,0.15327200293540955,80358.671875,24.683717575060566,0.7312695384025574,0.1544967144727707,81000.7734375,0.017543792724609375,9198.0,0.00803375244140625,4212.0,0.008670806884765625,4546.0,0.0,0,0.17204050719738007,90198.7734375,5000,1000
othim27,erp,1,0,1,0.015,25.417359334159162,0.1239859014749527,65004.3203125,25.408059475292603,0.7160731554031372,0.12446217983961105,65254.02734375,0.019588470458984375,10270.0,0.0089874267578125,4712.0,0.0096282958984375,5048.0,0.0,0,0.14405065029859543,75524.02734375,5000,1000
othim28,erp,1,0,1,0.015,25.459804679030594,0.10121828317642212,53067.53125,25.41477367959166,0.7128149271011353,0.10275870561599731,53875.15625,0.015287399291992188,8015.0,0.0070552825927734375,3699.0,0.007488250732421875,3926.0,0.0,0,0.1180461049079895,61890.15625,5000,1000
othim29,erp,1,0,1,0.015,25.721357350572216,0.09651397913694382,50601.12109375,25.706528408729486,0.7220151424407959,0.09806093573570251,51412.171875,0.01750946044921875,9180.0,0.006946563720703125,3642.0,0.009836196899414062,5157.0,0.0,0,0.11557039618492126,60592.171875,5000,1000
othim30,erp,1,0,1,0.015,25.451910710430212,0.10697673261165619,56086.6171875,25.416866059647163,0.7237701416015625,0.10765080153942108,56440.0234375,0.017637252807617188,9247.0,0.008037567138671875,4214.0,0.00875091552734375,4588.0,0.0,0,0.12528805434703827,65687.0234375,5000,1000
othim01,erp,1,1,1,0.007,28.767235494964506,0.13340097665786743,69940.53125,28.738425071636655,0.8056908845901489,0.1335199773311615,70002.921875,0.021121978759765625,11074.0,0.008998870849609375,4718.0,0.011285781860351562,5917.0,0.0,0,0.15464195609092712,81076.921875,5000,1000
othim02,erp,1,1,1,0.007,28.84202236763326,0.1340084969997406,70259.046875,28.824118250955763,0.803747832775116,0.13475871086120605,70652.375,0.021245956420898438,11139.0,0.0089111328125,4672.0,0.01149749755859375,6028.0,0.0,0,0.1560046672821045,81791.375,5000,1000
othim03,erp,1,1,1,0.007,28.553707020884094,0.1321752965450287,69297.921875,28.540917712805513,0.796689510345459,0.13312378525733948,69795.203125,0.019884109497070312,10425.0,0.007930755615234375,4158.0,0.01111602783203125,5828.0,0.0,0,0.1530078947544098,80220.203125,5000,1000
othim04,erp,1,1,1,0.007,26.141695061369706,0.29927313327789307,156905.3125,26.115709526097092,0.7574142217636108,0.30012789368629456,157353.453125,0.018825531005859375,9870.0,0.008058547973632812,4225.0,0.009786605834960938,5131.0,0.0,0,0.31895342469215393,167223.453125,5000,1000
othim05,erp,1,1,1,0.007,26.920683254430415,0.23178166151046753,121520.34375,26.906007724834225,0.748729407787323,0.23216190934181213,121719.703125,0.020999908447265625,11010.0,0.009214401245117188,4831.0,0.011068344116210938,5803.0,0.0,0,0.25316181778907776,132729.703125,5000,1000
othim06,erp,1,1,1,0.007,27.140039845574737,0.23333176970481873,122333.046875,27.129730519294025,0.7635403871536255,0.23362088203430176,122484.625,0.02105712890625,11040.0,0.008890151977539062,4661.0,0.0111846923828125,5864.0,0.0,0,0.25467801094055176,133524.625,5000,1000
othim07,erp,1,1,1,0.007,30.31096224218008,0.11931765079498291,62556.8125,30.28058921297124,0.866620659828186,0.12010398507118225,62969.078125,0.020135879516601562,10557.0,0.007898330688476562,4141.0,0.011381149291992188,5967.0,0.0,0,0.1402398645877838,73526.078125,5000,1000
othim08,erp,1,1,1,0.007,30.354726250383308,0.10501019656658173,55055.5859375,30.330649117920245,0.8650984764099121,0.10607342422008514,55613.0234375,0.02002716064453125,10500.0,0.0078277587890625,4104.0,0.0113525390625,5952.0,0.0,0,0.1261005848646164,66113.0234375,5000,1000
othim09,erp,1,1,1,0.007,30.328064574767968,0.1242680698633194,65152.2578125,30.287874724002545,0.8633784651756287,0.12672698497772217,66441.4375,0.018541336059570312,9721.0,0.0067157745361328125,3521.0,0.010980606079101562,5757.0,0.0,0,0.14526832103729248,76162.4375,5000,1000
othim10,erp,1,1,1,0.007,29.250882245813983,0.1059141457080841,55529.515625,29.230188676302618,0.7720931768417358,0.10648469626903534,55828.6484375,0.020204544067382812,10593.0,0.00783538818359375,4108.0,0.011648178100585938,6107.0,0.0,0,0.12668924033641815,66421.6484375,5000,1000
othim11,erp,1,1,1,0.007,28.631012024151534,0.11499540507793427,60290.7109375,28.602203513060612,0.7599753141403198,0.11561943590641022,60617.8828125,0.019794464111328125,10378.0,0.008026123046875,4208.0,0.010805130004882812,5665.0,0.0,0,0.13541390001773834,70995.8828125,5000,1000
othim12,erp,1,1,1,0.007,28.243701135198446,0.12445293366909027,65249.1796875,28.22121416002182,0.7536500692367554,0.12468387186527252,65370.2578125,0.021114349365234375,11070.0,0.00909423828125,4768.0,0.011035919189453125,5786.0,0.0,0,0.1457982212305069,76440.2578125,5000,1000
othim13,erp,1,1,1,0.007,29.924866494249823,0.11005036532878876,57698.0859375,29.880197606216004,0.8530847430229187,0.11037471890449524,57868.140625,0.020181655883789062,10581.0,0.008966445922851562,4701.0,0.010362625122070312,5433.0,0.0,0,0.1305563747882843,68449.140625,5000,1000
othim14,erp,1,1,1,0.007,30.062124613095534,0.11767245084047318,61694.25390625,30.048008022715255,0.8551669120788574,0.11796564608812332,61847.97265625,0.021139144897460938,11083.0,0.008928298950195312,4681.0,0.011362075805664062,5957.0,0.0,0,0.13910479098558426,72930.97265625,5000,1000
othim15,erp,1,1,1,0.007,29.900182192877327,0.11197128891944885,58705.203125,29.877877686576372,0.8529056906700134,0.11211830377578735,58782.28125,0.02126312255859375,11148.0,0.0089111328125,4672.0,0.011384963989257812,5969.0,0.0,0,0.1333814263343811,69930.28125,5000,1000
othim16,erp,1,1,1,0.007,30.394398635566684,0.09931871294975281,52071.609375,30.323929212627178,0.8651187419891357,0.10054431855678558,52714.1796875,0.018705368041992188,9807.0,0.007944107055664062,4165.0,0.009944915771484375,5214.0,0.0,0,0.11924968659877777,62521.1796875,5000,1000
othim17,erp,1,1,1,0.007,30.42359701702706,0.09813684225082397,51451.96875,30.40070667409483,0.866390585899353,0.0986955314874649,51744.8828125,0.020053863525390625,10514.0,0.007925033569335938,4155.0,0.0111846923828125,5864.0,0.0,0,0.11874939501285553,62258.8828125,5000,1000
othim18,erp,1,1,1,0.007,30.5818779819104,0.097005695104599,50858.921875,30.564537685017683,0.8680744171142578,0.09821249544620514,51491.6328125,0.019060134887695312,9993.0,0.0069217681884765625,3629.0,0.011304855346679688,5927.0,0.0,0,0.11727263033390045,61484.6328125,5000,1000
othim19,erp,1,1,1,0.007,27.01781741467865,0.2316439151763916,121448.125,27.00747610272035,0.7749593257904053,0.2324521392583847,121871.8671875,0.020124435424804688,10551.0,0.007894515991210938,4139.0,0.011394500732421875,5974.0,0.0,0,0.2525765746831894,132422.8671875,5000,1000
othim20,erp,1,1,1,0.007,26.93159462464588,0.22608324885368347,118532.734375,26.91958256322118,0.7715593576431274,0.22619572281837463,118591.703125,0.022432327270507812,11761.0,0.010015487670898438,5251.0,0.011447906494140625,6002.0,0.0,0,0.24862805008888245,130352.703125,5000,1000
othim21,erp,1,1,1,0.007,26.646501732313443,0.21932724118232727,114990.640625,26.627318020707296,0.7692772746086121,0.22000953555107117,115348.359375,0.018892288208007812,9905.0,0.007890701293945312,4137.0,0.010149002075195312,5321.0,0.0,0,0.23890182375907898,125253.359375,5000,1000
othim22,erp,1,1,1,0.007,29.756598374964824,0.12263575196266174,64296.453125,29.70593585589118,0.8461429476737976,0.12357896566390991,64790.96875,0.020189285278320312,10585.0,0.007837295532226562,4109.0,0.011493682861328125,6026.0,0.0,0,0.14376825094223022,75375.96875,5000,1000
othim23,erp,1,1,1,0.007,29.31998423810298,0.1266920417547226,66423.1171875,29.284513508955957,0.8405183553695679,0.12758877873420715,66893.265625,0.02082061767578125,10916.0,0.008749008178710938,4587.0,0.011121749877929688,5831.0,0.0,0,0.1484093964099884,77809.265625,5000,1000
othim24,erp,1,1,1,0.007,27.793176956033278,0.15901148319244385,83367.8125,27.760778901568262,0.822382926940918,0.15942968428134918,83587.0703125,0.020294189453125,10640.0,0.009235382080078125,4842.0,0.010210037231445312,5353.0,0.0,0,0.17972387373447418,94227.0703125,5000,1000
othim25,erp,1,1,1,0.007,26.92944292608517,0.27839547395706177,145959.40625,26.921493786464115,0.8018593788146973,0.2795056104660034,146541.4375,0.020513534545898438,10755.0,0.007938385009765625,4162.0,0.011606216430664062,6085.0,0.0,0,0.30001914501190186,157296.4375,5000,1000
othim26,erp,1,1,1,0.007,26.961881221366642,0.27973657846450806,146662.53125,26.9467355326256,0.8029314875602722,0.2813361883163452,147501.1875,0.0199432373046875,10456.0,0.00795745849609375,4172.0,0.011133193969726562,5837.0,0.0,0,0.3012794256210327,157957.1875,5000,1000
othim27,erp,1,1,1,0.007,27.283241245354617,0.22347520291805267,117165.3671875,27.269741494798467,0.7822846174240112,0.22488316893577576,117903.546875,0.020050048828125,10512.0,0.007841110229492188,4111.0,0.011354446411132812,5953.0,0.0,0,0.24493321776390076,128415.546875,5000,1000
othim28,erp,1,1,1,0.007,27.08082890358716,0.1980755627155304,103848.640625,27.062871336653547,0.7928513288497925,0.19873738288879395,104195.625,0.02008819580078125,10532.0,0.007837295532226562,4109.0,0.011516571044921875,6038.0,0.0,0,0.2188255786895752,114727.625,5000,1000
othim29,erp,1,1,1,0.007,27.417866136370957,0.18442486226558685,96691.7421875,27.404349806931823,0.7954866290092468,0.18490704894065857,96944.546875,0.021087646484375,11056.0,0.008943557739257812,4689.0,0.011188507080078125,5866.0,0.0,0,0.20599469542503357,108000.546875,5000,1000
othim30,erp,1,1,1,0.007,26.932651630836954,0.18504931032657623,97019.1328125,26.9243807713538,0.7951146960258484,0.18711523711681366,98102.2734375,0.020364761352539062,10677.0,0.00789642333984375,4140.0,0.011480331420898438,6019.0,0.0,0,0.20747999846935272,108779.2734375,5000,1000
othim01,erp,1,1,1,0.015,27.288001164756555,0.0780806839466095,40936.765625,27.22889658478535,0.7498553991317749,0.0789860263466835,41411.42578125,0.018957138061523438,9939.0,0.007915496826171875,4150.0,0.0102081298828125,5352.0,0.0,0,0.09794316440820694,51350.42578125,5000,1000
othim02,erp,1,1,1,0.015,27.0906844455686,0.07501977682113647,39331.96875,27.071440731832734,0.7413123846054077,0.07523806393146515,39446.4140625,0.0208587646484375,10936.0,0.009050369262695312,4745.0,0.011091232299804688,5815.0,0.0,0,0.09609682857990265,50382.4140625,5000,1000
othim03,erp,1,1,1,0.015,27.00294221491714,0.07540932297706604,39536.203125,26.98818205868453,0.7362154722213745,0.07585638016462326,39770.58984375,0.0197296142578125,10344.0,0.0079803466796875,4184.0,0.010900497436523438,5715.0,0.0,0,0.09558599442243576,50114.58984375,5000,1000
othim04,erp,1,1,1,0.015,24.201043192523937,0.1585560142993927,83129.015625,24.178686328183506,0.6498451828956604,0.15995892882347107,83864.546875,0.018815994262695312,9865.0,0.007867813110351562,4125.0,0.009960174560546875,5222.0,0.0,0,0.17877492308616638,93729.546875,5000,1000
othim05,erp,1,1,1,0.015,25.192381018612366,0.12467695027589798,65366.62890625,25.17205798996082,0.6583276391029358,0.12506085634231567,65567.90625,0.019399642944335938,10171.0,0.008876800537109375,4654.0,0.009675979614257812,5073.0,0.0,0,0.1444604992866516,75738.90625,5000,1000
othim06,erp,1,1,1,0.015,25.237329130607236,0.12667429447174072,66413.8125,25.217956699791078,0.6710934638977051,0.12802693247795105,67122.984375,0.018728256225585938,9819.0,0.007843017578125,4112.0,0.0101318359375,5312.0,0.0,0,0.146755188703537,76941.984375,5000,1000
othim07,erp,1,1,1,0.015,28.69404482317529,0.07145148515701294,37461.15625,28.634202278308624,0.8318872451782227,0.07160422950983047,37541.23828125,0.020132064819335938,10555.0,0.008947372436523438,4691.0,0.010326385498046875,5414.0,0.0,0,0.09173629432916641,48096.23828125,5000,1000
othim08,erp,1,1,1,0.015,28.863976712720614,0.0632433146238327,33157.7109375,28.81505725913617,0.8286880254745483,0.06470068544149399,33921.79296875,0.019090652465820312,10009.0,0.00807952880859375,4236.0,0.010272979736328125,5386.0,0.0,0,0.0837913379073143,43930.79296875,5000,1000
othim09,erp,1,1,1,0.015,28.668724616335613,0.07036200910806656,36889.95703125,28.616381105438972,0.8262325525283813,0.07048375904560089,36953.7890625,0.020298004150390625,10642.0,0.00909423828125,4768.0,0.010354995727539062,5429.0,0.0,0,0.09078176319599152,47595.7890625,5000,1000
othim10,erp,1,1,1,0.015,27.815571153712536,0.05384872108697891,28232.23828125,27.792543424350995,0.7146730422973633,0.05516069382429123,28920.08984375,0.018833160400390625,9874.0,0.006725311279296875,3526.0,0.011354446411132812,5953.0,0.0,0,0.07399385422468185,38794.08984375,5000,1000
othim11,erp,1,1,1,0.015,27.098428985842947,0.057820700109004974,30314.69921875,27.075376956190762,0.6908707618713379,0.0581330806016922,30478.4765625,0.021093368530273438,11059.0,0.00896453857421875,4700.0,0.011270523071289062,5909.0,0.0,0,0.07922644913196564,41537.4765625,5000,1000
othim12,erp,1,1,1,0.015,26.622922952091148,0.06210533529520035,32561.08203125,26.561971371236893,0.6809161901473999,0.06420999020338058,33664.52734375,0.017293930053710938,9067.0,0.006923675537109375,3630.0,0.009723663330078125,5098.0,0.0,0,0.08150392025709152,42731.52734375,5000,1000
othim13,erp,1,1,1,0.015,28.53591671710389,0.06928397715091705,36324.7578125,28.490676471875798,0.8183926343917847,0.07035615295171738,36886.88671875,0.018854141235351562,9885.0,0.007909774780273438,4147.0,0.010229110717773438,5363.0,0.0,0,0.08921029418706894,46771.88671875,5000,1000
othim14,erp,1,1,1,0.015,28.539135942895417,0.07197099924087524,37733.53125,28.477568284787793,0.817867636680603,0.07223837077617645,37873.7109375,0.018884658813476562,9901.0,0.00797271728515625,4180.0,0.010057449340820312,5273.0,0.0,0,0.09112302958965302,47774.7109375,5000,1000
othim15,erp,1,1,1,0.015,28.4239547354513,0.07276822626590729,38151.5078125,28.400701324317946,0.817284107208252,0.07340440154075623,38485.046875,0.020750045776367188,10879.0,0.007890701293945312,4137.0,0.0120086669921875,6296.0,0.0,0,0.09415444731712341,49364.046875,5000,1000
othim16,erp,1,1,1,0.015,29.0393831793612,0.06359264999628067,33340.86328125,28.948742407725874,0.8377670049667358,0.0639963150024414,33552.5,0.018342971801757812,9617.0,0.007883071899414062,4133.0,0.009740829467773438,5107.0,0.0,0,0.08233928680419922,43169.5,5000,1000
othim17,erp,1,1,1,0.015,28.95897497222246,0.06132104992866516,32149.890625,28.892973281056427,0.8347269892692566,0.06205414980649948,32534.24609375,0.018598556518554688,9751.0,0.007905960083007812,4145.0,0.009965896606445312,5225.0,0.0,0,0.08065270632505417,42285.24609375,5000,1000
othim18,erp,1,1,1,0.015,29.114093400966482,0.06189695745706558,32451.83203125,29.03050459785778,0.8374566435813904,0.06260249763727188,32821.73828125,0.018918991088867188,9919.0,0.008142471313476562,4269.0,0.010057449340820312,5273.0,0.0,0,0.08152148872613907,42740.73828125,5000,1000
othim19,erp,1,1,1,0.015,25.20999420969577,0.12387702614068985,64947.23828125,25.177993895977135,0.6858906745910645,0.12398213148117065,65002.34375,0.020969390869140625,10994.0,0.010168075561523438,5331.0,0.0100555419921875,5272.0,0.0,0,0.14495152235031128,75996.34375,5000,1000
othim20,erp,1,1,1,0.015,25.17219788385269,0.12463393062353134,65344.07421875,25.14396881161805,0.6842979192733765,0.12580859661102295,65959.9375,0.018995285034179688,9959.0,0.008031845092773438,4211.0,0.010229110717773438,5363.0,0.0,0,0.14480388164520264,75918.9375,5000,1000
othim21,erp,1,1,1,0.015,25.025868099367585,0.12368127703666687,64844.609375,25.002295719797235,0.6811201572418213,0.12439195066690445,65217.20703125,0.01868438720703125,9796.0,0.00777435302734375,4076.0,0.01003265380859375,5260.0,0.0,0,0.1430763378739357,75013.20703125,5000,1000
othim22,erp,1,1,1,0.015,28.290862062921633,0.07503746449947357,39341.2421875,28.253478326450836,0.8145052194595337,0.07599343359470367,39842.4453125,0.01993560791015625,10452.0,0.0078067779541015625,4093.0,0.0112762451171875,5912.0,0.0,0,0.09592904150485992,50294.4453125,5000,1000
othim23,erp,1,1,1,0.015,27.67070549545478,0.07531358301639557,39486.0078125,27.630799448241188,0.7842913866043091,0.07607133686542511,39883.2890625,0.02028656005859375,10636.0,0.008014678955078125,4202.0,0.011302947998046875,5926.0,0.0,0,0.09635789692401886,50519.2890625,5000,1000
othim24,erp,1,1,1,0.015,26.295858932255072,0.08919435739517212,46763.53125,26.274610283131427,0.7599185705184937,0.08942995965480804,46887.0546875,0.021022796630859375,11022.0,0.008890151977539062,4661.0,0.011295318603515625,5922.0,0.0,0,0.11045275628566742,57909.0546875,5000,1000
othim25,erp,1,1,1,0.015,24.819337408750926,0.15084245800971985,79084.890625,24.811512931961328,0.7329564094543457,0.15169692039489746,79532.875,0.020364761352539062,10677.0,0.007900238037109375,4142.0,0.0114898681640625,6024.0,0.0,0,0.17206168174743652,90209.875,5000,1000
othim26,erp,1,1,1,0.015,24.82404408234861,0.15207022428512573,79728.59375,24.800024509360252,0.7316879034042358,0.15280042588710785,80111.4296875,0.0198211669921875,10392.0,0.008943557739257812,4689.0,0.010015487670898438,5251.0,0.0,0,0.17262159287929535,90503.4296875,5000,1000
othim27,erp,1,1,1,0.015,25.446936179592555,0.12673689424991608,66446.6328125,25.423763620191608,0.7177879810333252,0.12937435507774353,67829.421875,0.0186004638671875,9752.0,0.006885528564453125,3610.0,0.010992050170898438,5763.0,0.0,0,0.14797481894493103,77581.421875,5000,1000
othim28,erp,1,1,1,0.015,25.506768467903782,0.1003631055355072,52619.171875,25.488108415675953,0.7172586917877197,0.10095220804214478,52928.03125,0.019073486328125,10000.0,0.0077457427978515625,4061.0,0.010463714599609375,5486.0,0.0,0,0.12002569437026978,62928.03125,5000,1000
othim29,erp,1,1,1,0.015,25.701278547266668,0.09452339261770248,49557.48046875,25.674175708179774,0.7216122150421143,0.09613001346588135,50399.8125,0.01784515380859375,9356.0,0.0069370269775390625,3637.0,0.010171890258789062,5333.0,0.0,0,0.1139751672744751,59755.8125,5000,1000
othim30,erp,1,1,1,0.015,25.39538109844253,0.10295459628105164,53977.859375,25.37312671594313,0.7192938327789307,0.10414082556962967,54599.78515625,0.019235610961914062,10085.0,0.008052825927734375,4222.0,0.010320663452148438,5411.0,0.0,0,0.12337643653154373,64684.78515625,5000,1000
