image_name,mask_type,wsmse_tag,swhdc_tag,lambda_rate,train_psnr,train_rate_bpp,train_rate_bits,eval_psnr,eval_y_rate_bpp,eval_y_rate_bits,eval_mlp_rate_bpp,eval_mlp_rate_bits,eval_arm_rate_bpp,eval_arm_rate_bits,eval_conv_rate_bpp,eval_conv_rate_bits,eval_border_rate_bpp,eval_border_rate_bits,eval_total_rate_bpp,eval_total_rate_bits,total_steps_1,total_steps_2
othim01,full,0,1,0.01,27.17468357550693,0.09868881106376648,51741.359375,27.15333149028764,0.09970512986183167,52274.203125,0.017774581909179688,9319.0,0.0066509246826171875,3487.0,0.010278701782226562,5389.0,0.0,0,0.11747971177101135,61593.203125,1000,1000
othim02,full,0,1,0.01,27.15612050507765,0.09753745794296265,51137.71875,27.1243499711092,0.09777605533599854,51262.8125,0.0186004638671875,9752.0,0.008668899536132812,4545.0,0.00897979736328125,4708.0,0.0,0,0.11637651920318604,61014.8125,1000,1000
othim03,full,0,1,0.01,26.9738182175338,0.0952492356300354,49938.03125,26.965018683127454,0.09645478427410126,50570.0859375,0.017667770385742188,9263.0,0.0065670013427734375,3443.0,0.010385513305664062,5445.0,0.0,0,0.11412255465984344,59833.0859375,1000,1000
othim04,full,0,1,0.01,24.491645961620264,0.21552936732769012,112999.4609375,24.4829796809187,0.21705099940299988,113797.234375,0.016626358032226562,8717.0,0.0063934326171875,3352.0,0.009252548217773438,4851.0,0.0,0,0.23367735743522644,122514.234375,1000,1000
othim05,full,0,1,0.01,25.36822760451747,0.17415523529052734,91307.5,25.359664232705086,0.17493918538093567,91718.515625,0.017063140869140625,8946.0,0.007598876953125,3984.0,0.008718490600585938,4571.0,0.0,0,0.1920023262500763,100664.515625,1000,1000
othim06,full,0,1,0.01,25.401284163760625,0.17153748869895935,89935.046875,25.393024697435578,0.17234385013580322,90357.8125,0.017122268676757812,8977.0,0.0076999664306640625,4037.0,0.008554458618164062,4485.0,0.0,0,0.18946611881256104,99334.8125,1000,1000
othim07,full,0,1,0.01,28.259981105281636,0.0881529301404953,46217.5234375,28.213954479819034,0.08944301307201385,46893.8984375,0.01617431640625,8480.0,0.006450653076171875,3382.0,0.008991241455078125,4714.0,0.0,0,0.10561732947826385,55373.8984375,1000,1000
othim08,full,0,1,0.01,28.413010837467482,0.07232342660427094,37918.3046875,28.358870958476402,0.07309862226247787,38324.73046875,0.017385482788085938,9115.0,0.0074977874755859375,3931.0,0.008922576904296875,4678.0,0.0,0,0.09048410505056381,47439.73046875,1000,1000
othim09,full,0,1,0.01,28.34168737269483,0.0882464200258255,46266.5390625,28.332389301859788,0.08912065625190735,46724.890625,0.017904281616210938,9387.0,0.0067157745361328125,3521.0,0.010335922241210938,5419.0,0.0,0,0.10702493786811829,56111.890625,1000,1000
othim10,full,0,1,0.01,27.755875684336818,0.07531043887138367,39484.359375,27.732015164765276,0.07720295339822769,40476.58203125,0.016397476196289062,8597.0,0.0065593719482421875,3439.0,0.008962631225585938,4699.0,0.0,0,0.09360042959451675,49073.58203125,1000,1000
othim11,full,0,1,0.01,27.097589294350442,0.07683083415031433,40281.484375,27.070628068256415,0.0772523283958435,40502.46875,0.017055511474609375,8942.0,0.007541656494140625,3954.0,0.008792877197265625,4610.0,0.0,0,0.09430783987045288,49444.46875,1000,1000
othim12,full,0,1,0.01,26.81390110203668,0.09078080952167511,47595.2890625,26.80787378342227,0.091244637966156,47838.46875,0.018758773803710938,9835.0,0.00870513916015625,4564.0,0.009199142456054688,4823.0,0.0,0,0.11000341176986694,57673.46875,1000,1000
othim13,full,0,1,0.01,28.249134509950895,0.09086557477712631,47639.73046875,28.221912691584254,0.0912107601761818,47820.70703125,0.017574310302734375,9214.0,0.0077037811279296875,4039.0,0.009143829345703125,4794.0,0.0,0,0.10878507047891617,57034.70703125,1000,1000
othim14,full,0,1,0.01,28.16006646602772,0.08207770437002182,43032.35546875,28.1336136225373,0.08291775733232498,43472.78515625,0.016733169555664062,8773.0,0.006744384765625,3536.0,0.00914764404296875,4796.0,0.0,0,0.09965092688798904,52245.78515625,1000,1000
othim15,full,0,1,0.01,28.242300905763823,0.08836647868156433,46329.484375,28.22176002925315,0.08854956924915314,46425.4765625,0.01757049560546875,9212.0,0.007831573486328125,4106.0,0.008882522583007812,4657.0,0.0,0,0.10612006485462189,55637.4765625,1000,1000
othim16,full,0,1,0.01,28.738880341748985,0.07514719665050507,39398.7734375,28.685890712620775,0.0754881203174591,39577.515625,0.017393112182617188,9119.0,0.0077342987060546875,4055.0,0.00868988037109375,4556.0,0.0,0,0.0928812325000763,48696.515625,1000,1000
othim17,full,0,1,0.01,28.81245118659088,0.07322859764099121,38392.875,28.77742161788015,0.07385465502738953,38721.109375,0.018980026245117188,9951.0,0.00769805908203125,4036.0,0.010423660278320312,5465.0,0.0,0,0.09283468127250671,48672.109375,1000,1000
othim18,full,0,1,0.01,28.629959579094944,0.07908828556537628,41465.0390625,28.600260700741842,0.07963022589683533,41749.171875,0.01702117919921875,8924.0,0.0076446533203125,4008.0,0.008630752563476562,4525.0,0.0,0,0.09665140509605408,50673.171875,1000,1000
othim19,full,0,1,0.01,25.491308684435506,0.17237991094589233,90376.71875,25.4811884222748,0.17297989130020142,90691.28125,0.017805099487304688,9335.0,0.0077686309814453125,4073.0,0.009174346923828125,4810.0,0.0,0,0.1907849907875061,100026.28125,1000,1000
othim20,full,0,1,0.01,25.370871481970756,0.17132419347763062,89823.21875,25.359652480095264,0.1725480556488037,90464.875,0.016162872314453125,8474.0,0.006549835205078125,3434.0,0.008745193481445312,4585.0,0.0,0,0.18871092796325684,98938.875,1000,1000
othim21,full,0,1,0.01,25.34177014928069,0.16506993770599365,86544.1875,25.334820039762803,0.16612949967384338,87099.703125,0.01868438720703125,9796.0,0.00763702392578125,4004.0,0.01020050048828125,5348.0,0.0,0,0.18481388688087463,96895.703125,1000,1000
othim22,full,0,1,0.01,27.878554501532317,0.11143336445093155,58423.17578125,27.831210937571623,0.11228050291538239,58867.3203125,0.017375946044921875,9110.0,0.007541656494140625,3954.0,0.008975982666015625,4706.0,0.0,0,0.12965644896030426,67977.3203125,1000,1000
othim23,full,0,1,0.01,27.72913959965395,0.10042843222618103,52653.421875,27.70032715831738,0.10150700062513351,53218.90234375,0.019060134887695312,9993.0,0.007598876953125,3984.0,0.010585784912109375,5550.0,0.0,0,0.12056713551282883,63211.90234375,1000,1000
othim24,full,0,1,0.01,26.592874421538966,0.1276850700378418,66943.75,26.566919115994253,0.128489151597023,67365.3203125,0.017576217651367188,9215.0,0.0076885223388671875,4031.0,0.0089111328125,4672.0,0.0,0,0.1460653692483902,76580.3203125,1000,1000
othim25,full,0,1,0.01,24.815126788357684,0.19016699492931366,99702.2734375,24.809605683447785,0.19194985926151276,100637.0078125,0.017858505249023438,9363.0,0.0066585540771484375,3491.0,0.010223388671875,5360.0,0.0,0,0.2098083645105362,110000.0078125,1000,1000
othim26,full,0,1,0.01,24.85631797585326,0.1869262009859085,98003.1640625,24.849132528891108,0.1879618614912033,98546.1484375,0.018480300903320312,9689.0,0.007801055908203125,4090.0,0.00982666015625,5152.0,0.0,0,0.20644216239452362,108235.1484375,1000,1000
othim27,full,0,1,0.01,25.371905225877203,0.15153896808624268,79450.0625,25.355893594786465,0.1529233157634735,80175.859375,0.0177459716796875,9304.0,0.0067291259765625,3528.0,0.010286331176757812,5393.0,0.0,0,0.170669287443161,89479.859375,1000,1000
othim28,full,0,1,0.01,25.514629455601504,0.13664460182189941,71641.125,25.50915900282288,0.13759569823741913,72139.7734375,0.016460418701171875,8630.0,0.0066204071044921875,3471.0,0.008981704711914062,4709.0,0.0,0,0.154056116938591,80769.7734375,1000,1000
othim29,full,0,1,0.01,25.851634394491708,0.1378273069858551,72261.203125,25.833229233346273,0.13869750499725342,72717.4375,0.01680755615234375,8812.0,0.0066738128662109375,3499.0,0.009267807006835938,4859.0,0.0,0,0.15550506114959717,81529.4375,1000,1000
othim30,full,0,1,0.01,25.54074521272629,0.1435050666332245,75237.984375,25.521451581073322,0.14370501041412354,75342.8125,0.019109725952148438,10019.0,0.0087890625,4608.0,0.00943756103515625,4948.0,0.0,0,0.16281473636627197,85361.8125,1000,1000
othim01,full,0,1,0.00802,27.48303351734508,0.112465500831604,58964.3125,27.460157271135177,0.11301115900278091,59250.39453125,0.018289566040039062,9589.0,0.007564544677734375,3966.0,0.009908676147460938,5195.0,0.0,0,0.13130072504281998,68839.39453125,1000,1000
othim02,full,0,1,0.00802,27.457213930771882,0.12218564748764038,64060.46875,27.432910606477744,0.12331782281398773,64654.0546875,0.016490936279296875,8646.0,0.0065326690673828125,3425.0,0.009265899658203125,4858.0,0.0,0,0.1398087590932846,73300.0546875,1000,1000
othim03,full,0,1,0.00802,27.51220207583329,0.11670199036598206,61185.453125,27.503698833477504,0.11775670945644379,61738.4296875,0.018934249877929688,9927.0,0.0076885223388671875,4031.0,0.010400772094726562,5453.0,0.0,0,0.13669095933437347,71665.4296875,1000,1000
othim04,full,0,1,0.00802,24.843737151390076,0.2465299665927887,129252.703125,24.839991370901384,0.2473573237657547,129686.4765625,0.018716812133789062,9813.0,0.0075817108154296875,3975.0,0.0102691650390625,5384.0,0.0,0,0.26607413589954376,139499.4765625,1000,1000
othim05,full,0,1,0.00802,25.766197857167082,0.1912982165813446,100295.359375,25.759890401183167,0.1917426884174347,100528.390625,0.019094467163085938,10011.0,0.007825851440429688,4103.0,0.010530471801757812,5521.0,0.0,0,0.21083715558052063,110539.390625,1000,1000
othim06,full,0,1,0.00802,25.85779543350671,0.19866137206554413,104155.7734375,25.825282806600555,0.20003676414489746,104876.875,0.016017913818359375,8398.0,0.0076770782470703125,4025.0,0.0075931549072265625,3981.0,0.0,0,0.21605467796325684,113274.875,1000,1000
othim07,full,0,1,0.00802,28.534080290547283,0.09475699067115784,49679.953125,28.498825439607675,0.095220647752285,49923.04296875,0.01752471923828125,9188.0,0.007837295532226562,4109.0,0.008960723876953125,4698.0,0.0,0,0.11274536699056625,59111.04296875,1000,1000
othim08,full,0,1,0.00802,28.95795554968164,0.08821570873260498,46250.4375,28.904634757522757,0.08913420140743256,46731.9921875,0.017425537109375,9136.0,0.0076999664306640625,4037.0,0.008901596069335938,4667.0,0.0,0,0.10655973851680756,55867.9921875,1000,1000
othim09,full,0,1,0.00802,28.894107145615536,0.10083223134279251,52865.12890625,28.864796350990105,0.10167045891284943,53304.6015625,0.017862319946289062,9365.0,0.0076618194580078125,4017.0,0.009233474731445312,4841.0,0.0,0,0.11953277885913849,62669.6015625,1000,1000
othim10,full,0,1,0.00802,28.069203409597947,0.10085957497358322,52879.46484375,28.009344262035672,0.10110347718000412,53007.33984375,0.017505645751953125,9178.0,0.00873565673828125,4580.0,0.0076503753662109375,4011.0,0.0,0,0.11860912293195724,62185.33984375,1000,1000
othim11,full,0,1,0.00802,27.515537054853397,0.10562615096569061,55378.5234375,27.490172717413728,0.10610373318195343,55628.9140625,0.015760421752929688,8263.0,0.00737762451171875,3868.0,0.0074100494384765625,3885.0,0.0,0,0.12186415493488312,63891.9140625,1000,1000
othim12,full,0,1,0.00802,27.252283549239962,0.10798636078834534,56615.953125,27.215274479394093,0.10851900279521942,56895.2109375,0.017530441284179688,9191.0,0.007740020751953125,4058.0,0.008916854858398438,4675.0,0.0,0,0.1260494440793991,66086.2109375,1000,1000
othim13,full,0,1,0.00802,28.690320872298994,0.09195360541343689,48210.171875,28.669024871672985,0.0929633304476738,48739.55859375,0.018693923950195312,9801.0,0.0077190399169921875,4047.0,0.010129928588867188,5311.0,0.0,0,0.11165725439786911,58540.55859375,1000,1000
othim14,full,0,1,0.00802,28.833368117219397,0.09480421245098114,49704.7109375,28.817176850637697,0.09550800174474716,50073.69921875,0.018798828125,9856.0,0.00749969482421875,3932.0,0.01045989990234375,5484.0,0.0,0,0.11430682986974716,59929.69921875,1000,1000
othim15,full,0,1,0.00802,28.72357258367299,0.1041644811630249,54612.1875,28.697119570567622,0.10624060779809952,55700.67578125,0.016542434692382812,8673.0,0.0065021514892578125,3409.0,0.009187698364257812,4817.0,0.0,0,0.12278304249048233,64373.67578125,1000,1000
othim16,full,0,1,0.00802,29.148652237729493,0.08636567741632462,45280.48828125,29.12827221813792,0.08667699992656708,45443.7109375,0.018678665161132812,9793.0,0.0077266693115234375,4051.0,0.010232925415039062,5365.0,0.0,0,0.10535566508769989,55236.7109375,1000,1000
othim17,full,0,1,0.00802,29.190573578254458,0.08715309947729111,45693.32421875,29.15519675891204,0.08843252062797546,46364.109375,0.0178680419921875,9368.0,0.006740570068359375,3534.0,0.010400772094726562,5453.0,0.0,0,0.10630056262016296,55732.109375,1000,1000
othim18,full,0,1,0.00802,29.10389197851282,0.08823356032371521,46259.796875,29.072959694798584,0.0885501429438591,46425.77734375,0.018474578857421875,9686.0,0.007595062255859375,3982.0,0.010129928588867188,5311.0,0.0,0,0.10702472180128098,56111.77734375,1000,1000
othim19,full,0,1,0.00802,25.94140153750206,0.19634971022605896,102943.796875,25.921680943914335,0.19655250012874603,103050.1171875,0.0183868408203125,9640.0,0.008737564086914062,4581.0,0.008922576904296875,4678.0,0.0,0,0.21493934094905853,112690.1171875,1000,1000
othim20,full,0,1,0.00802,25.709892297311015,0.19817742705345154,103902.046875,25.694000161500227,0.1984790712594986,104060.1953125,0.017246246337890625,9042.0,0.0075206756591796875,3943.0,0.008855819702148438,4643.0,0.0,0,0.21572531759738922,113102.1953125,1000,1000
othim21,full,0,1,0.00802,25.651134406179306,0.20152032375335693,105654.6875,25.64246504764453,0.20278358459472656,106317.0,0.01766204833984375,9260.0,0.0076274871826171875,3999.0,0.0089111328125,4672.0,0.0,0,0.2204456329345703,115577.0,1000,1000
othim22,full,0,1,0.00802,28.334889039117485,0.11273732036352158,59106.82421875,28.271557674482185,0.11356418579816818,59540.33984375,0.017591476440429688,9223.0,0.0076961517333984375,4035.0,0.008913040161132812,4673.0,0.0,0,0.13115566223859787,68763.33984375,1000,1000
othim23,full,0,1,0.00802,28.173563886577472,0.11774953454732895,61734.66796875,28.147937292327196,0.11846169829368591,62108.046875,0.017942428588867188,9407.0,0.0077419281005859375,4059.0,0.009317398071289062,4885.0,0.0,0,0.1364041268825531,71515.046875,1000,1000
othim24,full,0,1,0.00802,27.06897121986474,0.14101040363311768,73930.0625,27.052932492026727,0.14240530133247375,74661.390625,0.018785476684570312,9849.0,0.0075016021728515625,3933.0,0.0104217529296875,5464.0,0.0,0,0.16119077801704407,84510.390625,1000,1000
othim25,full,0,1,0.00802,25.133010097618207,0.2242528200149536,117573.0625,25.12867868076204,0.2253166139125824,118130.796875,0.018800735473632812,9857.0,0.0076904296875,4032.0,0.01025390625,5376.0,0.0,0,0.2441173493862152,127987.796875,1000,1000
othim26,full,0,1,0.00802,25.169417309504784,0.21467991173267365,112554.1015625,25.164483640124118,0.21518805623054504,112820.515625,0.0184478759765625,9672.0,0.00772857666015625,4052.0,0.009868621826171875,5174.0,0.0,0,0.23363593220710754,122492.515625,1000,1000
othim27,full,0,1,0.00802,25.77150775646679,0.17544972896575928,91986.1875,25.75852213662939,0.1760050356388092,92277.328125,0.0188140869140625,9864.0,0.007598876953125,3984.0,0.0103607177734375,5432.0,0.0,0,0.1948191225528717,102141.328125,1000,1000
othim28,full,0,1,0.00802,25.884411535767097,0.15536057949066162,81453.6875,25.877179973153517,0.15569978952407837,81631.53125,0.018571853637695312,9737.0,0.0076656341552734375,4019.0,0.0101776123046875,5336.0,0.0,0,0.17427164316177368,91368.53125,1000,1000
othim29,full,0,1,0.00802,26.365328597209658,0.16337421536445618,85655.140625,26.332063970839332,0.16455435752868652,86273.875,0.01563262939453125,8196.0,0.006725311279296875,3526.0,0.008159637451171875,4278.0,0.0,0,0.18018698692321777,94469.875,1000,1000
othim30,full,0,1,0.00802,25.76566620716366,0.1605253517627716,84161.515625,25.753128161342506,0.16152217984199524,84684.140625,0.017581939697265625,9218.0,0.0077972412109375,4088.0,0.009033203125,4736.0,0.0,0,0.17910411953926086,93902.140625,1000,1000
othim01,full,0,1,0.00604,28.01463736155422,0.13760340213775635,72143.8125,28.002423263806165,0.1378764510154724,72286.96875,0.018739700317382812,9825.0,0.007659912109375,4016.0,0.010129928588867188,5311.0,0.0,0,0.15661615133285522,82111.96875,1000,1000
othim02,full,0,1,0.00604,27.901310047226875,0.1369541585445404,71803.421875,27.877090290298156,0.13801315426826477,72358.640625,0.01767730712890625,9268.0,0.006557464599609375,3438.0,0.01016998291015625,5332.0,0.0,0,0.15569046139717102,81626.640625,1000,1000
othim03,full,0,1,0.00604,28.09435458059823,0.1417425572872162,74313.921875,28.088653286915417,0.14386612176895142,75427.28125,0.017667770385742188,9263.0,0.0065441131591796875,3431.0,0.010282516479492188,5391.0,0.0,0,0.1615338921546936,84690.28125,1000,1000
othim04,full,0,1,0.00604,25.28565249175735,0.29582637548446655,155098.21875,25.28218713235616,0.2969110608100891,155666.90625,0.018964767456054688,9943.0,0.0075664520263671875,3967.0,0.01053619384765625,5524.0,0.0,0,0.3158758282661438,165609.90625,1000,1000
othim05,full,0,1,0.00604,26.240810908889813,0.23767021298408508,124607.640625,26.220955820800608,0.23856279253959656,125075.609375,0.017480850219726562,9165.0,0.007694244384765625,4034.0,0.008924484252929688,4679.0,0.0,0,0.2560436427593231,134240.609375,1000,1000
othim06,full,0,1,0.00604,26.454167968542816,0.24597673118114471,128962.6484375,26.430136858108426,0.2472265064716339,129617.890625,0.016857147216796875,8838.0,0.0074138641357421875,3887.0,0.008579254150390625,4498.0,0.0,0,0.2640836536884308,138455.890625,1000,1000
othim07,full,0,1,0.00604,29.19284273876529,0.11903154104948044,62406.80859375,29.17836284830567,0.11941251158714294,62606.546875,0.019422531127929688,10183.0,0.008707046508789062,4565.0,0.009983062744140625,5234.0,0.0,0,0.13883504271507263,72789.546875,1000,1000
othim08,full,0,1,0.00604,29.28862828410054,0.1074027270078659,56309.9609375,29.26216036161337,0.10843437910079956,56850.84375,0.017192840576171875,9014.0,0.0076961517333984375,4035.0,0.008670806884765625,4546.0,0.0,0,0.12562721967697144,65864.84375,1000,1000
othim09,full,0,1,0.00604,29.290686790810913,0.11729675531387329,61497.28125,29.265278039580902,0.11819566786289215,61968.5703125,0.018716812133789062,9813.0,0.007663726806640625,4018.0,0.01020050048828125,5348.0,0.0,0,0.1369124799966812,71781.5703125,1000,1000
othim10,full,0,1,0.00604,28.498203774209486,0.12025175988674164,63046.5546875,28.472889298191173,0.12086370587348938,63367.390625,0.01729583740234375,9068.0,0.007579803466796875,3974.0,0.008726119995117188,4575.0,0.0,0,0.13815954327583313,72435.390625,1000,1000
othim11,full,0,1,0.00604,28.10416603512459,0.13631564378738403,71468.65625,28.085770650523774,0.1367497742176056,71696.265625,0.016956329345703125,8890.0,0.0074901580810546875,3927.0,0.008485794067382812,4449.0,0.0,0,0.15370610356330872,80586.265625,1000,1000
othim12,full,0,1,0.00604,27.740722697550805,0.13956822454929352,73173.9453125,27.732072686973705,0.14019106328487396,73500.4921875,0.018617630004882812,9761.0,0.007781982421875,4080.0,0.0099639892578125,5224.0,0.0,0,0.15880869328975677,83261.4921875,1000,1000
othim13,full,0,1,0.00604,29.20551772949169,0.11347583681344986,59494.01953125,29.191197551717448,0.11374896764755249,59637.21875,0.01856231689453125,9732.0,0.00768280029296875,4028.0,0.010021209716796875,5254.0,0.0,0,0.13231128454208374,69369.21875,1000,1000
othim14,full,0,1,0.00604,29.207927986314473,0.11206507682800293,58754.375,29.19091977187735,0.1129981279373169,59243.5625,0.017332077026367188,9087.0,0.007503509521484375,3934.0,0.008985519409179688,4711.0,0.0,0,0.13033020496368408,68330.5625,1000,1000
othim15,full,0,1,0.00604,29.051628451590286,0.11521105468273163,60403.7734375,29.043418010486757,0.11536116898059845,60482.4765625,0.02014923095703125,10564.0,0.008716583251953125,4570.0,0.010450363159179688,5479.0,0.0,0,0.1355103999376297,71046.4765625,1000,1000
othim16,full,0,1,0.00604,29.651878223167433,0.10488149523735046,54988.109375,29.63311031785091,0.10567350685596466,55403.3515625,0.018705368041992188,9807.0,0.007701873779296875,4038.0,0.01026153564453125,5380.0,0.0,0,0.12437887489795685,65210.3515625,1000,1000
othim17,full,0,1,0.00604,29.6323085190534,0.10328009724617004,54148.515625,29.61239626137179,0.10389690846204758,54471.90234375,0.01824188232421875,9564.0,0.0075855255126953125,3977.0,0.009693145751953125,5082.0,0.0,0,0.12213879078626633,64035.90234375,1000,1000
othim18,full,0,1,0.00604,29.65871364233513,0.10227465629577637,53621.375,29.6426554229224,0.10288088768720627,53939.21484375,0.018907546997070312,9913.0,0.0077838897705078125,4081.0,0.0101470947265625,5320.0,0.0,0,0.12178843468427658,63852.21484375,1000,1000
othim19,full,0,1,0.00604,26.56188936673587,0.23681017756462097,124156.734375,26.53952228271433,0.23756873607635498,124554.4375,0.0175933837890625,9224.0,0.0076885223388671875,4031.0,0.00905609130859375,4748.0,0.0,0,0.2551621198654175,133778.4375,1000,1000
othim20,full,0,1,0.00604,26.306877666100547,0.23478132486343384,123093.03125,26.291278520607666,0.23546400666236877,123450.953125,0.017910003662109375,9390.0,0.0077610015869140625,4069.0,0.00916290283203125,4804.0,0.0,0,0.25337401032447815,132840.953125,1000,1000
othim21,full,0,1,0.00604,26.233638496569593,0.23467224836349487,123035.84375,26.21652705251761,0.23626545071601868,123871.140625,0.016691207885742188,8751.0,0.0066509246826171875,3487.0,0.009067535400390625,4754.0,0.0,0,0.25295665860176086,132622.140625,1000,1000
othim22,full,0,1,0.00604,28.84511240988454,0.13123300671577454,68803.890625,28.82544436506895,0.13236844539642334,69399.1875,0.01873779296875,9824.0,0.007709503173828125,4042.0,0.010162353515625,5328.0,0.0,0,0.15110623836517334,79223.1875,1000,1000
othim23,full,0,1,0.00604,28.755750716419854,0.14073649048805237,73786.453125,28.72302379362713,0.14088797569274902,73865.875,0.020990371704101562,11005.0,0.009796142578125,5136.0,0.010198593139648438,5347.0,0.0,0,0.16187834739685059,84870.875,1000,1000
othim24,full,0,1,0.00604,27.436307308037645,0.1730029135942459,90703.3515625,27.420560962011383,0.1733388602733612,90879.484375,0.019840240478515625,10402.0,0.008670806884765625,4546.0,0.010189056396484375,5342.0,0.0,0,0.19317910075187683,101281.484375,1000,1000
othim25,full,0,1,0.00604,26.148924260859165,0.28065717220306396,147145.1875,26.13785508874585,0.2818599045276642,147775.765625,0.01912689208984375,10028.0,0.007598876953125,3984.0,0.01055908203125,5536.0,0.0,0,0.30098679661750793,157803.765625,1000,1000
othim26,full,0,1,0.00604,26.003888424039474,0.26773929595947266,140372.5,25.998564064326303,0.2685001790523529,140771.421875,0.01958465576171875,10268.0,0.008714675903320312,4569.0,0.009891510009765625,5186.0,0.0,0,0.28808483481407166,151039.421875,1000,1000
othim27,full,0,1,0.00604,26.26762934230167,0.2159227728843689,113205.71875,26.250030617268596,0.21674242615699768,113635.453125,0.018718719482421875,9814.0,0.0075969696044921875,3983.0,0.010396957397460938,5451.0,0.0,0,0.23546114563941956,123449.453125,1000,1000
othim28,full,0,1,0.00604,26.30068749626153,0.18494223058223724,96962.9921875,26.295351517853874,0.1863442063331604,97698.03125,0.017644882202148438,9251.0,0.006683349609375,3504.0,0.010103225708007812,5297.0,0.0,0,0.20398908853530884,106949.03125,1000,1000
othim29,full,0,1,0.00604,26.83657034984608,0.18679796159267426,97935.9296875,26.83044247706508,0.18779247999191284,98457.34375,0.018650054931640625,9778.0,0.007848739624023438,4115.0,0.009813308715820312,5145.0,0.0,0,0.20644253492355347,108235.34375,1000,1000
othim30,full,0,1,0.00604,26.492084172249935,0.1959591805934906,102739.046875,26.472070631157838,0.19626003503799438,102896.78125,0.018526077270507812,9713.0,0.008722305297851562,4573.0,0.008953094482421875,4694.0,0.0,0,0.2147861123085022,112609.78125,1000,1000
othim01,full,0,1,0.00406,28.69605369473211,0.1862335056066513,97639.9921875,28.680352710710153,0.1865341067314148,97797.59375,0.020885467529296875,10950.0,0.008670806884765625,4546.0,0.011379241943359375,5966.0,0.0,0,0.20741957426071167,108747.59375,1000,1000
othim02,full,0,1,0.00406,28.815828891944733,0.18212027847766876,95483.4765625,28.801870808887177,0.1824927031993866,95678.734375,0.019481658935546875,10214.0,0.008668899536132812,4545.0,0.009981155395507812,5233.0,0.0,0,0.20197436213493347,105892.734375,1000,1000
othim03,full,0,1,0.00406,28.584885725156823,0.18681442737579346,97944.5625,28.55904089102873,0.18717160820960999,98131.828125,0.019201278686523438,10067.0,0.008749008178710938,4587.0,0.0094757080078125,4968.0,0.0,0,0.20637288689613342,108198.828125,1000,1000
othim04,full,0,1,0.00406,26.975505183235942,0.44396668672561646,232766.40625,26.9667349527649,0.44458305835723877,233089.5625,0.019100189208984375,10014.0,0.007549285888671875,3958.0,0.01056671142578125,5540.0,0.0,0,0.46368324756622314,243103.5625,1000,1000
othim05,full,0,1,0.00406,27.74982757174983,0.3409516215324402,178756.84375,27.746450937790673,0.3418049216270447,179204.21875,0.019832611083984375,10398.0,0.0075836181640625,3976.0,0.011262893676757812,5905.0,0.0,0,0.36163753271102905,189602.21875,1000,1000
othim06,full,0,1,0.00406,27.82110093426111,0.3542974293231964,185753.890625,27.81212218223608,0.35577070713043213,186526.3125,0.018690109252929688,9799.0,0.0076313018798828125,4001.0,0.010091781616210938,5291.0,0.0,0,0.3744608163833618,196325.3125,1000,1000
othim07,full,0,1,0.00406,30.38035392781298,0.1582992523908615,82994.3984375,30.375779803853064,0.15954867005348206,83649.453125,0.019880294799804688,10423.0,0.0076084136962890625,3989.0,0.011312484741210938,5931.0,0.0,0,0.17942896485328674,94072.453125,1000,1000
othim08,full,0,1,0.00406,30.048377508745443,0.1378103494644165,72252.3125,30.02412807411555,0.13880714774131775,72774.921875,0.018901824951171875,9910.0,0.007572174072265625,3970.0,0.01036834716796875,5436.0,0.0,0,0.15770897269248962,82684.921875,1000,1000
othim09,full,0,1,0.00406,30.004226648609727,0.1411757469177246,74016.75,29.999253846527882,0.14134158194065094,74103.6953125,0.021305084228515625,11170.0,0.0087127685546875,4568.0,0.011631011962890625,6098.0,0.0,0,0.16264666616916656,85273.6953125,1000,1000
othim10,full,0,1,0.00406,29.367219133323726,0.14562901854515076,76351.546875,29.357975861375294,0.14625531435012817,76679.90625,0.019945144653320312,10457.0,0.007724761962890625,4050.0,0.011478424072265625,6018.0,0.0,0,0.1662004590034485,87136.90625,1000,1000
othim11,full,0,1,0.00406,28.975925107178245,0.16559123992919922,86817.5,28.960989157045816,0.16581512987613678,86934.8828125,0.019588470458984375,10270.0,0.008462905883789062,4437.0,0.010023117065429688,5255.0,0.0,0,0.18540360033512115,97204.8828125,1000,1000
othim12,full,0,1,0.00406,28.64628319862111,0.20006349682807922,104890.890625,28.638820522266368,0.20176799595355988,105784.5390625,0.01753997802734375,9196.0,0.006626129150390625,3474.0,0.0100555419921875,5272.0,0.0,0,0.21930797398090363,114980.5390625,1000,1000
othim13,full,0,1,0.00406,29.95318792164129,0.13684850931167603,71748.03125,29.944381770822886,0.13736951351165771,72021.1875,0.020015716552734375,10494.0,0.007724761962890625,4050.0,0.011442184448242188,5999.0,0.0,0,0.1573852300643921,82515.1875,1000,1000
othim14,full,0,1,0.00406,29.924540158690007,0.13810425996780396,72406.40625,29.882165717224353,0.1389581263065338,72854.078125,0.017713546752929688,9287.0,0.0075836181640625,3976.0,0.009153366088867188,4799.0,0.0,0,0.1566716730594635,82141.078125,1000,1000
othim15,full,0,1,0.00406,29.65948934669743,0.1406327188014984,73732.046875,29.642891229562974,0.14190806448459625,74400.6953125,0.01772308349609375,9292.0,0.0066699981689453125,3497.0,0.010190963745117188,5343.0,0.0,0,0.15963114798069,83692.6953125,1000,1000
othim16,full,0,1,0.00406,30.856536646494742,0.13980460166931152,73297.875,30.84140073132346,0.14046603441238403,73644.65625,0.018682479858398438,9795.0,0.0076351165771484375,4003.0,0.01020050048828125,5348.0,0.0,0,0.15914851427078247,83439.65625,1000,1000
othim17,full,0,1,0.00406,30.494658270050166,0.13138821721076965,68885.265625,30.46580987569817,0.13199713826179504,69204.515625,0.018939971923828125,9930.0,0.0076007843017578125,3985.0,0.010480880737304688,5495.0,0.0,0,0.15093711018562317,79134.515625,1000,1000
othim18,full,0,1,0.00406,30.28367415515146,0.1276227980852127,66911.1015625,30.27255281673718,0.12812994420528412,67176.9921875,0.018550872802734375,9726.0,0.007602691650390625,3986.0,0.010101318359375,5296.0,0.0,0,0.1466808170080185,76902.9921875,1000,1000
othim19,full,0,1,0.00406,27.87833976537677,0.33823543787002563,177332.78125,27.869685628403204,0.3385722041130066,177509.34375,0.019170761108398438,10051.0,0.00775909423828125,4068.0,0.010557174682617188,5535.0,0.0,0,0.35774296522140503,187560.34375,1000,1000
othim20,full,0,1,0.00406,27.88075489900052,0.34457331895828247,180655.65625,27.877639792288317,0.3450591266155243,180910.359375,0.02021026611328125,10596.0,0.007587432861328125,3978.0,0.011632919311523438,6099.0,0.0,0,0.36526939272880554,191506.359375,1000,1000
othim21,full,0,1,0.00406,27.75190365730946,0.35610735416412354,186702.8125,27.750218000094975,0.3564690351486206,186892.4375,0.02034759521484375,10668.0,0.008831024169921875,4630.0,0.010526657104492188,5519.0,0.0,0,0.37681663036346436,197560.4375,1000,1000
othim22,full,0,1,0.00406,30.087695710897886,0.17764638364315033,93137.8671875,30.08032147309021,0.17863819003105164,93657.859375,0.0203094482421875,10648.0,0.007678985595703125,4026.0,0.011775970458984375,6174.0,0.0,0,0.19894763827323914,104305.859375,1000,1000
othim23,full,0,1,0.00406,29.390047394339934,0.1799027919769287,94320.875,29.366677574574226,0.1810634285211563,94929.3828125,0.01886749267578125,9892.0,0.007701873779296875,4038.0,0.010416030883789062,5461.0,0.0,0,0.19993092119693756,104821.3828125,1000,1000
othim24,full,0,1,0.00406,28.18150325276569,0.2177119255065918,114143.75,28.16654215960992,0.21832126379013062,114463.21875,0.020050048828125,10512.0,0.008741378784179688,4583.0,0.0102081298828125,5352.0,0.0,0,0.23837131261825562,124975.21875,1000,1000
othim25,full,0,1,0.00406,27.466157650321037,0.37827032804489136,198322.59375,27.4540536195935,0.37889134883880615,198648.1875,0.019016265869140625,9970.0,0.0077533721923828125,4065.0,0.010295867919921875,5398.0,0.0,0,0.3979076147079468,208618.1875,1000,1000
othim26,full,0,1,0.00406,27.428960754140267,0.37865138053894043,198522.375,27.40984222320908,0.379006564617157,198708.59375,0.018310546875,9600.0,0.008731842041015625,4578.0,0.008623123168945312,4521.0,0.0,0,0.397317111492157,208308.59375,1000,1000
othim27,full,0,1,0.00406,27.53023267302957,0.3117358982563019,163439.390625,27.52066820823497,0.31259337067604065,163888.953125,0.018445968627929688,9671.0,0.0077686309814453125,4073.0,0.009702682495117188,5087.0,0.0,0,0.33103933930397034,173559.953125,1000,1000
othim28,full,0,1,0.00406,28.039766730917858,0.3034225404262543,159080.796875,28.02350771758236,0.30448803305625916,159639.421875,0.017339706420898438,9091.0,0.0074558258056640625,3909.0,0.009054183959960938,4747.0,0.0,0,0.3218277394771576,168730.421875,1000,1000
othim29,full,0,1,0.00406,28.302273539347244,0.29978564381599426,157174.015625,28.29289787083468,0.30056267976760864,157581.40625,0.01885986328125,9888.0,0.0076427459716796875,4007.0,0.010240554809570312,5369.0,0.0,0,0.31942254304885864,167469.40625,1000,1000
othim30,full,0,1,0.00406,28.054651562018353,0.31422311067581177,164743.40625,28.033721287071995,0.3152797818183899,165297.40625,0.0175933837890625,9224.0,0.0074329376220703125,3897.0,0.009191513061523438,4819.0,0.0,0,0.3328731656074524,174521.40625,1000,1000
othim01,full,0,1,0.00208,31.44957925637051,0.3436892628669739,180192.15625,31.435146186699786,0.3447628617286682,180755.03125,0.018655776977539062,9781.0,0.007495880126953125,3930.0,0.010087966918945312,5289.0,0.0,0,0.3634186387062073,190536.03125,1000,1000
othim02,full,0,1,0.00208,31.349606411049347,0.32727664709091187,171587.21875,31.343308077015774,0.3281958997249603,172069.171875,0.019899368286132812,10433.0,0.007587432861328125,3978.0,0.011377334594726562,5965.0,0.0,0,0.34809526801109314,182502.171875,1000,1000
othim03,full,0,1,0.00208,31.243761908435513,0.33751171827316284,176953.34375,31.23611195205928,0.33839017152786255,177413.90625,0.019155502319335938,10043.0,0.007656097412109375,4014.0,0.010438919067382812,5473.0,0.0,0,0.3575456738471985,187456.90625,1000,1000
othim04,full,0,1,0.00208,29.499461166337763,0.7206801176071167,377843.9375,29.496674126637725,0.7210677266120911,378047.15625,0.020608901977539062,10805.0,0.00873565673828125,4580.0,0.011045455932617188,5791.0,0.0,0,0.7416766285896301,388852.15625,1000,1000
othim05,full,0,1,0.00208,29.933116833255866,0.5644028186798096,295909.625,29.92191064937565,0.5647717118263245,296103.03125,0.0196380615234375,10296.0,0.008724212646484375,4574.0,0.009939193725585938,5211.0,0.0,0,0.584409773349762,306399.03125,1000,1000
othim06,full,0,1,0.00208,30.10784752076381,0.5661183595657349,296809.0625,30.10289397651375,0.5664759874343872,296996.5625,0.020442962646484375,10718.0,0.008426666259765625,4418.0,0.011060714721679688,5799.0,0.0,0,0.5869189500808716,307714.5625,1000,1000
othim07,full,0,1,0.00208,32.547544889785875,0.255951851606369,134192.484375,32.52864901332253,0.25700268149375916,134743.421875,0.019695281982421875,10326.0,0.00765228271484375,4012.0,0.011072158813476562,5805.0,0.0,0,0.27669796347618103,145069.421875,1000,1000
othim08,full,0,1,0.00208,32.42156952835626,0.2502843737602234,131221.09375,32.41191944884914,0.25111502408981323,131656.59375,0.020864486694335938,10939.0,0.008741378784179688,4583.0,0.011175155639648438,5859.0,0.0,0,0.27197951078414917,142595.59375,1000,1000
othim09,full,0,1,0.00208,32.52482070425928,0.25405198335647583,133196.40625,32.51646190120857,0.2542412281036377,133295.625,0.021024703979492188,11023.0,0.008672714233398438,4547.0,0.011274337768554688,5911.0,0.0,0,0.2752659320831299,144318.625,1000,1000
othim10,full,0,1,0.00208,30.759666593017915,0.25534555315971375,133874.609375,30.734871790820648,0.25674134492874146,134606.40625,0.017307281494140625,9074.0,0.0076503753662109375,4011.0,0.008579254150390625,4498.0,0.0,0,0.2740486264228821,143680.40625,1000,1000
othim11,full,0,1,0.00208,30.817495836234205,0.30647096037864685,160679.046875,30.812048283101905,0.30669838190078735,160798.28125,0.019750595092773438,10355.0,0.008584976196289062,4501.0,0.010065078735351562,5277.0,0.0,0,0.3264489769935608,171153.28125,1000,1000
othim12,full,0,1,0.00208,30.625290552515434,0.35320889949798584,185183.1875,30.609656075201514,0.3543122112751007,185761.640625,0.01903533935546875,9980.0,0.00768280029296875,4028.0,0.010402679443359375,5454.0,0.0,0,0.37334755063056946,195741.640625,1000,1000
othim13,full,0,1,0.00208,32.47433381823887,0.257005512714386,134744.90625,32.465212628212235,0.25766098499298096,135088.5625,0.018278121948242188,9583.0,0.00756072998046875,3964.0,0.00988006591796875,5180.0,0.0,0,0.27593910694122314,144671.5625,1000,1000
othim14,full,0,1,0.00208,32.20946982666558,0.25538331270217896,133894.40625,32.18592035339642,0.25621867179870605,134332.375,0.020395278930664062,10693.0,0.008747100830078125,4586.0,0.010683059692382812,5601.0,0.0,0,0.2766139507293701,145025.375,1000,1000
othim15,full,0,1,0.00208,32.36148159226901,0.2595514953136444,136079.734375,32.34410323931723,0.26107364892959595,136877.78125,0.019121170043945312,10025.0,0.0075321197509765625,3949.0,0.010530471801757812,5521.0,0.0,0,0.28019481897354126,146902.78125,1000,1000
othim16,full,0,1,0.00208,32.73564602500731,0.25100070238113403,131596.65625,32.72607999023149,0.25154608488082886,131882.59375,0.019628524780273438,10291.0,0.008640289306640625,4530.0,0.010026931762695312,5257.0,0.0,0,0.2711746096611023,142173.59375,1000,1000
othim17,full,0,1,0.00208,32.762286886618135,0.2351306825876236,123276.1953125,32.71858469822434,0.2354629933834076,123450.421875,0.018571853637695312,9737.0,0.008525848388671875,4470.0,0.009191513061523438,4819.0,0.0,0,0.2540348470211029,133187.421875,1000,1000
othim18,full,0,1,0.00208,32.884117928936305,0.24551580846309662,128720.9921875,32.85186550780769,0.24655182659626007,129264.1640625,0.018217086791992188,9551.0,0.0074634552001953125,3913.0,0.009790420532226562,5133.0,0.0,0,0.26476891338825226,138815.1640625,1000,1000
othim19,full,0,1,0.00208,30.14104788783678,0.5472191572189331,286900.4375,30.130671158498917,0.5482102036476135,287420.03125,0.01877593994140625,9844.0,0.007549285888671875,3958.0,0.010265350341796875,5382.0,0.0,0,0.5669861435890198,297264.03125,1000,1000
othim20,full,0,1,0.00208,30.13792392475409,0.5777226090431213,302893.03125,30.132699505863588,0.5791116952896118,303621.3125,0.019727706909179688,10343.0,0.00759124755859375,3980.0,0.0112762451171875,5912.0,0.0,0,0.5988394021987915,313964.3125,1000,1000
othim21,full,0,1,0.00208,30.054875628403945,0.5626767873764038,295004.6875,30.043795690218506,0.5640616416931152,295730.75,0.01869964599609375,9804.0,0.007717132568359375,4046.0,0.010152816772460938,5323.0,0.0,0,0.582761287689209,305534.75,1000,1000
othim22,full,0,1,0.00208,32.159814453467995,0.29252180457115173,153365.671875,32.142890879239424,0.2936682105064392,153966.71875,0.018766403198242188,9839.0,0.0077648162841796875,4071.0,0.010026931762695312,5257.0,0.0,0,0.3124346137046814,163805.71875,1000,1000
othim23,full,0,1,0.00208,31.72762452884396,0.3258519768714905,170840.28125,31.692531861043822,0.32664328813552856,171255.15625,0.019884109497070312,10425.0,0.0085906982421875,4504.0,0.01018524169921875,5340.0,0.0,0,0.3465273976325989,181680.15625,1000,1000
othim24,full,0,1,0.00208,31.059611327790407,0.4340340495109558,227558.84375,31.041197222169256,0.43421685695648193,227654.6875,0.020076751708984375,10526.0,0.008769989013671875,4598.0,0.010227203369140625,5362.0,0.0,0,0.4542936086654663,238180.6875,1000,1000
othim25,full,0,1,0.00208,29.351982918733228,0.6056838035583496,317552.75,29.341496553403346,0.606903612613678,318192.28125,0.0196990966796875,10328.0,0.007724761962890625,4050.0,0.011148452758789062,5845.0,0.0,0,0.6266027092933655,328520.28125,1000,1000
othim26,full,0,1,0.00208,29.298501337248656,0.6212230920791626,325699.8125,29.29559861819608,0.6218291521072388,326017.5625,0.020898818969726562,10957.0,0.008672714233398438,4547.0,0.011173248291015625,5858.0,0.0,0,0.6427279710769653,336974.5625,1000,1000
othim27,full,0,1,0.00208,29.4732276087769,0.48078757524490356,252071.15625,29.46399420505816,0.4813111424446106,252345.65625,0.020509719848632812,10753.0,0.008691787719726562,4557.0,0.01097869873046875,5756.0,0.0,0,0.5018208622932434,263098.65625,1000,1000
othim28,full,0,1,0.00208,30.453297412744963,0.5093462467193604,267044.125,30.448513666730594,0.5097910165786743,267277.3125,0.01959991455078125,10276.0,0.008596420288085938,4507.0,0.010097503662109375,5294.0,0.0,0,0.5293909311294556,277553.3125,1000,1000
othim29,full,0,1,0.00208,30.734146276081145,0.5041071176528931,264297.3125,30.721591135183335,0.5050907135009766,264813.0,0.018856048583984375,9886.0,0.007617950439453125,3994.0,0.010412216186523438,5459.0,0.0,0,0.5239467620849609,274699.0,1000,1000
othim30,full,0,1,0.00208,30.493675175985146,0.5231848955154419,274299.5625,30.480683430505447,0.5236197113990784,274527.53125,0.019823074340820312,10393.0,0.008670806884765625,4546.0,0.010301589965820312,5401.0,0.0,0,0.5434427857398987,284920.53125,1000,1000
othim01,full,0,1,0.0001,38.10050865034259,1.3770902156829834,721991.875,38.09851834864498,1.3778705596923828,722401.0,0.023553848266601562,12349.0,0.008279800415039062,4341.0,0.014116287231445312,7401.0,0.0,0,1.4014244079589844,734750.0,1000,1000
othim02,full,0,1,0.0001,38.227353826676186,1.3845832347869873,725920.375,38.22489391050788,1.3855831623077393,726444.625,0.023899078369140625,12530.0,0.00852203369140625,4468.0,0.014097213745117188,7391.0,0.0,0,1.4094822406768799,738974.625,1000,1000
othim03,full,0,1,0.0001,38.1908327679888,1.4433040618896484,756707.0,38.18564166487486,1.4440727233886719,757110.0,0.022733688354492188,11919.0,0.008533477783203125,4474.0,0.013042449951171875,6838.0,0.0,0,1.466806411743164,769029.0,1000,1000
othim04,full,0,1,0.0001,38.78813502338695,2.472644805908203,1296378.0,38.785301484020415,2.4738640785217285,1297017.25,0.02353668212890625,12340.0,0.008298873901367188,4351.0,0.01407623291015625,7380.0,0.0,0,2.4974007606506348,1309357.25,1000,1000
othim05,full,0,1,0.0001,38.73003866135591,2.1734132766723633,1139494.5,38.7276755671023,2.1738064289093018,1139700.625,0.023899078369140625,12530.0,0.009496688842773438,4979.0,0.01320648193359375,6924.0,0.0,0,2.1977055072784424,1152230.625,1000,1000
othim06,full,0,1,0.0001,38.57715518848451,2.2463560104370117,1177737.5,38.57802929890244,2.2468533515930176,1177998.25,0.025051116943359375,13134.0,0.009286880493164062,4869.0,0.014591217041015625,7650.0,0.0,0,2.271904468536377,1191132.25,1000,1000
othim07,full,0,1,0.0001,39.846165447245006,1.0503040552139282,550661.8125,39.84460935315022,1.0507371425628662,550888.875,0.025020599365234375,13118.0,0.009424209594726562,4941.0,0.014436721801757812,7569.0,0.0,0,1.0757577419281006,564006.875,1000,1000
othim08,full,0,1,0.0001,39.25764614352956,1.0498886108398438,550444.0,39.25266150958445,1.0501282215118408,550569.625,0.023176193237304688,12151.0,0.009552001953125,5008.0,0.01245880126953125,6532.0,0.0,0,1.0733044147491455,562720.625,1000,1000
othim09,full,0,1,0.0001,39.03812196753584,1.0571889877319336,554271.5,39.036492264497156,1.0580976009368896,554747.875,0.023281097412109375,12206.0,0.008340835571289062,4373.0,0.01390838623046875,7292.0,0.0,0,1.081378698348999,566953.875,1000,1000
othim10,full,0,1,0.0001,38.96695319378656,1.3959333896636963,731871.125,38.964445233133766,1.3972322940826416,732552.125,0.0232086181640625,12168.0,0.008531570434570312,4473.0,0.013362884521484375,7006.0,0.0,0,1.420440912246704,744720.125,1000,1000
othim11,full,0,1,0.0001,38.06520675384103,1.6259642839431763,852473.5625,38.05964069734218,1.6261851787567139,852589.375,0.024274826049804688,12727.0,0.0094146728515625,4936.0,0.01367950439453125,7172.0,0.0,0,1.6504600048065186,865316.375,1000,1000
othim12,full,0,1,0.0001,37.69139610084479,1.6090481281280518,843604.625,37.6907282985591,1.6093828678131104,843780.125,0.024095535278320312,12633.0,0.009525299072265625,4994.0,0.013519287109375,7088.0,0.0,0,1.6334784030914307,856413.125,1000,1000
othim13,full,0,1,0.0001,40.24767050346071,1.0821678638458252,567367.625,40.246618868060594,1.0829026699066162,567752.875,0.023931503295898438,12547.0,0.009489059448242188,4975.0,0.01340484619140625,7028.0,0.0,0,1.1068341732025146,580299.875,1000,1000
othim14,full,0,1,0.0001,40.178214639780236,1.109262228012085,581572.875,40.16847527417788,1.1097722053527832,581840.25,0.021646499633789062,11349.0,0.00848388671875,4448.0,0.012239456176757812,6417.0,0.0,0,1.1314187049865723,593189.25,1000,1000
othim15,full,0,1,0.0001,40.13886633482397,1.1465864181518555,601141.5,40.130966439919725,1.147114634513855,601418.4375,0.02219390869140625,11636.0,0.009485244750976562,4973.0,0.01157379150390625,6068.0,0.0,0,1.1693085432052612,613054.4375,1000,1000
othim16,full,0,1,0.0001,41.21577659151254,1.0790536403656006,565734.875,41.20724590140421,1.080219030380249,566345.875,0.022909164428710938,12011.0,0.008333206176757812,4369.0,0.013538360595703125,7098.0,0.0,0,1.10312819480896,578356.875,1000,1000
othim17,full,0,1,0.0001,41.01222678597912,1.0293837785720825,539693.5625,41.009924532719474,1.029850959777832,539938.5,0.02294158935546875,12028.0,0.009464263916015625,4962.0,0.012460708618164062,6533.0,0.0,0,1.0527925491333008,551966.5,1000,1000
othim18,full,0,1,0.0001,41.21494671026175,1.006801962852478,527854.1875,41.207764340165404,1.0071372985839844,528030.0,0.022518157958984375,11806.0,0.00945281982421875,4956.0,0.012136459350585938,6363.0,0.0,0,1.0296554565429688,539836.0,1000,1000
othim19,full,0,1,0.0001,39.08927677871838,2.042952537536621,1071095.5,39.08475526134119,2.043558120727539,1071413.0,0.024465560913085938,12827.0,0.009481430053710938,4971.0,0.0139617919921875,7320.0,0.0,0,2.068023681640625,1084240.0,1000,1000
othim20,full,0,1,0.0001,39.11851895338922,2.0434651374816895,1071364.25,39.11543937233272,2.04436993598938,1071838.625,0.022916793823242188,12015.0,0.0085601806640625,4488.0,0.01322174072265625,6932.0,0.0,0,2.067286729812622,1083853.625,1000,1000
othim21,full,0,1,0.0001,38.47694665222999,2.0247650146484375,1061560.0,38.46969851698912,2.0251760482788086,1061775.5,0.022403717041015625,11746.0,0.009443283081054688,4951.0,0.01194000244140625,6260.0,0.0,0,2.047579765319824,1073521.5,1000,1000
othim22,full,0,1,0.0001,37.99909353930899,1.2221112251281738,640738.25,37.99352884803184,1.2227307558059692,641063.0625,0.021772384643554688,11415.0,0.008365631103515625,4386.0,0.012247085571289062,6421.0,0.0,0,1.244503140449524,652478.0625,1000,1000
othim23,full,0,1,0.0001,39.10348001854296,1.3698475360870361,718194.625,39.10220636429897,1.3706810474395752,718631.625,0.026178359985351562,13725.0,0.009410858154296875,4934.0,0.015596389770507812,8177.0,0.0,0,1.3968594074249268,732356.625,1000,1000
othim24,full,0,1,0.0001,38.27815798624237,1.5845149755477905,830742.1875,38.275955432330626,1.5857502222061157,831389.8125,0.024545669555664062,12869.0,0.009283065795898438,4867.0,0.014101028442382812,7393.0,0.0,0,1.6102958917617798,844258.8125,1000,1000
othim25,full,0,1,0.0001,35.15757041331124,2.0933313369750977,1097508.5,35.1571629343874,2.0937414169311523,1097723.5,0.024442672729492188,12815.0,0.009458541870117188,4959.0,0.013689041137695312,7177.0,0.0,0,2.1181840896606445,1110538.5,1000,1000
othim26,full,0,1,0.0001,35.37232124512956,2.076681613922119,1088779.25,35.3691185094576,2.0779051780700684,1089420.75,0.022464752197265625,11778.0,0.008432388305664062,4421.0,0.012722015380859375,6670.0,0.0,0,2.100369930267334,1101198.75,1000,1000
othim27,full,0,1,0.0001,35.687965824712336,1.9442903995513916,1019368.125,35.68637548972878,1.9455277919769287,1020016.875,0.02407073974609375,12620.0,0.00946044921875,4960.0,0.013437271118164062,7045.0,0.0,0,1.9695985317230225,1032636.875,1000,1000
othim28,full,0,1,0.0001,39.657593915851635,1.853010892868042,971511.375,39.65519062027564,1.854374647140503,972226.375,0.022552490234375,11824.0,0.008365631103515625,4386.0,0.013269424438476562,6957.0,0.0,0,1.876927137374878,984050.375,1000,1000
othim29,full,0,1,0.0001,39.534704467145154,1.8084720373153687,948160.1875,39.52991792157653,1.8089871406555176,948430.25,0.023113250732421875,12118.0,0.009668350219726562,5069.0,0.012401580810546875,6502.0,0.0,0,1.8321003913879395,960548.25,1000,1000
othim30,full,0,1,0.0001,39.22158841123703,1.847780704498291,968769.25,39.220158149099916,1.848268985748291,969025.25,0.024732589721679688,12967.0,0.009794235229492188,5135.0,0.013776779174804688,7223.0,0.0,0,1.8730015754699707,981992.25,1000,1000
othim01,full,1,1,0.01,27.51942049241103,0.10940581560134888,57360.15625,27.507422629806566,0.11095694452524185,58173.39453125,0.017827987670898438,9347.0,0.006572723388671875,3446.0,0.010303497314453125,5402.0,0.0,0,0.1287849321961403,67520.39453125,1000,1000
othim02,full,1,1,0.01,27.664704410279466,0.10682588070631027,56007.52734375,27.651206554923856,0.10783539712429047,56536.8046875,0.018541336059570312,9721.0,0.0076045989990234375,3987.0,0.010112762451171875,5302.0,0.0,0,0.12637673318386078,66257.8046875,1000,1000
othim03,full,1,1,0.01,27.45486882210294,0.10888637602329254,57087.8203125,27.429556045811108,0.10931439697742462,57312.2265625,0.01869964599609375,9804.0,0.007732391357421875,4054.0,0.010248184204101562,5373.0,0.0,0,0.12801404297351837,67116.2265625,1000,1000
othim04,full,1,1,0.01,24.70359395244066,0.21995358169078827,115319.0234375,24.687659788243568,0.22046157717704773,115585.359375,0.01702117919921875,8924.0,0.007598876953125,3984.0,0.0085601806640625,4488.0,0.0,0,0.23748275637626648,124509.359375,1000,1000
othim05,full,1,1,0.01,25.56121709586884,0.1788509637117386,93769.4140625,25.51182850137343,0.1791704148054123,93936.8984375,0.015489578247070312,8121.0,0.008729934692382812,4577.0,0.005901336669921875,3094.0,0.0,0,0.1946599930524826,102057.8984375,1000,1000
othim06,full,1,1,0.01,25.700945757926522,0.18445733189582825,96708.765625,25.692209163597994,0.18567174673080444,97345.46875,0.017316818237304688,9079.0,0.007617950439453125,3994.0,0.008699417114257812,4561.0,0.0,0,0.20298856496810913,106424.46875,1000,1000
othim07,full,1,1,0.01,28.708996064283493,0.10161590576171875,53276.0,28.607755718902883,0.10260411351919174,53794.10546875,0.016889572143554688,8855.0,0.0077381134033203125,4057.0,0.008298873901367188,4351.0,0.0,0,0.11949368566274643,62649.10546875,1000,1000
othim08,full,1,1,0.01,29.193717717037178,0.08937346935272217,46857.4375,29.169884958530645,0.08963225781917572,46993.1171875,0.01915740966796875,10044.0,0.007595062255859375,3982.0,0.010717391967773438,5619.0,0.0,0,0.10878966748714447,57037.1171875,1000,1000
othim09,full,1,1,0.01,29.034849904714225,0.09975013136863708,52297.796875,29.02139064736092,0.1002245843410492,52546.546875,0.019313812255859375,10126.0,0.0077114105224609375,4043.0,0.010766983032226562,5645.0,0.0,0,0.11953839659690857,62672.546875,1000,1000
othim10,full,1,1,0.01,28.11076288619536,0.09051285684108734,47454.8046875,28.09823957645467,0.09101790189743042,47719.59375,0.018766403198242188,9839.0,0.00762939453125,4000.0,0.010164260864257812,5329.0,0.0,0,0.10978430509567261,57558.59375,1000,1000
othim11,full,1,1,0.01,27.547617898309188,0.09075441211462021,47581.44921875,27.509433726989837,0.0912846177816391,47859.4296875,0.01644134521484375,8620.0,0.007549285888671875,3958.0,0.008043289184570312,4217.0,0.0,0,0.10772596299648285,56479.4296875,1000,1000
othim12,full,1,1,0.01,27.25579089293136,0.09944886714220047,52139.84765625,27.21388398454502,0.10087455809116364,52887.3203125,0.016361236572265625,8578.0,0.0066013336181640625,3461.0,0.009016036987304688,4727.0,0.0,0,0.11723579466342926,61465.3203125,1000,1000
othim13,full,1,1,0.01,28.945006066810222,0.10054038465023041,52712.1171875,28.919976386480712,0.10164008289575577,53288.67578125,0.01601409912109375,8396.0,0.0065364837646484375,3427.0,0.008619308471679688,4519.0,0.0,0,0.11765418201684952,61684.67578125,1000,1000
othim14,full,1,1,0.01,28.950021432063508,0.09905726462602615,51934.53515625,28.89502346651675,0.09981237351894379,52330.4296875,0.017192840576171875,9014.0,0.0075588226318359375,3963.0,0.008779525756835938,4603.0,0.0,0,0.11700521409511566,61344.4296875,1000,1000
othim15,full,1,1,0.01,28.83722771805168,0.09852385520935059,51654.875,28.826404522528055,0.09886820614337921,51835.4140625,0.017730712890625,9296.0,0.0076885223388671875,4031.0,0.009075164794921875,4758.0,0.0,0,0.11659891903400421,61131.4140625,1000,1000
othim16,full,1,1,0.01,29.38319077314797,0.09276580065488815,48635.99609375,29.34639480512656,0.09324323385953903,48886.30859375,0.017566680908203125,9210.0,0.00762176513671875,3996.0,0.008939743041992188,4687.0,0.0,0,0.11080991476774216,58096.30859375,1000,1000
othim17,full,1,1,0.01,29.325753154141456,0.08742746710777283,45837.171875,29.275970279278265,0.08801327645778656,46144.3046875,0.017641067504882812,9249.0,0.007871627807617188,4127.0,0.009038925170898438,4739.0,0.0,0,0.10565434396266937,55393.3046875,1000,1000
othim18,full,1,1,0.01,29.324426870414587,0.08618126809597015,45183.8046875,29.270994585628035,0.08644947409629822,45324.421875,0.017574310302734375,9214.0,0.007678985595703125,4026.0,0.009057998657226562,4749.0,0.0,0,0.10402378439903259,54538.421875,1000,1000
othim19,full,1,1,0.01,25.826999571046713,0.175396129488945,91958.0859375,25.798545231643633,0.17580872774124146,92174.40625,0.018688201904296875,9798.0,0.008876800537109375,4654.0,0.008832931518554688,4631.0,0.0,0,0.19449692964553833,101972.40625,1000,1000
othim20,full,1,1,0.01,25.67461803115363,0.17533983290195465,91928.5703125,25.64510347406045,0.1763119399547577,92438.234375,0.017652511596679688,9255.0,0.007602691650390625,3986.0,0.009057998657226562,4749.0,0.0,0,0.19396445155143738,101693.234375,1000,1000
othim21,full,1,1,0.01,25.607649091746577,0.17214366793632507,90252.859375,25.58527251655292,0.17270603775978088,90547.703125,0.017511367797851562,9181.0,0.007740020751953125,4058.0,0.00879669189453125,4612.0,0.0,0,0.19021740555763245,99728.703125,1000,1000
othim22,full,1,1,0.01,28.669296344645854,0.10440848767757416,54740.1171875,28.59035613007865,0.10620363056659698,55681.2890625,0.016559600830078125,8682.0,0.0066013336181640625,3461.0,0.00921630859375,4832.0,0.0,0,0.12276323139667511,64363.2890625,1000,1000
othim23,full,1,1,0.01,28.224874967293648,0.11880134046077728,62286.1171875,28.165689442629795,0.11947622895240784,62639.953125,0.016981124877929688,8903.0,0.0076808929443359375,4027.0,0.00853729248046875,4476.0,0.0,0,0.13645735383033752,71542.953125,1000,1000
othim24,full,1,1,0.01,26.857051758939974,0.1390594244003296,72907.1875,26.837792500330693,0.13923616707324982,72999.8515625,0.018980026245117188,9951.0,0.008792877197265625,4610.0,0.009344100952148438,4899.0,0.0,0,0.158216193318367,82950.8515625,1000,1000
othim25,full,1,1,0.01,25.70261445680184,0.2196817398071289,115176.5,25.67222287833631,0.2207995057106018,115762.53125,0.017713546752929688,9287.0,0.0076808929443359375,4027.0,0.009054183959960938,4747.0,0.0,0,0.2385130524635315,125049.53125,1000,1000
othim26,full,1,1,0.01,25.64752865704745,0.22624951601028442,118619.90625,25.62626280580353,0.2270878106355667,119059.4140625,0.0178375244140625,9352.0,0.0077228546142578125,4049.0,0.009250640869140625,4850.0,0.0,0,0.2449253350496292,128411.4140625,1000,1000
othim27,full,1,1,0.01,26.064565068256943,0.17583784461021423,92189.671875,26.053338016333758,0.17741738259792328,93017.8046875,0.0178680419921875,9368.0,0.0064697265625,3392.0,0.010541915893554688,5527.0,0.0,0,0.19528542459011078,102385.8046875,1000,1000
othim28,full,1,1,0.01,25.922008100445044,0.15070317685604095,79011.8671875,25.90941239126481,0.15095308423042297,79142.890625,0.018016815185546875,9446.0,0.0077686309814453125,4073.0,0.009246826171875,4848.0,0.0,0,0.16896989941596985,88588.890625,1000,1000
othim29,full,1,1,0.01,26.256093934967737,0.14068594574928284,73759.953125,26.237203448074666,0.1419311761856079,74412.8125,0.01642608642578125,8612.0,0.0067386627197265625,3533.0,0.008966445922851562,4701.0,0.0,0,0.15835726261138916,83024.8125,1000,1000
othim30,full,1,1,0.01,26.001412356752905,0.15036731958389282,78835.78125,25.98232557882655,0.15072420239448547,79022.890625,0.017993927001953125,9434.0,0.007900238037109375,4142.0,0.009344100952148438,4899.0,0.0,0,0.1687181293964386,88456.890625,1000,1000
othim01,full,1,1,0.00802,27.903536871831577,0.1268024444580078,66481.0,27.88933832216136,0.12731805443763733,66751.328125,0.019227981567382812,10081.0,0.00774383544921875,4060.0,0.01053619384765625,5524.0,0.0,0,0.14654603600502014,76832.328125,1000,1000
othim02,full,1,1,0.00802,27.790248396826254,0.13242539763450623,69429.046875,27.784179557954435,0.13338403403759003,69931.6484375,0.018655776977539062,9781.0,0.0076084136962890625,3989.0,0.010221481323242188,5359.0,0.0,0,0.1520398110151291,79712.6484375,1000,1000
othim03,full,1,1,0.00802,27.988118401348277,0.12500174343585968,65536.9140625,27.98235410698737,0.12536917626857758,65729.5546875,0.021144866943359375,11086.0,0.008615493774414062,4517.0,0.011682510375976562,6125.0,0.0,0,0.14651404321193695,76815.5546875,1000,1000
othim04,full,1,1,0.00802,25.088620643271984,0.25481048226356506,133594.078125,25.08077854695378,0.25521719455718994,133807.3125,0.018533706665039062,9717.0,0.007709503173828125,4042.0,0.009952545166015625,5218.0,0.0,0,0.273750901222229,143524.3125,1000,1000
othim05,full,1,1,0.00802,26.09342981835378,0.2107638120651245,110500.9375,26.08563139299171,0.21111004054546356,110682.4609375,0.019161224365234375,10046.0,0.008604049682617188,4511.0,0.009685516357421875,5078.0,0.0,0,0.23027126491069794,120728.4609375,1000,1000
othim06,full,1,1,0.00802,26.11886583026964,0.2034357637166977,106658.9296875,26.111825162689872,0.20460304617881775,107270.921875,0.019054412841796875,9990.0,0.007686614990234375,4030.0,0.010370254516601562,5437.0,0.0,0,0.22365745902061462,117260.921875,1000,1000
othim07,full,1,1,0.00802,29.229168243757353,0.10934203863143921,57326.71875,29.199333477922163,0.1104942113161087,57930.7890625,0.018667221069335938,9787.0,0.0076045989990234375,3987.0,0.010339736938476562,5421.0,0.0,0,0.12916143238544464,67717.7890625,1000,1000
othim08,full,1,1,0.00802,29.600901789588534,0.1010248064994812,52966.09375,29.56548115365861,0.1022011935710907,53582.859375,0.017612457275390625,9234.0,0.007526397705078125,3946.0,0.009357452392578125,4906.0,0.0,0,0.11981365084648132,62816.859375,1000,1000
othim09,full,1,1,0.00802,29.473132300942154,0.11305736750364304,59274.62109375,29.45976213402273,0.11459046602249146,60078.40625,0.017866134643554688,9367.0,0.006694793701171875,3510.0,0.010334014892578125,5418.0,0.0,0,0.13245660066604614,69445.40625,1000,1000
othim10,full,1,1,0.00802,28.698464288868763,0.10115814208984375,53036.0,28.67489917194976,0.10152800381183624,53229.9140625,0.019727706909179688,10343.0,0.008714675903320312,4569.0,0.0101776123046875,5336.0,0.0,0,0.12125571072101593,63572.9140625,1000,1000
othim11,full,1,1,0.00802,28.008917245338722,0.11059560626745224,57983.94921875,27.988921998588477,0.11086300015449524,58124.140625,0.018957138061523438,9939.0,0.008501052856445312,4457.0,0.009599685668945312,5033.0,0.0,0,0.12982013821601868,68063.140625,1000,1000
othim12,full,1,1,0.00802,27.63118188971106,0.11851243674755096,62134.6484375,27.607687568746183,0.11903294920921326,62407.546875,0.019308090209960938,10123.0,0.0077381134033203125,4057.0,0.010690689086914062,5605.0,0.0,0,0.1383410394191742,72530.546875,1000,1000
othim13,full,1,1,0.00802,29.421959454470937,0.10783737897872925,56537.84375,29.40242233519727,0.10934074223041534,57326.0390625,0.015989303588867188,8383.0,0.0065460205078125,3432.0,0.00860595703125,4512.0,0.0,0,0.12533004581928253,65709.0390625,1000,1000
othim14,full,1,1,0.00802,29.31855345204743,0.10934270173311234,57327.06640625,29.293639172478702,0.11009716242551804,57722.62109375,0.017595291137695312,9225.0,0.0067653656005859375,3547.0,0.010103225708007812,5297.0,0.0,0,0.12769245356321335,66947.62109375,1000,1000
othim15,full,1,1,0.00802,29.21644286846514,0.10865216702222824,56965.02734375,29.199640413416898,0.10909935086965561,57199.48046875,0.017572402954101562,9213.0,0.0076961517333984375,4035.0,0.008907318115234375,4670.0,0.0,0,0.12667175382375717,66412.48046875,1000,1000
othim16,full,1,1,0.00802,29.65065951519389,0.09783238172531128,51292.34375,29.63689984177149,0.09803655743598938,51399.390625,0.018968582153320312,9945.0,0.0076904296875,4032.0,0.0104522705078125,5480.0,0.0,0,0.11700513958930969,61344.390625,1000,1000
othim17,full,1,1,0.00802,29.76071246615443,0.09287524223327637,48693.375,29.7179078014402,0.09333613514900208,48935.015625,0.017955780029296875,9414.0,0.007720947265625,4048.0,0.0093841552734375,4920.0,0.0,0,0.11129191517829895,58349.015625,1000,1000
othim18,full,1,1,0.00802,29.550831274215422,0.1102745532989502,57815.625,29.487271645624816,0.11086728423833847,58126.38671875,0.016330718994140625,8562.0,0.0076007843017578125,3985.0,0.0077381134033203125,4057.0,0.0,0,0.1271980032324791,66688.38671875,1000,1000
othim19,full,1,1,0.00802,26.216496906120852,0.2017582505941391,105779.4296875,26.202215889963238,0.20194192230701447,105875.7265625,0.019857406616210938,10411.0,0.008846282958984375,4638.0,0.010164260864257812,5329.0,0.0,0,0.2217993289232254,116286.7265625,1000,1000
othim20,full,1,1,0.00802,26.06460707472651,0.20004181563854218,104879.5234375,26.03832250037087,0.20051410794258118,105127.140625,0.01799774169921875,9436.0,0.0078029632568359375,4091.0,0.009197235107421875,4822.0,0.0,0,0.21851184964179993,114563.140625,1000,1000
othim21,full,1,1,0.00802,26.202340796863055,0.21511298418045044,112781.15625,26.18006108224435,0.21588009595870972,113183.34375,0.017835617065429688,9351.0,0.0076885223388671875,4031.0,0.009164810180664062,4805.0,0.0,0,0.2337157130241394,122534.34375,1000,1000
othim22,full,1,1,0.00802,29.059756954938848,0.11882063746452332,62296.234375,29.037306961375425,0.11893421411514282,62355.78125,0.019952774047851562,10461.0,0.008726119995117188,4575.0,0.010362625122070312,5433.0,0.0,0,0.13888698816299438,72816.78125,1000,1000
othim23,full,1,1,0.00802,28.77174747657628,0.12828855216503143,67260.1484375,28.726232310859142,0.1292671114206314,67773.1953125,0.017942428588867188,9407.0,0.0077342987060546875,4055.0,0.009227752685546875,4838.0,0.0,0,0.1472095400094986,77180.1953125,1000,1000
othim24,full,1,1,0.00802,27.314910508816894,0.15629126131534576,81941.6328125,27.30011234192433,0.15690314769744873,82262.4375,0.018995285034179688,9959.0,0.0077362060546875,4056.0,0.010406494140625,5456.0,0.0,0,0.17589843273162842,92221.4375,1000,1000
othim25,full,1,1,0.00802,26.342313043718974,0.26185768842697144,137288.84375,26.291119819130852,0.26282644271850586,137796.75,0.017826080322265625,9346.0,0.0076751708984375,4024.0,0.009172439575195312,4809.0,0.0,0,0.2806525230407715,147142.75,1000,1000
othim26,full,1,1,0.00802,26.1992484272586,0.2684987187385559,140770.65625,26.188623918379903,0.2688371539115906,140948.09375,0.019945144653320312,10457.0,0.008798599243164062,4613.0,0.010278701782226562,5389.0,0.0,0,0.2887822985649109,151405.09375,1000,1000
othim27,full,1,1,0.00802,26.683582715960487,0.2139776647090912,112185.921875,26.67367129193329,0.2146138697862625,112519.4765625,0.0186614990234375,9784.0,0.007595062255859375,3982.0,0.010095596313476562,5293.0,0.0,0,0.2332753688097,122303.4765625,1000,1000
othim28,full,1,1,0.00802,26.43313374296567,0.17225578427314758,90311.640625,26.423471413742565,0.172918438911438,90659.0625,0.018999099731445312,9961.0,0.0076732635498046875,4023.0,0.010358810424804688,5431.0,0.0,0,0.1919175386428833,100620.0625,1000,1000
othim29,full,1,1,0.00802,26.62791130213399,0.16467849910259247,86338.9609375,26.596600529091088,0.16515061259269714,86586.484375,0.017473220825195312,9161.0,0.007862091064453125,4122.0,0.008869171142578125,4650.0,0.0,0,0.18262383341789246,95747.484375,1000,1000
othim30,full,1,1,0.00802,26.340696809224244,0.17564162611961365,92086.796875,26.338038181154403,0.1764952540397644,92534.34375,0.018856048583984375,9886.0,0.0077228546142578125,4049.0,0.010149002075195312,5321.0,0.0,0,0.19535130262374878,102420.34375,1000,1000
othim01,full,1,1,0.00604,28.488136731062962,0.15449509024620056,80999.921875,28.469384186848117,0.15566730499267578,81614.5,0.018634796142578125,9770.0,0.007663726806640625,4018.0,0.010141372680664062,5317.0,0.0,0,0.1743021011352539,91384.5,1000,1000
othim02,full,1,1,0.00604,28.782253970221635,0.1555100828409195,81532.0703125,28.763374041402695,0.15588456392288208,81728.40625,0.019992828369140625,10482.0,0.008769989013671875,4598.0,0.01026153564453125,5380.0,0.0,0,0.1758773922920227,92210.40625,1000,1000
othim03,full,1,1,0.00604,28.645974741832248,0.15750207006931305,82576.4453125,28.636395320752666,0.15905651450157166,83391.421875,0.019191741943359375,10062.0,0.0068454742431640625,3589.0,0.011631011962890625,6098.0,0.0,0,0.17824825644493103,93453.421875,1000,1000
othim04,full,1,1,0.00604,26.362666871110275,0.3524515926837921,184786.140625,26.345811164087678,0.3530677556991577,185109.1875,0.017602920532226562,9229.0,0.007633209228515625,4002.0,0.009004592895507812,4721.0,0.0,0,0.3706706762313843,194338.1875,1000,1000
othim05,full,1,1,0.00604,27.131538266169756,0.2893034815788269,151678.34375,27.10756388983206,0.29050835967063904,152310.046875,0.017633438110351562,9245.0,0.007755279541015625,4066.0,0.0088958740234375,4664.0,0.0,0,0.3081417977809906,161555.046875,1000,1000
othim06,full,1,1,0.00604,27.200568121540726,0.2785138487815857,146021.46875,27.191169302992254,0.27904820442199707,146301.625,0.018922805786132812,9921.0,0.0078277587890625,4104.0,0.01024627685546875,5372.0,0.0,0,0.2979710102081299,156222.625,1000,1000
othim07,full,1,1,0.00604,30.36659931479781,0.14053606986999512,73681.375,30.31341644345947,0.14109908044338226,73976.5546875,0.0178070068359375,9336.0,0.0076236724853515625,3997.0,0.009243011474609375,4846.0,0.0,0,0.15890608727931976,83312.5546875,1000,1000
othim08,full,1,1,0.00604,30.513851021613657,0.12904536724090576,67656.9375,30.483689715764502,0.12987716495990753,68093.0390625,0.019832611083984375,10398.0,0.008716583251953125,4570.0,0.010160446166992188,5327.0,0.0,0,0.1497097760438919,78491.0390625,1000,1000
othim09,full,1,1,0.00604,29.680028268762516,0.1307460367679596,68548.578125,29.662585618055687,0.13114047050476074,68755.375,0.018741607666015625,9826.0,0.0076999664306640625,4037.0,0.010190963745117188,5343.0,0.0,0,0.14988207817077637,78581.375,1000,1000
othim10,full,1,1,0.00604,29.166202110645866,0.12673312425613403,66444.65625,29.110661755000752,0.1277787685394287,66992.875,0.016492843627929688,8647.0,0.0075893402099609375,3979.0,0.00803375244140625,4212.0,0.0,0,0.1442716121673584,75639.875,1000,1000
othim11,full,1,1,0.00604,28.607448172975506,0.13755780458450317,72119.90625,28.599815040233626,0.13798245787620544,72342.546875,0.018888473510742188,9903.0,0.0076465606689453125,4009.0,0.0102691650390625,5384.0,0.0,0,0.15687093138694763,82245.546875,1000,1000
othim12,full,1,1,0.00604,28.30321119010706,0.15755939483642578,82606.5,28.296381257529443,0.15817269682884216,82928.046875,0.01898956298828125,9956.0,0.0076999664306640625,4037.0,0.010301589965820312,5401.0,0.0,0,0.1771622598171234,92884.046875,1000,1000
othim13,full,1,1,0.00604,29.705948984354876,0.12269267439842224,64326.296875,29.673635586564046,0.12292779982089996,64449.5703125,0.017274856567382812,9057.0,0.0075817108154296875,3975.0,0.008840560913085938,4635.0,0.0,0,0.14020265638828278,73506.5703125,1000,1000
othim14,full,1,1,0.00604,29.852001530191345,0.1295912265777588,67943.125,29.821470622296307,0.12992353737354279,68117.3515625,0.017368316650390625,9106.0,0.007694244384765625,4034.0,0.0088348388671875,4632.0,0.0,0,0.1472918540239334,77223.3515625,1000,1000
othim15,full,1,1,0.00604,29.65075599590821,0.12557518482208252,65837.5625,29.610822912647176,0.12609586119651794,66110.546875,0.017927169799804688,9399.0,0.0077991485595703125,4089.0,0.009260177612304688,4855.0,0.0,0,0.14402303099632263,75509.546875,1000,1000
othim16,full,1,1,0.00604,30.26422803842784,0.11762963235378265,61671.8046875,30.198988870895803,0.11797007918357849,61850.296875,0.017171859741210938,9003.0,0.0075283050537109375,3947.0,0.008922576904296875,4678.0,0.0,0,0.13514193892478943,70853.296875,1000,1000
othim17,full,1,1,0.00604,29.94327806483199,0.11545434594154358,60531.328125,29.909555192633416,0.11583912372589111,60733.0625,0.017751693725585938,9307.0,0.0077877044677734375,4083.0,0.009227752685546875,4838.0,0.0,0,0.13359081745147705,70040.0625,1000,1000
othim18,full,1,1,0.00604,30.291944734588622,0.11418113112449646,59863.796875,30.25954596032359,0.11539103835821152,60498.13671875,0.017547607421875,9200.0,0.0075321197509765625,3949.0,0.009037017822265625,4738.0,0.0,0,0.13293864578008652,69698.13671875,1000,1000
othim19,full,1,1,0.00604,27.084142173978098,0.2602647542953491,136453.6875,27.069372960325463,0.261128693819046,136906.640625,0.018884658813476562,9901.0,0.0076694488525390625,4021.0,0.0103607177734375,5432.0,0.0,0,0.2800133526325226,146807.640625,1000,1000
othim20,full,1,1,0.00604,27.271710572692317,0.2773599922657013,145416.515625,27.257084229622578,0.27807220816612244,145789.921875,0.01773834228515625,9300.0,0.00762939453125,4000.0,0.009023666381835938,4731.0,0.0,0,0.2958105504512787,155089.921875,1000,1000
othim21,full,1,1,0.00604,27.26829244545753,0.2751256227493286,144245.0625,27.26467917621719,0.27587753534317017,144639.28125,0.019094467163085938,10011.0,0.007587432861328125,3978.0,0.010412216186523438,5459.0,0.0,0,0.2949720025062561,154650.28125,1000,1000
othim22,full,1,1,0.00604,29.747916781062006,0.1468430608510971,76988.0546875,29.71910428111198,0.1476314663887024,77401.40625,0.018911361694335938,9915.0,0.0074596405029296875,3911.0,0.010467529296875,5488.0,0.0,0,0.16654282808303833,87316.40625,1000,1000
othim23,full,1,1,0.00604,29.175098491928804,0.1517282873392105,79549.3203125,29.162657351224723,0.15290679037570953,80167.1953125,0.019805908203125,10384.0,0.0076427459716796875,4007.0,0.01129913330078125,5924.0,0.0,0,0.17271269857883453,90551.1953125,1000,1000
othim24,full,1,1,0.00604,27.8787549951273,0.18891514837741852,99045.9453125,27.863138997144876,0.18937358260154724,99286.296875,0.019287109375,10112.0,0.007781982421875,4080.0,0.010519027709960938,5515.0,0.0,0,0.20866069197654724,109398.296875,1000,1000
othim25,full,1,1,0.00604,27.13407915445356,0.32239896059036255,169029.90625,27.129316019180006,0.32252591848373413,169096.46875,0.021150588989257812,11089.0,0.008718490600585938,4571.0,0.011571884155273438,6067.0,0.0,0,0.34367650747299194,180185.46875,1000,1000
othim26,full,1,1,0.00604,27.01420870700471,0.34596318006515503,181384.34375,27.002062878292236,0.34641218185424805,181619.75,0.019161224365234375,10046.0,0.0076122283935546875,3991.0,0.010578155517578125,5546.0,0.0,0,0.3655734062194824,191665.75,1000,1000
othim27,full,1,1,0.00604,27.331892292539706,0.26061826944351196,136639.03125,27.315931361934645,0.26154962182044983,137127.328125,0.017717361450195312,9289.0,0.0076236724853515625,3997.0,0.00923919677734375,4844.0,0.0,0,0.27926698327064514,146416.328125,1000,1000
othim28,full,1,1,0.00604,27.276505145432143,0.2404458075761795,126062.8515625,27.265562807049395,0.2421390414237976,126950.59375,0.0186309814453125,9768.0,0.00670623779296875,3516.0,0.01107025146484375,5804.0,0.0,0,0.2607700228691101,136718.59375,1000,1000
othim29,full,1,1,0.00604,27.465281422732243,0.21928036212921143,114966.0625,27.455855340106506,0.22018176317214966,115438.65625,0.018842697143554688,9879.0,0.0077495574951171875,4063.0,0.010229110717773438,5363.0,0.0,0,0.23902446031570435,125317.65625,1000,1000
othim30,full,1,1,0.00604,27.105324850341976,0.23907256126403809,125342.875,27.101358463047717,0.2392694652080536,125446.109375,0.020391464233398438,10691.0,0.008840560913085938,4635.0,0.010450363159179688,5479.0,0.0,0,0.259660929441452,136137.109375,1000,1000
othim01,full,1,1,0.00406,29.990734755165914,0.2304183840751648,120805.59375,29.97824595618397,0.23064127564430237,120922.453125,0.01995086669921875,10460.0,0.008771896362304688,4599.0,0.010229110717773438,5363.0,0.0,0,0.2505921423435211,131382.453125,1000,1000
othim02,full,1,1,0.00406,29.90013133956393,0.22803901135921478,119558.1171875,29.886821378044544,0.22981050610542297,120486.890625,0.018293380737304688,9591.0,0.006786346435546875,3558.0,0.010805130004882812,5665.0,0.0,0,0.24810388684272766,130077.890625,1000,1000
othim03,full,1,1,0.00406,29.867774228583404,0.23070375621318817,120955.2109375,29.83801811175034,0.23153775930404663,121392.46875,0.01818084716796875,9532.0,0.0077457427978515625,4061.0,0.009368896484375,4912.0,0.0,0,0.24971860647201538,130924.46875,1000,1000
othim04,full,1,1,0.00406,27.64597064029392,0.48171186447143555,252555.75,27.64071895158244,0.4820539355278015,252735.09375,0.019989013671875,10480.0,0.0076236724853515625,3997.0,0.011632919311523438,6099.0,0.0,0,0.5020429491996765,263215.09375,1000,1000
othim05,full,1,1,0.00406,28.25220947167854,0.38864263892173767,203760.671875,28.239527038400013,0.3890903890132904,203995.421875,0.019609451293945312,10281.0,0.0085906982421875,4504.0,0.010051727294921875,5270.0,0.0,0,0.4086998403072357,214276.421875,1000,1000
othim06,full,1,1,0.00406,28.58413839321385,0.3922169804573059,205634.65625,28.57903257814593,0.39293724298477173,206012.28125,0.019121170043945312,10025.0,0.007694244384765625,4034.0,0.0103607177734375,5432.0,0.0,0,0.41205841302871704,216037.28125,1000,1000
othim07,full,1,1,0.00406,31.28567066967813,0.20210590958595276,105961.703125,31.260451652412673,0.202946275472641,106402.296875,0.019330978393554688,10135.0,0.008708953857421875,4566.0,0.009883880615234375,5182.0,0.0,0,0.22227725386619568,116537.296875,1000,1000
othim08,full,1,1,0.00406,31.58598964773454,0.1653527319431305,86692.453125,31.55499135189488,0.16632433235645294,87201.8515625,0.018495559692382812,9697.0,0.00751495361328125,3940.0,0.010152816772460938,5323.0,0.0,0,0.18481989204883575,96898.8515625,1000,1000
othim09,full,1,1,0.00406,31.566076177146382,0.1945008784532547,101974.4765625,31.528258047364915,0.19498643279075623,102229.046875,0.018642425537109375,9774.0,0.0076904296875,4032.0,0.010223388671875,5360.0,0.0,0,0.2136288583278656,112003.046875,1000,1000
othim10,full,1,1,0.00406,29.883997175398406,0.17087405920028687,89587.21875,29.827545557098343,0.17136605083942413,89845.1640625,0.018144607543945312,9513.0,0.0085601806640625,4488.0,0.008852005004882812,4641.0,0.0,0,0.18951065838336945,99358.1640625,1000,1000
othim11,full,1,1,0.00406,29.584567088619334,0.19209088385105133,100710.9453125,29.565572377002074,0.19304579496383667,101211.59375,0.018751144409179688,9831.0,0.0076007843017578125,3985.0,0.010175704956054688,5335.0,0.0,0,0.21179693937301636,111042.59375,1000,1000
othim12,full,1,1,0.00406,29.384602618245463,0.219338521361351,114996.5546875,29.37982096122272,0.22013063728809357,115411.8515625,0.0200958251953125,10536.0,0.007648468017578125,4010.0,0.01134490966796875,5948.0,0.0,0,0.24022646248340607,125947.8515625,1000,1000
othim13,full,1,1,0.00406,31.376358018618205,0.19123950600624084,100264.578125,31.339839751465007,0.19278408586978912,101074.3828125,0.018140792846679688,9511.0,0.007503509521484375,3934.0,0.009901046752929688,5191.0,0.0,0,0.2109248787164688,110585.3828125,1000,1000
othim14,full,1,1,0.00406,31.070409293683255,0.19611015915870667,102818.203125,31.061459813005758,0.19634076952934265,102939.109375,0.01988983154296875,10428.0,0.008686065673828125,4554.0,0.010358810424804688,5431.0,0.0,0,0.2162306010723114,113367.109375,1000,1000
othim15,full,1,1,0.00406,31.225744571768825,0.18889808654785156,99037.0,31.200614828964543,0.18904578685760498,99114.4375,0.019161224365234375,10046.0,0.008775711059570312,4601.0,0.009433746337890625,4946.0,0.0,0,0.20820701122283936,109160.4375,1000,1000
othim16,full,1,1,0.00406,31.84276874001276,0.17456898093223572,91524.421875,31.828994020011056,0.1756601333618164,92096.5,0.01877593994140625,9844.0,0.007450103759765625,3906.0,0.010469436645507812,5489.0,0.0,0,0.19443607330322266,101940.5,1000,1000
othim17,full,1,1,0.00406,30.944308362395248,0.15256190299987793,79986.375,30.89968244297754,0.1526995748281479,80058.5546875,0.018835067749023438,9875.0,0.008760452270507812,4593.0,0.009220123291015625,4834.0,0.0,0,0.17153464257717133,89933.5546875,1000,1000
othim18,full,1,1,0.00406,31.60273940594227,0.16266676783561707,85284.234375,31.575457218336492,0.16314956545829773,85537.359375,0.017930984497070312,9401.0,0.0076541900634765625,4013.0,0.009180068969726562,4813.0,0.0,0,0.18108054995536804,94938.359375,1000,1000
othim19,full,1,1,0.00406,28.597519894448286,0.3686988353729248,193304.375,28.571867220655196,0.3694677948951721,193707.53125,0.017515182495117188,9183.0,0.00765228271484375,4012.0,0.009014129638671875,4726.0,0.0,0,0.3869829773902893,202890.53125,1000,1000
othim20,full,1,1,0.00406,28.6403941438947,0.3842490613460541,201457.171875,28.62909427289017,0.38556963205337524,202149.53125,0.018856048583984375,9886.0,0.0075817108154296875,3975.0,0.010416030883789062,5461.0,0.0,0,0.4044256806373596,212035.53125,1000,1000
othim21,full,1,1,0.00406,28.474695862431634,0.38013148307800293,199298.375,28.46860191549406,0.38039806485176086,199438.140625,0.019985198974609375,10478.0,0.00868988037109375,4556.0,0.0103302001953125,5416.0,0.0,0,0.40038326382637024,209916.140625,1000,1000
othim22,full,1,1,0.00406,31.080951435615276,0.21380844712257385,112097.203125,31.07186301106131,0.2141638845205307,112283.5546875,0.021343231201171875,11190.0,0.00862884521484375,4524.0,0.01171875,6144.0,0.0,0,0.23550711572170258,123473.5546875,1000,1000
othim23,full,1,1,0.00406,29.96788721570518,0.19768010079860687,103641.3046875,29.963027342874742,0.19931817054748535,104500.125,0.019985198974609375,10478.0,0.007568359375,3968.0,0.011430740356445312,5993.0,0.0,0,0.21930336952209473,114978.125,1000,1000
othim24,full,1,1,0.00406,29.115990386847542,0.2906683683395386,152393.9375,29.105043723274296,0.2909772992134094,152555.90625,0.020030975341796875,10502.0,0.008676528930664062,4549.0,0.010501861572265625,5506.0,0.0,0,0.3110082745552063,163057.90625,1000,1000
othim25,full,1,1,0.00406,28.197684377005256,0.41895267367362976,219651.859375,28.17774720753461,0.42096710205078125,220708.0,0.018983840942382812,9953.0,0.007564544677734375,3966.0,0.0103302001953125,5416.0,0.0,0,0.43995094299316406,230661.0,1000,1000
othim26,full,1,1,0.00406,28.154884671228743,0.43918365240097046,230258.71875,28.14703892131922,0.44053253531455994,230965.921875,0.0184783935546875,9688.0,0.0076198577880859375,3995.0,0.009901046752929688,5191.0,0.0,0,0.45901092886924744,240653.921875,1000,1000
othim27,full,1,1,0.00406,28.36184015269592,0.35357892513275146,185377.1875,28.351960346914254,0.3546760678291321,185952.40625,0.018678665161132812,9793.0,0.007503509521484375,3934.0,0.010189056396484375,5342.0,0.0,0,0.3733547329902649,195745.40625,1000,1000
othim28,full,1,1,0.00406,28.673133368559544,0.33877769112586975,177617.078125,28.651435806712314,0.33997589349746704,178245.28125,0.01642608642578125,8612.0,0.00661468505859375,3468.0,0.008594512939453125,4506.0,0.0,0,0.3564019799232483,186857.28125,1000,1000
othim29,full,1,1,0.00406,28.886257946498034,0.3181341290473938,166793.90625,28.882413505846255,0.3205254077911377,168047.625,0.019115447998046875,10022.0,0.006740570068359375,3534.0,0.011388778686523438,5971.0,0.0,0,0.33964085578918457,178069.625,1000,1000
othim30,full,1,1,0.00406,28.736931966352785,0.3514743447303772,184273.78125,28.72808095957141,0.35219645500183105,184652.375,0.019062042236328125,9994.0,0.0076904296875,4032.0,0.0106353759765625,5576.0,0.0,0,0.3712584972381592,194646.375,1000,1000
othim01,full,1,1,0.00208,32.266083050569875,0.3754277527332306,196832.265625,32.25317563431848,0.37664151191711426,197468.625,0.0196685791015625,10312.0,0.0075435638427734375,3955.0,0.0112762451171875,5912.0,0.0,0,0.39631009101867676,207780.625,1000,1000
othim02,full,1,1,0.00208,32.08419056611562,0.37157177925109863,194810.625,32.056485562747284,0.37301766872406006,195568.6875,0.018545150756835938,9723.0,0.007724761962890625,4050.0,0.009778976440429688,5127.0,0.0,0,0.391562819480896,205291.6875,1000,1000
othim03,full,1,1,0.00208,32.059169105288305,0.37292930483818054,195522.359375,32.04061438980781,0.3733380436897278,195736.65625,0.019948959350585938,10459.0,0.00868988037109375,4556.0,0.010332107543945312,5417.0,0.0,0,0.3932870030403137,206195.65625,1000,1000
othim04,full,1,1,0.00208,29.96445123094337,0.7550396919250488,395858.25,29.94618263474618,0.7556413412094116,396173.6875,0.018598556518554688,9751.0,0.0076808929443359375,4027.0,0.00995635986328125,5220.0,0.0,0,0.7742398977279663,405924.6875,1000,1000
othim05,full,1,1,0.00208,30.63991966140468,0.6089872717857361,319284.71875,30.633878465566383,0.6092483997344971,319421.625,0.02121734619140625,11124.0,0.00881195068359375,4620.0,0.011575698852539062,6069.0,0.0,0,0.6304657459259033,330545.625,1000,1000
othim06,full,1,1,0.00208,30.737733269475445,0.6025002598762512,315883.65625,30.731947521323722,0.6031608581542969,316230.0,0.0203704833984375,10680.0,0.008556365966796875,4486.0,0.011003494262695312,5769.0,0.0,0,0.6235313415527344,326910.0,1000,1000
othim07,full,1,1,0.00208,33.24271147182463,0.30313295125961304,158928.96875,33.23100735633995,0.3038116693496704,159284.8125,0.0206756591796875,10840.0,0.008636474609375,4528.0,0.011098861694335938,5819.0,0.0,0,0.3244873285293579,170124.8125,1000,1000
othim08,full,1,1,0.00208,33.71504425282865,0.273202508687973,143236.796875,33.6839404011532,0.2736775279045105,143485.84375,0.019918441772460938,10443.0,0.008708953857421875,4566.0,0.010286331176757812,5393.0,0.0,0,0.29359596967697144,153928.84375,1000,1000
othim09,full,1,1,0.00208,33.46538217491411,0.2959340810775757,155154.6875,33.40867363250201,0.29631271958351135,155353.203125,0.018968582153320312,9945.0,0.008777618408203125,4602.0,0.009275436401367188,4863.0,0.0,0,0.31528130173683167,165298.203125,1000,1000
othim10,full,1,1,0.00208,31.91093156531177,0.3128047585487366,163999.78125,31.90548954760597,0.3130527138710022,164129.78125,0.021739959716796875,11398.0,0.00852203369140625,4468.0,0.01239776611328125,6500.0,0.0,0,0.3347926735877991,175527.78125,1000,1000
othim11,full,1,1,0.00208,31.621756515161298,0.3625492751598358,190080.234375,31.61052851824711,0.3634762763977051,190566.25,0.01850128173828125,9700.0,0.007568359375,3968.0,0.009855270385742188,5167.0,0.0,0,0.38197755813598633,200266.25,1000,1000
othim12,full,1,1,0.00208,31.395134591927203,0.37239986658096313,195244.78125,31.38140239058045,0.37262752652168274,195364.140625,0.020732879638671875,10870.0,0.008707046508789062,4565.0,0.011068344116210938,5803.0,0.0,0,0.3933604061603546,206234.140625,1000,1000
othim13,full,1,1,0.00208,33.38338324823383,0.33399468660354614,175109.40625,33.36669844193945,0.33486831188201904,175567.4375,0.01900482177734375,9964.0,0.00765228271484375,4012.0,0.010406494140625,5456.0,0.0,0,0.3538731336593628,185531.4375,1000,1000
othim14,full,1,1,0.00208,33.38111924953221,0.3034934401512146,159117.96875,33.34721094569068,0.3038417100906372,159300.5625,0.018800735473632812,9857.0,0.008573532104492188,4495.0,0.009504318237304688,4983.0,0.0,0,0.32264244556427,169157.5625,1000,1000
othim15,full,1,1,0.00208,33.35435288297341,0.296017050743103,155198.1875,33.33884551926281,0.29708078503608704,155755.890625,0.01898956298828125,9956.0,0.007781982421875,4080.0,0.010431289672851562,5469.0,0.0,0,0.3160703480243683,165711.890625,1000,1000
othim16,full,1,1,0.00208,33.821981750286426,0.27580833435058594,144603.0,33.814930033670144,0.2766498327255249,145044.1875,0.019704818725585938,10331.0,0.0075283050537109375,3947.0,0.011350631713867188,5951.0,0.0,0,0.29635465145111084,155375.1875,1000,1000
othim17,full,1,1,0.00208,33.84009232397918,0.26937487721443176,141230.015625,33.82309060787271,0.26966118812561035,141380.125,0.02085113525390625,10932.0,0.0086822509765625,4552.0,0.01122283935546875,5884.0,0.0,0,0.2905123233795166,152312.125,1000,1000
othim18,full,1,1,0.00208,33.81223560164878,0.280464768409729,147044.3125,33.791564140347084,0.2812685966491699,147465.75,0.018838882446289062,9877.0,0.007518768310546875,3942.0,0.010236740112304688,5367.0,0.0,0,0.300107479095459,157342.75,1000,1000
othim19,full,1,1,0.00208,30.700771308061846,0.5763676166534424,302182.625,30.662140637056638,0.5780994892120361,303090.625,0.01786041259765625,9364.0,0.0076618194580078125,4017.0,0.00923919677734375,4844.0,0.0,0,0.5959599018096924,312454.625,1000,1000
othim20,full,1,1,0.00208,30.61891115273778,0.605411171913147,317409.8125,30.61578618905104,0.6065795421600342,318022.375,0.021207809448242188,11119.0,0.0086212158203125,4520.0,0.011491775512695312,6025.0,0.0,0,0.6277873516082764,329141.375,1000,1000
othim21,full,1,1,0.00208,30.669650397694625,0.5881602764129639,308365.375,30.644801944829,0.588492214679718,308539.40625,0.018495559692382812,9697.0,0.008586883544921875,4502.0,0.009092330932617188,4767.0,0.0,0,0.6069877743721008,318236.40625,1000,1000
othim22,full,1,1,0.00208,33.05780864912853,0.3108082711696625,162953.046875,33.03117192334451,0.3114047646522522,163265.78125,0.02001953125,10496.0,0.00884246826171875,4636.0,0.01023101806640625,5364.0,0.0,0,0.3314242959022522,173761.78125,1000,1000
othim23,full,1,1,0.00208,32.52944797697656,0.3644939959049225,191099.828125,32.515906590596224,0.3647991716861725,191259.828125,0.02169036865234375,11372.0,0.008737564086914062,4581.0,0.01187896728515625,6228.0,0.0,0,0.38648954033851624,202631.828125,1000,1000
othim24,full,1,1,0.00208,31.835213937685406,0.48510050773620605,254332.375,31.821400694395567,0.48580384254455566,254701.125,0.021390914916992188,11215.0,0.0087432861328125,4584.0,0.0115966796875,6080.0,0.0,0,0.5071947574615479,265916.125,1000,1000
othim25,full,1,1,0.00208,30.184945651977586,0.6352978348731995,333079.03125,30.163557974032823,0.6354647874832153,333166.5625,0.020242691040039062,10613.0,0.009813308715820312,5145.0,0.00937652587890625,4916.0,0.0,0,0.6557074785232544,343779.5625,1000,1000
othim26,full,1,1,0.00208,29.997974067771832,0.630841851234436,330742.8125,29.97605435553162,0.6314324736595154,331052.46875,0.020009994506835938,10491.0,0.008846282958984375,4638.0,0.010341644287109375,5422.0,0.0,0,0.6514424681663513,341543.46875,1000,1000
othim27,full,1,1,0.00208,30.1462871015588,0.5357221364974976,280872.6875,30.135108953532637,0.5361250042915344,281083.90625,0.020700454711914062,10853.0,0.008533477783203125,4474.0,0.011323928833007812,5937.0,0.0,0,0.5568254590034485,291936.90625,1000,1000
othim28,full,1,1,0.00208,31.17686088466324,0.5502467155456543,288487.75,31.170955276401212,0.5512582063674927,289018.0625,0.020521163940429688,10759.0,0.007917404174804688,4151.0,0.011663436889648438,6115.0,0.0,0,0.5717793703079224,299777.0625,1000,1000
othim29,full,1,1,0.00208,31.37709923517072,0.5054025053977966,264976.46875,31.357603482368486,0.5054988861083984,265027.0,0.019321441650390625,10130.0,0.008716583251953125,4570.0,0.009670257568359375,5070.0,0.0,0,0.5248203277587891,275157.0,1000,1000
othim30,full,1,1,0.00208,31.16992084396368,0.5848637223243713,306637.03125,31.153134067213376,0.5855282545089722,306985.4375,0.019899368286132812,10433.0,0.008745193481445312,4585.0,0.010204315185546875,5350.0,0.0,0,0.605427622795105,317418.4375,1000,1000
othim01,full,1,1,0.0001,38.7891615378008,1.3894942998886108,728495.1875,38.78256928233173,1.389669418334961,728587.0,0.02487945556640625,13044.0,0.009508132934570312,4985.0,0.014102935791015625,7394.0,0.0,0,1.4145488739013672,741631.0,1000,1000
othim02,full,1,1,0.0001,39.224591227673024,1.4293153285980225,749372.875,39.2217825825688,1.4294304847717285,749433.25,0.024557113647460938,12875.0,0.009464263916015625,4962.0,0.014062881469726562,7373.0,0.0,0,1.4539875984191895,762308.25,1000,1000
othim03,full,1,1,0.0001,38.67031986071398,1.4076169729232788,737996.6875,38.66692847722097,1.408409833908081,738412.375,0.024265289306640625,12722.0,0.00931549072265625,4884.0,0.013891220092773438,7283.0,0.0,0,1.4326751232147217,751134.375,1000,1000
othim04,full,1,1,0.0001,38.02653290810633,2.4652013778686523,1292475.5,38.020556046627796,2.4656476974487305,1292709.5,0.0225067138671875,11800.0,0.00942230224609375,4940.0,0.011915206909179688,6247.0,0.0,0,2.488154411315918,1304509.5,1000,1000
othim05,full,1,1,0.0001,39.02044450249905,2.1163699626922607,1109587.375,39.01684613108213,2.1169381141662598,1109885.25,0.0244140625,12800.0,0.009622573852539062,5045.0,0.01346588134765625,7060.0,0.0,0,2.1413521766662598,1122685.25,1000,1000
othim06,full,1,1,0.0001,38.283798473821015,2.122215747833252,1112652.25,38.27693239051765,2.1232848167419434,1113212.75,0.021646499633789062,11349.0,0.008508682250976562,4461.0,0.01222991943359375,6412.0,0.0,0,2.1449313163757324,1124561.75,1000,1000
othim07,full,1,1,0.0001,39.41314065564694,1.0762274265289307,564253.125,39.41088281829816,1.07655668258667,564425.75,0.023883819580078125,12522.0,0.009372711181640625,4914.0,0.013475418090820312,7065.0,0.0,0,1.100440502166748,576947.75,1000,1000
othim08,full,1,1,0.0001,40.04037617921497,1.0483527183532715,549638.75,40.0395846949317,1.0512970685958862,551182.4375,0.023241043090820312,12185.0,0.007465362548828125,3914.0,0.014734268188476562,7725.0,0.0,0,1.0745381116867065,563367.4375,1000,1000
othim09,full,1,1,0.0001,39.27811870572193,1.0787384510040283,565569.625,39.274515819652834,1.079860806465149,566158.0625,0.0231170654296875,12120.0,0.008249282836914062,4325.0,0.013578414916992188,7119.0,0.0,0,1.1029778718948364,578278.0625,1000,1000
othim10,full,1,1,0.0001,39.57959513804066,1.4238165616989136,746489.9375,39.57273127073983,1.425208568572998,747219.75,0.021913528442382812,11489.0,0.00862884521484375,4524.0,0.012371063232421875,6486.0,0.0,0,1.4471220970153809,758708.75,1000,1000
othim11,full,1,1,0.0001,38.89377162866435,1.5516455173492432,813509.125,38.890841311508,1.553020715713501,814230.125,0.023027420043945312,12073.0,0.008337020874023438,4371.0,0.013635635375976562,7149.0,0.0,0,1.5760481357574463,826303.125,1000,1000
othim12,full,1,1,0.0001,39.08336329744139,1.6078075170516968,842954.1875,39.08098970801587,1.6082377433776855,843179.75,0.024438858032226562,12813.0,0.00949859619140625,4980.0,0.013906478881835938,7291.0,0.0,0,1.632676601409912,855992.75,1000,1000
othim13,full,1,1,0.0001,40.767373066982344,1.1163886785507202,585309.1875,40.76564615514085,1.1174077987670898,585843.5,0.024257659912109375,12718.0,0.008344650268554688,4375.0,0.015003204345703125,7866.0,0.0,0,1.1416654586791992,598561.5,1000,1000
othim14,full,1,1,0.0001,40.58293287749906,1.1480413675308228,601904.3125,40.57885538011315,1.1482139825820923,601994.8125,0.023061752319335938,12091.0,0.0096282958984375,5048.0,0.012296676635742188,6447.0,0.0,0,1.1712757349014282,614085.8125,1000,1000
othim15,full,1,1,0.0001,40.53309357390176,1.1326204538345337,593819.3125,40.52862422423829,1.1337087154388428,594389.875,0.022159576416015625,11618.0,0.008665084838867188,4543.0,0.012479782104492188,6543.0,0.0,0,1.1558682918548584,606007.875,1000,1000
othim16,full,1,1,0.0001,41.52350406350836,1.0049834251403809,526900.75,41.51416657631362,1.006346583366394,527615.4375,0.021734237670898438,11395.0,0.00832366943359375,4364.0,0.012378692626953125,6490.0,0.0,0,1.0280808210372925,539010.4375,1000,1000
othim17,full,1,1,0.0001,41.05793388522083,1.038506031036377,544476.25,41.05437555984242,1.03948175907135,544987.8125,0.022703170776367188,11903.0,0.0083465576171875,4376.0,0.013441085815429688,7047.0,0.0,0,1.0621849298477173,556890.8125,1000,1000
othim18,full,1,1,0.0001,41.201468766872516,1.0633537769317627,557503.625,41.192365057416964,1.064150094985962,557921.125,0.021680831909179688,11367.0,0.008295059204101562,4349.0,0.012468338012695312,6537.0,0.0,0,1.0858309268951416,569288.125,1000,1000
othim19,full,1,1,0.0001,39.45481040004204,2.0277304649353027,1063114.75,39.44860390929521,2.0302000045776367,1064409.5,0.021898269653320312,11481.0,0.00824737548828125,4324.0,0.012639999389648438,6627.0,0.0,0,2.052098274230957,1075890.5,1000,1000
othim20,full,1,1,0.0001,39.229728453624816,2.037461280822754,1068216.5,39.225105980456334,2.037770986557007,1068378.875,0.023851394653320312,12505.0,0.009477615356445312,4969.0,0.013467788696289062,7061.0,0.0,0,2.061622381210327,1080883.875,1000,1000
othim21,full,1,1,0.0001,39.251476433850875,2.03989839553833,1069494.25,39.2410458730692,2.0401573181152344,1069630.0,0.022089004516601562,11581.0,0.009508132934570312,4985.0,0.011682510375976562,6125.0,0.0,0,2.062246322631836,1081211.0,1000,1000
othim22,full,1,1,0.0001,37.57829997643426,1.2646312713623047,663031.0,37.57493757798793,1.2650461196899414,663248.5,0.024206161499023438,12691.0,0.0094757080078125,4968.0,0.0135498046875,7104.0,0.0,0,1.2892522811889648,675939.5,1000,1000
othim23,full,1,1,0.0001,38.39934301820225,1.5736949443817139,825069.375,38.398664797118734,1.5751101970672607,825811.375,0.025686264038085938,13467.0,0.009531021118164062,4997.0,0.014955520629882812,7841.0,0.0,0,1.6007964611053467,839278.375,1000,1000
othim24,full,1,1,0.0001,38.846593207994054,1.5429294109344482,808939.375,38.82578496363621,1.5433958768844604,809183.9375,0.025257110595703125,13242.0,0.009471893310546875,4966.0,0.015001296997070312,7865.0,0.0,0,1.5686529874801636,822425.9375,1000,1000
othim25,full,1,1,0.0001,35.30106451423636,1.9997583627700806,1048449.3125,35.29970416814617,2.0000128746032715,1048582.75,0.0260467529296875,13656.0,0.009426116943359375,4942.0,0.015436172485351562,8093.0,0.0,0,2.026059627532959,1062238.75,1000,1000
othim26,full,1,1,0.0001,35.50584609985664,2.0442652702331543,1071783.75,35.50445938230724,2.044970750808716,1072153.625,0.0254974365234375,13368.0,0.009305953979492188,4879.0,0.015024185180664062,7877.0,0.0,0,2.0704681873321533,1085521.625,1000,1000
othim27,full,1,1,0.0001,36.026888300726455,1.8972375392913818,994698.875,36.024452737564175,1.8977432250976562,994964.0,0.024179458618164062,12677.0,0.009489059448242188,4975.0,0.013620376586914062,7141.0,0.0,0,1.9219226837158203,1007641.0,1000,1000
othim28,full,1,1,0.0001,39.462260502404085,1.9022594690322876,997331.8125,39.45452459350087,1.902738332748413,997582.875,0.022874832153320312,11993.0,0.009336471557617188,4895.0,0.012638092041015625,6626.0,0.0,0,1.9256131649017334,1009575.875,1000,1000
othim29,full,1,1,0.0001,40.01037660764353,1.7901585102081299,938558.625,40.008348687896046,1.7910035848617554,939001.6875,0.022916793823242188,12015.0,0.008274078369140625,4338.0,0.01348876953125,7072.0,0.0,0,1.8139203786849976,951016.6875,1000,1000
othim30,full,1,1,0.0001,39.417272185649765,1.8633477687835693,976930.875,39.40315130239222,1.8636302947998047,977079.0,0.021602630615234375,11326.0,0.009517669677734375,4990.0,0.011043548583984375,5790.0,0.0,0,1.885232925415039,988405.0,1000,1000
othim01,erp,0,1,0.01,27.03483184294416,0.098170205950737,51469.4609375,27.012240742557534,0.0986192375421524,51704.8828125,0.01763153076171875,9244.0,0.007659912109375,4016.0,0.00914764404296875,4796.0,0.0,0,0.11625076830387115,60948.8828125,1000,1000
othim02,erp,0,1,0.01,27.03985726768053,0.09629702568054199,50487.375,27.01874386848844,0.09706950932741165,50892.37890625,0.018209457397460938,9547.0,0.007785797119140625,4082.0,0.009584426879882812,5025.0,0.0,0,0.11527896672487259,60439.37890625,1000,1000
othim03,erp,0,1,0.01,26.997812067960137,0.09389662742614746,49228.875,26.9820121147325,0.09456466138362885,49579.1171875,0.019075393676757812,10001.0,0.007579803466796875,3974.0,0.010772705078125,5648.0,0.0,0,0.11364005506038666,59580.1171875,1000,1000
othim04,erp,0,1,0.01,24.475598601421638,0.21332377195358276,111843.09375,24.46414719269353,0.21381929516792297,112102.890625,0.018077850341796875,9478.0,0.0074253082275390625,3893.0,0.00954437255859375,5004.0,0.0,0,0.23189714550971985,121580.890625,1000,1000
othim05,erp,0,1,0.01,25.291444812810056,0.1730554699897766,90730.90625,25.28528242475474,0.17432013154029846,91393.953125,0.017496109008789062,9173.0,0.00656890869140625,3444.0,0.010072708129882812,5281.0,0.0,0,0.19181624054908752,100566.953125,1000,1000
othim06,erp,0,1,0.01,25.467416125576534,0.17076030373573303,89527.578125,25.448229841173873,0.17153169214725494,89932.0078125,0.017663955688476562,9261.0,0.00768280029296875,4028.0,0.009244918823242188,4847.0,0.0,0,0.1891956478357315,99193.0078125,1000,1000
othim07,erp,0,1,0.01,28.119755842052893,0.08862999826669693,46467.64453125,28.099065362907734,0.08900590240955353,46664.7265625,0.018350601196289062,9621.0,0.007770538330078125,4074.0,0.009851455688476562,5165.0,0.0,0,0.10735650360584259,56285.7265625,1000,1000
othim08,erp,0,1,0.01,28.593799221093104,0.07358371466398239,38579.05859375,28.57206484048972,0.07388985902070999,38739.56640625,0.019039154052734375,9982.0,0.0075054168701171875,3935.0,0.010805130004882812,5665.0,0.0,0,0.09292901307344437,48721.56640625,1000,1000
othim09,erp,0,1,0.01,28.19083261393828,0.08428025245666504,44187.125,28.154715833497843,0.08535715937614441,44751.734375,0.018354415893554688,9623.0,0.007755279541015625,4066.0,0.009759902954101562,5117.0,0.0,0,0.1037115752696991,54374.734375,1000,1000
othim10,erp,0,1,0.01,27.7480554587025,0.0725596621632576,38042.16015625,27.72618233235171,0.07363873720169067,38607.90625,0.018156051635742188,9519.0,0.006591796875,3456.0,0.010686874389648438,5603.0,0.0,0,0.09179478883743286,48126.90625,1000,1000
othim11,erp,0,1,0.01,27.073296621055736,0.07701003551483154,40375.4375,27.06271753550072,0.07783142477273941,40806.08203125,0.01898193359375,9952.0,0.0075893402099609375,3979.0,0.0105438232421875,5528.0,0.0,0,0.09681335836648941,50758.08203125,1000,1000
othim12,erp,0,1,0.01,26.864898842061347,0.08441469818353653,44257.61328125,26.844940789137382,0.08543349802494049,44791.7578125,0.018222808837890625,9554.0,0.0076751708984375,4024.0,0.009683609008789062,5077.0,0.0,0,0.10365630686283112,54345.7578125,1000,1000
othim13,erp,0,1,0.01,28.302065694141884,0.08438295871019363,44240.97265625,28.266344663979563,0.08509000390768051,44611.66796875,0.018671035766601562,9789.0,0.00769805908203125,4036.0,0.010251998901367188,5375.0,0.0,0,0.10376103967428207,54400.66796875,1000,1000
othim14,erp,0,1,0.01,28.4242015608818,0.08283616602420807,43430.0078125,28.382399893033575,0.08441971987485886,44260.24609375,0.017210006713867188,9023.0,0.00666046142578125,3492.0,0.009710311889648438,5091.0,0.0,0,0.10162972658872604,53283.24609375,1000,1000
othim15,erp,0,1,0.01,28.280187063504105,0.08269324153661728,43355.07421875,28.240798988213744,0.08384396135807037,43958.3828125,0.017259597778320312,9049.0,0.00675201416015625,3540.0,0.009550094604492188,5007.0,0.0,0,0.10110355913639069,53007.3828125,1000,1000
othim16,erp,0,1,0.01,28.711286995647793,0.07763427495956421,40702.71875,28.673193329573206,0.07804341614246368,40917.2265625,0.017887115478515625,9378.0,0.007595062255859375,3982.0,0.0095672607421875,5016.0,0.0,0,0.09593053162097931,50295.2265625,1000,1000
othim17,erp,0,1,0.01,28.78530251715472,0.07241207361221313,37964.78125,28.765779137387984,0.07353423535823822,38553.1171875,0.0181884765625,9536.0,0.0066394805908203125,3481.0,0.0108184814453125,5672.0,0.0,0,0.09172271192073822,48089.1171875,1000,1000
othim18,erp,0,1,0.01,28.99276537640748,0.0757819265127182,39731.5546875,28.88575252898305,0.07650502026081085,40110.6640625,0.016880035400390625,8850.0,0.0076313018798828125,4001.0,0.008283615112304688,4343.0,0.0,0,0.09338505566120148,48960.6640625,1000,1000
othim19,erp,0,1,0.01,25.51923378771468,0.16965332627296448,88947.203125,25.50463292495732,0.17013317346572876,89198.78125,0.018262863159179688,9575.0,0.0078582763671875,4120.0,0.009668350219726562,5069.0,0.0,0,0.18839603662490845,98773.78125,1000,1000
othim20,erp,0,1,0.01,25.374474769344307,0.17112495005130768,89718.7578125,25.349953126166582,0.17218589782714844,90275.0,0.016836166381835938,8827.0,0.006481170654296875,3398.0,0.00948333740234375,4972.0,0.0,0,0.18902206420898438,99102.0,1000,1000
othim21,erp,0,1,0.01,25.336604256758694,0.16393807530403137,85950.765625,25.31163207629777,0.16458281874656677,86288.796875,0.01776885986328125,9316.0,0.0077114105224609375,4043.0,0.009321212768554688,4887.0,0.0,0,0.18235167860984802,95604.796875,1000,1000
othim22,erp,0,1,0.01,28.173879451462835,0.0979558527469635,51357.078125,28.13975213246388,0.09968823939561844,52265.34765625,0.017580032348632812,9217.0,0.0068149566650390625,3573.0,0.009914398193359375,5198.0,0.0,0,0.11726827174425125,61482.34765625,1000,1000
othim23,erp,0,1,0.01,27.649061340102662,0.09301476180553436,48766.5234375,27.59950901624246,0.09365110844373703,49100.15234375,0.01850128173828125,9700.0,0.00775146484375,4064.0,0.009752273559570312,5113.0,0.0,0,0.11215239018201828,58800.15234375,1000,1000
othim24,erp,0,1,0.01,26.61855983127101,0.1292356252670288,67756.6875,26.608063197149193,0.130130797624588,68226.015625,0.019388198852539062,10165.0,0.0076503753662109375,4011.0,0.010776519775390625,5650.0,0.0,0,0.14951899647712708,78391.015625,1000,1000
othim25,erp,0,1,0.01,24.695208953454955,0.18721219897270203,98153.109375,24.681211000007917,0.18738533556461334,98243.8828125,0.01955413818359375,10252.0,0.00875091552734375,4588.0,0.009832382202148438,5155.0,0.0,0,0.2069394737482071,108495.8828125,1000,1000
othim26,erp,0,1,0.01,24.775556688129353,0.19205589592456818,100692.6015625,24.767815096222304,0.19329297542572021,101341.1875,0.01909637451171875,10012.0,0.007762908935546875,4070.0,0.010484695434570312,5497.0,0.0,0,0.21238934993743896,111353.1875,1000,1000
othim27,erp,0,1,0.01,25.405766612709616,0.15512201189994812,81328.609375,25.400121697424794,0.15562202036380768,81590.7578125,0.0194854736328125,10216.0,0.007686614990234375,4030.0,0.01094818115234375,5740.0,0.0,0,0.17510749399662018,91806.7578125,1000,1000
othim28,erp,0,1,0.01,25.713681907716268,0.13594600558280945,71274.859375,25.676026103459094,0.13684684038162231,71747.15625,0.017065048217773438,8947.0,0.0075588226318359375,3963.0,0.0086517333984375,4536.0,0.0,0,0.15391188859939575,80694.15625,1000,1000
othim29,erp,0,1,0.01,26.01848451705426,0.13264918327331543,69546.375,25.999691428867973,0.1337296962738037,70112.875,0.018146514892578125,9514.0,0.007732391357421875,4054.0,0.009550094604492188,5007.0,0.0,0,0.15187621116638184,79626.875,1000,1000
othim30,erp,0,1,0.01,25.608741229762913,0.1410624384880066,73957.34375,25.58609696643093,0.14222201704978943,74565.296875,0.018205642700195312,9545.0,0.0076236724853515625,3997.0,0.00960540771484375,5036.0,0.0,0,0.16042765974998474,84110.296875,1000,1000
othim01,erp,0,1,0.00802,27.52111837343917,0.11621943861246109,60932.45703125,27.481873707359615,0.11674869060516357,61209.9375,0.018337249755859375,9614.0,0.0075778961181640625,3973.0,0.009931564331054688,5207.0,0.0,0,0.13508594036102295,70823.9375,1000,1000
othim02,erp,0,1,0.00802,27.458524304085245,0.11790884286165237,61818.19140625,27.43127351234379,0.11849503219127655,62125.5234375,0.018283843994140625,9586.0,0.0077056884765625,4040.0,0.009641647338867188,5055.0,0.0,0,0.13677887618541718,71711.5234375,1000,1000
othim03,erp,0,1,0.00802,27.48490988155594,0.12208455055952072,64007.46484375,27.434864071757175,0.12306449562311172,64521.23828125,0.017190933227539062,9013.0,0.007701873779296875,4038.0,0.00864410400390625,4532.0,0.0,0,0.1402554288506508,73534.23828125,1000,1000
othim04,erp,0,1,0.00802,24.86503405443025,0.2470308393239975,129515.3046875,24.854144421383463,0.2474595457315445,129740.0703125,0.018087387084960938,9483.0,0.0075664520263671875,3967.0,0.009531021118164062,4997.0,0.0,0,0.26554693281650543,139223.0703125,1000,1000
othim05,erp,0,1,0.00802,25.756078544829467,0.19303986430168152,101208.484375,25.73359027089337,0.19371101260185242,101560.359375,0.018022537231445312,9449.0,0.007816314697265625,4098.0,0.009334564208984375,4894.0,0.0,0,0.21173354983329773,111009.359375,1000,1000
othim06,erp,0,1,0.00802,25.75536878084739,0.20301535725593567,106438.515625,25.74689949781403,0.2040112167596817,106960.6328125,0.017559051513671875,9206.0,0.0075168609619140625,3941.0,0.009044647216796875,4742.0,0.0,0,0.22157026827335358,116166.6328125,1000,1000
othim07,erp,0,1,0.00802,28.72452041047906,0.09588995575904846,50273.953125,28.713429213534955,0.09643648564815521,50560.4921875,0.020753860473632812,10881.0,0.0076694488525390625,4021.0,0.012355804443359375,6478.0,0.0,0,0.11719034612178802,61441.4921875,1000,1000
othim08,erp,0,1,0.00802,28.83725047351084,0.09287851303815842,48695.08984375,28.810159850168734,0.09485514461994171,49731.4140625,0.01807403564453125,9476.0,0.0065937042236328125,3457.0,0.010896682739257812,5713.0,0.0,0,0.11292918026447296,59207.4140625,1000,1000
othim09,erp,0,1,0.00802,28.743532442368892,0.09476839005947113,49685.9296875,28.696635175532503,0.0954384133219719,50037.21484375,0.0181884765625,9536.0,0.0076236724853515625,3997.0,0.00971221923828125,5092.0,0.0,0,0.1136268898844719,59573.21484375,1000,1000
othim10,erp,0,1,0.00802,28.098863960592652,0.08813953399658203,46210.5,28.084818143231246,0.08847971260547638,46388.8515625,0.019290924072265625,10114.0,0.00768280029296875,4028.0,0.010753631591796875,5638.0,0.0,0,0.107770636677742,56502.8515625,1000,1000
othim11,erp,0,1,0.00802,27.51003348883347,0.09346602857112885,49003.1171875,27.49918911590821,0.09406949579715729,49319.5078125,0.019664764404296875,10310.0,0.007625579833984375,3998.0,0.01128387451171875,5916.0,0.0,0,0.11373426020145416,59629.5078125,1000,1000
othim12,erp,0,1,0.00802,27.326305564035064,0.11466718465089798,60118.62890625,27.30878966773737,0.11650103330612183,61080.09375,0.017511367797851562,9181.0,0.006641387939453125,3482.0,0.010011672973632812,5249.0,0.0,0,0.1340124011039734,70261.09375,1000,1000
othim13,erp,0,1,0.00802,28.658640600335108,0.0951339453458786,49877.5859375,28.647742193080035,0.09597521275281906,50318.65234375,0.018289566040039062,9589.0,0.006694793701171875,3510.0,0.010744094848632812,5633.0,0.0,0,0.11426477879285812,59907.65234375,1000,1000
othim14,erp,0,1,0.00802,28.766206527698174,0.0959043949842453,50281.5234375,28.748039189624176,0.09637010097503662,50525.6875,0.018247604370117188,9567.0,0.007568359375,3968.0,0.009721755981445312,5097.0,0.0,0,0.11461770534515381,60092.6875,1000,1000
othim15,erp,0,1,0.00802,28.73636574564226,0.09403415024280548,49300.9765625,28.68634020610681,0.09430347383022308,49442.1796875,0.01819610595703125,9540.0,0.0078582763671875,4120.0,0.00962066650390625,5044.0,0.0,0,0.11249957978725433,58982.1796875,1000,1000
othim16,erp,0,1,0.00802,29.11173935904002,0.09113617241382599,47781.6015625,29.080295350955613,0.09192483127117157,48195.0859375,0.017980575561523438,9427.0,0.007671356201171875,4022.0,0.00933074951171875,4892.0,0.0,0,0.10990540683269501,57622.0859375,1000,1000
othim17,erp,0,1,0.00802,29.190096714276564,0.08823595941066742,46261.0546875,29.174093393819238,0.08873447775840759,46522.421875,0.018985748291015625,9954.0,0.0076694488525390625,4021.0,0.010463714599609375,5486.0,0.0,0,0.10772022604942322,56476.421875,1000,1000
othim18,erp,0,1,0.00802,29.17387308708159,0.08514812588691711,44642.140625,29.155478069853,0.08640750497579575,45302.41796875,0.016925811767578125,8874.0,0.0066089630126953125,3465.0,0.009607315063476562,5037.0,0.0,0,0.10333331674337387,54176.41796875,1000,1000
othim19,erp,0,1,0.00802,25.94194764100065,0.20530441403388977,107638.640625,25.923445989793294,0.2062382698059082,108128.25,0.017852783203125,9360.0,0.0077838897705078125,4081.0,0.009212493896484375,4830.0,0.0,0,0.2240910530090332,117488.25,1000,1000
othim20,erp,0,1,0.00802,25.70518873892864,0.19154326617717743,100423.8359375,25.70098226927422,0.19223523139953613,100786.625,0.019107818603515625,10018.0,0.007793426513671875,4086.0,0.010469436645507812,5489.0,0.0,0,0.21134305000305176,110804.625,1000,1000
othim21,erp,0,1,0.00802,25.802400339654895,0.19280022382736206,101082.84375,25.78811087049469,0.19425442814826965,101845.265625,0.018598556518554688,9751.0,0.00653839111328125,3428.0,0.010967254638671875,5750.0,0.0,0,0.21285298466682434,111596.265625,1000,1000
othim22,erp,0,1,0.00802,28.436054293732195,0.11299867928028107,59243.8515625,28.419204499791732,0.11386960744857788,59700.46875,0.019134521484375,10032.0,0.0077266693115234375,4051.0,0.01067352294921875,5596.0,0.0,0,0.13300412893295288,69732.46875,1000,1000
othim23,erp,0,1,0.00802,28.124972982774267,0.11063258349895477,58003.3359375,28.093188686100145,0.11308227479457855,59287.6796875,0.01776123046875,9312.0,0.006702423095703125,3514.0,0.010179519653320312,5337.0,0.0,0,0.13084350526332855,68599.6796875,1000,1000
othim24,erp,0,1,0.00802,27.011907813245557,0.15008531510829926,78687.9296875,27.000882925341198,0.15093758702278137,79134.765625,0.019426345825195312,10185.0,0.007724761962890625,4050.0,0.010721206665039062,5621.0,0.0,0,0.17036393284797668,89319.765625,1000,1000
othim25,erp,0,1,0.00802,25.057225939527,0.2164492905139923,113481.765625,25.037954594028538,0.21708182990550995,113813.3984375,0.018283843994140625,9586.0,0.007778167724609375,4078.0,0.009790420532226562,5133.0,0.0,0,0.23536567389965057,123399.3984375,1000,1000
othim26,erp,0,1,0.00802,25.140728039630307,0.21585656702518463,113171.0078125,25.130265073835016,0.21647562086582184,113495.5703125,0.019008636474609375,9966.0,0.0077724456787109375,4075.0,0.010387420654296875,5446.0,0.0,0,0.2354842573404312,123461.5703125,1000,1000
othim27,erp,0,1,0.00802,25.69692338120261,0.1757928729057312,92166.09375,25.684049457117833,0.1767665594816208,92676.5859375,0.018886566162109375,9902.0,0.007732391357421875,4054.0,0.010303497314453125,5402.0,0.0,0,0.19565312564373016,102578.5859375,1000,1000
othim28,erp,0,1,0.00802,25.913778042272813,0.15461376309394836,81062.140625,25.909743598236105,0.1563323438167572,81963.171875,0.018293380737304688,9591.0,0.0065670013427734375,3443.0,0.010860443115234375,5694.0,0.0,0,0.1746257245540619,91554.171875,1000,1000
othim29,erp,0,1,0.00802,26.347314383782784,0.1637147068977356,85833.65625,26.334622766969783,0.16456297039985657,86278.390625,0.017923355102539062,9397.0,0.007793426513671875,4086.0,0.0092620849609375,4856.0,0.0,0,0.18248632550239563,95675.390625,1000,1000
othim30,erp,0,1,0.00802,25.83315601458305,0.1600649505853653,83920.1328125,25.82305333016528,0.16034817695617676,84068.625,0.0206451416015625,10824.0,0.008769989013671875,4598.0,0.010992050170898438,5763.0,0.0,0,0.18099331855773926,94892.625,1000,1000
othim01,erp,0,1,0.00604,28.04934212898714,0.14527657628059387,76166.765625,28.008527849190745,0.14616644382476807,76633.3125,0.0168304443359375,8824.0,0.0065135955810546875,3415.0,0.009616851806640625,5042.0,0.0,0,0.16299688816070557,85457.3125,1000,1000
othim02,erp,0,1,0.00604,27.95051506767364,0.14281406998634338,74875.703125,27.946649426988376,0.14394870400428772,75470.578125,0.018339157104492188,9615.0,0.0064983367919921875,3407.0,0.010894775390625,5712.0,0.0,0,0.1622878611087799,85085.578125,1000,1000
othim03,erp,0,1,0.00604,27.971138072277682,0.1427384614944458,74836.0625,27.94911882173822,0.14320038259029388,75078.2421875,0.018262863159179688,9575.0,0.0077457427978515625,4061.0,0.009683609008789062,5077.0,0.0,0,0.16146324574947357,84653.2421875,1000,1000
othim04,erp,0,1,0.00604,25.433657291244057,0.2996510863304138,157103.46875,25.421793031522725,0.3005479574203491,157573.6875,0.019250869750976562,10093.0,0.0074329376220703125,3897.0,0.010847091674804688,5687.0,0.0,0,0.3197988271713257,167666.6875,1000,1000
othim05,erp,0,1,0.00604,26.21471984009221,0.23103904724121094,121131.0,26.194546620636753,0.23230892419815063,121796.78125,0.018102645874023438,9491.0,0.00780487060546875,4092.0,0.0093231201171875,4888.0,0.0,0,0.2504115700721741,131287.78125,1000,1000
othim06,erp,0,1,0.00604,26.347213429659618,0.24411052465438843,127984.21875,26.34401409801652,0.2446601539850235,128272.3828125,0.018823623657226562,9869.0,0.0075893402099609375,3979.0,0.0103759765625,5440.0,0.0,0,0.26348377764225006,138141.3828125,1000,1000
othim07,erp,0,1,0.00604,29.303418207271402,0.11826562136411667,62005.24609375,29.28648832979617,0.11966944485902786,62741.25390625,0.018161773681640625,9522.0,0.006656646728515625,3490.0,0.010530471801757812,5521.0,0.0,0,0.1378312185406685,72263.25390625,1000,1000
othim08,erp,0,1,0.00604,29.732876430594587,0.10869210958480835,56985.96875,29.706009099985465,0.10914447903633118,57223.140625,0.020223617553710938,10603.0,0.008678436279296875,4550.0,0.010705947875976562,5613.0,0.0,0,0.12936809659004211,67826.140625,1000,1000
othim09,erp,0,1,0.00604,29.395677433090373,0.11422710865736008,59887.90234375,29.36525979967736,0.11480800062417984,60192.45703125,0.01923370361328125,10084.0,0.0076389312744140625,4005.0,0.010873794555664062,5701.0,0.0,0,0.1340417042374611,70276.45703125,1000,1000
othim10,erp,0,1,0.00604,28.65739270506216,0.11483503133058548,60206.62890625,28.648886422490744,0.11704292893409729,61364.203125,0.019420623779296875,10182.0,0.00673675537109375,3532.0,0.011816024780273438,6195.0,0.0,0,0.13646355271339417,71546.203125,1000,1000
othim11,erp,0,1,0.00604,28.124102410192915,0.12178918719291687,63852.609375,28.120231816386706,0.12319833040237427,64591.40625,0.017789840698242188,9327.0,0.0066471099853515625,3485.0,0.010175704956054688,5335.0,0.0,0,0.14098817110061646,73918.40625,1000,1000
othim12,erp,0,1,0.00604,27.742600322685433,0.14139394462108612,74131.1484375,27.733718671713536,0.1417495757341385,74317.6015625,0.020765304565429688,10887.0,0.008693695068359375,4558.0,0.01110076904296875,5820.0,0.0,0,0.16251488029956818,85204.6015625,1000,1000
othim13,erp,0,1,0.00604,29.22267858256637,0.10968700051307678,57507.578125,29.20323507169093,0.11034667491912842,57853.4375,0.0195159912109375,10232.0,0.0077056884765625,4040.0,0.010959625244140625,5746.0,0.0,0,0.12986266613006592,68085.4375,1000,1000
othim14,erp,0,1,0.00604,29.331996620480115,0.1114029586315155,58407.234375,29.32408461399777,0.11156147718429565,58490.34375,0.020345687866210938,10667.0,0.0084991455078125,4456.0,0.010992050170898438,5763.0,0.0,0,0.1319071650505066,69157.34375,1000,1000
othim15,erp,0,1,0.00604,29.229216802268905,0.11090412735939026,58145.703125,29.21455472388298,0.11160391569137573,58512.59375,0.019443511962890625,10194.0,0.0077075958251953125,4041.0,0.010889053344726562,5709.0,0.0,0,0.13104742765426636,68706.59375,1000,1000
othim16,erp,0,1,0.00604,29.62719845512724,0.10455790162086487,54818.453125,29.595177458546416,0.10506978631019592,55086.828125,0.019357681274414062,10149.0,0.0076160430908203125,3993.0,0.011020660400390625,5778.0,0.0,0,0.12442746758460999,65235.828125,1000,1000
othim17,erp,0,1,0.00604,29.651128062774177,0.10561305284500122,55371.65625,29.619968615976635,0.10630473494529724,55734.296875,0.017946243286132812,9409.0,0.00775909423828125,4068.0,0.009210586547851562,4829.0,0.0,0,0.12425097823143005,65143.296875,1000,1000
othim18,erp,0,1,0.00604,29.681572918850083,0.10345468670129776,54240.05078125,29.667307462651948,0.10410696268081665,54582.03125,0.019094467163085938,10011.0,0.0075740814208984375,3971.0,0.010684967041015625,5602.0,0.0,0,0.12320142984390259,64593.03125,1000,1000
othim19,erp,0,1,0.00604,26.21846842258347,0.23641251027584076,123948.2421875,26.203152780868507,0.23797954618930817,124769.8203125,0.018108367919921875,9494.0,0.0076351165771484375,4003.0,0.009490966796875,4976.0,0.0,0,0.25608791410923004,134263.8203125,1000,1000
othim20,erp,0,1,0.00604,26.253333912726635,0.23386532068252563,122612.78125,26.237632713443674,0.2350262999534607,123221.46875,0.018587112426757812,9745.0,0.0076274871826171875,3999.0,0.010099411010742188,5295.0,0.0,0,0.2536134123802185,132966.46875,1000,1000
othim21,erp,0,1,0.00604,26.270839619387345,0.23414826393127441,122761.125,26.25627319734728,0.2346341907978058,123015.890625,0.018281936645507812,9585.0,0.007740020751953125,4058.0,0.009691238403320312,5081.0,0.0,0,0.2529161274433136,132600.890625,1000,1000
othim22,erp,0,1,0.00604,28.820914839990195,0.13839459419250488,72558.625,28.798708808043916,0.13871878385543823,72728.59375,0.0203704833984375,10680.0,0.008707046508789062,4565.0,0.01080322265625,5664.0,0.0,0,0.15908926725387573,83408.59375,1000,1000
othim23,erp,0,1,0.00604,28.821297818715,0.13568522036075592,71138.1328125,28.796856304055684,0.1368272602558136,71736.890625,0.019422531127929688,10183.0,0.0076236724853515625,3997.0,0.01092529296875,5728.0,0.0,0,0.1562497913837433,81919.890625,1000,1000
othim24,erp,0,1,0.00604,27.441737257402796,0.1705826371908188,89434.4296875,27.426124384581936,0.17127493023872375,89797.390625,0.020343780517578125,10666.0,0.008680343627929688,4551.0,0.01080322265625,5664.0,0.0,0,0.19161871075630188,100463.390625,1000,1000
othim25,erp,0,1,0.00604,26.118695449949072,0.2866687774658203,150297.0,26.10354522194528,0.2877047061920166,150840.125,0.019243240356445312,10089.0,0.0076141357421875,3992.0,0.010898590087890625,5714.0,0.0,0,0.3069479465484619,160929.125,1000,1000
othim26,erp,0,1,0.00604,26.09866061728309,0.2880999445915222,151047.34375,26.092933954521573,0.28879284858703613,151410.625,0.019224166870117188,10079.0,0.00760650634765625,3988.0,0.01064300537109375,5580.0,0.0,0,0.3080170154571533,161489.625,1000,1000
othim27,erp,0,1,0.00604,26.199338363722166,0.21451231837272644,112466.234375,26.192595424970033,0.2147437483072281,112587.5703125,0.020185470581054688,10583.0,0.008581161499023438,4499.0,0.010625839233398438,5571.0,0.0,0,0.23492921888828278,123170.5703125,1000,1000
othim28,erp,0,1,0.00604,26.372303477950027,0.18772974610328674,98424.453125,26.368967522679696,0.18816159665584564,98650.8671875,0.019380569458007812,10161.0,0.007579803466796875,3974.0,0.010820388793945312,5673.0,0.0,0,0.20754216611385345,108811.8671875,1000,1000
othim29,erp,0,1,0.00604,26.863952667030674,0.19218924641609192,100762.515625,26.84680490778105,0.19287772476673126,101123.4765625,0.01924896240234375,10092.0,0.007925033569335938,4155.0,0.010461807250976562,5485.0,0.0,0,0.212126687169075,111215.4765625,1000,1000
othim30,erp,0,1,0.00604,26.402352942048452,0.1983470469713211,103990.9765625,26.385215606729858,0.19928064942359924,104480.453125,0.018152236938476562,9517.0,0.0076999664306640625,4037.0,0.009471893310546875,4966.0,0.0,0,0.2174328863620758,113997.453125,1000,1000
othim01,erp,0,1,0.00406,28.72116559443199,0.1840856969356537,96513.921875,28.707956815626336,0.18497274816036224,96978.9921875,0.0207366943359375,10872.0,0.007720947265625,4048.0,0.01216888427734375,6380.0,0.0,0,0.20570944249629974,107850.9921875,1000,1000
othim02,erp,0,1,0.00406,28.784174967333104,0.18427953124046326,96615.546875,28.776138865835737,0.1846504509449005,96810.015625,0.020498275756835938,10747.0,0.008668899536132812,4545.0,0.0108795166015625,5704.0,0.0,0,0.20514872670173645,107557.015625,1000,1000
othim03,erp,0,1,0.00406,28.664724036108286,0.18811896443367004,98628.515625,28.64407068571379,0.18942919373512268,99315.453125,0.017015457153320312,8921.0,0.0064601898193359375,3387.0,0.0098419189453125,5160.0,0.0,0,0.206444650888443,108236.453125,1000,1000
othim04,erp,0,1,0.00406,27.063021690298594,0.4629245400428772,242705.78125,27.056520213892124,0.4636925458908081,243108.4375,0.019214630126953125,10074.0,0.0078125,4096.0,0.010545730590820312,5529.0,0.0,0,0.48290717601776123,253182.4375,1000,1000
othim05,erp,0,1,0.00406,27.7674445537258,0.351081520318985,184067.828125,27.75095401107107,0.35175561904907227,184421.25,0.019514083862304688,10231.0,0.007867813110351562,4125.0,0.010778427124023438,5651.0,0.0,0,0.37126970291137695,194652.25,1000,1000
othim06,erp,0,1,0.00406,27.730563320786278,0.348924458026886,182936.90625,27.72041515203486,0.3490808308124542,183018.890625,0.020006179809570312,10489.0,0.008663177490234375,4542.0,0.010494232177734375,5502.0,0.0,0,0.36908701062202454,193507.890625,1000,1000
othim07,erp,0,1,0.00406,30.50067079176792,0.15984781086444855,83806.2890625,30.490578932244514,0.1609615534543991,84390.2109375,0.020259857177734375,10622.0,0.0077533721923828125,4065.0,0.01165771484375,6112.0,0.0,0,0.18122141063213348,95012.2109375,1000,1000
othim08,erp,0,1,0.00406,30.52330979610974,0.13622452318668365,71420.8828125,30.512726223179982,0.1377239227294922,72207.0,0.019742965698242188,10351.0,0.0066242218017578125,3473.0,0.012155532836914062,6373.0,0.0,0,0.15746688842773438,82558.0,1000,1000
othim09,erp,0,1,0.00406,29.878692136397905,0.14060768485069275,73718.921875,29.82058199912142,0.14148038625717163,74176.46875,0.018352508544921875,9622.0,0.007720947265625,4048.0,0.009649276733398438,5059.0,0.0,0,0.1598328948020935,83798.46875,1000,1000
othim10,erp,0,1,0.00406,29.266055459007664,0.15756545960903168,82609.6796875,29.26030691326537,0.15835535526275635,83023.8125,0.0190887451171875,10008.0,0.0076084136962890625,3989.0,0.010519027709960938,5515.0,0.0,0,0.17744410037994385,93031.8125,1000,1000
othim11,erp,0,1,0.00406,28.953620489596265,0.1671256273984909,87621.9609375,28.939248766920798,0.16787417232990265,88014.4140625,0.018856048583984375,9886.0,0.0074939727783203125,3929.0,0.010400772094726562,5453.0,0.0,0,0.18673022091388702,97900.4140625,1000,1000
othim12,erp,0,1,0.00406,28.607621590555976,0.1814275085926056,95120.265625,28.596872432148654,0.18208935856819153,95467.265625,0.019260406494140625,10098.0,0.0076274871826171875,3999.0,0.010641098022460938,5579.0,0.0,0,0.20134976506233215,105565.265625,1000,1000
othim13,erp,0,1,0.00406,29.812308116260596,0.13792291283607483,72311.328125,29.800333115481703,0.13851264119148254,72620.515625,0.019514083862304688,10231.0,0.0076045989990234375,3987.0,0.011037826538085938,5787.0,0.0,0,0.15802672505378723,82851.515625,1000,1000
othim14,erp,0,1,0.00406,29.873662077116126,0.13611790537834167,71364.984375,29.862911241287737,0.13683484494686127,71740.8671875,0.019414901733398438,10179.0,0.0076389312744140625,4005.0,0.010799407958984375,5662.0,0.0,0,0.1562497466802597,81919.8671875,1000,1000
othim15,erp,0,1,0.00406,29.752792514114066,0.13847903907299042,72602.8984375,29.746446598996318,0.13884657621383667,72795.59375,0.019670486450195312,10313.0,0.007762908935546875,4070.0,0.011056900024414062,5797.0,0.0,0,0.15851706266403198,83108.59375,1000,1000
othim16,erp,0,1,0.00406,30.844483777117556,0.1403963565826416,73608.125,30.817158302054423,0.1410960555076599,73974.96875,0.019084930419921875,10006.0,0.0076313018798828125,4001.0,0.010599136352539062,5557.0,0.0,0,0.1601809859275818,83980.96875,1000,1000
othim17,erp,0,1,0.00406,30.285656750579818,0.12934300303459167,67812.984375,30.263633208802304,0.13059531152248383,68469.5546875,0.018354415893554688,9623.0,0.0065555572509765625,3437.0,0.010831832885742188,5679.0,0.0,0,0.1489497274160385,78092.5546875,1000,1000
othim18,erp,0,1,0.00406,30.23929370382906,0.12791843712329865,67066.1015625,30.22225618705482,0.12830503284931183,67268.7890625,0.020029067993164062,10501.0,0.008544921875,4480.0,0.010631561279296875,5574.0,0.0,0,0.1483341008424759,77769.7890625,1000,1000
othim19,erp,0,1,0.00406,27.806634382181326,0.3492543399333954,183109.859375,27.78920075951484,0.3503405749797821,183679.359375,0.01844024658203125,9668.0,0.0077648162841796875,4071.0,0.009691238403320312,5081.0,0.0,0,0.36878082156181335,193347.359375,1000,1000
othim20,erp,0,1,0.00406,27.838123392024915,0.3459239602088928,181363.78125,27.83431263176121,0.34625887870788574,181539.375,0.019207000732421875,10070.0,0.0075969696044921875,3983.0,0.010738372802734375,5630.0,0.0,0,0.3654658794403076,191609.375,1000,1000
othim21,erp,0,1,0.00406,27.818703353247674,0.3482059836387634,182560.21875,27.802575333177675,0.3489234447479248,182936.375,0.0195465087890625,10248.0,0.0076236724853515625,3997.0,0.011194229125976562,5869.0,0.0,0,0.3684699535369873,193184.375,1000,1000
othim22,erp,0,1,0.00406,29.73128821594796,0.17651280760765076,92543.546875,29.718513339152818,0.1775609701871872,93093.0859375,0.01950836181640625,10228.0,0.00772857666015625,4052.0,0.010667800903320312,5593.0,0.0,0,0.19706933200359344,103321.0859375,1000,1000
othim23,erp,0,1,0.00406,29.543993665050323,0.17004351317882538,89151.7734375,29.53549172720783,0.1704494059085846,89364.578125,0.022161483764648438,11619.0,0.008798599243164062,4613.0,0.012250900268554688,6423.0,0.0,0,0.19261088967323303,100983.578125,1000,1000
othim24,erp,0,1,0.00406,28.020641291293774,0.20841169357299805,109267.75,28.00497795891631,0.20895084738731384,109550.421875,0.020467758178710938,10731.0,0.008550643920898438,4483.0,0.010938644409179688,5735.0,0.0,0,0.22941860556602478,120281.421875,1000,1000
othim25,erp,0,1,0.00406,27.407688635103238,0.3848450183868408,201769.625,27.38334999638174,0.3857265114784241,202231.78125,0.018466949462890625,9682.0,0.007720947265625,4048.0,0.009660720825195312,5065.0,0.0,0,0.4041934609413147,211913.78125,1000,1000
othim26,erp,0,1,0.00406,27.323326359934267,0.3888905942440033,203890.671875,27.318237133334808,0.3898325562477112,204384.53125,0.020662307739257812,10833.0,0.00775909423828125,4068.0,0.01204681396484375,6316.0,0.0,0,0.410494863986969,215217.53125,1000,1000
othim27,erp,0,1,0.00406,27.563054200819792,0.2993732690811157,156957.8125,27.55260428311306,0.29962342977523804,157088.96875,0.019941329956054688,10455.0,0.008760452270507812,4593.0,0.010324478149414062,5413.0,0.0,0,0.3195647597312927,167543.96875,1000,1000
othim28,erp,0,1,0.00406,28.131855540961606,0.3110024929046631,163054.875,28.114429410784652,0.3114716410636902,163300.84375,0.017711639404296875,9286.0,0.00748443603515625,3924.0,0.009523391723632812,4993.0,0.0,0,0.32918328046798706,172586.84375,1000,1000
othim29,erp,0,1,0.00406,28.458814732762544,0.29992568492889404,157247.4375,28.446681810855427,0.30110129714012146,157863.796875,0.019680023193359375,10318.0,0.007907867431640625,4146.0,0.010786056518554688,5655.0,0.0,0,0.32078132033348083,168181.796875,1000,1000
othim30,erp,0,1,0.00406,27.99339083002886,0.3086424767971039,161817.546875,27.98217303610782,0.3097371459007263,162391.46875,0.019140243530273438,10035.0,0.0075836181640625,3976.0,0.010831832885742188,5679.0,0.0,0,0.32887738943099976,172426.46875,1000,1000
othim01,erp,0,1,0.00208,31.35940451322217,0.34018751978874207,178356.234375,31.3529498589419,0.34159111976623535,179092.125,0.020391464233398438,10691.0,0.00762176513671875,3996.0,0.011814117431640625,6194.0,0.0,0,0.3619825839996338,189783.125,1000,1000
othim02,erp,0,1,0.00208,31.330527465027092,0.3310644030570984,173573.09375,31.327401978715773,0.3321096897125244,174121.125,0.020738601684570312,10873.0,0.0077266693115234375,4051.0,0.01206207275390625,6324.0,0.0,0,0.3528482913970947,184994.125,1000,1000
othim03,erp,0,1,0.00208,31.317778881164184,0.3653651475906372,191556.5625,31.303110275075408,0.3661534786224365,191969.875,0.01918792724609375,10060.0,0.0075511932373046875,3959.0,0.010700225830078125,5610.0,0.0,0,0.3853414058685303,202029.875,1000,1000
othim04,erp,0,1,0.00208,29.290132546311497,0.7260010242462158,380633.625,29.2805586499631,0.7271488904953003,381235.4375,0.0194091796875,10176.0,0.0076446533203125,4008.0,0.01082611083984375,5676.0,0.0,0,0.7465580701828003,391411.4375,1000,1000
othim05,erp,0,1,0.00208,29.939207555620147,0.567088782787323,297317.84375,29.933420950197114,0.5672489404678345,297401.8125,0.020477294921875,10736.0,0.008764266967773438,4595.0,0.010730743408203125,5626.0,0.0,0,0.5877262353897095,308137.8125,1000,1000
othim06,erp,0,1,0.00208,30.02436553659437,0.5670853853225708,297316.0625,30.01238004486793,0.5689916610717773,298315.5,0.018819808959960938,9867.0,0.0074596405029296875,3911.0,0.010408401489257812,5457.0,0.0,0,0.5878114700317383,308182.5,1000,1000
othim07,erp,0,1,0.00208,32.625597594784004,0.25514328479766846,133768.5625,32.609284943551465,0.2553062438964844,133854.0,0.02169036865234375,11372.0,0.008874893188476562,4653.0,0.011966705322265625,6274.0,0.0,0,0.2769966125488281,145226.0,1000,1000
othim08,erp,0,1,0.00208,32.6202661525756,0.23210273683071136,121688.6796875,32.59701296827085,0.23274478316307068,122025.296875,0.02050018310546875,10748.0,0.008840560913085938,4635.0,0.0106964111328125,5608.0,0.0,0,0.25324496626853943,132773.296875,1000,1000
othim09,erp,0,1,0.00208,32.46770470605681,0.2526511251926422,132461.953125,32.45740974365525,0.25284335017204285,132562.734375,0.021366119384765625,11202.0,0.008512496948242188,4463.0,0.012025833129882812,6305.0,0.0,0,0.27420946955680847,143764.734375,1000,1000
othim10,erp,0,1,0.00208,30.830839471147556,0.26308363676071167,137931.59375,30.82562628987119,0.26348698139190674,138143.0625,0.02142333984375,11232.0,0.008687973022460938,4555.0,0.011768341064453125,6170.0,0.0,0,0.28491032123565674,149375.0625,1000,1000
othim11,erp,0,1,0.00208,30.77623321209859,0.2976033687591553,156029.875,30.771496599577336,0.297970175743103,156222.1875,0.021083831787109375,11054.0,0.008533477783203125,4474.0,0.011692047119140625,6130.0,0.0,0,0.3190540075302124,167276.1875,1000,1000
othim12,erp,0,1,0.00208,30.675247351737266,0.338250994682312,177340.9375,30.66913836581543,0.33923161029815674,177855.0625,0.02057647705078125,10788.0,0.0076351165771484375,4003.0,0.011838912963867188,6207.0,0.0,0,0.359808087348938,188643.0625,1000,1000
othim13,erp,0,1,0.00208,32.44987080077106,0.2505645155906677,131367.96875,32.434226850824864,0.2510407567024231,131617.65625,0.020122528076171875,10550.0,0.00872802734375,4576.0,0.010425567626953125,5466.0,0.0,0,0.27116328477859497,142167.65625,1000,1000
othim14,erp,0,1,0.00208,32.00428607069095,0.24431389570236206,128090.84375,32.00111136192186,0.2450655698776245,128484.9375,0.020093917846679688,10535.0,0.007572174072265625,3970.0,0.011556625366210938,6059.0,0.0,0,0.2651594877243042,139019.9375,1000,1000
othim15,erp,0,1,0.00208,32.43743521628509,0.2575894892215729,135051.078125,32.40248966417609,0.2580592632293701,135297.375,0.018962860107421875,9942.0,0.008668899536132812,4545.0,0.0094757080078125,4968.0,0.0,0,0.277022123336792,145239.375,1000,1000
othim16,erp,0,1,0.00208,32.84911375683947,0.23636451363563538,123923.078125,32.820933089239695,0.2378099411725998,124680.8984375,0.019147872924804688,10039.0,0.007495880126953125,3930.0,0.01058197021484375,5548.0,0.0,0,0.2569578140974045,134719.8984375,1000,1000
othim17,erp,0,1,0.00208,32.72171020793618,0.23647251725196838,123979.703125,32.70487669581237,0.2377147227525711,124630.9765625,0.019212722778320312,10073.0,0.00754547119140625,3956.0,0.010707855224609375,5614.0,0.0,0,0.2569274455308914,134703.9765625,1000,1000
othim18,erp,0,1,0.00208,32.83966716157834,0.2357504665851593,123601.140625,32.80627723751291,0.23656123876571655,124026.21875,0.01905059814453125,9988.0,0.0076160430908203125,3993.0,0.010477066040039062,5493.0,0.0,0,0.2556118369102478,134014.21875,1000,1000
othim19,erp,0,1,0.00208,30.01832808345212,0.5582811832427979,292700.125,30.006495954314506,0.5588885545730591,293018.5625,0.020343780517578125,10666.0,0.0085296630859375,4472.0,0.010976791381835938,5755.0,0.0,0,0.5792323350906372,303684.5625,1000,1000
othim20,erp,0,1,0.00208,30.09596277681696,0.5759841203689575,301981.5625,30.083433785177437,0.5770719051361084,302551.875,0.019384384155273438,10163.0,0.0077724456787109375,4075.0,0.010637283325195312,5577.0,0.0,0,0.5964562892913818,312714.875,1000,1000
othim21,erp,0,1,0.00208,30.01430635864894,0.5681601762771606,297879.5625,30.00375395015546,0.5687857866287231,298207.5625,0.020870208740234375,10942.0,0.008876800537109375,4654.0,0.011037826538085938,5787.0,0.0,0,0.5896559953689575,309149.5625,1000,1000
othim22,erp,0,1,0.00208,32.01442297948565,0.30825769901275635,161615.8125,32.007715818486446,0.30860599875450134,161798.421875,0.021791458129882812,11425.0,0.00872039794921875,4572.0,0.0119781494140625,6280.0,0.0,0,0.33039745688438416,173223.421875,1000,1000
othim23,erp,0,1,0.00208,31.425414228572077,0.30339643359184265,159067.109375,31.413824672408982,0.3038157820701599,159286.96875,0.022062301635742188,11567.0,0.008672714233398438,4547.0,0.01226806640625,6432.0,0.0,0,0.3258780837059021,170853.96875,1000,1000
othim24,erp,0,1,0.00208,31.088579123337926,0.43197372555732727,226478.640625,31.07889471127112,0.4325808584690094,226796.953125,0.02158355712890625,11316.0,0.008687973022460938,4555.0,0.012063980102539062,6325.0,0.0,0,0.45416441559791565,238112.953125,1000,1000
othim25,erp,0,1,0.00208,29.293653585491015,0.585224449634552,306826.15625,29.28322053886572,0.5861340761184692,307303.0625,0.0209503173828125,10984.0,0.008813858032226562,4621.0,0.011199951171875,5872.0,0.0,0,0.6070843935012817,318287.0625,1000,1000
othim26,erp,0,1,0.00208,29.267200295265592,0.5848891735076904,306650.375,29.253350140862835,0.5861148834228516,307293.0,0.019456863403320312,10201.0,0.007671356201171875,4022.0,0.01082611083984375,5676.0,0.0,0,0.6055717468261719,317494.0,1000,1000
othim27,erp,0,1,0.00208,29.50762526725585,0.48889487981796265,256321.71875,29.50347520157736,0.4892420172691345,256503.71875,0.021259307861328125,11146.0,0.008800506591796875,4614.0,0.0116119384765625,6088.0,0.0,0,0.5105013251304626,267649.71875,1000,1000
othim28,erp,0,1,0.00208,30.40487263047397,0.5183200836181641,271749.0,30.397696221892534,0.5194437503814697,272338.125,0.019014358520507812,9969.0,0.0074825286865234375,3923.0,0.0107269287109375,5624.0,0.0,0,0.5384581089019775,282307.125,1000,1000
othim29,erp,0,1,0.00208,30.74071921631737,0.5053080320358276,264926.9375,30.729105202312116,0.5057445168495178,265155.78125,0.020418167114257812,10705.0,0.00865936279296875,4540.0,0.010808944702148438,5667.0,0.0,0,0.5261626839637756,275860.78125,1000,1000
othim30,erp,0,1,0.00208,30.503541103366228,0.5277585983276367,276697.5,30.48918293280848,0.527969479560852,276808.0625,0.020376205444335938,10683.0,0.008733749389648438,4579.0,0.01082611083984375,5676.0,0.0,0,0.548345685005188,287491.0625,1000,1000
othim01,erp,0,1,0.0001,37.86024243641822,1.3763433694839478,721600.3125,37.858624985118844,1.3765835762023926,721726.25,0.025156021118164062,13189.0,0.00927734375,4864.0,0.01471710205078125,7716.0,0.0,0,1.4017395973205566,734915.25,1000,1000
othim02,erp,0,1,0.0001,38.90846809787958,1.4498239755630493,760125.3125,38.90709013874578,1.4506874084472656,760578.0,0.02419281005859375,12684.0,0.008466720581054688,4439.0,0.014675140380859375,7694.0,0.0,0,1.4748802185058594,773262.0,1000,1000
othim03,erp,0,1,0.0001,38.585388032374404,1.4412989616394043,755655.75,38.57858158863643,1.4424364566802979,756252.125,0.022808074951171875,11958.0,0.00835418701171875,4380.0,0.013284683227539062,6965.0,0.0,0,1.4652445316314697,768210.125,1000,1000
othim04,erp,0,1,0.0001,38.477568174439966,2.479818820953369,1300139.25,38.47632008266006,2.4802870750427246,1300384.75,0.024820327758789062,13013.0,0.009365081787109375,4910.0,0.014303207397460938,7499.0,0.0,0,2.5051074028015137,1313397.75,1000,1000
othim05,erp,0,1,0.0001,38.698697621309655,2.191679000854492,1149071.0,38.69801131992245,2.192025661468506,1149252.75,0.024557113647460938,12875.0,0.009624481201171875,5046.0,0.01374053955078125,7204.0,0.0,0,2.216582775115967,1162127.75,1000,1000
othim06,erp,0,1,0.0001,38.27987134560953,2.3029847145080566,1207427.25,38.273634350001764,2.3032774925231934,1207580.75,0.023054122924804688,12087.0,0.009363174438476562,4909.0,0.012529373168945312,6569.0,0.0,0,2.326331615447998,1219667.75,1000,1000
othim07,erp,0,1,0.0001,39.39867521425463,1.0417277812957764,546165.375,39.39561896468184,1.0424306392669678,546533.875,0.024988174438476562,13101.0,0.0094146728515625,4936.0,0.014410018920898438,7555.0,0.0,0,1.0674188137054443,559634.875,1000,1000
othim08,erp,0,1,0.0001,39.22523697629236,0.9819227457046509,514810.3125,39.223136571564304,0.9822325706481934,514972.75,0.024785995483398438,12995.0,0.009477615356445312,4969.0,0.014150619506835938,7419.0,0.0,0,1.0070185661315918,527967.75,1000,1000
othim09,erp,0,1,0.0001,39.79376058774944,1.0298562049865723,539941.25,39.78706488747995,1.0305174589157104,540287.9375,0.023815155029296875,12486.0,0.00934600830078125,4900.0,0.013196945190429688,6919.0,0.0,0,1.0543326139450073,552773.9375,1000,1000
othim10,erp,0,1,0.0001,38.13037725140574,1.4824461936950684,777228.75,38.12975911338133,1.4834579229354858,777759.1875,0.023958206176757812,12561.0,0.008453369140625,4432.0,0.014337539672851562,7517.0,0.0,0,1.5074161291122437,790320.1875,1000,1000
othim11,erp,0,1,0.0001,38.45767554205161,1.5727531909942627,824575.625,38.455620882710804,1.57353937625885,824987.8125,0.0251617431640625,13192.0,0.009462356567382812,4961.0,0.014774322509765625,7746.0,0.0,0,1.5987011194229126,838179.8125,1000,1000
othim12,erp,0,1,0.0001,38.90195513854011,1.5969288349151611,837250.625,38.900179810597024,1.5976033210754395,837604.25,0.024816513061523438,13011.0,0.008495330810546875,4454.0,0.015264511108398438,8003.0,0.0,0,1.622419834136963,850615.25,1000,1000
othim13,erp,0,1,0.0001,40.26277451852801,1.067142367362976,559489.9375,40.259160111964285,1.0675901174545288,559724.6875,0.02320098876953125,12164.0,0.009502410888671875,4982.0,0.012662887573242188,6639.0,0.0,0,1.09079110622406,571888.6875,1000,1000
othim14,erp,0,1,0.0001,40.57000779125744,1.0990476608276367,576217.5,40.560162151619394,1.0998454093933105,576635.75,0.022401809692382812,11745.0,0.008501052856445312,4457.0,0.013113021850585938,6875.0,0.0,0,1.1222472190856934,588380.75,1000,1000
othim15,erp,0,1,0.0001,40.016654591037,1.1541748046875,605120.0,40.01261124678194,1.1556212902069092,605878.375,0.022739410400390625,11922.0,0.008428573608398438,4419.0,0.0132598876953125,6952.0,0.0,0,1.1783607006072998,617800.375,1000,1000
othim16,erp,0,1,0.0001,40.92115757986229,1.0191538333892822,534330.125,40.91833000376815,1.0203659534454346,534965.625,0.023683547973632812,12417.0,0.008312225341796875,4358.0,0.014333724975585938,7515.0,0.0,0,1.0440495014190674,547382.625,1000,1000
othim17,erp,0,1,0.0001,41.36792760431156,1.0020537376403809,525364.75,41.36040508844152,1.0034608840942383,526102.5,0.022371292114257812,11729.0,0.008556365966796875,4486.0,0.012765884399414062,6693.0,0.0,0,1.025832176208496,537831.5,1000,1000
othim18,erp,0,1,0.0001,41.042823299732014,1.0111029148101807,530109.125,41.03816497356038,1.0123215913772583,530748.0625,0.0234527587890625,12296.0,0.008359909057617188,4383.0,0.014177322387695312,7433.0,0.0,0,1.0357743501663208,543044.0625,1000,1000
othim19,erp,0,1,0.0001,39.127885687431736,2.04274845123291,1070988.5,39.121029298073175,2.0439367294311523,1071611.5,0.023824691772460938,12491.0,0.009464263916015625,4962.0,0.013332366943359375,6990.0,0.0,0,2.0677614212036133,1084102.5,1000,1000
othim20,erp,0,1,0.0001,39.22597739167541,2.0226762294769287,1060464.875,39.221533868024984,2.0232601165771484,1060771.0,0.024227142333984375,12702.0,0.009586334228515625,5026.0,0.013490676879882812,7073.0,0.0,0,2.047487258911133,1073473.0,1000,1000
othim21,erp,0,1,0.0001,39.03561678988081,2.043860912322998,1071571.75,39.03489807903088,2.04428768157959,1071795.5,0.023502349853515625,12322.0,0.009431838989257812,4945.0,0.013040542602539062,6837.0,0.0,0,2.0677900314331055,1084117.5,1000,1000
othim22,erp,0,1,0.0001,37.61906870796299,1.2513439655303955,656064.625,37.61720088115606,1.2524223327636719,656630.0,0.023584365844726562,12365.0,0.008270263671875,4336.0,0.014150619506835938,7419.0,0.0,0,1.2760066986083984,668995.0,1000,1000
othim23,erp,0,1,0.0001,38.17168950021892,1.3539363145828247,709852.5625,38.16908227331615,1.3545483350753784,710173.4375,0.0250396728515625,13128.0,0.009347915649414062,4901.0,0.0146331787109375,7672.0,0.0,0,1.379588007926941,723301.4375,1000,1000
othim24,erp,0,1,0.0001,38.515155657863374,1.5556669235229492,815617.5,38.513622860458504,1.5562301874160767,815912.8125,0.024982452392578125,13098.0,0.009466171264648438,4963.0,0.014324188232421875,7510.0,0.0,0,1.5812126398086548,829010.8125,1000,1000
othim25,erp,0,1,0.0001,35.0031651241405,2.0696983337402344,1085118.0,35.001633336758196,2.0699691772460938,1085260.0,0.024843215942382812,13025.0,0.009508132934570312,4985.0,0.014177322387695312,7433.0,0.0,0,2.0948123931884766,1098285.0,1000,1000
othim26,erp,0,1,0.0001,35.517746910369716,2.1196908950805664,1111328.5,35.517135578821744,2.120330572128296,1111663.875,0.02639007568359375,13836.0,0.0094451904296875,4952.0,0.015760421752929688,8263.0,0.0,0,2.1467206478118896,1125499.875,1000,1000
othim27,erp,0,1,0.0001,35.97131953315748,1.9027478694915771,997587.875,35.96997127576359,1.9031822681427002,997815.625,0.02462005615234375,12908.0,0.009441375732421875,4950.0,0.013879776000976562,7277.0,0.0,0,1.927802324295044,1010723.625,1000,1000
othim28,erp,0,1,0.0001,39.66749072840999,1.8250178098678589,956834.9375,39.66075448701249,1.8253384828567505,957003.0625,0.022960662841796875,12038.0,0.00936126708984375,4908.0,0.012685775756835938,6651.0,0.0,0,1.8482991456985474,969041.0625,1000,1000
othim29,erp,0,1,0.0001,39.527664469604666,1.8249033689498901,956774.9375,39.52209124725348,1.8264093399047852,957564.5,0.021820068359375,11440.0,0.008192062377929688,4295.0,0.01270294189453125,6660.0,0.0,0,1.8482294082641602,969004.5,1000,1000
othim30,erp,0,1,0.0001,39.0304190240417,1.9182482957839966,1005714.5625,39.02281754061125,1.918681025505066,1005941.4375,0.023962020874023438,12563.0,0.009717941284179688,5095.0,0.013332366943359375,6990.0,0.0,0,1.9426430463790894,1018504.4375,1000,1000
othim01,erp,1,1,0.01,27.60062228233963,0.10813072323799133,56691.640625,27.56784783390874,0.10882770270109177,57057.05859375,0.0185394287109375,9720.0,0.00760650634765625,3988.0,0.009962081909179688,5223.0,0.0,0,0.12736713141202927,66777.05859375,1000,1000
othim02,erp,1,1,0.01,27.597897956673688,0.10762380808591843,56425.87109375,27.575025294162838,0.10791399329900742,56578.01171875,0.0179290771484375,9400.0,0.0077533721923828125,4065.0,0.009344100952148438,4899.0,0.0,0,0.12584307044744492,65978.01171875,1000,1000
othim03,erp,1,1,0.01,27.432719120937815,0.10960882902145386,57466.59375,27.40328016691328,0.11113846302032471,58268.5625,0.016902923583984375,8862.0,0.0065288543701171875,3423.0,0.00965118408203125,5060.0,0.0,0,0.12804138660430908,67130.5625,1000,1000
othim04,erp,1,1,0.01,24.7042008112831,0.22198215126991272,116382.578125,24.69805140958515,0.222448468208313,116627.0625,0.019227981567382812,10081.0,0.00765228271484375,4012.0,0.010576248168945312,5545.0,0.0,0,0.2416764497756958,126708.0625,1000,1000
othim05,erp,1,1,0.01,25.554759777034196,0.1828732192516327,95878.234375,25.519914516188678,0.1837012767791748,96312.375,0.017961502075195312,9417.0,0.007793426513671875,4086.0,0.00942230224609375,4940.0,0.0,0,0.20166277885437012,105729.375,1000,1000
othim06,erp,1,1,0.01,25.679353499967544,0.1747501641511917,91619.4140625,25.668824676276728,0.17544865608215332,91985.625,0.018541336059570312,9721.0,0.007823944091796875,4102.0,0.009832382202148438,5155.0,0.0,0,0.19398999214172363,101706.625,1000,1000
othim07,erp,1,1,0.01,28.913131235711045,0.10202454030513763,53490.2421875,28.90107883535032,0.10301277041435242,54008.359375,0.019258499145507812,10097.0,0.0076656341552734375,4019.0,0.010618209838867188,5567.0,0.0,0,0.12227126955986023,64105.359375,1000,1000
othim08,erp,1,1,0.01,29.252527432896073,0.08829398453235626,46291.4765625,29.213698434610027,0.0884234830737114,46359.37109375,0.01959991455078125,10276.0,0.008668899536132812,4545.0,0.00995635986328125,5220.0,0.0,0,0.10802339762449265,56635.37109375,1000,1000
othim09,erp,1,1,0.01,28.95410412885647,0.09912414103746414,51969.59765625,28.888240207133094,0.09951703250408173,52175.5859375,0.017396926879882812,9121.0,0.007740020751953125,4058.0,0.008808135986328125,4618.0,0.0,0,0.11691395938396454,61296.5859375,1000,1000
othim10,erp,1,1,0.01,28.1498598950146,0.09462018311023712,49608.2265625,28.13150896938531,0.09575526416301727,50203.3359375,0.018976211547851562,9949.0,0.0077724456787109375,4075.0,0.01059722900390625,5556.0,0.0,0,0.11473147571086884,60152.3359375,1000,1000
othim11,erp,1,1,0.01,27.579084772307834,0.0912836343050003,47858.9140625,27.56595948962627,0.09311996400356293,48821.6796875,0.016649246215820312,8729.0,0.006587982177734375,3454.0,0.00908660888671875,4764.0,0.0,0,0.10976921021938324,57550.6796875,1000,1000
othim12,erp,1,1,0.01,27.282687926609146,0.10336901247501373,54195.1328125,27.270307036809076,0.10392007231712341,54484.046875,0.01897430419921875,9948.0,0.0076503753662109375,4011.0,0.010568618774414062,5541.0,0.0,0,0.12289437651634216,64432.046875,1000,1000
othim13,erp,1,1,0.01,29.005739041153845,0.09604386985301971,50354.6484375,28.975388800059793,0.097195565700531,50958.46875,0.017152786254882812,8993.0,0.0066432952880859375,3483.0,0.009784698486328125,5130.0,0.0,0,0.11434835195541382,59951.46875,1000,1000
othim14,erp,1,1,0.01,28.922111542237264,0.09730686992406845,51016.82421875,28.9038711952479,0.0975787565112114,51159.37109375,0.01938629150390625,10164.0,0.0077056884765625,4040.0,0.01082611083984375,5676.0,0.0,0,0.11696504801511765,61323.37109375,1000,1000
othim15,erp,1,1,0.01,28.794868442720816,0.09811350703239441,51439.734375,28.77067147113718,0.09860627353191376,51698.0859375,0.018505096435546875,9702.0,0.0078029632568359375,4091.0,0.009973526000976562,5229.0,0.0,0,0.11711136996746063,61400.0859375,1000,1000
othim16,erp,1,1,0.01,29.390690997266557,0.08846332132816315,46380.2578125,29.35494282171365,0.08993316441774368,47150.87890625,0.016698837280273438,8755.0,0.0065479278564453125,3433.0,0.009426116943359375,4942.0,0.0,0,0.10663200169801712,55905.87890625,1000,1000
othim17,erp,1,1,0.01,29.148170811306397,0.08483481407165527,44477.875,29.116967131152762,0.08634559065103531,45269.95703125,0.017423629760742188,9135.0,0.0067920684814453125,3561.0,0.009792327880859375,5134.0,0.0,0,0.1037692204117775,54404.95703125,1000,1000
othim18,erp,1,1,0.01,29.399697729224524,0.08318856358528137,43614.765625,29.31067824871762,0.08438311517238617,44241.0546875,0.01703643798828125,8932.0,0.006702423095703125,3514.0,0.009721755981445312,5097.0,0.0,0,0.10141955316066742,53173.0546875,1000,1000
othim19,erp,1,1,0.01,25.842304913834102,0.17636996507644653,92468.65625,25.830124298055978,0.17665228247642517,92616.671875,0.019336700439453125,10138.0,0.008792877197265625,4610.0,0.009693145751953125,5082.0,0.0,0,0.1959889829158783,102754.671875,1000,1000
othim20,erp,1,1,0.01,25.692092518085875,0.17345020174980164,90937.859375,25.67599707932986,0.174186110496521,91323.6875,0.018053054809570312,9465.0,0.007701873779296875,4038.0,0.009618759155273438,5043.0,0.0,0,0.1922391653060913,100788.6875,1000,1000
othim21,erp,1,1,0.01,25.58717848536382,0.17646946012973785,92520.8203125,25.568699609279992,0.17739015817642212,93003.53125,0.016979217529296875,8902.0,0.0076999664306640625,4037.0,0.008420944213867188,4415.0,0.0,0,0.194369375705719,101905.53125,1000,1000
othim22,erp,1,1,0.01,28.64656036941815,0.10259830951690674,53791.0625,28.592178675751754,0.1037483811378479,54394.03125,0.018222808837890625,9554.0,0.0077419281005859375,4059.0,0.009496688842773438,4979.0,0.0,0,0.12197118997573853,63948.03125,1000,1000
othim23,erp,1,1,0.01,28.304336247254366,0.11073285341262817,58055.90625,28.290170572954924,0.11159170418977737,58506.19140625,0.019718170166015625,10338.0,0.0076732635498046875,4023.0,0.011182785034179688,5863.0,0.0,0,0.131309874355793,68844.19140625,1000,1000
othim24,erp,1,1,0.01,26.90478399705647,0.13508746027946472,70824.734375,26.882265063939997,0.13605400919914246,71331.484375,0.01932525634765625,10132.0,0.0077304840087890625,4053.0,0.010744094848632812,5633.0,0.0,0,0.1553792655467987,81463.484375,1000,1000
othim25,erp,1,1,0.01,25.73070388122268,0.2165718972682953,113546.046875,25.721893958793945,0.21680249273777008,113666.9453125,0.020557403564453125,10778.0,0.008701324462890625,4562.0,0.010995864868164062,5765.0,0.0,0,0.2373598963022232,124444.9453125,1000,1000
othim26,erp,1,1,0.01,25.264992665096795,0.2041553109884262,107036.1796875,25.253531380413182,0.20494356751441956,107449.453125,0.01947021484375,10208.0,0.0076694488525390625,4021.0,0.010929107666015625,5730.0,0.0,0,0.22441378235816956,117657.453125,1000,1000
othim27,erp,1,1,0.01,25.917899365809273,0.17841121554374695,93538.859375,25.90721651884245,0.17984522879123688,94290.6953125,0.018157958984375,9520.0,0.0064983367919921875,3407.0,0.010797500610351562,5661.0,0.0,0,0.19800318777561188,103810.6953125,1000,1000
othim28,erp,1,1,0.01,25.967360245356,0.15037819743156433,78841.484375,25.94787359995817,0.15148486196994781,79421.6953125,0.018518447875976562,9709.0,0.0076656341552734375,4019.0,0.009983062744140625,5234.0,0.0,0,0.17000330984592438,89130.6953125,1000,1000
othim29,erp,1,1,0.01,26.16300979764254,0.1417306661605835,74307.6875,26.15105544825353,0.1424570381641388,74688.515625,0.018205642700195312,9545.0,0.0077228546142578125,4049.0,0.009735107421875,5104.0,0.0,0,0.1606626808643341,84233.515625,1000,1000
othim30,erp,1,1,0.01,25.902955649834727,0.15491542220115662,81220.296875,25.87678403914994,0.1554456502199173,81498.2890625,0.019090652465820312,10009.0,0.008670806884765625,4546.0,0.009557723999023438,5011.0,0.0,0,0.1745363026857376,91507.2890625,1000,1000
othim01,erp,1,1,0.00802,27.926019902348855,0.12732809782028198,66756.59375,27.917229864022918,0.12856006622314453,67402.5,0.018829345703125,9872.0,0.0067081451416015625,3517.0,0.011159896850585938,5851.0,0.0,0,0.14738941192626953,77274.5,1000,1000
othim02,erp,1,1,0.00802,28.0157698739467,0.1263631284236908,66250.671875,27.977758499232962,0.1266995668411255,66427.0625,0.01821136474609375,9548.0,0.0076751708984375,4024.0,0.009832382202148438,5155.0,0.0,0,0.14491093158721924,75975.0625,1000,1000
othim03,erp,1,1,0.00802,27.79890754183063,0.12870177626609802,67476.796875,27.791059401387027,0.12893155217170715,67597.265625,0.0205230712890625,10760.0,0.008785247802734375,4606.0,0.010894775390625,5712.0,0.0,0,0.14945462346076965,78357.265625,1000,1000
othim04,erp,1,1,0.00802,25.378255627080662,0.2769757807254791,145215.078125,25.369455475109607,0.27794015407562256,145720.6875,0.019266128540039062,10101.0,0.007770538330078125,4074.0,0.010751724243164062,5637.0,0.0,0,0.2972062826156616,155821.6875,1000,1000
othim05,erp,1,1,0.00802,26.18863567851938,0.2150995433330536,112774.109375,26.18350566875999,0.21620821952819824,113355.375,0.019174575805664062,10053.0,0.007617950439453125,3994.0,0.01056671142578125,5540.0,0.0,0,0.2353827953338623,123408.375,1000,1000
othim06,erp,1,1,0.00802,26.050470992600157,0.20715975761413574,108611.375,26.023474382564483,0.2077755331993103,108934.21875,0.018011093139648438,9443.0,0.0076751708984375,4024.0,0.009351730346679688,4903.0,0.0,0,0.22578662633895874,118377.21875,1000,1000
othim07,erp,1,1,0.00802,29.653040104751017,0.11335550248622894,59430.9296875,29.623851178810444,0.11384837329387665,59689.3359375,0.01906585693359375,9996.0,0.007801055908203125,4090.0,0.010532379150390625,5522.0,0.0,0,0.1329142302274704,69685.3359375,1000,1000
othim08,erp,1,1,0.00802,29.654877156215232,0.1030355840921402,54020.3203125,29.559590109057307,0.10361041873693466,54321.69921875,0.017126083374023438,8979.0,0.0077075958251953125,4041.0,0.008586883544921875,4502.0,0.0,0,0.1207365021109581,63300.69921875,1000,1000
othim09,erp,1,1,0.00802,29.47542800722515,0.11242510378360748,58943.1328125,29.44538300608072,0.1143704205751419,59963.0390625,0.017200469970703125,9018.0,0.0067291259765625,3528.0,0.009740829467773438,5107.0,0.0,0,0.13157089054584503,68981.0390625,1000,1000
othim10,erp,1,1,0.00802,28.532917414540435,0.11019235104322433,57772.52734375,28.50003060004381,0.11053713411092758,57953.29296875,0.018014907836914062,9445.0,0.007587432861328125,3978.0,0.009462356567382812,4961.0,0.0,0,0.12855204194784164,67398.29296875,1000,1000
othim11,erp,1,1,0.00802,28.054921913683092,0.11283127963542938,59156.0859375,28.006291335022315,0.11344725638628006,59479.03515625,0.016405105590820312,8601.0,0.00760650634765625,3988.0,0.007946014404296875,4166.0,0.0,0,0.12985236197710037,68080.03515625,1000,1000
othim12,erp,1,1,0.00802,27.670151762227885,0.1208772212266922,63374.4765625,27.66039724573301,0.12202556431293488,63976.5390625,0.019266128540039062,10101.0,0.0077457427978515625,4061.0,0.010652542114257812,5585.0,0.0,0,0.14129169285297394,74077.5390625,1000,1000
othim13,erp,1,1,0.00802,29.178632985010506,0.11831337213516235,62030.28125,29.158469392570314,0.11873521655797958,62251.44921875,0.018297195434570312,9593.0,0.0077953338623046875,4087.0,0.009511947631835938,4987.0,0.0,0,0.1370324119925499,71844.44921875,1000,1000
othim14,erp,1,1,0.00802,29.24789037088777,0.11241473257541656,58937.6953125,29.233828763151422,0.11258454620838165,59026.7265625,0.020059585571289062,10517.0,0.008684158325195312,4553.0,0.010648727416992188,5583.0,0.0,0,0.13264413177967072,69543.7265625,1000,1000
othim15,erp,1,1,0.00802,29.264953536436753,0.10769080370664597,56460.99609375,29.2405405652205,0.10846365243196487,56866.19140625,0.019689559936523438,10323.0,0.007825851440429688,4103.0,0.011127471923828125,5834.0,0.0,0,0.1281532123684883,67189.19140625,1000,1000
othim16,erp,1,1,0.00802,29.51875432290747,0.10129164159297943,53105.9921875,29.490999737872386,0.10285672545433044,53926.546875,0.01726531982421875,9052.0,0.006671905517578125,3498.0,0.00962066650390625,5044.0,0.0,0,0.1201220452785492,62978.546875,1000,1000
othim17,erp,1,1,0.00802,29.874876368330746,0.09418473392724991,49379.92578125,29.83943167555493,0.09452341496944427,49557.4921875,0.018457412719726562,9677.0,0.007755279541015625,4066.0,0.009874343872070312,5177.0,0.0,0,0.11298082768917084,59234.4921875,1000,1000
othim18,erp,1,1,0.00802,29.74588578821472,0.09608443826436996,50375.91796875,29.685130933665068,0.09732750058174133,51027.640625,0.017238616943359375,9038.0,0.006603240966796875,3462.0,0.009763717651367188,5119.0,0.0,0,0.11456611752510071,60065.640625,1000,1000
othim19,erp,1,1,0.00802,26.148484369748804,0.20068541169166565,105216.953125,26.134255894611147,0.20190829038619995,105858.09375,0.017419815063476562,9133.0,0.00669097900390625,3508.0,0.009756088256835938,5115.0,0.0,0,0.2193281054496765,114991.09375,1000,1000
othim20,erp,1,1,0.00802,26.049874204433422,0.19946755468845367,104578.4453125,26.042096623148925,0.2000150978565216,104865.515625,0.01932525634765625,10132.0,0.00787353515625,4128.0,0.010711669921875,5616.0,0.0,0,0.21934035420417786,114997.515625,1000,1000
othim21,erp,1,1,0.00802,25.966171371511702,0.20488734543323517,107419.9765625,25.954786490834525,0.20526123046875,107616.0,0.019565582275390625,10258.0,0.008701324462890625,4562.0,0.009761810302734375,5118.0,0.0,0,0.22482681274414062,117874.0,1000,1000
othim22,erp,1,1,0.00802,28.900357106573704,0.12221205979585648,64074.31640625,28.880601138644447,0.12286658585071564,64417.4765625,0.019367218017578125,10154.0,0.00765228271484375,4012.0,0.01096343994140625,5748.0,0.0,0,0.14223380386829376,74571.4765625,1000,1000
othim23,erp,1,1,0.00802,28.669485488605414,0.1302340030670166,68280.125,28.621440798516176,0.13055995106697083,68451.015625,0.019334793090820312,10137.0,0.008724212646484375,4574.0,0.009756088256835938,5115.0,0.0,0,0.14989474415779114,78588.015625,1000,1000
othim24,erp,1,1,0.00802,27.25075424599842,0.15743356943130493,82540.53125,27.2405789631765,0.1584523320198059,83074.65625,0.019514083862304688,10231.0,0.007610321044921875,3990.0,0.01092529296875,5728.0,0.0,0,0.1779664158821106,93305.65625,1000,1000
othim25,erp,1,1,0.00802,26.322335104367365,0.2603788375854492,136513.5,26.29065901110063,0.2612597644329071,136975.359375,0.018064498901367188,9471.0,0.00762939453125,4000.0,0.009695053100585938,5083.0,0.0,0,0.2793242633342743,146446.359375,1000,1000
othim26,erp,1,1,0.00802,26.307527057059037,0.2663918137550354,139666.03125,26.279645500584717,0.268272340297699,140651.96875,0.017635345458984375,9246.0,0.006877899169921875,3606.0,0.009881973266601562,5181.0,0.0,0,0.28590768575668335,149897.96875,1000,1000
othim27,erp,1,1,0.00802,26.500182208500004,0.2105301320552826,110378.421875,26.481105376033966,0.21102982759475708,110640.40625,0.018093109130859375,9486.0,0.0077533721923828125,4065.0,0.009363174438476562,4909.0,0.0,0,0.22912293672561646,120126.40625,1000,1000
othim28,erp,1,1,0.00802,26.29841231365471,0.17039886116981506,89338.078125,26.287612127871867,0.17088058590888977,89590.640625,0.018474578857421875,9686.0,0.00766754150390625,4020.0,0.009817123413085938,5147.0,0.0,0,0.18935516476631165,99276.640625,1000,1000
othim29,erp,1,1,0.00802,26.546368071931397,0.1656164824962616,86830.734375,26.523136481825446,0.16657152771949768,87331.453125,0.018327713012695312,9609.0,0.0078105926513671875,4095.0,0.009654998779296875,5062.0,0.0,0,0.184899240732193,96940.453125,1000,1000
othim30,erp,1,1,0.00802,26.355601971305543,0.17375174164772034,91095.953125,26.34666178914119,0.17424613237380981,91355.15625,0.019609451293945312,10281.0,0.0078125,4096.0,0.010938644409179688,5735.0,0.0,0,0.19385558366775513,101636.15625,1000,1000
othim01,erp,1,1,0.00604,28.602074729933197,0.14772576093673706,77450.84375,28.58627330063055,0.14870311319828033,77963.2578125,0.019533157348632812,10241.0,0.00775909423828125,4068.0,0.01093292236328125,5732.0,0.0,0,0.16823627054691315,88204.2578125,1000,1000
othim02,erp,1,1,0.00604,28.406388351151517,0.14893949031829834,78087.1875,28.390376742223435,0.1497953087091446,78535.8828125,0.019351959228515625,10146.0,0.007511138916015625,3938.0,0.011121749877929688,5831.0,0.0,0,0.16914726793766022,88681.8828125,1000,1000
othim03,erp,1,1,0.00604,28.322697538118263,0.14659467339515686,76857.828125,28.297938620857025,0.14723950624465942,77195.90625,0.01818084716796875,9532.0,0.0077152252197265625,4045.0,0.0096282958984375,5048.0,0.0,0,0.16542035341262817,86727.90625,1000,1000
othim04,erp,1,1,0.00604,26.306000563928734,0.3601248860359192,188809.15625,26.3010034584586,0.36081188917160034,189169.34375,0.019392013549804688,10167.0,0.0076236724853515625,3997.0,0.010772705078125,5648.0,0.0,0,0.38020390272140503,199336.34375,1000,1000
othim05,erp,1,1,0.00604,27.112963825854507,0.2725522220134735,142895.859375,27.097682272502922,0.27309513092041016,143180.5,0.019489288330078125,10218.0,0.0076580047607421875,4015.0,0.010974884033203125,5754.0,0.0,0,0.2925844192504883,153398.5,1000,1000
othim06,erp,1,1,0.00604,27.13684811326154,0.2801209092140198,146864.03125,27.13241324184212,0.2806950807571411,147165.0625,0.019048690795898438,9987.0,0.007602691650390625,3986.0,0.010595321655273438,5555.0,0.0,0,0.29974377155303955,157152.0625,1000,1000
othim07,erp,1,1,0.00604,30.42650572504006,0.14151227474212646,74193.1875,30.376729817465037,0.14243721961975098,74678.125,0.01853179931640625,9716.0,0.0076923370361328125,4033.0,0.010015487670898438,5251.0,0.0,0,0.16096901893615723,84394.125,1000,1000
othim08,erp,1,1,0.00604,30.159632463130393,0.121007040143013,63442.5390625,30.139422196103684,0.12147726118564606,63689.0703125,0.019441604614257812,10193.0,0.00774383544921875,4060.0,0.010984420776367188,5759.0,0.0,0,0.14091886579990387,73882.0703125,1000,1000
othim09,erp,1,1,0.00604,29.8713988708386,0.13147224485874176,68929.3203125,29.859873945894094,0.13171640038490295,69057.328125,0.020685195922851562,10845.0,0.0087432861328125,4584.0,0.0111083984375,5824.0,0.0,0,0.15240159630775452,79902.328125,1000,1000
othim10,erp,1,1,0.00604,28.92731570767452,0.1324334442615509,69433.265625,28.914222220245353,0.1327715516090393,69610.53125,0.018779754638671875,9846.0,0.008525848388671875,4470.0,0.0093994140625,4928.0,0.0,0,0.15155130624771118,79456.53125,1000,1000
othim11,erp,1,1,0.00604,28.559633384920684,0.1444426029920578,75729.5234375,28.5473347089205,0.1450875848531723,76067.6796875,0.019245147705078125,10090.0,0.0076618194580078125,4017.0,0.010713577270507812,5617.0,0.0,0,0.16433273255825043,86157.6796875,1000,1000
othim12,erp,1,1,0.00604,28.244200867252207,0.1490422785282135,78141.078125,28.235522537809757,0.14973917603492737,78506.453125,0.020498275756835938,10747.0,0.008726119995117188,4575.0,0.010915756225585938,5723.0,0.0,0,0.1702374517917633,89253.453125,1000,1000
othim13,erp,1,1,0.00604,29.740903874478807,0.12377004325389862,64891.1484375,29.714728844355168,0.12510329484939575,65590.15625,0.017892837524414062,9381.0,0.006618499755859375,3470.0,0.0105438232421875,5528.0,0.0,0,0.14299613237380981,74971.15625,1000,1000
othim14,erp,1,1,0.00604,29.83953306123696,0.13165362179279327,69024.4140625,29.8291265164189,0.13284525275230408,69649.171875,0.019550323486328125,10250.0,0.0075473785400390625,3957.0,0.011014938354492188,5775.0,0.0,0,0.1523955762386322,79899.171875,1000,1000
othim15,erp,1,1,0.00604,29.779477374715047,0.12409994751214981,65064.11328125,29.758279201910142,0.12529347836971283,65689.8671875,0.019552230834960938,10251.0,0.0076198577880859375,3995.0,0.011211395263671875,5878.0,0.0,0,0.14484570920467377,75940.8671875,1000,1000
othim16,erp,1,1,0.00604,30.06343571972215,0.11314687132835388,59321.546875,30.013334246190595,0.1135084256529808,59511.10546875,0.01827239990234375,9580.0,0.00774383544921875,4060.0,0.009817123413085938,5147.0,0.0,0,0.13178082555532455,69091.10546875,1000,1000
othim17,erp,1,1,0.00604,30.317754039089937,0.10969382524490356,57511.15625,30.263866569853068,0.11015886813402176,57754.97265625,0.01831817626953125,9604.0,0.0076465606689453125,4009.0,0.009700775146484375,5086.0,0.0,0,0.128477044403553,67358.97265625,1000,1000
othim18,erp,1,1,0.00604,30.214642917666122,0.11196993291378021,58704.4921875,30.195417417877394,0.1130039393901825,59246.609375,0.01929473876953125,10116.0,0.0075397491455078125,3953.0,0.011028289794921875,5782.0,0.0,0,0.13229867815971375,69362.609375,1000,1000
othim19,erp,1,1,0.00604,27.22128957425102,0.2764132618904114,144920.15625,27.19200286256436,0.2778256833553314,145660.671875,0.01839447021484375,9644.0,0.0077838897705078125,4081.0,0.009744644165039062,5109.0,0.0,0,0.29622015357017517,155304.671875,1000,1000
othim20,erp,1,1,0.00604,26.492309098879954,0.24308545887470245,127446.7890625,26.478009761409012,0.2434118092060089,127617.890625,0.019023895263671875,9974.0,0.008716583251953125,4570.0,0.00943756103515625,4948.0,0.0,0,0.2624357044696808,137591.890625,1000,1000
othim21,erp,1,1,0.00604,27.17831949923713,0.28017309308052063,146891.390625,27.16300861902401,0.2811287045478821,147392.40625,0.019239425659179688,10087.0,0.0075855255126953125,3977.0,0.01091766357421875,5724.0,0.0,0,0.30036813020706177,157479.40625,1000,1000
othim22,erp,1,1,0.00604,29.26827839686858,0.14284154772758484,74890.109375,29.240689386125638,0.1437179148197174,75349.578125,0.019327163696289062,10133.0,0.0075626373291015625,3965.0,0.011028289794921875,5782.0,0.0,0,0.16304507851600647,85482.578125,1000,1000
othim23,erp,1,1,0.00604,29.186309536065124,0.1538441926240921,80658.6640625,29.15724239524248,0.15566661953926086,81614.140625,0.01898193359375,9952.0,0.007534027099609375,3950.0,0.01058197021484375,5548.0,0.0,0,0.17464855313301086,91566.140625,1000,1000
othim24,erp,1,1,0.00604,27.778199084827776,0.1897777020931244,99498.171875,27.75573472309568,0.1899934709072113,99611.296875,0.02048492431640625,10740.0,0.00872039794921875,4572.0,0.0109100341796875,5720.0,0.0,0,0.21047839522361755,110351.296875,1000,1000
othim25,erp,1,1,0.00604,27.122733845702243,0.3151257336139679,165216.640625,27.10624932283848,0.3160574436187744,165705.125,0.019573211669921875,10262.0,0.00762939453125,4000.0,0.01097869873046875,5756.0,0.0,0,0.3356306552886963,175967.125,1000,1000
othim26,erp,1,1,0.00604,27.061556664757873,0.32804542779922485,171990.28125,27.046452991450977,0.32891154289245605,172444.375,0.019647598266601562,10301.0,0.007785797119140625,4082.0,0.0108795166015625,5704.0,0.0,0,0.3485591411590576,182745.375,1000,1000
othim27,erp,1,1,0.00604,27.372129160860776,0.25599223375320435,134213.65625,27.3623738013524,0.25661128759384155,134538.21875,0.019723892211914062,10341.0,0.0076618194580078125,4017.0,0.011072158813476562,5805.0,0.0,0,0.2763351798057556,144879.21875,1000,1000
othim28,erp,1,1,0.00604,27.324977506679506,0.2336365282535553,122492.828125,27.29435215970771,0.23426112532615662,122820.296875,0.017232894897460938,9035.0,0.007663726806640625,4018.0,0.008707046508789062,4565.0,0.0,0,0.25149402022361755,131855.296875,1000,1000
othim29,erp,1,1,0.00604,26.980037919884705,0.1935560405254364,101479.109375,26.970625749928,0.19398009777069092,101701.4375,0.0204925537109375,10744.0,0.008684158325195312,4553.0,0.010955810546875,5744.0,0.0,0,0.21447265148162842,112445.4375,1000,1000
othim30,erp,1,1,0.00604,27.084964991766693,0.23974928259849548,125697.671875,27.05758051239638,0.24080264568328857,126249.9375,0.018774032592773438,9843.0,0.0078125,4096.0,0.010107040405273438,5299.0,0.0,0,0.259576678276062,136092.9375,1000,1000
othim01,erp,1,1,0.00406,30.18283943061928,0.22571438550949097,118339.34375,30.164179352965565,0.22701913118362427,119023.40625,0.018329620361328125,9610.0,0.0067424774169921875,3535.0,0.010623931884765625,5570.0,0.0,0,0.2453487515449524,128633.40625,1000,1000
othim02,erp,1,1,0.00406,29.993573860671972,0.22403573989868164,117459.25,29.97881789624505,0.22469830513000488,117806.625,0.018999099731445312,9961.0,0.007556915283203125,3962.0,0.010486602783203125,5498.0,0.0,0,0.2436974048614502,127767.625,1000,1000
othim03,erp,1,1,0.00406,29.92541943452675,0.22933921217918396,120239.796875,29.885485966425566,0.23020143806934357,120691.8515625,0.01805877685546875,9468.0,0.0075664520263671875,3967.0,0.009565353393554688,5015.0,0.0,0,0.24826021492481232,130159.8515625,1000,1000
othim04,erp,1,1,0.00406,27.568567416773174,0.4768723249435425,250018.4375,27.552552616445354,0.4772523045539856,250217.65625,0.018892288208007812,9905.0,0.008600234985351562,4509.0,0.009450912475585938,4955.0,0.0,0,0.4961445927619934,260122.65625,1000,1000
othim05,erp,1,1,0.00406,28.309401411091475,0.38181057572364807,200178.703125,28.29717188681631,0.3829655051231384,200784.21875,0.019227981567382812,10081.0,0.007640838623046875,4006.0,0.01049041748046875,5500.0,0.0,0,0.40219348669052124,210865.21875,1000,1000
othim06,erp,1,1,0.00406,28.46414994067796,0.3887105882167816,203796.296875,28.455182211350046,0.38960951566696167,204267.59375,0.019403457641601562,10173.0,0.0076236724853515625,3997.0,0.010828018188476562,5677.0,0.0,0,0.40901297330856323,214440.59375,1000,1000
othim07,erp,1,1,0.00406,31.28687670749046,0.19922764599323273,104452.6640625,31.269250579243202,0.1999768316745758,104845.453125,0.019317626953125,10128.0,0.0077877044677734375,4083.0,0.01067352294921875,5596.0,0.0,0,0.2192944586277008,114973.453125,1000,1000
othim08,erp,1,1,0.00406,31.450759514682147,0.1702641248703003,89267.4375,31.42708487043065,0.17130082845687866,89810.96875,0.019216537475585938,10075.0,0.007476806640625,3920.0,0.010911941528320312,5721.0,0.0,0,0.1905173659324646,99885.96875,1000,1000
othim09,erp,1,1,0.00406,31.575317601071674,0.1898890882730484,99556.5703125,31.55258537566874,0.19057436287403107,99915.8515625,0.019639968872070312,10297.0,0.0077342987060546875,4055.0,0.011075973510742188,5807.0,0.0,0,0.21021433174610138,110212.8515625,1000,1000
othim10,erp,1,1,0.00406,29.906407511040513,0.18649309873580933,97776.09375,29.876724160604393,0.1866825670003891,97875.4296875,0.020404815673828125,10698.0,0.00875091552734375,4588.0,0.01079559326171875,5660.0,0.0,0,0.20708738267421722,108573.4296875,1000,1000
othim11,erp,1,1,0.00406,29.64003150174939,0.19183465838432312,100576.609375,29.61406111848733,0.1924619823694229,100905.5078125,0.019107818603515625,10018.0,0.007549285888671875,3958.0,0.010469436645507812,5489.0,0.0,0,0.21156980097293854,110923.5078125,1000,1000
othim12,erp,1,1,0.00406,29.396850307316168,0.21692751348018646,113732.4921875,29.39246410686086,0.21796730160713196,114277.640625,0.019468307495117188,10207.0,0.00769805908203125,4036.0,0.010923385620117188,5727.0,0.0,0,0.23743560910224915,124484.640625,1000,1000
othim13,erp,1,1,0.00406,31.193627581258983,0.19857122004032135,104108.5078125,31.16440352964726,0.1991039514541626,104387.8125,0.018894195556640625,9906.0,0.0075836181640625,3976.0,0.010454177856445312,5481.0,0.0,0,0.21799814701080322,114293.8125,1000,1000
othim14,erp,1,1,0.00406,30.93566557592986,0.17577198147773743,92155.140625,30.92421629786278,0.1763630509376526,92465.03125,0.019155502319335938,10043.0,0.007610321044921875,3990.0,0.010560989379882812,5537.0,0.0,0,0.19551855325698853,102508.03125,1000,1000
othim15,erp,1,1,0.00406,31.28047583540507,0.1874791383743286,98293.0625,31.26112995245845,0.18849718570709229,98826.8125,0.019552230834960938,10251.0,0.0076446533203125,4008.0,0.011060714721679688,5799.0,0.0,0,0.20804941654205322,109077.8125,1000,1000
othim16,erp,1,1,0.00406,31.492736949742437,0.1800495833158493,94397.8359375,31.483699696498196,0.18063892424106598,94706.8203125,0.019567489624023438,10259.0,0.0076961517333984375,4035.0,0.010759353637695312,5641.0,0.0,0,0.20020641386508942,104965.8203125,1000,1000
othim17,erp,1,1,0.00406,31.60503145879575,0.1603901982307434,84090.65625,31.56607727238605,0.1611039787530899,84464.8828125,0.019201278686523438,10067.0,0.0076427459716796875,4007.0,0.010820388793945312,5673.0,0.0,0,0.18030525743961334,94531.8828125,1000,1000
othim18,erp,1,1,0.00406,31.296392022729975,0.1567954123020172,82205.953125,31.27635656821052,0.15792955458164215,82800.5703125,0.0194244384765625,10184.0,0.0076141357421875,3992.0,0.011079788208007812,5809.0,0.0,0,0.17735399305820465,92984.5703125,1000,1000
othim19,erp,1,1,0.00406,28.57721050129047,0.3829980194568634,200801.265625,28.558295108444906,0.3832398056983948,200928.03125,0.019285202026367188,10111.0,0.008699417114257812,4561.0,0.009729385375976562,5101.0,0.0,0,0.40252500772476196,211039.03125,1000,1000
othim20,erp,1,1,0.00406,28.52828244336648,0.3789351284503937,198671.140625,28.517744567324588,0.3798667788505554,199159.59375,0.019250869750976562,10093.0,0.007526397705078125,3946.0,0.01076507568359375,5644.0,0.0,0,0.399117648601532,209252.59375,1000,1000
othim21,erp,1,1,0.00406,28.416299780343277,0.385117769241333,201912.625,28.375180606882584,0.3858110308647156,202276.09375,0.017927169799804688,9399.0,0.0075435638427734375,3955.0,0.009408950805664062,4933.0,0.0,0,0.40373820066452026,211675.09375,1000,1000
othim22,erp,1,1,0.00406,30.959972883949433,0.21826443076133728,114433.421875,30.93936942464477,0.21880406141281128,114716.34375,0.020002365112304688,10487.0,0.00852203369140625,4468.0,0.010608673095703125,5562.0,0.0,0,0.23880642652511597,125203.34375,1000,1000
othim23,erp,1,1,0.00406,29.779252957684193,0.19187316298484802,100596.796875,29.739505663409744,0.1932424008846283,101314.671875,0.019296646118164062,10117.0,0.00862884521484375,4524.0,0.009792327880859375,5134.0,0.0,0,0.21253904700279236,111431.671875,1000,1000
othim24,erp,1,1,0.00406,29.219841006708993,0.2923046350479126,153251.8125,29.2039876921869,0.29342496395111084,153839.1875,0.01941680908203125,10180.0,0.0077228546142578125,4049.0,0.01073455810546875,5628.0,0.0,0,0.3128417730331421,164019.1875,1000,1000
othim25,erp,1,1,0.00406,28.156509534001074,0.4207201302051544,220578.515625,28.152536956423784,0.42119061946868896,220825.1875,0.021844863891601562,11453.0,0.008775711059570312,4601.0,0.012113571166992188,6351.0,0.0,0,0.4430354833602905,232278.1875,1000,1000
othim26,erp,1,1,0.00406,28.15558479237467,0.43358540534973145,227323.625,28.137882851123507,0.43394941091537476,227514.46875,0.020345687866210938,10667.0,0.00875091552734375,4588.0,0.010530471801757812,5521.0,0.0,0,0.4542950987815857,238181.46875,1000,1000
othim27,erp,1,1,0.00406,28.471106017308614,0.35130178928375244,184183.3125,28.452827106110927,0.35352247953414917,185347.59375,0.018032073974609375,9454.0,0.006603240966796875,3462.0,0.010454177856445312,5481.0,0.0,0,0.37155455350875854,194801.59375,1000,1000
othim28,erp,1,1,0.00406,28.698006830889014,0.34217584133148193,179398.6875,28.689433924416747,0.343341588973999,180009.875,0.019613265991210938,10283.0,0.007701873779296875,4038.0,0.0109405517578125,5736.0,0.0,0,0.36295485496520996,190292.875,1000,1000
othim29,erp,1,1,0.00406,28.849048505315874,0.3238203525543213,169775.125,28.842662608049114,0.3253425359725952,170573.1875,0.020921707153320312,10969.0,0.007633209228515625,4002.0,0.012304306030273438,6451.0,0.0,0,0.3462642431259155,181542.1875,1000,1000
othim30,erp,1,1,0.00406,28.754243082057233,0.34895187616348267,182951.28125,28.745156100776047,0.34998586773872375,183493.390625,0.019689559936523438,10323.0,0.0078277587890625,4104.0,0.011005401611328125,5770.0,0.0,0,0.3696754276752472,193816.390625,1000,1000
othim01,erp,1,1,0.00208,32.161532276774324,0.3843168616294861,201492.71875,32.149208576245044,0.3849871754646301,201844.15625,0.021318435668945312,11177.0,0.00868988037109375,4556.0,0.01181793212890625,6196.0,0.0,0,0.40630561113357544,213021.15625,1000,1000
othim02,erp,1,1,0.00208,32.24309655492995,0.37716537714004517,197743.28125,32.21974548194371,0.3778994083404541,198128.125,0.020071029663085938,10523.0,0.008686065673828125,4554.0,0.010465621948242188,5487.0,0.0,0,0.39797043800354004,208651.125,1000,1000
othim03,erp,1,1,0.00208,32.09185884746874,0.3711344003677368,194581.3125,32.06760928888659,0.37204039096832275,195056.3125,0.019252777099609375,10094.0,0.0076923370361328125,4033.0,0.010511398315429688,5511.0,0.0,0,0.39129316806793213,205150.3125,1000,1000
othim04,erp,1,1,0.00208,29.827418233218197,0.7657650709152222,401481.4375,29.82219810851869,0.7668733596801758,402062.5,0.020536422729492188,10767.0,0.00768280029296875,4028.0,0.011911392211914062,6245.0,0.0,0,0.787409782409668,412829.5,1000,1000
othim05,erp,1,1,0.00208,30.672486505825756,0.6042978763580322,316826.125,30.66591481962764,0.6053141355514526,317358.9375,0.02071380615234375,10860.0,0.0076732635498046875,4023.0,0.012067794799804688,6327.0,0.0,0,0.6260279417037964,328218.9375,1000,1000
othim06,erp,1,1,0.00208,30.848571143909414,0.6106165051460266,320138.90625,30.82285522513966,0.6119973063468933,320862.84375,0.018873214721679688,9895.0,0.007640838623046875,4006.0,0.01053619384765625,5524.0,0.0,0,0.630870521068573,330757.84375,1000,1000
othim07,erp,1,1,0.00208,33.139803393061975,0.30307334661483765,158897.71875,33.13047191717741,0.3036336302757263,159191.46875,0.021184921264648438,11107.0,0.008649826049804688,4535.0,0.011587142944335938,6075.0,0.0,0,0.32481855154037476,170298.46875,1000,1000
othim08,erp,1,1,0.00208,33.541989551086836,0.28632652759552,150117.5625,33.5185896487585,0.2880359888076782,151013.8125,0.01959991455078125,10276.0,0.007717132568359375,4046.0,0.010951995849609375,5742.0,0.0,0,0.3076359033584595,161289.8125,1000,1000
othim09,erp,1,1,0.00208,33.21101658256409,0.29920434951782227,156869.25,33.19593495845932,0.3000485897064209,157311.875,0.019498825073242188,10223.0,0.0076160430908203125,3993.0,0.011056900024414062,5797.0,0.0,0,0.3195474147796631,167534.875,1000,1000
othim10,erp,1,1,0.00208,31.820568065168988,0.30691367387771606,160911.15625,31.806649074513007,0.308125376701355,161546.4375,0.01898956298828125,9956.0,0.007572174072265625,3970.0,0.010484695434570312,5497.0,0.0,0,0.32711493968963623,171502.4375,1000,1000
othim11,erp,1,1,0.00208,31.642839324353407,0.3524635434150696,184792.40625,31.636670474569744,0.35324180126190186,185200.4375,0.021535873413085938,11291.0,0.008703231811523438,4563.0,0.01187896728515625,6228.0,0.0,0,0.3747776746749878,196491.4375,1000,1000
othim12,erp,1,1,0.00208,31.195273076073693,0.38756483793258667,203195.59375,31.187929932944467,0.38776057958602905,203298.21875,0.021331787109375,11184.0,0.008607864379882812,4513.0,0.011760711669921875,6166.0,0.0,0,0.40909236669540405,214482.21875,1000,1000
othim13,erp,1,1,0.00208,33.37693663826544,0.29394376277923584,154111.1875,33.32750934121091,0.29480722546577454,154563.890625,0.018154144287109375,9518.0,0.0076580047607421875,4015.0,0.00957489013671875,5020.0,0.0,0,0.3129613697528839,164081.890625,1000,1000
othim14,erp,1,1,0.00208,33.20289408613396,0.30515995621681213,159991.703125,33.17487220110175,0.3052874207496643,160058.53125,0.020261764526367188,10623.0,0.008684158325195312,4553.0,0.010755538940429688,5639.0,0.0,0,0.3255491852760315,170681.53125,1000,1000
othim15,erp,1,1,0.00208,33.28544519733196,0.3069053888320923,160906.8125,33.246634147203906,0.3076512813568115,161297.875,0.01828765869140625,9588.0,0.00778961181640625,4084.0,0.00957489013671875,5020.0,0.0,0,0.3259389400482178,170885.875,1000,1000
othim16,erp,1,1,0.00208,33.86227489962943,0.27124327421188354,142209.59375,33.85028854757449,0.2724214196205139,142827.28125,0.020406723022460938,10699.0,0.0075531005859375,3960.0,0.012035369873046875,6310.0,0.0,0,0.29282814264297485,153526.28125,1000,1000
othim17,erp,1,1,0.00208,33.72760745018996,0.288299560546875,151152.0,33.707993525065916,0.2896409332752228,151855.265625,0.019321441650390625,10130.0,0.0076427459716796875,4007.0,0.010721206665039062,5621.0,0.0,0,0.3089623749256134,161985.265625,1000,1000
othim18,erp,1,1,0.00208,33.789184678311564,0.2630724310874939,137925.71875,33.75528159892552,0.26428672671318054,138562.359375,0.019317626953125,10128.0,0.0076122283935546875,3991.0,0.0108642578125,5696.0,0.0,0,0.28360435366630554,148690.359375,1000,1000
othim19,erp,1,1,0.00208,30.715281273613144,0.5824393630027771,305365.96875,30.693626999119857,0.5829321146011353,305624.3125,0.02056121826171875,10780.0,0.00872802734375,4576.0,0.011095046997070312,5817.0,0.0,0,0.603493332862854,316404.3125,1000,1000
othim20,erp,1,1,0.00208,30.709888377644347,0.5890158414840698,308813.9375,30.70363370375038,0.5894089937210083,309020.0625,0.021711349487304688,11383.0,0.008556365966796875,4486.0,0.012071609497070312,6329.0,0.0,0,0.611120343208313,320403.0625,1000,1000
othim21,erp,1,1,0.00208,30.62893023325272,0.5948657393455505,311880.96875,30.613572111416143,0.5953284502029419,312123.5625,0.01971435546875,10336.0,0.008718490600585938,4571.0,0.010286331176757812,5393.0,0.0,0,0.6150428056716919,322459.5625,1000,1000
othim22,erp,1,1,0.00208,32.92286105809257,0.3206089735031128,168091.4375,32.914677766031495,0.3217927813529968,168712.09375,0.021572113037109375,11310.0,0.008550643920898438,4483.0,0.011949539184570312,6265.0,0.0,0,0.3433648943901062,180022.09375,1000,1000
othim23,erp,1,1,0.00208,32.44093333493011,0.36006826162338257,188779.46875,32.42747837919376,0.36099058389663696,189263.03125,0.022119522094726562,11597.0,0.008798599243164062,4613.0,0.012342453002929688,6471.0,0.0,0,0.3831101059913635,200860.03125,1000,1000
othim24,erp,1,1,0.00208,31.928471152598224,0.48442918062210083,253980.40625,31.920089041103605,0.48491960763931274,254237.53125,0.021863937377929688,11463.0,0.0086822509765625,4552.0,0.012134552001953125,6362.0,0.0,0,0.5067835450172424,265700.53125,1000,1000
othim25,erp,1,1,0.00208,30.236659071470267,0.6414985656738281,336330.0,30.22941177576701,0.6419987678527832,336592.25,0.021778106689453125,11418.0,0.008745193481445312,4585.0,0.01210784912109375,6348.0,0.0,0,0.6637768745422363,348010.25,1000,1000
othim26,erp,1,1,0.00208,30.001434920547904,0.6253528594970703,327865.0,29.986577967170366,0.6257383227348328,328067.09375,0.020725250244140625,10866.0,0.008680343627929688,4551.0,0.011114120483398438,5827.0,0.0,0,0.6464635729789734,338933.09375,1000,1000
othim27,erp,1,1,0.00208,30.12310027331955,0.5325701236724854,279220.125,30.108566629944296,0.5333287715911865,279617.875,0.0211029052734375,11064.0,0.00847625732421875,4444.0,0.01165771484375,6112.0,0.0,0,0.554431676864624,290681.875,1000,1000
othim28,erp,1,1,0.00208,31.15595193083139,0.5739117860794067,300895.0625,31.137419918738733,0.5744380354881287,301170.96875,0.020318984985351562,10653.0,0.008447647094726562,4429.0,0.010904312133789062,5717.0,0.0,0,0.5947570204734802,311823.96875,1000,1000
othim29,erp,1,1,0.00208,31.318178268737526,0.5055996179580688,265079.8125,31.296316596850385,0.5060145854949951,265297.375,0.020381927490234375,10686.0,0.008646011352539062,4533.0,0.01091766357421875,5724.0,0.0,0,0.5263965129852295,275983.375,1000,1000
othim30,erp,1,1,0.00208,31.21278295158756,0.5641160011291504,295759.25,31.207778183178693,0.5646258592605591,296026.5625,0.021818161010742188,11439.0,0.008718490600585938,4571.0,0.012140274047851562,6365.0,0.0,0,0.5864440202713013,307465.5625,1000,1000
othim01,erp,1,1,0.0001,39.09020104165455,1.4048774242401123,736560.375,39.08069817428187,1.4055285453796387,736901.75,0.024114608764648438,12643.0,0.009540557861328125,5002.0,0.01340484619140625,7028.0,0.0,0,1.429643154144287,749544.75,1000,1000
othim02,erp,1,1,0.0001,39.033618209977114,1.4453749656677246,757792.75,39.03094333643057,1.4460030794143677,758122.0625,0.025318145751953125,13274.0,0.009502410888671875,4982.0,0.014780044555664062,7749.0,0.0,0,1.4713212251663208,771396.0625,1000,1000
othim03,erp,1,1,0.0001,37.58141639909107,1.4601445198059082,765536.25,37.57922178825372,1.4606101512908936,765780.375,0.025238037109375,13232.0,0.009473800659179688,4967.0,0.014591217041015625,7650.0,0.0,0,1.4858481884002686,779012.375,1000,1000
othim04,erp,1,1,0.0001,37.579261335718236,2.4474616050720215,1283174.75,37.57575999365778,2.4492130279541016,1284093.0,0.022518157958984375,11806.0,0.008289337158203125,4346.0,0.012937545776367188,6783.0,0.0,0,2.471731185913086,1295899.0,1000,1000
othim05,erp,1,1,0.0001,38.60134511970565,2.1335010528564453,1118569.0,38.59648429755867,2.133913040161133,1118785.0,0.024560928344726562,12877.0,0.009515762329101562,4989.0,0.014001846313476562,7341.0,0.0,0,2.1584739685058594,1131662.0,1000,1000
othim06,erp,1,1,0.0001,38.213265262266226,2.1180684566497803,1110477.875,38.20995730934718,2.118803024291992,1110863.0,0.0234527587890625,12296.0,0.008518218994140625,4466.0,0.013654708862304688,7159.0,0.0,0,2.1422557830810547,1123159.0,1000,1000
othim07,erp,1,1,0.0001,39.80043617509226,1.076061487197876,564166.125,39.795248040310206,1.0774015188217163,564868.6875,0.023035049438476562,12077.0,0.0084381103515625,4424.0,0.013797760009765625,7234.0,0.0,0,1.1004365682601929,576945.6875,1000,1000
othim08,erp,1,1,0.0001,40.097816135225564,1.0324734449386597,541313.4375,40.095932878483524,1.033112645149231,541648.5625,0.0247650146484375,12984.0,0.009447097778320312,4953.0,0.0142822265625,7488.0,0.0,0,1.0578776597976685,554632.5625,1000,1000
othim09,erp,1,1,0.0001,39.32909956706945,1.0659478902816772,558863.6875,39.300714049321876,1.0665185451507568,559162.875,0.022153854370117188,11615.0,0.009319305419921875,4886.0,0.011928558349609375,6254.0,0.0,0,1.088672399520874,570777.875,1000,1000
othim10,erp,1,1,0.0001,40.069894862836506,1.4264826774597168,747887.75,40.068499319850766,1.4268109798431396,748059.875,0.024898529052734375,13054.0,0.009548187255859375,5006.0,0.014070510864257812,7377.0,0.0,0,1.451709508895874,761113.875,1000,1000
othim11,erp,1,1,0.0001,39.893184633301935,1.5152490139007568,794426.875,39.875616282910535,1.5159229040145874,794780.1875,0.023639678955078125,12394.0,0.00952911376953125,4996.0,0.012941360473632812,6785.0,0.0,0,1.5395625829696655,807174.1875,1000,1000
othim12,erp,1,1,0.0001,38.62276569430793,1.6911470890045166,886648.125,38.614878080113556,1.6917835474014282,886981.8125,0.02376556396484375,12460.0,0.00959014892578125,5028.0,0.013135910034179688,6887.0,0.0,0,1.715549111366272,899441.8125,1000,1000
othim13,erp,1,1,0.0001,40.74162643192644,1.121948003768921,588223.875,40.73671629243757,1.1227836608886719,588662.0,0.022626876831054688,11863.0,0.00846099853515625,4436.0,0.0131378173828125,6888.0,0.0,0,1.1454105377197266,600525.0,1000,1000
othim14,erp,1,1,0.0001,40.65610000784926,1.1362465620040894,595720.4375,40.650988328128115,1.1373026371002197,596274.125,0.022478103637695312,11785.0,0.008632659912109375,4526.0,0.012968063354492188,6799.0,0.0,0,1.159780740737915,608059.125,1000,1000
othim15,erp,1,1,0.0001,40.640884305131344,1.12123441696167,587849.75,40.639003608581284,1.1228737831115723,588709.25,0.023988723754882812,12577.0,0.008512496948242188,4463.0,0.014451980590820312,7577.0,0.0,0,1.146862506866455,601286.25,1000,1000
othim16,erp,1,1,0.0001,41.409362535948716,0.9979121685028076,523193.375,41.39468174291914,0.9987033605575562,523608.1875,0.022174835205078125,11626.0,0.008419036865234375,4414.0,0.012844085693359375,6734.0,0.0,0,1.0208781957626343,535234.1875,1000,1000
othim17,erp,1,1,0.0001,41.553049916879345,1.0391490459442139,544813.375,41.549092307696895,1.0401475429534912,545336.875,0.023210525512695312,12169.0,0.008266448974609375,4334.0,0.014041900634765625,7362.0,0.0,0,1.0633580684661865,557505.875,1000,1000
othim18,erp,1,1,0.0001,41.54185209127518,1.0100955963134766,529581.0,41.532155754572344,1.0104138851165771,529747.875,0.023555755615234375,12350.0,0.009374618530273438,4915.0,0.013286590576171875,6966.0,0.0,0,1.0339696407318115,542097.875,1000,1000
othim19,erp,1,1,0.0001,39.752834270291665,2.0129427909851074,1055361.75,39.74265678828042,2.0132663249969482,1055531.375,0.023897171020507812,12529.0,0.009382247924804688,4919.0,0.013399124145507812,7025.0,0.0,0,2.037163496017456,1068060.375,1000,1000
othim20,erp,1,1,0.0001,39.116660334457286,2.0602529048919678,1080165.875,39.11466868426285,2.061347484588623,1080739.75,0.025056838989257812,13137.0,0.008472442626953125,4442.0,0.015300750732421875,8022.0,0.0,0,2.086404323577881,1093876.75,1000,1000
othim21,erp,1,1,0.0001,38.859738192227184,2.057101249694824,1078513.5,38.85725589764209,2.058465003967285,1079228.5,0.023891448974609375,12526.0,0.008317947387695312,4361.0,0.01441192626953125,7556.0,0.0,0,2.0823564529418945,1091754.5,1000,1000
othim22,erp,1,1,0.0001,38.02175713947228,1.239823818206787,650024.75,38.020185168273315,1.2402997016906738,650274.25,0.024990081787109375,13102.0,0.00940704345703125,4932.0,0.014410018920898438,7555.0,0.0,0,1.2652897834777832,663376.25,1000,1000
othim23,erp,1,1,0.0001,39.114169880734366,1.3379342555999756,701462.875,39.110013227590386,1.3395150899887085,702291.6875,0.025608062744140625,13426.0,0.0081634521484375,4280.0,0.016149520874023438,8467.0,0.0,0,1.3651231527328491,715717.6875,1000,1000
othim24,erp,1,1,0.0001,38.862552636094705,1.5327510833740234,803603.0,38.859802052313,1.5333425998687744,803913.125,0.024885177612304688,13047.0,0.009469985961914062,4965.0,0.014263153076171875,7478.0,0.0,0,1.558227777481079,816960.125,1000,1000
othim25,erp,1,1,0.0001,35.6304549075616,2.010615587234497,1054141.625,35.63018870587671,2.011690616607666,1054705.25,0.026002883911132812,13633.0,0.00838470458984375,4396.0,0.016345977783203125,8570.0,0.0,0,2.037693500518799,1068338.25,1000,1000
othim26,erp,1,1,0.0001,35.42585636829228,2.0318121910095215,1065254.75,35.42386075162049,2.032197952270508,1065457.0,0.024822235107421875,13014.0,0.009244918823242188,4847.0,0.014287948608398438,7491.0,0.0,0,2.0570201873779297,1078471.0,1000,1000
othim27,erp,1,1,0.0001,36.16146174709485,1.8884925842285156,990114.0,36.16011407510801,1.8896918296813965,990742.75,0.02535247802734375,13292.0,0.008403778076171875,4406.0,0.015665054321289062,8213.0,0.0,0,1.9150443077087402,1004034.75,1000,1000
othim28,erp,1,1,0.0001,39.54660327630718,1.9014530181884766,996909.0,39.54221673027249,1.9025119543075562,997464.1875,0.023342132568359375,12238.0,0.00830078125,4352.0,0.014139175415039062,7413.0,0.0,0,1.9258540868759155,1009702.1875,1000,1000
othim29,erp,1,1,0.0001,40.082129091007246,1.7797279357910156,933090.0,40.077566277462005,1.7810108661651611,933762.625,0.023183822631835938,12155.0,0.008289337158203125,4346.0,0.013971328735351562,7325.0,0.0,0,1.804194688796997,945917.625,1000,1000
othim30,erp,1,1,0.0001,38.90074848520805,1.8609907627105713,975695.125,38.89573791359321,1.8621492385864258,976302.5,0.023525238037109375,12334.0,0.008441925048828125,4426.0,0.014169692993164062,7429.0,0.0,0,1.8856744766235352,988636.5,1000,1000
