image_name,mask_type,wsmse_tag,swhdc_tag,erp_padding,lambda_rate,train_psnr,train_rate_bpp,train_rate_bits,eval_psnr,eval_wsssim,eval_y_rate_bpp,eval_y_rate_bits,eval_mlp_rate_bpp,eval_mlp_rate_bits,eval_arm_rate_bpp,eval_arm_rate_bits,eval_conv_rate_bpp,eval_conv_rate_bits,eval_border_rate_bpp,eval_border_rate_bits,eval_total_rate_bpp,eval_total_rate_bits,total_steps_1,total_steps_2
othim01,full,0,0,1,0.0006,35.462120664185825,0.6066589951515198,318064.03125,35.44273861021336,0.9332923889160156,0.6075673699378967,318540.28125,0.020200729370117188,10591.0,0.008955001831054688,4695.0,0.010074615478515625,5282.0,0.0,0,0.6277680993080139,329131.28125,5000,1000
othim02,full,0,0,1,0.0006,35.397455442584516,0.6345255374908447,332674.125,35.388894768063146,0.9319037199020386,0.6349021196365356,332871.5625,0.022249221801757812,11665.0,0.009798049926757812,5137.0,0.011388778686523438,5971.0,0.0,0,0.6571513414382935,344536.5625,5000,1000
othim03,full,0,0,1,0.0006,35.18281892218453,0.6500532031059265,340815.09375,35.17217356796792,0.9296183586120605,0.6504310369491577,341013.1875,0.021137237548828125,11082.0,0.009855270385742188,5167.0,0.010110855102539062,5301.0,0.0,0,0.6715682744979858,352095.1875,5000,1000
othim04,full,0,0,1,0.0006,34.2565778470724,1.297050952911377,680028.25,34.25244982527245,0.9537187814712524,1.2973709106445312,680196.0,0.02191925048828125,11492.0,0.009639739990234375,5054.0,0.011339187622070312,5945.0,0.0,0,1.3192901611328125,691688.0,5000,1000
othim05,full,0,0,1,0.0006,34.74502965778604,1.1080081462860107,580915.375,34.734510602912735,0.9453881978988647,1.1087641716003418,581311.75,0.019908905029296875,10438.0,0.008699417114257812,4561.0,0.010030746459960938,5259.0,0.0,0,1.1286730766296387,591749.75,5000,1000
othim06,full,0,0,1,0.0006,34.758772532895684,1.022301197052002,535980.25,34.756498853079144,0.9450540542602539,1.0233501195907593,536530.1875,0.02129364013671875,11164.0,0.008777618408203125,4602.0,0.011461257934570312,6009.0,0.0,0,1.044643759727478,547694.1875,5000,1000
othim07,full,0,0,1,0.0006,36.31514372529961,0.46034425497055054,241352.96875,36.308428922827055,0.9434208273887634,0.4607144594192505,241547.0625,0.021547317504882812,11297.0,0.009763717651367188,5119.0,0.010845184326171875,5686.0,0.0,0,0.4822617769241333,252844.0625,5000,1000
othim08,full,0,0,1,0.0006,36.5954438739665,0.4318193793296814,226397.71875,36.58122040973471,0.9448865652084351,0.4331369400024414,227088.5,0.0199127197265625,10440.0,0.008798599243164062,4613.0,0.010150909423828125,5322.0,0.0,0,0.4530496597290039,237528.5,5000,1000
othim09,full,0,0,1,0.0006,36.375429362154584,0.4575313329696655,239878.1875,36.35995118354271,0.9434782862663269,0.4579407572746277,240092.84375,0.021244049072265625,11138.0,0.010021209716796875,5254.0,0.010290145874023438,5395.0,0.0,0,0.4791848063468933,251230.84375,5000,1000
othim10,full,0,0,1,0.0006,35.12825148250204,0.5664832592010498,297000.375,35.119941505534236,0.9184315204620361,0.5667823553085327,297157.1875,0.0208740234375,10944.0,0.009714126586914062,5093.0,0.010229110717773438,5363.0,0.0,0,0.5876563787460327,308101.1875,5000,1000
othim11,full,0,0,1,0.0006,35.20487751479086,0.6651328802108765,348721.1875,35.1981926570302,0.9262579679489136,0.6661298871040344,349243.90625,0.020914077758789062,10965.0,0.008733749389648438,4579.0,0.011251449584960938,5899.0,0.0,0,0.6870439648628235,360208.90625,5000,1000
othim12,full,0,0,1,0.0006,34.964023969991025,0.7035213112831116,368847.78125,34.95847357467295,0.9286174178123474,0.7040759325027466,369138.5625,0.021541595458984375,11294.0,0.008914947509765625,4674.0,0.011936187744140625,6258.0,0.0,0,0.725617527961731,380432.5625,5000,1000
othim13,full,0,0,1,0.0006,36.3820756958221,0.4832519292831421,253363.1875,36.3741389150712,0.9373266696929932,0.48424285650253296,253882.71875,0.020263671875,10624.0,0.0089111328125,4672.0,0.0103302001953125,5416.0,0.0,0,0.504506528377533,264506.71875,5000,1000
othim14,full,0,0,1,0.0006,36.52838667566076,0.475169837474823,249125.84375,36.51221989832962,0.9379791617393494,0.475369930267334,249230.75,0.02106475830078125,11044.0,0.009843826293945312,5161.0,0.010419845581054688,5463.0,0.0,0,0.49643468856811523,260274.75,5000,1000
othim15,full,0,0,1,0.0006,36.34532629134513,0.4944411516189575,259229.5625,36.34273266694762,0.9362602233886719,0.4951179027557373,259584.375,0.021181106567382812,11105.0,0.008970260620117188,4703.0,0.011182785034179688,5863.0,0.0,0,0.5162990093231201,270689.375,5000,1000
othim16,full,0,0,1,0.0006,37.01039840817007,0.43932080268859863,230330.625,36.995678758858624,0.9471265077590942,0.44159871339797974,231524.90625,0.019132614135742188,10031.0,0.007856369018554688,4119.0,0.01035308837890625,5428.0,0.0,0,0.4607313275337219,241555.90625,5000,1000
othim17,full,0,0,1,0.0006,37.0636706982164,0.4511970281600952,236557.1875,37.053127472934634,0.9461812973022461,0.45233291387557983,237152.71875,0.01995086669921875,10460.0,0.008932113647460938,4683.0,0.009979248046875,5232.0,0.0,0,0.4722837805747986,247612.71875,5000,1000
othim18,full,0,0,1,0.0006,37.089448129326236,0.4418153762817383,231638.5,37.070177210766566,0.9473567008972168,0.4421117901802063,231793.90625,0.021015167236328125,11018.0,0.009679794311523438,5075.0,0.010274887084960938,5387.0,0.0,0,0.4631269574165344,242811.90625,5000,1000
othim19,full,0,0,1,0.0006,34.70159647710026,1.0138533115386963,531551.125,34.68841960842219,0.9489588737487793,1.0154716968536377,532399.625,0.019868850708007812,10417.0,0.00849151611328125,4452.0,0.0103302001953125,5416.0,0.0,0,1.0353405475616455,542816.625,5000,1000
othim20,full,0,0,1,0.0006,34.62641047302938,1.0176384449005127,533535.625,34.622942163373054,0.9459331035614014,1.0177936553955078,533617.0,0.022233963012695312,11657.0,0.009721755981445312,5097.0,0.011463165283203125,6010.0,0.0,0,1.0400276184082031,545274.0,5000,1000
othim21,full,0,0,1,0.0006,34.64476591923073,1.0167467594146729,533068.125,34.63466861586774,0.9474670886993408,1.0175385475158691,533483.25,0.021022796630859375,11022.0,0.009847640991210938,5163.0,0.010412216186523438,5459.0,0.0,0,1.0385613441467285,544505.25,5000,1000
othim22,full,0,0,1,0.0006,36.24774131408456,0.5227553844451904,274074.375,36.23986532321869,0.9370856285095215,0.5231226682662964,274266.9375,0.022045135498046875,11558.0,0.009920120239257812,5201.0,0.01119232177734375,5868.0,0.0,0,0.5451678037643433,285824.9375,5000,1000
othim23,full,0,0,1,0.0006,35.941089694926724,0.6068216562271118,318149.3125,35.9332750383167,0.9471428394317627,0.6075655817985535,318539.34375,0.021341323852539062,11189.0,0.008909225463867188,4671.0,0.011333465576171875,5942.0,0.0,0,0.6289069056510925,329728.34375,5000,1000
othim24,full,0,0,1,0.0006,35.473185594483,0.8191379308700562,429464.1875,35.46924236868407,0.9466723799705505,0.8205135464668274,430185.40625,0.021270751953125,11152.0,0.00882720947265625,4628.0,0.011381149291992188,5967.0,0.0,0,0.8417842984199524,441337.40625,5000,1000
othim25,full,0,0,1,0.0006,33.012457362828165,1.0450036525726318,547882.875,33.00316343496165,0.9343742728233337,1.0462172031402588,548519.125,0.02031707763671875,10652.0,0.008855819702148438,4643.0,0.0103912353515625,5448.0,0.0,0,1.0665342807769775,559171.125,5000,1000
othim26,full,0,0,1,0.0006,33.070973384228964,1.0643906593322754,558047.25,33.06856702645067,0.9352821707725525,1.0653444528579712,558547.3125,0.02236175537109375,11724.0,0.009820938110351562,5149.0,0.011478424072265625,6018.0,0.0,0,1.087706208229065,570271.3125,5000,1000
othim27,full,0,0,1,0.0006,33.272258991748004,0.9173535108566284,480957.4375,33.26090442747074,0.926976203918457,0.918346643447876,481478.125,0.0200042724609375,10488.0,0.008897781372070312,4665.0,0.010179519653320312,5337.0,0.0,0,0.9383509159088135,491966.125,5000,1000
othim28,full,0,0,1,0.0006,34.98781679829218,0.9505780935287476,498376.6875,34.983580799017346,0.9490528106689453,0.9513378143310547,498775.0,0.01969146728515625,10324.0,0.0087738037109375,4600.0,0.010034561157226562,5261.0,0.0,0,0.9710292816162109,509099.0,5000,1000
othim29,full,0,0,1,0.0006,35.18947538840127,0.9005016684532166,472122.21875,35.184224556196675,0.9421768188476562,0.9007218480110168,472237.65625,0.022060394287109375,11566.0,0.009853363037109375,5166.0,0.011308670043945312,5929.0,0.0,0,0.9227822422981262,483803.65625,5000,1000
othim30,full,0,0,1,0.0006,34.96909348513714,0.9856181740760803,516747.78125,34.96241897983196,0.9484578967094421,0.9878756403923035,517931.34375,0.01816558837890625,9524.0,0.007663726806640625,4018.0,0.009477615356445312,4969.0,0.0,0,1.0060412287712097,527455.34375,5000,1000
othim01,full,0,0,1,0.0008,34.60219183708435,0.5215874910354614,273462.0625,34.593138150135296,0.9237895011901855,0.5232131481170654,274314.375,0.020341873168945312,10665.0,0.0088958740234375,4664.0,0.010528564453125,5520.0,0.0,0,0.5435550212860107,284979.375,5000,1000
othim02,full,0,0,1,0.0008,34.56503312660459,0.5370118618011475,281548.875,34.551347825232746,0.9219305515289307,0.537360429763794,281731.625,0.021570205688476562,11309.0,0.01003265380859375,5260.0,0.0106048583984375,5560.0,0.0,0,0.5589306354522705,293040.625,5000,1000
othim03,full,0,0,1,0.0008,34.482801383645246,0.5414512157440186,283876.375,34.47803230841989,0.9211260676383972,0.5417312979698181,284023.21875,0.022165298461914062,11621.0,0.0099334716796875,5208.0,0.011293411254882812,5921.0,0.0,0,0.5638965964317322,295644.21875,5000,1000
othim04,full,0,0,1,0.0008,33.17873429803928,1.150991439819336,603451.0,33.17278377265425,0.9416835308074951,1.1522562503814697,604114.125,0.020442962646484375,10718.0,0.0085601806640625,4488.0,0.01107025146484375,5804.0,0.0,0,1.172699213027954,614832.125,5000,1000
othim05,full,0,0,1,0.0008,33.80917166601852,0.9257871508598328,485379.09375,33.80601217348246,0.9333760142326355,0.9262614250183105,485627.75,0.021373748779296875,11206.0,0.008869171142578125,4650.0,0.011440277099609375,5998.0,0.0,0,0.9476351737976074,496833.75,5000,1000
othim06,full,0,0,1,0.0008,33.70134864282295,0.8907147645950317,466991.0625,33.69103906602862,0.9318304061889648,0.8914918899536133,467398.5,0.019880294799804688,10423.0,0.00873565673828125,4580.0,0.0102081298828125,5352.0,0.0,0,0.911372184753418,477821.5,5000,1000
othim07,full,0,0,1,0.0008,35.741150873199345,0.38931021094322205,204110.671875,35.72409150301993,0.9395575523376465,0.38997453451156616,204458.96875,0.020063400268554688,10519.0,0.00888824462890625,4660.0,0.010227203369140625,5362.0,0.0,0,0.41003793478012085,214977.96875,5000,1000
othim08,full,0,0,1,0.0008,35.76581083993285,0.368285596370697,193087.71875,35.74671023252039,0.9383789300918579,0.370189905166626,194086.125,0.019287109375,10112.0,0.007843017578125,4112.0,0.010377883911132812,5441.0,0.0,0,0.389477014541626,204198.125,5000,1000
othim09,full,0,0,1,0.0008,35.661315974887145,0.3867286741733551,202757.203125,35.64336328585738,0.9370803236961365,0.38693028688430786,202862.90625,0.021459579467773438,11251.0,0.00992584228515625,5204.0,0.010593414306640625,5554.0,0.0,0,0.4083898663520813,214113.90625,5000,1000
othim10,full,0,0,1,0.0008,34.028024912574615,0.47048360109329224,246668.90625,34.02060482536158,0.9009894132614136,0.47129112482070923,247092.28125,0.020074844360351562,10525.0,0.008665084838867188,4543.0,0.010467529296875,5488.0,0.0,0,0.4913659691810608,257617.28125,5000,1000
othim11,full,0,0,1,0.0008,34.14033278010805,0.5625337362289429,294929.6875,34.1330131868308,0.9101214408874512,0.5637377500534058,295560.9375,0.020923614501953125,10970.0,0.008829116821289062,4629.0,0.011142730712890625,5842.0,0.0,0,0.5846613645553589,306530.9375,5000,1000
othim12,full,0,0,1,0.0008,34.043173576692276,0.6185089945793152,324276.84375,34.039343267419234,0.9135028123855591,0.6195907592773438,324844.0,0.021142959594726562,11085.0,0.00896453857421875,4700.0,0.011121749877929688,5831.0,0.0,0,0.6407337188720703,335929.0,5000,1000
othim13,full,0,0,1,0.0008,35.50540795074347,0.4239903688430786,222293.0625,35.49366554812048,0.9278397560119629,0.4247085452079773,222669.59375,0.019773483276367188,10367.0,0.008890151977539062,4661.0,0.009952545166015625,5218.0,0.0,0,0.4444820284843445,233036.59375,5000,1000
othim14,full,0,0,1,0.0008,35.67200275403355,0.40581393241882324,212763.375,35.662177238216465,0.9282414317131042,0.4059717059135437,212846.09375,0.021558761596679688,11303.0,0.010112762451171875,5302.0,0.010669708251953125,5594.0,0.0,0,0.4275304675102234,224149.09375,5000,1000
othim15,full,0,0,1,0.0008,35.50070044252419,0.4265919327735901,223657.03125,35.48312005628592,0.9272594451904297,0.42742642760276794,224094.546875,0.019655227661132812,10305.0,0.008884429931640625,4658.0,0.009960174560546875,5222.0,0.0,0,0.44708165526390076,234399.546875,5000,1000
othim16,full,0,0,1,0.0008,36.219766696873414,0.3733004331588745,195716.9375,36.20440202827603,0.9398247003555298,0.37461134791374207,196404.234375,0.019731521606445312,10345.0,0.008634567260742188,4527.0,0.010320663452148438,5411.0,0.0,0,0.3943428695201874,206749.234375,5000,1000
othim17,full,0,0,1,0.0008,36.09252356208858,0.38209909200668335,200329.96875,36.07285921559144,0.9391958117485046,0.3830493688583374,200828.1875,0.020154953002929688,10567.0,0.0087127685546875,4568.0,0.010519027709960938,5515.0,0.0,0,0.4032043218612671,211395.1875,5000,1000
othim18,full,0,0,1,0.0008,36.32007706630596,0.3837440013885498,201192.375,36.302172458783666,0.9396215677261353,0.3849950134754181,201848.265625,0.020050048828125,10512.0,0.008831024169921875,4630.0,0.010320663452148438,5411.0,0.0,0,0.4050450623035431,212360.265625,5000,1000
othim19,full,0,0,1,0.0008,33.63203571656574,0.8835832476615906,463252.09375,33.626407262568,0.9375957250595093,0.8841034173965454,463524.8125,0.020977020263671875,10998.0,0.009752273559570312,5113.0,0.010280609130859375,5390.0,0.0,0,0.9050804376602173,474522.8125,5000,1000
othim20,full,0,0,1,0.0008,33.67113606945625,0.8752646446228027,458890.75,33.661827039069756,0.9339097738265991,0.8768305778503418,459711.75,0.018980026245117188,9951.0,0.00762939453125,4000.0,0.010425567626953125,5466.0,0.0,0,0.895810604095459,469662.75,5000,1000
othim21,full,0,0,1,0.0008,33.68178099316818,0.9112345576286316,477749.34375,33.672918031356,0.9350917339324951,0.9118568897247314,478075.625,0.020206451416015625,10594.0,0.008907318115234375,4670.0,0.010480880737304688,5495.0,0.0,0,0.9320633411407471,488669.625,5000,1000
othim22,full,0,0,1,0.0008,35.29188618883068,0.45329606533050537,237657.6875,35.287738298179306,0.929071307182312,0.4544932246208191,238285.34375,0.021327972412109375,11182.0,0.008998870849609375,4718.0,0.011415481567382812,5985.0,0.0,0,0.47582119703292847,249467.34375,5000,1000
othim23,full,0,0,1,0.0008,35.02199995580953,0.526195228099823,275877.84375,35.01599363823279,0.9382962584495544,0.5270140171051025,276307.125,0.02154541015625,11296.0,0.009033203125,4736.0,0.011411666870117188,5983.0,0.0,0,0.5485594272613525,287603.125,5000,1000
othim24,full,0,0,1,0.0008,34.559083224774064,0.7128452062606812,373736.1875,34.55635700207804,0.9395201206207275,0.714676558971405,374696.34375,0.021570205688476562,11309.0,0.008977890014648438,4707.0,0.01155853271484375,6060.0,0.0,0,0.7362467646598816,386005.34375,5000,1000
othim25,full,0,0,1,0.0008,32.3654091445965,0.9219908714294434,483388.75,32.36188300783956,0.9255043268203735,0.9229957461357117,483915.59375,0.020999908447265625,11010.0,0.008792877197265625,4610.0,0.011402130126953125,5978.0,0.0,0,0.9439956545829773,494925.59375,5000,1000
othim26,full,0,0,1,0.0008,32.42410157957618,0.9087571501731873,476450.46875,32.42072356838201,0.9268099665641785,0.9092588424682617,476713.5,0.02233123779296875,11708.0,0.009763717651367188,5119.0,0.011659622192382812,6113.0,0.0,0,0.9315900802612305,488421.5,5000,1000
othim27,full,0,0,1,0.0008,32.47239550370739,0.7960023880004883,417334.5,32.46480246288537,0.9138205051422119,0.7967601418495178,417731.78125,0.020883560180664062,10949.0,0.008855819702148438,4643.0,0.011095046997070312,5817.0,0.0,0,0.8176437020301819,428680.78125,5000,1000
othim28,full,0,0,1,0.0008,34.055450413100274,0.8187416195869446,429256.40625,34.05288286428317,0.9400689601898193,0.8196913599967957,429754.34375,0.0211334228515625,11080.0,0.008663177490234375,4542.0,0.01155853271484375,6060.0,0.0,0,0.8408247828483582,440834.34375,5000,1000
othim29,full,0,0,1,0.0008,34.35974085726796,0.7736915349960327,405637.1875,34.35050179367892,0.9338371157646179,0.7745920419692993,406109.3125,0.020359039306640625,10674.0,0.008792877197265625,4610.0,0.01076507568359375,5644.0,0.0,0,0.7949510812759399,416783.3125,5000,1000
othim30,full,0,0,1,0.0008,34.04324019249081,0.8497762084007263,445527.46875,34.02778375615173,0.9394630789756775,0.8508099317550659,446069.4375,0.019266128540039062,10101.0,0.008768081665039062,4597.0,0.009698867797851562,5085.0,0.0,0,0.870076060295105,456170.4375,5000,1000
othim01,full,0,1,1,0.0006,35.41860635163459,0.6150697469711304,322473.6875,35.41492891638765,0.9318680763244629,0.6159195899963379,322919.25,0.023126602172851562,12125.0,0.008932113647460938,4683.0,0.013162612915039062,6901.0,0.0,0,0.6390461921691895,335044.25,5000,1000
othim02,full,0,1,1,0.0006,35.1880259859352,0.6248594522476196,327606.3125,35.18371895789854,0.9298009276390076,0.6257570385932922,328076.90625,0.022802352905273438,11955.0,0.008853912353515625,4642.0,0.012889862060546875,6758.0,0.0,0,0.6485593914985657,340031.90625,5000,1000
othim03,full,0,1,1,0.0006,35.37352822193894,0.6313788890838623,331024.375,35.35799934962707,0.9305325746536255,0.6323263645172119,331521.125,0.021398544311523438,11219.0,0.00891876220703125,4676.0,0.01154327392578125,6052.0,0.0,0,0.6537249088287354,342740.125,5000,1000
othim04,full,0,1,1,0.0006,34.25996848554757,1.2993323802947998,681224.375,34.24667906665447,0.9542964696884155,1.300279140472412,681720.75,0.021411895751953125,11226.0,0.00878143310546875,4604.0,0.011823654174804688,6199.0,0.0,0,1.3216910362243652,692946.75,5000,1000
othim05,full,0,1,1,0.0006,34.771439897849966,1.0576813220977783,554529.625,34.768078086834386,0.945759654045105,1.0585148334503174,554966.625,0.022541046142578125,11818.0,0.008810043334960938,4619.0,0.012683868408203125,6650.0,0.0,0,1.0810558795928955,566784.625,5000,1000
othim06,full,0,1,1,0.0006,34.61101395143885,1.0375807285308838,543991.125,34.59715061854155,0.944065511226654,1.0377767086029053,544093.875,0.021928787231445312,11497.0,0.00972747802734375,5100.0,0.011415481567382812,5985.0,0.0,0,1.0597054958343506,555590.875,5000,1000
othim07,full,0,1,1,0.0006,36.57489318001441,0.4542885422706604,238178.03125,36.56832093769099,0.945274829864502,0.4553523361682892,238735.765625,0.022409439086914062,11749.0,0.008893966674804688,4663.0,0.012577056884765625,6594.0,0.0,0,0.47776177525520325,250484.765625,5000,1000
othim08,full,0,1,1,0.0006,36.668281978852995,0.4286128878593445,224716.59375,36.6534952338981,0.9447728991508484,0.4290374517440796,224939.1875,0.022478103637695312,11785.0,0.009988784790039062,5237.0,0.011545181274414062,6053.0,0.0,0,0.4515155553817749,236724.1875,5000,1000
othim09,full,0,1,1,0.0006,36.308271695632264,0.4583190679550171,240291.1875,36.304549336136425,0.9438733458518982,0.4590635597705841,240681.515625,0.022748947143554688,11927.0,0.008937835693359375,4686.0,0.01285552978515625,6740.0,0.0,0,0.4818125069141388,252608.515625,5000,1000
othim10,full,0,1,1,0.0006,35.21735044231448,0.5494240522384644,288056.4375,35.21050918982617,0.9188160300254822,0.5505995750427246,288672.75,0.02231597900390625,11700.0,0.008905410766601562,4669.0,0.0125885009765625,6600.0,0.0,0,0.5729155540466309,300372.75,5000,1000
othim11,full,0,1,1,0.0006,35.19980805645066,0.6324442625045776,331582.9375,35.188015212790354,0.9275175929069519,0.6325867176055908,331657.625,0.0225830078125,11840.0,0.009860992431640625,5170.0,0.011671066284179688,6119.0,0.0,0,0.6551697254180908,343497.625,5000,1000
othim12,full,0,1,1,0.0006,35.07233777842789,0.7088443040847778,371638.5625,35.060598743327446,0.9300880432128906,0.7091436982154846,371795.53125,0.02269744873046875,11900.0,0.009817123413085938,5147.0,0.012094497680664062,6341.0,0.0,0,0.7318411469459534,383695.53125,5000,1000
othim13,full,0,1,1,0.0006,36.5454396325074,0.4627338647842407,242605.8125,36.53535317686524,0.9382877349853516,0.4643207788467407,243437.8125,0.021459579467773438,11251.0,0.00872802734375,4576.0,0.01183319091796875,6204.0,0.0,0,0.48578035831451416,254688.8125,5000,1000
othim14,full,0,1,1,0.0006,36.568443098610885,0.4727500081062317,247857.15625,36.55675275539297,0.9380447864532471,0.474168062210083,248600.625,0.021535873413085938,11291.0,0.008893966674804688,4663.0,0.011850357055664062,6213.0,0.0,0,0.49570393562316895,259891.625,5000,1000
othim15,full,0,1,1,0.0006,36.460212853895975,0.4695894718170166,246200.125,36.45270405518746,0.9371936321258545,0.4701434373855591,246490.5625,0.021909713745117188,11487.0,0.008981704711914062,4709.0,0.012147903442382812,6369.0,0.0,0,0.49205315113067627,257977.5625,5000,1000
othim16,full,0,1,1,0.0006,37.06938981681519,0.4270614981651306,223903.21875,37.05096435441679,0.9474364519119263,0.42814207077026367,224469.75,0.02130126953125,11168.0,0.00884246826171875,4636.0,0.011548995971679688,6055.0,0.0,0,0.44944334030151367,235637.75,5000,1000
othim17,full,0,1,1,0.0006,37.098694108817064,0.4448610246181488,233235.296875,37.083567792062766,0.9479510188102722,0.4453352093696594,233483.90625,0.022649765014648438,11875.0,0.009744644165039062,5109.0,0.011987686157226562,6285.0,0.0,0,0.46798497438430786,245358.90625,5000,1000
othim18,full,0,1,1,0.0006,37.03181203532659,0.41912370920181274,219741.53125,37.01964159748915,0.9471991062164307,0.41940659284591675,219889.84375,0.02266693115234375,11884.0,0.009881973266601562,5181.0,0.011751174926757812,6161.0,0.0,0,0.4420735239982605,231773.84375,5000,1000
othim19,full,0,1,1,0.0006,34.68386438717817,0.9985932111740112,523550.4375,34.676066797054034,0.9485918283462524,0.9994896650314331,524020.4375,0.020936965942382812,10977.0,0.008758544921875,4592.0,0.01139068603515625,5972.0,0.0,0,1.020426630973816,534997.4375,5000,1000
othim20,full,0,1,1,0.0006,34.53326602021631,1.010741949081421,529919.875,34.51899779317798,0.9460223913192749,1.011641025543213,530391.25,0.020915985107421875,10966.0,0.00860595703125,4512.0,0.011508941650390625,6034.0,0.0,0,1.0325570106506348,541357.25,5000,1000
othim21,full,0,1,1,0.0006,34.598920647111875,1.0258992910385132,537866.6875,34.58930674299551,0.9474623203277588,1.026537299156189,538201.1875,0.021671295166015625,11362.0,0.008884429931640625,4658.0,0.011861801147460938,6219.0,0.0,0,1.0482085943222046,549563.1875,5000,1000
othim22,full,0,1,1,0.0006,36.040094188733484,0.5254225730895996,275472.75,36.013510441602165,0.9357510805130005,0.5264672040939331,276020.4375,0.021703720092773438,11379.0,0.008790969848632812,4609.0,0.011859893798828125,6218.0,0.0,0,0.5481709241867065,287399.4375,5000,1000
othim23,full,0,1,1,0.0006,35.77156583387577,0.6263649463653564,328395.625,35.76506735337029,0.947266697883606,0.6279427409172058,329222.84375,0.022863388061523438,11987.0,0.00873565673828125,4580.0,0.013036727905273438,6835.0,0.0,0,0.6508061289787292,341209.84375,5000,1000
othim24,full,0,1,1,0.0006,35.39817331325854,0.7972012758255005,417963.0625,35.38469808938212,0.946922779083252,0.7977390289306641,418245.0,0.0239105224609375,12536.0,0.010007858276367188,5247.0,0.012739181518554688,6679.0,0.0,0,0.8216495513916016,430781.0,5000,1000
othim25,full,0,1,1,0.0006,33.18166629792619,1.0465648174285889,548701.375,33.1792234466843,0.9354807734489441,1.0472583770751953,549065.0,0.023223876953125,12176.0,0.008764266967773438,4595.0,0.0134124755859375,7032.0,0.0,0,1.0704822540283203,561241.0,5000,1000
othim26,full,0,1,1,0.0006,33.025376243910586,1.040376901626587,545457.125,33.0185761930314,0.935511589050293,1.0407510995864868,545653.3125,0.022541046142578125,11818.0,0.009708404541015625,5090.0,0.011777877807617188,6175.0,0.0,0,1.063292145729065,557471.3125,5000,1000
othim27,full,0,1,1,0.0006,33.29948078896251,0.924760103225708,484840.625,33.289949738592924,0.9263569712638855,0.9260821342468262,485533.75,0.021633148193359375,11342.0,0.008707046508789062,4565.0,0.011993408203125,6288.0,0.0,0,0.9477152824401855,496875.75,5000,1000
othim28,full,0,1,1,0.0006,35.0104222297814,0.9384279251098633,492006.5,35.00620832152095,0.9497994184494019,0.9388923645019531,492250.0,0.022396087646484375,11742.0,0.00885772705078125,4644.0,0.012617111206054688,6615.0,0.0,0,0.9612884521484375,503992.0,5000,1000
othim29,full,0,1,1,0.0006,35.26925006016295,0.8977240324020386,470665.9375,35.267491590707,0.9432603716850281,0.8989180326461792,471291.9375,0.023075103759765625,12098.0,0.008823394775390625,4626.0,0.013219833374023438,6931.0,0.0,0,0.9219931364059448,483389.9375,5000,1000
othim30,full,0,1,1,0.0006,35.08422014216584,0.96453458070755,505693.90625,35.07029662982911,0.9493725299835205,0.9650177955627441,505947.25,0.022687911987304688,11895.0,0.009943008422851562,5213.0,0.01197052001953125,6276.0,0.0,0,0.9877057075500488,517842.25,5000,1000
othim01,full,0,1,1,0.0008,34.45420211411424,0.5572224855422974,292145.0625,34.43789878375886,0.9208544492721558,0.5581340789794922,292623.0,0.021486282348632812,11265.0,0.008943557739257812,4689.0,0.011610031127929688,6087.0,0.0,0,0.579620361328125,303888.0,5000,1000
othim02,full,0,1,1,0.0008,34.425386004770345,0.5446845889091492,285571.59375,34.42167347576634,0.9207727313041687,0.5452975034713745,285892.9375,0.022769927978515625,11938.0,0.008863449096679688,4647.0,0.012964248657226562,6797.0,0.0,0,0.5680674314498901,297830.9375,5000,1000
othim03,full,0,1,1,0.0008,34.48117352549922,0.5408585071563721,283565.625,34.47627028683513,0.9210202097892761,0.541843831539154,284082.21875,0.022657394409179688,11879.0,0.008768081665039062,4597.0,0.012968063354492188,6799.0,0.0,0,0.5645012259483337,295961.21875,5000,1000
othim04,full,0,1,1,0.0008,33.214085914583556,1.1410763263702393,598252.625,33.21271820637073,0.9425787329673767,1.1415743827819824,598513.75,0.0240325927734375,12600.0,0.00975799560546875,5116.0,0.013238906860351562,6941.0,0.0,0,1.16560697555542,611113.75,5000,1000
othim05,full,0,1,1,0.0008,33.70597376326668,0.9072175025939941,475643.25,33.699483093090315,0.9318296909332275,0.9073686599731445,475722.5,0.02365875244140625,12404.0,0.010046005249023438,5267.0,0.012571334838867188,6591.0,0.0,0,0.9310274124145508,488126.5,5000,1000
othim06,full,0,1,1,0.0008,33.61783140176972,0.8977029323577881,470654.875,33.610279955403655,0.9305991530418396,0.8987654447555542,471211.9375,0.021348953247070312,11193.0,0.0088043212890625,4616.0,0.011625289916992188,6095.0,0.0,0,0.9201143980026245,482404.9375,5000,1000
othim07,full,0,1,1,0.0008,35.693681475753436,0.3952767252922058,207238.84375,35.672528371872126,0.9381016492843628,0.3956739604473114,207447.109375,0.0223236083984375,11704.0,0.010046005249023438,5267.0,0.011304855346679688,5927.0,0.0,0,0.4179975688457489,219151.109375,5000,1000
othim08,full,0,1,1,0.0008,35.87286937102174,0.3749881088733673,196601.765625,35.85887868377501,0.9388014674186707,0.3754882216453552,196863.96875,0.022447586059570312,11769.0,0.009870529174804688,5175.0,0.011522293090820312,6041.0,0.0,0,0.39793580770492554,208632.96875,5000,1000
othim09,full,0,1,1,0.0008,35.50899164958947,0.39770975708961487,208514.453125,35.49172040848567,0.9364075660705566,0.3985300660133362,208944.53125,0.02142333984375,11232.0,0.008840560913085938,4635.0,0.01161956787109375,6092.0,0.0,0,0.4199534058570862,220176.53125,5000,1000
othim10,full,0,1,1,0.0008,34.27527627285928,0.4611870050430298,241794.8125,34.265948828657024,0.9033031463623047,0.4620877504348755,242267.0625,0.021379470825195312,11209.0,0.0089874267578125,4712.0,0.011468887329101562,6013.0,0.0,0,0.4834672212600708,253476.0625,5000,1000
othim11,full,0,1,1,0.0008,34.22230000868898,0.5347192883491516,280346.90625,34.207433484136054,0.9125016927719116,0.5356783270835876,280849.71875,0.021392822265625,11216.0,0.008920669555664062,4677.0,0.011651992797851562,6109.0,0.0,0,0.5570711493492126,292065.71875,5000,1000
othim12,full,0,1,1,0.0008,34.09392741234897,0.6201547384262085,325139.6875,34.08728657653442,0.9150146842002869,0.6206701397895813,325409.90625,0.022367477416992188,11727.0,0.009572982788085938,5019.0,0.011743545532226562,6157.0,0.0,0,0.6430376172065735,337136.90625,5000,1000
othim13,full,0,1,1,0.0008,35.46800230970272,0.4128004312515259,216426.3125,35.46282706231897,0.927557647228241,0.41325610876083374,216665.21875,0.023172378540039062,12149.0,0.0089874267578125,4712.0,0.013271331787109375,6958.0,0.0,0,0.4364284873008728,228814.21875,5000,1000
othim14,full,0,1,1,0.0008,35.65959114178247,0.3995289206504822,209468.21875,35.652995619621315,0.9291462302207947,0.40034863352775574,209897.984375,0.021770477294921875,11414.0,0.00881195068359375,4620.0,0.0120391845703125,6312.0,0.0,0,0.4221191108226776,221311.984375,5000,1000
othim15,full,0,1,1,0.0008,35.59202950904078,0.40583527088165283,212774.5625,35.58559731214715,0.9288617968559265,0.4062809348106384,213008.21875,0.021551132202148438,11299.0,0.0089111328125,4672.0,0.011838912963867188,6207.0,0.0,0,0.42783206701278687,224307.21875,5000,1000
othim16,full,0,1,1,0.0008,36.24435235123629,0.3721827566623688,195130.953125,36.23177427309955,0.9396998882293701,0.37337690591812134,195757.03125,0.021579742431640625,11314.0,0.00887298583984375,4652.0,0.01180267333984375,6188.0,0.0,0,0.39495664834976196,207071.03125,5000,1000
othim17,full,0,1,1,0.0008,36.27263070970769,0.3769935965538025,197653.21875,36.24103229694003,0.9400675296783447,0.37896421551704407,198686.390625,0.01934814453125,10144.0,0.007856369018554688,4119.0,0.01068115234375,5600.0,0.0,0,0.39831236004829407,208830.390625,5000,1000
othim18,full,0,1,1,0.0008,36.20823853751115,0.3597431182861328,188609.0,36.18512406345235,0.9393124580383301,0.3605726361274719,189043.90625,0.02176666259765625,11412.0,0.009004592895507812,4721.0,0.01171875,6144.0,0.0,0,0.3823392987251282,200455.90625,5000,1000
othim19,full,0,1,1,0.0008,33.68180769781088,0.8844730854034424,463718.625,33.65867758625544,0.9366940259933472,0.8853286504745483,464167.1875,0.020040512084960938,10507.0,0.008771896362304688,4599.0,0.010484695434570312,5497.0,0.0,0,0.9053691625595093,474674.1875,5000,1000
othim20,full,0,1,1,0.0008,33.604288531280666,0.8909749984741211,467127.5,33.58584942994717,0.9336122870445251,0.8913588523864746,467328.75,0.021299362182617188,11167.0,0.009807586669921875,5142.0,0.010547637939453125,5530.0,0.0,0,0.9126582145690918,478495.75,5000,1000
othim21,full,0,1,1,0.0008,33.656997272386235,0.8949002623558044,469185.46875,33.64840439070812,0.9364141821861267,0.8954271078109741,469461.6875,0.0217132568359375,11384.0,0.008831024169921875,4630.0,0.0119476318359375,6264.0,0.0,0,0.9171403646469116,480845.6875,5000,1000
othim22,full,0,1,1,0.0008,35.20527466145459,0.48232465982437134,252877.03125,35.19878923198862,0.9272712469100952,0.4832727909088135,253374.125,0.022752761840820312,11929.0,0.009052276611328125,4746.0,0.012655258178710938,6635.0,0.0,0,0.5060255527496338,265303.125,5000,1000
othim23,full,0,1,1,0.0008,34.91840298495745,0.5381865501403809,282164.75,34.91406192369589,0.9376306533813477,0.538625955581665,282395.125,0.023834228515625,12496.0,0.009824752807617188,5151.0,0.013057708740234375,6846.0,0.0,0,0.56246018409729,294891.125,5000,1000
othim24,full,0,1,1,0.0008,34.43311846326841,0.7131732702255249,373908.1875,34.41414636396214,0.9393295049667358,0.714506983757019,374607.4375,0.02187347412109375,11468.0,0.009195327758789062,4821.0,0.011747360229492188,6159.0,0.0,0,0.7363804578781128,386075.4375,5000,1000
othim25,full,0,1,1,0.0008,32.385590564384046,0.8957920074462891,469653.0,32.376194900533655,0.9258067607879639,0.8970052599906921,470289.09375,0.021745681762695312,11401.0,0.008901596069335938,4667.0,0.012027740478515625,6306.0,0.0,0,0.9187509417533875,481690.09375,5000,1000
othim26,full,0,1,1,0.0008,32.35208392686135,0.9251412153244019,485040.4375,32.34215739956525,0.925209641456604,0.9253445863723755,485147.0625,0.022157669067382812,11617.0,0.009756088256835938,5115.0,0.011478424072265625,6018.0,0.0,0,0.9475022554397583,496764.0625,5000,1000
othim27,full,0,1,1,0.0008,32.50273982894874,0.8241583108901978,432096.3125,32.4908313257379,0.91377854347229,0.8245198726654053,432285.875,0.022283554077148438,11683.0,0.009939193725585938,5211.0,0.011392593383789062,5973.0,0.0,0,0.8468034267425537,443968.875,5000,1000
othim28,full,0,1,1,0.0008,34.054816907739834,0.8051372766494751,422123.8125,34.0297693226268,0.9402705430984497,0.8063002824783325,422733.5625,0.02032470703125,10656.0,0.008733749389648438,4579.0,0.010799407958984375,5662.0,0.0,0,0.8266249895095825,433389.5625,5000,1000
othim29,full,0,1,1,0.0008,34.35406740368648,0.7798191905021667,408849.84375,34.34928289849777,0.9340548515319824,0.7802777886390686,409090.28125,0.022663116455078125,11882.0,0.008785247802734375,4606.0,0.013101577758789062,6869.0,0.0,0,0.8029409050941467,420972.28125,5000,1000
othim30,full,0,1,1,0.0008,34.046701209657726,0.8739156126976013,458183.46875,34.02305455769126,0.9399398565292358,0.8746650218963623,458576.375,0.019941329956054688,10455.0,0.008852005004882812,4641.0,0.010295867919921875,5398.0,0.0,0,0.894606351852417,469031.375,5000,1000
othim01,full,1,0,1,0.0006,36.08090415669439,0.660743236541748,346419.75,36.0720801475671,0.9388097524642944,0.6616764664649963,346909.03125,0.02132415771484375,11180.0,0.008829116821289062,4629.0,0.011552810668945312,6057.0,0.0,0,0.6830006241798401,358089.03125,5000,1000
othim02,full,1,0,1,0.0006,35.7891293151825,0.6891528964042664,361314.59375,35.783980649231445,0.9330461025238037,0.6893777847290039,361432.5,0.022123336791992188,11599.0,0.009874343872070312,5177.0,0.0112152099609375,5880.0,0.0,0,0.7115011215209961,373031.5,5000,1000
othim03,full,1,0,1,0.0006,35.94453285413872,0.6704835891723633,351526.5,35.92902795271559,0.9367536306381226,0.6713555455207825,351983.65625,0.020114898681640625,10546.0,0.00890350341796875,4668.0,0.010255813598632812,5377.0,0.0,0,0.6914704442024231,362529.65625,5000,1000
othim04,full,1,0,1,0.0006,34.61389045789802,1.338294267654419,701651.625,34.60802931642865,0.9579613208770752,1.3385223150253296,701771.1875,0.020914077758789062,10965.0,0.009653091430664062,5061.0,0.010236740112304688,5367.0,0.0,0,1.3594363927841187,712736.1875,5000,1000
othim05,full,1,0,1,0.0006,35.30363678111783,1.1439334154129028,599750.5625,35.28365041577646,0.9504952430725098,1.1448982954025269,600256.4375,0.020578384399414062,10789.0,0.008769989013671875,4598.0,0.010995864868164062,5765.0,0.0,0,1.165476679801941,611045.4375,5000,1000
othim06,full,1,0,1,0.0006,35.22519990007179,1.062635064125061,557126.8125,35.21948892045717,0.9496638774871826,1.065144658088684,558442.5625,0.019830703735351562,10397.0,0.0075359344482421875,3951.0,0.011234283447265625,5890.0,0.0,0,1.0849753618240356,568839.5625,5000,1000
othim07,full,1,0,1,0.0006,37.21752107673479,0.4995543956756592,261910.375,37.210327205239345,0.9493699073791504,0.5004664063453674,262388.53125,0.021055221557617188,11039.0,0.008808135986328125,4618.0,0.011180877685546875,5862.0,0.0,0,0.5215216279029846,273427.53125,5000,1000
othim08,full,1,0,1,0.0006,37.29286077777238,0.4646298289299011,243599.84375,37.28321034616018,0.9478036761283875,0.46515393257141113,243874.625,0.02130889892578125,11172.0,0.008798599243164062,4613.0,0.011461257934570312,6009.0,0.0,0,0.4864628314971924,255046.625,5000,1000
othim09,full,1,0,1,0.0006,37.06984785702188,0.500175416469574,262235.96875,37.06492501525997,0.9470781087875366,0.5004672408103943,262388.96875,0.023097991943359375,12110.0,0.009830474853515625,5154.0,0.01219940185546875,6396.0,0.0,0,0.5235652327537537,274498.96875,5000,1000
othim10,full,1,0,1,0.0006,36.09509331144105,0.6359497308731079,333420.8125,36.0832959817244,0.9317293167114258,0.6374036073684692,334183.0625,0.020771026611328125,10890.0,0.008771896362304688,4599.0,0.011171340942382812,5857.0,0.0,0,0.6581746339797974,345073.0625,5000,1000
othim11,full,1,0,1,0.0006,36.099930427322825,0.7141883373260498,374440.375,36.09403186478399,0.9373859167098999,0.7144327759742737,374568.53125,0.02170562744140625,11380.0,0.009805679321289062,5141.0,0.0110931396484375,5816.0,0.0,0,0.7361384034156799,385948.53125,5000,1000
othim12,full,1,0,1,0.0006,35.74834967993203,0.7547158002853394,395688.4375,35.7333421180605,0.9398198127746582,0.7557518482208252,396231.625,0.020101547241210938,10539.0,0.008916854858398438,4675.0,0.010236740112304688,5367.0,0.0,0,0.7758533954620361,406770.625,5000,1000
othim13,full,1,0,1,0.0006,37.12784409885628,0.4996737837791443,261972.96875,37.106072073184926,0.9403371810913086,0.5008615851402283,262595.71875,0.018283843994140625,9586.0,0.008495330810546875,4454.0,0.00888824462890625,4660.0,0.0,0,0.5191454291343689,272181.71875,5000,1000
othim14,full,1,0,1,0.0006,37.11800901125425,0.5048635005950928,264693.875,37.09639661219118,0.9389292597770691,0.5056921243667603,265128.3125,0.019544601440429688,10247.0,0.008840560913085938,4635.0,0.010044097900390625,5266.0,0.0,0,0.5252367258071899,275375.3125,5000,1000
othim15,full,1,0,1,0.0006,36.92592482437558,0.5173482894897461,271239.5,36.91843749147596,0.9389753341674805,0.5194432139396667,272337.84375,0.019876480102539062,10421.0,0.007955551147460938,4171.0,0.010890960693359375,5710.0,0.0,0,0.5393196940422058,282758.84375,5000,1000
othim16,full,1,0,1,0.0006,37.90030057647055,0.46199893951416016,242220.5,37.88896050262699,0.9528384208679199,0.4629124701023102,242699.453125,0.019924163818359375,10446.0,0.008871078491210938,4651.0,0.010143280029296875,5318.0,0.0,0,0.48283663392066956,253145.453125,5000,1000
othim17,full,1,0,1,0.0006,37.80390724803852,0.4680556058883667,245395.9375,37.797051682230304,0.9516357183456421,0.46924108266830444,246017.46875,0.02089691162109375,10956.0,0.008922576904296875,4678.0,0.01094818115234375,5740.0,0.0,0,0.4901379942893982,256973.46875,5000,1000
othim18,full,1,0,1,0.0006,37.78603220965659,0.4783186912536621,250776.75,37.76870197994918,0.952342689037323,0.47856229543685913,250904.46875,0.021900177001953125,11482.0,0.009950637817382812,5217.0,0.011016845703125,5776.0,0.0,0,0.5004624724388123,262386.46875,5000,1000
othim19,full,1,0,1,0.0006,35.206002541739544,1.0353773832321167,542835.9375,35.19369248980431,0.9535841941833496,1.0364066362380981,543375.5625,0.019975662231445312,10473.0,0.0088043212890625,4616.0,0.01026153564453125,5380.0,0.0,0,1.0563822984695435,553848.5625,5000,1000
othim20,full,1,0,1,0.0006,35.194733612140254,1.0445492267608643,547644.625,35.18111508257967,0.9520313739776611,1.0457370281219482,548267.375,0.020183563232421875,10582.0,0.008756637573242188,4591.0,0.010610580444335938,5563.0,0.0,0,1.0659205913543701,558849.375,5000,1000
othim21,full,1,0,1,0.0006,35.17393958293891,1.0273325443267822,538618.125,35.13394499920673,0.9525308609008789,1.028517723083496,539239.5,0.018930435180664062,9925.0,0.008886337280273438,4659.0,0.00923919677734375,4844.0,0.0,0,1.0474481582641602,549164.5,5000,1000
othim22,full,1,0,1,0.0006,36.67484778726004,0.5414698123931885,283886.125,36.6681405443045,0.9414913654327393,0.5425146818161011,284433.9375,0.022382736206054688,11735.0,0.00984954833984375,5164.0,0.011343002319335938,5947.0,0.0,0,0.5648974180221558,296168.9375,5000,1000
othim23,full,1,0,1,0.0006,36.616076484948174,0.6647153496742249,348502.28125,36.60698201697322,0.9525818228721619,0.6662439107894897,349303.6875,0.02117919921875,11104.0,0.008924484252929688,4679.0,0.011308670043945312,5929.0,0.0,0,0.6874231100082397,360407.6875,5000,1000
othim24,full,1,0,1,0.0006,36.02319528436822,0.8304745554924011,435407.84375,36.01058074120655,0.9509012699127197,0.8311777710914612,435776.53125,0.021646499633789062,11349.0,0.0095977783203125,5032.0,0.011240005493164062,5893.0,0.0,0,0.8528242707252502,447125.53125,5000,1000
othim25,full,1,0,1,0.0006,33.46861751155216,1.0832924842834473,567957.25,33.46083879842013,0.9380016326904297,1.08455228805542,568617.75,0.020904541015625,10960.0,0.008726119995117188,4575.0,0.011110305786132812,5825.0,0.0,0,1.105456829071045,579577.75,5000,1000
othim26,full,1,0,1,0.0006,33.45352923155942,1.0866484642028809,569716.75,33.45160357133131,0.936890721321106,1.0871992111206055,570005.5,0.022357940673828125,11722.0,0.009908676147460938,5195.0,0.011518478393554688,6039.0,0.0,0,1.1095571517944336,581727.5,5000,1000
othim27,full,1,0,1,0.0006,33.919259035111395,0.978084921836853,512798.1875,33.91510430203807,0.9299668073654175,0.9784172773361206,512972.4375,0.02178955078125,11424.0,0.009685516357421875,5078.0,0.011188507080078125,5866.0,0.0,0,1.0002068281173706,524396.4375,5000,1000
othim28,full,1,0,1,0.0006,35.69419453394699,0.9851496815681458,516502.15625,35.68455222611828,0.954429030418396,0.9861835241317749,517044.1875,0.019838333129882812,10401.0,0.008708953857421875,4566.0,0.010097503662109375,5294.0,0.0,0,1.0060218572616577,527445.1875,5000,1000
othim29,full,1,0,1,0.0006,35.759903101517615,0.9311580657958984,488195.0,35.752964599871824,0.9477850794792175,0.9318646192550659,488565.4375,0.0201263427734375,10552.0,0.009000778198242188,4719.0,0.010242462158203125,5370.0,0.0,0,0.9519909620285034,499117.4375,5000,1000
othim30,full,1,0,1,0.0006,35.667855133254456,1.0083787441253662,528680.875,35.66146789817347,0.953328013420105,1.0094685554504395,529252.25,0.019765853881835938,10363.0,0.008695602416992188,4559.0,0.01016998291015625,5332.0,0.0,0,1.0292344093322754,539615.25,5000,1000
othim01,full,1,0,1,0.0008,35.25649502812695,0.5720852017402649,299937.40625,35.24933024191276,0.9287436008453369,0.572273850440979,300036.3125,0.022443771362304688,11767.0,0.009906768798828125,5194.0,0.011632919311523438,6099.0,0.0,0,0.5947176218032837,311803.3125,5000,1000
othim02,full,1,0,1,0.0008,35.149201288669076,0.5898380279541016,309245.0,35.13742163281732,0.9267157912254333,0.5901963710784912,309432.875,0.021192550659179688,11111.0,0.0099029541015625,5192.0,0.0103607177734375,5432.0,0.0,0,0.6113889217376709,320543.875,5000,1000
othim03,full,1,0,1,0.0008,35.028893666977744,0.5940788388252258,311468.40625,35.02041185253255,0.9271625876426697,0.5943254232406616,311597.6875,0.021820068359375,11440.0,0.009918212890625,5200.0,0.01108551025390625,5812.0,0.0,0,0.6161454916000366,323037.6875,5000,1000
othim04,full,1,0,1,0.0008,33.77317367167729,1.1803808212280273,618859.5,33.7667369161957,0.9484259486198425,1.181215524673462,619297.125,0.01964569091796875,10300.0,0.008731842041015625,4578.0,0.009988784790039062,5237.0,0.0,0,1.2008612155914307,629597.125,5000,1000
othim05,full,1,0,1,0.0008,34.32137936017332,0.9973894357681274,522919.3125,34.31759945692924,0.9395949244499207,0.997612714767456,523036.375,0.021974563598632812,11521.0,0.009782791137695312,5129.0,0.0112762451171875,5912.0,0.0,0,1.0195872783660889,534557.375,5000,1000
othim06,full,1,0,1,0.0008,34.31621127003111,0.9437687397003174,494806.625,34.30931212687361,0.9390503764152527,0.944722592830658,495306.71875,0.020746231079101562,10877.0,0.008649826049804688,4535.0,0.011293411254882812,5921.0,0.0,0,0.9654688239097595,506183.71875,5000,1000
othim07,full,1,0,1,0.0008,36.47597223168139,0.42581707239151,223250.78125,36.4602971770762,0.9432699084281921,0.4267817735671997,223756.5625,0.020254135131835938,10619.0,0.008932113647460938,4683.0,0.010389328002929688,5447.0,0.0,0,0.44703590869903564,234375.5625,5000,1000
othim08,full,1,0,1,0.0008,36.65229666205341,0.40276652574539185,211165.65625,36.64328323228214,0.9430286884307861,0.40386518836021423,211741.671875,0.021108627319335938,11067.0,0.008937835693359375,4686.0,0.01123046875,5888.0,0.0,0,0.42497381567955017,222808.671875,5000,1000
othim09,full,1,0,1,0.0008,36.3362456368587,0.44341331720352173,232476.28125,36.325754776228976,0.940931499004364,0.4443255662918091,232954.5625,0.021375656127929688,11207.0,0.008924484252929688,4679.0,0.011383056640625,5968.0,0.0,0,0.46570122241973877,244161.5625,5000,1000
othim10,full,1,0,1,0.0008,35.252005271775516,0.5445914268493652,285522.75,35.24594563002469,0.9206013083457947,0.5448161959648132,285640.59375,0.022436141967773438,11763.0,0.009996414184570312,5241.0,0.01149749755859375,6028.0,0.0,0,0.5672523379325867,297403.59375,5000,1000
othim11,full,1,0,1,0.0008,34.88403613997804,0.6499685049057007,340770.6875,34.869501329496835,0.9240052103996277,0.6507287621498108,341169.28125,0.020895004272460938,10955.0,0.0090179443359375,4728.0,0.010942459106445312,5737.0,0.0,0,0.6716237664222717,352124.28125,5000,1000
othim12,full,1,0,1,0.0008,34.85127916339248,0.6752740144729614,354038.0625,34.8459832800279,0.9272048473358154,0.6757199764251709,354271.875,0.0223236083984375,11704.0,0.009983062744140625,5234.0,0.011266708374023438,5907.0,0.0,0,0.6980435848236084,365975.875,5000,1000
othim13,full,1,0,1,0.0008,36.29504418463856,0.4368640184402466,229042.5625,36.28674971690681,0.9318436980247498,0.4384804368019104,229890.03125,0.0201263427734375,10552.0,0.007846832275390625,4114.0,0.011358261108398438,5955.0,0.0,0,0.4586067795753479,240442.03125,5000,1000
othim14,full,1,0,1,0.0008,36.323478022395655,0.4415375590324402,231492.84375,36.31334903048128,0.9317928552627563,0.44274598360061646,232126.40625,0.019924163818359375,10446.0,0.008882522583007812,4657.0,0.010005950927734375,5246.0,0.0,0,0.46267014741897583,242572.40625,5000,1000
othim15,full,1,0,1,0.0008,36.23296062682281,0.4458565413951874,233757.234375,36.217555483543634,0.9307891726493835,0.44634222984313965,234011.875,0.020112991333007812,10545.0,0.00901031494140625,4724.0,0.010301589965820312,5401.0,0.0,0,0.46645522117614746,244556.875,5000,1000
othim16,full,1,0,1,0.0008,37.12084963501484,0.40130293369293213,210398.3125,37.10375516142344,0.9468339681625366,0.4018765389919281,210699.046875,0.020559310913085938,10779.0,0.009019851684570312,4729.0,0.0106353759765625,5576.0,0.0,0,0.42243584990501404,221478.046875,5000,1000
othim17,full,1,0,1,0.0008,36.94754206577039,0.41356486082077026,216827.09375,36.92026570687051,0.9445273280143738,0.4138258099555969,216963.90625,0.020660400390625,10832.0,0.009922027587890625,5202.0,0.010076522827148438,5283.0,0.0,0,0.4344862103462219,227795.90625,5000,1000
othim18,full,1,0,1,0.0008,37.01812413428436,0.4121898114681244,216106.171875,37.00310321410065,0.9462013244628906,0.4134276211261749,216755.140625,0.02014923095703125,10564.0,0.009044647216796875,4742.0,0.010049819946289062,5269.0,0.0,0,0.4335768520832062,227319.140625,5000,1000
othim19,full,1,0,1,0.0008,34.31046252665734,0.9154239892959595,479945.8125,34.3011381025917,0.9440255165100098,0.9166997671127319,480614.6875,0.020051956176757812,10513.0,0.008642196655273438,4531.0,0.010625839233398438,5571.0,0.0,0,0.9367517232894897,491127.6875,5000,1000
othim20,full,1,0,1,0.0008,34.21998370637149,0.9087895154953003,476467.4375,34.214455919218075,0.940760612487793,0.9098196029663086,477007.5,0.021142959594726562,11085.0,0.008905410766601562,4669.0,0.011415481567382812,5985.0,0.0,0,0.9309625625610352,488092.5,5000,1000
othim21,full,1,0,1,0.0008,34.17927458132494,0.9144682288169861,479444.71875,34.173027143562955,0.9416767954826355,0.9146920442581177,479562.0625,0.022388458251953125,11738.0,0.009944915771484375,5214.0,0.011655807495117188,6111.0,0.0,0,0.9370805025100708,491300.0625,5000,1000
othim22,full,1,0,1,0.0008,35.947727519856535,0.46945083141326904,246127.4375,35.937944865882564,0.9348348379135132,0.4697262942790985,246271.859375,0.02196502685546875,11516.0,0.009813308715820312,5145.0,0.011219024658203125,5882.0,0.0,0,0.49169132113456726,257787.859375,5000,1000
othim23,full,1,0,1,0.0008,35.885783850756674,0.5679444670677185,297766.46875,35.877228741265874,0.9471704363822937,0.5689940452575684,298316.75,0.020620346069335938,10811.0,0.009052276611328125,4746.0,0.010494232177734375,5502.0,0.0,0,0.5896143913269043,309127.75,5000,1000
othim24,full,1,0,1,0.0008,35.14012973597412,0.7452854514122009,390744.21875,35.13392550506915,0.9450990557670593,0.7456263899803162,390922.96875,0.02178192138671875,11420.0,0.009860992431640625,5170.0,0.0109710693359375,5752.0,0.0,0,0.7674083113670349,402342.96875,5000,1000
othim25,full,1,0,1,0.0008,32.8542154747953,0.9495462775230408,497835.71875,32.84902793043194,0.928435742855072,0.9497695565223694,497952.78125,0.021976470947265625,11522.0,0.009828567504882812,5153.0,0.0112152099609375,5880.0,0.0,0,0.971746027469635,509474.78125,5000,1000
othim26,full,1,0,1,0.0008,32.797592532695646,0.9545438289642334,500455.875,32.79280716125203,0.9284273982048035,0.9558349847793579,501132.8125,0.02130889892578125,11172.0,0.008836746215820312,4633.0,0.01152801513671875,6044.0,0.0,0,0.9771438837051392,512304.8125,5000,1000
othim27,full,1,0,1,0.0008,33.21372602194509,0.8563641309738159,448981.4375,33.20441392691652,0.9201769828796387,0.856509268283844,449057.53125,0.020965576171875,10992.0,0.009798049926757812,5137.0,0.010251998901367188,5375.0,0.0,0,0.877474844455719,460049.53125,5000,1000
othim28,full,1,0,1,0.0008,34.76724864386336,0.8706401586532593,456466.1875,34.758734232449804,0.9463326334953308,0.8712477087974548,456784.71875,0.020174026489257812,10577.0,0.00907135009765625,4756.0,0.010320663452148438,5411.0,0.0,0,0.8914217352867126,467361.71875,5000,1000
othim29,full,1,0,1,0.0008,34.90027497143591,0.8159050345420837,427769.21875,34.893194837116255,0.9400970339775085,0.8164305686950684,428044.75,0.020450592041015625,10722.0,0.009075164794921875,4758.0,0.01035308837890625,5428.0,0.0,0,0.836881160736084,438766.75,5000,1000
othim30,full,1,0,1,0.0008,34.6549983153135,0.8719891309738159,457173.4375,34.63960160444072,0.9455534219741821,0.8730924129486084,457751.875,0.020130157470703125,10554.0,0.009052276611328125,4746.0,0.010272979736328125,5386.0,0.0,0,0.8932225704193115,468305.875,5000,1000
othim01,full,1,1,1,0.0006,36.105952392915434,0.6628912687301636,347545.9375,36.100245764814055,0.9379066228866577,0.6639021039009094,348075.90625,0.022678375244140625,11890.0,0.008726119995117188,4575.0,0.013011932373046875,6822.0,0.0,0,0.68658047914505,359965.90625,5000,1000
othim02,full,1,1,1,0.0006,35.926667247268426,0.6724353432655334,352549.78125,35.92096208607679,0.9359082579612732,0.6728107929229736,352746.625,0.023738861083984375,12446.0,0.009822845458984375,5150.0,0.013086318969726562,6861.0,0.0,0,0.696549654006958,365192.625,5000,1000
othim03,full,1,1,1,0.0006,35.69646577239727,0.6885985136032104,361023.9375,35.682059367014936,0.9346789121627808,0.6887704133987427,361114.0625,0.023420333862304688,12279.0,0.009820938110351562,5149.0,0.012786865234375,6704.0,0.0,0,0.7121907472610474,373393.0625,5000,1000
othim04,full,1,1,1,0.0006,34.70237928362943,1.3230597972869873,693664.375,34.69088395812196,0.9577203989028931,1.3245446681976318,694442.875,0.021821975708007812,11441.0,0.008798599243164062,4613.0,0.012109756469726562,6349.0,0.0,0,1.3463666439056396,705883.875,5000,1000
othim05,full,1,1,1,0.0006,35.431400677285055,1.1034924983978271,578547.875,35.42864122435279,0.952204167842865,1.1036930084228516,578653.0,0.0249481201171875,13080.0,0.009782791137695312,5129.0,0.014232635498046875,7462.0,0.0,0,1.128641128540039,591733.0,5000,1000
othim06,full,1,1,1,0.0006,35.28985486322719,1.076673984527588,564487.25,35.280891020377666,0.9503412246704102,1.0776976346969604,565023.9375,0.022516250610351562,11805.0,0.008760452270507812,4593.0,0.0129547119140625,6792.0,0.0,0,1.100213885307312,576828.9375,5000,1000
othim07,full,1,1,1,0.0006,37.16218583542892,0.4992757737636566,261764.296875,37.13915570169193,0.9490923285484314,0.49965396523475647,261962.578125,0.021999359130859375,11534.0,0.009885787963867188,5183.0,0.011178970336914062,5861.0,0.0,0,0.5216533243656158,273496.578125,5000,1000
othim08,full,1,1,1,0.0006,37.180321783477275,0.4670613408088684,244874.65625,37.17604009829244,0.9477224349975586,0.46756911277770996,245140.875,0.025409698486328125,13322.0,0.0099029541015625,5192.0,0.01432037353515625,7508.0,0.0,0,0.4929788112640381,258462.875,5000,1000
othim09,full,1,1,1,0.0006,37.24107017234973,0.4801531732082367,251738.546875,37.23190251565676,0.9480241537094116,0.4811425507068634,252257.265625,0.022785186767578125,11946.0,0.008640289306640625,4530.0,0.013189315795898438,6915.0,0.0,0,0.5039277374744415,264203.265625,5000,1000
othim10,full,1,1,1,0.0006,35.94418045845042,0.6397002935409546,335387.1875,35.94155454351568,0.9309170246124268,0.6398940086364746,335488.75,0.023431777954101562,12285.0,0.009746551513671875,5110.0,0.012639999389648438,6627.0,0.0,0,0.6633257865905762,347773.75,5000,1000
othim11,full,1,1,1,0.0006,36.01102693526421,0.7382889986038208,387076.0625,36.00652362286592,0.9384903907775879,0.7406787872314453,388329.0,0.021596908569335938,11323.0,0.0078887939453125,4136.0,0.012767791748046875,6694.0,0.0,0,0.7622756958007812,399652.0,5000,1000
othim12,full,1,1,1,0.0006,35.86128323581988,0.7643362283706665,400732.3125,35.84300004687955,0.9402108192443848,0.7653307914733887,401253.75,0.021312713623046875,11174.0,0.008861541748046875,4646.0,0.011632919311523438,6099.0,0.0,0,0.7866435050964355,412427.75,5000,1000
othim13,full,1,1,1,0.0006,37.014211634038624,0.5009331703186035,262633.25,36.99433173270723,0.9398511648178101,0.5023401379585266,263370.90625,0.021116256713867188,11071.0,0.008836746215820312,4633.0,0.011407852172851562,5981.0,0.0,0,0.5234563946723938,274441.90625,5000,1000
othim14,full,1,1,1,0.0006,36.95994356256111,0.5174069404602051,271270.25,36.93674289904092,0.9388262629508972,0.5181423425674438,271655.8125,0.02140045166015625,11220.0,0.008882522583007812,4657.0,0.01174163818359375,6156.0,0.0,0,0.5395427942276001,282875.8125,5000,1000
othim15,full,1,1,1,0.0006,36.96388017738382,0.5186646580696106,271929.65625,36.94857776184957,0.9399557113647461,0.5191850662231445,272202.5,0.0222930908203125,11688.0,0.009778976440429688,5127.0,0.01149749755859375,6028.0,0.0,0,0.541478157043457,283890.5,5000,1000
othim16,full,1,1,1,0.0006,37.87615231654732,0.4526247978210449,237305.75,37.85869363336589,0.9526305198669434,0.45362648367881775,237830.921875,0.0215606689453125,11304.0,0.0089111328125,4672.0,0.011739730834960938,6155.0,0.0,0,0.47518715262413025,249134.921875,5000,1000
othim17,full,1,1,1,0.0006,37.75952719815948,0.47445207834243774,248749.53125,37.73191266862391,0.9517883062362671,0.4747045338153839,248881.890625,0.022777557373046875,11942.0,0.009853363037109375,5166.0,0.012025833129882812,6305.0,0.0,0,0.4974820911884308,260823.890625,5000,1000
othim18,full,1,1,1,0.0006,37.72883443746256,0.46490728855133057,243745.3125,37.71572916121696,0.9520354270935059,0.46569108963012695,244156.25,0.021636962890625,11344.0,0.0088653564453125,4648.0,0.011747360229492188,6159.0,0.0,0,0.48732805252075195,255500.25,5000,1000
othim19,full,1,1,1,0.0006,35.203951720509146,1.0206408500671387,535109.75,35.188341905642915,0.9533316493034363,1.021346926689148,535479.9375,0.020864486694335938,10939.0,0.008604049682617188,4511.0,0.011455535888671875,6006.0,0.0,0,1.0422114133834839,546418.9375,5000,1000
othim20,full,1,1,1,0.0006,35.214097897199004,1.023066520690918,536381.5,35.2109097192559,0.9518970251083374,1.0232739448547363,536490.25,0.024263381958007812,12721.0,0.009746551513671875,5110.0,0.013353347778320312,7001.0,0.0,0,1.0475373268127441,549211.25,5000,1000
othim21,full,1,1,1,0.0006,35.225189431445884,1.0372345447540283,543809.625,35.21000324575919,0.9530546069145203,1.038124918937683,544276.4375,0.021396636962890625,11218.0,0.00867462158203125,4548.0,0.011930465698242188,6255.0,0.0,0,1.0595215559005737,555494.4375,5000,1000
othim22,full,1,1,1,0.0006,36.61097780531733,0.548841118812561,287750.8125,36.58550403361664,0.9414350390434265,0.5501711368560791,288448.125,0.021516799926757812,11281.0,0.008768081665039062,4597.0,0.01184844970703125,6212.0,0.0,0,0.5716879367828369,299729.125,5000,1000
othim23,full,1,1,1,0.0006,36.639404752836924,0.6665586829185486,349468.71875,36.62792856830612,0.9525935649871826,0.6673688292503357,349893.46875,0.024015426635742188,12591.0,0.01004791259765625,5268.0,0.012996673583984375,6814.0,0.0,0,0.6913842558860779,362484.46875,5000,1000
othim24,full,1,1,1,0.0006,36.028282952925025,0.8233603239059448,431677.9375,36.012567997276335,0.9509360790252686,0.8236275911331177,431818.0625,0.02297210693359375,12044.0,0.009935379028320312,5209.0,0.012115478515625,6352.0,0.0,0,0.8465996980667114,443862.0625,5000,1000
othim25,full,1,1,1,0.0006,33.52516499866473,1.0738930702209473,563029.25,33.51455818618809,0.9384105205535889,1.0744991302490234,563347.0,0.022397994995117188,11743.0,0.009616851806640625,5042.0,0.011934280395507812,6257.0,0.0,0,1.0968971252441406,575090.0,5000,1000
othim26,full,1,1,1,0.0006,33.45437042852744,1.0904676914215088,571719.125,33.447027965024674,0.9376050233840942,1.0907742977142334,571879.875,0.023515701293945312,12329.0,0.009790420532226562,5133.0,0.012792587280273438,6707.0,0.0,0,1.1142899990081787,584208.875,5000,1000
othim27,full,1,1,1,0.0006,33.86149917672525,0.9708530902862549,509006.625,33.854740693137934,0.9301106333732605,0.9711775779724121,509176.75,0.022747039794921875,11926.0,0.009983062744140625,5234.0,0.011713027954101562,6141.0,0.0,0,0.993924617767334,521102.75,5000,1000
othim28,full,1,1,1,0.0006,35.64623282018792,0.9599837064743042,503307.9375,35.63903659318087,0.9535974860191345,0.9605075120925903,503582.5625,0.023935317993164062,12549.0,0.00980377197265625,5140.0,0.013345718383789062,6997.0,0.0,0,0.9844428300857544,516131.5625,5000,1000
othim29,full,1,1,1,0.0006,35.79640375218576,0.9073691964149475,475722.78125,35.788722143957465,0.9485732316970825,0.9081791639328003,476147.4375,0.021717071533203125,11386.0,0.008958816528320312,4697.0,0.01187896728515625,6228.0,0.0,0,0.9298962354660034,487533.4375,5000,1000
othim30,full,1,1,1,0.0006,35.634678367025295,0.989119291305542,518583.375,35.618810495571296,0.9536226987838745,0.9901430606842041,519120.125,0.021327972412109375,11182.0,0.008836746215820312,4633.0,0.011592864990234375,6078.0,0.0,0,1.0114710330963135,530302.125,5000,1000
othim01,full,1,1,1,0.0008,35.343368500658066,0.5835309624671936,305938.28125,35.339580139269884,0.9298596382141113,0.5844277739524841,306408.46875,0.023012161254882812,12065.0,0.008840560913085938,4635.0,0.013116836547851562,6877.0,0.0,0,0.6074399352073669,318473.46875,5000,1000
othim02,full,1,1,1,0.0008,35.10011663908141,0.5810685157775879,304647.25,35.09454353068367,0.9271235466003418,0.5820927023887634,305184.21875,0.022687911987304688,11895.0,0.008726119995117188,4575.0,0.013025283813476562,6829.0,0.0,0,0.6047806143760681,317079.21875,5000,1000
othim03,full,1,1,1,0.0008,35.01990488224238,0.5865289568901062,307510.09375,34.99015834499179,0.9256658554077148,0.5877794027328491,308165.6875,0.021196365356445312,11113.0,0.008823394775390625,4626.0,0.011592864990234375,6078.0,0.0,0,0.6089757680892944,319278.6875,5000,1000
othim04,full,1,1,1,0.0008,33.649569206073245,1.2086448669433594,633678.0,33.64102236924602,0.9478254318237305,1.2091481685638428,633941.875,0.022609710693359375,11854.0,0.009691238403320312,5081.0,0.011888504028320312,6233.0,0.0,0,1.2317578792572021,645795.875,5000,1000
othim05,full,1,1,1,0.0008,34.36020573182228,0.975355863571167,511367.375,34.34277883180769,0.9405585527420044,0.9760123491287231,511711.5625,0.022012710571289062,11541.0,0.008878707885742188,4655.0,0.012090682983398438,6339.0,0.0,0,0.9980250597000122,523252.5625,5000,1000
othim06,full,1,1,1,0.0008,34.29139601440053,0.9569641351699829,501724.8125,34.28548709330732,0.9386540651321411,0.9573128819465637,501907.65625,0.023714065551757812,12433.0,0.009771347045898438,5123.0,0.013132095336914062,6885.0,0.0,0,0.9810269474983215,514340.65625,5000,1000
othim07,full,1,1,1,0.0008,36.44130326648361,0.43390342593193054,227490.359375,36.41889976871507,0.9435242414474487,0.43466728925704956,227890.84375,0.021381378173828125,11210.0,0.008817672729492188,4623.0,0.011631011962890625,6098.0,0.0,0,0.4560486674308777,239100.84375,5000,1000
othim08,full,1,1,1,0.0008,36.4995490748725,0.4071541726589203,213466.046875,36.487292937844565,0.9425046443939209,0.40803980827331543,213930.375,0.022573471069335938,11835.0,0.008792877197265625,4610.0,0.012933731079101562,6781.0,0.0,0,0.43061327934265137,225765.375,5000,1000
othim09,full,1,1,1,0.0008,36.528452616201804,0.4283767342567444,224592.78125,36.4813776245075,0.9421891570091248,0.42883968353271484,224835.5,0.020908355712890625,10962.0,0.0096893310546875,5080.0,0.010271072387695312,5385.0,0.0,0,0.44974803924560547,235797.5,5000,1000
othim10,full,1,1,1,0.0008,35.25377960795664,0.5438196659088135,285118.125,35.24637091821133,0.9201118350028992,0.5446107387542725,285532.875,0.022874832153320312,11993.0,0.00899505615234375,4716.0,0.01282501220703125,6724.0,0.0,0,0.5674855709075928,297525.875,5000,1000
othim11,full,1,1,1,0.0008,35.10187353757461,0.6311869621276855,330923.75,35.08041877182054,0.9263838529586792,0.6316107511520386,331145.9375,0.021137237548828125,11082.0,0.00899505615234375,4716.0,0.0112152099609375,5880.0,0.0,0,0.6527479887008667,342227.9375,5000,1000
othim12,full,1,1,1,0.0008,34.83868545057209,0.6769561767578125,354920.0,34.82615038174722,0.926842212677002,0.6773736476898193,355138.875,0.021581649780273438,11315.0,0.008878707885742188,4655.0,0.01178741455078125,6180.0,0.0,0,0.6989552974700928,366453.875,5000,1000
othim13,full,1,1,1,0.0008,36.29037459263576,0.42697787284851074,223859.375,36.28215352062865,0.9320374727249146,0.4282763600349426,224540.15625,0.021806716918945312,11433.0,0.008899688720703125,4666.0,0.011890411376953125,6234.0,0.0,0,0.45008307695388794,235973.15625,5000,1000
othim14,full,1,1,1,0.0008,36.17118261091006,0.436056911945343,228619.40625,36.15107583890784,0.9307872653007507,0.4368635416030884,229042.3125,0.021398544311523438,11219.0,0.008831024169921875,4630.0,0.01165771484375,6112.0,0.0,0,0.4582620859146118,240261.3125,5000,1000
othim15,full,1,1,1,0.0008,36.18829980070709,0.4457259774208069,233688.78125,36.174717220066334,0.9313527345657349,0.44781285524368286,234782.90625,0.020105361938476562,10541.0,0.0076885223388671875,4031.0,0.011501312255859375,6030.0,0.0,0,0.4679182171821594,245323.90625,5000,1000
othim16,full,1,1,1,0.0008,37.05288970103684,0.3946577310562134,206914.3125,37.023415964816884,0.9462475180625916,0.39513474702835083,207164.40625,0.02164459228515625,11348.0,0.008966445922851562,4701.0,0.011774063110351562,6173.0,0.0,0,0.4167793393135071,218512.40625,5000,1000
othim17,full,1,1,1,0.0008,37.035445630731594,0.40302154421806335,211299.359375,37.02372375955511,0.9461187124252319,0.4037555158138275,211684.171875,0.021444320678710938,11243.0,0.008874893188476562,4653.0,0.011541366577148438,6051.0,0.0,0,0.42519983649253845,222927.171875,5000,1000
othim18,full,1,1,1,0.0008,37.0639279050393,0.4089556336402893,214410.53125,37.039314865204524,0.9460363388061523,0.40924742817878723,214563.515625,0.02231597900390625,11700.0,0.009914398193359375,5198.0,0.011487960815429688,6023.0,0.0,0,0.4315634071826935,226263.515625,5000,1000
othim19,full,1,1,1,0.0008,34.25204013969173,0.8997399806976318,471722.875,34.23318545118165,0.9433623552322388,0.9006436467170715,472196.65625,0.021249771118164062,11141.0,0.008869171142578125,4650.0,0.011720657348632812,6145.0,0.0,0,0.9218934178352356,483337.65625,5000,1000
othim20,full,1,1,1,0.0008,34.16727657385342,0.9039841890335083,473948.0625,34.15783842699452,0.9411396384239197,0.904273271560669,474099.625,0.022838592529296875,11974.0,0.009830474853515625,5154.0,0.012079238891601562,6333.0,0.0,0,0.9271118640899658,486073.625,5000,1000
othim21,full,1,1,1,0.0008,34.20248916196044,0.9105867743492126,477409.71875,34.18964983248837,0.9419543147087097,0.9116475582122803,477965.875,0.021457672119140625,11250.0,0.008955001831054688,4695.0,0.011709213256835938,6139.0,0.0,0,0.9331052303314209,489215.875,5000,1000
othim22,full,1,1,1,0.0008,35.799188097341435,0.4776279926300049,250414.625,35.79283586574114,0.9323596954345703,0.4782120883464813,250720.859375,0.02392578125,12544.0,0.010042190551757812,5265.0,0.01270294189453125,6660.0,0.0,0,0.5021378695964813,263264.859375,5000,1000
othim23,full,1,1,1,0.0008,35.747259187733505,0.5750762224197388,301505.5625,35.7279162447168,0.9461545348167419,0.5759247541427612,301950.4375,0.021577835083007812,11313.0,0.0089111328125,4672.0,0.01171112060546875,6140.0,0.0,0,0.597502589225769,313263.4375,5000,1000
othim24,full,1,1,1,0.0008,35.084266871010776,0.7336603403091431,384649.3125,35.07508770692734,0.9449005126953125,0.7344549894332886,385065.9375,0.0233917236328125,12264.0,0.008981704711914062,4709.0,0.013240814208984375,6942.0,0.0,0,0.7578467130661011,397329.9375,5000,1000
othim25,full,1,1,1,0.0008,32.84450975628507,0.9514061212539673,498810.8125,32.82750690461314,0.9290380477905273,0.9525402784347534,499405.4375,0.02053070068359375,10764.0,0.00885772705078125,4644.0,0.0108642578125,5696.0,0.0,0,0.9730709791183472,510169.4375,5000,1000
othim26,full,1,1,1,0.0008,32.80230857047044,0.9582781195640564,502413.71875,32.79317033071225,0.928801953792572,0.9595109820365906,503060.09375,0.02117919921875,11104.0,0.008777618408203125,4602.0,0.011358261108398438,5955.0,0.0,0,0.9806901812553406,514164.09375,5000,1000
othim27,full,1,1,1,0.0008,33.17123345019644,0.8381755948066711,439445.40625,33.164269008093974,0.9191276431083679,0.8387514352798462,439747.3125,0.023748397827148438,12451.0,0.0098114013671875,5144.0,0.01300048828125,6816.0,0.0,0,0.8624998331069946,452198.3125,5000,1000
othim28,full,1,1,1,0.0008,34.768012016903675,0.8704478144645691,456365.34375,34.763579347076316,0.946537435054779,0.8710613250732422,456687.0,0.021818161010742188,11439.0,0.008966445922851562,4701.0,0.011835098266601562,6205.0,0.0,0,0.8928794860839844,468126.0,5000,1000
othim29,full,1,1,1,0.0008,34.91242636787122,0.8289291858673096,434597.625,34.90136980954757,0.9395729899406433,0.8291007280349731,434687.5625,0.02230072021484375,11692.0,0.009946823120117188,5215.0,0.0115814208984375,6072.0,0.0,0,0.8514014482498169,446379.5625,5000,1000
othim30,full,1,1,1,0.0008,34.73639440590977,0.8823258280754089,462592.84375,34.72113579076923,0.9458679556846619,0.8828153610229492,462849.5,0.02132415771484375,11180.0,0.008813858032226562,4621.0,0.011602401733398438,6083.0,0.0,0,0.904139518737793,474029.5,5000,1000
othim01,erp,0,0,1,0.0006,35.45152233072181,0.6011195778846741,315159.78125,35.44140447778407,0.9326043128967285,0.6024425029754639,315853.375,0.021526336669921875,11286.0,0.00881195068359375,4620.0,0.011629104614257812,6097.0,0.0,0,0.6239688396453857,327139.375,5000,1000
othim02,erp,0,0,1,0.0006,35.40377322236024,0.6261047720909119,328259.21875,35.396726508267264,0.9321091175079346,0.6267973184585571,328622.3125,0.02127838134765625,11156.0,0.008890151977539062,4661.0,0.011571884155273438,6067.0,0.0,0,0.6480756998062134,339778.3125,5000,1000
othim03,erp,0,0,1,0.0006,35.229149068365366,0.6492916941642761,340415.84375,35.217836352978736,0.9289268255233765,0.6496037244796753,340579.4375,0.020854949951171875,10934.0,0.009706497192382812,5089.0,0.010227203369140625,5362.0,0.0,0,0.6704586744308472,351513.4375,5000,1000
othim04,erp,0,0,1,0.0006,34.21518437699708,1.2883119583129883,675446.5,34.20972812463207,0.9538423418998718,1.289318323135376,675974.125,0.021223068237304688,11127.0,0.008649826049804688,4535.0,0.011529922485351562,6045.0,0.0,0,1.3105413913726807,687101.125,5000,1000
othim05,erp,0,0,1,0.0006,34.68059150446229,1.1073479652404785,580569.25,34.67777564864761,0.9445903301239014,1.107574224472046,580687.875,0.021947860717773438,11507.0,0.00974273681640625,5108.0,0.011285781860351562,5917.0,0.0,0,1.1295220851898193,592194.875,5000,1000
othim06,erp,0,0,1,0.0006,34.681192160382984,1.0904316902160645,571700.25,34.675069072973066,0.9439069032669067,1.0916411876678467,572334.375,0.02053070068359375,10764.0,0.008718490600585938,4571.0,0.010889053344726562,5709.0,0.0,0,1.1121718883514404,583098.375,5000,1000
othim07,erp,0,0,1,0.0006,36.46434001203475,0.44620949029922485,233942.28125,36.4580884900169,0.9446712732315063,0.44672298431396484,234211.5,0.022462844848632812,11777.0,0.0098876953125,5184.0,0.01149749755859375,6028.0,0.0,0,0.46918582916259766,245988.5,5000,1000
othim08,erp,0,0,1,0.0006,36.63460822130177,0.4115678071975708,215780.0625,36.63191079888227,0.9449199438095093,0.41230809688568115,216168.1875,0.021465301513671875,11254.0,0.008878707885742188,4655.0,0.01165771484375,6112.0,0.0,0,0.433773398399353,227422.1875,5000,1000
othim09,erp,0,0,1,0.0006,36.4368615877054,0.4597022533416748,241016.375,36.429923656839776,0.9436818957328796,0.45998358726501465,241163.875,0.022531509399414062,11813.0,0.009981155395507812,5233.0,0.011720657348632812,6145.0,0.0,0,0.4825150966644287,252976.875,5000,1000
othim10,erp,0,0,1,0.0006,35.0861363009154,0.5743760466575623,301138.46875,35.07880191279559,0.9191843271255493,0.5753941535949707,301672.25,0.020303726196289062,10645.0,0.0086517333984375,4536.0,0.0106201171875,5568.0,0.0,0,0.5956978797912598,312317.25,5000,1000
othim11,erp,0,0,1,0.0006,35.17821150666011,0.6427966356277466,337010.5625,35.171749888742504,0.9259800910949707,0.6436420679092407,337453.8125,0.02114105224609375,11084.0,0.008680343627929688,4551.0,0.011526107788085938,6043.0,0.0,0,0.6647831201553345,348537.8125,5000,1000
othim12,erp,0,0,1,0.0006,34.96969199451538,0.7159160375595093,375346.1875,34.963341577387496,0.9284968376159668,0.7164342999458313,375617.90625,0.020923614501953125,10970.0,0.008861541748046875,4646.0,0.011112213134765625,5826.0,0.0,0,0.7373579144477844,386587.90625,5000,1000
othim13,erp,0,0,1,0.0006,36.31774342113372,0.48313289880752563,253300.78125,36.30551759467878,0.936165452003479,0.48392927646636963,253718.3125,0.020193099975585938,10587.0,0.00885009765625,4640.0,0.010318756103515625,5410.0,0.0,0,0.5041223764419556,264305.3125,5000,1000
othim14,erp,0,0,1,0.0006,36.487414867910694,0.4642762839794159,243414.484375,36.472240601193974,0.9378452301025391,0.46493077278137207,243757.625,0.02062225341796875,10812.0,0.00896453857421875,4700.0,0.010637283325195312,5577.0,0.0,0,0.4855530261993408,254569.625,5000,1000
othim15,erp,0,0,1,0.0006,36.31049379186759,0.4800555109977722,251687.34375,36.294123064121514,0.9361482858657837,0.4818425178527832,252624.25,0.01983642578125,10400.0,0.008089065551757812,4241.0,0.0106964111328125,5608.0,0.0,0,0.5016789436340332,263024.25,5000,1000
othim16,erp,0,0,1,0.0006,37.00680999624089,0.41684114933013916,218544.8125,37.00159381437356,0.9469585418701172,0.4176323413848877,218959.625,0.021291732788085938,11163.0,0.00888824462890625,4660.0,0.011486053466796875,6022.0,0.0,0,0.43892407417297363,230122.625,5000,1000
othim17,erp,0,0,1,0.0006,37.11621264279116,0.4280740022659302,224434.0625,37.10262609861829,0.9468724131584167,0.42862117290496826,224720.9375,0.020189285278320312,10585.0,0.00882720947265625,4628.0,0.010555267333984375,5534.0,0.0,0,0.4488104581832886,235305.9375,5000,1000
othim18,erp,0,0,1,0.0006,37.01389197184809,0.43947452306747437,230411.21875,37.00297034502407,0.9462540149688721,0.44033825397491455,230864.0625,0.021062850952148438,11043.0,0.008825302124023438,4627.0,0.011444091796875,6000.0,0.0,0,0.461401104927063,241907.0625,5000,1000
othim19,erp,0,0,1,0.0006,34.65712229675848,1.0142090320587158,531737.625,34.65335269596726,0.9487795829772949,1.0153632164001465,532342.75,0.021364212036132812,11201.0,0.008640289306640625,4530.0,0.011814117431640625,6194.0,0.0,0,1.0367274284362793,543543.75,5000,1000
othim20,erp,0,0,1,0.0006,34.51045054696256,1.0138578414916992,531553.5,34.502293329211994,0.9458977580070496,1.0149955749511719,532150.0,0.020816802978515625,10914.0,0.00881195068359375,4620.0,0.010951995849609375,5742.0,0.0,0,1.0358123779296875,543064.0,5000,1000
othim21,erp,0,0,1,0.0006,34.5355669946667,1.0703818798065186,561188.375,34.53196867933959,0.9454455375671387,1.0712270736694336,561631.5,0.022027969360351562,11549.0,0.00982666015625,5152.0,0.011396408081054688,5975.0,0.0,0,1.0932550430297852,573180.5,5000,1000
othim22,erp,0,0,1,0.0006,36.1547031918713,0.5173938870429993,271263.40625,36.152505444968995,0.9356790781021118,0.5186213254928589,271906.9375,0.022296905517578125,11690.0,0.008859634399414062,4645.0,0.012508392333984375,6558.0,0.0,0,0.540918231010437,283596.9375,5000,1000
othim23,erp,0,0,1,0.0006,35.9303370615005,0.6219782829284668,326095.75,35.90900366116895,0.9461328387260437,0.623062252998352,326664.0625,0.020624160766601562,10813.0,0.008752822875976562,4589.0,0.011014938354492188,5775.0,0.0,0,0.6436864137649536,337477.0625,5000,1000
othim24,erp,0,0,1,0.0006,35.528143107616124,0.7807148098945618,409319.40625,35.52445861608686,0.9484338760375977,0.781104326248169,409523.625,0.023557662963867188,12351.0,0.009954452514648438,5219.0,0.012662887573242188,6639.0,0.0,0,0.8046619892120361,421874.625,5000,1000
othim25,erp,0,0,1,0.0006,33.07833492869883,1.0566496849060059,553988.75,33.07525636294087,0.9346133470535278,1.0571212768554688,554236.0,0.021183013916015625,11106.0,0.008794784545898438,4611.0,0.011447906494140625,6002.0,0.0,0,1.0783042907714844,565342.0,5000,1000
othim26,erp,0,0,1,0.0006,33.14346390815721,1.0396902561187744,545097.125,33.14086629322912,0.9359531402587891,1.0410306453704834,545799.875,0.021696090698242188,11375.0,0.008825302124023438,4627.0,0.011926651000976562,6253.0,0.0,0,1.0627267360687256,557174.875,5000,1000
othim27,erp,0,0,1,0.0006,33.26856945845051,0.9189430475234985,481790.8125,33.26419734921236,0.9263536334037781,0.9201622009277344,482430.0,0.021036148071289062,11029.0,0.008701324462890625,4562.0,0.011280059814453125,5914.0,0.0,0,0.9411983489990234,493459.0,5000,1000
othim28,erp,0,0,1,0.0006,34.98793516695001,0.9457946419715881,495868.78125,34.98400886500688,0.949206531047821,0.9462356567382812,496100.0,0.021953582763671875,11510.0,0.0096282958984375,5048.0,0.011533737182617188,6047.0,0.0,0,0.9681892395019531,507610.0,5000,1000
othim29,erp,0,0,1,0.0006,35.295088915747556,0.8714345693588257,456882.6875,35.28092843787403,0.9429799318313599,0.8720663785934448,457213.9375,0.020269393920898438,10627.0,0.0089569091796875,4696.0,0.010408401489257812,5457.0,0.0,0,0.8923357725143433,467840.9375,5000,1000
othim30,erp,0,0,1,0.0006,35.04539780337932,0.9671825170516968,507082.1875,35.03632501635779,0.9490601420402527,0.967837929725647,507425.8125,0.019727706909179688,10343.0,0.008653640747070312,4537.0,0.010284423828125,5392.0,0.0,0,0.9875656366348267,517768.8125,5000,1000
othim01,erp,0,0,1,0.0008,34.62192646977517,0.5264816284179688,276028.0,34.60477889458653,0.9234186410903931,0.5271159410476685,276360.5625,0.020458221435546875,10726.0,0.009019851684570312,4729.0,0.010606765747070312,5561.0,0.0,0,0.5475741624832153,287086.5625,5000,1000
othim02,erp,0,0,1,0.0008,34.57960678708135,0.5427075624465942,284535.0625,34.566364452624846,0.9221794009208679,0.5439606308937073,285192.03125,0.02024078369140625,10612.0,0.008810043334960938,4619.0,0.010364532470703125,5434.0,0.0,0,0.5642014145851135,295804.03125,5000,1000
othim03,erp,0,0,1,0.0008,34.49537248137059,0.554015576839447,290463.71875,34.492669174621874,0.9208804965019226,0.5543594360351562,290644.0,0.022207260131835938,11643.0,0.009799957275390625,5138.0,0.01134490966796875,5948.0,0.0,0,0.5765666961669922,302287.0,5000,1000
othim04,erp,0,0,1,0.0008,33.16973249407658,1.135801076889038,595486.875,33.166174211295264,0.9419472217559814,1.1362193822860718,595706.1875,0.022369384765625,11728.0,0.009815216064453125,5146.0,0.011623382568359375,6094.0,0.0,0,1.1585887670516968,607434.1875,5000,1000
othim05,erp,0,0,1,0.0008,33.6962611887079,0.9335024356842041,489424.125,33.6915985053348,0.9320727586746216,0.934005618095398,489687.9375,0.021257400512695312,11145.0,0.0088043212890625,4616.0,0.011404037475585938,5979.0,0.0,0,0.9552630186080933,500832.9375,5000,1000
othim06,erp,0,0,1,0.0008,33.73203229387171,0.9041630029678345,474041.8125,33.72735284377368,0.9316545724868774,0.90486741065979,474411.125,0.021066665649414062,11045.0,0.008785247802734375,4606.0,0.011350631713867188,5951.0,0.0,0,0.9259340763092041,485456.125,5000,1000
othim07,erp,0,0,1,0.0008,35.69923822351946,0.38663455843925476,202707.859375,35.68633895724785,0.9384059906005859,0.3880302906036377,203439.625,0.020265579223632812,10625.0,0.008848190307617188,4639.0,0.01045989990234375,5484.0,0.0,0,0.4082958698272705,214064.625,5000,1000
othim08,erp,0,0,1,0.0008,35.759668120577686,0.3596971929073334,188584.921875,35.74708778214936,0.9378902316093445,0.36014145612716675,188817.84375,0.021303176879882812,11169.0,0.009922027587890625,5202.0,0.010324478149414062,5413.0,0.0,0,0.38144463300704956,199986.84375,5000,1000
othim09,erp,0,0,1,0.0008,35.58141806709259,0.3979000449180603,208614.21875,35.57426505601891,0.9352337718009949,0.3982812166213989,208814.0625,0.02246856689453125,11780.0,0.009857177734375,5168.0,0.011663436889648438,6115.0,0.0,0,0.4207497835159302,220594.0625,5000,1000
othim10,erp,0,0,1,0.0008,34.12583952592962,0.46449244022369385,243527.8125,34.122600918968324,0.9017380475997925,0.46533381938934326,243968.9375,0.021345138549804688,11191.0,0.008747100830078125,4586.0,0.011537551879882812,6049.0,0.0,0,0.48667895793914795,255159.9375,5000,1000
othim11,erp,0,0,1,0.0008,34.091473838307905,0.5504999756813049,288620.53125,34.0804714308785,0.909568190574646,0.5516452789306641,289221.0,0.02056884765625,10784.0,0.008863449096679688,4647.0,0.010509490966796875,5510.0,0.0,0,0.5722141265869141,300005.0,5000,1000
othim12,erp,0,0,1,0.0008,34.041212730597074,0.607524037361145,318517.5625,34.03801191794853,0.9126478433609009,0.607913076877594,318721.53125,0.022281646728515625,11682.0,0.009817123413085938,5147.0,0.011547088623046875,6054.0,0.0,0,0.6301947236061096,330403.53125,5000,1000
othim13,erp,0,0,1,0.0008,35.61066148544888,0.4018040895462036,210661.0625,35.604765079574825,0.9287959337234497,0.40303003787994385,211303.8125,0.021053314208984375,11038.0,0.0088348388671875,4632.0,0.011438369750976562,5997.0,0.0,0,0.4240833520889282,222341.8125,5000,1000
othim14,erp,0,0,1,0.0008,35.69697979634848,0.3996132016181946,209512.40625,35.68764459792812,0.9296950697898865,0.39974039793014526,209579.09375,0.021656036376953125,11354.0,0.009992599487304688,5239.0,0.0106201171875,5568.0,0.0,0,0.4213964343070984,220933.09375,5000,1000
othim15,erp,0,0,1,0.0008,35.47582020161576,0.4141145944595337,217115.3125,35.4635934298906,0.927698016166687,0.41441625356674194,217273.46875,0.021436691284179688,11239.0,0.009885787963867188,5183.0,0.01062774658203125,5572.0,0.0,0,0.43585294485092163,228512.46875,5000,1000
othim16,erp,0,0,1,0.0008,36.20769663841373,0.3821880519390106,200376.609375,36.18765444293123,0.9391728639602661,0.38344624638557434,201036.265625,0.02053070068359375,10764.0,0.008951187133789062,4693.0,0.010656356811523438,5587.0,0.0,0,0.4039769470691681,211800.265625,5000,1000
othim17,erp,0,0,1,0.0008,36.13391027288083,0.3747619092464447,196483.171875,36.12539038900795,0.9389998912811279,0.37581557035446167,197035.59375,0.02135467529296875,11196.0,0.0089111328125,4672.0,0.0116424560546875,6104.0,0.0,0,0.3971702456474304,208231.59375,5000,1000
othim18,erp,0,0,1,0.0008,36.22238314474759,0.3697059750556946,193832.40625,36.202276762005944,0.9396525621414185,0.37091296911239624,194465.21875,0.0204925537109375,10744.0,0.008731842041015625,4578.0,0.010843276977539062,5685.0,0.0,0,0.39140552282333374,205209.21875,5000,1000
othim19,erp,0,0,1,0.0008,33.69981219181326,0.8900222778320312,466628.0,33.67577875862716,0.9374406337738037,0.890484094619751,466870.125,0.02036285400390625,10676.0,0.009908676147460938,5195.0,0.0095367431640625,5000.0,0.0,0,0.9108469486236572,477546.125,5000,1000
othim20,erp,0,0,1,0.0008,33.71419628908287,0.8856431245803833,464332.0625,33.70833104946262,0.9352620840072632,0.8860012292861938,464519.8125,0.021839141845703125,11450.0,0.009883880615234375,5182.0,0.011053085327148438,5795.0,0.0,0,0.907840371131897,475969.8125,5000,1000
othim21,erp,0,0,1,0.0008,33.606057910242214,0.9090796709060669,476619.5625,33.60209866139517,0.9351751208305359,0.9098073840141296,477001.09375,0.020320892333984375,10654.0,0.008817672729492188,4623.0,0.010576248168945312,5545.0,0.0,0,0.930128276348114,487655.09375,5000,1000
othim22,erp,0,0,1,0.0008,35.348884186638735,0.4702818989753723,246563.15625,35.34071743372997,0.9272820949554443,0.47176653146743774,247341.53125,0.021030426025390625,11026.0,0.008602142333984375,4510.0,0.011373519897460938,5963.0,0.0,0,0.49279695749282837,258367.53125,5000,1000
othim23,erp,0,0,1,0.0008,35.06418734867182,0.5271860361099243,276397.3125,35.05708712460544,0.9394170641899109,0.5273253321647644,276470.34375,0.022844314575195312,11977.0,0.009950637817382812,5217.0,0.011793136596679688,6183.0,0.0,0,0.5501696467399597,288447.34375,5000,1000
othim24,erp,0,0,1,0.0008,34.605789784887044,0.6800097823143005,356520.96875,34.59254978155781,0.941318929195404,0.6805016994476318,356778.875,0.021558761596679688,11303.0,0.010013580322265625,5250.0,0.010471343994140625,5490.0,0.0,0,0.7020604610443115,368081.875,5000,1000
othim25,erp,0,0,1,0.0008,32.33004692102131,0.9140310883522034,479215.53125,32.3273260504779,0.9247342944145203,0.9149751663208008,479710.5,0.02161407470703125,11332.0,0.008846282958984375,4638.0,0.011819839477539062,6197.0,0.0,0,0.936589241027832,491042.5,5000,1000
othim26,erp,0,0,1,0.0008,32.37819477832995,0.9053844809532166,474682.21875,32.36906337568028,0.9263161420822144,0.9062212705612183,475120.9375,0.020494461059570312,10745.0,0.008920669555664062,4677.0,0.010646820068359375,5582.0,0.0,0,0.9267157316207886,485865.9375,5000,1000
othim27,erp,0,0,1,0.0008,32.48890039380259,0.7933046221733093,415920.09375,32.485273789209174,0.9137066602706909,0.7949534058570862,416784.53125,0.020160675048828125,10570.0,0.0077915191650390625,4085.0,0.01145172119140625,6004.0,0.0,0,0.8151140809059143,427354.53125,5000,1000
othim28,erp,0,0,1,0.0008,33.9886305326527,0.8247220516204834,432391.875,33.984593558986624,0.9394171237945557,0.8257009387016296,432905.09375,0.020351409912109375,10670.0,0.008787155151367188,4607.0,0.010646820068359375,5582.0,0.0,0,0.846052348613739,443575.09375,5000,1000
othim29,erp,0,0,1,0.0008,34.226109448552656,0.7888970375061035,413609.25,34.22075772294,0.9324682950973511,0.7895041108131409,413927.53125,0.020219802856445312,10601.0,0.008974075317382812,4705.0,0.010480880737304688,5495.0,0.0,0,0.8097239136695862,424528.53125,5000,1000
othim30,erp,0,0,1,0.0008,34.019921162908865,0.8387457728385925,439744.34375,34.01584969518811,0.9386754035949707,0.8397547006607056,440273.3125,0.021070480346679688,11047.0,0.008747100830078125,4586.0,0.011407852172851562,5981.0,0.0,0,0.8608251810073853,451320.3125,5000,1000
othim01,erp,0,1,1,0.0006,35.18588621950289,0.6513524055480957,341496.25,35.17583837140644,0.9302965998649597,0.6522793173789978,341982.21875,0.021722793579101562,11389.0,0.008852005004882812,4641.0,0.011957168579101562,6269.0,0.0,0,0.6740021109580994,353371.21875,5000,1000
othim02,erp,0,1,1,0.0006,35.3057559864154,0.6343768835067749,332596.1875,35.298509453226266,0.9303615093231201,0.635259211063385,333058.78125,0.022897720336914062,12005.0,0.008710861206054688,4567.0,0.013109207153320312,6873.0,0.0,0,0.6581569314002991,345063.78125,5000,1000
othim03,erp,0,1,1,0.0006,35.3202815091913,0.6252564191818237,327814.4375,35.31101354755868,0.9307155609130859,0.626218318939209,328318.75,0.022100448608398438,11587.0,0.0087738037109375,4600.0,0.012411117553710938,6507.0,0.0,0,0.6483187675476074,339905.75,5000,1000
othim04,erp,0,1,1,0.0006,34.2308419870704,1.304889440536499,684137.875,34.22374280360578,0.954176664352417,1.3052453994750977,684324.5,0.023378372192382812,12257.0,0.009717941284179688,5095.0,0.012475967407226562,6541.0,0.0,0,1.3286237716674805,696581.5,5000,1000
othim05,erp,0,1,1,0.0006,34.765674723489745,1.0833369493484497,567980.5625,34.760184064460894,0.9451841711997986,1.0837453603744507,568194.6875,0.02245330810546875,11772.0,0.009716033935546875,5094.0,0.01183319091796875,6204.0,0.0,0,1.1061986684799194,579966.6875,5000,1000
othim06,erp,0,1,1,0.0006,34.65896943484163,1.045938491821289,548373.0,34.652962943805264,0.9441813826560974,1.0463800430297852,548604.5,0.024028778076171875,12598.0,0.009765625,5120.0,0.013345718383789062,6997.0,0.0,0,1.070408821105957,561202.5,5000,1000
othim07,erp,0,1,1,0.0006,36.46597120349468,0.45095449686050415,236430.03125,36.4448609554857,0.9442561864852905,0.4514952301979065,236713.53125,0.023313522338867188,12223.0,0.010099411010742188,5295.0,0.012149810791015625,6370.0,0.0,0,0.4748087525367737,248936.53125,5000,1000
othim08,erp,0,1,1,0.0006,36.56757296671811,0.41491174697875977,217533.25,36.55069059033467,0.94530189037323,0.41624125838279724,218230.296875,0.022062301635742188,11567.0,0.008741378784179688,4583.0,0.012523651123046875,6566.0,0.0,0,0.43830356001853943,229797.296875,5000,1000
othim09,erp,0,1,1,0.0006,36.32956485283257,0.44665005803108215,234173.265625,36.31577169804648,0.942983090877533,0.4472685158252716,234497.515625,0.022129058837890625,11602.0,0.008914947509765625,4674.0,0.012256622314453125,6426.0,0.0,0,0.46939757466316223,246099.515625,5000,1000
othim10,erp,0,1,1,0.0006,35.17738081746142,0.5557351112365723,291365.25,35.17389073905597,0.9186641573905945,0.5567528009414673,291898.8125,0.02329254150390625,12212.0,0.008726119995117188,4575.0,0.013624191284179688,7143.0,0.0,0,0.5800453424453735,304110.8125,5000,1000
othim11,erp,0,1,1,0.0006,35.154219851822354,0.6401612758636475,335628.875,35.143689220386015,0.9271671175956726,0.6409899592399597,336063.34375,0.021886825561523438,11475.0,0.008876800537109375,4654.0,0.012205123901367188,6399.0,0.0,0,0.6628767848014832,347538.34375,5000,1000
othim12,erp,0,1,1,0.0006,35.01505403816534,0.7364034056663513,386087.46875,35.011130477159774,0.9293628931045532,0.7376006245613098,386715.15625,0.022853851318359375,11982.0,0.008756637573242188,4591.0,0.01318359375,6912.0,0.0,0,0.7604544758796692,398697.15625,5000,1000
othim13,erp,0,1,1,0.0006,36.4530941484187,0.46801459789276123,245374.4375,36.440097821051786,0.9368346929550171,0.4685956537723541,245679.078125,0.02205657958984375,11564.0,0.008998870849609375,4718.0,0.012125015258789062,6357.0,0.0,0,0.4906522333621979,257243.078125,5000,1000
othim14,erp,0,1,1,0.0006,36.47864905097101,0.4716801047325134,247296.21875,36.460671293987104,0.9379725456237793,0.4729045033454895,247938.15625,0.021509170532226562,11277.0,0.008928298950195312,4681.0,0.011798858642578125,6186.0,0.0,0,0.49441367387771606,259215.15625,5000,1000
othim15,erp,0,1,1,0.0006,36.401691973873305,0.46824008226394653,245492.65625,36.396551775869234,0.9372183680534363,0.46921175718307495,246002.09375,0.0233612060546875,12248.0,0.008905410766601562,4669.0,0.013441085815429688,7047.0,0.0,0,0.49257296323776245,258250.09375,5000,1000
othim16,erp,0,1,1,0.0006,37.04246549336242,0.427641361951828,224207.234375,37.03046751604478,0.9469819068908691,0.42950937151908875,225186.609375,0.021066665649414062,11045.0,0.0078887939453125,4136.0,0.0121307373046875,6360.0,0.0,0,0.4505760371685028,236231.609375,5000,1000
othim17,erp,0,1,1,0.0006,37.06813790859496,0.4357583522796631,228462.875,37.05110557550319,0.947386622428894,0.43683576583862305,229027.75,0.022298812866210938,11691.0,0.00885772705078125,4644.0,0.01251220703125,6560.0,0.0,0,0.459134578704834,240718.75,5000,1000
othim18,erp,0,1,1,0.0006,37.05334508745799,0.42998453974723816,225435.734375,37.043616838994524,0.9468268156051636,0.43085330724716187,225891.21875,0.023031234741210938,12075.0,0.008829116821289062,4629.0,0.01342010498046875,7036.0,0.0,0,0.4538845419883728,237966.21875,5000,1000
othim19,erp,0,1,1,0.0006,34.73336222354846,1.0073199272155762,528125.75,34.72532663824431,0.9489846229553223,1.0084772109985352,528732.5,0.021902084350585938,11483.0,0.0087738037109375,4600.0,0.0122222900390625,6408.0,0.0,0,1.030379295349121,540215.5,5000,1000
othim20,erp,0,1,1,0.0006,34.64598620663238,1.0004441738128662,524520.875,34.63308491327937,0.9461076259613037,1.0014264583587646,525035.875,0.021654129028320312,11353.0,0.008691787719726562,4557.0,0.012044906616210938,6315.0,0.0,0,1.023080587387085,536388.875,5000,1000
othim21,erp,0,1,1,0.0006,34.52564136736948,1.0225576162338257,536114.6875,34.516310892908045,0.946810245513916,1.0237184762954712,536723.3125,0.021877288818359375,11470.0,0.00884246826171875,4636.0,0.01224517822265625,6420.0,0.0,0,1.0455957651138306,548193.3125,5000,1000
othim22,erp,0,1,1,0.0006,35.9787925055328,0.5300027132034302,277874.0625,35.9687501156344,0.9339077472686768,0.5307886600494385,278286.125,0.0221099853515625,11592.0,0.008756637573242188,4591.0,0.012315750122070312,6457.0,0.0,0,0.552898645401001,289878.125,5000,1000
othim23,erp,0,1,1,0.0006,35.58237422064729,0.6341975927352905,332502.1875,35.575531678578955,0.9459176063537598,0.6346926689147949,332761.75,0.02420806884765625,12692.0,0.009876251220703125,5178.0,0.013484954833984375,7070.0,0.0,0,0.6589007377624512,345453.75,5000,1000
othim24,erp,0,1,1,0.0006,35.419987222027345,0.8098423480987549,424590.625,35.416518914158374,0.9463255405426025,0.8105394840240479,424956.125,0.0242462158203125,12712.0,0.00997161865234375,5228.0,0.013116836547851562,6877.0,0.0,0,0.8347856998443604,437668.125,5000,1000
othim25,erp,0,1,1,0.0006,33.11009743511051,1.0406064987182617,545577.5,33.10035167675531,0.9358104467391968,1.0409419536590576,545753.375,0.023244857788085938,12187.0,0.010040283203125,5264.0,0.012147903442382812,6369.0,0.0,0,1.0641868114471436,557940.375,5000,1000
othim26,erp,0,1,1,0.0006,33.07895971959463,1.0504200458526611,550722.625,33.069515509357075,0.936039388179779,1.0517855882644653,551438.5625,0.021799087524414062,11429.0,0.008810043334960938,4619.0,0.012054443359375,6320.0,0.0,0,1.0735846757888794,562867.5625,5000,1000
othim27,erp,0,1,1,0.0006,33.39278718068593,0.9338392615318298,489600.71875,33.38841957248716,0.9265918731689453,0.934926450252533,490170.71875,0.023096084594726562,12109.0,0.008636474609375,4528.0,0.013544082641601562,7101.0,0.0,0,0.9580225348472595,502279.71875,5000,1000
othim28,erp,0,1,1,0.0006,34.98126380044616,0.9805998206138611,514116.71875,34.9717899108271,0.949417769908905,0.9815740585327148,514627.5,0.022058486938476562,11565.0,0.0090179443359375,4728.0,0.012228012084960938,6411.0,0.0,0,1.0036325454711914,526192.5,5000,1000
othim29,erp,0,1,1,0.0006,35.30252713685962,0.8837136030197144,463320.4375,35.29369946318471,0.9439429044723511,0.8843638896942139,463661.375,0.022226333618164062,11653.0,0.00899505615234375,4716.0,0.012203216552734375,6398.0,0.0,0,0.9065902233123779,475314.375,5000,1000
othim30,erp,0,1,1,0.0006,35.12238037814014,0.9631405472755432,504963.03125,35.11446440822837,0.9495284557342529,0.9634848237037659,505143.53125,0.023223876953125,12176.0,0.009899139404296875,5190.0,0.012302398681640625,6450.0,0.0,0,0.9867087006568909,517319.53125,5000,1000
othim01,erp,0,1,1,0.0008,34.569353486856215,0.5367589592933655,281416.28125,34.556730209946856,0.9231740832328796,0.5372341275215149,281665.40625,0.023164749145507812,12145.0,0.010007858276367188,5247.0,0.012098312377929688,6343.0,0.0,0,0.5603988766670227,293810.40625,5000,1000
othim02,erp,0,1,1,0.0008,34.408313997552945,0.5525677800178528,289704.65625,34.39695403514135,0.9198664426803589,0.5529537200927734,289907.0,0.023250579833984375,12190.0,0.0098876953125,5184.0,0.012308120727539062,6453.0,0.0,0,0.5762042999267578,302097.0,5000,1000
othim03,erp,0,1,1,0.0008,34.37719587975176,0.5436293482780457,285018.34375,34.36049092593223,0.9205411672592163,0.5446589589118958,285558.15625,0.02207183837890625,11572.0,0.008790969848632812,4609.0,0.012247085571289062,6421.0,0.0,0,0.566730797290802,297130.15625,5000,1000
othim04,erp,0,1,1,0.0008,33.19728776389048,1.1458510160446167,600755.9375,33.1949543449491,0.9419326782226562,1.1461906433105469,600934.0,0.023914337158203125,12538.0,0.009763717651367188,5119.0,0.013235092163085938,6939.0,0.0,0,1.17010498046875,613472.0,5000,1000
othim05,erp,0,1,1,0.0008,33.71814597578183,0.9112213850021362,477742.4375,33.70710666126422,0.9315148591995239,0.9120144844055176,478158.25,0.021869659423828125,11466.0,0.008863449096679688,4647.0,0.011962890625,6272.0,0.0,0,0.9338841438293457,489624.25,5000,1000
othim06,erp,0,1,1,0.0008,33.58892461415813,0.9091135263442993,476637.3125,33.578195244315424,0.9312124252319336,0.9092601537704468,476714.1875,0.0227508544921875,11928.0,0.009912490844726562,5197.0,0.0117950439453125,6184.0,0.0,0,0.9320110082626343,488642.1875,5000,1000
othim07,erp,0,1,1,0.0008,35.52542059922872,0.3990212678909302,209202.0625,35.5152479492609,0.9376789331436157,0.3998735845088959,209648.921875,0.021821975708007812,11441.0,0.008974075317382812,4705.0,0.011999130249023438,6291.0,0.0,0,0.4216955602169037,221089.921875,5000,1000
othim08,erp,0,1,1,0.0008,35.928891241596425,0.37199974060058594,195035.0,35.914040942089144,0.9392411708831787,0.37306803464889526,195595.09375,0.021768569946289062,11413.0,0.008966445922851562,4701.0,0.011857986450195312,6217.0,0.0,0,0.3948366045951843,207008.09375,5000,1000
othim09,erp,0,1,1,0.0008,35.540198414538764,0.39724722504615784,208271.953125,35.52568629590563,0.9358574151992798,0.398296982049942,208822.328125,0.0220184326171875,11544.0,0.008909225463867188,4671.0,0.01215362548828125,6372.0,0.0,0,0.4203154146671295,220366.328125,5000,1000
othim10,erp,0,1,1,0.0008,34.254987551636425,0.4696999490261078,246258.046875,34.24895441441699,0.9031463861465454,0.47067776322364807,246770.703125,0.023967742919921875,12566.0,0.008869171142578125,4650.0,0.013906478881835938,7291.0,0.0,0,0.49464550614356995,259336.703125,5000,1000
othim11,erp,0,1,1,0.0008,34.24134963541113,0.5288660526275635,277278.125,34.238742514122876,0.9120758771896362,0.5297605991363525,277747.125,0.023159027099609375,12142.0,0.00884246826171875,4636.0,0.013397216796875,7024.0,0.0,0,0.5529196262359619,289889.125,5000,1000
othim12,erp,0,1,1,0.0008,34.11990597649592,0.6110365390777588,320359.125,34.10494138493774,0.9145602583885193,0.6116199493408203,320665.0,0.021852493286132812,11457.0,0.008760452270507812,4593.0,0.012266159057617188,6431.0,0.0,0,0.6334724426269531,332122.0,5000,1000
othim13,erp,0,1,1,0.0008,35.54014231607761,0.4188234806060791,219584.125,35.52461306215678,0.9282417297363281,0.42010298371315,220254.953125,0.0221405029296875,11608.0,0.008916854858398438,4675.0,0.012193679809570312,6393.0,0.0,0,0.4422434866428375,231862.953125,5000,1000
othim14,erp,0,1,1,0.0008,35.63701680245436,0.40371719002723694,211664.078125,35.62293428224402,0.928199052810669,0.40481436252593994,212239.3125,0.022447586059570312,11769.0,0.009006500244140625,4722.0,0.012525558471679688,6567.0,0.0,0,0.42726194858551025,224008.3125,5000,1000
othim15,erp,0,1,1,0.0008,35.57970099179028,0.4051087498664856,212393.65625,35.56628850831832,0.9284109473228455,0.4057416319847107,212725.46875,0.022342681884765625,11714.0,0.008928298950195312,4681.0,0.01250457763671875,6556.0,0.0,0,0.4280843138694763,224439.46875,5000,1000
othim16,erp,0,1,1,0.0008,36.14648445530592,0.3805446922779083,199515.015625,36.13486687300154,0.938947856426239,0.38088545203208923,199693.671875,0.023103713989257812,12113.0,0.0099639892578125,5224.0,0.012346267700195312,6473.0,0.0,0,0.40398916602134705,211806.671875,5000,1000
othim17,erp,0,1,1,0.0008,36.26556071461245,0.37846192717552185,198423.046875,36.2512221574814,0.9397082328796387,0.37870854139328003,198552.34375,0.023128509521484375,12126.0,0.00995635986328125,5220.0,0.012365341186523438,6483.0,0.0,0,0.4018370509147644,210678.34375,5000,1000
othim18,erp,0,1,1,0.0008,36.145400145374076,0.3932778835296631,206190.875,36.12950263830339,0.9389510154724121,0.3942101001739502,206679.625,0.021806716918945312,11433.0,0.008890151977539062,4661.0,0.011987686157226562,6285.0,0.0,0,0.4160168170928955,218112.625,5000,1000
othim19,erp,0,1,1,0.0008,33.71038755705399,0.8830262422561646,462960.0625,33.70281204595281,0.9367917776107788,0.8836005330085754,463261.15625,0.02175140380859375,11404.0,0.0087890625,4608.0,0.01215362548828125,6372.0,0.0,0,0.9053519368171692,474665.15625,5000,1000
othim20,erp,0,1,1,0.0008,33.67532123304127,0.862397313117981,452144.5625,33.6689278302597,0.933867335319519,0.8630415201187134,452482.3125,0.02210235595703125,11588.0,0.008769989013671875,4598.0,0.012294769287109375,6446.0,0.0,0,0.8851438760757446,464070.3125,5000,1000
othim21,erp,0,1,1,0.0008,33.43413326584123,0.8881243467330933,465632.9375,33.427433083925905,0.9342970252037048,0.8883568048477173,465754.8125,0.022867202758789062,11989.0,0.009801864624023438,5139.0,0.012142181396484375,6366.0,0.0,0,0.9112240076065063,477743.8125,5000,1000
othim22,erp,0,1,1,0.0008,35.17153704800731,0.47843730449676514,250838.9375,35.166612258082786,0.9271727800369263,0.4795888662338257,251442.6875,0.023334503173828125,12234.0,0.00897979736328125,4708.0,0.013303756713867188,6975.0,0.0,0,0.5029233694076538,263676.6875,5000,1000
othim23,erp,0,1,1,0.0008,34.647637405181726,0.5659924745559692,296743.0625,34.63180271812547,0.9367702007293701,0.5667214393615723,297125.25,0.023471832275390625,12306.0,0.009984970092773438,5235.0,0.012296676635742188,6447.0,0.0,0,0.5901932716369629,309431.25,5000,1000
othim24,erp,0,1,1,0.0008,34.39605994415124,0.7191564440727234,377045.09375,34.38949555101767,0.9376417994499207,0.7206118106842041,377808.125,0.02313995361328125,12132.0,0.008975982666015625,4706.0,0.01322174072265625,6932.0,0.0,0,0.7437517642974854,389940.125,5000,1000
othim25,erp,0,1,1,0.0008,32.39292160888376,0.9080287218093872,476068.5625,32.38260236147677,0.9256329536437988,0.9089230895042419,476537.46875,0.022474288940429688,11783.0,0.0087890625,4608.0,0.0127716064453125,6696.0,0.0,0,0.9313973784446716,488320.46875,5000,1000
othim26,erp,0,1,1,0.0008,32.328206210625915,0.9218088388442993,483293.3125,32.317867698113915,0.9247695803642273,0.9238150119781494,484345.125,0.020650863647460938,10827.0,0.0076847076416015625,4029.0,0.01215362548828125,6372.0,0.0,0,0.9444658756256104,495172.125,5000,1000
othim27,erp,0,1,1,0.0008,32.480649195651715,0.8185285925865173,429144.71875,32.47332573178137,0.913607120513916,0.8187814950942993,429277.3125,0.02315521240234375,12140.0,0.009874343872070312,5177.0,0.012325286865234375,6462.0,0.0,0,0.8419367074966431,441417.3125,5000,1000
othim28,erp,0,1,1,0.0008,34.04406148827617,0.8332226276397705,436848.625,34.037612088817504,0.9402896761894226,0.8334859609603882,436986.6875,0.023233413696289062,12181.0,0.009881973266601562,5181.0,0.012327194213867188,6463.0,0.0,0,0.8567193746566772,449167.6875,5000,1000
othim29,erp,0,1,1,0.0008,34.36902099443689,0.7851146459579468,411626.1875,34.35760683681763,0.9339674711227417,0.7859299182891846,412053.625,0.022165298461914062,11621.0,0.008798599243164062,4613.0,0.012346267700195312,6473.0,0.0,0,0.8080952167510986,423674.625,5000,1000
othim30,erp,0,1,1,0.0008,33.9908276666057,0.8272339105606079,433708.8125,33.980645382378825,0.9390157461166382,0.8277941942214966,434002.5625,0.022089004516601562,11581.0,0.009073257446289062,4757.0,0.01198577880859375,6284.0,0.0,0,0.8498831987380981,445583.5625,5000,1000
othim01,erp,1,0,1,0.0006,36.030951483921065,0.6701140999794006,351332.78125,36.02672855684499,0.9381070137023926,0.6711381673812866,351869.6875,0.021463394165039062,11253.0,0.008831024169921875,4630.0,0.011688232421875,6128.0,0.0,0,0.6926015615463257,363122.6875,5000,1000
othim02,erp,1,0,1,0.0006,35.8980891986899,0.6983287930488586,366125.40625,35.89144269884757,0.9346232414245605,0.699212908744812,366588.9375,0.021617889404296875,11334.0,0.00881195068359375,4620.0,0.011640548706054688,6103.0,0.0,0,0.7208307981491089,377922.9375,5000,1000
othim03,erp,1,0,1,0.0006,35.713843596267935,0.6743776798248291,353568.125,35.71121012116777,0.9343193769454956,0.6753144860267639,354059.28125,0.022411346435546875,11750.0,0.00994110107421875,5212.0,0.011426925659179688,5991.0,0.0,0,0.6977258324623108,365809.28125,5000,1000
othim04,erp,1,0,1,0.0006,34.761137829708865,1.3300034999847412,697304.875,34.75912150251546,0.9584437608718872,1.3312307596206665,697948.3125,0.021335601806640625,11186.0,0.00882720947265625,4628.0,0.011465072631835938,6011.0,0.0,0,1.3525663614273071,709134.3125,5000,1000
othim05,erp,1,0,1,0.0006,35.29667332778271,1.113762378692627,583932.25,35.28987038322965,0.9512141942977905,1.1145601272583008,584350.5,0.021228790283203125,11130.0,0.0087432861328125,4584.0,0.01143646240234375,5996.0,0.0,0,1.135788917541504,595480.5,5000,1000
othim06,erp,1,0,1,0.0006,35.22522302669069,1.0791711807250977,565796.5,35.18288003049946,0.9489929676055908,1.0795055627822876,565971.8125,0.022054672241210938,11563.0,0.009756088256835938,5115.0,0.011613845825195312,6089.0,0.0,0,1.1015602350234985,577534.8125,5000,1000
othim07,erp,1,0,1,0.0006,37.20221659784732,0.49328330159187317,258622.515625,37.191849120956725,0.9482035636901855,0.4939650297164917,258979.9375,0.022317886352539062,11701.0,0.009937286376953125,5210.0,0.0114288330078125,5992.0,0.0,0,0.5162829160690308,270680.9375,5000,1000
othim08,erp,1,0,1,0.0006,37.38108042501035,0.45416098833084106,238111.15625,37.36586649085437,0.9486726522445679,0.4547228217124939,238405.71875,0.021127700805664062,11077.0,0.009792327880859375,5134.0,0.010400772094726562,5453.0,0.0,0,0.47585052251815796,249482.71875,5000,1000
othim09,erp,1,0,1,0.0006,36.95183077165917,0.5019049048423767,263142.71875,36.94460476651947,0.9471408724784851,0.5031863451004028,263814.5625,0.021148681640625,11088.0,0.008821487426757812,4625.0,0.0113983154296875,5976.0,0.0,0,0.5243350267410278,274902.5625,5000,1000
othim10,erp,1,0,1,0.0006,36.13105487673022,0.6272439956665039,328856.5,36.12434767087225,0.9314028024673462,0.6280005574226379,329253.15625,0.02149200439453125,11268.0,0.008977890014648438,4707.0,0.011583328247070312,6073.0,0.0,0,0.6494925618171692,340521.15625,5000,1000
othim11,erp,1,0,1,0.0006,35.71010080456647,0.7508317232131958,393652.0625,35.69070351924953,0.935294508934021,0.7519635558128357,394245.46875,0.019987106323242188,10479.0,0.008871078491210938,4651.0,0.010179519653320312,5337.0,0.0,0,0.7719506621360779,404724.46875,5000,1000
othim12,erp,1,0,1,0.0006,35.88178455734485,0.7564936876296997,396620.5625,35.8785657097035,0.9395714998245239,0.7586086988449097,397729.4375,0.020557403564453125,10778.0,0.007816314697265625,4098.0,0.011682510375976562,6125.0,0.0,0,0.7791661024093628,408507.4375,5000,1000
othim13,erp,1,0,1,0.0006,37.1596226110519,0.49535703659057617,259709.75,37.14770766211634,0.9404739141464233,0.4965054988861084,260311.875,0.020471572875976562,10733.0,0.00875091552734375,4588.0,0.010828018188476562,5677.0,0.0,0,0.516977071762085,271044.875,5000,1000
othim14,erp,1,0,1,0.0006,37.16742106600569,0.49546998739242554,259768.96875,37.15789738383332,0.9405918121337891,0.49582940340042114,259957.40625,0.021871566772460938,11467.0,0.010026931762695312,5257.0,0.01070404052734375,5612.0,0.0,0,0.5177009701728821,271424.40625,5000,1000
othim15,erp,1,0,1,0.0006,36.962830899707654,0.5153725147247314,270203.625,36.954298897374066,0.9391055107116699,0.5163936614990234,270739.0,0.021245956420898438,11139.0,0.008749008178710938,4587.0,0.011693954467773438,6131.0,0.0,0,0.5376396179199219,281878.0,5000,1000
othim16,erp,1,0,1,0.0006,37.85793653036912,0.464147686958313,243347.0625,37.8406115090126,0.952075183391571,0.4651426672935486,243868.71875,0.020353317260742188,10671.0,0.00887298583984375,4652.0,0.010568618774414062,5541.0,0.0,0,0.48549598455429077,254539.71875,5000,1000
othim17,erp,1,0,1,0.0006,37.7525339986743,0.45008930563926697,235976.421875,37.72869792705412,0.9513239860534668,0.45037776231765747,236127.65625,0.021076202392578125,11050.0,0.009822845458984375,5150.0,0.010467529296875,5488.0,0.0,0,0.4714539647102356,247177.65625,5000,1000
othim18,erp,1,0,1,0.0006,37.94127241987807,0.45232418179512024,237148.140625,37.917380311840645,0.9524766206741333,0.45347028970718384,237749.03125,0.020341873168945312,10665.0,0.008695602416992188,4559.0,0.010868072509765625,5698.0,0.0,0,0.47381216287612915,248414.03125,5000,1000
othim19,erp,1,0,1,0.0006,35.21966493311921,1.0321775674819946,541158.3125,35.20889371971352,0.9538159370422363,1.03238844871521,541268.875,0.021091461181640625,11058.0,0.00971221923828125,5092.0,0.010591506958007812,5553.0,0.0,0,1.0534799098968506,552326.875,5000,1000
othim20,erp,1,0,1,0.0006,35.13702112246308,1.0570993423461914,554224.5,35.12941326743016,0.9516289234161377,1.0585235357284546,554971.1875,0.02007293701171875,10524.0,0.008859634399414062,4645.0,0.010297775268554688,5399.0,0.0,0,1.0785964727401733,565495.1875,5000,1000
othim21,erp,1,0,1,0.0006,35.134838124991596,1.0355290174484253,542915.4375,35.128306140460275,0.9524750709533691,1.0363976955413818,543370.875,0.021467208862304688,11255.0,0.008707046508789062,4565.0,0.011835098266601562,6205.0,0.0,0,1.0578649044036865,554625.875,5000,1000
othim22,erp,1,0,1,0.0006,36.610460462522234,0.5412209033966064,283755.625,36.59863031324183,0.9409356117248535,0.5422582626342773,284299.5,0.0215606689453125,11304.0,0.008953094482421875,4694.0,0.011651992797851562,6109.0,0.0,0,0.5638189315795898,295603.5,5000,1000
othim23,erp,1,0,1,0.0006,36.7435500844742,0.6680139303207397,350231.6875,36.731184639588555,0.9534003138542175,0.6684341430664062,350452.0,0.022296905517578125,11690.0,0.009822845458984375,5150.0,0.0115203857421875,6040.0,0.0,0,0.6907310485839844,362142.0,5000,1000
othim24,erp,1,0,1,0.0006,35.95420087975355,0.827701210975647,433953.8125,35.94285995203535,0.9505285620689392,0.8279154300689697,434066.125,0.0223236083984375,11704.0,0.009893417358398438,5187.0,0.011369705200195312,5961.0,0.0,0,0.8502390384674072,445770.125,5000,1000
othim25,erp,1,0,1,0.0006,33.39606415271852,1.0838046073913574,568225.75,33.39242776167463,0.9368039965629578,1.084045648574829,568352.125,0.022089004516601562,11581.0,0.00981903076171875,5148.0,0.011322021484375,5936.0,0.0,0,1.1061346530914307,579933.125,5000,1000
othim26,erp,1,0,1,0.0006,33.40449119374336,1.0881412029266357,570499.375,33.39102255621173,0.9369471073150635,1.088708758354187,570796.9375,0.021221160888671875,11126.0,0.009786605834960938,5131.0,0.010496139526367188,5503.0,0.0,0,1.1099299192428589,581922.9375,5000,1000
othim27,erp,1,0,1,0.0006,33.77987679081235,0.9831587076187134,515458.3125,33.775178114546456,0.9286369681358337,0.9836182594299316,515699.25,0.022241592407226562,11661.0,0.009723663330078125,5098.0,0.01146697998046875,6012.0,0.0,0,1.0058598518371582,527360.25,5000,1000
othim28,erp,1,0,1,0.0006,35.718296901312264,0.9792887568473816,513429.34375,35.711109648130964,0.9542750120162964,0.9805485010147095,514089.8125,0.02098846435546875,11004.0,0.008754730224609375,4590.0,0.011325836181640625,5938.0,0.0,0,1.0015369653701782,525093.8125,5000,1000
othim29,erp,1,0,1,0.0006,35.849813164100595,0.9091435074806213,476653.03125,35.82972970700739,0.9486936926841736,0.9097185730934143,476954.53125,0.020643234252929688,10823.0,0.00907135009765625,4756.0,0.010931015014648438,5731.0,0.0,0,0.930361807346344,487777.53125,5000,1000
othim30,erp,1,0,1,0.0006,35.57096092846637,0.9755594730377197,511474.125,35.55902430309895,0.9530442953109741,0.9758794903755188,511641.90625,0.021270751953125,11152.0,0.009912490844726562,5197.0,0.010457992553710938,5483.0,0.0,0,0.9971502423286438,522793.90625,5000,1000
othim01,erp,1,0,1,0.0008,35.27230817192132,0.5707715749740601,299248.6875,35.268310688418474,0.9302107691764832,0.5715963840484619,299681.125,0.021730422973632812,11393.0,0.008838653564453125,4634.0,0.011852264404296875,6214.0,0.0,0,0.5933268070220947,311074.125,5000,1000
othim02,erp,1,0,1,0.0008,35.159495674092035,0.5886237025260925,308608.34375,35.1543843983707,0.926517128944397,0.5893468856811523,308987.5,0.021669387817382812,11361.0,0.009044647216796875,4742.0,0.011566162109375,6064.0,0.0,0,0.6110162734985352,320348.5,5000,1000
othim03,erp,1,0,1,0.0008,35.00482030924257,0.5976711511611938,313351.8125,34.98952420417549,0.9260653853416443,0.5983976125717163,313732.6875,0.020084381103515625,10530.0,0.008672714233398438,4547.0,0.0104827880859375,5496.0,0.0,0,0.6184819936752319,324262.6875,5000,1000
othim04,erp,1,0,1,0.0008,33.794490041458495,1.176525592803955,616838.25,33.79119152817182,0.948724627494812,1.1770626306533813,617119.8125,0.021144866943359375,11086.0,0.008646011352539062,4533.0,0.011447906494140625,6002.0,0.0,0,1.1982074975967407,628205.8125,5000,1000
othim05,erp,1,0,1,0.0008,34.31215499927632,0.9575295448303223,502021.25,34.310593816637,0.9393922686576843,0.958533525466919,502547.625,0.021673202514648438,11363.0,0.008829116821289062,4629.0,0.011810302734375,6192.0,0.0,0,0.9802067279815674,513910.625,5000,1000
othim06,erp,1,0,1,0.0008,34.30454336340489,0.9432932138442993,494557.3125,34.287772568310096,0.9382340312004089,0.9443678259849548,495120.71875,0.020038604736328125,10506.0,0.008581161499023438,4499.0,0.010526657104492188,5519.0,0.0,0,0.964406430721283,505626.71875,5000,1000
othim07,erp,1,0,1,0.0008,36.44436521611319,0.4346855580806732,227900.421875,36.42023263698749,0.9423052668571472,0.4352545738220215,228198.75,0.021142959594726562,11085.0,0.010021209716796875,5254.0,0.010282516479492188,5391.0,0.0,0,0.45639753341674805,239283.75,5000,1000
othim08,erp,1,0,1,0.0008,36.62307966101958,0.40832239389419556,214078.53125,36.597562489045195,0.9420143961906433,0.4091005325317383,214486.5,0.019962310791015625,10466.0,0.008832931518554688,4631.0,0.010295867919921875,5398.0,0.0,0,0.4290628433227539,224952.5,5000,1000
othim09,erp,1,0,1,0.0008,36.28207630888452,0.4377215504646301,229492.15625,36.270689234255975,0.9407312870025635,0.4381726384162903,229728.65625,0.020334243774414062,10661.0,0.00910186767578125,4772.0,0.010400772094726562,5453.0,0.0,0,0.45850688219070435,240389.65625,5000,1000
othim10,erp,1,0,1,0.0008,35.202256706226194,0.5303582549095154,278060.46875,35.19692769030714,0.9186326861381531,0.5307750701904297,278279.0,0.022413253784179688,11751.0,0.009943008422851562,5213.0,0.011537551879882812,6049.0,0.0,0,0.5531883239746094,290030.0,5000,1000
othim11,erp,1,0,1,0.0008,35.12803681226444,0.5975016355514526,313262.9375,35.1138192543485,0.9263118505477905,0.5985459089279175,313810.4375,0.019906997680664062,10437.0,0.00878143310546875,4604.0,0.010190963745117188,5343.0,0.0,0,0.6184529066085815,324247.4375,5000,1000
othim12,erp,1,0,1,0.0008,34.875051900037626,0.648496687412262,339999.03125,34.867957264973775,0.9268254041671753,0.6492603421211243,340399.40625,0.021589279174804688,11319.0,0.0089263916015625,4680.0,0.0117034912109375,6136.0,0.0,0,0.670849621295929,351718.40625,5000,1000
othim13,erp,1,0,1,0.0008,36.168105865709144,0.46103188395500183,241713.484375,36.13165499177532,0.9294409155845642,0.46208345890045166,242264.8125,0.01929473876953125,10116.0,0.008937835693359375,4686.0,0.009450912475585938,4955.0,0.0,0,0.4813781976699829,252380.8125,5000,1000
othim14,erp,1,0,1,0.0008,36.40796521435839,0.4324386715888977,226722.40625,36.39325395226587,0.9327999949455261,0.43365880846977234,227362.109375,0.020526885986328125,10762.0,0.008941650390625,4688.0,0.010690689086914062,5605.0,0.0,0,0.45418569445610046,238124.109375,5000,1000
othim15,erp,1,0,1,0.0008,36.177725466015794,0.4532838761806488,237651.296875,36.16342733688878,0.930849015712738,0.45391035079956055,237979.75,0.020227432250976562,10605.0,0.008899688720703125,4666.0,0.01030731201171875,5404.0,0.0,0,0.4741377830505371,248584.75,5000,1000
othim16,erp,1,0,1,0.0008,37.06211999080827,0.4069409966468811,213354.28125,37.04660355376364,0.9461314678192139,0.40742406249046326,213607.546875,0.0213470458984375,11192.0,0.010026931762695312,5257.0,0.01052093505859375,5516.0,0.0,0,0.42877110838890076,224799.546875,5000,1000
othim17,erp,1,0,1,0.0008,37.01864965053757,0.41089165210723877,215425.5625,36.994758513407405,0.9457070231437683,0.41122955083847046,215602.71875,0.021310806274414062,11173.0,0.01006317138671875,5276.0,0.01033782958984375,5420.0,0.0,0,0.4325403571128845,226775.71875,5000,1000
othim18,erp,1,0,1,0.0008,36.95550358918888,0.4022684693336487,210904.53125,36.85758957214122,0.9461300373077393,0.40241575241088867,210981.75,0.019189834594726562,10061.0,0.009784698486328125,5130.0,0.00850677490234375,4460.0,0.0,0,0.42160558700561523,221042.75,5000,1000
othim19,erp,1,0,1,0.0008,34.28178914988326,0.9055815935134888,474785.5625,34.27152585819568,0.9436386823654175,0.9060225486755371,475016.75,0.021595001220703125,11322.0,0.009944915771484375,5214.0,0.010715484619140625,5618.0,0.0,0,0.9276175498962402,486338.75,5000,1000
othim20,erp,1,0,1,0.0008,34.24541170057244,0.9132680892944336,478815.5,34.24060003070872,0.9409497976303101,0.9146344065666199,479531.84375,0.021640777587890625,11346.0,0.00896453857421875,4700.0,0.011754989624023438,6163.0,0.0,0,0.9362751841545105,490877.84375,5000,1000
othim21,erp,1,0,1,0.0008,34.23979424027987,0.915873646736145,480181.5625,34.2300861751801,0.9420439600944519,0.9161422252655029,480322.375,0.021490097045898438,11267.0,0.009923934936523438,5203.0,0.010774612426757812,5649.0,0.0,0,0.9376323223114014,491589.375,5000,1000
othim22,erp,1,0,1,0.0008,35.97702336629385,0.47490137815475464,248985.09375,35.960080805822834,0.9338909387588501,0.47518256306648254,249132.515625,0.021419525146484375,11230.0,0.009988784790039062,5237.0,0.01053619384765625,5524.0,0.0,0,0.4966020882129669,260362.515625,5000,1000
othim23,erp,1,0,1,0.0008,35.73762097318266,0.5959455966949463,312447.125,35.728416407206325,0.9455256462097168,0.5962332487106323,312597.9375,0.022306442260742188,11695.0,0.009891510009765625,5186.0,0.011440277099609375,5998.0,0.0,0,0.6185396909713745,324292.9375,5000,1000
othim24,erp,1,0,1,0.0008,35.14756071636406,0.7389630079269409,387429.4375,35.135347404720655,0.9452940225601196,0.7402313947677612,388094.4375,0.020242691040039062,10613.0,0.008829116821289062,4629.0,0.010477066040039062,5493.0,0.0,0,0.7604740858078003,398707.4375,5000,1000
othim25,erp,1,0,1,0.0008,32.7850745332847,0.9612942934036255,503995.0625,32.779473793849256,0.9282000064849854,0.9624390006065369,504595.21875,0.021114349365234375,11070.0,0.008741378784179688,4583.0,0.011426925659179688,5991.0,0.0,0,0.9835533499717712,515665.21875,5000,1000
othim26,erp,1,0,1,0.0008,32.82728869736434,0.9480427503585815,497047.4375,32.82419839085244,0.9284375905990601,0.9491778612136841,497642.5625,0.022626876831054688,11863.0,0.009843826293945312,5161.0,0.011720657348632812,6145.0,0.0,0,0.9718047380447388,509505.5625,5000,1000
othim27,erp,1,0,1,0.0008,33.25330400349802,0.8535526990890503,447507.4375,33.24828846162001,0.9203815460205078,0.8540877103805542,447787.9375,0.02245330810546875,11772.0,0.009740829467773438,5107.0,0.011789321899414062,6181.0,0.0,0,0.876541018486023,459559.9375,5000,1000
othim28,erp,1,0,1,0.0008,34.74942867713405,0.8613953590393066,451619.25,34.734619157074675,0.9462205171585083,0.8619784116744995,451924.9375,0.020198822021484375,10590.0,0.009103775024414062,4773.0,0.010190963745117188,5343.0,0.0,0,0.8821772336959839,462514.9375,5000,1000
othim29,erp,1,0,1,0.0008,34.92134510483694,0.8085976839065552,423938.0625,34.91692830059703,0.9404892921447754,0.8092464208602905,424278.1875,0.021602630615234375,11326.0,0.008916854858398438,4675.0,0.01178741455078125,6180.0,0.0,0,0.8308490514755249,435604.1875,5000,1000
othim30,erp,1,0,1,0.0008,34.64468807329325,0.8617702126502991,451815.78125,34.64034796523606,0.9453462958335876,0.8621616363525391,452021.0,0.022581100463867188,11839.0,0.010044097900390625,5266.0,0.011747360229492188,6159.0,0.0,0,0.8847427368164062,463860.0,5000,1000
othim01,erp,1,1,1,0.0006,36.146601285039935,0.6729565262794495,352823.03125,36.14305969918116,0.9384921789169312,0.673577606678009,353148.65625,0.02362060546875,12384.0,0.009042739868164062,4741.0,0.013545989990234375,7102.0,0.0,0,0.697198212146759,365532.65625,5000,1000
othim02,erp,1,1,1,0.0006,36.01247090042799,0.6553107500076294,343571.5625,36.00716509803624,0.9362674951553345,0.6573969125747681,344665.3125,0.022312164306640625,11698.0,0.0077266693115234375,4051.0,0.013532638549804688,7095.0,0.0,0,0.6797090768814087,356363.3125,5000,1000
othim03,erp,1,1,1,0.0006,35.81384059024004,0.6755645275115967,354190.375,35.80969027696174,0.9346789121627808,0.6766324043273926,354750.25,0.023366928100585938,12251.0,0.008819580078125,4624.0,0.0135040283203125,7080.0,0.0,0,0.6999993324279785,367001.25,5000,1000
othim04,erp,1,1,1,0.0006,34.67038527504429,1.3307502269744873,697696.375,34.656960124433674,0.9581171870231628,1.330941915512085,697796.875,0.022922515869140625,12018.0,0.009746551513671875,5110.0,0.012256622314453125,6426.0,0.0,0,1.3538644313812256,709814.875,5000,1000
othim05,erp,1,1,1,0.0006,35.34659094907283,1.0997990369796753,576611.4375,35.33300785541885,0.95082688331604,1.1011226177215576,577305.375,0.021724700927734375,11390.0,0.00868988037109375,4556.0,0.011993408203125,6288.0,0.0,0,1.122847318649292,588695.375,5000,1000
othim06,erp,1,1,1,0.0006,35.34061335876207,1.058964490890503,555202.375,35.33364010554561,0.9502366781234741,1.0594558715820312,555460.0,0.02498626708984375,13100.0,0.009759902954101562,5117.0,0.014413833618164062,7557.0,0.0,0,1.084442138671875,568560.0,5000,1000
othim07,erp,1,1,1,0.0006,37.219107821719696,0.4900064468383789,256904.5,37.197877502772194,0.9493039846420288,0.49102768301963806,257439.921875,0.02203369140625,11552.0,0.00878143310546875,4604.0,0.012447357177734375,6526.0,0.0,0,0.5130613744258881,268991.921875,5000,1000
othim08,erp,1,1,1,0.0006,37.46508987775531,0.4653264880180359,243965.09375,37.443137087472245,0.948896586894989,0.4661695063114166,244407.078125,0.0217132568359375,11384.0,0.008855819702148438,4643.0,0.012042999267578125,6314.0,0.0,0,0.4878827631473541,255791.078125,5000,1000
othim09,erp,1,1,1,0.0006,37.13969141500584,0.5053648352622986,264956.71875,37.127684472585635,0.9471145868301392,0.5059912800788879,265285.15625,0.024480819702148438,12835.0,0.009889602661132812,5185.0,0.013660430908203125,7162.0,0.0,0,0.5304720997810364,278120.15625,5000,1000
othim10,erp,1,1,1,0.0006,36.03835925188895,0.627975583076477,329240.0625,36.03314853738808,0.9318184852600098,0.6289359331130981,329743.5625,0.02306365966796875,12092.0,0.008800506591796875,4614.0,0.013341903686523438,6995.0,0.0,0,0.6519995927810669,341835.5625,5000,1000
othim11,erp,1,1,1,0.0006,36.050945501369576,0.6940790414810181,363897.3125,36.04673390654006,0.937069833278656,0.6952672004699707,364520.25,0.023166656494140625,12146.0,0.008722305297851562,4573.0,0.013666152954101562,7165.0,0.0,0,0.7184338569641113,376666.25,5000,1000
othim12,erp,1,1,1,0.0006,35.834761219129895,0.7594935894012451,398193.375,35.82337055190186,0.9387222528457642,0.7598469257354736,398378.625,0.023517608642578125,12330.0,0.009771347045898438,5123.0,0.012929916381835938,6779.0,0.0,0,0.7833645343780518,410708.625,5000,1000
othim13,erp,1,1,1,0.0006,37.134001224120475,0.5047129392623901,264614.9375,37.11494588938767,0.9398574829101562,0.5067148208618164,265664.5,0.021417617797851562,11229.0,0.0077457427978515625,4061.0,0.012773513793945312,6697.0,0.0,0,0.528132438659668,276893.5,5000,1000
othim14,erp,1,1,1,0.0006,37.082186765021824,0.5052942037582397,264919.6875,37.07399446536691,0.9399670362472534,0.5057586431503296,265163.1875,0.022222518920898438,11651.0,0.008876800537109375,4654.0,0.012308120727539062,6453.0,0.0,0,0.527981162071228,276814.1875,5000,1000
othim15,erp,1,1,1,0.0006,37.00418349479252,0.508533239364624,266617.875,36.99114255831642,0.9390827417373657,0.510044515132904,267410.21875,0.021940231323242188,11503.0,0.008861541748046875,4646.0,0.012041091918945312,6313.0,0.0,0,0.5319847464561462,278913.21875,5000,1000
othim16,erp,1,1,1,0.0006,37.859257844378,0.4521794319152832,237072.25,37.83441418510344,0.9524846076965332,0.45247358083724976,237226.46875,0.02274322509765625,11924.0,0.009778976440429688,5127.0,0.012180328369140625,6386.0,0.0,0,0.475216805934906,249150.46875,5000,1000
othim17,erp,1,1,1,0.0006,37.839739591325774,0.46791452169418335,245321.96875,37.80803949590505,0.9518710970878601,0.4681488871574402,245444.84375,0.02313995361328125,12132.0,0.009937286376953125,5210.0,0.012294769287109375,6446.0,0.0,0,0.49128884077072144,257576.84375,5000,1000
othim18,erp,1,1,1,0.0006,37.87405195867297,0.4629979431629181,242744.265625,37.854035342431196,0.9519678354263306,0.4641561806201935,243351.515625,0.022264480590820312,11673.0,0.008958816528320312,4697.0,0.012281417846679688,6439.0,0.0,0,0.4864206612110138,255024.515625,5000,1000
othim19,erp,1,1,1,0.0006,35.30062025837292,1.0405669212341309,545556.75,35.297611045602345,0.9545100927352905,1.0416145324707031,546106.0,0.023088455200195312,12105.0,0.008687973022460938,4555.0,0.013616561889648438,7139.0,0.0,0,1.0647029876708984,558211.0,5000,1000
othim20,erp,1,1,1,0.0006,35.21409010657916,1.0252735614776611,537538.625,35.18938255661369,0.9514185786247253,1.025940179824829,537888.125,0.021024703979492188,11023.0,0.008655548095703125,4538.0,0.011341094970703125,5946.0,0.0,0,1.0469648838043213,548911.125,5000,1000
othim21,erp,1,1,1,0.0006,35.05787616048355,1.0564088821411133,553862.5,35.04545939543363,0.9518952369689941,1.0568993091583252,554119.625,0.022327423095703125,11706.0,0.00897979736328125,4708.0,0.012426376342773438,6515.0,0.0,0,1.0792267322540283,565825.625,5000,1000
othim22,erp,1,1,1,0.0006,36.632410992017526,0.5522090196609497,289516.5625,36.621584439073864,0.9412537813186646,0.5529440641403198,289901.9375,0.024021148681640625,12594.0,0.009801864624023438,5139.0,0.013044357299804688,6839.0,0.0,0,0.5769652128219604,302495.9375,5000,1000
othim23,erp,1,1,1,0.0006,36.66669243988975,0.6577150821685791,344832.125,36.644912215961476,0.9528536796569824,0.658523678779602,345256.0625,0.023439407348632812,12289.0,0.010129928588867188,5311.0,0.012346267700195312,6473.0,0.0,0,0.6819630861282349,357545.0625,5000,1000
othim24,erp,1,1,1,0.0006,35.9222985215877,0.8290448188781738,434658.25,35.91072605746418,0.9505729675292969,0.8302351236343384,435282.3125,0.022443771362304688,11767.0,0.0089874267578125,4712.0,0.012300491333007812,6449.0,0.0,0,0.8526788949966431,447049.3125,5000,1000
othim25,erp,1,1,1,0.0006,33.561475821283224,1.074810266494751,563510.125,33.55353863036649,0.9383929967880249,1.0753016471862793,563767.75,0.024524688720703125,12858.0,0.009805679321289062,5141.0,0.013887405395507812,7281.0,0.0,0,1.0998263359069824,576625.75,5000,1000
othim26,erp,1,1,1,0.0006,33.484807311403884,1.0893445014953613,571130.25,33.47659428283129,0.9380585551261902,1.089806079864502,571372.25,0.0239715576171875,12568.0,0.009813308715820312,5145.0,0.013353347778320312,7001.0,0.0,0,1.1137776374816895,583940.25,5000,1000
othim27,erp,1,1,1,0.0006,33.8557097262672,0.9612977504730225,503996.875,33.850699543818905,0.930090606212616,0.9617602825164795,504239.375,0.024097442626953125,12634.0,0.009874343872070312,5177.0,0.013299942016601562,6973.0,0.0,0,0.9858577251434326,516873.375,5000,1000
othim28,erp,1,1,1,0.0006,35.66000070057867,0.9702943563461304,508713.6875,35.64479666411415,0.9539658427238464,0.9712909460067749,509236.1875,0.021768569946289062,11413.0,0.008871078491210938,4651.0,0.011995315551757812,6289.0,0.0,0,0.993059515953064,520649.1875,5000,1000
othim29,erp,1,1,1,0.0006,35.833400642016095,0.9232802391052246,484064.75,35.82483372633889,0.9485732913017273,0.9242593050003052,484578.0625,0.022199630737304688,11639.0,0.00896453857421875,4700.0,0.012342453002929688,6471.0,0.0,0,0.9464589357376099,496217.0625,5000,1000
othim30,erp,1,1,1,0.0006,35.64099130549946,0.9671399593353271,507059.875,35.631527967425,0.9536406993865967,0.9676166772842407,507309.8125,0.022840499877929688,11975.0,0.009820938110351562,5149.0,0.012121200561523438,6355.0,0.0,0,0.9904571771621704,519284.8125,5000,1000
othim01,erp,1,1,1,0.0008,35.33267060019971,0.5815679430961609,304909.09375,35.325576727363135,0.93076491355896,0.5822175145149231,305249.65625,0.02332305908203125,12228.0,0.00894927978515625,4692.0,0.01345062255859375,7052.0,0.0,0,0.6055405735969543,317477.65625,5000,1000
othim02,erp,1,1,1,0.0008,35.21271455506451,0.5980319380760193,313540.96875,35.18007628302495,0.9266314506530762,0.5983747839927673,313720.71875,0.021883010864257812,11473.0,0.009992599487304688,5239.0,0.010831832885742188,5679.0,0.0,0,0.6202577948570251,325193.71875,5000,1000
othim03,erp,1,1,1,0.0008,35.208377830571784,0.587125301361084,307822.75,35.19444450961412,0.9284510612487793,0.5880249738693237,308294.4375,0.022268295288085938,11675.0,0.008840560913085938,4635.0,0.012380599975585938,6491.0,0.0,0,0.6102932691574097,319969.4375,5000,1000
othim04,erp,1,1,1,0.0008,33.684008239302806,1.167604923248291,612161.25,33.67771346600273,0.9477016925811768,1.1681749820709229,612460.125,0.022214889526367188,11647.0,0.008823394775390625,4626.0,0.012350082397460938,6475.0,0.0,0,1.19038987159729,624107.125,5000,1000
othim05,erp,1,1,1,0.0008,34.42722464797686,0.9728872776031494,510073.125,34.42377143647182,0.9410179853439331,0.9732964038848877,510287.625,0.024152755737304688,12663.0,0.009698867797851562,5085.0,0.013416290283203125,7034.0,0.0,0,0.9974491596221924,522950.625,5000,1000
othim06,erp,1,1,1,0.0008,34.329205600630026,0.9534051418304443,499858.875,34.318644361170975,0.9384943842887878,0.9546074271202087,500489.21875,0.0215911865234375,11320.0,0.008684158325195312,4553.0,0.011745452880859375,6158.0,0.0,0,0.9761986136436462,511809.21875,5000,1000
othim07,erp,1,1,1,0.0008,36.43898854744658,0.4285363256931305,224676.453125,36.416746734719766,0.9433717131614685,0.4292656183242798,225058.8125,0.021961212158203125,11514.0,0.008880615234375,4656.0,0.012144088745117188,6367.0,0.0,0,0.4512268304824829,236572.8125,5000,1000
othim08,erp,1,1,1,0.0008,36.70960207225223,0.41141363978385925,215699.234375,36.69182419823987,0.9436213970184326,0.4123481512069702,216189.1875,0.021841049194335938,11451.0,0.008874893188476562,4653.0,0.012022018432617188,6303.0,0.0,0,0.43418920040130615,227640.1875,5000,1000
othim09,erp,1,1,1,0.0008,36.35464674369265,0.4324834942817688,226745.90625,36.34335991713562,0.9404317736625671,0.43383798003196716,227456.046875,0.023061752319335938,12091.0,0.008840560913085938,4635.0,0.013368606567382812,7009.0,0.0,0,0.4568997323513031,239547.046875,5000,1000
othim10,erp,1,1,1,0.0008,35.221287934796074,0.530062198638916,277905.25,35.20581173759895,0.9190265536308289,0.5309675931930542,278379.9375,0.021938323974609375,11502.0,0.008882522583007812,4657.0,0.012231826782226562,6413.0,0.0,0,0.5529059171676636,289881.9375,5000,1000
othim11,erp,1,1,1,0.0008,35.09306035160815,0.6072257161140442,318361.15625,35.08726078278027,0.9257146716117859,0.607813835144043,318669.5,0.02353668212890625,12340.0,0.008882522583007812,4657.0,0.013875961303710938,7275.0,0.0,0,0.6313505172729492,331009.5,5000,1000
othim12,erp,1,1,1,0.0008,34.859033494098306,0.657148540019989,344535.09375,34.83743958153167,0.9269976615905762,0.6576470732688904,344796.46875,0.0217437744140625,11400.0,0.009754180908203125,5114.0,0.011074066162109375,5806.0,0.0,0,0.6793908476829529,356196.46875,5000,1000
othim13,erp,1,1,1,0.0008,36.30786170798582,0.43602705001831055,228603.75,36.28792237032684,0.93217933177948,0.43731552362442017,229279.28125,0.021650314331054688,11351.0,0.008819580078125,4624.0,0.012054443359375,6320.0,0.0,0,0.45896583795547485,240630.28125,5000,1000
othim14,erp,1,1,1,0.0008,36.270604324756,0.4365108609199524,228857.40625,36.25913868898488,0.9310194253921509,0.43721282482147217,229225.4375,0.022520065307617188,11807.0,0.009157180786132812,4801.0,0.012559890747070312,6585.0,0.0,0,0.45973289012908936,241032.4375,5000,1000
othim15,erp,1,1,1,0.0008,36.20820919182185,0.43791282176971436,229592.4375,36.19604124675916,0.9308130145072937,0.4381050765514374,229693.234375,0.023141860961914062,12133.0,0.010021209716796875,5254.0,0.012331008911132812,6465.0,0.0,0,0.46124693751335144,241826.234375,5000,1000
othim16,erp,1,1,1,0.0008,36.992843882585014,0.40364447236061096,211625.953125,36.977499146267796,0.9458317756652832,0.40487828850746155,212272.828125,0.021768569946289062,11413.0,0.008745193481445312,4585.0,0.012212753295898438,6403.0,0.0,0,0.4266468584537506,223685.828125,5000,1000
othim17,erp,1,1,1,0.0008,37.00865204087978,0.4205673336982727,220498.40625,36.9934698722044,0.945616602897644,0.42135801911354065,220912.953125,0.02161407470703125,11332.0,0.00878143310546875,4604.0,0.011922836303710938,6251.0,0.0,0,0.4429720938205719,232244.953125,5000,1000
othim18,erp,1,1,1,0.0008,37.00523971761515,0.42218729853630066,221347.734375,36.98625860404425,0.9455401301383972,0.4231272339820862,221840.53125,0.021541595458984375,11294.0,0.008760452270507812,4593.0,0.0119781494140625,6280.0,0.0,0,0.44466882944107056,233134.53125,5000,1000
othim19,erp,1,1,1,0.0008,34.27859066972463,0.9336475133895874,489500.1875,34.26995802925839,0.9430949687957764,0.9343277812004089,489856.84375,0.022321701049804688,11703.0,0.008899688720703125,4666.0,0.012481689453125,6544.0,0.0,0,0.9566494822502136,501559.84375,5000,1000
othim20,erp,1,1,1,0.0008,34.187851875328505,0.897000789642334,470286.75,34.18158036426203,0.9414143562316895,0.8973214030265808,470454.84375,0.024097442626953125,12634.0,0.009725570678710938,5099.0,0.01358795166015625,7124.0,0.0,0,0.9214188456535339,483088.84375,5000,1000
othim21,erp,1,1,1,0.0008,34.126037753888546,0.9262440204620361,485618.625,34.1223597528461,0.9416904449462891,0.9271246194839478,486080.3125,0.0235748291015625,12360.0,0.008985519409179688,4711.0,0.013677597045898438,7171.0,0.0,0,0.9506994485855103,498440.3125,5000,1000
othim22,erp,1,1,1,0.0008,35.865052170101535,0.4651052951812744,243849.125,35.85006732122562,0.934579610824585,0.4664425849914551,244550.25,0.022884368896484375,11998.0,0.008783340454101562,4605.0,0.013174057006835938,6907.0,0.0,0,0.48932695388793945,256548.25,5000,1000
othim23,erp,1,1,1,0.0008,35.83282656995507,0.5669663548469543,297253.65625,35.8267640090157,0.9465453028678894,0.5673865079879761,297473.9375,0.024448394775390625,12818.0,0.009988784790039062,5237.0,0.0135040283203125,7080.0,0.0,0,0.5918349027633667,310291.9375,5000,1000
othim24,erp,1,1,1,0.0008,35.07798994398076,0.7265055179595947,380898.125,35.07117849848164,0.9449220895767212,0.7268750667572021,381091.875,0.02462005615234375,12908.0,0.00997161865234375,5228.0,0.013612747192382812,7137.0,0.0,0,0.7514951229095459,393999.875,5000,1000
othim25,erp,1,1,1,0.0008,32.91218109821295,0.9422706365585327,494021.1875,32.90379004668387,0.9294211268424988,0.9435629844665527,494698.75,0.022247314453125,11664.0,0.008724212646484375,4574.0,0.012361526489257812,6481.0,0.0,0,0.9658102989196777,506362.75,5000,1000
othim26,erp,1,1,1,0.0008,32.8214089695466,0.9491636753082275,497635.125,32.813683948977086,0.9296690225601196,0.9502383470535278,498198.5625,0.022167205810546875,11622.0,0.008775711059570312,4601.0,0.012334823608398438,6467.0,0.0,0,0.9724055528640747,509820.5625,5000,1000
othim27,erp,1,1,1,0.0008,33.10957276451736,0.8446797132492065,442855.4375,33.10019137879379,0.9183751940727234,0.8450357913970947,443042.125,0.0232391357421875,12184.0,0.009735107421875,5104.0,0.012456893920898438,6531.0,0.0,0,0.8682749271392822,455226.125,5000,1000
othim28,erp,1,1,1,0.0008,34.67867709655155,0.8521000146865845,446745.8125,34.67026231706405,0.9455599784851074,0.8526651263237,447042.09375,0.021791458129882812,11425.0,0.008747100830078125,4586.0,0.012149810791015625,6370.0,0.0,0,0.8744565844535828,458467.09375,5000,1000
othim29,erp,1,1,1,0.0008,34.95380891472278,0.8046682476997375,421877.90625,34.92613023291248,0.940736711025238,0.8057372570037842,422438.375,0.02074432373046875,10876.0,0.008684158325195312,4553.0,0.011144638061523438,5843.0,0.0,0,0.8264815807342529,433314.375,5000,1000
othim30,erp,1,1,1,0.0008,34.751388026133846,0.878178060054779,460418.21875,34.74853153768205,0.9460715651512146,0.87838214635849,460525.21875,0.0244903564453125,12840.0,0.009853363037109375,5166.0,0.013616561889648438,7139.0,0.0,0,0.9028725028038025,473365.21875,5000,1000
