seed 1
Namespace(batch_size=1, lr=0.01, data='../data', sparsity=0.0, local_upsampling_kernel_size=8, upsampling_kernel_size=8, static_upsampling_kernel=False, latent_factor=1, mod_base=7, highest_flag=1, context_arm=16, dim_arm_mod=16, use_candidate=True, type='other', mod_hid_layer=0, sythesis_features=12, hidden_features=64, hidden_layer=2, scale=1, lambda_rate=0.1, lambda_rate_list=[0.1, 0.2, 0.4, 0.8], start_index=0, mask_type='erp', wsmse_tag=0, swhdc_tag=1, swhdc_dilations=[1, 2, 3, 4], erp_padding=1, workdir='./experiments/wsssim_tunado_full_regime', train_steps_1=100000, train_steps_2=10000, loss_type='combined', lambda_dist=0.0, lambda_percep=1.0, patch_h=512, patch_w=1024, all_pix_num=524288, eval_pix_num=524288)
Directory './saved/modbase_7/context_16_arm_mod_16' already exists.
Directory './saved/modbase_7/context_16_arm_mod_16/sparity_0.0' already exists.
top %: 0.0

🔁 Stage-1 Training Candidate 1/7
Quantizer parameter: encoding gain  16
total pixel: 524288
Get Mod with shape torch.Size([1, 1, 8, 16]) at layer: 1
Get Mod with shape torch.Size([1, 1, 16, 32]) at layer: 2
Get Mod with shape torch.Size([1, 1, 32, 64]) at layer: 3
Get Mod with shape torch.Size([1, 1, 64, 128]) at layer: 4
Get Mod with shape torch.Size([1, 1, 128, 256]) at layer: 5
Get Mod with shape torch.Size([1, 1, 256, 512]) at layer: 6
Get Mod with shape torch.Size([1, 1, 512, 1024]) at layer: 7
start temperature: 0.3 noise parameter: 2.0
end temperature: 0.3 noise parameter: 2.0
********************Start from stage I
/home/diego/zoc360/models/candidate_train.py:178: UserWarning: Converting a tensor with requires_grad=True to a scalar may lead to unexpected behavior.
Consider using tensor.detach() first. (Triggered internally at /pytorch/torch/csrc/autograd/generated/python_variable_methods.cpp:838.)
  "Step %d, BEST PSNR: %0.6f, Total loss %0.6f"
Step 400, BEST PSNR: 28.965872, Total loss 0.130623 with its rate 0.6449871063232422 latent_bits 338159.0

🔁 Stage-1 Training Candidate 2/7
Quantizer parameter: encoding gain  16
total pixel: 524288
Get Mod with shape torch.Size([1, 1, 8, 16]) at layer: 1
Get Mod with shape torch.Size([1, 1, 16, 32]) at layer: 2
Get Mod with shape torch.Size([1, 1, 32, 64]) at layer: 3
Get Mod with shape torch.Size([1, 1, 64, 128]) at layer: 4
Get Mod with shape torch.Size([1, 1, 128, 256]) at layer: 5
Get Mod with shape torch.Size([1, 1, 256, 512]) at layer: 6
Get Mod with shape torch.Size([1, 1, 512, 1024]) at layer: 7
start temperature: 0.3 noise parameter: 2.0
end temperature: 0.3 noise parameter: 2.0
********************Start from stage I
Step 400, BEST PSNR: 28.985783, Total loss 0.131054 with its rate 0.6285264492034912 latent_bits 329528.875

🔁 Stage-1 Training Candidate 3/7
Quantizer parameter: encoding gain  16
total pixel: 524288
Get Mod with shape torch.Size([1, 1, 8, 16]) at layer: 1
Get Mod with shape torch.Size([1, 1, 16, 32]) at layer: 2
Get Mod with shape torch.Size([1, 1, 32, 64]) at layer: 3
Get Mod with shape torch.Size([1, 1, 64, 128]) at layer: 4
Get Mod with shape torch.Size([1, 1, 128, 256]) at layer: 5
Get Mod with shape torch.Size([1, 1, 256, 512]) at layer: 6
Get Mod with shape torch.Size([1, 1, 512, 1024]) at layer: 7
start temperature: 0.3 noise parameter: 2.0
end temperature: 0.3 noise parameter: 2.0
********************Start from stage I
Step 400, BEST PSNR: 29.878420, Total loss 0.129871 with its rate 0.6349552869796753 latent_bits 332899.4375

🔁 Stage-1 Training Candidate 4/7
Quantizer parameter: encoding gain  16
total pixel: 524288
Get Mod with shape torch.Size([1, 1, 8, 16]) at layer: 1
Get Mod with shape torch.Size([1, 1, 16, 32]) at layer: 2
Get Mod with shape torch.Size([1, 1, 32, 64]) at layer: 3
Get Mod with shape torch.Size([1, 1, 64, 128]) at layer: 4
Get Mod with shape torch.Size([1, 1, 128, 256]) at layer: 5
Get Mod with shape torch.Size([1, 1, 256, 512]) at layer: 6
Get Mod with shape torch.Size([1, 1, 512, 1024]) at layer: 7
start temperature: 0.3 noise parameter: 2.0
end temperature: 0.3 noise parameter: 2.0
********************Start from stage I
Step 400, BEST PSNR: 29.859314, Total loss 0.130745 with its rate 0.6438186168670654 latent_bits 337546.375

🔁 Stage-1 Training Candidate 5/7
Quantizer parameter: encoding gain  16
total pixel: 524288
Get Mod with shape torch.Size([1, 1, 8, 16]) at layer: 1
Get Mod with shape torch.Size([1, 1, 16, 32]) at layer: 2
Get Mod with shape torch.Size([1, 1, 32, 64]) at layer: 3
Get Mod with shape torch.Size([1, 1, 64, 128]) at layer: 4
Get Mod with shape torch.Size([1, 1, 128, 256]) at layer: 5
Get Mod with shape torch.Size([1, 1, 256, 512]) at layer: 6
Get Mod with shape torch.Size([1, 1, 512, 1024]) at layer: 7
start temperature: 0.3 noise parameter: 2.0
end temperature: 0.3 noise parameter: 2.0
********************Start from stage I
Step 400, BEST PSNR: 29.706932, Total loss 0.130728 with its rate 0.6439903378486633 latent_bits 337636.40625

🔁 Stage-1 Training Candidate 6/7
Quantizer parameter: encoding gain  16
total pixel: 524288
Get Mod with shape torch.Size([1, 1, 8, 16]) at layer: 1
Get Mod with shape torch.Size([1, 1, 16, 32]) at layer: 2
Get Mod with shape torch.Size([1, 1, 32, 64]) at layer: 3
Get Mod with shape torch.Size([1, 1, 64, 128]) at layer: 4
Get Mod with shape torch.Size([1, 1, 128, 256]) at layer: 5
Get Mod with shape torch.Size([1, 1, 256, 512]) at layer: 6
Get Mod with shape torch.Size([1, 1, 512, 1024]) at layer: 7
start temperature: 0.3 noise parameter: 2.0
end temperature: 0.3 noise parameter: 2.0
********************Start from stage I
Step 400, BEST PSNR: 29.497282, Total loss 0.134353 with its rate 0.6511398553848267 latent_bits 341384.8125

🔁 Stage-1 Training Candidate 7/7
Quantizer parameter: encoding gain  16
total pixel: 524288
Get Mod with shape torch.Size([1, 1, 8, 16]) at layer: 1
Get Mod with shape torch.Size([1, 1, 16, 32]) at layer: 2
Get Mod with shape torch.Size([1, 1, 32, 64]) at layer: 3
Get Mod with shape torch.Size([1, 1, 64, 128]) at layer: 4
Get Mod with shape torch.Size([1, 1, 128, 256]) at layer: 5
Get Mod with shape torch.Size([1, 1, 256, 512]) at layer: 6
Get Mod with shape torch.Size([1, 1, 512, 1024]) at layer: 7
start temperature: 0.3 noise parameter: 2.0
end temperature: 0.3 noise parameter: 2.0
********************Start from stage I
Step 400, BEST PSNR: 29.417552, Total loss 0.134062 with its rate 0.6531463861465454 latent_bits 342436.8125

🌟 Selected Top-3 Candidates by RD cost

🎯 Stage-2 Refining Candidate 1/3
start temperature: 0.3 noise parameter: 2.0
end temperature: 0.3 noise parameter: 2.0
********************Start from stage I
Step 400, BEST PSNR: 30.640719, Total loss 0.127745 with its rate 0.6579393148422241 latent_bits 344949.6875

🎯 Stage-2 Refining Candidate 2/3
start temperature: 0.3 noise parameter: 2.0
end temperature: 0.3 noise parameter: 2.0
********************Start from stage I
Step 400, BEST PSNR: 30.542536, Total loss 0.127981 with its rate 0.6659479141235352 latent_bits 349148.5

🎯 Stage-2 Refining Candidate 3/3
start temperature: 0.3 noise parameter: 2.0
end temperature: 0.3 noise parameter: 2.0
********************Start from stage I
Step 400, BEST PSNR: 30.747776, Total loss 0.126447 with its rate 0.6553555727005005 latent_bits 343595.0625

🏆 Best Candidate Final PSNR: 30.75, Rate: 0.6554
Masked_INR(
  (upsampling_2d): Upsampling(
    (conv_transpose2d): UpsamplingConvTranspose2d()
  )
  (arm): Arm(
    (mlp): Sequential(
      (0): ArmConv(
        (conv1_1): Conv1d(16, 16, kernel_size=(1,), stride=(1,))
      )
      (1): GELU(approximate='none')
      (2): ArmConv(
        (conv1_1): Conv1d(16, 16, kernel_size=(1,), stride=(1,))
      )
      (3): GELU(approximate='none')
      (4): ArmConv(
        (conv1_1): Conv1d(16, 2, kernel_size=(1,), stride=(1,))
      )
    )
  )
  (conv_mod): LocalGlobalBlock(
    (net): Sequential(
      (0): SynthesisLayer(
        (pad): Identity()
        (conv_layer): SWHDC(
          (conv): Conv2d(2, 3, kernel_size=(3, 3), stride=(1, 1))
        )
        (non_linearity): GELU(approximate='none')
      )
      (1): SynthesisResidualLayer(
        (pad): ReplicationPad2d((0, 0, 0, 0))
        (conv_layer): Conv2d(3, 3, kernel_size=(1, 1), stride=(1, 1))
        (non_linearity): GELU(approximate='none')
      )
      (2): SynthesisResidualLayer(
        (pad): ReplicationPad2d((0, 0, 0, 0))
        (conv_layer): Conv2d(3, 3, kernel_size=(1, 1), stride=(1, 1))
        (non_linearity): GELU(approximate='none')
      )
      (3): SynthesisResidualLayer(
        (pad): ReplicationPad2d((0, 0, 0, 0))
        (conv_layer): Conv2d(3, 3, kernel_size=(1, 1), stride=(1, 1))
        (non_linearity): Identity()
      )
    )
    (global_net): Sequential(
      (0): SynthesisLayer(
        (pad): Identity()
        (conv_layer): SWHDC(
          (conv): Conv2d(2, 3, kernel_size=(3, 3), stride=(1, 1))
        )
        (non_linearity): GELU(approximate='none')
      )
      (1): SynthesisResidualLayer(
        (pad): ReplicationPad2d((0, 0, 0, 0))
        (conv_layer): Conv2d(3, 3, kernel_size=(1, 1), stride=(1, 1))
        (non_linearity): GELU(approximate='none')
      )
      (2): SynthesisResidualLayer(
        (pad): ReplicationPad2d((0, 0, 0, 0))
        (conv_layer): Conv2d(3, 3, kernel_size=(1, 1), stride=(1, 1))
        (non_linearity): GELU(approximate='none')
      )
      (3): SynthesisResidualLayer(
        (pad): ReplicationPad2d((0, 0, 0, 0))
        (conv_layer): Conv2d(3, 3, kernel_size=(1, 1), stride=(1, 1))
        (non_linearity): Identity()
      )
    )
    (agg_func): Sequential(
      (0): SynthesisLayer(
        (pad): ReplicationPad2d((0, 0, 0, 0))
        (conv_layer): Conv2d(18, 3, kernel_size=(1, 1), stride=(1, 1))
        (non_linearity): GELU(approximate='none')
      )
      (1): SynthesisLayer(
        (pad): ReplicationPad2d((0, 0, 0, 0))
        (conv_layer): Conv2d(21, 3, kernel_size=(1, 1), stride=(1, 1))
        (non_linearity): GELU(approximate='none')
      )
      (2): SynthesisLayer(
        (pad): ReplicationPad2d((0, 0, 0, 0))
        (conv_layer): Conv2d(24, 3, kernel_size=(1, 1), stride=(1, 1))
        (non_linearity): GELU(approximate='none')
      )
    )
    (full_net): Sequential(
      (0): SynthesisLayer(
        (pad): ReplicationPad2d((0, 0, 0, 0))
        (conv_layer): Conv2d(7, 12, kernel_size=(1, 1), stride=(1, 1))
        (non_linearity): GELU(approximate='none')
      )
      (1): SynthesisLayer(
        (pad): ReplicationPad2d((0, 0, 0, 0))
        (conv_layer): Conv2d(12, 3, kernel_size=(1, 1), stride=(1, 1))
        (non_linearity): GELU(approximate='none')
      )
      (2): SynthesisResidualLayer(
        (conv_layer): Conv2d(3, 3, kernel_size=(3, 3), stride=(1, 1))
        (non_linearity): GELU(approximate='none')
      )
      (3): SynthesisResidualLayer(
        (conv_layer): Conv2d(3, 3, kernel_size=(3, 3), stride=(1, 1))
        (non_linearity): GELU(approximate='none')
      )
    )
  )
  (modulation_sf): ParameterList(
      (0): Parameter containing: [torch.float32 of size 1x1x8x16 (cuda:0)]
      (1): Parameter containing: [torch.float32 of size 1x1x16x32 (cuda:0)]
      (2): Parameter containing: [torch.float32 of size 1x1x32x64 (cuda:0)]
      (3): Parameter containing: [torch.float32 of size 1x1x64x128 (cuda:0)]
      (4): Parameter containing: [torch.float32 of size 1x1x128x256 (cuda:0)]
      (5): Parameter containing: [torch.float32 of size 1x1x256x512 (cuda:0)]
      (6): Parameter containing: [torch.float32 of size 1x1x512x1024 (cuda:0)]
  )
)
train the 0 -th image
start temperature: 0.3 noise parameter: 2.0
end temperature: 0.1 noise parameter: 1.0
********************Start from stage I
********************going into stage II
eval_object_psnr: 39.13938042519607
eval_background_psnr: 33.78399447305642
eval_background_psnr: 33.78399447305642
********************Evaluation the Image 0-th, after Step 9999, BEST PSNR: 32.668964, Print rate 0.503386. *************************
Saved model at ./saved/modbase_7/context_16_arm_mod_16/sparity_0.0/inr_mod_16KODAK_ROI_Global_new_struture_7_12_3_33_orderconcat_operator_0_pw_0.1_img_object0.pth
Trained the image with PSNR: 32.66896381681496  latent bits 0.5033864378929138 latent bits number 263919.46875
[32.66896381681496]
[0.5033864378929138]
[263919.46875]
load the model: ./saved/modbase_7/context_16_arm_mod_16/sparity_0.0/inr_mod_16KODAK_ROI_Global_new_struture_7_12_3_33_orderconcat_operator_0_pw_0.1_img_object0.pth for the  0 -th image
********************Evalutation with quantization
********************Starting quantizing models
eval_object_psnr: 37.921336071048216
full_image_psnr: 31.623449753612473
object_psnr: 37.921336071048216
background_psnr: 32.80647720404926
********************Evaluation the Image 0-th, BEST PSNR: 31.623450, Print rate 0.504595, Network rate 0.019606. *************************
eval_wsssim: 0.947072
Decoded image saved to ./experiments/wsssim_tunado_full_regime/decoded_images/othim01_maskerp_wsmse0_swhdc1_erp1_lambda0.1.png
Evaluate the image: PSNR: 31.623449753612473 All bits: 0.5242006778717041  latent bits: 0.5045950412750244  network bits: 0.019605636596679688
Evaluate arm network bits: 0.00934600830078125 Evaluate synthesis network bits: 0.009660720825195312
Image All bits num: 274832.125 latent bits num: 264553.125 mlp bits num: 10279.0 border bits num:
arm bits num: 4900.0 synthesis bits num: 5065.0
[31.623449753612473]
[0.5242006778717041]
[274832.125]
Metrics saved to ./experiments/wsssim_tunado_full_regime/results.csv
Current eval Ave PSNR: 31.623449753612473 Ave Bits 0.5242006778717041
Namespace(batch_size=1, lr=0.01, data='../data', sparsity=0.0, local_upsampling_kernel_size=8, upsampling_kernel_size=8, static_upsampling_kernel=False, latent_factor=1, mod_base=7, highest_flag=1, context_arm=16, dim_arm_mod=16, use_candidate=True, type='other', mod_hid_layer=0, sythesis_features=12, hidden_features=64, hidden_layer=2, scale=1, lambda_rate=0.1, lambda_rate_list=[0.1, 0.2, 0.4, 0.8], start_index=0, mask_type='erp', wsmse_tag=0, swhdc_tag=1, swhdc_dilations=[1, 2, 3, 4], erp_padding=1, workdir='./experiments/wsssim_tunado_full_regime', train_steps_1=100000, train_steps_2=10000, loss_type='combined', lambda_dist=0.0, lambda_percep=1.0, patch_h=512, patch_w=1024, all_pix_num=524288, eval_pix_num=524288)
Directory './saved/modbase_7/context_16_arm_mod_16' already exists.
Directory './saved/modbase_7/context_16_arm_mod_16/sparity_0.0' already exists.
top %: 0.0

🔁 Stage-1 Training Candidate 1/7
Quantizer parameter: encoding gain  16
total pixel: 524288
Get Mod with shape torch.Size([1, 1, 8, 16]) at layer: 1
Get Mod with shape torch.Size([1, 1, 16, 32]) at layer: 2
Get Mod with shape torch.Size([1, 1, 32, 64]) at layer: 3
Get Mod with shape torch.Size([1, 1, 64, 128]) at layer: 4
Get Mod with shape torch.Size([1, 1, 128, 256]) at layer: 5
Get Mod with shape torch.Size([1, 1, 256, 512]) at layer: 6
Get Mod with shape torch.Size([1, 1, 512, 1024]) at layer: 7
start temperature: 0.3 noise parameter: 2.0
end temperature: 0.3 noise parameter: 2.0
********************Start from stage I
Step 400, BEST PSNR: 28.589426, Total loss 0.154497 with its rate 0.918179452419281 latent_bits 481390.46875

🔁 Stage-1 Training Candidate 2/7
Quantizer parameter: encoding gain  16
total pixel: 524288
Get Mod with shape torch.Size([1, 1, 8, 16]) at layer: 1
Get Mod with shape torch.Size([1, 1, 16, 32]) at layer: 2
Get Mod with shape torch.Size([1, 1, 32, 64]) at layer: 3
Get Mod with shape torch.Size([1, 1, 64, 128]) at layer: 4
Get Mod with shape torch.Size([1, 1, 128, 256]) at layer: 5
Get Mod with shape torch.Size([1, 1, 256, 512]) at layer: 6
Get Mod with shape torch.Size([1, 1, 512, 1024]) at layer: 7
start temperature: 0.3 noise parameter: 2.0
end temperature: 0.3 noise parameter: 2.0
********************Start from stage I
Step 400, BEST PSNR: 27.804247, Total loss 0.156146 with its rate 0.9298440217971802 latent_bits 487506.0625

🔁 Stage-1 Training Candidate 3/7
Quantizer parameter: encoding gain  16
total pixel: 524288
Get Mod with shape torch.Size([1, 1, 8, 16]) at layer: 1
Get Mod with shape torch.Size([1, 1, 16, 32]) at layer: 2
Get Mod with shape torch.Size([1, 1, 32, 64]) at layer: 3
Get Mod with shape torch.Size([1, 1, 64, 128]) at layer: 4
Get Mod with shape torch.Size([1, 1, 128, 256]) at layer: 5
Get Mod with shape torch.Size([1, 1, 256, 512]) at layer: 6
Get Mod with shape torch.Size([1, 1, 512, 1024]) at layer: 7
start temperature: 0.3 noise parameter: 2.0
end temperature: 0.3 noise parameter: 2.0
********************Start from stage I
Step 400, BEST PSNR: 28.769452, Total loss 0.153883 with its rate 0.9178519248962402 latent_bits 481218.75

🔁 Stage-1 Training Candidate 4/7
Quantizer parameter: encoding gain  16
total pixel: 524288
Get Mod with shape torch.Size([1, 1, 8, 16]) at layer: 1
Get Mod with shape torch.Size([1, 1, 16, 32]) at layer: 2
Get Mod with shape torch.Size([1, 1, 32, 64]) at layer: 3
Get Mod with shape torch.Size([1, 1, 64, 128]) at layer: 4
Get Mod with shape torch.Size([1, 1, 128, 256]) at layer: 5
Get Mod with shape torch.Size([1, 1, 256, 512]) at layer: 6
Get Mod with shape torch.Size([1, 1, 512, 1024]) at layer: 7
start temperature: 0.3 noise parameter: 2.0
end temperature: 0.3 noise parameter: 2.0
********************Start from stage I
Step 400, BEST PSNR: 28.903213, Total loss 0.154079 with its rate 0.9231820106506348 latent_bits 484013.25

🔁 Stage-1 Training Candidate 5/7
Quantizer parameter: encoding gain  16
total pixel: 524288
Get Mod with shape torch.Size([1, 1, 8, 16]) at layer: 1
Get Mod with shape torch.Size([1, 1, 16, 32]) at layer: 2
Get Mod with shape torch.Size([1, 1, 32, 64]) at layer: 3
Get Mod with shape torch.Size([1, 1, 64, 128]) at layer: 4
Get Mod with shape torch.Size([1, 1, 128, 256]) at layer: 5
Get Mod with shape torch.Size([1, 1, 256, 512]) at layer: 6
Get Mod with shape torch.Size([1, 1, 512, 1024]) at layer: 7
start temperature: 0.3 noise parameter: 2.0
end temperature: 0.3 noise parameter: 2.0
********************Start from stage I
Step 400, BEST PSNR: 28.548311, Total loss 0.155164 with its rate 0.9190512299537659 latent_bits 481847.53125

🔁 Stage-1 Training Candidate 6/7
Quantizer parameter: encoding gain  16
total pixel: 524288
Get Mod with shape torch.Size([1, 1, 8, 16]) at layer: 1
Get Mod with shape torch.Size([1, 1, 16, 32]) at layer: 2
Get Mod with shape torch.Size([1, 1, 32, 64]) at layer: 3
Get Mod with shape torch.Size([1, 1, 64, 128]) at layer: 4
Get Mod with shape torch.Size([1, 1, 128, 256]) at layer: 5
Get Mod with shape torch.Size([1, 1, 256, 512]) at layer: 6
Get Mod with shape torch.Size([1, 1, 512, 1024]) at layer: 7
start temperature: 0.3 noise parameter: 2.0
end temperature: 0.3 noise parameter: 2.0
********************Start from stage I
Step 400, BEST PSNR: 28.385507, Total loss 0.154196 with its rate 0.9161947965621948 latent_bits 480349.9375

🔁 Stage-1 Training Candidate 7/7
Quantizer parameter: encoding gain  16
total pixel: 524288
Get Mod with shape torch.Size([1, 1, 8, 16]) at layer: 1
Get Mod with shape torch.Size([1, 1, 16, 32]) at layer: 2
Get Mod with shape torch.Size([1, 1, 32, 64]) at layer: 3
Get Mod with shape torch.Size([1, 1, 64, 128]) at layer: 4
Get Mod with shape torch.Size([1, 1, 128, 256]) at layer: 5
Get Mod with shape torch.Size([1, 1, 256, 512]) at layer: 6
Get Mod with shape torch.Size([1, 1, 512, 1024]) at layer: 7
start temperature: 0.3 noise parameter: 2.0
end temperature: 0.3 noise parameter: 2.0
********************Start from stage I
Step 400, BEST PSNR: 28.247498, Total loss 0.155425 with its rate 0.9311791062355042 latent_bits 488206.03125

🌟 Selected Top-3 Candidates by RD cost

🎯 Stage-2 Refining Candidate 1/3
start temperature: 0.3 noise parameter: 2.0
end temperature: 0.3 noise parameter: 2.0
********************Start from stage I
Step 400, BEST PSNR: 28.832481, Total loss 0.151548 with its rate 0.9217297434806824 latent_bits 483251.84375

🎯 Stage-2 Refining Candidate 2/3
start temperature: 0.3 noise parameter: 2.0
end temperature: 0.3 noise parameter: 2.0
********************Start from stage I
Step 400, BEST PSNR: 28.925572, Total loss 0.152593 with its rate 0.9197177886962891 latent_bits 482197.0

🎯 Stage-2 Refining Candidate 3/3
start temperature: 0.3 noise parameter: 2.0
end temperature: 0.3 noise parameter: 2.0
********************Start from stage I
Step 400, BEST PSNR: 29.041960, Total loss 0.151041 with its rate 0.9198006391525269 latent_bits 482240.4375

🏆 Best Candidate Final PSNR: 29.04, Rate: 0.9198
Masked_INR(
  (upsampling_2d): Upsampling(
    (conv_transpose2d): UpsamplingConvTranspose2d()
  )
  (arm): Arm(
    (mlp): Sequential(
      (0): ArmConv(
        (conv1_1): Conv1d(16, 16, kernel_size=(1,), stride=(1,))
      )
      (1): GELU(approximate='none')
      (2): ArmConv(
        (conv1_1): Conv1d(16, 16, kernel_size=(1,), stride=(1,))
      )
      (3): GELU(approximate='none')
      (4): ArmConv(
        (conv1_1): Conv1d(16, 2, kernel_size=(1,), stride=(1,))
      )
    )
  )
  (conv_mod): LocalGlobalBlock(
    (net): Sequential(
      (0): SynthesisLayer(
        (pad): Identity()
        (conv_layer): SWHDC(
          (conv): Conv2d(2, 3, kernel_size=(3, 3), stride=(1, 1))
        )
        (non_linearity): GELU(approximate='none')
      )
      (1): SynthesisResidualLayer(
        (pad): ReplicationPad2d((0, 0, 0, 0))
        (conv_layer): Conv2d(3, 3, kernel_size=(1, 1), stride=(1, 1))
        (non_linearity): GELU(approximate='none')
      )
      (2): SynthesisResidualLayer(
        (pad): ReplicationPad2d((0, 0, 0, 0))
        (conv_layer): Conv2d(3, 3, kernel_size=(1, 1), stride=(1, 1))
        (non_linearity): GELU(approximate='none')
      )
      (3): SynthesisResidualLayer(
        (pad): ReplicationPad2d((0, 0, 0, 0))
        (conv_layer): Conv2d(3, 3, kernel_size=(1, 1), stride=(1, 1))
        (non_linearity): Identity()
      )
    )
    (global_net): Sequential(
      (0): SynthesisLayer(
        (pad): Identity()
        (conv_layer): SWHDC(
          (conv): Conv2d(2, 3, kernel_size=(3, 3), stride=(1, 1))
        )
        (non_linearity): GELU(approximate='none')
      )
      (1): SynthesisResidualLayer(
        (pad): ReplicationPad2d((0, 0, 0, 0))
        (conv_layer): Conv2d(3, 3, kernel_size=(1, 1), stride=(1, 1))
        (non_linearity): GELU(approximate='none')
      )
      (2): SynthesisResidualLayer(
        (pad): ReplicationPad2d((0, 0, 0, 0))
        (conv_layer): Conv2d(3, 3, kernel_size=(1, 1), stride=(1, 1))
        (non_linearity): GELU(approximate='none')
      )
      (3): SynthesisResidualLayer(
        (pad): ReplicationPad2d((0, 0, 0, 0))
        (conv_layer): Conv2d(3, 3, kernel_size=(1, 1), stride=(1, 1))
        (non_linearity): Identity()
      )
    )
    (agg_func): Sequential(
      (0): SynthesisLayer(
        (pad): ReplicationPad2d((0, 0, 0, 0))
        (conv_layer): Conv2d(18, 3, kernel_size=(1, 1), stride=(1, 1))
        (non_linearity): GELU(approximate='none')
      )
      (1): SynthesisLayer(
        (pad): ReplicationPad2d((0, 0, 0, 0))
        (conv_layer): Conv2d(21, 3, kernel_size=(1, 1), stride=(1, 1))
        (non_linearity): GELU(approximate='none')
      )
      (2): SynthesisLayer(
        (pad): ReplicationPad2d((0, 0, 0, 0))
        (conv_layer): Conv2d(24, 3, kernel_size=(1, 1), stride=(1, 1))
        (non_linearity): GELU(approximate='none')
      )
    )
    (full_net): Sequential(
      (0): SynthesisLayer(
        (pad): ReplicationPad2d((0, 0, 0, 0))
        (conv_layer): Conv2d(7, 12, kernel_size=(1, 1), stride=(1, 1))
        (non_linearity): GELU(approximate='none')
      )
      (1): SynthesisLayer(
        (pad): ReplicationPad2d((0, 0, 0, 0))
        (conv_layer): Conv2d(12, 3, kernel_size=(1, 1), stride=(1, 1))
        (non_linearity): GELU(approximate='none')
      )
      (2): SynthesisResidualLayer(
        (conv_layer): Conv2d(3, 3, kernel_size=(3, 3), stride=(1, 1))
        (non_linearity): GELU(approximate='none')
      )
      (3): SynthesisResidualLayer(
        (conv_layer): Conv2d(3, 3, kernel_size=(3, 3), stride=(1, 1))
        (non_linearity): GELU(approximate='none')
      )
    )
  )
  (modulation_sf): ParameterList(
      (0): Parameter containing: [torch.float32 of size 1x1x8x16 (cuda:0)]
      (1): Parameter containing: [torch.float32 of size 1x1x16x32 (cuda:0)]
      (2): Parameter containing: [torch.float32 of size 1x1x32x64 (cuda:0)]
      (3): Parameter containing: [torch.float32 of size 1x1x64x128 (cuda:0)]
      (4): Parameter containing: [torch.float32 of size 1x1x128x256 (cuda:0)]
      (5): Parameter containing: [torch.float32 of size 1x1x256x512 (cuda:0)]
      (6): Parameter containing: [torch.float32 of size 1x1x512x1024 (cuda:0)]
  )
)
train the 5 -th image
start temperature: 0.3 noise parameter: 2.0
end temperature: 0.1 noise parameter: 1.0
********************Start from stage I
********************going into stage II
eval_object_psnr: 36.03989327859176
eval_background_psnr: 32.49389086751821
eval_background_psnr: 32.49389086751821
********************Evaluation the Image 5-th, after Step 9999, BEST PSNR: 30.904102, Print rate 0.739089. *************************
Saved model at ./saved/modbase_7/context_16_arm_mod_16/sparity_0.0/inr_mod_16KODAK_ROI_Global_new_struture_7_12_3_33_orderconcat_operator_0_pw_0.1_img_object5.pth
Trained the image with PSNR: 30.904102157456247  latent bits 0.7390890121459961 latent bits number 387495.5
[32.66896381681496, 30.904102157456247]
[0.5033864378929138, 0.7390890121459961]
[263919.46875, 387495.5]
load the model: ./saved/modbase_7/context_16_arm_mod_16/sparity_0.0/inr_mod_16KODAK_ROI_Global_new_struture_7_12_3_33_orderconcat_operator_0_pw_0.1_img_object5.pth for the  5 -th image
********************Evalutation with quantization
********************Starting quantizing models
eval_object_psnr: 35.915128520859035
full_image_psnr: 30.613414367574233
object_psnr: 35.915128520859035
background_psnr: 32.13306334902424
********************Evaluation the Image 5-th, BEST PSNR: 30.613414, Print rate 0.739308, Network rate 0.021738. *************************
eval_wsssim: 0.951176
Decoded image saved to ./experiments/wsssim_tunado_full_regime/decoded_images/othim06_maskerp_wsmse0_swhdc1_erp1_lambda0.1.png
Evaluate the image: PSNR: 30.613414367574233 All bits: 0.7610458135604858  latent bits: 0.7393077611923218  network bits: 0.021738052368164062
Evaluate arm network bits: 0.010540008544921875 Evaluate synthesis network bits: 0.010616302490234375
Image All bits num: 399007.1875 latent bits num: 387610.1875 mlp bits num: 11397.0 border bits num:
arm bits num: 5526.0 synthesis bits num: 5566.0
[31.623449753612473, 30.613414367574233]
[0.5242006778717041, 0.7610458135604858]
[274832.125, 399007.1875]
Metrics saved to ./experiments/wsssim_tunado_full_regime/results.csv
Current eval Ave PSNR: 31.118432060593353 Ave Bits 0.642623245716095
Namespace(batch_size=1, lr=0.01, data='../data', sparsity=0.0, local_upsampling_kernel_size=8, upsampling_kernel_size=8, static_upsampling_kernel=False, latent_factor=1, mod_base=7, highest_flag=1, context_arm=16, dim_arm_mod=16, use_candidate=True, type='other', mod_hid_layer=0, sythesis_features=12, hidden_features=64, hidden_layer=2, scale=1, lambda_rate=0.1, lambda_rate_list=[0.1, 0.2, 0.4, 0.8], start_index=0, mask_type='erp', wsmse_tag=0, swhdc_tag=1, swhdc_dilations=[1, 2, 3, 4], erp_padding=1, workdir='./experiments/wsssim_tunado_full_regime', train_steps_1=100000, train_steps_2=10000, loss_type='combined', lambda_dist=0.0, lambda_percep=1.0, patch_h=512, patch_w=1024, all_pix_num=524288, eval_pix_num=524288)
Directory './saved/modbase_7/context_16_arm_mod_16' already exists.
Directory './saved/modbase_7/context_16_arm_mod_16/sparity_0.0' already exists.
top %: 0.0

🔁 Stage-1 Training Candidate 1/7
Quantizer parameter: encoding gain  16
total pixel: 524288
Get Mod with shape torch.Size([1, 1, 8, 16]) at layer: 1
Get Mod with shape torch.Size([1, 1, 16, 32]) at layer: 2
Get Mod with shape torch.Size([1, 1, 32, 64]) at layer: 3
Get Mod with shape torch.Size([1, 1, 64, 128]) at layer: 4
Get Mod with shape torch.Size([1, 1, 128, 256]) at layer: 5
Get Mod with shape torch.Size([1, 1, 256, 512]) at layer: 6
Get Mod with shape torch.Size([1, 1, 512, 1024]) at layer: 7
start temperature: 0.3 noise parameter: 2.0
end temperature: 0.3 noise parameter: 2.0
********************Start from stage I
Step 400, BEST PSNR: 30.171209, Total loss 0.131579 with its rate 0.7243154048919678 latent_bits 379749.875

🔁 Stage-1 Training Candidate 2/7
Quantizer parameter: encoding gain  16
total pixel: 524288
Get Mod with shape torch.Size([1, 1, 8, 16]) at layer: 1
Get Mod with shape torch.Size([1, 1, 16, 32]) at layer: 2
Get Mod with shape torch.Size([1, 1, 32, 64]) at layer: 3
Get Mod with shape torch.Size([1, 1, 64, 128]) at layer: 4
Get Mod with shape torch.Size([1, 1, 128, 256]) at layer: 5
Get Mod with shape torch.Size([1, 1, 256, 512]) at layer: 6
Get Mod with shape torch.Size([1, 1, 512, 1024]) at layer: 7
start temperature: 0.3 noise parameter: 2.0
end temperature: 0.3 noise parameter: 2.0
********************Start from stage I
Step 400, BEST PSNR: 30.122587, Total loss 0.132892 with its rate 0.7292824983596802 latent_bits 382354.0625

🔁 Stage-1 Training Candidate 3/7
Quantizer parameter: encoding gain  16
total pixel: 524288
Get Mod with shape torch.Size([1, 1, 8, 16]) at layer: 1
Get Mod with shape torch.Size([1, 1, 16, 32]) at layer: 2
Get Mod with shape torch.Size([1, 1, 32, 64]) at layer: 3
Get Mod with shape torch.Size([1, 1, 64, 128]) at layer: 4
Get Mod with shape torch.Size([1, 1, 128, 256]) at layer: 5
Get Mod with shape torch.Size([1, 1, 256, 512]) at layer: 6
Get Mod with shape torch.Size([1, 1, 512, 1024]) at layer: 7
start temperature: 0.3 noise parameter: 2.0
end temperature: 0.3 noise parameter: 2.0
********************Start from stage I
Step 400, BEST PSNR: 30.815753, Total loss 0.129374 with its rate 0.7121699452400208 latent_bits 373382.15625

🔁 Stage-1 Training Candidate 4/7
Quantizer parameter: encoding gain  16
total pixel: 524288
Get Mod with shape torch.Size([1, 1, 8, 16]) at layer: 1
Get Mod with shape torch.Size([1, 1, 16, 32]) at layer: 2
Get Mod with shape torch.Size([1, 1, 32, 64]) at layer: 3
Get Mod with shape torch.Size([1, 1, 64, 128]) at layer: 4
Get Mod with shape torch.Size([1, 1, 128, 256]) at layer: 5
Get Mod with shape torch.Size([1, 1, 256, 512]) at layer: 6
Get Mod with shape torch.Size([1, 1, 512, 1024]) at layer: 7
start temperature: 0.3 noise parameter: 2.0
end temperature: 0.3 noise parameter: 2.0
********************Start from stage I
Step 400, BEST PSNR: 29.741033, Total loss 0.131906 with its rate 0.7310784459114075 latent_bits 383295.65625

🔁 Stage-1 Training Candidate 5/7
Quantizer parameter: encoding gain  16
total pixel: 524288
Get Mod with shape torch.Size([1, 1, 8, 16]) at layer: 1
Get Mod with shape torch.Size([1, 1, 16, 32]) at layer: 2
Get Mod with shape torch.Size([1, 1, 32, 64]) at layer: 3
Get Mod with shape torch.Size([1, 1, 64, 128]) at layer: 4
Get Mod with shape torch.Size([1, 1, 128, 256]) at layer: 5
Get Mod with shape torch.Size([1, 1, 256, 512]) at layer: 6
Get Mod with shape torch.Size([1, 1, 512, 1024]) at layer: 7
start temperature: 0.3 noise parameter: 2.0
end temperature: 0.3 noise parameter: 2.0
********************Start from stage I
Step 400, BEST PSNR: 29.363006, Total loss 0.133952 with its rate 0.7355478405952454 latent_bits 385638.90625

🔁 Stage-1 Training Candidate 6/7
Quantizer parameter: encoding gain  16
total pixel: 524288
Get Mod with shape torch.Size([1, 1, 8, 16]) at layer: 1
Get Mod with shape torch.Size([1, 1, 16, 32]) at layer: 2
Get Mod with shape torch.Size([1, 1, 32, 64]) at layer: 3
Get Mod with shape torch.Size([1, 1, 64, 128]) at layer: 4
Get Mod with shape torch.Size([1, 1, 128, 256]) at layer: 5
Get Mod with shape torch.Size([1, 1, 256, 512]) at layer: 6
Get Mod with shape torch.Size([1, 1, 512, 1024]) at layer: 7
start temperature: 0.3 noise parameter: 2.0
end temperature: 0.3 noise parameter: 2.0
********************Start from stage I
Step 400, BEST PSNR: 30.632425, Total loss 0.130113 with its rate 0.7215259075164795 latent_bits 378287.375

🔁 Stage-1 Training Candidate 7/7
Quantizer parameter: encoding gain  16
total pixel: 524288
Get Mod with shape torch.Size([1, 1, 8, 16]) at layer: 1
Get Mod with shape torch.Size([1, 1, 16, 32]) at layer: 2
Get Mod with shape torch.Size([1, 1, 32, 64]) at layer: 3
Get Mod with shape torch.Size([1, 1, 64, 128]) at layer: 4
Get Mod with shape torch.Size([1, 1, 128, 256]) at layer: 5
Get Mod with shape torch.Size([1, 1, 256, 512]) at layer: 6
Get Mod with shape torch.Size([1, 1, 512, 1024]) at layer: 7
start temperature: 0.3 noise parameter: 2.0
end temperature: 0.3 noise parameter: 2.0
********************Start from stage I
Step 400, BEST PSNR: 30.126550, Total loss 0.132500 with its rate 0.7340103983879089 latent_bits 384832.84375

🌟 Selected Top-3 Candidates by RD cost

🎯 Stage-2 Refining Candidate 1/3
start temperature: 0.3 noise parameter: 2.0
end temperature: 0.3 noise parameter: 2.0
********************Start from stage I
Step 400, BEST PSNR: 31.553789, Total loss 0.128642 with its rate 0.7354773879051208 latent_bits 385601.96875

🎯 Stage-2 Refining Candidate 2/3
start temperature: 0.3 noise parameter: 2.0
end temperature: 0.3 noise parameter: 2.0
********************Start from stage I
Step 400, BEST PSNR: 31.487617, Total loss 0.129033 with its rate 0.7461954355239868 latent_bits 391221.3125

🎯 Stage-2 Refining Candidate 3/3
start temperature: 0.3 noise parameter: 2.0
end temperature: 0.3 noise parameter: 2.0
********************Start from stage I
Step 400, BEST PSNR: 31.502090, Total loss 0.128798 with its rate 0.7398930788040161 latent_bits 387917.0625

🏆 Best Candidate Final PSNR: 31.55, Rate: 0.7355
Masked_INR(
  (upsampling_2d): Upsampling(
    (conv_transpose2d): UpsamplingConvTranspose2d()
  )
  (arm): Arm(
    (mlp): Sequential(
      (0): ArmConv(
        (conv1_1): Conv1d(16, 16, kernel_size=(1,), stride=(1,))
      )
      (1): GELU(approximate='none')
      (2): ArmConv(
        (conv1_1): Conv1d(16, 16, kernel_size=(1,), stride=(1,))
      )
      (3): GELU(approximate='none')
      (4): ArmConv(
        (conv1_1): Conv1d(16, 2, kernel_size=(1,), stride=(1,))
      )
    )
  )
  (conv_mod): LocalGlobalBlock(
    (net): Sequential(
      (0): SynthesisLayer(
        (pad): Identity()
        (conv_layer): SWHDC(
          (conv): Conv2d(2, 3, kernel_size=(3, 3), stride=(1, 1))
        )
        (non_linearity): GELU(approximate='none')
      )
      (1): SynthesisResidualLayer(
        (pad): ReplicationPad2d((0, 0, 0, 0))
        (conv_layer): Conv2d(3, 3, kernel_size=(1, 1), stride=(1, 1))
        (non_linearity): GELU(approximate='none')
      )
      (2): SynthesisResidualLayer(
        (pad): ReplicationPad2d((0, 0, 0, 0))
        (conv_layer): Conv2d(3, 3, kernel_size=(1, 1), stride=(1, 1))
        (non_linearity): GELU(approximate='none')
      )
      (3): SynthesisResidualLayer(
        (pad): ReplicationPad2d((0, 0, 0, 0))
        (conv_layer): Conv2d(3, 3, kernel_size=(1, 1), stride=(1, 1))
        (non_linearity): Identity()
      )
    )
    (global_net): Sequential(
      (0): SynthesisLayer(
        (pad): Identity()
        (conv_layer): SWHDC(
          (conv): Conv2d(2, 3, kernel_size=(3, 3), stride=(1, 1))
        )
        (non_linearity): GELU(approximate='none')
      )
      (1): SynthesisResidualLayer(
        (pad): ReplicationPad2d((0, 0, 0, 0))
        (conv_layer): Conv2d(3, 3, kernel_size=(1, 1), stride=(1, 1))
        (non_linearity): GELU(approximate='none')
      )
      (2): SynthesisResidualLayer(
        (pad): ReplicationPad2d((0, 0, 0, 0))
        (conv_layer): Conv2d(3, 3, kernel_size=(1, 1), stride=(1, 1))
        (non_linearity): GELU(approximate='none')
      )
      (3): SynthesisResidualLayer(
        (pad): ReplicationPad2d((0, 0, 0, 0))
        (conv_layer): Conv2d(3, 3, kernel_size=(1, 1), stride=(1, 1))
        (non_linearity): Identity()
      )
    )
    (agg_func): Sequential(
      (0): SynthesisLayer(
        (pad): ReplicationPad2d((0, 0, 0, 0))
        (conv_layer): Conv2d(18, 3, kernel_size=(1, 1), stride=(1, 1))
        (non_linearity): GELU(approximate='none')
      )
      (1): SynthesisLayer(
        (pad): ReplicationPad2d((0, 0, 0, 0))
        (conv_layer): Conv2d(21, 3, kernel_size=(1, 1), stride=(1, 1))
        (non_linearity): GELU(approximate='none')
      )
      (2): SynthesisLayer(
        (pad): ReplicationPad2d((0, 0, 0, 0))
        (conv_layer): Conv2d(24, 3, kernel_size=(1, 1), stride=(1, 1))
        (non_linearity): GELU(approximate='none')
      )
    )
    (full_net): Sequential(
      (0): SynthesisLayer(
        (pad): ReplicationPad2d((0, 0, 0, 0))
        (conv_layer): Conv2d(7, 12, kernel_size=(1, 1), stride=(1, 1))
        (non_linearity): GELU(approximate='none')
      )
      (1): SynthesisLayer(
        (pad): ReplicationPad2d((0, 0, 0, 0))
        (conv_layer): Conv2d(12, 3, kernel_size=(1, 1), stride=(1, 1))
        (non_linearity): GELU(approximate='none')
      )
      (2): SynthesisResidualLayer(
        (conv_layer): Conv2d(3, 3, kernel_size=(3, 3), stride=(1, 1))
        (non_linearity): GELU(approximate='none')
      )
      (3): SynthesisResidualLayer(
        (conv_layer): Conv2d(3, 3, kernel_size=(3, 3), stride=(1, 1))
        (non_linearity): GELU(approximate='none')
      )
    )
  )
  (modulation_sf): ParameterList(
      (0): Parameter containing: [torch.float32 of size 1x1x8x16 (cuda:0)]
      (1): Parameter containing: [torch.float32 of size 1x1x16x32 (cuda:0)]
      (2): Parameter containing: [torch.float32 of size 1x1x32x64 (cuda:0)]
      (3): Parameter containing: [torch.float32 of size 1x1x64x128 (cuda:0)]
      (4): Parameter containing: [torch.float32 of size 1x1x128x256 (cuda:0)]
      (5): Parameter containing: [torch.float32 of size 1x1x256x512 (cuda:0)]
      (6): Parameter containing: [torch.float32 of size 1x1x512x1024 (cuda:0)]
  )
)
train the 10 -th image
start temperature: 0.3 noise parameter: 2.0
end temperature: 0.1 noise parameter: 1.0
********************Start from stage I
********************going into stage II
eval_object_psnr: 39.445355594638045
eval_background_psnr: 35.05638605983884
eval_background_psnr: 35.05638605983884
********************Evaluation the Image 10-th, after Step 9999, BEST PSNR: 33.701307, Print rate 0.613765. *************************
Saved model at ./saved/modbase_7/context_16_arm_mod_16/sparity_0.0/inr_mod_16KODAK_ROI_Global_new_struture_7_12_3_33_orderconcat_operator_0_pw_0.1_img_object10.pth
Trained the image with PSNR: 33.70130733774596  latent bits 0.6137650609016418 latent bits number 321789.65625
[32.66896381681496, 30.904102157456247, 33.70130733774596]
[0.5033864378929138, 0.7390890121459961, 0.6137650609016418]
[263919.46875, 387495.5, 321789.65625]
load the model: ./saved/modbase_7/context_16_arm_mod_16/sparity_0.0/inr_mod_16KODAK_ROI_Global_new_struture_7_12_3_33_orderconcat_operator_0_pw_0.1_img_object10.pth for the  10 -th image
********************Evalutation with quantization
********************Starting quantizing models
eval_object_psnr: 38.63081782285254
full_image_psnr: 32.58536772084332
object_psnr: 38.63081782285254
background_psnr: 33.83196864790229
********************Evaluation the Image 10-th, BEST PSNR: 32.585368, Print rate 0.614027, Network rate 0.020840. *************************
eval_wsssim: 0.952168
Decoded image saved to ./experiments/wsssim_tunado_full_regime/decoded_images/othim11_maskerp_wsmse0_swhdc1_erp1_lambda0.1.png
Evaluate the image: PSNR: 32.58536772084332 All bits: 0.63486647605896  latent bits: 0.6140267848968506  network bits: 0.020839691162109375
Evaluate arm network bits: 0.010412216186523438 Evaluate synthesis network bits: 0.00994110107421875
Image All bits num: 332852.875 latent bits num: 321926.875 mlp bits num: 10926.0 border bits num:
arm bits num: 5459.0 synthesis bits num: 5212.0
[31.623449753612473, 30.613414367574233, 32.58536772084332]
[0.5242006778717041, 0.7610458135604858, 0.63486647605896]
[274832.125, 399007.1875, 332852.875]
Metrics saved to ./experiments/wsssim_tunado_full_regime/results.csv
Current eval Ave PSNR: 31.607410614010007 Ave Bits 0.6400376558303833
Namespace(batch_size=1, lr=0.01, data='../data', sparsity=0.0, local_upsampling_kernel_size=8, upsampling_kernel_size=8, static_upsampling_kernel=False, latent_factor=1, mod_base=7, highest_flag=1, context_arm=16, dim_arm_mod=16, use_candidate=True, type='other', mod_hid_layer=0, sythesis_features=12, hidden_features=64, hidden_layer=2, scale=1, lambda_rate=0.1, lambda_rate_list=[0.1, 0.2, 0.4, 0.8], start_index=0, mask_type='erp', wsmse_tag=0, swhdc_tag=1, swhdc_dilations=[1, 2, 3, 4], erp_padding=1, workdir='./experiments/wsssim_tunado_full_regime', train_steps_1=100000, train_steps_2=10000, loss_type='combined', lambda_dist=0.0, lambda_percep=1.0, patch_h=512, patch_w=1024, all_pix_num=524288, eval_pix_num=524288)
Directory './saved/modbase_7/context_16_arm_mod_16' already exists.
Directory './saved/modbase_7/context_16_arm_mod_16/sparity_0.0' already exists.
top %: 0.0

🔁 Stage-1 Training Candidate 1/7
Quantizer parameter: encoding gain  16
total pixel: 524288
Get Mod with shape torch.Size([1, 1, 8, 16]) at layer: 1
Get Mod with shape torch.Size([1, 1, 16, 32]) at layer: 2
Get Mod with shape torch.Size([1, 1, 32, 64]) at layer: 3
Get Mod with shape torch.Size([1, 1, 64, 128]) at layer: 4
Get Mod with shape torch.Size([1, 1, 128, 256]) at layer: 5
Get Mod with shape torch.Size([1, 1, 256, 512]) at layer: 6
Get Mod with shape torch.Size([1, 1, 512, 1024]) at layer: 7
start temperature: 0.3 noise parameter: 2.0
end temperature: 0.3 noise parameter: 2.0
********************Start from stage I
Step 400, BEST PSNR: 30.733222, Total loss 0.097965 with its rate 0.5123988389968872 latent_bits 268644.5625

🔁 Stage-1 Training Candidate 2/7
Quantizer parameter: encoding gain  16
total pixel: 524288
Get Mod with shape torch.Size([1, 1, 8, 16]) at layer: 1
Get Mod with shape torch.Size([1, 1, 16, 32]) at layer: 2
Get Mod with shape torch.Size([1, 1, 32, 64]) at layer: 3
Get Mod with shape torch.Size([1, 1, 64, 128]) at layer: 4
Get Mod with shape torch.Size([1, 1, 128, 256]) at layer: 5
Get Mod with shape torch.Size([1, 1, 256, 512]) at layer: 6
Get Mod with shape torch.Size([1, 1, 512, 1024]) at layer: 7
start temperature: 0.3 noise parameter: 2.0
end temperature: 0.3 noise parameter: 2.0
********************Start from stage I
Step 400, BEST PSNR: 31.934446, Total loss 0.094842 with its rate 0.5010218024253845 latent_bits 262679.71875

🔁 Stage-1 Training Candidate 3/7
Quantizer parameter: encoding gain  16
total pixel: 524288
Get Mod with shape torch.Size([1, 1, 8, 16]) at layer: 1
Get Mod with shape torch.Size([1, 1, 16, 32]) at layer: 2
Get Mod with shape torch.Size([1, 1, 32, 64]) at layer: 3
Get Mod with shape torch.Size([1, 1, 64, 128]) at layer: 4
Get Mod with shape torch.Size([1, 1, 128, 256]) at layer: 5
Get Mod with shape torch.Size([1, 1, 256, 512]) at layer: 6
Get Mod with shape torch.Size([1, 1, 512, 1024]) at layer: 7
start temperature: 0.3 noise parameter: 2.0
end temperature: 0.3 noise parameter: 2.0
********************Start from stage I
Step 400, BEST PSNR: 31.499531, Total loss 0.096888 with its rate 0.5094555616378784 latent_bits 267101.4375

🔁 Stage-1 Training Candidate 4/7
Quantizer parameter: encoding gain  16
total pixel: 524288
Get Mod with shape torch.Size([1, 1, 8, 16]) at layer: 1
Get Mod with shape torch.Size([1, 1, 16, 32]) at layer: 2
Get Mod with shape torch.Size([1, 1, 32, 64]) at layer: 3
Get Mod with shape torch.Size([1, 1, 64, 128]) at layer: 4
Get Mod with shape torch.Size([1, 1, 128, 256]) at layer: 5
Get Mod with shape torch.Size([1, 1, 256, 512]) at layer: 6
Get Mod with shape torch.Size([1, 1, 512, 1024]) at layer: 7
start temperature: 0.3 noise parameter: 2.0
end temperature: 0.3 noise parameter: 2.0
********************Start from stage I
Step 400, BEST PSNR: 31.497216, Total loss 0.096790 with its rate 0.5109707117080688 latent_bits 267895.8125

🔁 Stage-1 Training Candidate 5/7
Quantizer parameter: encoding gain  16
total pixel: 524288
Get Mod with shape torch.Size([1, 1, 8, 16]) at layer: 1
Get Mod with shape torch.Size([1, 1, 16, 32]) at layer: 2
Get Mod with shape torch.Size([1, 1, 32, 64]) at layer: 3
Get Mod with shape torch.Size([1, 1, 64, 128]) at layer: 4
Get Mod with shape torch.Size([1, 1, 128, 256]) at layer: 5
Get Mod with shape torch.Size([1, 1, 256, 512]) at layer: 6
Get Mod with shape torch.Size([1, 1, 512, 1024]) at layer: 7
start temperature: 0.3 noise parameter: 2.0
end temperature: 0.3 noise parameter: 2.0
********************Start from stage I
Step 400, BEST PSNR: 31.888675, Total loss 0.096132 with its rate 0.5100082159042358 latent_bits 267391.1875

🔁 Stage-1 Training Candidate 6/7
Quantizer parameter: encoding gain  16
total pixel: 524288
Get Mod with shape torch.Size([1, 1, 8, 16]) at layer: 1
Get Mod with shape torch.Size([1, 1, 16, 32]) at layer: 2
Get Mod with shape torch.Size([1, 1, 32, 64]) at layer: 3
Get Mod with shape torch.Size([1, 1, 64, 128]) at layer: 4
Get Mod with shape torch.Size([1, 1, 128, 256]) at layer: 5
Get Mod with shape torch.Size([1, 1, 256, 512]) at layer: 6
Get Mod with shape torch.Size([1, 1, 512, 1024]) at layer: 7
start temperature: 0.3 noise parameter: 2.0
end temperature: 0.3 noise parameter: 2.0
********************Start from stage I
Step 400, BEST PSNR: 30.797644, Total loss 0.098724 with its rate 0.5179603099822998 latent_bits 271560.375

🔁 Stage-1 Training Candidate 7/7
Quantizer parameter: encoding gain  16
total pixel: 524288
Get Mod with shape torch.Size([1, 1, 8, 16]) at layer: 1
Get Mod with shape torch.Size([1, 1, 16, 32]) at layer: 2
Get Mod with shape torch.Size([1, 1, 32, 64]) at layer: 3
Get Mod with shape torch.Size([1, 1, 64, 128]) at layer: 4
Get Mod with shape torch.Size([1, 1, 128, 256]) at layer: 5
Get Mod with shape torch.Size([1, 1, 256, 512]) at layer: 6
Get Mod with shape torch.Size([1, 1, 512, 1024]) at layer: 7
start temperature: 0.3 noise parameter: 2.0
end temperature: 0.3 noise parameter: 2.0
********************Start from stage I
Step 400, BEST PSNR: 31.015739, Total loss 0.096636 with its rate 0.5010160803794861 latent_bits 262676.71875

🌟 Selected Top-3 Candidates by RD cost

🎯 Stage-2 Refining Candidate 1/3
start temperature: 0.3 noise parameter: 2.0
end temperature: 0.3 noise parameter: 2.0
********************Start from stage I
Step 400, BEST PSNR: 32.546367, Total loss 0.093927 with its rate 0.5196927785873413 latent_bits 272468.6875

🎯 Stage-2 Refining Candidate 2/3
start temperature: 0.3 noise parameter: 2.0
end temperature: 0.3 noise parameter: 2.0
********************Start from stage I
Step 400, BEST PSNR: 32.455171, Total loss 0.092924 with its rate 0.5133658647537231 latent_bits 269151.5625

🎯 Stage-2 Refining Candidate 3/3
start temperature: 0.3 noise parameter: 2.0
end temperature: 0.3 noise parameter: 2.0
********************Start from stage I
Step 400, BEST PSNR: 32.178153, Total loss 0.094717 with its rate 0.5198107957839966 latent_bits 272530.5625

🏆 Best Candidate Final PSNR: 32.46, Rate: 0.5134
Masked_INR(
  (upsampling_2d): Upsampling(
    (conv_transpose2d): UpsamplingConvTranspose2d()
  )
  (arm): Arm(
    (mlp): Sequential(
      (0): ArmConv(
        (conv1_1): Conv1d(16, 16, kernel_size=(1,), stride=(1,))
      )
      (1): GELU(approximate='none')
      (2): ArmConv(
        (conv1_1): Conv1d(16, 16, kernel_size=(1,), stride=(1,))
      )
      (3): GELU(approximate='none')
      (4): ArmConv(
        (conv1_1): Conv1d(16, 2, kernel_size=(1,), stride=(1,))
      )
    )
  )
  (conv_mod): LocalGlobalBlock(
    (net): Sequential(
      (0): SynthesisLayer(
        (pad): Identity()
        (conv_layer): SWHDC(
          (conv): Conv2d(2, 3, kernel_size=(3, 3), stride=(1, 1))
        )
        (non_linearity): GELU(approximate='none')
      )
      (1): SynthesisResidualLayer(
        (pad): ReplicationPad2d((0, 0, 0, 0))
        (conv_layer): Conv2d(3, 3, kernel_size=(1, 1), stride=(1, 1))
        (non_linearity): GELU(approximate='none')
      )
      (2): SynthesisResidualLayer(
        (pad): ReplicationPad2d((0, 0, 0, 0))
        (conv_layer): Conv2d(3, 3, kernel_size=(1, 1), stride=(1, 1))
        (non_linearity): GELU(approximate='none')
      )
      (3): SynthesisResidualLayer(
        (pad): ReplicationPad2d((0, 0, 0, 0))
        (conv_layer): Conv2d(3, 3, kernel_size=(1, 1), stride=(1, 1))
        (non_linearity): Identity()
      )
    )
    (global_net): Sequential(
      (0): SynthesisLayer(
        (pad): Identity()
        (conv_layer): SWHDC(
          (conv): Conv2d(2, 3, kernel_size=(3, 3), stride=(1, 1))
        )
        (non_linearity): GELU(approximate='none')
      )
      (1): SynthesisResidualLayer(
        (pad): ReplicationPad2d((0, 0, 0, 0))
        (conv_layer): Conv2d(3, 3, kernel_size=(1, 1), stride=(1, 1))
        (non_linearity): GELU(approximate='none')
      )
      (2): SynthesisResidualLayer(
        (pad): ReplicationPad2d((0, 0, 0, 0))
        (conv_layer): Conv2d(3, 3, kernel_size=(1, 1), stride=(1, 1))
        (non_linearity): GELU(approximate='none')
      )
      (3): SynthesisResidualLayer(
        (pad): ReplicationPad2d((0, 0, 0, 0))
        (conv_layer): Conv2d(3, 3, kernel_size=(1, 1), stride=(1, 1))
        (non_linearity): Identity()
      )
    )
    (agg_func): Sequential(
      (0): SynthesisLayer(
        (pad): ReplicationPad2d((0, 0, 0, 0))
        (conv_layer): Conv2d(18, 3, kernel_size=(1, 1), stride=(1, 1))
        (non_linearity): GELU(approximate='none')
      )
      (1): SynthesisLayer(
        (pad): ReplicationPad2d((0, 0, 0, 0))
        (conv_layer): Conv2d(21, 3, kernel_size=(1, 1), stride=(1, 1))
        (non_linearity): GELU(approximate='none')
      )
      (2): SynthesisLayer(
        (pad): ReplicationPad2d((0, 0, 0, 0))
        (conv_layer): Conv2d(24, 3, kernel_size=(1, 1), stride=(1, 1))
        (non_linearity): GELU(approximate='none')
      )
    )
    (full_net): Sequential(
      (0): SynthesisLayer(
        (pad): ReplicationPad2d((0, 0, 0, 0))
        (conv_layer): Conv2d(7, 12, kernel_size=(1, 1), stride=(1, 1))
        (non_linearity): GELU(approximate='none')
      )
      (1): SynthesisLayer(
        (pad): ReplicationPad2d((0, 0, 0, 0))
        (conv_layer): Conv2d(12, 3, kernel_size=(1, 1), stride=(1, 1))
        (non_linearity): GELU(approximate='none')
      )
      (2): SynthesisResidualLayer(
        (conv_layer): Conv2d(3, 3, kernel_size=(3, 3), stride=(1, 1))
        (non_linearity): GELU(approximate='none')
      )
      (3): SynthesisResidualLayer(
        (conv_layer): Conv2d(3, 3, kernel_size=(3, 3), stride=(1, 1))
        (non_linearity): GELU(approximate='none')
      )
    )
  )
  (modulation_sf): ParameterList(
      (0): Parameter containing: [torch.float32 of size 1x1x8x16 (cuda:0)]
      (1): Parameter containing: [torch.float32 of size 1x1x16x32 (cuda:0)]
      (2): Parameter containing: [torch.float32 of size 1x1x32x64 (cuda:0)]
      (3): Parameter containing: [torch.float32 of size 1x1x64x128 (cuda:0)]
      (4): Parameter containing: [torch.float32 of size 1x1x128x256 (cuda:0)]
      (5): Parameter containing: [torch.float32 of size 1x1x256x512 (cuda:0)]
      (6): Parameter containing: [torch.float32 of size 1x1x512x1024 (cuda:0)]
  )
)
train the 15 -th image
start temperature: 0.3 noise parameter: 2.0
end temperature: 0.1 noise parameter: 1.0
********************Start from stage I
********************going into stage II
eval_object_psnr: 42.03272704131647
eval_background_psnr: 35.76002511353883
eval_background_psnr: 35.76002511353883
********************Evaluation the Image 15-th, after Step 9999, BEST PSNR: 34.835468, Print rate 0.358951. *************************
Saved model at ./saved/modbase_7/context_16_arm_mod_16/sparity_0.0/inr_mod_16KODAK_ROI_Global_new_struture_7_12_3_33_orderconcat_operator_0_pw_0.1_img_object15.pth
Trained the image with PSNR: 34.835468187803286  latent bits 0.3589513301849365 latent bits number 188193.875
[32.66896381681496, 30.904102157456247, 33.70130733774596, 34.835468187803286]
[0.5033864378929138, 0.7390890121459961, 0.6137650609016418, 0.3589513301849365]
[263919.46875, 387495.5, 321789.65625, 188193.875]
load the model: ./saved/modbase_7/context_16_arm_mod_16/sparity_0.0/inr_mod_16KODAK_ROI_Global_new_struture_7_12_3_33_orderconcat_operator_0_pw_0.1_img_object15.pth for the  15 -th image
********************Evalutation with quantization
********************Starting quantizing models
eval_object_psnr: 41.17345700066105
full_image_psnr: 34.21211873051793
object_psnr: 41.17345700066105
background_psnr: 35.197966728545744
********************Evaluation the Image 15-th, BEST PSNR: 34.212119, Print rate 0.359533, Network rate 0.020845. *************************
eval_wsssim: 0.965039
Decoded image saved to ./experiments/wsssim_tunado_full_regime/decoded_images/othim16_maskerp_wsmse0_swhdc1_erp1_lambda0.1.png
Evaluate the image: PSNR: 34.21211873051793 All bits: 0.3803783059120178  latent bits: 0.35953289270401  network bits: 0.020845413208007812
Evaluate arm network bits: 0.00919342041015625 Evaluate synthesis network bits: 0.01107025146484375
Image All bits num: 199427.78125 latent bits num: 188498.78125 mlp bits num: 10929.0 border bits num:
arm bits num: 4820.0 synthesis bits num: 5804.0
[31.623449753612473, 30.613414367574233, 32.58536772084332, 34.21211873051793]
[0.5242006778717041, 0.7610458135604858, 0.63486647605896, 0.3803783059120178]
[274832.125, 399007.1875, 332852.875, 199427.78125]
Metrics saved to ./experiments/wsssim_tunado_full_regime/results.csv
Current eval Ave PSNR: 32.25858764313699 Ave Bits 0.5751228183507919
Namespace(batch_size=1, lr=0.01, data='../data', sparsity=0.0, local_upsampling_kernel_size=8, upsampling_kernel_size=8, static_upsampling_kernel=False, latent_factor=1, mod_base=7, highest_flag=1, context_arm=16, dim_arm_mod=16, use_candidate=True, type='other', mod_hid_layer=0, sythesis_features=12, hidden_features=64, hidden_layer=2, scale=1, lambda_rate=0.1, lambda_rate_list=[0.1, 0.2, 0.4, 0.8], start_index=0, mask_type='erp', wsmse_tag=0, swhdc_tag=1, swhdc_dilations=[1, 2, 3, 4], erp_padding=1, workdir='./experiments/wsssim_tunado_full_regime', train_steps_1=100000, train_steps_2=10000, loss_type='combined', lambda_dist=0.0, lambda_percep=1.0, patch_h=512, patch_w=1024, all_pix_num=524288, eval_pix_num=524288)
Directory './saved/modbase_7/context_16_arm_mod_16' already exists.
Directory './saved/modbase_7/context_16_arm_mod_16/sparity_0.0' already exists.
top %: 0.0

🔁 Stage-1 Training Candidate 1/7
Quantizer parameter: encoding gain  16
total pixel: 524288
Get Mod with shape torch.Size([1, 1, 8, 16]) at layer: 1
Get Mod with shape torch.Size([1, 1, 16, 32]) at layer: 2
Get Mod with shape torch.Size([1, 1, 32, 64]) at layer: 3
Get Mod with shape torch.Size([1, 1, 64, 128]) at layer: 4
Get Mod with shape torch.Size([1, 1, 128, 256]) at layer: 5
Get Mod with shape torch.Size([1, 1, 256, 512]) at layer: 6
Get Mod with shape torch.Size([1, 1, 512, 1024]) at layer: 7
start temperature: 0.3 noise parameter: 2.0
end temperature: 0.3 noise parameter: 2.0
********************Start from stage I
Step 400, BEST PSNR: 28.905390, Total loss 0.149415 with its rate 0.8905260562896729 latent_bits 466892.125

🔁 Stage-1 Training Candidate 2/7
Quantizer parameter: encoding gain  16
total pixel: 524288
Get Mod with shape torch.Size([1, 1, 8, 16]) at layer: 1
Get Mod with shape torch.Size([1, 1, 16, 32]) at layer: 2
Get Mod with shape torch.Size([1, 1, 32, 64]) at layer: 3
Get Mod with shape torch.Size([1, 1, 64, 128]) at layer: 4
Get Mod with shape torch.Size([1, 1, 128, 256]) at layer: 5
Get Mod with shape torch.Size([1, 1, 256, 512]) at layer: 6
Get Mod with shape torch.Size([1, 1, 512, 1024]) at layer: 7
start temperature: 0.3 noise parameter: 2.0
end temperature: 0.3 noise parameter: 2.0
********************Start from stage I
Step 400, BEST PSNR: 29.193961, Total loss 0.145028 with its rate 0.8604540824890137 latent_bits 451125.75

🔁 Stage-1 Training Candidate 3/7
Quantizer parameter: encoding gain  16
total pixel: 524288
Get Mod with shape torch.Size([1, 1, 8, 16]) at layer: 1
Get Mod with shape torch.Size([1, 1, 16, 32]) at layer: 2
Get Mod with shape torch.Size([1, 1, 32, 64]) at layer: 3
Get Mod with shape torch.Size([1, 1, 64, 128]) at layer: 4
Get Mod with shape torch.Size([1, 1, 128, 256]) at layer: 5
Get Mod with shape torch.Size([1, 1, 256, 512]) at layer: 6
Get Mod with shape torch.Size([1, 1, 512, 1024]) at layer: 7
start temperature: 0.3 noise parameter: 2.0
end temperature: 0.3 noise parameter: 2.0
********************Start from stage I
Step 400, BEST PSNR: 29.483289, Total loss 0.144389 with its rate 0.8607335090637207 latent_bits 451272.25

🔁 Stage-1 Training Candidate 4/7
Quantizer parameter: encoding gain  16
total pixel: 524288
Get Mod with shape torch.Size([1, 1, 8, 16]) at layer: 1
Get Mod with shape torch.Size([1, 1, 16, 32]) at layer: 2
Get Mod with shape torch.Size([1, 1, 32, 64]) at layer: 3
Get Mod with shape torch.Size([1, 1, 64, 128]) at layer: 4
Get Mod with shape torch.Size([1, 1, 128, 256]) at layer: 5
Get Mod with shape torch.Size([1, 1, 256, 512]) at layer: 6
Get Mod with shape torch.Size([1, 1, 512, 1024]) at layer: 7
start temperature: 0.3 noise parameter: 2.0
end temperature: 0.3 noise parameter: 2.0
********************Start from stage I
Step 400, BEST PSNR: 29.157917, Total loss 0.148917 with its rate 0.8822104930877686 latent_bits 462532.375

🔁 Stage-1 Training Candidate 5/7
Quantizer parameter: encoding gain  16
total pixel: 524288
Get Mod with shape torch.Size([1, 1, 8, 16]) at layer: 1
Get Mod with shape torch.Size([1, 1, 16, 32]) at layer: 2
Get Mod with shape torch.Size([1, 1, 32, 64]) at layer: 3
Get Mod with shape torch.Size([1, 1, 64, 128]) at layer: 4
Get Mod with shape torch.Size([1, 1, 128, 256]) at layer: 5
Get Mod with shape torch.Size([1, 1, 256, 512]) at layer: 6
Get Mod with shape torch.Size([1, 1, 512, 1024]) at layer: 7
start temperature: 0.3 noise parameter: 2.0
end temperature: 0.3 noise parameter: 2.0
********************Start from stage I
Step 400, BEST PSNR: 28.869011, Total loss 0.146777 with its rate 0.8717784881591797 latent_bits 457063.0

🔁 Stage-1 Training Candidate 6/7
Quantizer parameter: encoding gain  16
total pixel: 524288
Get Mod with shape torch.Size([1, 1, 8, 16]) at layer: 1
Get Mod with shape torch.Size([1, 1, 16, 32]) at layer: 2
Get Mod with shape torch.Size([1, 1, 32, 64]) at layer: 3
Get Mod with shape torch.Size([1, 1, 64, 128]) at layer: 4
Get Mod with shape torch.Size([1, 1, 128, 256]) at layer: 5
Get Mod with shape torch.Size([1, 1, 256, 512]) at layer: 6
Get Mod with shape torch.Size([1, 1, 512, 1024]) at layer: 7
start temperature: 0.3 noise parameter: 2.0
end temperature: 0.3 noise parameter: 2.0
********************Start from stage I
Step 400, BEST PSNR: 28.879788, Total loss 0.147606 with its rate 0.884901762008667 latent_bits 463943.375

🔁 Stage-1 Training Candidate 7/7
Quantizer parameter: encoding gain  16
total pixel: 524288
Get Mod with shape torch.Size([1, 1, 8, 16]) at layer: 1
Get Mod with shape torch.Size([1, 1, 16, 32]) at layer: 2
Get Mod with shape torch.Size([1, 1, 32, 64]) at layer: 3
Get Mod with shape torch.Size([1, 1, 64, 128]) at layer: 4
Get Mod with shape torch.Size([1, 1, 128, 256]) at layer: 5
Get Mod with shape torch.Size([1, 1, 256, 512]) at layer: 6
Get Mod with shape torch.Size([1, 1, 512, 1024]) at layer: 7
start temperature: 0.3 noise parameter: 2.0
end temperature: 0.3 noise parameter: 2.0
********************Start from stage I
Step 400, BEST PSNR: 29.269570, Total loss 0.146481 with its rate 0.873584508895874 latent_bits 458009.875

🌟 Selected Top-3 Candidates by RD cost

🎯 Stage-2 Refining Candidate 1/3
start temperature: 0.3 noise parameter: 2.0
end temperature: 0.3 noise parameter: 2.0
********************Start from stage I
Step 400, BEST PSNR: 29.726925, Total loss 0.144055 with its rate 0.8818283081054688 latent_bits 462332.0

🎯 Stage-2 Refining Candidate 2/3
start temperature: 0.3 noise parameter: 2.0
end temperature: 0.3 noise parameter: 2.0
********************Start from stage I
Step 400, BEST PSNR: 29.538930, Total loss 0.144306 with its rate 0.8845481872558594 latent_bits 463758.0

🎯 Stage-2 Refining Candidate 3/3
start temperature: 0.3 noise parameter: 2.0
end temperature: 0.3 noise parameter: 2.0
********************Start from stage I
Step 400, BEST PSNR: 29.678832, Total loss 0.143992 with its rate 0.8763502240180969 latent_bits 459459.90625

🏆 Best Candidate Final PSNR: 29.68, Rate: 0.8764
Masked_INR(
  (upsampling_2d): Upsampling(
    (conv_transpose2d): UpsamplingConvTranspose2d()
  )
  (arm): Arm(
    (mlp): Sequential(
      (0): ArmConv(
        (conv1_1): Conv1d(16, 16, kernel_size=(1,), stride=(1,))
      )
      (1): GELU(approximate='none')
      (2): ArmConv(
        (conv1_1): Conv1d(16, 16, kernel_size=(1,), stride=(1,))
      )
      (3): GELU(approximate='none')
      (4): ArmConv(
        (conv1_1): Conv1d(16, 2, kernel_size=(1,), stride=(1,))
      )
    )
  )
  (conv_mod): LocalGlobalBlock(
    (net): Sequential(
      (0): SynthesisLayer(
        (pad): Identity()
        (conv_layer): SWHDC(
          (conv): Conv2d(2, 3, kernel_size=(3, 3), stride=(1, 1))
        )
        (non_linearity): GELU(approximate='none')
      )
      (1): SynthesisResidualLayer(
        (pad): ReplicationPad2d((0, 0, 0, 0))
        (conv_layer): Conv2d(3, 3, kernel_size=(1, 1), stride=(1, 1))
        (non_linearity): GELU(approximate='none')
      )
      (2): SynthesisResidualLayer(
        (pad): ReplicationPad2d((0, 0, 0, 0))
        (conv_layer): Conv2d(3, 3, kernel_size=(1, 1), stride=(1, 1))
        (non_linearity): GELU(approximate='none')
      )
      (3): SynthesisResidualLayer(
        (pad): ReplicationPad2d((0, 0, 0, 0))
        (conv_layer): Conv2d(3, 3, kernel_size=(1, 1), stride=(1, 1))
        (non_linearity): Identity()
      )
    )
    (global_net): Sequential(
      (0): SynthesisLayer(
        (pad): Identity()
        (conv_layer): SWHDC(
          (conv): Conv2d(2, 3, kernel_size=(3, 3), stride=(1, 1))
        )
        (non_linearity): GELU(approximate='none')
      )
      (1): SynthesisResidualLayer(
        (pad): ReplicationPad2d((0, 0, 0, 0))
        (conv_layer): Conv2d(3, 3, kernel_size=(1, 1), stride=(1, 1))
        (non_linearity): GELU(approximate='none')
      )
      (2): SynthesisResidualLayer(
        (pad): ReplicationPad2d((0, 0, 0, 0))
        (conv_layer): Conv2d(3, 3, kernel_size=(1, 1), stride=(1, 1))
        (non_linearity): GELU(approximate='none')
      )
      (3): SynthesisResidualLayer(
        (pad): ReplicationPad2d((0, 0, 0, 0))
        (conv_layer): Conv2d(3, 3, kernel_size=(1, 1), stride=(1, 1))
        (non_linearity): Identity()
      )
    )
    (agg_func): Sequential(
      (0): SynthesisLayer(
        (pad): ReplicationPad2d((0, 0, 0, 0))
        (conv_layer): Conv2d(18, 3, kernel_size=(1, 1), stride=(1, 1))
        (non_linearity): GELU(approximate='none')
      )
      (1): SynthesisLayer(
        (pad): ReplicationPad2d((0, 0, 0, 0))
        (conv_layer): Conv2d(21, 3, kernel_size=(1, 1), stride=(1, 1))
        (non_linearity): GELU(approximate='none')
      )
      (2): SynthesisLayer(
        (pad): ReplicationPad2d((0, 0, 0, 0))
        (conv_layer): Conv2d(24, 3, kernel_size=(1, 1), stride=(1, 1))
        (non_linearity): GELU(approximate='none')
      )
    )
    (full_net): Sequential(
      (0): SynthesisLayer(
        (pad): ReplicationPad2d((0, 0, 0, 0))
        (conv_layer): Conv2d(7, 12, kernel_size=(1, 1), stride=(1, 1))
        (non_linearity): GELU(approximate='none')
      )
      (1): SynthesisLayer(
        (pad): ReplicationPad2d((0, 0, 0, 0))
        (conv_layer): Conv2d(12, 3, kernel_size=(1, 1), stride=(1, 1))
        (non_linearity): GELU(approximate='none')
      )
      (2): SynthesisResidualLayer(
        (conv_layer): Conv2d(3, 3, kernel_size=(3, 3), stride=(1, 1))
        (non_linearity): GELU(approximate='none')
      )
      (3): SynthesisResidualLayer(
        (conv_layer): Conv2d(3, 3, kernel_size=(3, 3), stride=(1, 1))
        (non_linearity): GELU(approximate='none')
      )
    )
  )
  (modulation_sf): ParameterList(
      (0): Parameter containing: [torch.float32 of size 1x1x8x16 (cuda:0)]
      (1): Parameter containing: [torch.float32 of size 1x1x16x32 (cuda:0)]
      (2): Parameter containing: [torch.float32 of size 1x1x32x64 (cuda:0)]
      (3): Parameter containing: [torch.float32 of size 1x1x64x128 (cuda:0)]
      (4): Parameter containing: [torch.float32 of size 1x1x128x256 (cuda:0)]
      (5): Parameter containing: [torch.float32 of size 1x1x256x512 (cuda:0)]
      (6): Parameter containing: [torch.float32 of size 1x1x512x1024 (cuda:0)]
  )
)
train the 20 -th image
start temperature: 0.3 noise parameter: 2.0
end temperature: 0.1 noise parameter: 1.0
********************Start from stage I
********************going into stage II
eval_object_psnr: 36.420891227618434
eval_background_psnr: 32.33432043196367
eval_background_psnr: 32.33432043196367
********************Evaluation the Image 20-th, after Step 9999, BEST PSNR: 30.899795, Print rate 0.711429. *************************
Saved model at ./saved/modbase_7/context_16_arm_mod_16/sparity_0.0/inr_mod_16KODAK_ROI_Global_new_struture_7_12_3_33_orderconcat_operator_0_pw_0.1_img_object20.pth
Trained the image with PSNR: 30.899795369479353  latent bits 0.7114293575286865 latent bits number 372993.875
[32.66896381681496, 30.904102157456247, 33.70130733774596, 34.835468187803286, 30.899795369479353]
[0.5033864378929138, 0.7390890121459961, 0.6137650609016418, 0.3589513301849365, 0.7114293575286865]
[263919.46875, 387495.5, 321789.65625, 188193.875, 372993.875]
load the model: ./saved/modbase_7/context_16_arm_mod_16/sparity_0.0/inr_mod_16KODAK_ROI_Global_new_struture_7_12_3_33_orderconcat_operator_0_pw_0.1_img_object20.pth for the  20 -th image
********************Evalutation with quantization
********************Starting quantizing models
eval_object_psnr: 35.78628150181627
full_image_psnr: 30.2686997006318
object_psnr: 35.78628150181627
background_psnr: 31.699825163927034
********************Evaluation the Image 20-th, BEST PSNR: 30.268700, Print rate 0.712486, Network rate 0.019606. *************************
eval_wsssim: 0.951916
Decoded image saved to ./experiments/wsssim_tunado_full_regime/decoded_images/othim21_maskerp_wsmse0_swhdc1_erp1_lambda0.1.png
Evaluate the image: PSNR: 30.2686997006318 All bits: 0.732092022895813  latent bits: 0.7124863862991333  network bits: 0.019605636596679688
Evaluate arm network bits: 0.009313583374023438 Evaluate synthesis network bits: 0.0096893310546875
Image All bits num: 383827.0625 latent bits num: 373548.0625 mlp bits num: 10279.0 border bits num:
arm bits num: 4883.0 synthesis bits num: 5080.0
[31.623449753612473, 30.613414367574233, 32.58536772084332, 34.21211873051793, 30.2686997006318]
[0.5242006778717041, 0.7610458135604858, 0.63486647605896, 0.3803783059120178, 0.732092022895813]
[274832.125, 399007.1875, 332852.875, 199427.78125, 383827.0625]
Metrics saved to ./experiments/wsssim_tunado_full_regime/results.csv
Current eval Ave PSNR: 31.860610054635952 Ave Bits 0.6065166592597961
Namespace(batch_size=1, lr=0.01, data='../data', sparsity=0.0, local_upsampling_kernel_size=8, upsampling_kernel_size=8, static_upsampling_kernel=False, latent_factor=1, mod_base=7, highest_flag=1, context_arm=16, dim_arm_mod=16, use_candidate=True, type='other', mod_hid_layer=0, sythesis_features=12, hidden_features=64, hidden_layer=2, scale=1, lambda_rate=0.1, lambda_rate_list=[0.1, 0.2, 0.4, 0.8], start_index=0, mask_type='erp', wsmse_tag=0, swhdc_tag=1, swhdc_dilations=[1, 2, 3, 4], erp_padding=1, workdir='./experiments/wsssim_tunado_full_regime', train_steps_1=100000, train_steps_2=10000, loss_type='combined', lambda_dist=0.0, lambda_percep=1.0, patch_h=512, patch_w=1024, all_pix_num=524288, eval_pix_num=524288)
Directory './saved/modbase_7/context_16_arm_mod_16' already exists.
Directory './saved/modbase_7/context_16_arm_mod_16/sparity_0.0' already exists.
top %: 0.0

🔁 Stage-1 Training Candidate 1/7
Quantizer parameter: encoding gain  16
total pixel: 524288
Get Mod with shape torch.Size([1, 1, 8, 16]) at layer: 1
Get Mod with shape torch.Size([1, 1, 16, 32]) at layer: 2
Get Mod with shape torch.Size([1, 1, 32, 64]) at layer: 3
Get Mod with shape torch.Size([1, 1, 64, 128]) at layer: 4
Get Mod with shape torch.Size([1, 1, 128, 256]) at layer: 5
Get Mod with shape torch.Size([1, 1, 256, 512]) at layer: 6
Get Mod with shape torch.Size([1, 1, 512, 1024]) at layer: 7
start temperature: 0.3 noise parameter: 2.0
end temperature: 0.3 noise parameter: 2.0
********************Start from stage I
Step 400, BEST PSNR: 26.851770, Total loss 0.166039 with its rate 0.8068687915802002 latent_bits 423031.625

🔁 Stage-1 Training Candidate 2/7
Quantizer parameter: encoding gain  16
total pixel: 524288
Get Mod with shape torch.Size([1, 1, 8, 16]) at layer: 1
Get Mod with shape torch.Size([1, 1, 16, 32]) at layer: 2
Get Mod with shape torch.Size([1, 1, 32, 64]) at layer: 3
Get Mod with shape torch.Size([1, 1, 64, 128]) at layer: 4
Get Mod with shape torch.Size([1, 1, 128, 256]) at layer: 5
Get Mod with shape torch.Size([1, 1, 256, 512]) at layer: 6
Get Mod with shape torch.Size([1, 1, 512, 1024]) at layer: 7
start temperature: 0.3 noise parameter: 2.0
end temperature: 0.3 noise parameter: 2.0
********************Start from stage I
Step 400, BEST PSNR: 26.830428, Total loss 0.166243 with its rate 0.8115657567977905 latent_bits 425494.1875

🔁 Stage-1 Training Candidate 3/7
Quantizer parameter: encoding gain  16
total pixel: 524288
Get Mod with shape torch.Size([1, 1, 8, 16]) at layer: 1
Get Mod with shape torch.Size([1, 1, 16, 32]) at layer: 2
Get Mod with shape torch.Size([1, 1, 32, 64]) at layer: 3
Get Mod with shape torch.Size([1, 1, 64, 128]) at layer: 4
Get Mod with shape torch.Size([1, 1, 128, 256]) at layer: 5
Get Mod with shape torch.Size([1, 1, 256, 512]) at layer: 6
Get Mod with shape torch.Size([1, 1, 512, 1024]) at layer: 7
start temperature: 0.3 noise parameter: 2.0
end temperature: 0.3 noise parameter: 2.0
********************Start from stage I
Step 400, BEST PSNR: 27.146868, Total loss 0.161286 with its rate 0.8059478998184204 latent_bits 422548.8125

🔁 Stage-1 Training Candidate 4/7
Quantizer parameter: encoding gain  16
total pixel: 524288
Get Mod with shape torch.Size([1, 1, 8, 16]) at layer: 1
Get Mod with shape torch.Size([1, 1, 16, 32]) at layer: 2
Get Mod with shape torch.Size([1, 1, 32, 64]) at layer: 3
Get Mod with shape torch.Size([1, 1, 64, 128]) at layer: 4
Get Mod with shape torch.Size([1, 1, 128, 256]) at layer: 5
Get Mod with shape torch.Size([1, 1, 256, 512]) at layer: 6
Get Mod with shape torch.Size([1, 1, 512, 1024]) at layer: 7
start temperature: 0.3 noise parameter: 2.0
end temperature: 0.3 noise parameter: 2.0
********************Start from stage I
Step 400, BEST PSNR: 27.167628, Total loss 0.162775 with its rate 0.8130001425743103 latent_bits 426246.21875

🔁 Stage-1 Training Candidate 5/7
Quantizer parameter: encoding gain  16
total pixel: 524288
Get Mod with shape torch.Size([1, 1, 8, 16]) at layer: 1
Get Mod with shape torch.Size([1, 1, 16, 32]) at layer: 2
Get Mod with shape torch.Size([1, 1, 32, 64]) at layer: 3
Get Mod with shape torch.Size([1, 1, 64, 128]) at layer: 4
Get Mod with shape torch.Size([1, 1, 128, 256]) at layer: 5
Get Mod with shape torch.Size([1, 1, 256, 512]) at layer: 6
Get Mod with shape torch.Size([1, 1, 512, 1024]) at layer: 7
start temperature: 0.3 noise parameter: 2.0
end temperature: 0.3 noise parameter: 2.0
********************Start from stage I
Step 400, BEST PSNR: 26.487499, Total loss 0.165967 with its rate 0.7978380918502808 latent_bits 418296.9375

🔁 Stage-1 Training Candidate 6/7
Quantizer parameter: encoding gain  16
total pixel: 524288
Get Mod with shape torch.Size([1, 1, 8, 16]) at layer: 1
Get Mod with shape torch.Size([1, 1, 16, 32]) at layer: 2
Get Mod with shape torch.Size([1, 1, 32, 64]) at layer: 3
Get Mod with shape torch.Size([1, 1, 64, 128]) at layer: 4
Get Mod with shape torch.Size([1, 1, 128, 256]) at layer: 5
Get Mod with shape torch.Size([1, 1, 256, 512]) at layer: 6
Get Mod with shape torch.Size([1, 1, 512, 1024]) at layer: 7
start temperature: 0.3 noise parameter: 2.0
end temperature: 0.3 noise parameter: 2.0
********************Start from stage I
Step 400, BEST PSNR: 26.602196, Total loss 0.168439 with its rate 0.8072289228439331 latent_bits 423220.4375

🔁 Stage-1 Training Candidate 7/7
Quantizer parameter: encoding gain  16
total pixel: 524288
Get Mod with shape torch.Size([1, 1, 8, 16]) at layer: 1
Get Mod with shape torch.Size([1, 1, 16, 32]) at layer: 2
Get Mod with shape torch.Size([1, 1, 32, 64]) at layer: 3
Get Mod with shape torch.Size([1, 1, 64, 128]) at layer: 4
Get Mod with shape torch.Size([1, 1, 128, 256]) at layer: 5
Get Mod with shape torch.Size([1, 1, 256, 512]) at layer: 6
Get Mod with shape torch.Size([1, 1, 512, 1024]) at layer: 7
start temperature: 0.3 noise parameter: 2.0
end temperature: 0.3 noise parameter: 2.0
********************Start from stage I
Step 400, BEST PSNR: 26.969415, Total loss 0.164960 with its rate 0.8034131526947021 latent_bits 421219.875

🌟 Selected Top-3 Candidates by RD cost

🎯 Stage-2 Refining Candidate 1/3
start temperature: 0.3 noise parameter: 2.0
end temperature: 0.3 noise parameter: 2.0
********************Start from stage I
Step 400, BEST PSNR: 27.956892, Total loss 0.158237 with its rate 0.8297796249389648 latent_bits 435043.5

🎯 Stage-2 Refining Candidate 2/3
start temperature: 0.3 noise parameter: 2.0
end temperature: 0.3 noise parameter: 2.0
********************Start from stage I
Step 400, BEST PSNR: 27.621635, Total loss 0.158857 with its rate 0.8288601040840149 latent_bits 434561.40625

🎯 Stage-2 Refining Candidate 3/3
start temperature: 0.3 noise parameter: 2.0
end temperature: 0.3 noise parameter: 2.0
********************Start from stage I
Step 400, BEST PSNR: 27.670220, Total loss 0.159184 with its rate 0.8153803944587708 latent_bits 427494.15625

🏆 Best Candidate Final PSNR: 27.96, Rate: 0.8298
Masked_INR(
  (upsampling_2d): Upsampling(
    (conv_transpose2d): UpsamplingConvTranspose2d()
  )
  (arm): Arm(
    (mlp): Sequential(
      (0): ArmConv(
        (conv1_1): Conv1d(16, 16, kernel_size=(1,), stride=(1,))
      )
      (1): GELU(approximate='none')
      (2): ArmConv(
        (conv1_1): Conv1d(16, 16, kernel_size=(1,), stride=(1,))
      )
      (3): GELU(approximate='none')
      (4): ArmConv(
        (conv1_1): Conv1d(16, 2, kernel_size=(1,), stride=(1,))
      )
    )
  )
  (conv_mod): LocalGlobalBlock(
    (net): Sequential(
      (0): SynthesisLayer(
        (pad): Identity()
        (conv_layer): SWHDC(
          (conv): Conv2d(2, 3, kernel_size=(3, 3), stride=(1, 1))
        )
        (non_linearity): GELU(approximate='none')
      )
      (1): SynthesisResidualLayer(
        (pad): ReplicationPad2d((0, 0, 0, 0))
        (conv_layer): Conv2d(3, 3, kernel_size=(1, 1), stride=(1, 1))
        (non_linearity): GELU(approximate='none')
      )
      (2): SynthesisResidualLayer(
        (pad): ReplicationPad2d((0, 0, 0, 0))
        (conv_layer): Conv2d(3, 3, kernel_size=(1, 1), stride=(1, 1))
        (non_linearity): GELU(approximate='none')
      )
      (3): SynthesisResidualLayer(
        (pad): ReplicationPad2d((0, 0, 0, 0))
        (conv_layer): Conv2d(3, 3, kernel_size=(1, 1), stride=(1, 1))
        (non_linearity): Identity()
      )
    )
    (global_net): Sequential(
      (0): SynthesisLayer(
        (pad): Identity()
        (conv_layer): SWHDC(
          (conv): Conv2d(2, 3, kernel_size=(3, 3), stride=(1, 1))
        )
        (non_linearity): GELU(approximate='none')
      )
      (1): SynthesisResidualLayer(
        (pad): ReplicationPad2d((0, 0, 0, 0))
        (conv_layer): Conv2d(3, 3, kernel_size=(1, 1), stride=(1, 1))
        (non_linearity): GELU(approximate='none')
      )
      (2): SynthesisResidualLayer(
        (pad): ReplicationPad2d((0, 0, 0, 0))
        (conv_layer): Conv2d(3, 3, kernel_size=(1, 1), stride=(1, 1))
        (non_linearity): GELU(approximate='none')
      )
      (3): SynthesisResidualLayer(
        (pad): ReplicationPad2d((0, 0, 0, 0))
        (conv_layer): Conv2d(3, 3, kernel_size=(1, 1), stride=(1, 1))
        (non_linearity): Identity()
      )
    )
    (agg_func): Sequential(
      (0): SynthesisLayer(
        (pad): ReplicationPad2d((0, 0, 0, 0))
        (conv_layer): Conv2d(18, 3, kernel_size=(1, 1), stride=(1, 1))
        (non_linearity): GELU(approximate='none')
      )
      (1): SynthesisLayer(
        (pad): ReplicationPad2d((0, 0, 0, 0))
        (conv_layer): Conv2d(21, 3, kernel_size=(1, 1), stride=(1, 1))
        (non_linearity): GELU(approximate='none')
      )
      (2): SynthesisLayer(
        (pad): ReplicationPad2d((0, 0, 0, 0))
        (conv_layer): Conv2d(24, 3, kernel_size=(1, 1), stride=(1, 1))
        (non_linearity): GELU(approximate='none')
      )
    )
    (full_net): Sequential(
      (0): SynthesisLayer(
        (pad): ReplicationPad2d((0, 0, 0, 0))
        (conv_layer): Conv2d(7, 12, kernel_size=(1, 1), stride=(1, 1))
        (non_linearity): GELU(approximate='none')
      )
      (1): SynthesisLayer(
        (pad): ReplicationPad2d((0, 0, 0, 0))
        (conv_layer): Conv2d(12, 3, kernel_size=(1, 1), stride=(1, 1))
        (non_linearity): GELU(approximate='none')
      )
      (2): SynthesisResidualLayer(
        (conv_layer): Conv2d(3, 3, kernel_size=(3, 3), stride=(1, 1))
        (non_linearity): GELU(approximate='none')
      )
      (3): SynthesisResidualLayer(
        (conv_layer): Conv2d(3, 3, kernel_size=(3, 3), stride=(1, 1))
        (non_linearity): GELU(approximate='none')
      )
    )
  )
  (modulation_sf): ParameterList(
      (0): Parameter containing: [torch.float32 of size 1x1x8x16 (cuda:0)]
      (1): Parameter containing: [torch.float32 of size 1x1x16x32 (cuda:0)]
      (2): Parameter containing: [torch.float32 of size 1x1x32x64 (cuda:0)]
      (3): Parameter containing: [torch.float32 of size 1x1x64x128 (cuda:0)]
      (4): Parameter containing: [torch.float32 of size 1x1x128x256 (cuda:0)]
      (5): Parameter containing: [torch.float32 of size 1x1x256x512 (cuda:0)]
      (6): Parameter containing: [torch.float32 of size 1x1x512x1024 (cuda:0)]
  )
)
train the 25 -th image
start temperature: 0.3 noise parameter: 2.0
end temperature: 0.1 noise parameter: 1.0
********************Start from stage I
********************going into stage II
eval_object_psnr: 36.2296080866011
eval_background_psnr: 30.408147214286
eval_background_psnr: 30.408147214286
********************Evaluation the Image 25-th, after Step 9999, BEST PSNR: 29.397665, Print rate 0.670472. *************************
Saved model at ./saved/modbase_7/context_16_arm_mod_16/sparity_0.0/inr_mod_16KODAK_ROI_Global_new_struture_7_12_3_33_orderconcat_operator_0_pw_0.1_img_object25.pth
Trained the image with PSNR: 29.397665369496412  latent bits 0.6704716682434082 latent bits number 351520.25
[32.66896381681496, 30.904102157456247, 33.70130733774596, 34.835468187803286, 30.899795369479353, 29.397665369496412]
[0.5033864378929138, 0.7390890121459961, 0.6137650609016418, 0.3589513301849365, 0.7114293575286865, 0.6704716682434082]
[263919.46875, 387495.5, 321789.65625, 188193.875, 372993.875, 351520.25]
load the model: ./saved/modbase_7/context_16_arm_mod_16/sparity_0.0/inr_mod_16KODAK_ROI_Global_new_struture_7_12_3_33_orderconcat_operator_0_pw_0.1_img_object25.pth for the  25 -th image
********************Evalutation with quantization
********************Starting quantizing models
eval_object_psnr: 35.88669126403519
full_image_psnr: 28.95663138659592
object_psnr: 35.88669126403519
background_psnr: 29.941230015704175
********************Evaluation the Image 25-th, BEST PSNR: 28.956631, Print rate 0.672052, Network rate 0.019663. *************************
eval_wsssim: 0.934568
Decoded image saved to ./experiments/wsssim_tunado_full_regime/decoded_images/othim26_maskerp_wsmse0_swhdc1_erp1_lambda0.1.png
Evaluate the image: PSNR: 28.95663138659592 All bits: 0.691714882850647  latent bits: 0.6720520257949829  network bits: 0.019662857055664062
Evaluate arm network bits: 0.00928497314453125 Evaluate synthesis network bits: 0.009782791137695312
Image All bits num: 362657.8125 latent bits num: 352348.8125 mlp bits num: 10309.0 border bits num:
arm bits num: 4868.0 synthesis bits num: 5129.0
[31.623449753612473, 30.613414367574233, 32.58536772084332, 34.21211873051793, 30.2686997006318, 28.95663138659592]
[0.5242006778717041, 0.7610458135604858, 0.63486647605896, 0.3803783059120178, 0.732092022895813, 0.691714882850647]
[274832.125, 399007.1875, 332852.875, 199427.78125, 383827.0625, 362657.8125]
Metrics saved to ./experiments/wsssim_tunado_full_regime/results.csv
Current eval Ave PSNR: 31.376613609962615 Ave Bits 0.6207163631916046
.......Copmlete all dataset training......
Ave Training PSNR: 32.06788370646604 Ave Training Bits 0.5995154778162638
Training PSNR: [32.66896381681496, 30.904102157456247, 33.70130733774596, 34.835468187803286, 30.899795369479353, 29.397665369496412]
Training rate: [0.5033864378929138, 0.7390890121459961, 0.6137650609016418, 0.3589513301849365, 0.7114293575286865, 0.6704716682434082]
Evalutation: Ave Eval PSNR: 31.376613609962615 Ave Eval all bits: 0.6207163631916046 Ave Eval Bits 0.6003334820270538 Ave Eval Network 0.02038288116455078
Eval All PSNR: [31.623449753612473, 30.613414367574233, 32.58536772084332, 34.21211873051793, 30.2686997006318, 28.95663138659592]
Eval All rate [0.5242006778717041, 0.7610458135604858, 0.63486647605896, 0.3803783059120178, 0.732092022895813, 0.691714882850647]
Eval Latent rate [0.5045950412750244, 0.7393077611923218, 0.6140267848968506, 0.35953289270401, 0.7124863862991333, 0.6720520257949829]
Eval MLP rate [0.019605636596679688, 0.021738052368164062, 0.020839691162109375, 0.020845413208007812, 0.019605636596679688, 0.019662857055664062]
Namespace(batch_size=1, lr=0.01, data='../data', sparsity=0.0, local_upsampling_kernel_size=8, upsampling_kernel_size=8, static_upsampling_kernel=False, latent_factor=1, mod_base=7, highest_flag=1, context_arm=16, dim_arm_mod=16, use_candidate=True, type='other', mod_hid_layer=0, sythesis_features=12, hidden_features=64, hidden_layer=2, scale=1, lambda_rate=0.2, lambda_rate_list=[0.1, 0.2, 0.4, 0.8], start_index=0, mask_type='erp', wsmse_tag=0, swhdc_tag=1, swhdc_dilations=[1, 2, 3, 4], erp_padding=1, workdir='./experiments/wsssim_tunado_full_regime', train_steps_1=100000, train_steps_2=10000, loss_type='combined', lambda_dist=0.0, lambda_percep=1.0, patch_h=512, patch_w=1024, all_pix_num=524288, eval_pix_num=524288)
Directory './saved/modbase_7/context_16_arm_mod_16' already exists.
Directory './saved/modbase_7/context_16_arm_mod_16/sparity_0.0' already exists.
top %: 0.0

🔁 Stage-1 Training Candidate 1/7
Quantizer parameter: encoding gain  16
total pixel: 524288
Get Mod with shape torch.Size([1, 1, 8, 16]) at layer: 1
Get Mod with shape torch.Size([1, 1, 16, 32]) at layer: 2
Get Mod with shape torch.Size([1, 1, 32, 64]) at layer: 3
Get Mod with shape torch.Size([1, 1, 64, 128]) at layer: 4
Get Mod with shape torch.Size([1, 1, 128, 256]) at layer: 5
Get Mod with shape torch.Size([1, 1, 256, 512]) at layer: 6
Get Mod with shape torch.Size([1, 1, 512, 1024]) at layer: 7
start temperature: 0.3 noise parameter: 2.0
end temperature: 0.3 noise parameter: 2.0
********************Start from stage I
Step 400, BEST PSNR: 27.674135, Total loss 0.182290 with its rate 0.4305316209793091 latent_bits 225722.5625

🔁 Stage-1 Training Candidate 2/7
Quantizer parameter: encoding gain  16
total pixel: 524288
Get Mod with shape torch.Size([1, 1, 8, 16]) at layer: 1
Get Mod with shape torch.Size([1, 1, 16, 32]) at layer: 2
Get Mod with shape torch.Size([1, 1, 32, 64]) at layer: 3
Get Mod with shape torch.Size([1, 1, 64, 128]) at layer: 4
Get Mod with shape torch.Size([1, 1, 128, 256]) at layer: 5
Get Mod with shape torch.Size([1, 1, 256, 512]) at layer: 6
Get Mod with shape torch.Size([1, 1, 512, 1024]) at layer: 7
start temperature: 0.3 noise parameter: 2.0
end temperature: 0.3 noise parameter: 2.0
********************Start from stage I
Step 400, BEST PSNR: 27.645159, Total loss 0.181104 with its rate 0.42386019229888916 latent_bits 222224.8125

🔁 Stage-1 Training Candidate 3/7
Quantizer parameter: encoding gain  16
total pixel: 524288
Get Mod with shape torch.Size([1, 1, 8, 16]) at layer: 1
Get Mod with shape torch.Size([1, 1, 16, 32]) at layer: 2
Get Mod with shape torch.Size([1, 1, 32, 64]) at layer: 3
Get Mod with shape torch.Size([1, 1, 64, 128]) at layer: 4
Get Mod with shape torch.Size([1, 1, 128, 256]) at layer: 5
Get Mod with shape torch.Size([1, 1, 256, 512]) at layer: 6
Get Mod with shape torch.Size([1, 1, 512, 1024]) at layer: 7
start temperature: 0.3 noise parameter: 2.0
end temperature: 0.3 noise parameter: 2.0
********************Start from stage I
Step 400, BEST PSNR: 27.633845, Total loss 0.183865 with its rate 0.41808417439460754 latent_bits 219196.515625

🔁 Stage-1 Training Candidate 4/7
Quantizer parameter: encoding gain  16
total pixel: 524288
Get Mod with shape torch.Size([1, 1, 8, 16]) at layer: 1
Get Mod with shape torch.Size([1, 1, 16, 32]) at layer: 2
Get Mod with shape torch.Size([1, 1, 32, 64]) at layer: 3
Get Mod with shape torch.Size([1, 1, 64, 128]) at layer: 4
Get Mod with shape torch.Size([1, 1, 128, 256]) at layer: 5
Get Mod with shape torch.Size([1, 1, 256, 512]) at layer: 6
Get Mod with shape torch.Size([1, 1, 512, 1024]) at layer: 7
start temperature: 0.3 noise parameter: 2.0
end temperature: 0.3 noise parameter: 2.0
********************Start from stage I
Step 400, BEST PSNR: 27.587692, Total loss 0.182834 with its rate 0.4336388111114502 latent_bits 227351.625

🔁 Stage-1 Training Candidate 5/7
Quantizer parameter: encoding gain  16
total pixel: 524288
Get Mod with shape torch.Size([1, 1, 8, 16]) at layer: 1
Get Mod with shape torch.Size([1, 1, 16, 32]) at layer: 2
Get Mod with shape torch.Size([1, 1, 32, 64]) at layer: 3
Get Mod with shape torch.Size([1, 1, 64, 128]) at layer: 4
Get Mod with shape torch.Size([1, 1, 128, 256]) at layer: 5
Get Mod with shape torch.Size([1, 1, 256, 512]) at layer: 6
Get Mod with shape torch.Size([1, 1, 512, 1024]) at layer: 7
start temperature: 0.3 noise parameter: 2.0
end temperature: 0.3 noise parameter: 2.0
********************Start from stage I
Step 400, BEST PSNR: 28.371379, Total loss 0.182564 with its rate 0.4366406202316284 latent_bits 228925.4375

🔁 Stage-1 Training Candidate 6/7
Quantizer parameter: encoding gain  16
total pixel: 524288
Get Mod with shape torch.Size([1, 1, 8, 16]) at layer: 1
Get Mod with shape torch.Size([1, 1, 16, 32]) at layer: 2
Get Mod with shape torch.Size([1, 1, 32, 64]) at layer: 3
Get Mod with shape torch.Size([1, 1, 64, 128]) at layer: 4
Get Mod with shape torch.Size([1, 1, 128, 256]) at layer: 5
Get Mod with shape torch.Size([1, 1, 256, 512]) at layer: 6
Get Mod with shape torch.Size([1, 1, 512, 1024]) at layer: 7
start temperature: 0.3 noise parameter: 2.0
end temperature: 0.3 noise parameter: 2.0
********************Start from stage I
Step 400, BEST PSNR: 27.295579, Total loss 0.182620 with its rate 0.4169520437717438 latent_bits 218602.953125

🔁 Stage-1 Training Candidate 7/7
Quantizer parameter: encoding gain  16
total pixel: 524288
Get Mod with shape torch.Size([1, 1, 8, 16]) at layer: 1
Get Mod with shape torch.Size([1, 1, 16, 32]) at layer: 2
Get Mod with shape torch.Size([1, 1, 32, 64]) at layer: 3
Get Mod with shape torch.Size([1, 1, 64, 128]) at layer: 4
Get Mod with shape torch.Size([1, 1, 128, 256]) at layer: 5
Get Mod with shape torch.Size([1, 1, 256, 512]) at layer: 6
Get Mod with shape torch.Size([1, 1, 512, 1024]) at layer: 7
start temperature: 0.3 noise parameter: 2.0
end temperature: 0.3 noise parameter: 2.0
********************Start from stage I
Step 400, BEST PSNR: 27.805596, Total loss 0.184953 with its rate 0.4304131269454956 latent_bits 225660.4375

🌟 Selected Top-3 Candidates by RD cost

🎯 Stage-2 Refining Candidate 1/3
start temperature: 0.3 noise parameter: 2.0
end temperature: 0.3 noise parameter: 2.0
********************Start from stage I
Step 400, BEST PSNR: 28.708082, Total loss 0.181376 with its rate 0.4596134424209595 latent_bits 240969.8125

🎯 Stage-2 Refining Candidate 2/3
start temperature: 0.3 noise parameter: 2.0
end temperature: 0.3 noise parameter: 2.0
********************Start from stage I
Step 400, BEST PSNR: 28.776189, Total loss 0.181964 with its rate 0.4637378454208374 latent_bits 243132.1875

🎯 Stage-2 Refining Candidate 3/3
start temperature: 0.3 noise parameter: 2.0
end temperature: 0.3 noise parameter: 2.0
********************Start from stage I
Step 400, BEST PSNR: 29.025202, Total loss 0.179403 with its rate 0.45391038060188293 latent_bits 237979.765625

🏆 Best Candidate Final PSNR: 29.03, Rate: 0.4539
Masked_INR(
  (upsampling_2d): Upsampling(
    (conv_transpose2d): UpsamplingConvTranspose2d()
  )
  (arm): Arm(
    (mlp): Sequential(
      (0): ArmConv(
        (conv1_1): Conv1d(16, 16, kernel_size=(1,), stride=(1,))
      )
      (1): GELU(approximate='none')
      (2): ArmConv(
        (conv1_1): Conv1d(16, 16, kernel_size=(1,), stride=(1,))
      )
      (3): GELU(approximate='none')
      (4): ArmConv(
        (conv1_1): Conv1d(16, 2, kernel_size=(1,), stride=(1,))
      )
    )
  )
  (conv_mod): LocalGlobalBlock(
    (net): Sequential(
      (0): SynthesisLayer(
        (pad): Identity()
        (conv_layer): SWHDC(
          (conv): Conv2d(2, 3, kernel_size=(3, 3), stride=(1, 1))
        )
        (non_linearity): GELU(approximate='none')
      )
      (1): SynthesisResidualLayer(
        (pad): ReplicationPad2d((0, 0, 0, 0))
        (conv_layer): Conv2d(3, 3, kernel_size=(1, 1), stride=(1, 1))
        (non_linearity): GELU(approximate='none')
      )
      (2): SynthesisResidualLayer(
        (pad): ReplicationPad2d((0, 0, 0, 0))
        (conv_layer): Conv2d(3, 3, kernel_size=(1, 1), stride=(1, 1))
        (non_linearity): GELU(approximate='none')
      )
      (3): SynthesisResidualLayer(
        (pad): ReplicationPad2d((0, 0, 0, 0))
        (conv_layer): Conv2d(3, 3, kernel_size=(1, 1), stride=(1, 1))
        (non_linearity): Identity()
      )
    )
    (global_net): Sequential(
      (0): SynthesisLayer(
        (pad): Identity()
        (conv_layer): SWHDC(
          (conv): Conv2d(2, 3, kernel_size=(3, 3), stride=(1, 1))
        )
        (non_linearity): GELU(approximate='none')
      )
      (1): SynthesisResidualLayer(
        (pad): ReplicationPad2d((0, 0, 0, 0))
        (conv_layer): Conv2d(3, 3, kernel_size=(1, 1), stride=(1, 1))
        (non_linearity): GELU(approximate='none')
      )
      (2): SynthesisResidualLayer(
        (pad): ReplicationPad2d((0, 0, 0, 0))
        (conv_layer): Conv2d(3, 3, kernel_size=(1, 1), stride=(1, 1))
        (non_linearity): GELU(approximate='none')
      )
      (3): SynthesisResidualLayer(
        (pad): ReplicationPad2d((0, 0, 0, 0))
        (conv_layer): Conv2d(3, 3, kernel_size=(1, 1), stride=(1, 1))
        (non_linearity): Identity()
      )
    )
    (agg_func): Sequential(
      (0): SynthesisLayer(
        (pad): ReplicationPad2d((0, 0, 0, 0))
        (conv_layer): Conv2d(18, 3, kernel_size=(1, 1), stride=(1, 1))
        (non_linearity): GELU(approximate='none')
      )
      (1): SynthesisLayer(
        (pad): ReplicationPad2d((0, 0, 0, 0))
        (conv_layer): Conv2d(21, 3, kernel_size=(1, 1), stride=(1, 1))
        (non_linearity): GELU(approximate='none')
      )
      (2): SynthesisLayer(
        (pad): ReplicationPad2d((0, 0, 0, 0))
        (conv_layer): Conv2d(24, 3, kernel_size=(1, 1), stride=(1, 1))
        (non_linearity): GELU(approximate='none')
      )
    )
    (full_net): Sequential(
      (0): SynthesisLayer(
        (pad): ReplicationPad2d((0, 0, 0, 0))
        (conv_layer): Conv2d(7, 12, kernel_size=(1, 1), stride=(1, 1))
        (non_linearity): GELU(approximate='none')
      )
      (1): SynthesisLayer(
        (pad): ReplicationPad2d((0, 0, 0, 0))
        (conv_layer): Conv2d(12, 3, kernel_size=(1, 1), stride=(1, 1))
        (non_linearity): GELU(approximate='none')
      )
      (2): SynthesisResidualLayer(
        (conv_layer): Conv2d(3, 3, kernel_size=(3, 3), stride=(1, 1))
        (non_linearity): GELU(approximate='none')
      )
      (3): SynthesisResidualLayer(
        (conv_layer): Conv2d(3, 3, kernel_size=(3, 3), stride=(1, 1))
        (non_linearity): GELU(approximate='none')
      )
    )
  )
  (modulation_sf): ParameterList(
      (0): Parameter containing: [torch.float32 of size 1x1x8x16 (cuda:0)]
      (1): Parameter containing: [torch.float32 of size 1x1x16x32 (cuda:0)]
      (2): Parameter containing: [torch.float32 of size 1x1x32x64 (cuda:0)]
      (3): Parameter containing: [torch.float32 of size 1x1x64x128 (cuda:0)]
      (4): Parameter containing: [torch.float32 of size 1x1x128x256 (cuda:0)]
      (5): Parameter containing: [torch.float32 of size 1x1x256x512 (cuda:0)]
      (6): Parameter containing: [torch.float32 of size 1x1x512x1024 (cuda:0)]
  )
)
train the 0 -th image
start temperature: 0.3 noise parameter: 2.0
end temperature: 0.1 noise parameter: 1.0
********************Start from stage I
********************going into stage II
eval_object_psnr: 37.2596626284137
eval_background_psnr: 31.634969767166297
eval_background_psnr: 31.634969767166297
********************Evaluation the Image 0-th, after Step 9999, BEST PSNR: 30.581695, Print rate 0.322365. *************************
Saved model at ./saved/modbase_7/context_16_arm_mod_16/sparity_0.0/inr_mod_16KODAK_ROI_Global_new_struture_7_12_3_33_orderconcat_operator_0_pw_0.2_img_object0.pth
Trained the image with PSNR: 30.581694523290412  latent bits 0.3223646879196167 latent bits number 169011.9375
[30.581694523290412]
[0.3223646879196167]
[169011.9375]
load the model: ./saved/modbase_7/context_16_arm_mod_16/sparity_0.0/inr_mod_16KODAK_ROI_Global_new_struture_7_12_3_33_orderconcat_operator_0_pw_0.2_img_object0.pth for the  0 -th image
********************Evalutation with quantization
********************Starting quantizing models
eval_object_psnr: 36.50089290701312
full_image_psnr: 30.155412411980027
object_psnr: 36.50089290701312
background_psnr: 31.30231292316091
********************Evaluation the Image 0-th, BEST PSNR: 30.155412, Print rate 0.322993, Network rate 0.019941. *************************
eval_wsssim: 0.922898
Decoded image saved to ./experiments/wsssim_tunado_full_regime/decoded_images/othim01_maskerp_wsmse0_swhdc1_erp1_lambda0.2.png
Evaluate the image: PSNR: 30.155412411980027 All bits: 0.3429340124130249  latent bits: 0.3229926824569702  network bits: 0.019941329956054688
Evaluate arm network bits: 0.009328842163085938 Evaluate synthesis network bits: 0.010004043579101562
Image All bits num: 179796.1875 latent bits num: 169341.1875 mlp bits num: 10455.0 border bits num:
arm bits num: 4891.0 synthesis bits num: 5245.0
[30.155412411980027]
[0.3429340124130249]
[179796.1875]
Metrics saved to ./experiments/wsssim_tunado_full_regime/results.csv
Current eval Ave PSNR: 30.155412411980027 Ave Bits 0.3429340124130249
Namespace(batch_size=1, lr=0.01, data='../data', sparsity=0.0, local_upsampling_kernel_size=8, upsampling_kernel_size=8, static_upsampling_kernel=False, latent_factor=1, mod_base=7, highest_flag=1, context_arm=16, dim_arm_mod=16, use_candidate=True, type='other', mod_hid_layer=0, sythesis_features=12, hidden_features=64, hidden_layer=2, scale=1, lambda_rate=0.2, lambda_rate_list=[0.1, 0.2, 0.4, 0.8], start_index=0, mask_type='erp', wsmse_tag=0, swhdc_tag=1, swhdc_dilations=[1, 2, 3, 4], erp_padding=1, workdir='./experiments/wsssim_tunado_full_regime', train_steps_1=100000, train_steps_2=10000, loss_type='combined', lambda_dist=0.0, lambda_percep=1.0, patch_h=512, patch_w=1024, all_pix_num=524288, eval_pix_num=524288)
Directory './saved/modbase_7/context_16_arm_mod_16' already exists.
Directory './saved/modbase_7/context_16_arm_mod_16/sparity_0.0' already exists.
top %: 0.0

🔁 Stage-1 Training Candidate 1/7
Quantizer parameter: encoding gain  16
total pixel: 524288
Get Mod with shape torch.Size([1, 1, 8, 16]) at layer: 1
Get Mod with shape torch.Size([1, 1, 16, 32]) at layer: 2
Get Mod with shape torch.Size([1, 1, 32, 64]) at layer: 3
Get Mod with shape torch.Size([1, 1, 64, 128]) at layer: 4
Get Mod with shape torch.Size([1, 1, 128, 256]) at layer: 5
Get Mod with shape torch.Size([1, 1, 256, 512]) at layer: 6
Get Mod with shape torch.Size([1, 1, 512, 1024]) at layer: 7
start temperature: 0.3 noise parameter: 2.0
end temperature: 0.3 noise parameter: 2.0
********************Start from stage I
Step 400, BEST PSNR: 26.687168, Total loss 0.226359 with its rate 0.6155453324317932 latent_bits 322723.03125

🔁 Stage-1 Training Candidate 2/7
Quantizer parameter: encoding gain  16
total pixel: 524288
Get Mod with shape torch.Size([1, 1, 8, 16]) at layer: 1
Get Mod with shape torch.Size([1, 1, 16, 32]) at layer: 2
Get Mod with shape torch.Size([1, 1, 32, 64]) at layer: 3
Get Mod with shape torch.Size([1, 1, 64, 128]) at layer: 4
Get Mod with shape torch.Size([1, 1, 128, 256]) at layer: 5
Get Mod with shape torch.Size([1, 1, 256, 512]) at layer: 6
Get Mod with shape torch.Size([1, 1, 512, 1024]) at layer: 7
start temperature: 0.3 noise parameter: 2.0
end temperature: 0.3 noise parameter: 2.0
********************Start from stage I
Step 400, BEST PSNR: 25.880522, Total loss 0.227513 with its rate 0.6236357688903809 latent_bits 326964.75

🔁 Stage-1 Training Candidate 3/7
Quantizer parameter: encoding gain  16
total pixel: 524288
Get Mod with shape torch.Size([1, 1, 8, 16]) at layer: 1
Get Mod with shape torch.Size([1, 1, 16, 32]) at layer: 2
Get Mod with shape torch.Size([1, 1, 32, 64]) at layer: 3
Get Mod with shape torch.Size([1, 1, 64, 128]) at layer: 4
Get Mod with shape torch.Size([1, 1, 128, 256]) at layer: 5
Get Mod with shape torch.Size([1, 1, 256, 512]) at layer: 6
Get Mod with shape torch.Size([1, 1, 512, 1024]) at layer: 7
start temperature: 0.3 noise parameter: 2.0
end temperature: 0.3 noise parameter: 2.0
********************Start from stage I
Step 400, BEST PSNR: 26.707482, Total loss 0.224170 with its rate 0.6191729307174683 latent_bits 324624.9375

🔁 Stage-1 Training Candidate 4/7
Quantizer parameter: encoding gain  16
total pixel: 524288
Get Mod with shape torch.Size([1, 1, 8, 16]) at layer: 1
Get Mod with shape torch.Size([1, 1, 16, 32]) at layer: 2
Get Mod with shape torch.Size([1, 1, 32, 64]) at layer: 3
Get Mod with shape torch.Size([1, 1, 64, 128]) at layer: 4
Get Mod with shape torch.Size([1, 1, 128, 256]) at layer: 5
Get Mod with shape torch.Size([1, 1, 256, 512]) at layer: 6
Get Mod with shape torch.Size([1, 1, 512, 1024]) at layer: 7
start temperature: 0.3 noise parameter: 2.0
end temperature: 0.3 noise parameter: 2.0
********************Start from stage I
Step 400, BEST PSNR: 26.972777, Total loss 0.226880 with its rate 0.6271536946296692 latent_bits 328809.15625

🔁 Stage-1 Training Candidate 5/7
Quantizer parameter: encoding gain  16
total pixel: 524288
Get Mod with shape torch.Size([1, 1, 8, 16]) at layer: 1
Get Mod with shape torch.Size([1, 1, 16, 32]) at layer: 2
Get Mod with shape torch.Size([1, 1, 32, 64]) at layer: 3
Get Mod with shape torch.Size([1, 1, 64, 128]) at layer: 4
Get Mod with shape torch.Size([1, 1, 128, 256]) at layer: 5
Get Mod with shape torch.Size([1, 1, 256, 512]) at layer: 6
Get Mod with shape torch.Size([1, 1, 512, 1024]) at layer: 7
start temperature: 0.3 noise parameter: 2.0
end temperature: 0.3 noise parameter: 2.0
********************Start from stage I
Step 400, BEST PSNR: 26.530960, Total loss 0.225226 with its rate 0.6095384955406189 latent_bits 319573.71875

🔁 Stage-1 Training Candidate 6/7
Quantizer parameter: encoding gain  16
total pixel: 524288
Get Mod with shape torch.Size([1, 1, 8, 16]) at layer: 1
Get Mod with shape torch.Size([1, 1, 16, 32]) at layer: 2
Get Mod with shape torch.Size([1, 1, 32, 64]) at layer: 3
Get Mod with shape torch.Size([1, 1, 64, 128]) at layer: 4
Get Mod with shape torch.Size([1, 1, 128, 256]) at layer: 5
Get Mod with shape torch.Size([1, 1, 256, 512]) at layer: 6
Get Mod with shape torch.Size([1, 1, 512, 1024]) at layer: 7
start temperature: 0.3 noise parameter: 2.0
end temperature: 0.3 noise parameter: 2.0
********************Start from stage I
Step 400, BEST PSNR: 26.595207, Total loss 0.224975 with its rate 0.6192302107810974 latent_bits 324654.96875

🔁 Stage-1 Training Candidate 7/7
Quantizer parameter: encoding gain  16
total pixel: 524288
Get Mod with shape torch.Size([1, 1, 8, 16]) at layer: 1
Get Mod with shape torch.Size([1, 1, 16, 32]) at layer: 2
Get Mod with shape torch.Size([1, 1, 32, 64]) at layer: 3
Get Mod with shape torch.Size([1, 1, 64, 128]) at layer: 4
Get Mod with shape torch.Size([1, 1, 128, 256]) at layer: 5
Get Mod with shape torch.Size([1, 1, 256, 512]) at layer: 6
Get Mod with shape torch.Size([1, 1, 512, 1024]) at layer: 7
start temperature: 0.3 noise parameter: 2.0
end temperature: 0.3 noise parameter: 2.0
********************Start from stage I
Step 400, BEST PSNR: 26.454398, Total loss 0.226424 with its rate 0.6248025298118591 latent_bits 327576.46875

🌟 Selected Top-3 Candidates by RD cost

🎯 Stage-2 Refining Candidate 1/3
start temperature: 0.3 noise parameter: 2.0
end temperature: 0.3 noise parameter: 2.0
********************Start from stage I
Step 400, BEST PSNR: 27.281574, Total loss 0.222820 with its rate 0.634505569934845 latent_bits 332663.65625

🎯 Stage-2 Refining Candidate 2/3
start temperature: 0.3 noise parameter: 2.0
end temperature: 0.3 noise parameter: 2.0
********************Start from stage I
Step 400, BEST PSNR: 27.188240, Total loss 0.221993 with its rate 0.6317059397697449 latent_bits 331195.84375

🎯 Stage-2 Refining Candidate 3/3
start temperature: 0.3 noise parameter: 2.0
end temperature: 0.3 noise parameter: 2.0
********************Start from stage I
Step 400, BEST PSNR: 27.364701, Total loss 0.221475 with its rate 0.6339396238327026 latent_bits 332366.9375

🏆 Best Candidate Final PSNR: 27.36, Rate: 0.6339
Masked_INR(
  (upsampling_2d): Upsampling(
    (conv_transpose2d): UpsamplingConvTranspose2d()
  )
  (arm): Arm(
    (mlp): Sequential(
      (0): ArmConv(
        (conv1_1): Conv1d(16, 16, kernel_size=(1,), stride=(1,))
      )
      (1): GELU(approximate='none')
      (2): ArmConv(
        (conv1_1): Conv1d(16, 16, kernel_size=(1,), stride=(1,))
      )
      (3): GELU(approximate='none')
      (4): ArmConv(
        (conv1_1): Conv1d(16, 2, kernel_size=(1,), stride=(1,))
      )
    )
  )
  (conv_mod): LocalGlobalBlock(
    (net): Sequential(
      (0): SynthesisLayer(
        (pad): Identity()
        (conv_layer): SWHDC(
          (conv): Conv2d(2, 3, kernel_size=(3, 3), stride=(1, 1))
        )
        (non_linearity): GELU(approximate='none')
      )
      (1): SynthesisResidualLayer(
        (pad): ReplicationPad2d((0, 0, 0, 0))
        (conv_layer): Conv2d(3, 3, kernel_size=(1, 1), stride=(1, 1))
        (non_linearity): GELU(approximate='none')
      )
      (2): SynthesisResidualLayer(
        (pad): ReplicationPad2d((0, 0, 0, 0))
        (conv_layer): Conv2d(3, 3, kernel_size=(1, 1), stride=(1, 1))
        (non_linearity): GELU(approximate='none')
      )
      (3): SynthesisResidualLayer(
        (pad): ReplicationPad2d((0, 0, 0, 0))
        (conv_layer): Conv2d(3, 3, kernel_size=(1, 1), stride=(1, 1))
        (non_linearity): Identity()
      )
    )
    (global_net): Sequential(
      (0): SynthesisLayer(
        (pad): Identity()
        (conv_layer): SWHDC(
          (conv): Conv2d(2, 3, kernel_size=(3, 3), stride=(1, 1))
        )
        (non_linearity): GELU(approximate='none')
      )
      (1): SynthesisResidualLayer(
        (pad): ReplicationPad2d((0, 0, 0, 0))
        (conv_layer): Conv2d(3, 3, kernel_size=(1, 1), stride=(1, 1))
        (non_linearity): GELU(approximate='none')
      )
      (2): SynthesisResidualLayer(
        (pad): ReplicationPad2d((0, 0, 0, 0))
        (conv_layer): Conv2d(3, 3, kernel_size=(1, 1), stride=(1, 1))
        (non_linearity): GELU(approximate='none')
      )
      (3): SynthesisResidualLayer(
        (pad): ReplicationPad2d((0, 0, 0, 0))
        (conv_layer): Conv2d(3, 3, kernel_size=(1, 1), stride=(1, 1))
        (non_linearity): Identity()
      )
    )
    (agg_func): Sequential(
      (0): SynthesisLayer(
        (pad): ReplicationPad2d((0, 0, 0, 0))
        (conv_layer): Conv2d(18, 3, kernel_size=(1, 1), stride=(1, 1))
        (non_linearity): GELU(approximate='none')
      )
      (1): SynthesisLayer(
        (pad): ReplicationPad2d((0, 0, 0, 0))
        (conv_layer): Conv2d(21, 3, kernel_size=(1, 1), stride=(1, 1))
        (non_linearity): GELU(approximate='none')
      )
      (2): SynthesisLayer(
        (pad): ReplicationPad2d((0, 0, 0, 0))
        (conv_layer): Conv2d(24, 3, kernel_size=(1, 1), stride=(1, 1))
        (non_linearity): GELU(approximate='none')
      )
    )
    (full_net): Sequential(
      (0): SynthesisLayer(
        (pad): ReplicationPad2d((0, 0, 0, 0))
        (conv_layer): Conv2d(7, 12, kernel_size=(1, 1), stride=(1, 1))
        (non_linearity): GELU(approximate='none')
      )
      (1): SynthesisLayer(
        (pad): ReplicationPad2d((0, 0, 0, 0))
        (conv_layer): Conv2d(12, 3, kernel_size=(1, 1), stride=(1, 1))
        (non_linearity): GELU(approximate='none')
      )
      (2): SynthesisResidualLayer(
        (conv_layer): Conv2d(3, 3, kernel_size=(3, 3), stride=(1, 1))
        (non_linearity): GELU(approximate='none')
      )
      (3): SynthesisResidualLayer(
        (conv_layer): Conv2d(3, 3, kernel_size=(3, 3), stride=(1, 1))
        (non_linearity): GELU(approximate='none')
      )
    )
  )
  (modulation_sf): ParameterList(
      (0): Parameter containing: [torch.float32 of size 1x1x8x16 (cuda:0)]
      (1): Parameter containing: [torch.float32 of size 1x1x16x32 (cuda:0)]
      (2): Parameter containing: [torch.float32 of size 1x1x32x64 (cuda:0)]
      (3): Parameter containing: [torch.float32 of size 1x1x64x128 (cuda:0)]
      (4): Parameter containing: [torch.float32 of size 1x1x128x256 (cuda:0)]
      (5): Parameter containing: [torch.float32 of size 1x1x256x512 (cuda:0)]
      (6): Parameter containing: [torch.float32 of size 1x1x512x1024 (cuda:0)]
  )
)
train the 5 -th image
start temperature: 0.3 noise parameter: 2.0
end temperature: 0.1 noise parameter: 1.0
********************Start from stage I
********************going into stage II
eval_object_psnr: 33.98458542157908
eval_background_psnr: 30.243523770126615
eval_background_psnr: 30.243523770126615
********************Evaluation the Image 5-th, after Step 9999, BEST PSNR: 28.711978, Print rate 0.476576. *************************
Saved model at ./saved/modbase_7/context_16_arm_mod_16/sparity_0.0/inr_mod_16KODAK_ROI_Global_new_struture_7_12_3_33_orderconcat_operator_0_pw_0.2_img_object5.pth
Trained the image with PSNR: 28.711977653400805  latent bits 0.47657591104507446 latent bits number 249863.03125
[30.581694523290412, 28.711977653400805]
[0.3223646879196167, 0.47657591104507446]
[169011.9375, 249863.03125]
load the model: ./saved/modbase_7/context_16_arm_mod_16/sparity_0.0/inr_mod_16KODAK_ROI_Global_new_struture_7_12_3_33_orderconcat_operator_0_pw_0.2_img_object5.pth for the  5 -th image
********************Evalutation with quantization
********************Starting quantizing models
eval_object_psnr: 32.85687011031205
full_image_psnr: 27.422279050634348
object_psnr: 32.85687011031205
background_psnr: 28.930962351279163
********************Evaluation the Image 5-th, BEST PSNR: 27.422279, Print rate 0.478102, Network rate 0.017056. *************************
eval_wsssim: 0.903645
Decoded image saved to ./experiments/wsssim_tunado_full_regime/decoded_images/othim06_maskerp_wsmse0_swhdc1_erp1_lambda0.2.png
Evaluate the image: PSNR: 27.422279050634348 All bits: 0.49515703320503235  latent bits: 0.478101521730423  network bits: 0.017055511474609375
Evaluate arm network bits: 0.00841522216796875 Evaluate synthesis network bits: 0.008157730102539062
Image All bits num: 259604.890625 latent bits num: 250662.890625 mlp bits num: 8942.0 border bits num:
arm bits num: 4412.0 synthesis bits num: 4277.0
[30.155412411980027, 27.422279050634348]
[0.3429340124130249, 0.49515703320503235]
[179796.1875, 259604.890625]
Metrics saved to ./experiments/wsssim_tunado_full_regime/results.csv
Current eval Ave PSNR: 28.788845731307187 Ave Bits 0.4190455228090286
Namespace(batch_size=1, lr=0.01, data='../data', sparsity=0.0, local_upsampling_kernel_size=8, upsampling_kernel_size=8, static_upsampling_kernel=False, latent_factor=1, mod_base=7, highest_flag=1, context_arm=16, dim_arm_mod=16, use_candidate=True, type='other', mod_hid_layer=0, sythesis_features=12, hidden_features=64, hidden_layer=2, scale=1, lambda_rate=0.2, lambda_rate_list=[0.1, 0.2, 0.4, 0.8], start_index=0, mask_type='erp', wsmse_tag=0, swhdc_tag=1, swhdc_dilations=[1, 2, 3, 4], erp_padding=1, workdir='./experiments/wsssim_tunado_full_regime', train_steps_1=100000, train_steps_2=10000, loss_type='combined', lambda_dist=0.0, lambda_percep=1.0, patch_h=512, patch_w=1024, all_pix_num=524288, eval_pix_num=524288)
Directory './saved/modbase_7/context_16_arm_mod_16' already exists.
Directory './saved/modbase_7/context_16_arm_mod_16/sparity_0.0' already exists.
top %: 0.0

🔁 Stage-1 Training Candidate 1/7
Quantizer parameter: encoding gain  16
total pixel: 524288
Get Mod with shape torch.Size([1, 1, 8, 16]) at layer: 1
Get Mod with shape torch.Size([1, 1, 16, 32]) at layer: 2
Get Mod with shape torch.Size([1, 1, 32, 64]) at layer: 3
Get Mod with shape torch.Size([1, 1, 64, 128]) at layer: 4
Get Mod with shape torch.Size([1, 1, 128, 256]) at layer: 5
Get Mod with shape torch.Size([1, 1, 256, 512]) at layer: 6
Get Mod with shape torch.Size([1, 1, 512, 1024]) at layer: 7
start temperature: 0.3 noise parameter: 2.0
end temperature: 0.3 noise parameter: 2.0
********************Start from stage I
Step 400, BEST PSNR: 28.465683, Total loss 0.188138 with its rate 0.47979915142059326 latent_bits 251552.9375

🔁 Stage-1 Training Candidate 2/7
Quantizer parameter: encoding gain  16
total pixel: 524288
Get Mod with shape torch.Size([1, 1, 8, 16]) at layer: 1
Get Mod with shape torch.Size([1, 1, 16, 32]) at layer: 2
Get Mod with shape torch.Size([1, 1, 32, 64]) at layer: 3
Get Mod with shape torch.Size([1, 1, 64, 128]) at layer: 4
Get Mod with shape torch.Size([1, 1, 128, 256]) at layer: 5
Get Mod with shape torch.Size([1, 1, 256, 512]) at layer: 6
Get Mod with shape torch.Size([1, 1, 512, 1024]) at layer: 7
start temperature: 0.3 noise parameter: 2.0
end temperature: 0.3 noise parameter: 2.0
********************Start from stage I
Step 400, BEST PSNR: 28.117798, Total loss 0.189991 with its rate 0.48591873049736023 latent_bits 254761.359375

🔁 Stage-1 Training Candidate 3/7
Quantizer parameter: encoding gain  16
total pixel: 524288
Get Mod with shape torch.Size([1, 1, 8, 16]) at layer: 1
Get Mod with shape torch.Size([1, 1, 16, 32]) at layer: 2
Get Mod with shape torch.Size([1, 1, 32, 64]) at layer: 3
Get Mod with shape torch.Size([1, 1, 64, 128]) at layer: 4
Get Mod with shape torch.Size([1, 1, 128, 256]) at layer: 5
Get Mod with shape torch.Size([1, 1, 256, 512]) at layer: 6
Get Mod with shape torch.Size([1, 1, 512, 1024]) at layer: 7
start temperature: 0.3 noise parameter: 2.0
end temperature: 0.3 noise parameter: 2.0
********************Start from stage I
Step 400, BEST PSNR: 28.875989, Total loss 0.187379 with its rate 0.47827601432800293 latent_bits 250754.375

🔁 Stage-1 Training Candidate 4/7
Quantizer parameter: encoding gain  16
total pixel: 524288
Get Mod with shape torch.Size([1, 1, 8, 16]) at layer: 1
Get Mod with shape torch.Size([1, 1, 16, 32]) at layer: 2
Get Mod with shape torch.Size([1, 1, 32, 64]) at layer: 3
Get Mod with shape torch.Size([1, 1, 64, 128]) at layer: 4
Get Mod with shape torch.Size([1, 1, 128, 256]) at layer: 5
Get Mod with shape torch.Size([1, 1, 256, 512]) at layer: 6
Get Mod with shape torch.Size([1, 1, 512, 1024]) at layer: 7
start temperature: 0.3 noise parameter: 2.0
end temperature: 0.3 noise parameter: 2.0
********************Start from stage I
Step 400, BEST PSNR: 28.845930, Total loss 0.188030 with its rate 0.48168981075286865 latent_bits 252544.1875

🔁 Stage-1 Training Candidate 5/7
Quantizer parameter: encoding gain  16
total pixel: 524288
Get Mod with shape torch.Size([1, 1, 8, 16]) at layer: 1
Get Mod with shape torch.Size([1, 1, 16, 32]) at layer: 2
Get Mod with shape torch.Size([1, 1, 32, 64]) at layer: 3
Get Mod with shape torch.Size([1, 1, 64, 128]) at layer: 4
Get Mod with shape torch.Size([1, 1, 128, 256]) at layer: 5
Get Mod with shape torch.Size([1, 1, 256, 512]) at layer: 6
Get Mod with shape torch.Size([1, 1, 512, 1024]) at layer: 7
start temperature: 0.3 noise parameter: 2.0
end temperature: 0.3 noise parameter: 2.0
********************Start from stage I
Step 400, BEST PSNR: 28.195000, Total loss 0.191640 with its rate 0.49258556962013245 latent_bits 258256.703125

🔁 Stage-1 Training Candidate 6/7
Quantizer parameter: encoding gain  16
total pixel: 524288
Get Mod with shape torch.Size([1, 1, 8, 16]) at layer: 1
Get Mod with shape torch.Size([1, 1, 16, 32]) at layer: 2
Get Mod with shape torch.Size([1, 1, 32, 64]) at layer: 3
Get Mod with shape torch.Size([1, 1, 64, 128]) at layer: 4
Get Mod with shape torch.Size([1, 1, 128, 256]) at layer: 5
Get Mod with shape torch.Size([1, 1, 256, 512]) at layer: 6
Get Mod with shape torch.Size([1, 1, 512, 1024]) at layer: 7
start temperature: 0.3 noise parameter: 2.0
end temperature: 0.3 noise parameter: 2.0
********************Start from stage I
Step 400, BEST PSNR: 28.924834, Total loss 0.185894 with its rate 0.47565576434135437 latent_bits 249380.609375

🔁 Stage-1 Training Candidate 7/7
Quantizer parameter: encoding gain  16
total pixel: 524288
Get Mod with shape torch.Size([1, 1, 8, 16]) at layer: 1
Get Mod with shape torch.Size([1, 1, 16, 32]) at layer: 2
Get Mod with shape torch.Size([1, 1, 32, 64]) at layer: 3
Get Mod with shape torch.Size([1, 1, 64, 128]) at layer: 4
Get Mod with shape torch.Size([1, 1, 128, 256]) at layer: 5
Get Mod with shape torch.Size([1, 1, 256, 512]) at layer: 6
Get Mod with shape torch.Size([1, 1, 512, 1024]) at layer: 7
start temperature: 0.3 noise parameter: 2.0
end temperature: 0.3 noise parameter: 2.0
********************Start from stage I
Step 400, BEST PSNR: 28.611450, Total loss 0.191490 with its rate 0.48821955919265747 latent_bits 255967.65625

🌟 Selected Top-3 Candidates by RD cost

🎯 Stage-2 Refining Candidate 1/3
start temperature: 0.3 noise parameter: 2.0
end temperature: 0.3 noise parameter: 2.0
********************Start from stage I
Step 400, BEST PSNR: 29.633603, Total loss 0.187939 with its rate 0.5105254650115967 latent_bits 267662.375

🎯 Stage-2 Refining Candidate 2/3
start temperature: 0.3 noise parameter: 2.0
end temperature: 0.3 noise parameter: 2.0
********************Start from stage I
Step 400, BEST PSNR: 29.752108, Total loss 0.188844 with its rate 0.5140351057052612 latent_bits 269502.4375

🎯 Stage-2 Refining Candidate 3/3
start temperature: 0.3 noise parameter: 2.0
end temperature: 0.3 noise parameter: 2.0
********************Start from stage I
Step 400, BEST PSNR: 29.770894, Total loss 0.189007 with its rate 0.515016496181488 latent_bits 270016.96875

🏆 Best Candidate Final PSNR: 29.63, Rate: 0.5105
Masked_INR(
  (upsampling_2d): Upsampling(
    (conv_transpose2d): UpsamplingConvTranspose2d()
  )
  (arm): Arm(
    (mlp): Sequential(
      (0): ArmConv(
        (conv1_1): Conv1d(16, 16, kernel_size=(1,), stride=(1,))
      )
      (1): GELU(approximate='none')
      (2): ArmConv(
        (conv1_1): Conv1d(16, 16, kernel_size=(1,), stride=(1,))
      )
      (3): GELU(approximate='none')
      (4): ArmConv(
        (conv1_1): Conv1d(16, 2, kernel_size=(1,), stride=(1,))
      )
    )
  )
  (conv_mod): LocalGlobalBlock(
    (net): Sequential(
      (0): SynthesisLayer(
        (pad): Identity()
        (conv_layer): SWHDC(
          (conv): Conv2d(2, 3, kernel_size=(3, 3), stride=(1, 1))
        )
        (non_linearity): GELU(approximate='none')
      )
      (1): SynthesisResidualLayer(
        (pad): ReplicationPad2d((0, 0, 0, 0))
        (conv_layer): Conv2d(3, 3, kernel_size=(1, 1), stride=(1, 1))
        (non_linearity): GELU(approximate='none')
      )
      (2): SynthesisResidualLayer(
        (pad): ReplicationPad2d((0, 0, 0, 0))
        (conv_layer): Conv2d(3, 3, kernel_size=(1, 1), stride=(1, 1))
        (non_linearity): GELU(approximate='none')
      )
      (3): SynthesisResidualLayer(
        (pad): ReplicationPad2d((0, 0, 0, 0))
        (conv_layer): Conv2d(3, 3, kernel_size=(1, 1), stride=(1, 1))
        (non_linearity): Identity()
      )
    )
    (global_net): Sequential(
      (0): SynthesisLayer(
        (pad): Identity()
        (conv_layer): SWHDC(
          (conv): Conv2d(2, 3, kernel_size=(3, 3), stride=(1, 1))
        )
        (non_linearity): GELU(approximate='none')
      )
      (1): SynthesisResidualLayer(
        (pad): ReplicationPad2d((0, 0, 0, 0))
        (conv_layer): Conv2d(3, 3, kernel_size=(1, 1), stride=(1, 1))
        (non_linearity): GELU(approximate='none')
      )
      (2): SynthesisResidualLayer(
        (pad): ReplicationPad2d((0, 0, 0, 0))
        (conv_layer): Conv2d(3, 3, kernel_size=(1, 1), stride=(1, 1))
        (non_linearity): GELU(approximate='none')
      )
      (3): SynthesisResidualLayer(
        (pad): ReplicationPad2d((0, 0, 0, 0))
        (conv_layer): Conv2d(3, 3, kernel_size=(1, 1), stride=(1, 1))
        (non_linearity): Identity()
      )
    )
    (agg_func): Sequential(
      (0): SynthesisLayer(
        (pad): ReplicationPad2d((0, 0, 0, 0))
        (conv_layer): Conv2d(18, 3, kernel_size=(1, 1), stride=(1, 1))
        (non_linearity): GELU(approximate='none')
      )
      (1): SynthesisLayer(
        (pad): ReplicationPad2d((0, 0, 0, 0))
        (conv_layer): Conv2d(21, 3, kernel_size=(1, 1), stride=(1, 1))
        (non_linearity): GELU(approximate='none')
      )
      (2): SynthesisLayer(
        (pad): ReplicationPad2d((0, 0, 0, 0))
        (conv_layer): Conv2d(24, 3, kernel_size=(1, 1), stride=(1, 1))
        (non_linearity): GELU(approximate='none')
      )
    )
    (full_net): Sequential(
      (0): SynthesisLayer(
        (pad): ReplicationPad2d((0, 0, 0, 0))
        (conv_layer): Conv2d(7, 12, kernel_size=(1, 1), stride=(1, 1))
        (non_linearity): GELU(approximate='none')
      )
      (1): SynthesisLayer(
        (pad): ReplicationPad2d((0, 0, 0, 0))
        (conv_layer): Conv2d(12, 3, kernel_size=(1, 1), stride=(1, 1))
        (non_linearity): GELU(approximate='none')
      )
      (2): SynthesisResidualLayer(
        (conv_layer): Conv2d(3, 3, kernel_size=(3, 3), stride=(1, 1))
        (non_linearity): GELU(approximate='none')
      )
      (3): SynthesisResidualLayer(
        (conv_layer): Conv2d(3, 3, kernel_size=(3, 3), stride=(1, 1))
        (non_linearity): GELU(approximate='none')
      )
    )
  )
  (modulation_sf): ParameterList(
      (0): Parameter containing: [torch.float32 of size 1x1x8x16 (cuda:0)]
      (1): Parameter containing: [torch.float32 of size 1x1x16x32 (cuda:0)]
      (2): Parameter containing: [torch.float32 of size 1x1x32x64 (cuda:0)]
      (3): Parameter containing: [torch.float32 of size 1x1x64x128 (cuda:0)]
      (4): Parameter containing: [torch.float32 of size 1x1x128x256 (cuda:0)]
      (5): Parameter containing: [torch.float32 of size 1x1x256x512 (cuda:0)]
      (6): Parameter containing: [torch.float32 of size 1x1x512x1024 (cuda:0)]
  )
)
train the 10 -th image
start temperature: 0.3 noise parameter: 2.0
end temperature: 0.1 noise parameter: 1.0
********************Start from stage I
********************going into stage II
eval_object_psnr: 37.479352263514485
eval_background_psnr: 32.51316636457753
eval_background_psnr: 32.51316636457753
********************Evaluation the Image 10-th, after Step 9999, BEST PSNR: 31.309996, Print rate 0.385489. *************************
Saved model at ./saved/modbase_7/context_16_arm_mod_16/sparity_0.0/inr_mod_16KODAK_ROI_Global_new_struture_7_12_3_33_orderconcat_operator_0_pw_0.2_img_object10.pth
Trained the image with PSNR: 31.30999641537315  latent bits 0.38548871874809265 latent bits number 202107.109375
[30.581694523290412, 28.711977653400805, 31.30999641537315]
[0.3223646879196167, 0.47657591104507446, 0.38548871874809265]
[169011.9375, 249863.03125, 202107.109375]
load the model: ./saved/modbase_7/context_16_arm_mod_16/sparity_0.0/inr_mod_16KODAK_ROI_Global_new_struture_7_12_3_33_orderconcat_operator_0_pw_0.2_img_object10.pth for the  10 -th image
********************Evalutation with quantization
********************Starting quantizing models
eval_object_psnr: 36.92758679496303
full_image_psnr: 30.972798130227783
object_psnr: 36.92758679496303
background_psnr: 32.275338529489616
********************Evaluation the Image 10-th, BEST PSNR: 30.972798, Print rate 0.386692, Network rate 0.021051. *************************
eval_wsssim: 0.923628
Decoded image saved to ./experiments/wsssim_tunado_full_regime/decoded_images/othim11_maskerp_wsmse0_swhdc1_erp1_lambda0.2.png
Evaluate the image: PSNR: 30.972798130227783 All bits: 0.40774327516555786  latent bits: 0.3866918683052063  network bits: 0.021051406860351562
Evaluate arm network bits: 0.0093841552734375 Evaluate synthesis network bits: 0.011167526245117188
Image All bits num: 213774.90625 latent bits num: 202737.90625 mlp bits num: 11037.0 border bits num:
arm bits num: 4920.0 synthesis bits num: 5855.0
[30.155412411980027, 27.422279050634348, 30.972798130227783]
[0.3429340124130249, 0.49515703320503235, 0.40774327516555786]
[179796.1875, 259604.890625, 213774.90625]
Metrics saved to ./experiments/wsssim_tunado_full_regime/results.csv
Current eval Ave PSNR: 29.51682986428072 Ave Bits 0.4152781069278717
Namespace(batch_size=1, lr=0.01, data='../data', sparsity=0.0, local_upsampling_kernel_size=8, upsampling_kernel_size=8, static_upsampling_kernel=False, latent_factor=1, mod_base=7, highest_flag=1, context_arm=16, dim_arm_mod=16, use_candidate=True, type='other', mod_hid_layer=0, sythesis_features=12, hidden_features=64, hidden_layer=2, scale=1, lambda_rate=0.2, lambda_rate_list=[0.1, 0.2, 0.4, 0.8], start_index=0, mask_type='erp', wsmse_tag=0, swhdc_tag=1, swhdc_dilations=[1, 2, 3, 4], erp_padding=1, workdir='./experiments/wsssim_tunado_full_regime', train_steps_1=100000, train_steps_2=10000, loss_type='combined', lambda_dist=0.0, lambda_percep=1.0, patch_h=512, patch_w=1024, all_pix_num=524288, eval_pix_num=524288)
Directory './saved/modbase_7/context_16_arm_mod_16' already exists.
Directory './saved/modbase_7/context_16_arm_mod_16/sparity_0.0' already exists.
top %: 0.0

🔁 Stage-1 Training Candidate 1/7
Quantizer parameter: encoding gain  16
total pixel: 524288
Get Mod with shape torch.Size([1, 1, 8, 16]) at layer: 1
Get Mod with shape torch.Size([1, 1, 16, 32]) at layer: 2
Get Mod with shape torch.Size([1, 1, 32, 64]) at layer: 3
Get Mod with shape torch.Size([1, 1, 64, 128]) at layer: 4
Get Mod with shape torch.Size([1, 1, 128, 256]) at layer: 5
Get Mod with shape torch.Size([1, 1, 256, 512]) at layer: 6
Get Mod with shape torch.Size([1, 1, 512, 1024]) at layer: 7
start temperature: 0.3 noise parameter: 2.0
end temperature: 0.3 noise parameter: 2.0
********************Start from stage I
Step 400, BEST PSNR: 28.489134, Total loss 0.142150 with its rate 0.32982099056243896 latent_bits 172921.1875

🔁 Stage-1 Training Candidate 2/7
Quantizer parameter: encoding gain  16
total pixel: 524288
Get Mod with shape torch.Size([1, 1, 8, 16]) at layer: 1
Get Mod with shape torch.Size([1, 1, 16, 32]) at layer: 2
Get Mod with shape torch.Size([1, 1, 32, 64]) at layer: 3
Get Mod with shape torch.Size([1, 1, 64, 128]) at layer: 4
Get Mod with shape torch.Size([1, 1, 128, 256]) at layer: 5
Get Mod with shape torch.Size([1, 1, 256, 512]) at layer: 6
Get Mod with shape torch.Size([1, 1, 512, 1024]) at layer: 7
start temperature: 0.3 noise parameter: 2.0
end temperature: 0.3 noise parameter: 2.0
********************Start from stage I
Step 400, BEST PSNR: 29.723153, Total loss 0.136388 with its rate 0.32839342951774597 latent_bits 172172.734375

🔁 Stage-1 Training Candidate 3/7
Quantizer parameter: encoding gain  16
total pixel: 524288
Get Mod with shape torch.Size([1, 1, 8, 16]) at layer: 1
Get Mod with shape torch.Size([1, 1, 16, 32]) at layer: 2
Get Mod with shape torch.Size([1, 1, 32, 64]) at layer: 3
Get Mod with shape torch.Size([1, 1, 64, 128]) at layer: 4
Get Mod with shape torch.Size([1, 1, 128, 256]) at layer: 5
Get Mod with shape torch.Size([1, 1, 256, 512]) at layer: 6
Get Mod with shape torch.Size([1, 1, 512, 1024]) at layer: 7
start temperature: 0.3 noise parameter: 2.0
end temperature: 0.3 noise parameter: 2.0
********************Start from stage I
Step 400, BEST PSNR: 29.433059, Total loss 0.138896 with its rate 0.3331523537635803 latent_bits 174667.78125

🔁 Stage-1 Training Candidate 4/7
Quantizer parameter: encoding gain  16
total pixel: 524288
Get Mod with shape torch.Size([1, 1, 8, 16]) at layer: 1
Get Mod with shape torch.Size([1, 1, 16, 32]) at layer: 2
Get Mod with shape torch.Size([1, 1, 32, 64]) at layer: 3
Get Mod with shape torch.Size([1, 1, 64, 128]) at layer: 4
Get Mod with shape torch.Size([1, 1, 128, 256]) at layer: 5
Get Mod with shape torch.Size([1, 1, 256, 512]) at layer: 6
Get Mod with shape torch.Size([1, 1, 512, 1024]) at layer: 7
start temperature: 0.3 noise parameter: 2.0
end temperature: 0.3 noise parameter: 2.0
********************Start from stage I
Step 400, BEST PSNR: 28.382258, Total loss 0.137796 with its rate 0.33527591824531555 latent_bits 175781.140625

🔁 Stage-1 Training Candidate 5/7
Quantizer parameter: encoding gain  16
total pixel: 524288
Get Mod with shape torch.Size([1, 1, 8, 16]) at layer: 1
Get Mod with shape torch.Size([1, 1, 16, 32]) at layer: 2
Get Mod with shape torch.Size([1, 1, 32, 64]) at layer: 3
Get Mod with shape torch.Size([1, 1, 64, 128]) at layer: 4
Get Mod with shape torch.Size([1, 1, 128, 256]) at layer: 5
Get Mod with shape torch.Size([1, 1, 256, 512]) at layer: 6
Get Mod with shape torch.Size([1, 1, 512, 1024]) at layer: 7
start temperature: 0.3 noise parameter: 2.0
end temperature: 0.3 noise parameter: 2.0
********************Start from stage I
Step 400, BEST PSNR: 29.090519, Total loss 0.140265 with its rate 0.3382720947265625 latent_bits 177352.0

🔁 Stage-1 Training Candidate 6/7
Quantizer parameter: encoding gain  16
total pixel: 524288
Get Mod with shape torch.Size([1, 1, 8, 16]) at layer: 1
Get Mod with shape torch.Size([1, 1, 16, 32]) at layer: 2
Get Mod with shape torch.Size([1, 1, 32, 64]) at layer: 3
Get Mod with shape torch.Size([1, 1, 64, 128]) at layer: 4
Get Mod with shape torch.Size([1, 1, 128, 256]) at layer: 5
Get Mod with shape torch.Size([1, 1, 256, 512]) at layer: 6
Get Mod with shape torch.Size([1, 1, 512, 1024]) at layer: 7
start temperature: 0.3 noise parameter: 2.0
end temperature: 0.3 noise parameter: 2.0
********************Start from stage I
Step 400, BEST PSNR: 28.170961, Total loss 0.140578 with its rate 0.33555489778518677 latent_bits 175927.40625

🔁 Stage-1 Training Candidate 7/7
Quantizer parameter: encoding gain  16
total pixel: 524288
Get Mod with shape torch.Size([1, 1, 8, 16]) at layer: 1
Get Mod with shape torch.Size([1, 1, 16, 32]) at layer: 2
Get Mod with shape torch.Size([1, 1, 32, 64]) at layer: 3
Get Mod with shape torch.Size([1, 1, 64, 128]) at layer: 4
Get Mod with shape torch.Size([1, 1, 128, 256]) at layer: 5
Get Mod with shape torch.Size([1, 1, 256, 512]) at layer: 6
Get Mod with shape torch.Size([1, 1, 512, 1024]) at layer: 7
start temperature: 0.3 noise parameter: 2.0
end temperature: 0.3 noise parameter: 2.0
********************Start from stage I
Step 400, BEST PSNR: 28.601330, Total loss 0.136664 with its rate 0.3265470266342163 latent_bits 171204.6875

🌟 Selected Top-3 Candidates by RD cost

🎯 Stage-2 Refining Candidate 1/3
start temperature: 0.3 noise parameter: 2.0
end temperature: 0.3 noise parameter: 2.0
********************Start from stage I
Step 400, BEST PSNR: 30.377159, Total loss 0.135940 with its rate 0.36307328939437866 latent_bits 190354.96875

🎯 Stage-2 Refining Candidate 2/3
start temperature: 0.3 noise parameter: 2.0
end temperature: 0.3 noise parameter: 2.0
********************Start from stage I
Step 400, BEST PSNR: 28.796004, Total loss 0.136977 with its rate 0.3615747392177582 latent_bits 189569.296875

🎯 Stage-2 Refining Candidate 3/3
start temperature: 0.3 noise parameter: 2.0
end temperature: 0.3 noise parameter: 2.0
********************Start from stage I
Step 400, BEST PSNR: 30.166138, Total loss 0.136552 with its rate 0.36301907896995544 latent_bits 190326.546875

🏆 Best Candidate Final PSNR: 30.38, Rate: 0.3631
Masked_INR(
  (upsampling_2d): Upsampling(
    (conv_transpose2d): UpsamplingConvTranspose2d()
  )
  (arm): Arm(
    (mlp): Sequential(
      (0): ArmConv(
        (conv1_1): Conv1d(16, 16, kernel_size=(1,), stride=(1,))
      )
      (1): GELU(approximate='none')
      (2): ArmConv(
        (conv1_1): Conv1d(16, 16, kernel_size=(1,), stride=(1,))
      )
      (3): GELU(approximate='none')
      (4): ArmConv(
        (conv1_1): Conv1d(16, 2, kernel_size=(1,), stride=(1,))
      )
    )
  )
  (conv_mod): LocalGlobalBlock(
    (net): Sequential(
      (0): SynthesisLayer(
        (pad): Identity()
        (conv_layer): SWHDC(
          (conv): Conv2d(2, 3, kernel_size=(3, 3), stride=(1, 1))
        )
        (non_linearity): GELU(approximate='none')
      )
      (1): SynthesisResidualLayer(
        (pad): ReplicationPad2d((0, 0, 0, 0))
        (conv_layer): Conv2d(3, 3, kernel_size=(1, 1), stride=(1, 1))
        (non_linearity): GELU(approximate='none')
      )
      (2): SynthesisResidualLayer(
        (pad): ReplicationPad2d((0, 0, 0, 0))
        (conv_layer): Conv2d(3, 3, kernel_size=(1, 1), stride=(1, 1))
        (non_linearity): GELU(approximate='none')
      )
      (3): SynthesisResidualLayer(
        (pad): ReplicationPad2d((0, 0, 0, 0))
        (conv_layer): Conv2d(3, 3, kernel_size=(1, 1), stride=(1, 1))
        (non_linearity): Identity()
      )
    )
    (global_net): Sequential(
      (0): SynthesisLayer(
        (pad): Identity()
        (conv_layer): SWHDC(
          (conv): Conv2d(2, 3, kernel_size=(3, 3), stride=(1, 1))
        )
        (non_linearity): GELU(approximate='none')
      )
      (1): SynthesisResidualLayer(
        (pad): ReplicationPad2d((0, 0, 0, 0))
        (conv_layer): Conv2d(3, 3, kernel_size=(1, 1), stride=(1, 1))
        (non_linearity): GELU(approximate='none')
      )
      (2): SynthesisResidualLayer(
        (pad): ReplicationPad2d((0, 0, 0, 0))
        (conv_layer): Conv2d(3, 3, kernel_size=(1, 1), stride=(1, 1))
        (non_linearity): GELU(approximate='none')
      )
      (3): SynthesisResidualLayer(
        (pad): ReplicationPad2d((0, 0, 0, 0))
        (conv_layer): Conv2d(3, 3, kernel_size=(1, 1), stride=(1, 1))
        (non_linearity): Identity()
      )
    )
    (agg_func): Sequential(
      (0): SynthesisLayer(
        (pad): ReplicationPad2d((0, 0, 0, 0))
        (conv_layer): Conv2d(18, 3, kernel_size=(1, 1), stride=(1, 1))
        (non_linearity): GELU(approximate='none')
      )
      (1): SynthesisLayer(
        (pad): ReplicationPad2d((0, 0, 0, 0))
        (conv_layer): Conv2d(21, 3, kernel_size=(1, 1), stride=(1, 1))
        (non_linearity): GELU(approximate='none')
      )
      (2): SynthesisLayer(
        (pad): ReplicationPad2d((0, 0, 0, 0))
        (conv_layer): Conv2d(24, 3, kernel_size=(1, 1), stride=(1, 1))
        (non_linearity): GELU(approximate='none')
      )
    )
    (full_net): Sequential(
      (0): SynthesisLayer(
        (pad): ReplicationPad2d((0, 0, 0, 0))
        (conv_layer): Conv2d(7, 12, kernel_size=(1, 1), stride=(1, 1))
        (non_linearity): GELU(approximate='none')
      )
      (1): SynthesisLayer(
        (pad): ReplicationPad2d((0, 0, 0, 0))
        (conv_layer): Conv2d(12, 3, kernel_size=(1, 1), stride=(1, 1))
        (non_linearity): GELU(approximate='none')
      )
      (2): SynthesisResidualLayer(
        (conv_layer): Conv2d(3, 3, kernel_size=(3, 3), stride=(1, 1))
        (non_linearity): GELU(approximate='none')
      )
      (3): SynthesisResidualLayer(
        (conv_layer): Conv2d(3, 3, kernel_size=(3, 3), stride=(1, 1))
        (non_linearity): GELU(approximate='none')
      )
    )
  )
  (modulation_sf): ParameterList(
      (0): Parameter containing: [torch.float32 of size 1x1x8x16 (cuda:0)]
      (1): Parameter containing: [torch.float32 of size 1x1x16x32 (cuda:0)]
      (2): Parameter containing: [torch.float32 of size 1x1x32x64 (cuda:0)]
      (3): Parameter containing: [torch.float32 of size 1x1x64x128 (cuda:0)]
      (4): Parameter containing: [torch.float32 of size 1x1x128x256 (cuda:0)]
      (5): Parameter containing: [torch.float32 of size 1x1x256x512 (cuda:0)]
      (6): Parameter containing: [torch.float32 of size 1x1x512x1024 (cuda:0)]
  )
)
train the 15 -th image
start temperature: 0.3 noise parameter: 2.0
end temperature: 0.1 noise parameter: 1.0
********************Start from stage I
********************going into stage II
eval_object_psnr: 40.352731696650416
eval_background_psnr: 33.10658154310898
eval_background_psnr: 33.10658154310898
********************Evaluation the Image 15-th, after Step 9999, BEST PSNR: 32.352957, Print rate 0.227663. *************************
Saved model at ./saved/modbase_7/context_16_arm_mod_16/sparity_0.0/inr_mod_16KODAK_ROI_Global_new_struture_7_12_3_33_orderconcat_operator_0_pw_0.2_img_object15.pth
Trained the image with PSNR: 32.352956614116856  latent bits 0.22766314446926117 latent bits number 119361.0546875
[30.581694523290412, 28.711977653400805, 31.30999641537315, 32.352956614116856]
[0.3223646879196167, 0.47657591104507446, 0.38548871874809265, 0.22766314446926117]
[169011.9375, 249863.03125, 202107.109375, 119361.0546875]
load the model: ./saved/modbase_7/context_16_arm_mod_16/sparity_0.0/inr_mod_16KODAK_ROI_Global_new_struture_7_12_3_33_orderconcat_operator_0_pw_0.2_img_object15.pth for the  15 -th image
********************Evalutation with quantization
********************Starting quantizing models
eval_object_psnr: 39.71638551740879
full_image_psnr: 31.822545709114213
object_psnr: 39.71638551740879
background_psnr: 32.594362619368134
********************Evaluation the Image 15-th, BEST PSNR: 31.822546, Print rate 0.228242, Network rate 0.020824. *************************
eval_wsssim: 0.945860
Decoded image saved to ./experiments/wsssim_tunado_full_regime/decoded_images/othim16_maskerp_wsmse0_swhdc1_erp1_lambda0.2.png
Evaluate the image: PSNR: 31.822545709114213 All bits: 0.24906620383262634  latent bits: 0.22824177145957947  network bits: 0.020824432373046875
Evaluate arm network bits: 0.009317398071289062 Evaluate synthesis network bits: 0.010877609252929688
Image All bits num: 130582.421875 latent bits num: 119664.421875 mlp bits num: 10918.0 border bits num:
arm bits num: 4885.0 synthesis bits num: 5703.0
[30.155412411980027, 27.422279050634348, 30.972798130227783, 31.822545709114213]
[0.3429340124130249, 0.49515703320503235, 0.40774327516555786, 0.24906620383262634]
[179796.1875, 259604.890625, 213774.90625, 130582.421875]
Metrics saved to ./experiments/wsssim_tunado_full_regime/results.csv
Current eval Ave PSNR: 30.09325882548909 Ave Bits 0.37372513115406036
Namespace(batch_size=1, lr=0.01, data='../data', sparsity=0.0, local_upsampling_kernel_size=8, upsampling_kernel_size=8, static_upsampling_kernel=False, latent_factor=1, mod_base=7, highest_flag=1, context_arm=16, dim_arm_mod=16, use_candidate=True, type='other', mod_hid_layer=0, sythesis_features=12, hidden_features=64, hidden_layer=2, scale=1, lambda_rate=0.2, lambda_rate_list=[0.1, 0.2, 0.4, 0.8], start_index=0, mask_type='erp', wsmse_tag=0, swhdc_tag=1, swhdc_dilations=[1, 2, 3, 4], erp_padding=1, workdir='./experiments/wsssim_tunado_full_regime', train_steps_1=100000, train_steps_2=10000, loss_type='combined', lambda_dist=0.0, lambda_percep=1.0, patch_h=512, patch_w=1024, all_pix_num=524288, eval_pix_num=524288)
Directory './saved/modbase_7/context_16_arm_mod_16' already exists.
Directory './saved/modbase_7/context_16_arm_mod_16/sparity_0.0' already exists.
top %: 0.0

🔁 Stage-1 Training Candidate 1/7
Quantizer parameter: encoding gain  16
total pixel: 524288
Get Mod with shape torch.Size([1, 1, 8, 16]) at layer: 1
Get Mod with shape torch.Size([1, 1, 16, 32]) at layer: 2
Get Mod with shape torch.Size([1, 1, 32, 64]) at layer: 3
Get Mod with shape torch.Size([1, 1, 64, 128]) at layer: 4
Get Mod with shape torch.Size([1, 1, 128, 256]) at layer: 5
Get Mod with shape torch.Size([1, 1, 256, 512]) at layer: 6
Get Mod with shape torch.Size([1, 1, 512, 1024]) at layer: 7
start temperature: 0.3 noise parameter: 2.0
end temperature: 0.3 noise parameter: 2.0
********************Start from stage I
Step 400, BEST PSNR: 27.263282, Total loss 0.218238 with its rate 0.5961717963218689 latent_bits 312565.71875

🔁 Stage-1 Training Candidate 2/7
Quantizer parameter: encoding gain  16
total pixel: 524288
Get Mod with shape torch.Size([1, 1, 8, 16]) at layer: 1
Get Mod with shape torch.Size([1, 1, 16, 32]) at layer: 2
Get Mod with shape torch.Size([1, 1, 32, 64]) at layer: 3
Get Mod with shape torch.Size([1, 1, 64, 128]) at layer: 4
Get Mod with shape torch.Size([1, 1, 128, 256]) at layer: 5
Get Mod with shape torch.Size([1, 1, 256, 512]) at layer: 6
Get Mod with shape torch.Size([1, 1, 512, 1024]) at layer: 7
start temperature: 0.3 noise parameter: 2.0
end temperature: 0.3 noise parameter: 2.0
********************Start from stage I
Step 400, BEST PSNR: 26.937832, Total loss 0.214214 with its rate 0.5824486017227173 latent_bits 305370.8125

🔁 Stage-1 Training Candidate 3/7
Quantizer parameter: encoding gain  16
total pixel: 524288
Get Mod with shape torch.Size([1, 1, 8, 16]) at layer: 1
Get Mod with shape torch.Size([1, 1, 16, 32]) at layer: 2
Get Mod with shape torch.Size([1, 1, 32, 64]) at layer: 3
Get Mod with shape torch.Size([1, 1, 64, 128]) at layer: 4
Get Mod with shape torch.Size([1, 1, 128, 256]) at layer: 5
Get Mod with shape torch.Size([1, 1, 256, 512]) at layer: 6
Get Mod with shape torch.Size([1, 1, 512, 1024]) at layer: 7
start temperature: 0.3 noise parameter: 2.0
end temperature: 0.3 noise parameter: 2.0
********************Start from stage I
Step 400, BEST PSNR: 27.481552, Total loss 0.213626 with its rate 0.5867644548416138 latent_bits 307633.5625

🔁 Stage-1 Training Candidate 4/7
Quantizer parameter: encoding gain  16
total pixel: 524288
Get Mod with shape torch.Size([1, 1, 8, 16]) at layer: 1
Get Mod with shape torch.Size([1, 1, 16, 32]) at layer: 2
Get Mod with shape torch.Size([1, 1, 32, 64]) at layer: 3
Get Mod with shape torch.Size([1, 1, 64, 128]) at layer: 4
Get Mod with shape torch.Size([1, 1, 128, 256]) at layer: 5
Get Mod with shape torch.Size([1, 1, 256, 512]) at layer: 6
Get Mod with shape torch.Size([1, 1, 512, 1024]) at layer: 7
start temperature: 0.3 noise parameter: 2.0
end temperature: 0.3 noise parameter: 2.0
********************Start from stage I
Step 400, BEST PSNR: 27.022639, Total loss 0.218610 with its rate 0.5913870334625244 latent_bits 310057.125

🔁 Stage-1 Training Candidate 5/7
Quantizer parameter: encoding gain  16
total pixel: 524288
Get Mod with shape torch.Size([1, 1, 8, 16]) at layer: 1
Get Mod with shape torch.Size([1, 1, 16, 32]) at layer: 2
Get Mod with shape torch.Size([1, 1, 32, 64]) at layer: 3
Get Mod with shape torch.Size([1, 1, 64, 128]) at layer: 4
Get Mod with shape torch.Size([1, 1, 128, 256]) at layer: 5
Get Mod with shape torch.Size([1, 1, 256, 512]) at layer: 6
Get Mod with shape torch.Size([1, 1, 512, 1024]) at layer: 7
start temperature: 0.3 noise parameter: 2.0
end temperature: 0.3 noise parameter: 2.0
********************Start from stage I
Step 400, BEST PSNR: 26.949263, Total loss 0.216690 with its rate 0.5927921533584595 latent_bits 310793.8125

🔁 Stage-1 Training Candidate 6/7
Quantizer parameter: encoding gain  16
total pixel: 524288
Get Mod with shape torch.Size([1, 1, 8, 16]) at layer: 1
Get Mod with shape torch.Size([1, 1, 16, 32]) at layer: 2
Get Mod with shape torch.Size([1, 1, 32, 64]) at layer: 3
Get Mod with shape torch.Size([1, 1, 64, 128]) at layer: 4
Get Mod with shape torch.Size([1, 1, 128, 256]) at layer: 5
Get Mod with shape torch.Size([1, 1, 256, 512]) at layer: 6
Get Mod with shape torch.Size([1, 1, 512, 1024]) at layer: 7
start temperature: 0.3 noise parameter: 2.0
end temperature: 0.3 noise parameter: 2.0
********************Start from stage I
Step 400, BEST PSNR: 27.157309, Total loss 0.216600 with its rate 0.5947549939155579 latent_bits 311822.90625

🔁 Stage-1 Training Candidate 7/7
Quantizer parameter: encoding gain  16
total pixel: 524288
Get Mod with shape torch.Size([1, 1, 8, 16]) at layer: 1
Get Mod with shape torch.Size([1, 1, 16, 32]) at layer: 2
Get Mod with shape torch.Size([1, 1, 32, 64]) at layer: 3
Get Mod with shape torch.Size([1, 1, 64, 128]) at layer: 4
Get Mod with shape torch.Size([1, 1, 128, 256]) at layer: 5
Get Mod with shape torch.Size([1, 1, 256, 512]) at layer: 6
Get Mod with shape torch.Size([1, 1, 512, 1024]) at layer: 7
start temperature: 0.3 noise parameter: 2.0
end temperature: 0.3 noise parameter: 2.0
********************Start from stage I
Step 400, BEST PSNR: 27.229117, Total loss 0.216413 with its rate 0.59510737657547 latent_bits 312007.65625

🌟 Selected Top-3 Candidates by RD cost

🎯 Stage-2 Refining Candidate 1/3
start temperature: 0.3 noise parameter: 2.0
end temperature: 0.3 noise parameter: 2.0
********************Start from stage I
Step 400, BEST PSNR: 27.701654, Total loss 0.215188 with its rate 0.6152328252792358 latent_bits 322559.1875

🎯 Stage-2 Refining Candidate 2/3
start temperature: 0.3 noise parameter: 2.0
end temperature: 0.3 noise parameter: 2.0
********************Start from stage I
Step 400, BEST PSNR: 27.426414, Total loss 0.216455 with its rate 0.6168644428253174 latent_bits 323414.625

🎯 Stage-2 Refining Candidate 3/3
start temperature: 0.3 noise parameter: 2.0
end temperature: 0.3 noise parameter: 2.0
********************Start from stage I
Step 400, BEST PSNR: 27.579010, Total loss 0.215505 with its rate 0.614367663860321 latent_bits 322105.59375

🏆 Best Candidate Final PSNR: 27.70, Rate: 0.6152
Masked_INR(
  (upsampling_2d): Upsampling(
    (conv_transpose2d): UpsamplingConvTranspose2d()
  )
  (arm): Arm(
    (mlp): Sequential(
      (0): ArmConv(
        (conv1_1): Conv1d(16, 16, kernel_size=(1,), stride=(1,))
      )
      (1): GELU(approximate='none')
      (2): ArmConv(
        (conv1_1): Conv1d(16, 16, kernel_size=(1,), stride=(1,))
      )
      (3): GELU(approximate='none')
      (4): ArmConv(
        (conv1_1): Conv1d(16, 2, kernel_size=(1,), stride=(1,))
      )
    )
  )
  (conv_mod): LocalGlobalBlock(
    (net): Sequential(
      (0): SynthesisLayer(
        (pad): Identity()
        (conv_layer): SWHDC(
          (conv): Conv2d(2, 3, kernel_size=(3, 3), stride=(1, 1))
        )
        (non_linearity): GELU(approximate='none')
      )
      (1): SynthesisResidualLayer(
        (pad): ReplicationPad2d((0, 0, 0, 0))
        (conv_layer): Conv2d(3, 3, kernel_size=(1, 1), stride=(1, 1))
        (non_linearity): GELU(approximate='none')
      )
      (2): SynthesisResidualLayer(
        (pad): ReplicationPad2d((0, 0, 0, 0))
        (conv_layer): Conv2d(3, 3, kernel_size=(1, 1), stride=(1, 1))
        (non_linearity): GELU(approximate='none')
      )
      (3): SynthesisResidualLayer(
        (pad): ReplicationPad2d((0, 0, 0, 0))
        (conv_layer): Conv2d(3, 3, kernel_size=(1, 1), stride=(1, 1))
        (non_linearity): Identity()
      )
    )
    (global_net): Sequential(
      (0): SynthesisLayer(
        (pad): Identity()
        (conv_layer): SWHDC(
          (conv): Conv2d(2, 3, kernel_size=(3, 3), stride=(1, 1))
        )
        (non_linearity): GELU(approximate='none')
      )
      (1): SynthesisResidualLayer(
        (pad): ReplicationPad2d((0, 0, 0, 0))
        (conv_layer): Conv2d(3, 3, kernel_size=(1, 1), stride=(1, 1))
        (non_linearity): GELU(approximate='none')
      )
      (2): SynthesisResidualLayer(
        (pad): ReplicationPad2d((0, 0, 0, 0))
        (conv_layer): Conv2d(3, 3, kernel_size=(1, 1), stride=(1, 1))
        (non_linearity): GELU(approximate='none')
      )
      (3): SynthesisResidualLayer(
        (pad): ReplicationPad2d((0, 0, 0, 0))
        (conv_layer): Conv2d(3, 3, kernel_size=(1, 1), stride=(1, 1))
        (non_linearity): Identity()
      )
    )
    (agg_func): Sequential(
      (0): SynthesisLayer(
        (pad): ReplicationPad2d((0, 0, 0, 0))
        (conv_layer): Conv2d(18, 3, kernel_size=(1, 1), stride=(1, 1))
        (non_linearity): GELU(approximate='none')
      )
      (1): SynthesisLayer(
        (pad): ReplicationPad2d((0, 0, 0, 0))
        (conv_layer): Conv2d(21, 3, kernel_size=(1, 1), stride=(1, 1))
        (non_linearity): GELU(approximate='none')
      )
      (2): SynthesisLayer(
        (pad): ReplicationPad2d((0, 0, 0, 0))
        (conv_layer): Conv2d(24, 3, kernel_size=(1, 1), stride=(1, 1))
        (non_linearity): GELU(approximate='none')
      )
    )
    (full_net): Sequential(
      (0): SynthesisLayer(
        (pad): ReplicationPad2d((0, 0, 0, 0))
        (conv_layer): Conv2d(7, 12, kernel_size=(1, 1), stride=(1, 1))
        (non_linearity): GELU(approximate='none')
      )
      (1): SynthesisLayer(
        (pad): ReplicationPad2d((0, 0, 0, 0))
        (conv_layer): Conv2d(12, 3, kernel_size=(1, 1), stride=(1, 1))
        (non_linearity): GELU(approximate='none')
      )
      (2): SynthesisResidualLayer(
        (conv_layer): Conv2d(3, 3, kernel_size=(3, 3), stride=(1, 1))
        (non_linearity): GELU(approximate='none')
      )
      (3): SynthesisResidualLayer(
        (conv_layer): Conv2d(3, 3, kernel_size=(3, 3), stride=(1, 1))
        (non_linearity): GELU(approximate='none')
      )
    )
  )
  (modulation_sf): ParameterList(
      (0): Parameter containing: [torch.float32 of size 1x1x8x16 (cuda:0)]
      (1): Parameter containing: [torch.float32 of size 1x1x16x32 (cuda:0)]
      (2): Parameter containing: [torch.float32 of size 1x1x32x64 (cuda:0)]
      (3): Parameter containing: [torch.float32 of size 1x1x64x128 (cuda:0)]
      (4): Parameter containing: [torch.float32 of size 1x1x128x256 (cuda:0)]
      (5): Parameter containing: [torch.float32 of size 1x1x256x512 (cuda:0)]
      (6): Parameter containing: [torch.float32 of size 1x1x512x1024 (cuda:0)]
  )
)
train the 20 -th image
start temperature: 0.3 noise parameter: 2.0
end temperature: 0.1 noise parameter: 1.0
********************Start from stage I
********************going into stage II
eval_object_psnr: 34.08028834692565
eval_background_psnr: 30.169972382826458
eval_background_psnr: 30.169972382826458
********************Evaluation the Image 20-th, after Step 9999, BEST PSNR: 28.684917, Print rate 0.467263. *************************
Saved model at ./saved/modbase_7/context_16_arm_mod_16/sparity_0.0/inr_mod_16KODAK_ROI_Global_new_struture_7_12_3_33_orderconcat_operator_0_pw_0.2_img_object20.pth
Trained the image with PSNR: 28.68491697641956  latent bits 0.4672626852989197 latent bits number 244980.21875
[30.581694523290412, 28.711977653400805, 31.30999641537315, 32.352956614116856, 28.68491697641956]
[0.3223646879196167, 0.47657591104507446, 0.38548871874809265, 0.22766314446926117, 0.4672626852989197]
[169011.9375, 249863.03125, 202107.109375, 119361.0546875, 244980.21875]
load the model: ./saved/modbase_7/context_16_arm_mod_16/sparity_0.0/inr_mod_16KODAK_ROI_Global_new_struture_7_12_3_33_orderconcat_operator_0_pw_0.2_img_object20.pth for the  20 -th image
********************Evalutation with quantization
********************Starting quantizing models
eval_object_psnr: 33.73990278975908
full_image_psnr: 28.379487848758476
object_psnr: 33.73990278975908
background_psnr: 29.87561543250057
********************Evaluation the Image 20-th, BEST PSNR: 28.379488, Print rate 0.467885, Network rate 0.019739. *************************
eval_wsssim: 0.918952
Decoded image saved to ./experiments/wsssim_tunado_full_regime/decoded_images/othim21_maskerp_wsmse0_swhdc1_erp1_lambda0.2.png
Evaluate the image: PSNR: 28.379487848758476 All bits: 0.4876243770122528  latent bits: 0.46788522601127625  network bits: 0.019739151000976562
Evaluate arm network bits: 0.009340286254882812 Evaluate synthesis network bits: 0.009670257568359375
Image All bits num: 255655.609375 latent bits num: 245306.609375 mlp bits num: 10349.0 border bits num:
arm bits num: 4897.0 synthesis bits num: 5070.0
[30.155412411980027, 27.422279050634348, 30.972798130227783, 31.822545709114213, 28.379487848758476]
[0.3429340124130249, 0.49515703320503235, 0.40774327516555786, 0.24906620383262634, 0.4876243770122528]
[179796.1875, 259604.890625, 213774.90625, 130582.421875, 255655.609375]
Metrics saved to ./experiments/wsssim_tunado_full_regime/results.csv
Current eval Ave PSNR: 29.750504630142967 Ave Bits 0.39650498032569886
Namespace(batch_size=1, lr=0.01, data='../data', sparsity=0.0, local_upsampling_kernel_size=8, upsampling_kernel_size=8, static_upsampling_kernel=False, latent_factor=1, mod_base=7, highest_flag=1, context_arm=16, dim_arm_mod=16, use_candidate=True, type='other', mod_hid_layer=0, sythesis_features=12, hidden_features=64, hidden_layer=2, scale=1, lambda_rate=0.2, lambda_rate_list=[0.1, 0.2, 0.4, 0.8], start_index=0, mask_type='erp', wsmse_tag=0, swhdc_tag=1, swhdc_dilations=[1, 2, 3, 4], erp_padding=1, workdir='./experiments/wsssim_tunado_full_regime', train_steps_1=100000, train_steps_2=10000, loss_type='combined', lambda_dist=0.0, lambda_percep=1.0, patch_h=512, patch_w=1024, all_pix_num=524288, eval_pix_num=524288)
Directory './saved/modbase_7/context_16_arm_mod_16' already exists.
Directory './saved/modbase_7/context_16_arm_mod_16/sparity_0.0' already exists.
top %: 0.0

🔁 Stage-1 Training Candidate 1/7
Quantizer parameter: encoding gain  16
total pixel: 524288
Get Mod with shape torch.Size([1, 1, 8, 16]) at layer: 1
Get Mod with shape torch.Size([1, 1, 16, 32]) at layer: 2
Get Mod with shape torch.Size([1, 1, 32, 64]) at layer: 3
Get Mod with shape torch.Size([1, 1, 64, 128]) at layer: 4
Get Mod with shape torch.Size([1, 1, 128, 256]) at layer: 5
Get Mod with shape torch.Size([1, 1, 256, 512]) at layer: 6
Get Mod with shape torch.Size([1, 1, 512, 1024]) at layer: 7
start temperature: 0.3 noise parameter: 2.0
end temperature: 0.3 noise parameter: 2.0
********************Start from stage I
Step 400, BEST PSNR: 24.389515, Total loss 0.233749 with its rate 0.5351639986038208 latent_bits 280580.0625

🔁 Stage-1 Training Candidate 2/7
Quantizer parameter: encoding gain  16
total pixel: 524288
Get Mod with shape torch.Size([1, 1, 8, 16]) at layer: 1
Get Mod with shape torch.Size([1, 1, 16, 32]) at layer: 2
Get Mod with shape torch.Size([1, 1, 32, 64]) at layer: 3
Get Mod with shape torch.Size([1, 1, 64, 128]) at layer: 4
Get Mod with shape torch.Size([1, 1, 128, 256]) at layer: 5
Get Mod with shape torch.Size([1, 1, 256, 512]) at layer: 6
Get Mod with shape torch.Size([1, 1, 512, 1024]) at layer: 7
start temperature: 0.3 noise parameter: 2.0
end temperature: 0.3 noise parameter: 2.0
********************Start from stage I
Step 400, BEST PSNR: 24.921641, Total loss 0.233666 with its rate 0.5456361770629883 latent_bits 286070.5

🔁 Stage-1 Training Candidate 3/7
Quantizer parameter: encoding gain  16
total pixel: 524288
Get Mod with shape torch.Size([1, 1, 8, 16]) at layer: 1
Get Mod with shape torch.Size([1, 1, 16, 32]) at layer: 2
Get Mod with shape torch.Size([1, 1, 32, 64]) at layer: 3
Get Mod with shape torch.Size([1, 1, 64, 128]) at layer: 4
Get Mod with shape torch.Size([1, 1, 128, 256]) at layer: 5
Get Mod with shape torch.Size([1, 1, 256, 512]) at layer: 6
Get Mod with shape torch.Size([1, 1, 512, 1024]) at layer: 7
start temperature: 0.3 noise parameter: 2.0
end temperature: 0.3 noise parameter: 2.0
********************Start from stage I
Step 400, BEST PSNR: 25.068427, Total loss 0.227788 with its rate 0.5315309762954712 latent_bits 278675.3125

🔁 Stage-1 Training Candidate 4/7
Quantizer parameter: encoding gain  16
total pixel: 524288
Get Mod with shape torch.Size([1, 1, 8, 16]) at layer: 1
Get Mod with shape torch.Size([1, 1, 16, 32]) at layer: 2
Get Mod with shape torch.Size([1, 1, 32, 64]) at layer: 3
Get Mod with shape torch.Size([1, 1, 64, 128]) at layer: 4
Get Mod with shape torch.Size([1, 1, 128, 256]) at layer: 5
Get Mod with shape torch.Size([1, 1, 256, 512]) at layer: 6
Get Mod with shape torch.Size([1, 1, 512, 1024]) at layer: 7
start temperature: 0.3 noise parameter: 2.0
end temperature: 0.3 noise parameter: 2.0
********************Start from stage I
Step 400, BEST PSNR: 25.236820, Total loss 0.227936 with its rate 0.5351602435112 latent_bits 280578.09375

🔁 Stage-1 Training Candidate 5/7
Quantizer parameter: encoding gain  16
total pixel: 524288
Get Mod with shape torch.Size([1, 1, 8, 16]) at layer: 1
Get Mod with shape torch.Size([1, 1, 16, 32]) at layer: 2
Get Mod with shape torch.Size([1, 1, 32, 64]) at layer: 3
Get Mod with shape torch.Size([1, 1, 64, 128]) at layer: 4
Get Mod with shape torch.Size([1, 1, 128, 256]) at layer: 5
Get Mod with shape torch.Size([1, 1, 256, 512]) at layer: 6
Get Mod with shape torch.Size([1, 1, 512, 1024]) at layer: 7
start temperature: 0.3 noise parameter: 2.0
end temperature: 0.3 noise parameter: 2.0
********************Start from stage I
Step 400, BEST PSNR: 25.044846, Total loss 0.230879 with its rate 0.5401976108551025 latent_bits 283219.125

🔁 Stage-1 Training Candidate 6/7
Quantizer parameter: encoding gain  16
total pixel: 524288
Get Mod with shape torch.Size([1, 1, 8, 16]) at layer: 1
Get Mod with shape torch.Size([1, 1, 16, 32]) at layer: 2
Get Mod with shape torch.Size([1, 1, 32, 64]) at layer: 3
Get Mod with shape torch.Size([1, 1, 64, 128]) at layer: 4
Get Mod with shape torch.Size([1, 1, 128, 256]) at layer: 5
Get Mod with shape torch.Size([1, 1, 256, 512]) at layer: 6
Get Mod with shape torch.Size([1, 1, 512, 1024]) at layer: 7
start temperature: 0.3 noise parameter: 2.0
end temperature: 0.3 noise parameter: 2.0
********************Start from stage I
Step 400, BEST PSNR: 24.727772, Total loss 0.234796 with its rate 0.5380614399909973 latent_bits 282099.15625

🔁 Stage-1 Training Candidate 7/7
Quantizer parameter: encoding gain  16
total pixel: 524288
Get Mod with shape torch.Size([1, 1, 8, 16]) at layer: 1
Get Mod with shape torch.Size([1, 1, 16, 32]) at layer: 2
Get Mod with shape torch.Size([1, 1, 32, 64]) at layer: 3
Get Mod with shape torch.Size([1, 1, 64, 128]) at layer: 4
Get Mod with shape torch.Size([1, 1, 128, 256]) at layer: 5
Get Mod with shape torch.Size([1, 1, 256, 512]) at layer: 6
Get Mod with shape torch.Size([1, 1, 512, 1024]) at layer: 7
start temperature: 0.3 noise parameter: 2.0
end temperature: 0.3 noise parameter: 2.0
********************Start from stage I
Step 400, BEST PSNR: 24.979117, Total loss 0.231151 with its rate 0.5389091372489929 latent_bits 282543.59375

🌟 Selected Top-3 Candidates by RD cost

🎯 Stage-2 Refining Candidate 1/3
start temperature: 0.3 noise parameter: 2.0
end temperature: 0.3 noise parameter: 2.0
********************Start from stage I
Step 400, BEST PSNR: 25.587701, Total loss 0.226461 with its rate 0.5584046244621277 latent_bits 292764.84375

🎯 Stage-2 Refining Candidate 2/3
start temperature: 0.3 noise parameter: 2.0
end temperature: 0.3 noise parameter: 2.0
********************Start from stage I
Step 400, BEST PSNR: 25.807750, Total loss 0.223187 with its rate 0.5617769956588745 latent_bits 294532.9375

🎯 Stage-2 Refining Candidate 3/3
start temperature: 0.3 noise parameter: 2.0
end temperature: 0.3 noise parameter: 2.0
********************Start from stage I
Step 400, BEST PSNR: 25.603007, Total loss 0.226947 with its rate 0.5606693625450134 latent_bits 293952.21875

🏆 Best Candidate Final PSNR: 25.81, Rate: 0.5618
Masked_INR(
  (upsampling_2d): Upsampling(
    (conv_transpose2d): UpsamplingConvTranspose2d()
  )
  (arm): Arm(
    (mlp): Sequential(
      (0): ArmConv(
        (conv1_1): Conv1d(16, 16, kernel_size=(1,), stride=(1,))
      )
      (1): GELU(approximate='none')
      (2): ArmConv(
        (conv1_1): Conv1d(16, 16, kernel_size=(1,), stride=(1,))
      )
      (3): GELU(approximate='none')
      (4): ArmConv(
        (conv1_1): Conv1d(16, 2, kernel_size=(1,), stride=(1,))
      )
    )
  )
  (conv_mod): LocalGlobalBlock(
    (net): Sequential(
      (0): SynthesisLayer(
        (pad): Identity()
        (conv_layer): SWHDC(
          (conv): Conv2d(2, 3, kernel_size=(3, 3), stride=(1, 1))
        )
        (non_linearity): GELU(approximate='none')
      )
      (1): SynthesisResidualLayer(
        (pad): ReplicationPad2d((0, 0, 0, 0))
        (conv_layer): Conv2d(3, 3, kernel_size=(1, 1), stride=(1, 1))
        (non_linearity): GELU(approximate='none')
      )
      (2): SynthesisResidualLayer(
        (pad): ReplicationPad2d((0, 0, 0, 0))
        (conv_layer): Conv2d(3, 3, kernel_size=(1, 1), stride=(1, 1))
        (non_linearity): GELU(approximate='none')
      )
      (3): SynthesisResidualLayer(
        (pad): ReplicationPad2d((0, 0, 0, 0))
        (conv_layer): Conv2d(3, 3, kernel_size=(1, 1), stride=(1, 1))
        (non_linearity): Identity()
      )
    )
    (global_net): Sequential(
      (0): SynthesisLayer(
        (pad): Identity()
        (conv_layer): SWHDC(
          (conv): Conv2d(2, 3, kernel_size=(3, 3), stride=(1, 1))
        )
        (non_linearity): GELU(approximate='none')
      )
      (1): SynthesisResidualLayer(
        (pad): ReplicationPad2d((0, 0, 0, 0))
        (conv_layer): Conv2d(3, 3, kernel_size=(1, 1), stride=(1, 1))
        (non_linearity): GELU(approximate='none')
      )
      (2): SynthesisResidualLayer(
        (pad): ReplicationPad2d((0, 0, 0, 0))
        (conv_layer): Conv2d(3, 3, kernel_size=(1, 1), stride=(1, 1))
        (non_linearity): GELU(approximate='none')
      )
      (3): SynthesisResidualLayer(
        (pad): ReplicationPad2d((0, 0, 0, 0))
        (conv_layer): Conv2d(3, 3, kernel_size=(1, 1), stride=(1, 1))
        (non_linearity): Identity()
      )
    )
    (agg_func): Sequential(
      (0): SynthesisLayer(
        (pad): ReplicationPad2d((0, 0, 0, 0))
        (conv_layer): Conv2d(18, 3, kernel_size=(1, 1), stride=(1, 1))
        (non_linearity): GELU(approximate='none')
      )
      (1): SynthesisLayer(
        (pad): ReplicationPad2d((0, 0, 0, 0))
        (conv_layer): Conv2d(21, 3, kernel_size=(1, 1), stride=(1, 1))
        (non_linearity): GELU(approximate='none')
      )
      (2): SynthesisLayer(
        (pad): ReplicationPad2d((0, 0, 0, 0))
        (conv_layer): Conv2d(24, 3, kernel_size=(1, 1), stride=(1, 1))
        (non_linearity): GELU(approximate='none')
      )
    )
    (full_net): Sequential(
      (0): SynthesisLayer(
        (pad): ReplicationPad2d((0, 0, 0, 0))
        (conv_layer): Conv2d(7, 12, kernel_size=(1, 1), stride=(1, 1))
        (non_linearity): GELU(approximate='none')
      )
      (1): SynthesisLayer(
        (pad): ReplicationPad2d((0, 0, 0, 0))
        (conv_layer): Conv2d(12, 3, kernel_size=(1, 1), stride=(1, 1))
        (non_linearity): GELU(approximate='none')
      )
      (2): SynthesisResidualLayer(
        (conv_layer): Conv2d(3, 3, kernel_size=(3, 3), stride=(1, 1))
        (non_linearity): GELU(approximate='none')
      )
      (3): SynthesisResidualLayer(
        (conv_layer): Conv2d(3, 3, kernel_size=(3, 3), stride=(1, 1))
        (non_linearity): GELU(approximate='none')
      )
    )
  )
  (modulation_sf): ParameterList(
      (0): Parameter containing: [torch.float32 of size 1x1x8x16 (cuda:0)]
      (1): Parameter containing: [torch.float32 of size 1x1x16x32 (cuda:0)]
      (2): Parameter containing: [torch.float32 of size 1x1x32x64 (cuda:0)]
      (3): Parameter containing: [torch.float32 of size 1x1x64x128 (cuda:0)]
      (4): Parameter containing: [torch.float32 of size 1x1x128x256 (cuda:0)]
      (5): Parameter containing: [torch.float32 of size 1x1x256x512 (cuda:0)]
      (6): Parameter containing: [torch.float32 of size 1x1x512x1024 (cuda:0)]
  )
)
train the 25 -th image
start temperature: 0.3 noise parameter: 2.0
end temperature: 0.1 noise parameter: 1.0
********************Start from stage I
********************going into stage II
eval_object_psnr: 34.24303396690255
eval_background_psnr: 27.944437094965195
eval_background_psnr: 27.944437094965195
********************Evaluation the Image 25-th, after Step 9999, BEST PSNR: 27.027540, Print rate 0.413933. *************************
Saved model at ./saved/modbase_7/context_16_arm_mod_16/sparity_0.0/inr_mod_16KODAK_ROI_Global_new_struture_7_12_3_33_orderconcat_operator_0_pw_0.2_img_object25.pth
Trained the image with PSNR: 27.027540194960807  latent bits 0.413933128118515 latent bits number 217020.171875
[30.581694523290412, 28.711977653400805, 31.30999641537315, 32.352956614116856, 28.68491697641956, 27.027540194960807]
[0.3223646879196167, 0.47657591104507446, 0.38548871874809265, 0.22766314446926117, 0.4672626852989197, 0.413933128118515]
[169011.9375, 249863.03125, 202107.109375, 119361.0546875, 244980.21875, 217020.171875]
load the model: ./saved/modbase_7/context_16_arm_mod_16/sparity_0.0/inr_mod_16KODAK_ROI_Global_new_struture_7_12_3_33_orderconcat_operator_0_pw_0.2_img_object25.pth for the  25 -th image
********************Evalutation with quantization
********************Starting quantizing models
eval_object_psnr: 33.869135852504876
full_image_psnr: 26.493780988746295
object_psnr: 33.869135852504876
background_psnr: 27.3735318560896
********************Evaluation the Image 25-th, BEST PSNR: 26.493781, Print rate 0.414852, Network rate 0.019718. *************************
eval_wsssim: 0.896995
Decoded image saved to ./experiments/wsssim_tunado_full_regime/decoded_images/othim26_maskerp_wsmse0_swhdc1_erp1_lambda0.2.png
Evaluate the image: PSNR: 26.493780988746295 All bits: 0.43456995487213135  latent bits: 0.4148517847061157  network bits: 0.019718170166015625
Evaluate arm network bits: 0.009243011474609375 Evaluate synthesis network bits: 0.009866714477539062
Image All bits num: 227839.8125 latent bits num: 217501.8125 mlp bits num: 10338.0 border bits num:
arm bits num: 4846.0 synthesis bits num: 5173.0
[30.155412411980027, 27.422279050634348, 30.972798130227783, 31.822545709114213, 28.379487848758476, 26.493780988746295]
[0.3429340124130249, 0.49515703320503235, 0.40774327516555786, 0.24906620383262634, 0.4876243770122528, 0.43456995487213135]
[179796.1875, 259604.890625, 213774.90625, 130582.421875, 255655.609375, 227839.8125]
Metrics saved to ./experiments/wsssim_tunado_full_regime/results.csv
Current eval Ave PSNR: 29.207717356576854 Ave Bits 0.40284914275010425
.......Copmlete all dataset training......
Ave Training PSNR: 29.778180396260268 Ave Training Bits 0.3822147125999133
Training PSNR: [30.581694523290412, 28.711977653400805, 31.30999641537315, 32.352956614116856, 28.68491697641956, 27.027540194960807]
Training rate: [0.3223646879196167, 0.47657591104507446, 0.38548871874809265, 0.22766314446926117, 0.4672626852989197, 0.413933128118515]
Evalutation: Ave Eval PSNR: 29.207717356576854 Ave Eval all bits: 0.40284914275010425 Ave Eval Bits 0.38312747577826184 Ave Eval Network 0.01972166697184245
Eval All PSNR: [30.155412411980027, 27.422279050634348, 30.972798130227783, 31.822545709114213, 28.379487848758476, 26.493780988746295]
Eval All rate [0.3429340124130249, 0.49515703320503235, 0.40774327516555786, 0.24906620383262634, 0.4876243770122528, 0.43456995487213135]
Eval Latent rate [0.3229926824569702, 0.478101521730423, 0.3866918683052063, 0.22824177145957947, 0.46788522601127625, 0.4148517847061157]
Eval MLP rate [0.019941329956054688, 0.017055511474609375, 0.021051406860351562, 0.020824432373046875, 0.019739151000976562, 0.019718170166015625]
Namespace(batch_size=1, lr=0.01, data='../data', sparsity=0.0, local_upsampling_kernel_size=8, upsampling_kernel_size=8, static_upsampling_kernel=False, latent_factor=1, mod_base=7, highest_flag=1, context_arm=16, dim_arm_mod=16, use_candidate=True, type='other', mod_hid_layer=0, sythesis_features=12, hidden_features=64, hidden_layer=2, scale=1, lambda_rate=0.4, lambda_rate_list=[0.1, 0.2, 0.4, 0.8], start_index=0, mask_type='erp', wsmse_tag=0, swhdc_tag=1, swhdc_dilations=[1, 2, 3, 4], erp_padding=1, workdir='./experiments/wsssim_tunado_full_regime', train_steps_1=100000, train_steps_2=10000, loss_type='combined', lambda_dist=0.0, lambda_percep=1.0, patch_h=512, patch_w=1024, all_pix_num=524288, eval_pix_num=524288)
Directory './saved/modbase_7/context_16_arm_mod_16' already exists.
Directory './saved/modbase_7/context_16_arm_mod_16/sparity_0.0' already exists.
top %: 0.0

🔁 Stage-1 Training Candidate 1/7
Quantizer parameter: encoding gain  16
total pixel: 524288
Get Mod with shape torch.Size([1, 1, 8, 16]) at layer: 1
Get Mod with shape torch.Size([1, 1, 16, 32]) at layer: 2
Get Mod with shape torch.Size([1, 1, 32, 64]) at layer: 3
Get Mod with shape torch.Size([1, 1, 64, 128]) at layer: 4
Get Mod with shape torch.Size([1, 1, 128, 256]) at layer: 5
Get Mod with shape torch.Size([1, 1, 256, 512]) at layer: 6
Get Mod with shape torch.Size([1, 1, 512, 1024]) at layer: 7
start temperature: 0.3 noise parameter: 2.0
end temperature: 0.3 noise parameter: 2.0
********************Start from stage I
Step 400, BEST PSNR: 25.969255, Total loss 0.253089 with its rate 0.2750120759010315 latent_bits 144185.53125

🔁 Stage-1 Training Candidate 2/7
Quantizer parameter: encoding gain  16
total pixel: 524288
Get Mod with shape torch.Size([1, 1, 8, 16]) at layer: 1
Get Mod with shape torch.Size([1, 1, 16, 32]) at layer: 2
Get Mod with shape torch.Size([1, 1, 32, 64]) at layer: 3
Get Mod with shape torch.Size([1, 1, 64, 128]) at layer: 4
Get Mod with shape torch.Size([1, 1, 128, 256]) at layer: 5
Get Mod with shape torch.Size([1, 1, 256, 512]) at layer: 6
Get Mod with shape torch.Size([1, 1, 512, 1024]) at layer: 7
start temperature: 0.3 noise parameter: 2.0
end temperature: 0.3 noise parameter: 2.0
********************Start from stage I
Step 400, BEST PSNR: 25.854234, Total loss 0.248511 with its rate 0.25187963247299194 latent_bits 132057.46875

🔁 Stage-1 Training Candidate 3/7
Quantizer parameter: encoding gain  16
total pixel: 524288
Get Mod with shape torch.Size([1, 1, 8, 16]) at layer: 1
Get Mod with shape torch.Size([1, 1, 16, 32]) at layer: 2
Get Mod with shape torch.Size([1, 1, 32, 64]) at layer: 3
Get Mod with shape torch.Size([1, 1, 64, 128]) at layer: 4
Get Mod with shape torch.Size([1, 1, 128, 256]) at layer: 5
Get Mod with shape torch.Size([1, 1, 256, 512]) at layer: 6
Get Mod with shape torch.Size([1, 1, 512, 1024]) at layer: 7
start temperature: 0.3 noise parameter: 2.0
end temperature: 0.3 noise parameter: 2.0
********************Start from stage I
Step 400, BEST PSNR: 25.536749, Total loss 0.252286 with its rate 0.2513527572154999 latent_bits 131781.234375

🔁 Stage-1 Training Candidate 4/7
Quantizer parameter: encoding gain  16
total pixel: 524288
Get Mod with shape torch.Size([1, 1, 8, 16]) at layer: 1
Get Mod with shape torch.Size([1, 1, 16, 32]) at layer: 2
Get Mod with shape torch.Size([1, 1, 32, 64]) at layer: 3
Get Mod with shape torch.Size([1, 1, 64, 128]) at layer: 4
Get Mod with shape torch.Size([1, 1, 128, 256]) at layer: 5
Get Mod with shape torch.Size([1, 1, 256, 512]) at layer: 6
Get Mod with shape torch.Size([1, 1, 512, 1024]) at layer: 7
start temperature: 0.3 noise parameter: 2.0
end temperature: 0.3 noise parameter: 2.0
********************Start from stage I
Step 400, BEST PSNR: 26.003850, Total loss 0.252454 with its rate 0.27430301904678345 latent_bits 143813.78125

🔁 Stage-1 Training Candidate 5/7
Quantizer parameter: encoding gain  16
total pixel: 524288
Get Mod with shape torch.Size([1, 1, 8, 16]) at layer: 1
Get Mod with shape torch.Size([1, 1, 16, 32]) at layer: 2
Get Mod with shape torch.Size([1, 1, 32, 64]) at layer: 3
Get Mod with shape torch.Size([1, 1, 64, 128]) at layer: 4
Get Mod with shape torch.Size([1, 1, 128, 256]) at layer: 5
Get Mod with shape torch.Size([1, 1, 256, 512]) at layer: 6
Get Mod with shape torch.Size([1, 1, 512, 1024]) at layer: 7
start temperature: 0.3 noise parameter: 2.0
end temperature: 0.3 noise parameter: 2.0
********************Start from stage I
Step 400, BEST PSNR: 26.495915, Total loss 0.253020 with its rate 0.28149816393852234 latent_bits 147586.109375

🔁 Stage-1 Training Candidate 6/7
Quantizer parameter: encoding gain  16
total pixel: 524288
Get Mod with shape torch.Size([1, 1, 8, 16]) at layer: 1
Get Mod with shape torch.Size([1, 1, 16, 32]) at layer: 2
Get Mod with shape torch.Size([1, 1, 32, 64]) at layer: 3
Get Mod with shape torch.Size([1, 1, 64, 128]) at layer: 4
Get Mod with shape torch.Size([1, 1, 128, 256]) at layer: 5
Get Mod with shape torch.Size([1, 1, 256, 512]) at layer: 6
Get Mod with shape torch.Size([1, 1, 512, 1024]) at layer: 7
start temperature: 0.3 noise parameter: 2.0
end temperature: 0.3 noise parameter: 2.0
********************Start from stage I
Step 400, BEST PSNR: 26.137826, Total loss 0.251182 with its rate 0.26922890543937683 latent_bits 141153.484375

🔁 Stage-1 Training Candidate 7/7
Quantizer parameter: encoding gain  16
total pixel: 524288
Get Mod with shape torch.Size([1, 1, 8, 16]) at layer: 1
Get Mod with shape torch.Size([1, 1, 16, 32]) at layer: 2
Get Mod with shape torch.Size([1, 1, 32, 64]) at layer: 3
Get Mod with shape torch.Size([1, 1, 64, 128]) at layer: 4
Get Mod with shape torch.Size([1, 1, 128, 256]) at layer: 5
Get Mod with shape torch.Size([1, 1, 256, 512]) at layer: 6
Get Mod with shape torch.Size([1, 1, 512, 1024]) at layer: 7
start temperature: 0.3 noise parameter: 2.0
end temperature: 0.3 noise parameter: 2.0
********************Start from stage I
Step 400, BEST PSNR: 26.049675, Total loss 0.254919 with its rate 0.27203381061553955 latent_bits 142624.0625

🌟 Selected Top-3 Candidates by RD cost

🎯 Stage-2 Refining Candidate 1/3
start temperature: 0.3 noise parameter: 2.0
end temperature: 0.3 noise parameter: 2.0
********************Start from stage I
Step 400, BEST PSNR: 26.701233, Total loss 0.257279 with its rate 0.30824610590934753 latent_bits 161609.734375

🎯 Stage-2 Refining Candidate 2/3
start temperature: 0.3 noise parameter: 2.0
end temperature: 0.3 noise parameter: 2.0
********************Start from stage I
Step 400, BEST PSNR: 26.648855, Total loss 0.256198 with its rate 0.30315059423446655 latent_bits 158938.21875

🎯 Stage-2 Refining Candidate 3/3
start temperature: 0.3 noise parameter: 2.0
end temperature: 0.3 noise parameter: 2.0
********************Start from stage I
Step 400, BEST PSNR: 26.393013, Total loss 0.256181 with its rate 0.288115918636322 latent_bits 151055.71875

🏆 Best Candidate Final PSNR: 26.39, Rate: 0.2881
Masked_INR(
  (upsampling_2d): Upsampling(
    (conv_transpose2d): UpsamplingConvTranspose2d()
  )
  (arm): Arm(
    (mlp): Sequential(
      (0): ArmConv(
        (conv1_1): Conv1d(16, 16, kernel_size=(1,), stride=(1,))
      )
      (1): GELU(approximate='none')
      (2): ArmConv(
        (conv1_1): Conv1d(16, 16, kernel_size=(1,), stride=(1,))
      )
      (3): GELU(approximate='none')
      (4): ArmConv(
        (conv1_1): Conv1d(16, 2, kernel_size=(1,), stride=(1,))
      )
    )
  )
  (conv_mod): LocalGlobalBlock(
    (net): Sequential(
      (0): SynthesisLayer(
        (pad): Identity()
        (conv_layer): SWHDC(
          (conv): Conv2d(2, 3, kernel_size=(3, 3), stride=(1, 1))
        )
        (non_linearity): GELU(approximate='none')
      )
      (1): SynthesisResidualLayer(
        (pad): ReplicationPad2d((0, 0, 0, 0))
        (conv_layer): Conv2d(3, 3, kernel_size=(1, 1), stride=(1, 1))
        (non_linearity): GELU(approximate='none')
      )
      (2): SynthesisResidualLayer(
        (pad): ReplicationPad2d((0, 0, 0, 0))
        (conv_layer): Conv2d(3, 3, kernel_size=(1, 1), stride=(1, 1))
        (non_linearity): GELU(approximate='none')
      )
      (3): SynthesisResidualLayer(
        (pad): ReplicationPad2d((0, 0, 0, 0))
        (conv_layer): Conv2d(3, 3, kernel_size=(1, 1), stride=(1, 1))
        (non_linearity): Identity()
      )
    )
    (global_net): Sequential(
      (0): SynthesisLayer(
        (pad): Identity()
        (conv_layer): SWHDC(
          (conv): Conv2d(2, 3, kernel_size=(3, 3), stride=(1, 1))
        )
        (non_linearity): GELU(approximate='none')
      )
      (1): SynthesisResidualLayer(
        (pad): ReplicationPad2d((0, 0, 0, 0))
        (conv_layer): Conv2d(3, 3, kernel_size=(1, 1), stride=(1, 1))
        (non_linearity): GELU(approximate='none')
      )
      (2): SynthesisResidualLayer(
        (pad): ReplicationPad2d((0, 0, 0, 0))
        (conv_layer): Conv2d(3, 3, kernel_size=(1, 1), stride=(1, 1))
        (non_linearity): GELU(approximate='none')
      )
      (3): SynthesisResidualLayer(
        (pad): ReplicationPad2d((0, 0, 0, 0))
        (conv_layer): Conv2d(3, 3, kernel_size=(1, 1), stride=(1, 1))
        (non_linearity): Identity()
      )
    )
    (agg_func): Sequential(
      (0): SynthesisLayer(
        (pad): ReplicationPad2d((0, 0, 0, 0))
        (conv_layer): Conv2d(18, 3, kernel_size=(1, 1), stride=(1, 1))
        (non_linearity): GELU(approximate='none')
      )
      (1): SynthesisLayer(
        (pad): ReplicationPad2d((0, 0, 0, 0))
        (conv_layer): Conv2d(21, 3, kernel_size=(1, 1), stride=(1, 1))
        (non_linearity): GELU(approximate='none')
      )
      (2): SynthesisLayer(
        (pad): ReplicationPad2d((0, 0, 0, 0))
        (conv_layer): Conv2d(24, 3, kernel_size=(1, 1), stride=(1, 1))
        (non_linearity): GELU(approximate='none')
      )
    )
    (full_net): Sequential(
      (0): SynthesisLayer(
        (pad): ReplicationPad2d((0, 0, 0, 0))
        (conv_layer): Conv2d(7, 12, kernel_size=(1, 1), stride=(1, 1))
        (non_linearity): GELU(approximate='none')
      )
      (1): SynthesisLayer(
        (pad): ReplicationPad2d((0, 0, 0, 0))
        (conv_layer): Conv2d(12, 3, kernel_size=(1, 1), stride=(1, 1))
        (non_linearity): GELU(approximate='none')
      )
      (2): SynthesisResidualLayer(
        (conv_layer): Conv2d(3, 3, kernel_size=(3, 3), stride=(1, 1))
        (non_linearity): GELU(approximate='none')
      )
      (3): SynthesisResidualLayer(
        (conv_layer): Conv2d(3, 3, kernel_size=(3, 3), stride=(1, 1))
        (non_linearity): GELU(approximate='none')
      )
    )
  )
  (modulation_sf): ParameterList(
      (0): Parameter containing: [torch.float32 of size 1x1x8x16 (cuda:0)]
      (1): Parameter containing: [torch.float32 of size 1x1x16x32 (cuda:0)]
      (2): Parameter containing: [torch.float32 of size 1x1x32x64 (cuda:0)]
      (3): Parameter containing: [torch.float32 of size 1x1x64x128 (cuda:0)]
      (4): Parameter containing: [torch.float32 of size 1x1x128x256 (cuda:0)]
      (5): Parameter containing: [torch.float32 of size 1x1x256x512 (cuda:0)]
      (6): Parameter containing: [torch.float32 of size 1x1x512x1024 (cuda:0)]
  )
)
train the 0 -th image
start temperature: 0.3 noise parameter: 2.0
end temperature: 0.1 noise parameter: 1.0
********************Start from stage I
********************going into stage II
eval_object_psnr: 34.99404570500534
eval_background_psnr: 29.424514884451025
eval_background_psnr: 29.424514884451025
********************Evaluation the Image 0-th, after Step 9999, BEST PSNR: 28.360551, Print rate 0.186667. *************************
Saved model at ./saved/modbase_7/context_16_arm_mod_16/sparity_0.0/inr_mod_16KODAK_ROI_Global_new_struture_7_12_3_33_orderconcat_operator_0_pw_0.4_img_object0.pth
Trained the image with PSNR: 28.360550768670162  latent bits 0.1866668164730072 latent bits number 97867.171875
[28.360550768670162]
[0.1866668164730072]
[97867.171875]
load the model: ./saved/modbase_7/context_16_arm_mod_16/sparity_0.0/inr_mod_16KODAK_ROI_Global_new_struture_7_12_3_33_orderconcat_operator_0_pw_0.4_img_object0.pth for the  0 -th image
********************Evalutation with quantization
********************Starting quantizing models
eval_object_psnr: 34.131877456835205
full_image_psnr: 27.34860601611464
object_psnr: 34.131877456835205
background_psnr: 28.38696633560097
********************Evaluation the Image 0-th, BEST PSNR: 27.348606, Print rate 0.188010, Network rate 0.018015. *************************
eval_wsssim: 0.882120
Decoded image saved to ./experiments/wsssim_tunado_full_regime/decoded_images/othim01_maskerp_wsmse0_swhdc1_erp1_lambda0.4.png
Evaluate the image: PSNR: 27.34860601611464 All bits: 0.2060251086950302  latent bits: 0.18801020085811615  network bits: 0.018014907836914062
Evaluate arm network bits: 0.008335113525390625 Evaluate synthesis network bits: 0.008899688720703125
Image All bits num: 108016.4921875 latent bits num: 98571.4921875 mlp bits num: 9445.0 border bits num:
arm bits num: 4370.0 synthesis bits num: 4666.0
[27.34860601611464]
[0.2060251086950302]
[108016.4921875]
Metrics saved to ./experiments/wsssim_tunado_full_regime/results.csv
Current eval Ave PSNR: 27.34860601611464 Ave Bits 0.2060251086950302
Namespace(batch_size=1, lr=0.01, data='../data', sparsity=0.0, local_upsampling_kernel_size=8, upsampling_kernel_size=8, static_upsampling_kernel=False, latent_factor=1, mod_base=7, highest_flag=1, context_arm=16, dim_arm_mod=16, use_candidate=True, type='other', mod_hid_layer=0, sythesis_features=12, hidden_features=64, hidden_layer=2, scale=1, lambda_rate=0.4, lambda_rate_list=[0.1, 0.2, 0.4, 0.8], start_index=0, mask_type='erp', wsmse_tag=0, swhdc_tag=1, swhdc_dilations=[1, 2, 3, 4], erp_padding=1, workdir='./experiments/wsssim_tunado_full_regime', train_steps_1=100000, train_steps_2=10000, loss_type='combined', lambda_dist=0.0, lambda_percep=1.0, patch_h=512, patch_w=1024, all_pix_num=524288, eval_pix_num=524288)
Directory './saved/modbase_7/context_16_arm_mod_16' already exists.
Directory './saved/modbase_7/context_16_arm_mod_16/sparity_0.0' already exists.
top %: 0.0

🔁 Stage-1 Training Candidate 1/7
Quantizer parameter: encoding gain  16
total pixel: 524288
Get Mod with shape torch.Size([1, 1, 8, 16]) at layer: 1
Get Mod with shape torch.Size([1, 1, 16, 32]) at layer: 2
Get Mod with shape torch.Size([1, 1, 32, 64]) at layer: 3
Get Mod with shape torch.Size([1, 1, 64, 128]) at layer: 4
Get Mod with shape torch.Size([1, 1, 128, 256]) at layer: 5
Get Mod with shape torch.Size([1, 1, 256, 512]) at layer: 6
Get Mod with shape torch.Size([1, 1, 512, 1024]) at layer: 7
start temperature: 0.3 noise parameter: 2.0
end temperature: 0.3 noise parameter: 2.0
********************Start from stage I
Step 400, BEST PSNR: 24.781803, Total loss 0.324339 with its rate 0.3927936553955078 latent_bits 205937.0

🔁 Stage-1 Training Candidate 2/7
Quantizer parameter: encoding gain  16
total pixel: 524288
Get Mod with shape torch.Size([1, 1, 8, 16]) at layer: 1
Get Mod with shape torch.Size([1, 1, 16, 32]) at layer: 2
Get Mod with shape torch.Size([1, 1, 32, 64]) at layer: 3
Get Mod with shape torch.Size([1, 1, 64, 128]) at layer: 4
Get Mod with shape torch.Size([1, 1, 128, 256]) at layer: 5
Get Mod with shape torch.Size([1, 1, 256, 512]) at layer: 6
Get Mod with shape torch.Size([1, 1, 512, 1024]) at layer: 7
start temperature: 0.3 noise parameter: 2.0
end temperature: 0.3 noise parameter: 2.0
********************Start from stage I
Step 400, BEST PSNR: 23.597033, Total loss 0.333552 with its rate 0.40778717398643494 latent_bits 213797.921875

🔁 Stage-1 Training Candidate 3/7
Quantizer parameter: encoding gain  16
total pixel: 524288
Get Mod with shape torch.Size([1, 1, 8, 16]) at layer: 1
Get Mod with shape torch.Size([1, 1, 16, 32]) at layer: 2
Get Mod with shape torch.Size([1, 1, 32, 64]) at layer: 3
Get Mod with shape torch.Size([1, 1, 64, 128]) at layer: 4
Get Mod with shape torch.Size([1, 1, 128, 256]) at layer: 5
Get Mod with shape torch.Size([1, 1, 256, 512]) at layer: 6
Get Mod with shape torch.Size([1, 1, 512, 1024]) at layer: 7
start temperature: 0.3 noise parameter: 2.0
end temperature: 0.3 noise parameter: 2.0
********************Start from stage I
Step 400, BEST PSNR: 24.710370, Total loss 0.322324 with its rate 0.3998609483242035 latent_bits 209642.296875

🔁 Stage-1 Training Candidate 4/7
Quantizer parameter: encoding gain  16
total pixel: 524288
Get Mod with shape torch.Size([1, 1, 8, 16]) at layer: 1
Get Mod with shape torch.Size([1, 1, 16, 32]) at layer: 2
Get Mod with shape torch.Size([1, 1, 32, 64]) at layer: 3
Get Mod with shape torch.Size([1, 1, 64, 128]) at layer: 4
Get Mod with shape torch.Size([1, 1, 128, 256]) at layer: 5
Get Mod with shape torch.Size([1, 1, 256, 512]) at layer: 6
Get Mod with shape torch.Size([1, 1, 512, 1024]) at layer: 7
start temperature: 0.3 noise parameter: 2.0
end temperature: 0.3 noise parameter: 2.0
********************Start from stage I
Step 400, BEST PSNR: 24.841398, Total loss 0.330284 with its rate 0.3939640522003174 latent_bits 206550.625

🔁 Stage-1 Training Candidate 5/7
Quantizer parameter: encoding gain  16
total pixel: 524288
Get Mod with shape torch.Size([1, 1, 8, 16]) at layer: 1
Get Mod with shape torch.Size([1, 1, 16, 32]) at layer: 2
Get Mod with shape torch.Size([1, 1, 32, 64]) at layer: 3
Get Mod with shape torch.Size([1, 1, 64, 128]) at layer: 4
Get Mod with shape torch.Size([1, 1, 128, 256]) at layer: 5
Get Mod with shape torch.Size([1, 1, 256, 512]) at layer: 6
Get Mod with shape torch.Size([1, 1, 512, 1024]) at layer: 7
start temperature: 0.3 noise parameter: 2.0
end temperature: 0.3 noise parameter: 2.0
********************Start from stage I
Step 400, BEST PSNR: 24.758173, Total loss 0.322832 with its rate 0.39753061532974243 latent_bits 208420.53125

🔁 Stage-1 Training Candidate 6/7
Quantizer parameter: encoding gain  16
total pixel: 524288
Get Mod with shape torch.Size([1, 1, 8, 16]) at layer: 1
Get Mod with shape torch.Size([1, 1, 16, 32]) at layer: 2
Get Mod with shape torch.Size([1, 1, 32, 64]) at layer: 3
Get Mod with shape torch.Size([1, 1, 64, 128]) at layer: 4
Get Mod with shape torch.Size([1, 1, 128, 256]) at layer: 5
Get Mod with shape torch.Size([1, 1, 256, 512]) at layer: 6
Get Mod with shape torch.Size([1, 1, 512, 1024]) at layer: 7
start temperature: 0.3 noise parameter: 2.0
end temperature: 0.3 noise parameter: 2.0
********************Start from stage I
Step 400, BEST PSNR: 24.662599, Total loss 0.323387 with its rate 0.39593201875686646 latent_bits 207582.40625

🔁 Stage-1 Training Candidate 7/7
Quantizer parameter: encoding gain  16
total pixel: 524288
Get Mod with shape torch.Size([1, 1, 8, 16]) at layer: 1
Get Mod with shape torch.Size([1, 1, 16, 32]) at layer: 2
Get Mod with shape torch.Size([1, 1, 32, 64]) at layer: 3
Get Mod with shape torch.Size([1, 1, 64, 128]) at layer: 4
Get Mod with shape torch.Size([1, 1, 128, 256]) at layer: 5
Get Mod with shape torch.Size([1, 1, 256, 512]) at layer: 6
Get Mod with shape torch.Size([1, 1, 512, 1024]) at layer: 7
start temperature: 0.3 noise parameter: 2.0
end temperature: 0.3 noise parameter: 2.0
********************Start from stage I
Step 400, BEST PSNR: 24.527626, Total loss 0.326582 with its rate 0.4064662754535675 latent_bits 213105.390625

🌟 Selected Top-3 Candidates by RD cost

🎯 Stage-2 Refining Candidate 1/3
start temperature: 0.3 noise parameter: 2.0
end temperature: 0.3 noise parameter: 2.0
********************Start from stage I
Step 400, BEST PSNR: 25.194827, Total loss 0.325797 with its rate 0.42630741000175476 latent_bits 223507.859375

🎯 Stage-2 Refining Candidate 2/3
start temperature: 0.3 noise parameter: 2.0
end temperature: 0.3 noise parameter: 2.0
********************Start from stage I
Step 400, BEST PSNR: 25.211296, Total loss 0.323528 with its rate 0.42075681686401367 latent_bits 220597.75

🎯 Stage-2 Refining Candidate 3/3
start temperature: 0.3 noise parameter: 2.0
end temperature: 0.3 noise parameter: 2.0
********************Start from stage I
Step 400, BEST PSNR: 25.133400, Total loss 0.320410 with its rate 0.41580909490585327 latent_bits 218003.71875

🏆 Best Candidate Final PSNR: 25.13, Rate: 0.4158
Masked_INR(
  (upsampling_2d): Upsampling(
    (conv_transpose2d): UpsamplingConvTranspose2d()
  )
  (arm): Arm(
    (mlp): Sequential(
      (0): ArmConv(
        (conv1_1): Conv1d(16, 16, kernel_size=(1,), stride=(1,))
      )
      (1): GELU(approximate='none')
      (2): ArmConv(
        (conv1_1): Conv1d(16, 16, kernel_size=(1,), stride=(1,))
      )
      (3): GELU(approximate='none')
      (4): ArmConv(
        (conv1_1): Conv1d(16, 2, kernel_size=(1,), stride=(1,))
      )
    )
  )
  (conv_mod): LocalGlobalBlock(
    (net): Sequential(
      (0): SynthesisLayer(
        (pad): Identity()
        (conv_layer): SWHDC(
          (conv): Conv2d(2, 3, kernel_size=(3, 3), stride=(1, 1))
        )
        (non_linearity): GELU(approximate='none')
      )
      (1): SynthesisResidualLayer(
        (pad): ReplicationPad2d((0, 0, 0, 0))
        (conv_layer): Conv2d(3, 3, kernel_size=(1, 1), stride=(1, 1))
        (non_linearity): GELU(approximate='none')
      )
      (2): SynthesisResidualLayer(
        (pad): ReplicationPad2d((0, 0, 0, 0))
        (conv_layer): Conv2d(3, 3, kernel_size=(1, 1), stride=(1, 1))
        (non_linearity): GELU(approximate='none')
      )
      (3): SynthesisResidualLayer(
        (pad): ReplicationPad2d((0, 0, 0, 0))
        (conv_layer): Conv2d(3, 3, kernel_size=(1, 1), stride=(1, 1))
        (non_linearity): Identity()
      )
    )
    (global_net): Sequential(
      (0): SynthesisLayer(
        (pad): Identity()
        (conv_layer): SWHDC(
          (conv): Conv2d(2, 3, kernel_size=(3, 3), stride=(1, 1))
        )
        (non_linearity): GELU(approximate='none')
      )
      (1): SynthesisResidualLayer(
        (pad): ReplicationPad2d((0, 0, 0, 0))
        (conv_layer): Conv2d(3, 3, kernel_size=(1, 1), stride=(1, 1))
        (non_linearity): GELU(approximate='none')
      )
      (2): SynthesisResidualLayer(
        (pad): ReplicationPad2d((0, 0, 0, 0))
        (conv_layer): Conv2d(3, 3, kernel_size=(1, 1), stride=(1, 1))
        (non_linearity): GELU(approximate='none')
      )
      (3): SynthesisResidualLayer(
        (pad): ReplicationPad2d((0, 0, 0, 0))
        (conv_layer): Conv2d(3, 3, kernel_size=(1, 1), stride=(1, 1))
        (non_linearity): Identity()
      )
    )
    (agg_func): Sequential(
      (0): SynthesisLayer(
        (pad): ReplicationPad2d((0, 0, 0, 0))
        (conv_layer): Conv2d(18, 3, kernel_size=(1, 1), stride=(1, 1))
        (non_linearity): GELU(approximate='none')
      )
      (1): SynthesisLayer(
        (pad): ReplicationPad2d((0, 0, 0, 0))
        (conv_layer): Conv2d(21, 3, kernel_size=(1, 1), stride=(1, 1))
        (non_linearity): GELU(approximate='none')
      )
      (2): SynthesisLayer(
        (pad): ReplicationPad2d((0, 0, 0, 0))
        (conv_layer): Conv2d(24, 3, kernel_size=(1, 1), stride=(1, 1))
        (non_linearity): GELU(approximate='none')
      )
    )
    (full_net): Sequential(
      (0): SynthesisLayer(
        (pad): ReplicationPad2d((0, 0, 0, 0))
        (conv_layer): Conv2d(7, 12, kernel_size=(1, 1), stride=(1, 1))
        (non_linearity): GELU(approximate='none')
      )
      (1): SynthesisLayer(
        (pad): ReplicationPad2d((0, 0, 0, 0))
        (conv_layer): Conv2d(12, 3, kernel_size=(1, 1), stride=(1, 1))
        (non_linearity): GELU(approximate='none')
      )
      (2): SynthesisResidualLayer(
        (conv_layer): Conv2d(3, 3, kernel_size=(3, 3), stride=(1, 1))
        (non_linearity): GELU(approximate='none')
      )
      (3): SynthesisResidualLayer(
        (conv_layer): Conv2d(3, 3, kernel_size=(3, 3), stride=(1, 1))
        (non_linearity): GELU(approximate='none')
      )
    )
  )
  (modulation_sf): ParameterList(
      (0): Parameter containing: [torch.float32 of size 1x1x8x16 (cuda:0)]
      (1): Parameter containing: [torch.float32 of size 1x1x16x32 (cuda:0)]
      (2): Parameter containing: [torch.float32 of size 1x1x32x64 (cuda:0)]
      (3): Parameter containing: [torch.float32 of size 1x1x64x128 (cuda:0)]
      (4): Parameter containing: [torch.float32 of size 1x1x128x256 (cuda:0)]
      (5): Parameter containing: [torch.float32 of size 1x1x256x512 (cuda:0)]
      (6): Parameter containing: [torch.float32 of size 1x1x512x1024 (cuda:0)]
  )
)
train the 5 -th image
start temperature: 0.3 noise parameter: 2.0
end temperature: 0.1 noise parameter: 1.0
********************Start from stage I
********************going into stage II
eval_object_psnr: 31.772333216121183
eval_background_psnr: 27.964017409736474
eval_background_psnr: 27.964017409736474
********************Evaluation the Image 5-th, after Step 9999, BEST PSNR: 26.452681, Print rate 0.298819. *************************
Saved model at ./saved/modbase_7/context_16_arm_mod_16/sparity_0.0/inr_mod_16KODAK_ROI_Global_new_struture_7_12_3_33_orderconcat_operator_0_pw_0.4_img_object5.pth
Trained the image with PSNR: 26.452681455281706  latent bits 0.29881906509399414 latent bits number 156667.25
[28.360550768670162, 26.452681455281706]
[0.1866668164730072, 0.29881906509399414]
[97867.171875, 156667.25]
load the model: ./saved/modbase_7/context_16_arm_mod_16/sparity_0.0/inr_mod_16KODAK_ROI_Global_new_struture_7_12_3_33_orderconcat_operator_0_pw_0.4_img_object5.pth for the  5 -th image
********************Evalutation with quantization
********************Starting quantizing models
eval_object_psnr: 31.407252955258514
full_image_psnr: 25.9571952040739
object_psnr: 31.407252955258514
background_psnr: 27.41966669141532
********************Evaluation the Image 5-th, BEST PSNR: 25.957195, Print rate 0.299286, Network rate 0.018578. *************************
eval_wsssim: 0.858705
Decoded image saved to ./experiments/wsssim_tunado_full_regime/decoded_images/othim06_maskerp_wsmse0_swhdc1_erp1_lambda0.4.png
Evaluate the image: PSNR: 25.9571952040739 All bits: 0.3178638815879822  latent bits: 0.2992863059043884  network bits: 0.01857757568359375
Evaluate arm network bits: 0.009403228759765625 Evaluate synthesis network bits: 0.0086669921875
Image All bits num: 166652.21875 latent bits num: 156912.21875 mlp bits num: 9740.0 border bits num:
arm bits num: 4930.0 synthesis bits num: 4544.0
[27.34860601611464, 25.9571952040739]
[0.2060251086950302, 0.3178638815879822]
[108016.4921875, 166652.21875]
Metrics saved to ./experiments/wsssim_tunado_full_regime/results.csv
Current eval Ave PSNR: 26.65290061009427 Ave Bits 0.2619444951415062
Namespace(batch_size=1, lr=0.01, data='../data', sparsity=0.0, local_upsampling_kernel_size=8, upsampling_kernel_size=8, static_upsampling_kernel=False, latent_factor=1, mod_base=7, highest_flag=1, context_arm=16, dim_arm_mod=16, use_candidate=True, type='other', mod_hid_layer=0, sythesis_features=12, hidden_features=64, hidden_layer=2, scale=1, lambda_rate=0.4, lambda_rate_list=[0.1, 0.2, 0.4, 0.8], start_index=0, mask_type='erp', wsmse_tag=0, swhdc_tag=1, swhdc_dilations=[1, 2, 3, 4], erp_padding=1, workdir='./experiments/wsssim_tunado_full_regime', train_steps_1=100000, train_steps_2=10000, loss_type='combined', lambda_dist=0.0, lambda_percep=1.0, patch_h=512, patch_w=1024, all_pix_num=524288, eval_pix_num=524288)
Directory './saved/modbase_7/context_16_arm_mod_16' already exists.
Directory './saved/modbase_7/context_16_arm_mod_16/sparity_0.0' already exists.
top %: 0.0

🔁 Stage-1 Training Candidate 1/7
Quantizer parameter: encoding gain  16
total pixel: 524288
Get Mod with shape torch.Size([1, 1, 8, 16]) at layer: 1
Get Mod with shape torch.Size([1, 1, 16, 32]) at layer: 2
Get Mod with shape torch.Size([1, 1, 32, 64]) at layer: 3
Get Mod with shape torch.Size([1, 1, 64, 128]) at layer: 4
Get Mod with shape torch.Size([1, 1, 128, 256]) at layer: 5
Get Mod with shape torch.Size([1, 1, 256, 512]) at layer: 6
Get Mod with shape torch.Size([1, 1, 512, 1024]) at layer: 7
start temperature: 0.3 noise parameter: 2.0
end temperature: 0.3 noise parameter: 2.0
********************Start from stage I
Step 400, BEST PSNR: 26.732658, Total loss 0.262540 with its rate 0.30058664083480835 latent_bits 157593.96875

🔁 Stage-1 Training Candidate 2/7
Quantizer parameter: encoding gain  16
total pixel: 524288
Get Mod with shape torch.Size([1, 1, 8, 16]) at layer: 1
Get Mod with shape torch.Size([1, 1, 16, 32]) at layer: 2
Get Mod with shape torch.Size([1, 1, 32, 64]) at layer: 3
Get Mod with shape torch.Size([1, 1, 64, 128]) at layer: 4
Get Mod with shape torch.Size([1, 1, 128, 256]) at layer: 5
Get Mod with shape torch.Size([1, 1, 256, 512]) at layer: 6
Get Mod with shape torch.Size([1, 1, 512, 1024]) at layer: 7
start temperature: 0.3 noise parameter: 2.0
end temperature: 0.3 noise parameter: 2.0
********************Start from stage I
Step 400, BEST PSNR: 26.888287, Total loss 0.265184 with its rate 0.3065626323223114 latent_bits 160727.109375

🔁 Stage-1 Training Candidate 3/7
Quantizer parameter: encoding gain  16
total pixel: 524288
Get Mod with shape torch.Size([1, 1, 8, 16]) at layer: 1
Get Mod with shape torch.Size([1, 1, 16, 32]) at layer: 2
Get Mod with shape torch.Size([1, 1, 32, 64]) at layer: 3
Get Mod with shape torch.Size([1, 1, 64, 128]) at layer: 4
Get Mod with shape torch.Size([1, 1, 128, 256]) at layer: 5
Get Mod with shape torch.Size([1, 1, 256, 512]) at layer: 6
Get Mod with shape torch.Size([1, 1, 512, 1024]) at layer: 7
start temperature: 0.3 noise parameter: 2.0
end temperature: 0.3 noise parameter: 2.0
********************Start from stage I
Step 400, BEST PSNR: 27.282810, Total loss 0.259842 with its rate 0.30013102293014526 latent_bits 157355.09375

🔁 Stage-1 Training Candidate 4/7
Quantizer parameter: encoding gain  16
total pixel: 524288
Get Mod with shape torch.Size([1, 1, 8, 16]) at layer: 1
Get Mod with shape torch.Size([1, 1, 16, 32]) at layer: 2
Get Mod with shape torch.Size([1, 1, 32, 64]) at layer: 3
Get Mod with shape torch.Size([1, 1, 64, 128]) at layer: 4
Get Mod with shape torch.Size([1, 1, 128, 256]) at layer: 5
Get Mod with shape torch.Size([1, 1, 256, 512]) at layer: 6
Get Mod with shape torch.Size([1, 1, 512, 1024]) at layer: 7
start temperature: 0.3 noise parameter: 2.0
end temperature: 0.3 noise parameter: 2.0
********************Start from stage I
Step 400, BEST PSNR: 27.224511, Total loss 0.264026 with its rate 0.29966461658477783 latent_bits 157110.5625

🔁 Stage-1 Training Candidate 5/7
Quantizer parameter: encoding gain  16
total pixel: 524288
Get Mod with shape torch.Size([1, 1, 8, 16]) at layer: 1
Get Mod with shape torch.Size([1, 1, 16, 32]) at layer: 2
Get Mod with shape torch.Size([1, 1, 32, 64]) at layer: 3
Get Mod with shape torch.Size([1, 1, 64, 128]) at layer: 4
Get Mod with shape torch.Size([1, 1, 128, 256]) at layer: 5
Get Mod with shape torch.Size([1, 1, 256, 512]) at layer: 6
Get Mod with shape torch.Size([1, 1, 512, 1024]) at layer: 7
start temperature: 0.3 noise parameter: 2.0
end temperature: 0.3 noise parameter: 2.0
********************Start from stage I
Step 400, BEST PSNR: 26.720771, Total loss 0.270700 with its rate 0.318790465593338 latent_bits 167138.015625

🔁 Stage-1 Training Candidate 6/7
Quantizer parameter: encoding gain  16
total pixel: 524288
Get Mod with shape torch.Size([1, 1, 8, 16]) at layer: 1
Get Mod with shape torch.Size([1, 1, 16, 32]) at layer: 2
Get Mod with shape torch.Size([1, 1, 32, 64]) at layer: 3
Get Mod with shape torch.Size([1, 1, 64, 128]) at layer: 4
Get Mod with shape torch.Size([1, 1, 128, 256]) at layer: 5
Get Mod with shape torch.Size([1, 1, 256, 512]) at layer: 6
Get Mod with shape torch.Size([1, 1, 512, 1024]) at layer: 7
start temperature: 0.3 noise parameter: 2.0
end temperature: 0.3 noise parameter: 2.0
********************Start from stage I
Step 400, BEST PSNR: 27.038271, Total loss 0.258783 with its rate 0.29420676827430725 latent_bits 154249.078125

🔁 Stage-1 Training Candidate 7/7
Quantizer parameter: encoding gain  16
total pixel: 524288
Get Mod with shape torch.Size([1, 1, 8, 16]) at layer: 1
Get Mod with shape torch.Size([1, 1, 16, 32]) at layer: 2
Get Mod with shape torch.Size([1, 1, 32, 64]) at layer: 3
Get Mod with shape torch.Size([1, 1, 64, 128]) at layer: 4
Get Mod with shape torch.Size([1, 1, 128, 256]) at layer: 5
Get Mod with shape torch.Size([1, 1, 256, 512]) at layer: 6
Get Mod with shape torch.Size([1, 1, 512, 1024]) at layer: 7
start temperature: 0.3 noise parameter: 2.0
end temperature: 0.3 noise parameter: 2.0
********************Start from stage I
Step 400, BEST PSNR: 26.907085, Total loss 0.269764 with its rate 0.3086854815483093 latent_bits 161840.09375

🌟 Selected Top-3 Candidates by RD cost

🎯 Stage-2 Refining Candidate 1/3
start temperature: 0.3 noise parameter: 2.0
end temperature: 0.3 noise parameter: 2.0
********************Start from stage I
Step 400, BEST PSNR: 27.313374, Total loss 0.270735 with its rate 0.3372613787651062 latent_bits 176822.09375

🎯 Stage-2 Refining Candidate 2/3
start temperature: 0.3 noise parameter: 2.0
end temperature: 0.3 noise parameter: 2.0
********************Start from stage I
Step 400, BEST PSNR: 27.857078, Total loss 0.269080 with its rate 0.3374796509742737 latent_bits 176936.53125

🎯 Stage-2 Refining Candidate 3/3
start temperature: 0.3 noise parameter: 2.0
end temperature: 0.3 noise parameter: 2.0
********************Start from stage I
Step 400, BEST PSNR: 27.279448, Total loss 0.269769 with its rate 0.33647674322128296 latent_bits 176410.71875

🏆 Best Candidate Final PSNR: 27.86, Rate: 0.3375
Masked_INR(
  (upsampling_2d): Upsampling(
    (conv_transpose2d): UpsamplingConvTranspose2d()
  )
  (arm): Arm(
    (mlp): Sequential(
      (0): ArmConv(
        (conv1_1): Conv1d(16, 16, kernel_size=(1,), stride=(1,))
      )
      (1): GELU(approximate='none')
      (2): ArmConv(
        (conv1_1): Conv1d(16, 16, kernel_size=(1,), stride=(1,))
      )
      (3): GELU(approximate='none')
      (4): ArmConv(
        (conv1_1): Conv1d(16, 2, kernel_size=(1,), stride=(1,))
      )
    )
  )
  (conv_mod): LocalGlobalBlock(
    (net): Sequential(
      (0): SynthesisLayer(
        (pad): Identity()
        (conv_layer): SWHDC(
          (conv): Conv2d(2, 3, kernel_size=(3, 3), stride=(1, 1))
        )
        (non_linearity): GELU(approximate='none')
      )
      (1): SynthesisResidualLayer(
        (pad): ReplicationPad2d((0, 0, 0, 0))
        (conv_layer): Conv2d(3, 3, kernel_size=(1, 1), stride=(1, 1))
        (non_linearity): GELU(approximate='none')
      )
      (2): SynthesisResidualLayer(
        (pad): ReplicationPad2d((0, 0, 0, 0))
        (conv_layer): Conv2d(3, 3, kernel_size=(1, 1), stride=(1, 1))
        (non_linearity): GELU(approximate='none')
      )
      (3): SynthesisResidualLayer(
        (pad): ReplicationPad2d((0, 0, 0, 0))
        (conv_layer): Conv2d(3, 3, kernel_size=(1, 1), stride=(1, 1))
        (non_linearity): Identity()
      )
    )
    (global_net): Sequential(
      (0): SynthesisLayer(
        (pad): Identity()
        (conv_layer): SWHDC(
          (conv): Conv2d(2, 3, kernel_size=(3, 3), stride=(1, 1))
        )
        (non_linearity): GELU(approximate='none')
      )
      (1): SynthesisResidualLayer(
        (pad): ReplicationPad2d((0, 0, 0, 0))
        (conv_layer): Conv2d(3, 3, kernel_size=(1, 1), stride=(1, 1))
        (non_linearity): GELU(approximate='none')
      )
      (2): SynthesisResidualLayer(
        (pad): ReplicationPad2d((0, 0, 0, 0))
        (conv_layer): Conv2d(3, 3, kernel_size=(1, 1), stride=(1, 1))
        (non_linearity): GELU(approximate='none')
      )
      (3): SynthesisResidualLayer(
        (pad): ReplicationPad2d((0, 0, 0, 0))
        (conv_layer): Conv2d(3, 3, kernel_size=(1, 1), stride=(1, 1))
        (non_linearity): Identity()
      )
    )
    (agg_func): Sequential(
      (0): SynthesisLayer(
        (pad): ReplicationPad2d((0, 0, 0, 0))
        (conv_layer): Conv2d(18, 3, kernel_size=(1, 1), stride=(1, 1))
        (non_linearity): GELU(approximate='none')
      )
      (1): SynthesisLayer(
        (pad): ReplicationPad2d((0, 0, 0, 0))
        (conv_layer): Conv2d(21, 3, kernel_size=(1, 1), stride=(1, 1))
        (non_linearity): GELU(approximate='none')
      )
      (2): SynthesisLayer(
        (pad): ReplicationPad2d((0, 0, 0, 0))
        (conv_layer): Conv2d(24, 3, kernel_size=(1, 1), stride=(1, 1))
        (non_linearity): GELU(approximate='none')
      )
    )
    (full_net): Sequential(
      (0): SynthesisLayer(
        (pad): ReplicationPad2d((0, 0, 0, 0))
        (conv_layer): Conv2d(7, 12, kernel_size=(1, 1), stride=(1, 1))
        (non_linearity): GELU(approximate='none')
      )
      (1): SynthesisLayer(
        (pad): ReplicationPad2d((0, 0, 0, 0))
        (conv_layer): Conv2d(12, 3, kernel_size=(1, 1), stride=(1, 1))
        (non_linearity): GELU(approximate='none')
      )
      (2): SynthesisResidualLayer(
        (conv_layer): Conv2d(3, 3, kernel_size=(3, 3), stride=(1, 1))
        (non_linearity): GELU(approximate='none')
      )
      (3): SynthesisResidualLayer(
        (conv_layer): Conv2d(3, 3, kernel_size=(3, 3), stride=(1, 1))
        (non_linearity): GELU(approximate='none')
      )
    )
  )
  (modulation_sf): ParameterList(
      (0): Parameter containing: [torch.float32 of size 1x1x8x16 (cuda:0)]
      (1): Parameter containing: [torch.float32 of size 1x1x16x32 (cuda:0)]
      (2): Parameter containing: [torch.float32 of size 1x1x32x64 (cuda:0)]
      (3): Parameter containing: [torch.float32 of size 1x1x64x128 (cuda:0)]
      (4): Parameter containing: [torch.float32 of size 1x1x128x256 (cuda:0)]
      (5): Parameter containing: [torch.float32 of size 1x1x256x512 (cuda:0)]
      (6): Parameter containing: [torch.float32 of size 1x1x512x1024 (cuda:0)]
  )
)
train the 10 -th image
start temperature: 0.3 noise parameter: 2.0
end temperature: 0.1 noise parameter: 1.0
********************Start from stage I
********************going into stage II
eval_object_psnr: 35.30652605655984
eval_background_psnr: 30.39211426389143
eval_background_psnr: 30.39211426389143
********************Evaluation the Image 10-th, after Step 9999, BEST PSNR: 29.171893, Print rate 0.227442. *************************
Saved model at ./saved/modbase_7/context_16_arm_mod_16/sparity_0.0/inr_mod_16KODAK_ROI_Global_new_struture_7_12_3_33_orderconcat_operator_0_pw_0.4_img_object10.pth
Trained the image with PSNR: 29.17189297378877  latent bits 0.22744202613830566 latent bits number 119245.125
[28.360550768670162, 26.452681455281706, 29.17189297378877]
[0.1866668164730072, 0.29881906509399414, 0.22744202613830566]
[97867.171875, 156667.25, 119245.125]
load the model: ./saved/modbase_7/context_16_arm_mod_16/sparity_0.0/inr_mod_16KODAK_ROI_Global_new_struture_7_12_3_33_orderconcat_operator_0_pw_0.4_img_object10.pth for the  10 -th image
********************Evalutation with quantization
********************Starting quantizing models
eval_object_psnr: 33.63675043504664
full_image_psnr: 27.366994921077094
object_psnr: 33.63675043504664
background_psnr: 28.564941377254286
********************Evaluation the Image 10-th, BEST PSNR: 27.366995, Print rate 0.227894, Network rate 0.018637. *************************
eval_wsssim: 0.868900
Decoded image saved to ./experiments/wsssim_tunado_full_regime/decoded_images/othim11_maskerp_wsmse0_swhdc1_erp1_lambda0.4.png
Evaluate the image: PSNR: 27.366994921077094 All bits: 0.24653030931949615  latent bits: 0.22789360582828522  network bits: 0.018636703491210938
Evaluate arm network bits: 0.009447097778320312 Evaluate synthesis network bits: 0.008541107177734375
Image All bits num: 129252.8828125 latent bits num: 119481.8828125 mlp bits num: 9771.0 border bits num:
arm bits num: 4953.0 synthesis bits num: 4478.0
[27.34860601611464, 25.9571952040739, 27.366994921077094]
[0.2060251086950302, 0.3178638815879822, 0.24653030931949615]
[108016.4921875, 166652.21875, 129252.8828125]
Metrics saved to ./experiments/wsssim_tunado_full_regime/results.csv
Current eval Ave PSNR: 26.890932047088544 Ave Bits 0.2568064332008362
Namespace(batch_size=1, lr=0.01, data='../data', sparsity=0.0, local_upsampling_kernel_size=8, upsampling_kernel_size=8, static_upsampling_kernel=False, latent_factor=1, mod_base=7, highest_flag=1, context_arm=16, dim_arm_mod=16, use_candidate=True, type='other', mod_hid_layer=0, sythesis_features=12, hidden_features=64, hidden_layer=2, scale=1, lambda_rate=0.4, lambda_rate_list=[0.1, 0.2, 0.4, 0.8], start_index=0, mask_type='erp', wsmse_tag=0, swhdc_tag=1, swhdc_dilations=[1, 2, 3, 4], erp_padding=1, workdir='./experiments/wsssim_tunado_full_regime', train_steps_1=100000, train_steps_2=10000, loss_type='combined', lambda_dist=0.0, lambda_percep=1.0, patch_h=512, patch_w=1024, all_pix_num=524288, eval_pix_num=524288)
Directory './saved/modbase_7/context_16_arm_mod_16' already exists.
Directory './saved/modbase_7/context_16_arm_mod_16/sparity_0.0' already exists.
top %: 0.0

🔁 Stage-1 Training Candidate 1/7
Quantizer parameter: encoding gain  16
total pixel: 524288
Get Mod with shape torch.Size([1, 1, 8, 16]) at layer: 1
Get Mod with shape torch.Size([1, 1, 16, 32]) at layer: 2
Get Mod with shape torch.Size([1, 1, 32, 64]) at layer: 3
Get Mod with shape torch.Size([1, 1, 64, 128]) at layer: 4
Get Mod with shape torch.Size([1, 1, 128, 256]) at layer: 5
Get Mod with shape torch.Size([1, 1, 256, 512]) at layer: 6
Get Mod with shape torch.Size([1, 1, 512, 1024]) at layer: 7
start temperature: 0.3 noise parameter: 2.0
end temperature: 0.3 noise parameter: 2.0
********************Start from stage I
Step 400, BEST PSNR: 27.297162, Total loss 0.191435 with its rate 0.20281943678855896 latent_bits 106335.796875

🔁 Stage-1 Training Candidate 2/7
Quantizer parameter: encoding gain  16
total pixel: 524288
Get Mod with shape torch.Size([1, 1, 8, 16]) at layer: 1
Get Mod with shape torch.Size([1, 1, 16, 32]) at layer: 2
Get Mod with shape torch.Size([1, 1, 32, 64]) at layer: 3
Get Mod with shape torch.Size([1, 1, 64, 128]) at layer: 4
Get Mod with shape torch.Size([1, 1, 128, 256]) at layer: 5
Get Mod with shape torch.Size([1, 1, 256, 512]) at layer: 6
Get Mod with shape torch.Size([1, 1, 512, 1024]) at layer: 7
start temperature: 0.3 noise parameter: 2.0
end temperature: 0.3 noise parameter: 2.0
********************Start from stage I
Step 400, BEST PSNR: 27.844792, Total loss 0.184316 with its rate 0.20105405151844025 latent_bits 105410.2265625

🔁 Stage-1 Training Candidate 3/7
Quantizer parameter: encoding gain  16
total pixel: 524288
Get Mod with shape torch.Size([1, 1, 8, 16]) at layer: 1
Get Mod with shape torch.Size([1, 1, 16, 32]) at layer: 2
Get Mod with shape torch.Size([1, 1, 32, 64]) at layer: 3
Get Mod with shape torch.Size([1, 1, 64, 128]) at layer: 4
Get Mod with shape torch.Size([1, 1, 128, 256]) at layer: 5
Get Mod with shape torch.Size([1, 1, 256, 512]) at layer: 6
Get Mod with shape torch.Size([1, 1, 512, 1024]) at layer: 7
start temperature: 0.3 noise parameter: 2.0
end temperature: 0.3 noise parameter: 2.0
********************Start from stage I
Step 400, BEST PSNR: 27.051651, Total loss 0.191047 with its rate 0.20218221843242645 latent_bits 106001.7109375

🔁 Stage-1 Training Candidate 4/7
Quantizer parameter: encoding gain  16
total pixel: 524288
Get Mod with shape torch.Size([1, 1, 8, 16]) at layer: 1
Get Mod with shape torch.Size([1, 1, 16, 32]) at layer: 2
Get Mod with shape torch.Size([1, 1, 32, 64]) at layer: 3
Get Mod with shape torch.Size([1, 1, 64, 128]) at layer: 4
Get Mod with shape torch.Size([1, 1, 128, 256]) at layer: 5
Get Mod with shape torch.Size([1, 1, 256, 512]) at layer: 6
Get Mod with shape torch.Size([1, 1, 512, 1024]) at layer: 7
start temperature: 0.3 noise parameter: 2.0
end temperature: 0.3 noise parameter: 2.0
********************Start from stage I
Step 400, BEST PSNR: 27.209814, Total loss 0.189578 with its rate 0.213473379611969 latent_bits 111921.53125

🔁 Stage-1 Training Candidate 5/7
Quantizer parameter: encoding gain  16
total pixel: 524288
Get Mod with shape torch.Size([1, 1, 8, 16]) at layer: 1
Get Mod with shape torch.Size([1, 1, 16, 32]) at layer: 2
Get Mod with shape torch.Size([1, 1, 32, 64]) at layer: 3
Get Mod with shape torch.Size([1, 1, 64, 128]) at layer: 4
Get Mod with shape torch.Size([1, 1, 128, 256]) at layer: 5
Get Mod with shape torch.Size([1, 1, 256, 512]) at layer: 6
Get Mod with shape torch.Size([1, 1, 512, 1024]) at layer: 7
start temperature: 0.3 noise parameter: 2.0
end temperature: 0.3 noise parameter: 2.0
********************Start from stage I
Step 400, BEST PSNR: 27.371336, Total loss 0.190033 with its rate 0.20752882957458496 latent_bits 108804.875

🔁 Stage-1 Training Candidate 6/7
Quantizer parameter: encoding gain  16
total pixel: 524288
Get Mod with shape torch.Size([1, 1, 8, 16]) at layer: 1
Get Mod with shape torch.Size([1, 1, 16, 32]) at layer: 2
Get Mod with shape torch.Size([1, 1, 32, 64]) at layer: 3
Get Mod with shape torch.Size([1, 1, 64, 128]) at layer: 4
Get Mod with shape torch.Size([1, 1, 128, 256]) at layer: 5
Get Mod with shape torch.Size([1, 1, 256, 512]) at layer: 6
Get Mod with shape torch.Size([1, 1, 512, 1024]) at layer: 7
start temperature: 0.3 noise parameter: 2.0
end temperature: 0.3 noise parameter: 2.0
********************Start from stage I
Step 400, BEST PSNR: 27.598189, Total loss 0.192317 with its rate 0.21781131625175476 latent_bits 114195.859375

🔁 Stage-1 Training Candidate 7/7
Quantizer parameter: encoding gain  16
total pixel: 524288
Get Mod with shape torch.Size([1, 1, 8, 16]) at layer: 1
Get Mod with shape torch.Size([1, 1, 16, 32]) at layer: 2
Get Mod with shape torch.Size([1, 1, 32, 64]) at layer: 3
Get Mod with shape torch.Size([1, 1, 64, 128]) at layer: 4
Get Mod with shape torch.Size([1, 1, 128, 256]) at layer: 5
Get Mod with shape torch.Size([1, 1, 256, 512]) at layer: 6
Get Mod with shape torch.Size([1, 1, 512, 1024]) at layer: 7
start temperature: 0.3 noise parameter: 2.0
end temperature: 0.3 noise parameter: 2.0
********************Start from stage I
Step 400, BEST PSNR: 26.718245, Total loss 0.190549 with its rate 0.20865844190120697 latent_bits 109397.1171875

🌟 Selected Top-3 Candidates by RD cost

🎯 Stage-2 Refining Candidate 1/3
start temperature: 0.3 noise parameter: 2.0
end temperature: 0.3 noise parameter: 2.0
********************Start from stage I
Step 400, BEST PSNR: 28.599844, Total loss 0.190508 with its rate 0.23594850301742554 latent_bits 123704.96875

🎯 Stage-2 Refining Candidate 2/3
start temperature: 0.3 noise parameter: 2.0
end temperature: 0.3 noise parameter: 2.0
********************Start from stage I
Step 400, BEST PSNR: 28.364689, Total loss 0.192351 with its rate 0.24376004934310913 latent_bits 127800.46875

🎯 Stage-2 Refining Candidate 3/3
start temperature: 0.3 noise parameter: 2.0
end temperature: 0.3 noise parameter: 2.0
********************Start from stage I
Step 400, BEST PSNR: 28.006871, Total loss 0.194911 with its rate 0.24045677483081818 latent_bits 126068.6015625

🏆 Best Candidate Final PSNR: 28.60, Rate: 0.2359
Masked_INR(
  (upsampling_2d): Upsampling(
    (conv_transpose2d): UpsamplingConvTranspose2d()
  )
  (arm): Arm(
    (mlp): Sequential(
      (0): ArmConv(
        (conv1_1): Conv1d(16, 16, kernel_size=(1,), stride=(1,))
      )
      (1): GELU(approximate='none')
      (2): ArmConv(
        (conv1_1): Conv1d(16, 16, kernel_size=(1,), stride=(1,))
      )
      (3): GELU(approximate='none')
      (4): ArmConv(
        (conv1_1): Conv1d(16, 2, kernel_size=(1,), stride=(1,))
      )
    )
  )
  (conv_mod): LocalGlobalBlock(
    (net): Sequential(
      (0): SynthesisLayer(
        (pad): Identity()
        (conv_layer): SWHDC(
          (conv): Conv2d(2, 3, kernel_size=(3, 3), stride=(1, 1))
        )
        (non_linearity): GELU(approximate='none')
      )
      (1): SynthesisResidualLayer(
        (pad): ReplicationPad2d((0, 0, 0, 0))
        (conv_layer): Conv2d(3, 3, kernel_size=(1, 1), stride=(1, 1))
        (non_linearity): GELU(approximate='none')
      )
      (2): SynthesisResidualLayer(
        (pad): ReplicationPad2d((0, 0, 0, 0))
        (conv_layer): Conv2d(3, 3, kernel_size=(1, 1), stride=(1, 1))
        (non_linearity): GELU(approximate='none')
      )
      (3): SynthesisResidualLayer(
        (pad): ReplicationPad2d((0, 0, 0, 0))
        (conv_layer): Conv2d(3, 3, kernel_size=(1, 1), stride=(1, 1))
        (non_linearity): Identity()
      )
    )
    (global_net): Sequential(
      (0): SynthesisLayer(
        (pad): Identity()
        (conv_layer): SWHDC(
          (conv): Conv2d(2, 3, kernel_size=(3, 3), stride=(1, 1))
        )
        (non_linearity): GELU(approximate='none')
      )
      (1): SynthesisResidualLayer(
        (pad): ReplicationPad2d((0, 0, 0, 0))
        (conv_layer): Conv2d(3, 3, kernel_size=(1, 1), stride=(1, 1))
        (non_linearity): GELU(approximate='none')
      )
      (2): SynthesisResidualLayer(
        (pad): ReplicationPad2d((0, 0, 0, 0))
        (conv_layer): Conv2d(3, 3, kernel_size=(1, 1), stride=(1, 1))
        (non_linearity): GELU(approximate='none')
      )
      (3): SynthesisResidualLayer(
        (pad): ReplicationPad2d((0, 0, 0, 0))
        (conv_layer): Conv2d(3, 3, kernel_size=(1, 1), stride=(1, 1))
        (non_linearity): Identity()
      )
    )
    (agg_func): Sequential(
      (0): SynthesisLayer(
        (pad): ReplicationPad2d((0, 0, 0, 0))
        (conv_layer): Conv2d(18, 3, kernel_size=(1, 1), stride=(1, 1))
        (non_linearity): GELU(approximate='none')
      )
      (1): SynthesisLayer(
        (pad): ReplicationPad2d((0, 0, 0, 0))
        (conv_layer): Conv2d(21, 3, kernel_size=(1, 1), stride=(1, 1))
        (non_linearity): GELU(approximate='none')
      )
      (2): SynthesisLayer(
        (pad): ReplicationPad2d((0, 0, 0, 0))
        (conv_layer): Conv2d(24, 3, kernel_size=(1, 1), stride=(1, 1))
        (non_linearity): GELU(approximate='none')
      )
    )
    (full_net): Sequential(
      (0): SynthesisLayer(
        (pad): ReplicationPad2d((0, 0, 0, 0))
        (conv_layer): Conv2d(7, 12, kernel_size=(1, 1), stride=(1, 1))
        (non_linearity): GELU(approximate='none')
      )
      (1): SynthesisLayer(
        (pad): ReplicationPad2d((0, 0, 0, 0))
        (conv_layer): Conv2d(12, 3, kernel_size=(1, 1), stride=(1, 1))
        (non_linearity): GELU(approximate='none')
      )
      (2): SynthesisResidualLayer(
        (conv_layer): Conv2d(3, 3, kernel_size=(3, 3), stride=(1, 1))
        (non_linearity): GELU(approximate='none')
      )
      (3): SynthesisResidualLayer(
        (conv_layer): Conv2d(3, 3, kernel_size=(3, 3), stride=(1, 1))
        (non_linearity): GELU(approximate='none')
      )
    )
  )
  (modulation_sf): ParameterList(
      (0): Parameter containing: [torch.float32 of size 1x1x8x16 (cuda:0)]
      (1): Parameter containing: [torch.float32 of size 1x1x16x32 (cuda:0)]
      (2): Parameter containing: [torch.float32 of size 1x1x32x64 (cuda:0)]
      (3): Parameter containing: [torch.float32 of size 1x1x64x128 (cuda:0)]
      (4): Parameter containing: [torch.float32 of size 1x1x128x256 (cuda:0)]
      (5): Parameter containing: [torch.float32 of size 1x1x256x512 (cuda:0)]
      (6): Parameter containing: [torch.float32 of size 1x1x512x1024 (cuda:0)]
  )
)
train the 15 -th image
start temperature: 0.3 noise parameter: 2.0
end temperature: 0.1 noise parameter: 1.0
********************Start from stage I
********************going into stage II
eval_object_psnr: 38.12413258954045
eval_background_psnr: 30.6472602999557
eval_background_psnr: 30.6472602999557
********************Evaluation the Image 15-th, after Step 9999, BEST PSNR: 29.932168, Print rate 0.125081. *************************
Saved model at ./saved/modbase_7/context_16_arm_mod_16/sparity_0.0/inr_mod_16KODAK_ROI_Global_new_struture_7_12_3_33_orderconcat_operator_0_pw_0.4_img_object15.pth
Trained the image with PSNR: 29.932168038536503  latent bits 0.12508106231689453 latent bits number 65578.5
[28.360550768670162, 26.452681455281706, 29.17189297378877, 29.932168038536503]
[0.1866668164730072, 0.29881906509399414, 0.22744202613830566, 0.12508106231689453]
[97867.171875, 156667.25, 119245.125, 65578.5]
load the model: ./saved/modbase_7/context_16_arm_mod_16/sparity_0.0/inr_mod_16KODAK_ROI_Global_new_struture_7_12_3_33_orderconcat_operator_0_pw_0.4_img_object15.pth for the  15 -th image
********************Evalutation with quantization
********************Starting quantizing models
eval_object_psnr: 36.36959395145438
full_image_psnr: 28.97155179025008
object_psnr: 36.36959395145438
background_psnr: 29.894564389615624
********************Evaluation the Image 15-th, BEST PSNR: 28.971552, Print rate 0.126358, Network rate 0.017504. *************************
eval_wsssim: 0.911806
Decoded image saved to ./experiments/wsssim_tunado_full_regime/decoded_images/othim16_maskerp_wsmse0_swhdc1_erp1_lambda0.4.png
Evaluate the image: PSNR: 28.97155179025008 All bits: 0.14386186003684998  latent bits: 0.12635812163352966  network bits: 0.017503738403320312
Evaluate arm network bits: 0.008319854736328125 Evaluate synthesis network bits: 0.00868988037109375
Image All bits num: 75425.046875 latent bits num: 66248.046875 mlp bits num: 9177.0 border bits num:
arm bits num: 4362.0 synthesis bits num: 4556.0
[27.34860601611464, 25.9571952040739, 27.366994921077094, 28.97155179025008]
[0.2060251086950302, 0.3178638815879822, 0.24653030931949615, 0.14386186003684998]
[108016.4921875, 166652.21875, 129252.8828125, 75425.046875]
Metrics saved to ./experiments/wsssim_tunado_full_regime/results.csv
Current eval Ave PSNR: 27.411086982878928 Ave Bits 0.22857028990983963
Namespace(batch_size=1, lr=0.01, data='../data', sparsity=0.0, local_upsampling_kernel_size=8, upsampling_kernel_size=8, static_upsampling_kernel=False, latent_factor=1, mod_base=7, highest_flag=1, context_arm=16, dim_arm_mod=16, use_candidate=True, type='other', mod_hid_layer=0, sythesis_features=12, hidden_features=64, hidden_layer=2, scale=1, lambda_rate=0.4, lambda_rate_list=[0.1, 0.2, 0.4, 0.8], start_index=0, mask_type='erp', wsmse_tag=0, swhdc_tag=1, swhdc_dilations=[1, 2, 3, 4], erp_padding=1, workdir='./experiments/wsssim_tunado_full_regime', train_steps_1=100000, train_steps_2=10000, loss_type='combined', lambda_dist=0.0, lambda_percep=1.0, patch_h=512, patch_w=1024, all_pix_num=524288, eval_pix_num=524288)
Directory './saved/modbase_7/context_16_arm_mod_16' already exists.
Directory './saved/modbase_7/context_16_arm_mod_16/sparity_0.0' already exists.
top %: 0.0

🔁 Stage-1 Training Candidate 1/7
Quantizer parameter: encoding gain  16
total pixel: 524288
Get Mod with shape torch.Size([1, 1, 8, 16]) at layer: 1
Get Mod with shape torch.Size([1, 1, 16, 32]) at layer: 2
Get Mod with shape torch.Size([1, 1, 32, 64]) at layer: 3
Get Mod with shape torch.Size([1, 1, 64, 128]) at layer: 4
Get Mod with shape torch.Size([1, 1, 128, 256]) at layer: 5
Get Mod with shape torch.Size([1, 1, 256, 512]) at layer: 6
Get Mod with shape torch.Size([1, 1, 512, 1024]) at layer: 7
start temperature: 0.3 noise parameter: 2.0
end temperature: 0.3 noise parameter: 2.0
********************Start from stage I
Step 400, BEST PSNR: 24.103061, Total loss 0.319125 with its rate 0.35203123092651367 latent_bits 184565.75

🔁 Stage-1 Training Candidate 2/7
Quantizer parameter: encoding gain  16
total pixel: 524288
Get Mod with shape torch.Size([1, 1, 8, 16]) at layer: 1
Get Mod with shape torch.Size([1, 1, 16, 32]) at layer: 2
Get Mod with shape torch.Size([1, 1, 32, 64]) at layer: 3
Get Mod with shape torch.Size([1, 1, 64, 128]) at layer: 4
Get Mod with shape torch.Size([1, 1, 128, 256]) at layer: 5
Get Mod with shape torch.Size([1, 1, 256, 512]) at layer: 6
Get Mod with shape torch.Size([1, 1, 512, 1024]) at layer: 7
start temperature: 0.3 noise parameter: 2.0
end temperature: 0.3 noise parameter: 2.0
********************Start from stage I
Step 400, BEST PSNR: 24.697501, Total loss 0.307661 with its rate 0.3772110641002655 latent_bits 197767.234375

🔁 Stage-1 Training Candidate 3/7
Quantizer parameter: encoding gain  16
total pixel: 524288
Get Mod with shape torch.Size([1, 1, 8, 16]) at layer: 1
Get Mod with shape torch.Size([1, 1, 16, 32]) at layer: 2
Get Mod with shape torch.Size([1, 1, 32, 64]) at layer: 3
Get Mod with shape torch.Size([1, 1, 64, 128]) at layer: 4
Get Mod with shape torch.Size([1, 1, 128, 256]) at layer: 5
Get Mod with shape torch.Size([1, 1, 256, 512]) at layer: 6
Get Mod with shape torch.Size([1, 1, 512, 1024]) at layer: 7
start temperature: 0.3 noise parameter: 2.0
end temperature: 0.3 noise parameter: 2.0
********************Start from stage I
Step 400, BEST PSNR: 25.400673, Total loss 0.311353 with its rate 0.38962680101394653 latent_bits 204276.65625

🔁 Stage-1 Training Candidate 4/7
Quantizer parameter: encoding gain  16
total pixel: 524288
Get Mod with shape torch.Size([1, 1, 8, 16]) at layer: 1
Get Mod with shape torch.Size([1, 1, 16, 32]) at layer: 2
Get Mod with shape torch.Size([1, 1, 32, 64]) at layer: 3
Get Mod with shape torch.Size([1, 1, 64, 128]) at layer: 4
Get Mod with shape torch.Size([1, 1, 128, 256]) at layer: 5
Get Mod with shape torch.Size([1, 1, 256, 512]) at layer: 6
Get Mod with shape torch.Size([1, 1, 512, 1024]) at layer: 7
start temperature: 0.3 noise parameter: 2.0
end temperature: 0.3 noise parameter: 2.0
********************Start from stage I
Step 400, BEST PSNR: 24.726900, Total loss 0.314510 with its rate 0.38282322883605957 latent_bits 200709.625

🔁 Stage-1 Training Candidate 5/7
Quantizer parameter: encoding gain  16
total pixel: 524288
Get Mod with shape torch.Size([1, 1, 8, 16]) at layer: 1
Get Mod with shape torch.Size([1, 1, 16, 32]) at layer: 2
Get Mod with shape torch.Size([1, 1, 32, 64]) at layer: 3
Get Mod with shape torch.Size([1, 1, 64, 128]) at layer: 4
Get Mod with shape torch.Size([1, 1, 128, 256]) at layer: 5
Get Mod with shape torch.Size([1, 1, 256, 512]) at layer: 6
Get Mod with shape torch.Size([1, 1, 512, 1024]) at layer: 7
start temperature: 0.3 noise parameter: 2.0
end temperature: 0.3 noise parameter: 2.0
********************Start from stage I
Step 400, BEST PSNR: 24.727753, Total loss 0.313531 with its rate 0.38516637682914734 latent_bits 201938.109375

🔁 Stage-1 Training Candidate 6/7
Quantizer parameter: encoding gain  16
total pixel: 524288
Get Mod with shape torch.Size([1, 1, 8, 16]) at layer: 1
Get Mod with shape torch.Size([1, 1, 16, 32]) at layer: 2
Get Mod with shape torch.Size([1, 1, 32, 64]) at layer: 3
Get Mod with shape torch.Size([1, 1, 64, 128]) at layer: 4
Get Mod with shape torch.Size([1, 1, 128, 256]) at layer: 5
Get Mod with shape torch.Size([1, 1, 256, 512]) at layer: 6
Get Mod with shape torch.Size([1, 1, 512, 1024]) at layer: 7
start temperature: 0.3 noise parameter: 2.0
end temperature: 0.3 noise parameter: 2.0
********************Start from stage I
Step 400, BEST PSNR: 25.179390, Total loss 0.313988 with its rate 0.39356446266174316 latent_bits 206341.125

🔁 Stage-1 Training Candidate 7/7
Quantizer parameter: encoding gain  16
total pixel: 524288
Get Mod with shape torch.Size([1, 1, 8, 16]) at layer: 1
Get Mod with shape torch.Size([1, 1, 16, 32]) at layer: 2
Get Mod with shape torch.Size([1, 1, 32, 64]) at layer: 3
Get Mod with shape torch.Size([1, 1, 64, 128]) at layer: 4
Get Mod with shape torch.Size([1, 1, 128, 256]) at layer: 5
Get Mod with shape torch.Size([1, 1, 256, 512]) at layer: 6
Get Mod with shape torch.Size([1, 1, 512, 1024]) at layer: 7
start temperature: 0.3 noise parameter: 2.0
end temperature: 0.3 noise parameter: 2.0
********************Start from stage I
Step 400, BEST PSNR: 25.082545, Total loss 0.314015 with its rate 0.3863406777381897 latent_bits 202553.78125

🌟 Selected Top-3 Candidates by RD cost

🎯 Stage-2 Refining Candidate 1/3
start temperature: 0.3 noise parameter: 2.0
end temperature: 0.3 noise parameter: 2.0
********************Start from stage I
Step 400, BEST PSNR: 25.028210, Total loss 0.317179 with its rate 0.4188838601112366 latent_bits 219615.78125

🎯 Stage-2 Refining Candidate 2/3
start temperature: 0.3 noise parameter: 2.0
end temperature: 0.3 noise parameter: 2.0
********************Start from stage I
Step 400, BEST PSNR: 25.666729, Total loss 0.313575 with its rate 0.41168874502182007 latent_bits 215843.46875

🎯 Stage-2 Refining Candidate 3/3
start temperature: 0.3 noise parameter: 2.0
end temperature: 0.3 noise parameter: 2.0
********************Start from stage I
Step 400, BEST PSNR: 25.268611, Total loss 0.313314 with its rate 0.4103545844554901 latent_bits 215143.984375

🏆 Best Candidate Final PSNR: 25.27, Rate: 0.4104
Masked_INR(
  (upsampling_2d): Upsampling(
    (conv_transpose2d): UpsamplingConvTranspose2d()
  )
  (arm): Arm(
    (mlp): Sequential(
      (0): ArmConv(
        (conv1_1): Conv1d(16, 16, kernel_size=(1,), stride=(1,))
      )
      (1): GELU(approximate='none')
      (2): ArmConv(
        (conv1_1): Conv1d(16, 16, kernel_size=(1,), stride=(1,))
      )
      (3): GELU(approximate='none')
      (4): ArmConv(
        (conv1_1): Conv1d(16, 2, kernel_size=(1,), stride=(1,))
      )
    )
  )
  (conv_mod): LocalGlobalBlock(
    (net): Sequential(
      (0): SynthesisLayer(
        (pad): Identity()
        (conv_layer): SWHDC(
          (conv): Conv2d(2, 3, kernel_size=(3, 3), stride=(1, 1))
        )
        (non_linearity): GELU(approximate='none')
      )
      (1): SynthesisResidualLayer(
        (pad): ReplicationPad2d((0, 0, 0, 0))
        (conv_layer): Conv2d(3, 3, kernel_size=(1, 1), stride=(1, 1))
        (non_linearity): GELU(approximate='none')
      )
      (2): SynthesisResidualLayer(
        (pad): ReplicationPad2d((0, 0, 0, 0))
        (conv_layer): Conv2d(3, 3, kernel_size=(1, 1), stride=(1, 1))
        (non_linearity): GELU(approximate='none')
      )
      (3): SynthesisResidualLayer(
        (pad): ReplicationPad2d((0, 0, 0, 0))
        (conv_layer): Conv2d(3, 3, kernel_size=(1, 1), stride=(1, 1))
        (non_linearity): Identity()
      )
    )
    (global_net): Sequential(
      (0): SynthesisLayer(
        (pad): Identity()
        (conv_layer): SWHDC(
          (conv): Conv2d(2, 3, kernel_size=(3, 3), stride=(1, 1))
        )
        (non_linearity): GELU(approximate='none')
      )
      (1): SynthesisResidualLayer(
        (pad): ReplicationPad2d((0, 0, 0, 0))
        (conv_layer): Conv2d(3, 3, kernel_size=(1, 1), stride=(1, 1))
        (non_linearity): GELU(approximate='none')
      )
      (2): SynthesisResidualLayer(
        (pad): ReplicationPad2d((0, 0, 0, 0))
        (conv_layer): Conv2d(3, 3, kernel_size=(1, 1), stride=(1, 1))
        (non_linearity): GELU(approximate='none')
      )
      (3): SynthesisResidualLayer(
        (pad): ReplicationPad2d((0, 0, 0, 0))
        (conv_layer): Conv2d(3, 3, kernel_size=(1, 1), stride=(1, 1))
        (non_linearity): Identity()
      )
    )
    (agg_func): Sequential(
      (0): SynthesisLayer(
        (pad): ReplicationPad2d((0, 0, 0, 0))
        (conv_layer): Conv2d(18, 3, kernel_size=(1, 1), stride=(1, 1))
        (non_linearity): GELU(approximate='none')
      )
      (1): SynthesisLayer(
        (pad): ReplicationPad2d((0, 0, 0, 0))
        (conv_layer): Conv2d(21, 3, kernel_size=(1, 1), stride=(1, 1))
        (non_linearity): GELU(approximate='none')
      )
      (2): SynthesisLayer(
        (pad): ReplicationPad2d((0, 0, 0, 0))
        (conv_layer): Conv2d(24, 3, kernel_size=(1, 1), stride=(1, 1))
        (non_linearity): GELU(approximate='none')
      )
    )
    (full_net): Sequential(
      (0): SynthesisLayer(
        (pad): ReplicationPad2d((0, 0, 0, 0))
        (conv_layer): Conv2d(7, 12, kernel_size=(1, 1), stride=(1, 1))
        (non_linearity): GELU(approximate='none')
      )
      (1): SynthesisLayer(
        (pad): ReplicationPad2d((0, 0, 0, 0))
        (conv_layer): Conv2d(12, 3, kernel_size=(1, 1), stride=(1, 1))
        (non_linearity): GELU(approximate='none')
      )
      (2): SynthesisResidualLayer(
        (conv_layer): Conv2d(3, 3, kernel_size=(3, 3), stride=(1, 1))
        (non_linearity): GELU(approximate='none')
      )
      (3): SynthesisResidualLayer(
        (conv_layer): Conv2d(3, 3, kernel_size=(3, 3), stride=(1, 1))
        (non_linearity): GELU(approximate='none')
      )
    )
  )
  (modulation_sf): ParameterList(
      (0): Parameter containing: [torch.float32 of size 1x1x8x16 (cuda:0)]
      (1): Parameter containing: [torch.float32 of size 1x1x16x32 (cuda:0)]
      (2): Parameter containing: [torch.float32 of size 1x1x32x64 (cuda:0)]
      (3): Parameter containing: [torch.float32 of size 1x1x64x128 (cuda:0)]
      (4): Parameter containing: [torch.float32 of size 1x1x128x256 (cuda:0)]
      (5): Parameter containing: [torch.float32 of size 1x1x256x512 (cuda:0)]
      (6): Parameter containing: [torch.float32 of size 1x1x512x1024 (cuda:0)]
  )
)
train the 20 -th image
start temperature: 0.3 noise parameter: 2.0
end temperature: 0.1 noise parameter: 1.0
********************Start from stage I
********************going into stage II
eval_object_psnr: 31.996939469446904
eval_background_psnr: 27.715928068631513
eval_background_psnr: 27.715928068631513
********************Evaluation the Image 20-th, after Step 9999, BEST PSNR: 26.335826, Print rate 0.291282. *************************
Saved model at ./saved/modbase_7/context_16_arm_mod_16/sparity_0.0/inr_mod_16KODAK_ROI_Global_new_struture_7_12_3_33_orderconcat_operator_0_pw_0.4_img_object20.pth
Trained the image with PSNR: 26.335826148629934  latent bits 0.29128170013427734 latent bits number 152715.5
[28.360550768670162, 26.452681455281706, 29.17189297378877, 29.932168038536503, 26.335826148629934]
[0.1866668164730072, 0.29881906509399414, 0.22744202613830566, 0.12508106231689453, 0.29128170013427734]
[97867.171875, 156667.25, 119245.125, 65578.5, 152715.5]
load the model: ./saved/modbase_7/context_16_arm_mod_16/sparity_0.0/inr_mod_16KODAK_ROI_Global_new_struture_7_12_3_33_orderconcat_operator_0_pw_0.4_img_object20.pth for the  20 -th image
********************Evalutation with quantization
********************Starting quantizing models
eval_object_psnr: 31.195874310031027
full_image_psnr: 25.393495639967437
object_psnr: 31.195874310031027
background_psnr: 26.72691856899985
********************Evaluation the Image 20-th, BEST PSNR: 25.393496, Print rate 0.291858, Network rate 0.018530. *************************
eval_wsssim: 0.853609
Decoded image saved to ./experiments/wsssim_tunado_full_regime/decoded_images/othim21_maskerp_wsmse0_swhdc1_erp1_lambda0.4.png
Evaluate the image: PSNR: 25.393495639967437 All bits: 0.31038764119148254  latent bits: 0.2918577492237091  network bits: 0.018529891967773438
Evaluate arm network bits: 0.009363174438476562 Evaluate synthesis network bits: 0.008758544921875
Image All bits num: 162732.515625 latent bits num: 153017.515625 mlp bits num: 9715.0 border bits num:
arm bits num: 4909.0 synthesis bits num: 4592.0
[27.34860601611464, 25.9571952040739, 27.366994921077094, 28.97155179025008, 25.393495639967437]
[0.2060251086950302, 0.3178638815879822, 0.24653030931949615, 0.14386186003684998, 0.31038764119148254]
[108016.4921875, 166652.21875, 129252.8828125, 75425.046875, 162732.515625]
Metrics saved to ./experiments/wsssim_tunado_full_regime/results.csv
Current eval Ave PSNR: 27.007568714296628 Ave Bits 0.24493376016616822
Namespace(batch_size=1, lr=0.01, data='../data', sparsity=0.0, local_upsampling_kernel_size=8, upsampling_kernel_size=8, static_upsampling_kernel=False, latent_factor=1, mod_base=7, highest_flag=1, context_arm=16, dim_arm_mod=16, use_candidate=True, type='other', mod_hid_layer=0, sythesis_features=12, hidden_features=64, hidden_layer=2, scale=1, lambda_rate=0.4, lambda_rate_list=[0.1, 0.2, 0.4, 0.8], start_index=0, mask_type='erp', wsmse_tag=0, swhdc_tag=1, swhdc_dilations=[1, 2, 3, 4], erp_padding=1, workdir='./experiments/wsssim_tunado_full_regime', train_steps_1=100000, train_steps_2=10000, loss_type='combined', lambda_dist=0.0, lambda_percep=1.0, patch_h=512, patch_w=1024, all_pix_num=524288, eval_pix_num=524288)
Directory './saved/modbase_7/context_16_arm_mod_16' already exists.
Directory './saved/modbase_7/context_16_arm_mod_16/sparity_0.0' already exists.
top %: 0.0

🔁 Stage-1 Training Candidate 1/7
Quantizer parameter: encoding gain  16
total pixel: 524288
Get Mod with shape torch.Size([1, 1, 8, 16]) at layer: 1
Get Mod with shape torch.Size([1, 1, 16, 32]) at layer: 2
Get Mod with shape torch.Size([1, 1, 32, 64]) at layer: 3
Get Mod with shape torch.Size([1, 1, 64, 128]) at layer: 4
Get Mod with shape torch.Size([1, 1, 128, 256]) at layer: 5
Get Mod with shape torch.Size([1, 1, 256, 512]) at layer: 6
Get Mod with shape torch.Size([1, 1, 512, 1024]) at layer: 7
start temperature: 0.3 noise parameter: 2.0
end temperature: 0.3 noise parameter: 2.0
********************Start from stage I
Step 400, BEST PSNR: 22.140448, Total loss 0.322594 with its rate 0.33189857006073 latent_bits 174010.4375

🔁 Stage-1 Training Candidate 2/7
Quantizer parameter: encoding gain  16
total pixel: 524288
Get Mod with shape torch.Size([1, 1, 8, 16]) at layer: 1
Get Mod with shape torch.Size([1, 1, 16, 32]) at layer: 2
Get Mod with shape torch.Size([1, 1, 32, 64]) at layer: 3
Get Mod with shape torch.Size([1, 1, 64, 128]) at layer: 4
Get Mod with shape torch.Size([1, 1, 128, 256]) at layer: 5
Get Mod with shape torch.Size([1, 1, 256, 512]) at layer: 6
Get Mod with shape torch.Size([1, 1, 512, 1024]) at layer: 7
start temperature: 0.3 noise parameter: 2.0
end temperature: 0.3 noise parameter: 2.0
********************Start from stage I
Step 400, BEST PSNR: 23.006844, Total loss 0.321309 with its rate 0.3357333540916443 latent_bits 176020.96875

🔁 Stage-1 Training Candidate 3/7
Quantizer parameter: encoding gain  16
total pixel: 524288
Get Mod with shape torch.Size([1, 1, 8, 16]) at layer: 1
Get Mod with shape torch.Size([1, 1, 16, 32]) at layer: 2
Get Mod with shape torch.Size([1, 1, 32, 64]) at layer: 3
Get Mod with shape torch.Size([1, 1, 64, 128]) at layer: 4
Get Mod with shape torch.Size([1, 1, 128, 256]) at layer: 5
Get Mod with shape torch.Size([1, 1, 256, 512]) at layer: 6
Get Mod with shape torch.Size([1, 1, 512, 1024]) at layer: 7
start temperature: 0.3 noise parameter: 2.0
end temperature: 0.3 noise parameter: 2.0
********************Start from stage I
Step 400, BEST PSNR: 23.241268, Total loss 0.311193 with its rate 0.3215946555137634 latent_bits 168608.21875

🔁 Stage-1 Training Candidate 4/7
Quantizer parameter: encoding gain  16
total pixel: 524288
Get Mod with shape torch.Size([1, 1, 8, 16]) at layer: 1
Get Mod with shape torch.Size([1, 1, 16, 32]) at layer: 2
Get Mod with shape torch.Size([1, 1, 32, 64]) at layer: 3
Get Mod with shape torch.Size([1, 1, 64, 128]) at layer: 4
Get Mod with shape torch.Size([1, 1, 128, 256]) at layer: 5
Get Mod with shape torch.Size([1, 1, 256, 512]) at layer: 6
Get Mod with shape torch.Size([1, 1, 512, 1024]) at layer: 7
start temperature: 0.3 noise parameter: 2.0
end temperature: 0.3 noise parameter: 2.0
********************Start from stage I
Step 400, BEST PSNR: 23.119463, Total loss 0.312535 with its rate 0.3199818432331085 latent_bits 167762.640625

🔁 Stage-1 Training Candidate 5/7
Quantizer parameter: encoding gain  16
total pixel: 524288
Get Mod with shape torch.Size([1, 1, 8, 16]) at layer: 1
Get Mod with shape torch.Size([1, 1, 16, 32]) at layer: 2
Get Mod with shape torch.Size([1, 1, 32, 64]) at layer: 3
Get Mod with shape torch.Size([1, 1, 64, 128]) at layer: 4
Get Mod with shape torch.Size([1, 1, 128, 256]) at layer: 5
Get Mod with shape torch.Size([1, 1, 256, 512]) at layer: 6
Get Mod with shape torch.Size([1, 1, 512, 1024]) at layer: 7
start temperature: 0.3 noise parameter: 2.0
end temperature: 0.3 noise parameter: 2.0
********************Start from stage I
Step 400, BEST PSNR: 23.283071, Total loss 0.313310 with its rate 0.32583123445510864 latent_bits 170829.40625

🔁 Stage-1 Training Candidate 6/7
Quantizer parameter: encoding gain  16
total pixel: 524288
Get Mod with shape torch.Size([1, 1, 8, 16]) at layer: 1
Get Mod with shape torch.Size([1, 1, 16, 32]) at layer: 2
Get Mod with shape torch.Size([1, 1, 32, 64]) at layer: 3
Get Mod with shape torch.Size([1, 1, 64, 128]) at layer: 4
Get Mod with shape torch.Size([1, 1, 128, 256]) at layer: 5
Get Mod with shape torch.Size([1, 1, 256, 512]) at layer: 6
Get Mod with shape torch.Size([1, 1, 512, 1024]) at layer: 7
start temperature: 0.3 noise parameter: 2.0
end temperature: 0.3 noise parameter: 2.0
********************Start from stage I
Step 400, BEST PSNR: 23.134339, Total loss 0.315447 with its rate 0.3323967754840851 latent_bits 174271.640625

🔁 Stage-1 Training Candidate 7/7
Quantizer parameter: encoding gain  16
total pixel: 524288
Get Mod with shape torch.Size([1, 1, 8, 16]) at layer: 1
Get Mod with shape torch.Size([1, 1, 16, 32]) at layer: 2
Get Mod with shape torch.Size([1, 1, 32, 64]) at layer: 3
Get Mod with shape torch.Size([1, 1, 64, 128]) at layer: 4
Get Mod with shape torch.Size([1, 1, 128, 256]) at layer: 5
Get Mod with shape torch.Size([1, 1, 256, 512]) at layer: 6
Get Mod with shape torch.Size([1, 1, 512, 1024]) at layer: 7
start temperature: 0.3 noise parameter: 2.0
end temperature: 0.3 noise parameter: 2.0
********************Start from stage I
Step 400, BEST PSNR: 23.072764, Total loss 0.318215 with its rate 0.3398582637310028 latent_bits 178183.609375

🌟 Selected Top-3 Candidates by RD cost

🎯 Stage-2 Refining Candidate 1/3
start temperature: 0.3 noise parameter: 2.0
end temperature: 0.3 noise parameter: 2.0
********************Start from stage I
Step 400, BEST PSNR: 23.588352, Total loss 0.314611 with its rate 0.3529369533061981 latent_bits 185040.609375

🎯 Stage-2 Refining Candidate 2/3
start temperature: 0.3 noise parameter: 2.0
end temperature: 0.3 noise parameter: 2.0
********************Start from stage I
Step 400, BEST PSNR: 23.453713, Total loss 0.315480 with its rate 0.3492740988731384 latent_bits 183120.21875

🎯 Stage-2 Refining Candidate 3/3
start temperature: 0.3 noise parameter: 2.0
end temperature: 0.3 noise parameter: 2.0
********************Start from stage I
Step 400, BEST PSNR: 23.837363, Total loss 0.313665 with its rate 0.3567810654640198 latent_bits 187056.03125

🏆 Best Candidate Final PSNR: 23.84, Rate: 0.3568
Masked_INR(
  (upsampling_2d): Upsampling(
    (conv_transpose2d): UpsamplingConvTranspose2d()
  )
  (arm): Arm(
    (mlp): Sequential(
      (0): ArmConv(
        (conv1_1): Conv1d(16, 16, kernel_size=(1,), stride=(1,))
      )
      (1): GELU(approximate='none')
      (2): ArmConv(
        (conv1_1): Conv1d(16, 16, kernel_size=(1,), stride=(1,))
      )
      (3): GELU(approximate='none')
      (4): ArmConv(
        (conv1_1): Conv1d(16, 2, kernel_size=(1,), stride=(1,))
      )
    )
  )
  (conv_mod): LocalGlobalBlock(
    (net): Sequential(
      (0): SynthesisLayer(
        (pad): Identity()
        (conv_layer): SWHDC(
          (conv): Conv2d(2, 3, kernel_size=(3, 3), stride=(1, 1))
        )
        (non_linearity): GELU(approximate='none')
      )
      (1): SynthesisResidualLayer(
        (pad): ReplicationPad2d((0, 0, 0, 0))
        (conv_layer): Conv2d(3, 3, kernel_size=(1, 1), stride=(1, 1))
        (non_linearity): GELU(approximate='none')
      )
      (2): SynthesisResidualLayer(
        (pad): ReplicationPad2d((0, 0, 0, 0))
        (conv_layer): Conv2d(3, 3, kernel_size=(1, 1), stride=(1, 1))
        (non_linearity): GELU(approximate='none')
      )
      (3): SynthesisResidualLayer(
        (pad): ReplicationPad2d((0, 0, 0, 0))
        (conv_layer): Conv2d(3, 3, kernel_size=(1, 1), stride=(1, 1))
        (non_linearity): Identity()
      )
    )
    (global_net): Sequential(
      (0): SynthesisLayer(
        (pad): Identity()
        (conv_layer): SWHDC(
          (conv): Conv2d(2, 3, kernel_size=(3, 3), stride=(1, 1))
        )
        (non_linearity): GELU(approximate='none')
      )
      (1): SynthesisResidualLayer(
        (pad): ReplicationPad2d((0, 0, 0, 0))
        (conv_layer): Conv2d(3, 3, kernel_size=(1, 1), stride=(1, 1))
        (non_linearity): GELU(approximate='none')
      )
      (2): SynthesisResidualLayer(
        (pad): ReplicationPad2d((0, 0, 0, 0))
        (conv_layer): Conv2d(3, 3, kernel_size=(1, 1), stride=(1, 1))
        (non_linearity): GELU(approximate='none')
      )
      (3): SynthesisResidualLayer(
        (pad): ReplicationPad2d((0, 0, 0, 0))
        (conv_layer): Conv2d(3, 3, kernel_size=(1, 1), stride=(1, 1))
        (non_linearity): Identity()
      )
    )
    (agg_func): Sequential(
      (0): SynthesisLayer(
        (pad): ReplicationPad2d((0, 0, 0, 0))
        (conv_layer): Conv2d(18, 3, kernel_size=(1, 1), stride=(1, 1))
        (non_linearity): GELU(approximate='none')
      )
      (1): SynthesisLayer(
        (pad): ReplicationPad2d((0, 0, 0, 0))
        (conv_layer): Conv2d(21, 3, kernel_size=(1, 1), stride=(1, 1))
        (non_linearity): GELU(approximate='none')
      )
      (2): SynthesisLayer(
        (pad): ReplicationPad2d((0, 0, 0, 0))
        (conv_layer): Conv2d(24, 3, kernel_size=(1, 1), stride=(1, 1))
        (non_linearity): GELU(approximate='none')
      )
    )
    (full_net): Sequential(
      (0): SynthesisLayer(
        (pad): ReplicationPad2d((0, 0, 0, 0))
        (conv_layer): Conv2d(7, 12, kernel_size=(1, 1), stride=(1, 1))
        (non_linearity): GELU(approximate='none')
      )
      (1): SynthesisLayer(
        (pad): ReplicationPad2d((0, 0, 0, 0))
        (conv_layer): Conv2d(12, 3, kernel_size=(1, 1), stride=(1, 1))
        (non_linearity): GELU(approximate='none')
      )
      (2): SynthesisResidualLayer(
        (conv_layer): Conv2d(3, 3, kernel_size=(3, 3), stride=(1, 1))
        (non_linearity): GELU(approximate='none')
      )
      (3): SynthesisResidualLayer(
        (conv_layer): Conv2d(3, 3, kernel_size=(3, 3), stride=(1, 1))
        (non_linearity): GELU(approximate='none')
      )
    )
  )
  (modulation_sf): ParameterList(
      (0): Parameter containing: [torch.float32 of size 1x1x8x16 (cuda:0)]
      (1): Parameter containing: [torch.float32 of size 1x1x16x32 (cuda:0)]
      (2): Parameter containing: [torch.float32 of size 1x1x32x64 (cuda:0)]
      (3): Parameter containing: [torch.float32 of size 1x1x64x128 (cuda:0)]
      (4): Parameter containing: [torch.float32 of size 1x1x128x256 (cuda:0)]
      (5): Parameter containing: [torch.float32 of size 1x1x256x512 (cuda:0)]
      (6): Parameter containing: [torch.float32 of size 1x1x512x1024 (cuda:0)]
  )
)
train the 25 -th image
start temperature: 0.3 noise parameter: 2.0
end temperature: 0.1 noise parameter: 1.0
********************Start from stage I
********************going into stage II
eval_object_psnr: 32.34928746142831
eval_background_psnr: 25.55205288966774
eval_background_psnr: 25.55205288966774
********************Evaluation the Image 25-th, after Step 9999, BEST PSNR: 24.727489, Print rate 0.252678. *************************
Saved model at ./saved/modbase_7/context_16_arm_mod_16/sparity_0.0/inr_mod_16KODAK_ROI_Global_new_struture_7_12_3_33_orderconcat_operator_0_pw_0.4_img_object25.pth
Trained the image with PSNR: 24.727488695814113  latent bits 0.2526784837245941 latent bits number 132476.296875
[28.360550768670162, 26.452681455281706, 29.17189297378877, 29.932168038536503, 26.335826148629934, 24.727488695814113]
[0.1866668164730072, 0.29881906509399414, 0.22744202613830566, 0.12508106231689453, 0.29128170013427734, 0.2526784837245941]
[97867.171875, 156667.25, 119245.125, 65578.5, 152715.5, 132476.296875]
load the model: ./saved/modbase_7/context_16_arm_mod_16/sparity_0.0/inr_mod_16KODAK_ROI_Global_new_struture_7_12_3_33_orderconcat_operator_0_pw_0.4_img_object25.pth for the  25 -th image
********************Evalutation with quantization
********************Starting quantizing models
eval_object_psnr: 31.792277539222123
full_image_psnr: 24.34274931146283
object_psnr: 31.792277539222123
background_psnr: 25.204394662954737
********************Evaluation the Image 25-th, BEST PSNR: 24.342749, Print rate 0.253285, Network rate 0.019863. *************************
eval_wsssim: 0.847783
Decoded image saved to ./experiments/wsssim_tunado_full_regime/decoded_images/othim26_maskerp_wsmse0_swhdc1_erp1_lambda0.4.png
Evaluate the image: PSNR: 24.34274931146283 All bits: 0.2731480300426483  latent bits: 0.25328490138053894  network bits: 0.019863128662109375
Evaluate arm network bits: 0.009250640869140625 Evaluate synthesis network bits: 0.010095596313476562
Image All bits num: 143208.234375 latent bits num: 132794.234375 mlp bits num: 10414.0 border bits num:
arm bits num: 4850.0 synthesis bits num: 5293.0
[27.34860601611464, 25.9571952040739, 27.366994921077094, 28.97155179025008, 25.393495639967437, 24.34274931146283]
[0.2060251086950302, 0.3178638815879822, 0.24653030931949615, 0.14386186003684998, 0.31038764119148254, 0.2731480300426483]
[108016.4921875, 166652.21875, 129252.8828125, 75425.046875, 162732.515625, 143208.234375]
Metrics saved to ./experiments/wsssim_tunado_full_regime/results.csv
Current eval Ave PSNR: 26.56343214715766 Ave Bits 0.2496361384789149
.......Copmlete all dataset training......
Ave Training PSNR: 27.496768013453533 Ave Training Bits 0.23032819231351218
Training PSNR: [28.360550768670162, 26.452681455281706, 29.17189297378877, 29.932168038536503, 26.335826148629934, 24.727488695814113]
Training rate: [0.1866668164730072, 0.29881906509399414, 0.22744202613830566, 0.12508106231689453, 0.29128170013427734, 0.2526784837245941]
Evalutation: Ave Eval PSNR: 26.56343214715766 Ave Eval all bits: 0.2496361384789149 Ave Eval Bits 0.23111514747142792 Ave Eval Network 0.01852099100748698
Eval All PSNR: [27.34860601611464, 25.9571952040739, 27.366994921077094, 28.97155179025008, 25.393495639967437, 24.34274931146283]
Eval All rate [0.2060251086950302, 0.3178638815879822, 0.24653030931949615, 0.14386186003684998, 0.31038764119148254, 0.2731480300426483]
Eval Latent rate [0.18801020085811615, 0.2992863059043884, 0.22789360582828522, 0.12635812163352966, 0.2918577492237091, 0.25328490138053894]
Eval MLP rate [0.018014907836914062, 0.01857757568359375, 0.018636703491210938, 0.017503738403320312, 0.018529891967773438, 0.019863128662109375]
Namespace(batch_size=1, lr=0.01, data='../data', sparsity=0.0, local_upsampling_kernel_size=8, upsampling_kernel_size=8, static_upsampling_kernel=False, latent_factor=1, mod_base=7, highest_flag=1, context_arm=16, dim_arm_mod=16, use_candidate=True, type='other', mod_hid_layer=0, sythesis_features=12, hidden_features=64, hidden_layer=2, scale=1, lambda_rate=0.8, lambda_rate_list=[0.1, 0.2, 0.4, 0.8], start_index=0, mask_type='erp', wsmse_tag=0, swhdc_tag=1, swhdc_dilations=[1, 2, 3, 4], erp_padding=1, workdir='./experiments/wsssim_tunado_full_regime', train_steps_1=100000, train_steps_2=10000, loss_type='combined', lambda_dist=0.0, lambda_percep=1.0, patch_h=512, patch_w=1024, all_pix_num=524288, eval_pix_num=524288)
Directory './saved/modbase_7/context_16_arm_mod_16' already exists.
Directory './saved/modbase_7/context_16_arm_mod_16/sparity_0.0' already exists.
top %: 0.0

🔁 Stage-1 Training Candidate 1/7
Quantizer parameter: encoding gain  16
total pixel: 524288
Get Mod with shape torch.Size([1, 1, 8, 16]) at layer: 1
Get Mod with shape torch.Size([1, 1, 16, 32]) at layer: 2
Get Mod with shape torch.Size([1, 1, 32, 64]) at layer: 3
Get Mod with shape torch.Size([1, 1, 64, 128]) at layer: 4
Get Mod with shape torch.Size([1, 1, 128, 256]) at layer: 5
Get Mod with shape torch.Size([1, 1, 256, 512]) at layer: 6
Get Mod with shape torch.Size([1, 1, 512, 1024]) at layer: 7
start temperature: 0.3 noise parameter: 2.0
end temperature: 0.3 noise parameter: 2.0
********************Start from stage I
Step 400, BEST PSNR: 24.441933, Total loss 0.334218 with its rate 0.17549894750118256 latent_bits 92011.9921875

🔁 Stage-1 Training Candidate 2/7
Quantizer parameter: encoding gain  16
total pixel: 524288
Get Mod with shape torch.Size([1, 1, 8, 16]) at layer: 1
Get Mod with shape torch.Size([1, 1, 16, 32]) at layer: 2
Get Mod with shape torch.Size([1, 1, 32, 64]) at layer: 3
Get Mod with shape torch.Size([1, 1, 64, 128]) at layer: 4
Get Mod with shape torch.Size([1, 1, 128, 256]) at layer: 5
Get Mod with shape torch.Size([1, 1, 256, 512]) at layer: 6
Get Mod with shape torch.Size([1, 1, 512, 1024]) at layer: 7
start temperature: 0.3 noise parameter: 2.0
end temperature: 0.3 noise parameter: 2.0
********************Start from stage I
Step 400, BEST PSNR: 24.809136, Total loss 0.324778 with its rate 0.16146515309810638 latent_bits 84654.2421875

🔁 Stage-1 Training Candidate 3/7
Quantizer parameter: encoding gain  16
total pixel: 524288
Get Mod with shape torch.Size([1, 1, 8, 16]) at layer: 1
Get Mod with shape torch.Size([1, 1, 16, 32]) at layer: 2
Get Mod with shape torch.Size([1, 1, 32, 64]) at layer: 3
Get Mod with shape torch.Size([1, 1, 64, 128]) at layer: 4
Get Mod with shape torch.Size([1, 1, 128, 256]) at layer: 5
Get Mod with shape torch.Size([1, 1, 256, 512]) at layer: 6
Get Mod with shape torch.Size([1, 1, 512, 1024]) at layer: 7
start temperature: 0.3 noise parameter: 2.0
end temperature: 0.3 noise parameter: 2.0
********************Start from stage I
Step 400, BEST PSNR: 24.468196, Total loss 0.334192 with its rate 0.1687459945678711 latent_bits 88471.5

🔁 Stage-1 Training Candidate 4/7
Quantizer parameter: encoding gain  16
total pixel: 524288
Get Mod with shape torch.Size([1, 1, 8, 16]) at layer: 1
Get Mod with shape torch.Size([1, 1, 16, 32]) at layer: 2
Get Mod with shape torch.Size([1, 1, 32, 64]) at layer: 3
Get Mod with shape torch.Size([1, 1, 64, 128]) at layer: 4
Get Mod with shape torch.Size([1, 1, 128, 256]) at layer: 5
Get Mod with shape torch.Size([1, 1, 256, 512]) at layer: 6
Get Mod with shape torch.Size([1, 1, 512, 1024]) at layer: 7
start temperature: 0.3 noise parameter: 2.0
end temperature: 0.3 noise parameter: 2.0
********************Start from stage I
Step 400, BEST PSNR: 24.767207, Total loss 0.336567 with its rate 0.18098735809326172 latent_bits 94889.5

🔁 Stage-1 Training Candidate 5/7
Quantizer parameter: encoding gain  16
total pixel: 524288
Get Mod with shape torch.Size([1, 1, 8, 16]) at layer: 1
Get Mod with shape torch.Size([1, 1, 16, 32]) at layer: 2
Get Mod with shape torch.Size([1, 1, 32, 64]) at layer: 3
Get Mod with shape torch.Size([1, 1, 64, 128]) at layer: 4
Get Mod with shape torch.Size([1, 1, 128, 256]) at layer: 5
Get Mod with shape torch.Size([1, 1, 256, 512]) at layer: 6
Get Mod with shape torch.Size([1, 1, 512, 1024]) at layer: 7
start temperature: 0.3 noise parameter: 2.0
end temperature: 0.3 noise parameter: 2.0
********************Start from stage I
Step 400, BEST PSNR: 24.957000, Total loss 0.337592 with its rate 0.18035925924777985 latent_bits 94560.1953125

🔁 Stage-1 Training Candidate 6/7
Quantizer parameter: encoding gain  16
total pixel: 524288
Get Mod with shape torch.Size([1, 1, 8, 16]) at layer: 1
Get Mod with shape torch.Size([1, 1, 16, 32]) at layer: 2
Get Mod with shape torch.Size([1, 1, 32, 64]) at layer: 3
Get Mod with shape torch.Size([1, 1, 64, 128]) at layer: 4
Get Mod with shape torch.Size([1, 1, 128, 256]) at layer: 5
Get Mod with shape torch.Size([1, 1, 256, 512]) at layer: 6
Get Mod with shape torch.Size([1, 1, 512, 1024]) at layer: 7
start temperature: 0.3 noise parameter: 2.0
end temperature: 0.3 noise parameter: 2.0
********************Start from stage I
Step 400, BEST PSNR: 24.241154, Total loss 0.336915 with its rate 0.17704713344573975 latent_bits 92823.6875

🔁 Stage-1 Training Candidate 7/7
Quantizer parameter: encoding gain  16
total pixel: 524288
Get Mod with shape torch.Size([1, 1, 8, 16]) at layer: 1
Get Mod with shape torch.Size([1, 1, 16, 32]) at layer: 2
Get Mod with shape torch.Size([1, 1, 32, 64]) at layer: 3
Get Mod with shape torch.Size([1, 1, 64, 128]) at layer: 4
Get Mod with shape torch.Size([1, 1, 128, 256]) at layer: 5
Get Mod with shape torch.Size([1, 1, 256, 512]) at layer: 6
Get Mod with shape torch.Size([1, 1, 512, 1024]) at layer: 7
start temperature: 0.3 noise parameter: 2.0
end temperature: 0.3 noise parameter: 2.0
********************Start from stage I
Step 400, BEST PSNR: 24.552735, Total loss 0.338953 with its rate 0.1846352219581604 latent_bits 96802.03125

🌟 Selected Top-3 Candidates by RD cost

🎯 Stage-2 Refining Candidate 1/3
start temperature: 0.3 noise parameter: 2.0
end temperature: 0.3 noise parameter: 2.0
********************Start from stage I
Step 400, BEST PSNR: 25.482080, Total loss 0.353114 with its rate 0.21255241334438324 latent_bits 111438.6796875

🎯 Stage-2 Refining Candidate 2/3
start temperature: 0.3 noise parameter: 2.0
end temperature: 0.3 noise parameter: 2.0
********************Start from stage I
Step 400, BEST PSNR: 24.911127, Total loss 0.353986 with its rate 0.20965519547462463 latent_bits 109919.703125

🎯 Stage-2 Refining Candidate 3/3
start temperature: 0.3 noise parameter: 2.0
end temperature: 0.3 noise parameter: 2.0
********************Start from stage I
Step 400, BEST PSNR: 25.411938, Total loss 0.353871 with its rate 0.21440450847148895 latent_bits 112409.7109375

🏆 Best Candidate Final PSNR: 25.48, Rate: 0.2126
Masked_INR(
  (upsampling_2d): Upsampling(
    (conv_transpose2d): UpsamplingConvTranspose2d()
  )
  (arm): Arm(
    (mlp): Sequential(
      (0): ArmConv(
        (conv1_1): Conv1d(16, 16, kernel_size=(1,), stride=(1,))
      )
      (1): GELU(approximate='none')
      (2): ArmConv(
        (conv1_1): Conv1d(16, 16, kernel_size=(1,), stride=(1,))
      )
      (3): GELU(approximate='none')
      (4): ArmConv(
        (conv1_1): Conv1d(16, 2, kernel_size=(1,), stride=(1,))
      )
    )
  )
  (conv_mod): LocalGlobalBlock(
    (net): Sequential(
      (0): SynthesisLayer(
        (pad): Identity()
        (conv_layer): SWHDC(
          (conv): Conv2d(2, 3, kernel_size=(3, 3), stride=(1, 1))
        )
        (non_linearity): GELU(approximate='none')
      )
      (1): SynthesisResidualLayer(
        (pad): ReplicationPad2d((0, 0, 0, 0))
        (conv_layer): Conv2d(3, 3, kernel_size=(1, 1), stride=(1, 1))
        (non_linearity): GELU(approximate='none')
      )
      (2): SynthesisResidualLayer(
        (pad): ReplicationPad2d((0, 0, 0, 0))
        (conv_layer): Conv2d(3, 3, kernel_size=(1, 1), stride=(1, 1))
        (non_linearity): GELU(approximate='none')
      )
      (3): SynthesisResidualLayer(
        (pad): ReplicationPad2d((0, 0, 0, 0))
        (conv_layer): Conv2d(3, 3, kernel_size=(1, 1), stride=(1, 1))
        (non_linearity): Identity()
      )
    )
    (global_net): Sequential(
      (0): SynthesisLayer(
        (pad): Identity()
        (conv_layer): SWHDC(
          (conv): Conv2d(2, 3, kernel_size=(3, 3), stride=(1, 1))
        )
        (non_linearity): GELU(approximate='none')
      )
      (1): SynthesisResidualLayer(
        (pad): ReplicationPad2d((0, 0, 0, 0))
        (conv_layer): Conv2d(3, 3, kernel_size=(1, 1), stride=(1, 1))
        (non_linearity): GELU(approximate='none')
      )
      (2): SynthesisResidualLayer(
        (pad): ReplicationPad2d((0, 0, 0, 0))
        (conv_layer): Conv2d(3, 3, kernel_size=(1, 1), stride=(1, 1))
        (non_linearity): GELU(approximate='none')
      )
      (3): SynthesisResidualLayer(
        (pad): ReplicationPad2d((0, 0, 0, 0))
        (conv_layer): Conv2d(3, 3, kernel_size=(1, 1), stride=(1, 1))
        (non_linearity): Identity()
      )
    )
    (agg_func): Sequential(
      (0): SynthesisLayer(
        (pad): ReplicationPad2d((0, 0, 0, 0))
        (conv_layer): Conv2d(18, 3, kernel_size=(1, 1), stride=(1, 1))
        (non_linearity): GELU(approximate='none')
      )
      (1): SynthesisLayer(
        (pad): ReplicationPad2d((0, 0, 0, 0))
        (conv_layer): Conv2d(21, 3, kernel_size=(1, 1), stride=(1, 1))
        (non_linearity): GELU(approximate='none')
      )
      (2): SynthesisLayer(
        (pad): ReplicationPad2d((0, 0, 0, 0))
        (conv_layer): Conv2d(24, 3, kernel_size=(1, 1), stride=(1, 1))
        (non_linearity): GELU(approximate='none')
      )
    )
    (full_net): Sequential(
      (0): SynthesisLayer(
        (pad): ReplicationPad2d((0, 0, 0, 0))
        (conv_layer): Conv2d(7, 12, kernel_size=(1, 1), stride=(1, 1))
        (non_linearity): GELU(approximate='none')
      )
      (1): SynthesisLayer(
        (pad): ReplicationPad2d((0, 0, 0, 0))
        (conv_layer): Conv2d(12, 3, kernel_size=(1, 1), stride=(1, 1))
        (non_linearity): GELU(approximate='none')
      )
      (2): SynthesisResidualLayer(
        (conv_layer): Conv2d(3, 3, kernel_size=(3, 3), stride=(1, 1))
        (non_linearity): GELU(approximate='none')
      )
      (3): SynthesisResidualLayer(
        (conv_layer): Conv2d(3, 3, kernel_size=(3, 3), stride=(1, 1))
        (non_linearity): GELU(approximate='none')
      )
    )
  )
  (modulation_sf): ParameterList(
      (0): Parameter containing: [torch.float32 of size 1x1x8x16 (cuda:0)]
      (1): Parameter containing: [torch.float32 of size 1x1x16x32 (cuda:0)]
      (2): Parameter containing: [torch.float32 of size 1x1x32x64 (cuda:0)]
      (3): Parameter containing: [torch.float32 of size 1x1x64x128 (cuda:0)]
      (4): Parameter containing: [torch.float32 of size 1x1x128x256 (cuda:0)]
      (5): Parameter containing: [torch.float32 of size 1x1x256x512 (cuda:0)]
      (6): Parameter containing: [torch.float32 of size 1x1x512x1024 (cuda:0)]
  )
)
train the 0 -th image
start temperature: 0.3 noise parameter: 2.0
end temperature: 0.1 noise parameter: 1.0
********************Start from stage I
********************going into stage II
eval_object_psnr: 33.02552882174944
eval_background_psnr: 27.680494539973395
eval_background_psnr: 27.680494539973395
********************Evaluation the Image 0-th, after Step 9999, BEST PSNR: 26.566816, Print rate 0.107300. *************************
Saved model at ./saved/modbase_7/context_16_arm_mod_16/sparity_0.0/inr_mod_16KODAK_ROI_Global_new_struture_7_12_3_33_orderconcat_operator_0_pw_0.8_img_object0.pth
Trained the image with PSNR: 26.566816391408924  latent bits 0.10729961842298508 latent bits number 56255.90234375
[26.566816391408924]
[0.10729961842298508]
[56255.90234375]
load the model: ./saved/modbase_7/context_16_arm_mod_16/sparity_0.0/inr_mod_16KODAK_ROI_Global_new_struture_7_12_3_33_orderconcat_operator_0_pw_0.8_img_object0.pth for the  0 -th image
********************Evalutation with quantization
********************Starting quantizing models
eval_object_psnr: 31.184897105936994
full_image_psnr: 25.42357093070565
object_psnr: 31.184897105936994
background_psnr: 26.809853365939052
********************Evaluation the Image 0-th, BEST PSNR: 25.423571, Print rate 0.109171, Network rate 0.017208. *************************
eval_wsssim: 0.820292
Decoded image saved to ./experiments/wsssim_tunado_full_regime/decoded_images/othim01_maskerp_wsmse0_swhdc1_erp1_lambda0.8.png
Evaluate the image: PSNR: 25.42357093070565 All bits: 0.12637920677661896  latent bits: 0.10917110741138458  network bits: 0.017208099365234375
Evaluate arm network bits: 0.008182525634765625 Evaluate synthesis network bits: 0.008617401123046875
Image All bits num: 66259.1015625 latent bits num: 57237.1015625 mlp bits num: 9022.0 border bits num:
arm bits num: 4290.0 synthesis bits num: 4518.0
[25.42357093070565]
[0.12637920677661896]
[66259.1015625]
Metrics saved to ./experiments/wsssim_tunado_full_regime/results.csv
Current eval Ave PSNR: 25.42357093070565 Ave Bits 0.12637920677661896
Namespace(batch_size=1, lr=0.01, data='../data', sparsity=0.0, local_upsampling_kernel_size=8, upsampling_kernel_size=8, static_upsampling_kernel=False, latent_factor=1, mod_base=7, highest_flag=1, context_arm=16, dim_arm_mod=16, use_candidate=True, type='other', mod_hid_layer=0, sythesis_features=12, hidden_features=64, hidden_layer=2, scale=1, lambda_rate=0.8, lambda_rate_list=[0.1, 0.2, 0.4, 0.8], start_index=0, mask_type='erp', wsmse_tag=0, swhdc_tag=1, swhdc_dilations=[1, 2, 3, 4], erp_padding=1, workdir='./experiments/wsssim_tunado_full_regime', train_steps_1=100000, train_steps_2=10000, loss_type='combined', lambda_dist=0.0, lambda_percep=1.0, patch_h=512, patch_w=1024, all_pix_num=524288, eval_pix_num=524288)
Directory './saved/modbase_7/context_16_arm_mod_16' already exists.
Directory './saved/modbase_7/context_16_arm_mod_16/sparity_0.0' already exists.
top %: 0.0

🔁 Stage-1 Training Candidate 1/7
Quantizer parameter: encoding gain  16
total pixel: 524288
Get Mod with shape torch.Size([1, 1, 8, 16]) at layer: 1
Get Mod with shape torch.Size([1, 1, 16, 32]) at layer: 2
Get Mod with shape torch.Size([1, 1, 32, 64]) at layer: 3
Get Mod with shape torch.Size([1, 1, 64, 128]) at layer: 4
Get Mod with shape torch.Size([1, 1, 128, 256]) at layer: 5
Get Mod with shape torch.Size([1, 1, 256, 512]) at layer: 6
Get Mod with shape torch.Size([1, 1, 512, 1024]) at layer: 7
start temperature: 0.3 noise parameter: 2.0
end temperature: 0.3 noise parameter: 2.0
********************Start from stage I
Step 400, BEST PSNR: 22.695592, Total loss 0.443028 with its rate 0.2512603998184204 latent_bits 131732.8125

🔁 Stage-1 Training Candidate 2/7
Quantizer parameter: encoding gain  16
total pixel: 524288
Get Mod with shape torch.Size([1, 1, 8, 16]) at layer: 1
Get Mod with shape torch.Size([1, 1, 16, 32]) at layer: 2
Get Mod with shape torch.Size([1, 1, 32, 64]) at layer: 3
Get Mod with shape torch.Size([1, 1, 64, 128]) at layer: 4
Get Mod with shape torch.Size([1, 1, 128, 256]) at layer: 5
Get Mod with shape torch.Size([1, 1, 256, 512]) at layer: 6
Get Mod with shape torch.Size([1, 1, 512, 1024]) at layer: 7
start temperature: 0.3 noise parameter: 2.0
end temperature: 0.3 noise parameter: 2.0
********************Start from stage I
Step 400, BEST PSNR: 23.314239, Total loss 0.449817 with its rate 0.26899856328964233 latent_bits 141032.71875

🔁 Stage-1 Training Candidate 3/7
Quantizer parameter: encoding gain  16
total pixel: 524288
Get Mod with shape torch.Size([1, 1, 8, 16]) at layer: 1
Get Mod with shape torch.Size([1, 1, 16, 32]) at layer: 2
Get Mod with shape torch.Size([1, 1, 32, 64]) at layer: 3
Get Mod with shape torch.Size([1, 1, 64, 128]) at layer: 4
Get Mod with shape torch.Size([1, 1, 128, 256]) at layer: 5
Get Mod with shape torch.Size([1, 1, 256, 512]) at layer: 6
Get Mod with shape torch.Size([1, 1, 512, 1024]) at layer: 7
start temperature: 0.3 noise parameter: 2.0
end temperature: 0.3 noise parameter: 2.0
********************Start from stage I
Step 400, BEST PSNR: 22.808596, Total loss 0.443975 with its rate 0.2545779049396515 latent_bits 133472.140625

🔁 Stage-1 Training Candidate 4/7
Quantizer parameter: encoding gain  16
total pixel: 524288
Get Mod with shape torch.Size([1, 1, 8, 16]) at layer: 1
Get Mod with shape torch.Size([1, 1, 16, 32]) at layer: 2
Get Mod with shape torch.Size([1, 1, 32, 64]) at layer: 3
Get Mod with shape torch.Size([1, 1, 64, 128]) at layer: 4
Get Mod with shape torch.Size([1, 1, 128, 256]) at layer: 5
Get Mod with shape torch.Size([1, 1, 256, 512]) at layer: 6
Get Mod with shape torch.Size([1, 1, 512, 1024]) at layer: 7
start temperature: 0.3 noise parameter: 2.0
end temperature: 0.3 noise parameter: 2.0
********************Start from stage I
Step 400, BEST PSNR: 23.240146, Total loss 0.447395 with its rate 0.26344195008277893 latent_bits 138119.453125

🔁 Stage-1 Training Candidate 5/7
Quantizer parameter: encoding gain  16
total pixel: 524288
Get Mod with shape torch.Size([1, 1, 8, 16]) at layer: 1
Get Mod with shape torch.Size([1, 1, 16, 32]) at layer: 2
Get Mod with shape torch.Size([1, 1, 32, 64]) at layer: 3
Get Mod with shape torch.Size([1, 1, 64, 128]) at layer: 4
Get Mod with shape torch.Size([1, 1, 128, 256]) at layer: 5
Get Mod with shape torch.Size([1, 1, 256, 512]) at layer: 6
Get Mod with shape torch.Size([1, 1, 512, 1024]) at layer: 7
start temperature: 0.3 noise parameter: 2.0
end temperature: 0.3 noise parameter: 2.0
********************Start from stage I
Step 400, BEST PSNR: 23.019288, Total loss 0.436010 with its rate 0.24303488433361053 latent_bits 127420.2734375

🔁 Stage-1 Training Candidate 6/7
Quantizer parameter: encoding gain  16
total pixel: 524288
Get Mod with shape torch.Size([1, 1, 8, 16]) at layer: 1
Get Mod with shape torch.Size([1, 1, 16, 32]) at layer: 2
Get Mod with shape torch.Size([1, 1, 32, 64]) at layer: 3
Get Mod with shape torch.Size([1, 1, 64, 128]) at layer: 4
Get Mod with shape torch.Size([1, 1, 128, 256]) at layer: 5
Get Mod with shape torch.Size([1, 1, 256, 512]) at layer: 6
Get Mod with shape torch.Size([1, 1, 512, 1024]) at layer: 7
start temperature: 0.3 noise parameter: 2.0
end temperature: 0.3 noise parameter: 2.0
********************Start from stage I
Step 400, BEST PSNR: 23.116509, Total loss 0.443589 with its rate 0.2566351890563965 latent_bits 134550.75

🔁 Stage-1 Training Candidate 7/7
Quantizer parameter: encoding gain  16
total pixel: 524288
Get Mod with shape torch.Size([1, 1, 8, 16]) at layer: 1
Get Mod with shape torch.Size([1, 1, 16, 32]) at layer: 2
Get Mod with shape torch.Size([1, 1, 32, 64]) at layer: 3
Get Mod with shape torch.Size([1, 1, 64, 128]) at layer: 4
Get Mod with shape torch.Size([1, 1, 128, 256]) at layer: 5
Get Mod with shape torch.Size([1, 1, 256, 512]) at layer: 6
Get Mod with shape torch.Size([1, 1, 512, 1024]) at layer: 7
start temperature: 0.3 noise parameter: 2.0
end temperature: 0.3 noise parameter: 2.0
********************Start from stage I
Step 400, BEST PSNR: 23.012471, Total loss 0.454120 with its rate 0.2657855153083801 latent_bits 139348.15625

🌟 Selected Top-3 Candidates by RD cost

🎯 Stage-2 Refining Candidate 1/3
start temperature: 0.3 noise parameter: 2.0
end temperature: 0.3 noise parameter: 2.0
********************Start from stage I
Step 400, BEST PSNR: 23.194448, Total loss 0.451438 with its rate 0.2765916585922241 latent_bits 145013.6875

🎯 Stage-2 Refining Candidate 2/3
start temperature: 0.3 noise parameter: 2.0
end temperature: 0.3 noise parameter: 2.0
********************Start from stage I
Step 400, BEST PSNR: 23.447593, Total loss 0.455163 with its rate 0.2808857560157776 latent_bits 147265.03125

🎯 Stage-2 Refining Candidate 3/3
start temperature: 0.3 noise parameter: 2.0
end temperature: 0.3 noise parameter: 2.0
********************Start from stage I
Step 400, BEST PSNR: 23.296393, Total loss 0.453551 with its rate 0.28242525458335876 latent_bits 148072.171875

🏆 Best Candidate Final PSNR: 23.19, Rate: 0.2766
Masked_INR(
  (upsampling_2d): Upsampling(
    (conv_transpose2d): UpsamplingConvTranspose2d()
  )
  (arm): Arm(
    (mlp): Sequential(
      (0): ArmConv(
        (conv1_1): Conv1d(16, 16, kernel_size=(1,), stride=(1,))
      )
      (1): GELU(approximate='none')
      (2): ArmConv(
        (conv1_1): Conv1d(16, 16, kernel_size=(1,), stride=(1,))
      )
      (3): GELU(approximate='none')
      (4): ArmConv(
        (conv1_1): Conv1d(16, 2, kernel_size=(1,), stride=(1,))
      )
    )
  )
  (conv_mod): LocalGlobalBlock(
    (net): Sequential(
      (0): SynthesisLayer(
        (pad): Identity()
        (conv_layer): SWHDC(
          (conv): Conv2d(2, 3, kernel_size=(3, 3), stride=(1, 1))
        )
        (non_linearity): GELU(approximate='none')
      )
      (1): SynthesisResidualLayer(
        (pad): ReplicationPad2d((0, 0, 0, 0))
        (conv_layer): Conv2d(3, 3, kernel_size=(1, 1), stride=(1, 1))
        (non_linearity): GELU(approximate='none')
      )
      (2): SynthesisResidualLayer(
        (pad): ReplicationPad2d((0, 0, 0, 0))
        (conv_layer): Conv2d(3, 3, kernel_size=(1, 1), stride=(1, 1))
        (non_linearity): GELU(approximate='none')
      )
      (3): SynthesisResidualLayer(
        (pad): ReplicationPad2d((0, 0, 0, 0))
        (conv_layer): Conv2d(3, 3, kernel_size=(1, 1), stride=(1, 1))
        (non_linearity): Identity()
      )
    )
    (global_net): Sequential(
      (0): SynthesisLayer(
        (pad): Identity()
        (conv_layer): SWHDC(
          (conv): Conv2d(2, 3, kernel_size=(3, 3), stride=(1, 1))
        )
        (non_linearity): GELU(approximate='none')
      )
      (1): SynthesisResidualLayer(
        (pad): ReplicationPad2d((0, 0, 0, 0))
        (conv_layer): Conv2d(3, 3, kernel_size=(1, 1), stride=(1, 1))
        (non_linearity): GELU(approximate='none')
      )
      (2): SynthesisResidualLayer(
        (pad): ReplicationPad2d((0, 0, 0, 0))
        (conv_layer): Conv2d(3, 3, kernel_size=(1, 1), stride=(1, 1))
        (non_linearity): GELU(approximate='none')
      )
      (3): SynthesisResidualLayer(
        (pad): ReplicationPad2d((0, 0, 0, 0))
        (conv_layer): Conv2d(3, 3, kernel_size=(1, 1), stride=(1, 1))
        (non_linearity): Identity()
      )
    )
    (agg_func): Sequential(
      (0): SynthesisLayer(
        (pad): ReplicationPad2d((0, 0, 0, 0))
        (conv_layer): Conv2d(18, 3, kernel_size=(1, 1), stride=(1, 1))
        (non_linearity): GELU(approximate='none')
      )
      (1): SynthesisLayer(
        (pad): ReplicationPad2d((0, 0, 0, 0))
        (conv_layer): Conv2d(21, 3, kernel_size=(1, 1), stride=(1, 1))
        (non_linearity): GELU(approximate='none')
      )
      (2): SynthesisLayer(
        (pad): ReplicationPad2d((0, 0, 0, 0))
        (conv_layer): Conv2d(24, 3, kernel_size=(1, 1), stride=(1, 1))
        (non_linearity): GELU(approximate='none')
      )
    )
    (full_net): Sequential(
      (0): SynthesisLayer(
        (pad): ReplicationPad2d((0, 0, 0, 0))
        (conv_layer): Conv2d(7, 12, kernel_size=(1, 1), stride=(1, 1))
        (non_linearity): GELU(approximate='none')
      )
      (1): SynthesisLayer(
        (pad): ReplicationPad2d((0, 0, 0, 0))
        (conv_layer): Conv2d(12, 3, kernel_size=(1, 1), stride=(1, 1))
        (non_linearity): GELU(approximate='none')
      )
      (2): SynthesisResidualLayer(
        (conv_layer): Conv2d(3, 3, kernel_size=(3, 3), stride=(1, 1))
        (non_linearity): GELU(approximate='none')
      )
      (3): SynthesisResidualLayer(
        (conv_layer): Conv2d(3, 3, kernel_size=(3, 3), stride=(1, 1))
        (non_linearity): GELU(approximate='none')
      )
    )
  )
  (modulation_sf): ParameterList(
      (0): Parameter containing: [torch.float32 of size 1x1x8x16 (cuda:0)]
      (1): Parameter containing: [torch.float32 of size 1x1x16x32 (cuda:0)]
      (2): Parameter containing: [torch.float32 of size 1x1x32x64 (cuda:0)]
      (3): Parameter containing: [torch.float32 of size 1x1x64x128 (cuda:0)]
      (4): Parameter containing: [torch.float32 of size 1x1x128x256 (cuda:0)]
      (5): Parameter containing: [torch.float32 of size 1x1x256x512 (cuda:0)]
      (6): Parameter containing: [torch.float32 of size 1x1x512x1024 (cuda:0)]
  )
)
train the 5 -th image
start temperature: 0.3 noise parameter: 2.0
end temperature: 0.1 noise parameter: 1.0
********************Start from stage I
********************going into stage II
eval_object_psnr: 29.63125156569375
eval_background_psnr: 26.044330857742455
eval_background_psnr: 26.044330857742455
********************Evaluation the Image 5-th, after Step 9999, BEST PSNR: 24.466967, Print rate 0.168459. *************************
Saved model at ./saved/modbase_7/context_16_arm_mod_16/sparity_0.0/inr_mod_16KODAK_ROI_Global_new_struture_7_12_3_33_orderconcat_operator_0_pw_0.8_img_object5.pth
Trained the image with PSNR: 24.466966771177322  latent bits 0.16845914721488953 latent bits number 88321.109375
[26.566816391408924, 24.466966771177322]
[0.10729961842298508, 0.16845914721488953]
[56255.90234375, 88321.109375]
load the model: ./saved/modbase_7/context_16_arm_mod_16/sparity_0.0/inr_mod_16KODAK_ROI_Global_new_struture_7_12_3_33_orderconcat_operator_0_pw_0.8_img_object5.pth for the  5 -th image
********************Evalutation with quantization
********************Starting quantizing models
eval_object_psnr: 28.441583465846218
full_image_psnr: 22.819745257802907
object_psnr: 28.441583465846218
background_psnr: 24.223930801371466
********************Evaluation the Image 5-th, BEST PSNR: 22.819745, Print rate 0.169089, Network rate 0.016811. *************************
eval_wsssim: 0.782500
Decoded image saved to ./experiments/wsssim_tunado_full_regime/decoded_images/othim06_maskerp_wsmse0_swhdc1_erp1_lambda0.8.png
Evaluate the image: PSNR: 22.819745257802907 All bits: 0.1859005242586136  latent bits: 0.1690891534090042  network bits: 0.016811370849609375
Evaluate arm network bits: 0.008413314819335938 Evaluate synthesis network bits: 0.0077266693115234375
Image All bits num: 97465.4140625 latent bits num: 88651.4140625 mlp bits num: 8814.0 border bits num:
arm bits num: 4411.0 synthesis bits num: 4051.0
[25.42357093070565, 22.819745257802907]
[0.12637920677661896, 0.1859005242586136]
[66259.1015625, 97465.4140625]
Metrics saved to ./experiments/wsssim_tunado_full_regime/results.csv
Current eval Ave PSNR: 24.12165809425428 Ave Bits 0.15613986551761627
Namespace(batch_size=1, lr=0.01, data='../data', sparsity=0.0, local_upsampling_kernel_size=8, upsampling_kernel_size=8, static_upsampling_kernel=False, latent_factor=1, mod_base=7, highest_flag=1, context_arm=16, dim_arm_mod=16, use_candidate=True, type='other', mod_hid_layer=0, sythesis_features=12, hidden_features=64, hidden_layer=2, scale=1, lambda_rate=0.8, lambda_rate_list=[0.1, 0.2, 0.4, 0.8], start_index=0, mask_type='erp', wsmse_tag=0, swhdc_tag=1, swhdc_dilations=[1, 2, 3, 4], erp_padding=1, workdir='./experiments/wsssim_tunado_full_regime', train_steps_1=100000, train_steps_2=10000, loss_type='combined', lambda_dist=0.0, lambda_percep=1.0, patch_h=512, patch_w=1024, all_pix_num=524288, eval_pix_num=524288)
Directory './saved/modbase_7/context_16_arm_mod_16' already exists.
Directory './saved/modbase_7/context_16_arm_mod_16/sparity_0.0' already exists.
top %: 0.0

🔁 Stage-1 Training Candidate 1/7
Quantizer parameter: encoding gain  16
total pixel: 524288
Get Mod with shape torch.Size([1, 1, 8, 16]) at layer: 1
Get Mod with shape torch.Size([1, 1, 16, 32]) at layer: 2
Get Mod with shape torch.Size([1, 1, 32, 64]) at layer: 3
Get Mod with shape torch.Size([1, 1, 64, 128]) at layer: 4
Get Mod with shape torch.Size([1, 1, 128, 256]) at layer: 5
Get Mod with shape torch.Size([1, 1, 256, 512]) at layer: 6
Get Mod with shape torch.Size([1, 1, 512, 1024]) at layer: 7
start temperature: 0.3 noise parameter: 2.0
end temperature: 0.3 noise parameter: 2.0
********************Start from stage I
Step 400, BEST PSNR: 25.209952, Total loss 0.354388 with its rate 0.193108469247818 latent_bits 101244.453125

🔁 Stage-1 Training Candidate 2/7
Quantizer parameter: encoding gain  16
total pixel: 524288
Get Mod with shape torch.Size([1, 1, 8, 16]) at layer: 1
Get Mod with shape torch.Size([1, 1, 16, 32]) at layer: 2
Get Mod with shape torch.Size([1, 1, 32, 64]) at layer: 3
Get Mod with shape torch.Size([1, 1, 64, 128]) at layer: 4
Get Mod with shape torch.Size([1, 1, 128, 256]) at layer: 5
Get Mod with shape torch.Size([1, 1, 256, 512]) at layer: 6
Get Mod with shape torch.Size([1, 1, 512, 1024]) at layer: 7
start temperature: 0.3 noise parameter: 2.0
end temperature: 0.3 noise parameter: 2.0
********************Start from stage I
Step 400, BEST PSNR: 25.356953, Total loss 0.359574 with its rate 0.19557276368141174 latent_bits 102536.453125

🔁 Stage-1 Training Candidate 3/7
Quantizer parameter: encoding gain  16
total pixel: 524288
Get Mod with shape torch.Size([1, 1, 8, 16]) at layer: 1
Get Mod with shape torch.Size([1, 1, 16, 32]) at layer: 2
Get Mod with shape torch.Size([1, 1, 32, 64]) at layer: 3
Get Mod with shape torch.Size([1, 1, 64, 128]) at layer: 4
Get Mod with shape torch.Size([1, 1, 128, 256]) at layer: 5
Get Mod with shape torch.Size([1, 1, 256, 512]) at layer: 6
Get Mod with shape torch.Size([1, 1, 512, 1024]) at layer: 7
start temperature: 0.3 noise parameter: 2.0
end temperature: 0.3 noise parameter: 2.0
********************Start from stage I
Step 400, BEST PSNR: 25.205839, Total loss 0.350870 with its rate 0.18494249880313873 latent_bits 96963.1328125

🔁 Stage-1 Training Candidate 4/7
Quantizer parameter: encoding gain  16
total pixel: 524288
Get Mod with shape torch.Size([1, 1, 8, 16]) at layer: 1
Get Mod with shape torch.Size([1, 1, 16, 32]) at layer: 2
Get Mod with shape torch.Size([1, 1, 32, 64]) at layer: 3
Get Mod with shape torch.Size([1, 1, 64, 128]) at layer: 4
Get Mod with shape torch.Size([1, 1, 128, 256]) at layer: 5
Get Mod with shape torch.Size([1, 1, 256, 512]) at layer: 6
Get Mod with shape torch.Size([1, 1, 512, 1024]) at layer: 7
start temperature: 0.3 noise parameter: 2.0
end temperature: 0.3 noise parameter: 2.0
********************Start from stage I
Step 400, BEST PSNR: 25.281374, Total loss 0.358119 with its rate 0.19418801367282867 latent_bits 101810.4453125

🔁 Stage-1 Training Candidate 5/7
Quantizer parameter: encoding gain  16
total pixel: 524288
Get Mod with shape torch.Size([1, 1, 8, 16]) at layer: 1
Get Mod with shape torch.Size([1, 1, 16, 32]) at layer: 2
Get Mod with shape torch.Size([1, 1, 32, 64]) at layer: 3
Get Mod with shape torch.Size([1, 1, 64, 128]) at layer: 4
Get Mod with shape torch.Size([1, 1, 128, 256]) at layer: 5
Get Mod with shape torch.Size([1, 1, 256, 512]) at layer: 6
Get Mod with shape torch.Size([1, 1, 512, 1024]) at layer: 7
start temperature: 0.3 noise parameter: 2.0
end temperature: 0.3 noise parameter: 2.0
********************Start from stage I
Step 400, BEST PSNR: 25.099917, Total loss 0.365224 with its rate 0.19946381449699402 latent_bits 104576.484375

🔁 Stage-1 Training Candidate 6/7
Quantizer parameter: encoding gain  16
total pixel: 524288
Get Mod with shape torch.Size([1, 1, 8, 16]) at layer: 1
Get Mod with shape torch.Size([1, 1, 16, 32]) at layer: 2
Get Mod with shape torch.Size([1, 1, 32, 64]) at layer: 3
Get Mod with shape torch.Size([1, 1, 64, 128]) at layer: 4
Get Mod with shape torch.Size([1, 1, 128, 256]) at layer: 5
Get Mod with shape torch.Size([1, 1, 256, 512]) at layer: 6
Get Mod with shape torch.Size([1, 1, 512, 1024]) at layer: 7
start temperature: 0.3 noise parameter: 2.0
end temperature: 0.3 noise parameter: 2.0
********************Start from stage I
Step 400, BEST PSNR: 25.437423, Total loss 0.346478 with its rate 0.18016165494918823 latent_bits 94456.59375

🔁 Stage-1 Training Candidate 7/7
Quantizer parameter: encoding gain  16
total pixel: 524288
Get Mod with shape torch.Size([1, 1, 8, 16]) at layer: 1
Get Mod with shape torch.Size([1, 1, 16, 32]) at layer: 2
Get Mod with shape torch.Size([1, 1, 32, 64]) at layer: 3
Get Mod with shape torch.Size([1, 1, 64, 128]) at layer: 4
Get Mod with shape torch.Size([1, 1, 128, 256]) at layer: 5
Get Mod with shape torch.Size([1, 1, 256, 512]) at layer: 6
Get Mod with shape torch.Size([1, 1, 512, 1024]) at layer: 7
start temperature: 0.3 noise parameter: 2.0
end temperature: 0.3 noise parameter: 2.0
********************Start from stage I
Step 400, BEST PSNR: 24.705148, Total loss 0.364298 with its rate 0.19538265466690063 latent_bits 102436.78125

🌟 Selected Top-3 Candidates by RD cost

🎯 Stage-2 Refining Candidate 1/3
start temperature: 0.3 noise parameter: 2.0
end temperature: 0.3 noise parameter: 2.0
********************Start from stage I
Step 400, BEST PSNR: 25.868482, Total loss 0.373627 with its rate 0.21987605094909668 latent_bits 115278.375

🎯 Stage-2 Refining Candidate 2/3
start temperature: 0.3 noise parameter: 2.0
end temperature: 0.3 noise parameter: 2.0
********************Start from stage I
Step 400, BEST PSNR: 25.980874, Total loss 0.370111 with its rate 0.2180623710155487 latent_bits 114327.484375

🎯 Stage-2 Refining Candidate 3/3
start temperature: 0.3 noise parameter: 2.0
end temperature: 0.3 noise parameter: 2.0
********************Start from stage I
Step 400, BEST PSNR: 25.670088, Total loss 0.371962 with its rate 0.22319704294204712 latent_bits 117019.53125

🏆 Best Candidate Final PSNR: 25.98, Rate: 0.2181
Masked_INR(
  (upsampling_2d): Upsampling(
    (conv_transpose2d): UpsamplingConvTranspose2d()
  )
  (arm): Arm(
    (mlp): Sequential(
      (0): ArmConv(
        (conv1_1): Conv1d(16, 16, kernel_size=(1,), stride=(1,))
      )
      (1): GELU(approximate='none')
      (2): ArmConv(
        (conv1_1): Conv1d(16, 16, kernel_size=(1,), stride=(1,))
      )
      (3): GELU(approximate='none')
      (4): ArmConv(
        (conv1_1): Conv1d(16, 2, kernel_size=(1,), stride=(1,))
      )
    )
  )
  (conv_mod): LocalGlobalBlock(
    (net): Sequential(
      (0): SynthesisLayer(
        (pad): Identity()
        (conv_layer): SWHDC(
          (conv): Conv2d(2, 3, kernel_size=(3, 3), stride=(1, 1))
        )
        (non_linearity): GELU(approximate='none')
      )
      (1): SynthesisResidualLayer(
        (pad): ReplicationPad2d((0, 0, 0, 0))
        (conv_layer): Conv2d(3, 3, kernel_size=(1, 1), stride=(1, 1))
        (non_linearity): GELU(approximate='none')
      )
      (2): SynthesisResidualLayer(
        (pad): ReplicationPad2d((0, 0, 0, 0))
        (conv_layer): Conv2d(3, 3, kernel_size=(1, 1), stride=(1, 1))
        (non_linearity): GELU(approximate='none')
      )
      (3): SynthesisResidualLayer(
        (pad): ReplicationPad2d((0, 0, 0, 0))
        (conv_layer): Conv2d(3, 3, kernel_size=(1, 1), stride=(1, 1))
        (non_linearity): Identity()
      )
    )
    (global_net): Sequential(
      (0): SynthesisLayer(
        (pad): Identity()
        (conv_layer): SWHDC(
          (conv): Conv2d(2, 3, kernel_size=(3, 3), stride=(1, 1))
        )
        (non_linearity): GELU(approximate='none')
      )
      (1): SynthesisResidualLayer(
        (pad): ReplicationPad2d((0, 0, 0, 0))
        (conv_layer): Conv2d(3, 3, kernel_size=(1, 1), stride=(1, 1))
        (non_linearity): GELU(approximate='none')
      )
      (2): SynthesisResidualLayer(
        (pad): ReplicationPad2d((0, 0, 0, 0))
        (conv_layer): Conv2d(3, 3, kernel_size=(1, 1), stride=(1, 1))
        (non_linearity): GELU(approximate='none')
      )
      (3): SynthesisResidualLayer(
        (pad): ReplicationPad2d((0, 0, 0, 0))
        (conv_layer): Conv2d(3, 3, kernel_size=(1, 1), stride=(1, 1))
        (non_linearity): Identity()
      )
    )
    (agg_func): Sequential(
      (0): SynthesisLayer(
        (pad): ReplicationPad2d((0, 0, 0, 0))
        (conv_layer): Conv2d(18, 3, kernel_size=(1, 1), stride=(1, 1))
        (non_linearity): GELU(approximate='none')
      )
      (1): SynthesisLayer(
        (pad): ReplicationPad2d((0, 0, 0, 0))
        (conv_layer): Conv2d(21, 3, kernel_size=(1, 1), stride=(1, 1))
        (non_linearity): GELU(approximate='none')
      )
      (2): SynthesisLayer(
        (pad): ReplicationPad2d((0, 0, 0, 0))
        (conv_layer): Conv2d(24, 3, kernel_size=(1, 1), stride=(1, 1))
        (non_linearity): GELU(approximate='none')
      )
    )
    (full_net): Sequential(
      (0): SynthesisLayer(
        (pad): ReplicationPad2d((0, 0, 0, 0))
        (conv_layer): Conv2d(7, 12, kernel_size=(1, 1), stride=(1, 1))
        (non_linearity): GELU(approximate='none')
      )
      (1): SynthesisLayer(
        (pad): ReplicationPad2d((0, 0, 0, 0))
        (conv_layer): Conv2d(12, 3, kernel_size=(1, 1), stride=(1, 1))
        (non_linearity): GELU(approximate='none')
      )
      (2): SynthesisResidualLayer(
        (conv_layer): Conv2d(3, 3, kernel_size=(3, 3), stride=(1, 1))
        (non_linearity): GELU(approximate='none')
      )
      (3): SynthesisResidualLayer(
        (conv_layer): Conv2d(3, 3, kernel_size=(3, 3), stride=(1, 1))
        (non_linearity): GELU(approximate='none')
      )
    )
  )
  (modulation_sf): ParameterList(
      (0): Parameter containing: [torch.float32 of size 1x1x8x16 (cuda:0)]
      (1): Parameter containing: [torch.float32 of size 1x1x16x32 (cuda:0)]
      (2): Parameter containing: [torch.float32 of size 1x1x32x64 (cuda:0)]
      (3): Parameter containing: [torch.float32 of size 1x1x64x128 (cuda:0)]
      (4): Parameter containing: [torch.float32 of size 1x1x128x256 (cuda:0)]
      (5): Parameter containing: [torch.float32 of size 1x1x256x512 (cuda:0)]
      (6): Parameter containing: [torch.float32 of size 1x1x512x1024 (cuda:0)]
  )
)
train the 10 -th image
start temperature: 0.3 noise parameter: 2.0
end temperature: 0.1 noise parameter: 1.0
********************Start from stage I
********************going into stage II
eval_object_psnr: 33.54521596038364
eval_background_psnr: 28.267049973596446
eval_background_psnr: 28.267049973596446
********************Evaluation the Image 10-th, after Step 9999, BEST PSNR: 27.137618, Print rate 0.109921. *************************
Saved model at ./saved/modbase_7/context_16_arm_mod_16/sparity_0.0/inr_mod_16KODAK_ROI_Global_new_struture_7_12_3_33_orderconcat_operator_0_pw_0.8_img_object10.pth
Trained the image with PSNR: 27.137618062952573  latent bits 0.10992110520601273 latent bits number 57630.31640625
[26.566816391408924, 24.466966771177322, 27.137618062952573]
[0.10729961842298508, 0.16845914721488953, 0.10992110520601273]
[56255.90234375, 88321.109375, 57630.31640625]
load the model: ./saved/modbase_7/context_16_arm_mod_16/sparity_0.0/inr_mod_16KODAK_ROI_Global_new_struture_7_12_3_33_orderconcat_operator_0_pw_0.8_img_object10.pth for the  10 -th image
********************Evalutation with quantization
********************Starting quantizing models
eval_object_psnr: 31.75545521132172
full_image_psnr: 26.29687887264114
object_psnr: 31.75545521132172
background_psnr: 27.757973544272463
********************Evaluation the Image 10-th, BEST PSNR: 26.296879, Print rate 0.111593, Network rate 0.018896. *************************
eval_wsssim: 0.808105
Decoded image saved to ./experiments/wsssim_tunado_full_regime/decoded_images/othim11_maskerp_wsmse0_swhdc1_erp1_lambda0.8.png
Evaluate the image: PSNR: 26.29687887264114 All bits: 0.13048911839723587  latent bits: 0.11159301549196243  network bits: 0.018896102905273438
Evaluate arm network bits: 0.008340835571289062 Evaluate synthesis network bits: 0.010082244873046875
Image All bits num: 68413.87890625 latent bits num: 58506.87890625 mlp bits num: 9907.0 border bits num:
arm bits num: 4373.0 synthesis bits num: 5286.0
[25.42357093070565, 22.819745257802907, 26.29687887264114]
[0.12637920677661896, 0.1859005242586136, 0.13048911839723587]
[66259.1015625, 97465.4140625, 68413.87890625]
Metrics saved to ./experiments/wsssim_tunado_full_regime/results.csv
Current eval Ave PSNR: 24.8467316870499 Ave Bits 0.14758961647748947
Namespace(batch_size=1, lr=0.01, data='../data', sparsity=0.0, local_upsampling_kernel_size=8, upsampling_kernel_size=8, static_upsampling_kernel=False, latent_factor=1, mod_base=7, highest_flag=1, context_arm=16, dim_arm_mod=16, use_candidate=True, type='other', mod_hid_layer=0, sythesis_features=12, hidden_features=64, hidden_layer=2, scale=1, lambda_rate=0.8, lambda_rate_list=[0.1, 0.2, 0.4, 0.8], start_index=0, mask_type='erp', wsmse_tag=0, swhdc_tag=1, swhdc_dilations=[1, 2, 3, 4], erp_padding=1, workdir='./experiments/wsssim_tunado_full_regime', train_steps_1=100000, train_steps_2=10000, loss_type='combined', lambda_dist=0.0, lambda_percep=1.0, patch_h=512, patch_w=1024, all_pix_num=524288, eval_pix_num=524288)
Directory './saved/modbase_7/context_16_arm_mod_16' already exists.
Directory './saved/modbase_7/context_16_arm_mod_16/sparity_0.0' already exists.
top %: 0.0

🔁 Stage-1 Training Candidate 1/7
Quantizer parameter: encoding gain  16
total pixel: 524288
Get Mod with shape torch.Size([1, 1, 8, 16]) at layer: 1
Get Mod with shape torch.Size([1, 1, 16, 32]) at layer: 2
Get Mod with shape torch.Size([1, 1, 32, 64]) at layer: 3
Get Mod with shape torch.Size([1, 1, 64, 128]) at layer: 4
Get Mod with shape torch.Size([1, 1, 128, 256]) at layer: 5
Get Mod with shape torch.Size([1, 1, 256, 512]) at layer: 6
Get Mod with shape torch.Size([1, 1, 512, 1024]) at layer: 7
start temperature: 0.3 noise parameter: 2.0
end temperature: 0.3 noise parameter: 2.0
********************Start from stage I
Step 400, BEST PSNR: 25.040331, Total loss 0.260533 with its rate 0.1371326744556427 latent_bits 71897.015625

🔁 Stage-1 Training Candidate 2/7
Quantizer parameter: encoding gain  16
total pixel: 524288
Get Mod with shape torch.Size([1, 1, 8, 16]) at layer: 1
Get Mod with shape torch.Size([1, 1, 16, 32]) at layer: 2
Get Mod with shape torch.Size([1, 1, 32, 64]) at layer: 3
Get Mod with shape torch.Size([1, 1, 64, 128]) at layer: 4
Get Mod with shape torch.Size([1, 1, 128, 256]) at layer: 5
Get Mod with shape torch.Size([1, 1, 256, 512]) at layer: 6
Get Mod with shape torch.Size([1, 1, 512, 1024]) at layer: 7
start temperature: 0.3 noise parameter: 2.0
end temperature: 0.3 noise parameter: 2.0
********************Start from stage I
Step 400, BEST PSNR: 25.326745, Total loss 0.256017 with its rate 0.13923940062522888 latent_bits 73001.546875

🔁 Stage-1 Training Candidate 3/7
Quantizer parameter: encoding gain  16
total pixel: 524288
Get Mod with shape torch.Size([1, 1, 8, 16]) at layer: 1
Get Mod with shape torch.Size([1, 1, 16, 32]) at layer: 2
Get Mod with shape torch.Size([1, 1, 32, 64]) at layer: 3
Get Mod with shape torch.Size([1, 1, 64, 128]) at layer: 4
Get Mod with shape torch.Size([1, 1, 128, 256]) at layer: 5
Get Mod with shape torch.Size([1, 1, 256, 512]) at layer: 6
Get Mod with shape torch.Size([1, 1, 512, 1024]) at layer: 7
start temperature: 0.3 noise parameter: 2.0
end temperature: 0.3 noise parameter: 2.0
********************Start from stage I
Step 400, BEST PSNR: 25.714810, Total loss 0.259243 with its rate 0.14444859325885773 latent_bits 75732.6640625

🔁 Stage-1 Training Candidate 4/7
Quantizer parameter: encoding gain  16
total pixel: 524288
Get Mod with shape torch.Size([1, 1, 8, 16]) at layer: 1
Get Mod with shape torch.Size([1, 1, 16, 32]) at layer: 2
Get Mod with shape torch.Size([1, 1, 32, 64]) at layer: 3
Get Mod with shape torch.Size([1, 1, 64, 128]) at layer: 4
Get Mod with shape torch.Size([1, 1, 128, 256]) at layer: 5
Get Mod with shape torch.Size([1, 1, 256, 512]) at layer: 6
Get Mod with shape torch.Size([1, 1, 512, 1024]) at layer: 7
start temperature: 0.3 noise parameter: 2.0
end temperature: 0.3 noise parameter: 2.0
********************Start from stage I
Step 400, BEST PSNR: 25.720696, Total loss 0.258408 with its rate 0.14456462860107422 latent_bits 75793.5

🔁 Stage-1 Training Candidate 5/7
Quantizer parameter: encoding gain  16
total pixel: 524288
Get Mod with shape torch.Size([1, 1, 8, 16]) at layer: 1
Get Mod with shape torch.Size([1, 1, 16, 32]) at layer: 2
Get Mod with shape torch.Size([1, 1, 32, 64]) at layer: 3
Get Mod with shape torch.Size([1, 1, 64, 128]) at layer: 4
Get Mod with shape torch.Size([1, 1, 128, 256]) at layer: 5
Get Mod with shape torch.Size([1, 1, 256, 512]) at layer: 6
Get Mod with shape torch.Size([1, 1, 512, 1024]) at layer: 7
start temperature: 0.3 noise parameter: 2.0
end temperature: 0.3 noise parameter: 2.0
********************Start from stage I
Step 400, BEST PSNR: 25.575397, Total loss 0.259502 with its rate 0.14286941289901733 latent_bits 74904.71875

🔁 Stage-1 Training Candidate 6/7
Quantizer parameter: encoding gain  16
total pixel: 524288
Get Mod with shape torch.Size([1, 1, 8, 16]) at layer: 1
Get Mod with shape torch.Size([1, 1, 16, 32]) at layer: 2
Get Mod with shape torch.Size([1, 1, 32, 64]) at layer: 3
Get Mod with shape torch.Size([1, 1, 64, 128]) at layer: 4
Get Mod with shape torch.Size([1, 1, 128, 256]) at layer: 5
Get Mod with shape torch.Size([1, 1, 256, 512]) at layer: 6
Get Mod with shape torch.Size([1, 1, 512, 1024]) at layer: 7
start temperature: 0.3 noise parameter: 2.0
end temperature: 0.3 noise parameter: 2.0
********************Start from stage I
Step 400, BEST PSNR: 24.564276, Total loss 0.271464 with its rate 0.13680069148540497 latent_bits 71722.9609375

🔁 Stage-1 Training Candidate 7/7
Quantizer parameter: encoding gain  16
total pixel: 524288
Get Mod with shape torch.Size([1, 1, 8, 16]) at layer: 1
Get Mod with shape torch.Size([1, 1, 16, 32]) at layer: 2
Get Mod with shape torch.Size([1, 1, 32, 64]) at layer: 3
Get Mod with shape torch.Size([1, 1, 64, 128]) at layer: 4
Get Mod with shape torch.Size([1, 1, 128, 256]) at layer: 5
Get Mod with shape torch.Size([1, 1, 256, 512]) at layer: 6
Get Mod with shape torch.Size([1, 1, 512, 1024]) at layer: 7
start temperature: 0.3 noise parameter: 2.0
end temperature: 0.3 noise parameter: 2.0
********************Start from stage I
Step 400, BEST PSNR: 25.134939, Total loss 0.256153 with its rate 0.13938556611537933 latent_bits 73078.1796875

🌟 Selected Top-3 Candidates by RD cost

🎯 Stage-2 Refining Candidate 1/3
start temperature: 0.3 noise parameter: 2.0
end temperature: 0.3 noise parameter: 2.0
********************Start from stage I
Step 400, BEST PSNR: 26.348960, Total loss 0.271802 with its rate 0.17609244585037231 latent_bits 92323.15625

🎯 Stage-2 Refining Candidate 2/3
start temperature: 0.3 noise parameter: 2.0
end temperature: 0.3 noise parameter: 2.0
********************Start from stage I
Step 400, BEST PSNR: 26.160099, Total loss 0.275735 with its rate 0.17655809223651886 latent_bits 92567.2890625

🎯 Stage-2 Refining Candidate 3/3
start temperature: 0.3 noise parameter: 2.0
end temperature: 0.3 noise parameter: 2.0
********************Start from stage I
Step 400, BEST PSNR: 26.191838, Total loss 0.274078 with its rate 0.17672117054462433 latent_bits 92652.7890625

🏆 Best Candidate Final PSNR: 26.35, Rate: 0.1761
Masked_INR(
  (upsampling_2d): Upsampling(
    (conv_transpose2d): UpsamplingConvTranspose2d()
  )
  (arm): Arm(
    (mlp): Sequential(
      (0): ArmConv(
        (conv1_1): Conv1d(16, 16, kernel_size=(1,), stride=(1,))
      )
      (1): GELU(approximate='none')
      (2): ArmConv(
        (conv1_1): Conv1d(16, 16, kernel_size=(1,), stride=(1,))
      )
      (3): GELU(approximate='none')
      (4): ArmConv(
        (conv1_1): Conv1d(16, 2, kernel_size=(1,), stride=(1,))
      )
    )
  )
  (conv_mod): LocalGlobalBlock(
    (net): Sequential(
      (0): SynthesisLayer(
        (pad): Identity()
        (conv_layer): SWHDC(
          (conv): Conv2d(2, 3, kernel_size=(3, 3), stride=(1, 1))
        )
        (non_linearity): GELU(approximate='none')
      )
      (1): SynthesisResidualLayer(
        (pad): ReplicationPad2d((0, 0, 0, 0))
        (conv_layer): Conv2d(3, 3, kernel_size=(1, 1), stride=(1, 1))
        (non_linearity): GELU(approximate='none')
      )
      (2): SynthesisResidualLayer(
        (pad): ReplicationPad2d((0, 0, 0, 0))
        (conv_layer): Conv2d(3, 3, kernel_size=(1, 1), stride=(1, 1))
        (non_linearity): GELU(approximate='none')
      )
      (3): SynthesisResidualLayer(
        (pad): ReplicationPad2d((0, 0, 0, 0))
        (conv_layer): Conv2d(3, 3, kernel_size=(1, 1), stride=(1, 1))
        (non_linearity): Identity()
      )
    )
    (global_net): Sequential(
      (0): SynthesisLayer(
        (pad): Identity()
        (conv_layer): SWHDC(
          (conv): Conv2d(2, 3, kernel_size=(3, 3), stride=(1, 1))
        )
        (non_linearity): GELU(approximate='none')
      )
      (1): SynthesisResidualLayer(
        (pad): ReplicationPad2d((0, 0, 0, 0))
        (conv_layer): Conv2d(3, 3, kernel_size=(1, 1), stride=(1, 1))
        (non_linearity): GELU(approximate='none')
      )
      (2): SynthesisResidualLayer(
        (pad): ReplicationPad2d((0, 0, 0, 0))
        (conv_layer): Conv2d(3, 3, kernel_size=(1, 1), stride=(1, 1))
        (non_linearity): GELU(approximate='none')
      )
      (3): SynthesisResidualLayer(
        (pad): ReplicationPad2d((0, 0, 0, 0))
        (conv_layer): Conv2d(3, 3, kernel_size=(1, 1), stride=(1, 1))
        (non_linearity): Identity()
      )
    )
    (agg_func): Sequential(
      (0): SynthesisLayer(
        (pad): ReplicationPad2d((0, 0, 0, 0))
        (conv_layer): Conv2d(18, 3, kernel_size=(1, 1), stride=(1, 1))
        (non_linearity): GELU(approximate='none')
      )
      (1): SynthesisLayer(
        (pad): ReplicationPad2d((0, 0, 0, 0))
        (conv_layer): Conv2d(21, 3, kernel_size=(1, 1), stride=(1, 1))
        (non_linearity): GELU(approximate='none')
      )
      (2): SynthesisLayer(
        (pad): ReplicationPad2d((0, 0, 0, 0))
        (conv_layer): Conv2d(24, 3, kernel_size=(1, 1), stride=(1, 1))
        (non_linearity): GELU(approximate='none')
      )
    )
    (full_net): Sequential(
      (0): SynthesisLayer(
        (pad): ReplicationPad2d((0, 0, 0, 0))
        (conv_layer): Conv2d(7, 12, kernel_size=(1, 1), stride=(1, 1))
        (non_linearity): GELU(approximate='none')
      )
      (1): SynthesisLayer(
        (pad): ReplicationPad2d((0, 0, 0, 0))
        (conv_layer): Conv2d(12, 3, kernel_size=(1, 1), stride=(1, 1))
        (non_linearity): GELU(approximate='none')
      )
      (2): SynthesisResidualLayer(
        (conv_layer): Conv2d(3, 3, kernel_size=(3, 3), stride=(1, 1))
        (non_linearity): GELU(approximate='none')
      )
      (3): SynthesisResidualLayer(
        (conv_layer): Conv2d(3, 3, kernel_size=(3, 3), stride=(1, 1))
        (non_linearity): GELU(approximate='none')
      )
    )
  )
  (modulation_sf): ParameterList(
      (0): Parameter containing: [torch.float32 of size 1x1x8x16 (cuda:0)]
      (1): Parameter containing: [torch.float32 of size 1x1x16x32 (cuda:0)]
      (2): Parameter containing: [torch.float32 of size 1x1x32x64 (cuda:0)]
      (3): Parameter containing: [torch.float32 of size 1x1x64x128 (cuda:0)]
      (4): Parameter containing: [torch.float32 of size 1x1x128x256 (cuda:0)]
      (5): Parameter containing: [torch.float32 of size 1x1x256x512 (cuda:0)]
      (6): Parameter containing: [torch.float32 of size 1x1x512x1024 (cuda:0)]
  )
)
train the 15 -th image
start temperature: 0.3 noise parameter: 2.0
end temperature: 0.1 noise parameter: 1.0
********************Start from stage I
********************going into stage II
eval_object_psnr: 35.560303601097246
eval_background_psnr: 28.619032064723758
eval_background_psnr: 28.619032064723758
********************Evaluation the Image 15-th, after Step 9999, BEST PSNR: 27.818966, Print rate 0.072145. *************************
Saved model at ./saved/modbase_7/context_16_arm_mod_16/sparity_0.0/inr_mod_16KODAK_ROI_Global_new_struture_7_12_3_33_orderconcat_operator_0_pw_0.8_img_object15.pth
Trained the image with PSNR: 27.818966016299758  latent bits 0.07214464992284775 latent bits number 37824.57421875
[26.566816391408924, 24.466966771177322, 27.137618062952573, 27.818966016299758]
[0.10729961842298508, 0.16845914721488953, 0.10992110520601273, 0.07214464992284775]
[56255.90234375, 88321.109375, 57630.31640625, 37824.57421875]
load the model: ./saved/modbase_7/context_16_arm_mod_16/sparity_0.0/inr_mod_16KODAK_ROI_Global_new_struture_7_12_3_33_orderconcat_operator_0_pw_0.8_img_object15.pth for the  15 -th image
********************Evalutation with quantization
********************Starting quantizing models
eval_object_psnr: 33.76167038773928
full_image_psnr: 26.901385689621552
object_psnr: 33.76167038773928
background_psnr: 27.918785085748738
********************Evaluation the Image 15-th, BEST PSNR: 26.901386, Print rate 0.072774, Network rate 0.017681. *************************
eval_wsssim: 0.882024
Decoded image saved to ./experiments/wsssim_tunado_full_regime/decoded_images/othim16_maskerp_wsmse0_swhdc1_erp1_lambda0.8.png
Evaluate the image: PSNR: 26.901385689621552 All bits: 0.09045480191707611  latent bits: 0.07277368009090424  network bits: 0.017681121826171875
Evaluate arm network bits: 0.008327484130859375 Evaluate synthesis network bits: 0.008813858032226562
Image All bits num: 47424.3671875 latent bits num: 38154.3671875 mlp bits num: 9270.0 border bits num:
arm bits num: 4366.0 synthesis bits num: 4621.0
[25.42357093070565, 22.819745257802907, 26.29687887264114, 26.901385689621552]
[0.12637920677661896, 0.1859005242586136, 0.13048911839723587, 0.09045480191707611]
[66259.1015625, 97465.4140625, 68413.87890625, 47424.3671875]
Metrics saved to ./experiments/wsssim_tunado_full_regime/results.csv
Current eval Ave PSNR: 25.360395187692813 Ave Bits 0.13330591283738613
Namespace(batch_size=1, lr=0.01, data='../data', sparsity=0.0, local_upsampling_kernel_size=8, upsampling_kernel_size=8, static_upsampling_kernel=False, latent_factor=1, mod_base=7, highest_flag=1, context_arm=16, dim_arm_mod=16, use_candidate=True, type='other', mod_hid_layer=0, sythesis_features=12, hidden_features=64, hidden_layer=2, scale=1, lambda_rate=0.8, lambda_rate_list=[0.1, 0.2, 0.4, 0.8], start_index=0, mask_type='erp', wsmse_tag=0, swhdc_tag=1, swhdc_dilations=[1, 2, 3, 4], erp_padding=1, workdir='./experiments/wsssim_tunado_full_regime', train_steps_1=100000, train_steps_2=10000, loss_type='combined', lambda_dist=0.0, lambda_percep=1.0, patch_h=512, patch_w=1024, all_pix_num=524288, eval_pix_num=524288)
Directory './saved/modbase_7/context_16_arm_mod_16' already exists.
Directory './saved/modbase_7/context_16_arm_mod_16/sparity_0.0' already exists.
top %: 0.0

🔁 Stage-1 Training Candidate 1/7
Quantizer parameter: encoding gain  16
total pixel: 524288
Get Mod with shape torch.Size([1, 1, 8, 16]) at layer: 1
Get Mod with shape torch.Size([1, 1, 16, 32]) at layer: 2
Get Mod with shape torch.Size([1, 1, 32, 64]) at layer: 3
Get Mod with shape torch.Size([1, 1, 64, 128]) at layer: 4
Get Mod with shape torch.Size([1, 1, 128, 256]) at layer: 5
Get Mod with shape torch.Size([1, 1, 256, 512]) at layer: 6
Get Mod with shape torch.Size([1, 1, 512, 1024]) at layer: 7
start temperature: 0.3 noise parameter: 2.0
end temperature: 0.3 noise parameter: 2.0
********************Start from stage I
Step 400, BEST PSNR: 22.375173, Total loss 0.434521 with its rate 0.239141583442688 latent_bits 125379.0625

🔁 Stage-1 Training Candidate 2/7
Quantizer parameter: encoding gain  16
total pixel: 524288
Get Mod with shape torch.Size([1, 1, 8, 16]) at layer: 1
Get Mod with shape torch.Size([1, 1, 16, 32]) at layer: 2
Get Mod with shape torch.Size([1, 1, 32, 64]) at layer: 3
Get Mod with shape torch.Size([1, 1, 64, 128]) at layer: 4
Get Mod with shape torch.Size([1, 1, 128, 256]) at layer: 5
Get Mod with shape torch.Size([1, 1, 256, 512]) at layer: 6
Get Mod with shape torch.Size([1, 1, 512, 1024]) at layer: 7
start temperature: 0.3 noise parameter: 2.0
end temperature: 0.3 noise parameter: 2.0
********************Start from stage I
Step 400, BEST PSNR: 22.827011, Total loss 0.430139 with its rate 0.24246656894683838 latent_bits 127122.3125

🔁 Stage-1 Training Candidate 3/7
Quantizer parameter: encoding gain  16
total pixel: 524288
Get Mod with shape torch.Size([1, 1, 8, 16]) at layer: 1
Get Mod with shape torch.Size([1, 1, 16, 32]) at layer: 2
Get Mod with shape torch.Size([1, 1, 32, 64]) at layer: 3
Get Mod with shape torch.Size([1, 1, 64, 128]) at layer: 4
Get Mod with shape torch.Size([1, 1, 128, 256]) at layer: 5
Get Mod with shape torch.Size([1, 1, 256, 512]) at layer: 6
Get Mod with shape torch.Size([1, 1, 512, 1024]) at layer: 7
start temperature: 0.3 noise parameter: 2.0
end temperature: 0.3 noise parameter: 2.0
********************Start from stage I
Step 400, BEST PSNR: 23.450697, Total loss 0.429764 with its rate 0.24632838368415833 latent_bits 129147.015625

🔁 Stage-1 Training Candidate 4/7
Quantizer parameter: encoding gain  16
total pixel: 524288
Get Mod with shape torch.Size([1, 1, 8, 16]) at layer: 1
Get Mod with shape torch.Size([1, 1, 16, 32]) at layer: 2
Get Mod with shape torch.Size([1, 1, 32, 64]) at layer: 3
Get Mod with shape torch.Size([1, 1, 64, 128]) at layer: 4
Get Mod with shape torch.Size([1, 1, 128, 256]) at layer: 5
Get Mod with shape torch.Size([1, 1, 256, 512]) at layer: 6
Get Mod with shape torch.Size([1, 1, 512, 1024]) at layer: 7
start temperature: 0.3 noise parameter: 2.0
end temperature: 0.3 noise parameter: 2.0
********************Start from stage I
Step 400, BEST PSNR: 23.181245, Total loss 0.430225 with its rate 0.24689845740795135 latent_bits 129445.8984375

🔁 Stage-1 Training Candidate 5/7
Quantizer parameter: encoding gain  16
total pixel: 524288
Get Mod with shape torch.Size([1, 1, 8, 16]) at layer: 1
Get Mod with shape torch.Size([1, 1, 16, 32]) at layer: 2
Get Mod with shape torch.Size([1, 1, 32, 64]) at layer: 3
Get Mod with shape torch.Size([1, 1, 64, 128]) at layer: 4
Get Mod with shape torch.Size([1, 1, 128, 256]) at layer: 5
Get Mod with shape torch.Size([1, 1, 256, 512]) at layer: 6
Get Mod with shape torch.Size([1, 1, 512, 1024]) at layer: 7
start temperature: 0.3 noise parameter: 2.0
end temperature: 0.3 noise parameter: 2.0
********************Start from stage I
Step 400, BEST PSNR: 22.951058, Total loss 0.436882 with its rate 0.2530537247657776 latent_bits 132673.03125

🔁 Stage-1 Training Candidate 6/7
Quantizer parameter: encoding gain  16
total pixel: 524288
Get Mod with shape torch.Size([1, 1, 8, 16]) at layer: 1
Get Mod with shape torch.Size([1, 1, 16, 32]) at layer: 2
Get Mod with shape torch.Size([1, 1, 32, 64]) at layer: 3
Get Mod with shape torch.Size([1, 1, 64, 128]) at layer: 4
Get Mod with shape torch.Size([1, 1, 128, 256]) at layer: 5
Get Mod with shape torch.Size([1, 1, 256, 512]) at layer: 6
Get Mod with shape torch.Size([1, 1, 512, 1024]) at layer: 7
start temperature: 0.3 noise parameter: 2.0
end temperature: 0.3 noise parameter: 2.0
********************Start from stage I
Step 400, BEST PSNR: 23.277191, Total loss 0.436297 with its rate 0.2510145902633667 latent_bits 131603.9375

🔁 Stage-1 Training Candidate 7/7
Quantizer parameter: encoding gain  16
total pixel: 524288
Get Mod with shape torch.Size([1, 1, 8, 16]) at layer: 1
Get Mod with shape torch.Size([1, 1, 16, 32]) at layer: 2
Get Mod with shape torch.Size([1, 1, 32, 64]) at layer: 3
Get Mod with shape torch.Size([1, 1, 64, 128]) at layer: 4
Get Mod with shape torch.Size([1, 1, 128, 256]) at layer: 5
Get Mod with shape torch.Size([1, 1, 256, 512]) at layer: 6
Get Mod with shape torch.Size([1, 1, 512, 1024]) at layer: 7
start temperature: 0.3 noise parameter: 2.0
end temperature: 0.3 noise parameter: 2.0
********************Start from stage I
Step 400, BEST PSNR: 23.146247, Total loss 0.431019 with its rate 0.2464773803949356 latent_bits 129225.1328125

🌟 Selected Top-3 Candidates by RD cost

🎯 Stage-2 Refining Candidate 1/3
start temperature: 0.3 noise parameter: 2.0
end temperature: 0.3 noise parameter: 2.0
********************Start from stage I
Step 400, BEST PSNR: 23.628434, Total loss 0.445616 with its rate 0.2784003019332886 latent_bits 145961.9375

🎯 Stage-2 Refining Candidate 2/3
start temperature: 0.3 noise parameter: 2.0
end temperature: 0.3 noise parameter: 2.0
********************Start from stage I
Step 400, BEST PSNR: 23.458480, Total loss 0.449955 with its rate 0.2819078266620636 latent_bits 147800.890625

🎯 Stage-2 Refining Candidate 3/3
start temperature: 0.3 noise parameter: 2.0
end temperature: 0.3 noise parameter: 2.0
********************Start from stage I
Step 400, BEST PSNR: 23.546149, Total loss 0.446633 with its rate 0.2789994180202484 latent_bits 146276.046875

🏆 Best Candidate Final PSNR: 23.63, Rate: 0.2784
Masked_INR(
  (upsampling_2d): Upsampling(
    (conv_transpose2d): UpsamplingConvTranspose2d()
  )
  (arm): Arm(
    (mlp): Sequential(
      (0): ArmConv(
        (conv1_1): Conv1d(16, 16, kernel_size=(1,), stride=(1,))
      )
      (1): GELU(approximate='none')
      (2): ArmConv(
        (conv1_1): Conv1d(16, 16, kernel_size=(1,), stride=(1,))
      )
      (3): GELU(approximate='none')
      (4): ArmConv(
        (conv1_1): Conv1d(16, 2, kernel_size=(1,), stride=(1,))
      )
    )
  )
  (conv_mod): LocalGlobalBlock(
    (net): Sequential(
      (0): SynthesisLayer(
        (pad): Identity()
        (conv_layer): SWHDC(
          (conv): Conv2d(2, 3, kernel_size=(3, 3), stride=(1, 1))
        )
        (non_linearity): GELU(approximate='none')
      )
      (1): SynthesisResidualLayer(
        (pad): ReplicationPad2d((0, 0, 0, 0))
        (conv_layer): Conv2d(3, 3, kernel_size=(1, 1), stride=(1, 1))
        (non_linearity): GELU(approximate='none')
      )
      (2): SynthesisResidualLayer(
        (pad): ReplicationPad2d((0, 0, 0, 0))
        (conv_layer): Conv2d(3, 3, kernel_size=(1, 1), stride=(1, 1))
        (non_linearity): GELU(approximate='none')
      )
      (3): SynthesisResidualLayer(
        (pad): ReplicationPad2d((0, 0, 0, 0))
        (conv_layer): Conv2d(3, 3, kernel_size=(1, 1), stride=(1, 1))
        (non_linearity): Identity()
      )
    )
    (global_net): Sequential(
      (0): SynthesisLayer(
        (pad): Identity()
        (conv_layer): SWHDC(
          (conv): Conv2d(2, 3, kernel_size=(3, 3), stride=(1, 1))
        )
        (non_linearity): GELU(approximate='none')
      )
      (1): SynthesisResidualLayer(
        (pad): ReplicationPad2d((0, 0, 0, 0))
        (conv_layer): Conv2d(3, 3, kernel_size=(1, 1), stride=(1, 1))
        (non_linearity): GELU(approximate='none')
      )
      (2): SynthesisResidualLayer(
        (pad): ReplicationPad2d((0, 0, 0, 0))
        (conv_layer): Conv2d(3, 3, kernel_size=(1, 1), stride=(1, 1))
        (non_linearity): GELU(approximate='none')
      )
      (3): SynthesisResidualLayer(
        (pad): ReplicationPad2d((0, 0, 0, 0))
        (conv_layer): Conv2d(3, 3, kernel_size=(1, 1), stride=(1, 1))
        (non_linearity): Identity()
      )
    )
    (agg_func): Sequential(
      (0): SynthesisLayer(
        (pad): ReplicationPad2d((0, 0, 0, 0))
        (conv_layer): Conv2d(18, 3, kernel_size=(1, 1), stride=(1, 1))
        (non_linearity): GELU(approximate='none')
      )
      (1): SynthesisLayer(
        (pad): ReplicationPad2d((0, 0, 0, 0))
        (conv_layer): Conv2d(21, 3, kernel_size=(1, 1), stride=(1, 1))
        (non_linearity): GELU(approximate='none')
      )
      (2): SynthesisLayer(
        (pad): ReplicationPad2d((0, 0, 0, 0))
        (conv_layer): Conv2d(24, 3, kernel_size=(1, 1), stride=(1, 1))
        (non_linearity): GELU(approximate='none')
      )
    )
    (full_net): Sequential(
      (0): SynthesisLayer(
        (pad): ReplicationPad2d((0, 0, 0, 0))
        (conv_layer): Conv2d(7, 12, kernel_size=(1, 1), stride=(1, 1))
        (non_linearity): GELU(approximate='none')
      )
      (1): SynthesisLayer(
        (pad): ReplicationPad2d((0, 0, 0, 0))
        (conv_layer): Conv2d(12, 3, kernel_size=(1, 1), stride=(1, 1))
        (non_linearity): GELU(approximate='none')
      )
      (2): SynthesisResidualLayer(
        (conv_layer): Conv2d(3, 3, kernel_size=(3, 3), stride=(1, 1))
        (non_linearity): GELU(approximate='none')
      )
      (3): SynthesisResidualLayer(
        (conv_layer): Conv2d(3, 3, kernel_size=(3, 3), stride=(1, 1))
        (non_linearity): GELU(approximate='none')
      )
    )
  )
  (modulation_sf): ParameterList(
      (0): Parameter containing: [torch.float32 of size 1x1x8x16 (cuda:0)]
      (1): Parameter containing: [torch.float32 of size 1x1x16x32 (cuda:0)]
      (2): Parameter containing: [torch.float32 of size 1x1x32x64 (cuda:0)]
      (3): Parameter containing: [torch.float32 of size 1x1x64x128 (cuda:0)]
      (4): Parameter containing: [torch.float32 of size 1x1x128x256 (cuda:0)]
      (5): Parameter containing: [torch.float32 of size 1x1x256x512 (cuda:0)]
      (6): Parameter containing: [torch.float32 of size 1x1x512x1024 (cuda:0)]
  )
)
train the 20 -th image
start temperature: 0.3 noise parameter: 2.0
end temperature: 0.1 noise parameter: 1.0
********************Start from stage I
********************going into stage II
eval_object_psnr: 30.10184437035059
eval_background_psnr: 25.888660410600284
eval_background_psnr: 25.888660410600284
********************Evaluation the Image 20-th, after Step 9999, BEST PSNR: 24.490701, Print rate 0.167863. *************************
Saved model at ./saved/modbase_7/context_16_arm_mod_16/sparity_0.0/inr_mod_16KODAK_ROI_Global_new_struture_7_12_3_33_orderconcat_operator_0_pw_0.8_img_object20.pth
Trained the image with PSNR: 24.490700773485433  latent bits 0.16786295175552368 latent bits number 88008.53125
[26.566816391408924, 24.466966771177322, 27.137618062952573, 27.818966016299758, 24.490700773485433]
[0.10729961842298508, 0.16845914721488953, 0.10992110520601273, 0.07214464992284775, 0.16786295175552368]
[56255.90234375, 88321.109375, 57630.31640625, 37824.57421875, 88008.53125]
load the model: ./saved/modbase_7/context_16_arm_mod_16/sparity_0.0/inr_mod_16KODAK_ROI_Global_new_struture_7_12_3_33_orderconcat_operator_0_pw_0.8_img_object20.pth for the  20 -th image
********************Evalutation with quantization
********************Starting quantizing models
eval_object_psnr: 29.19293899060571
full_image_psnr: 23.60920860299829
object_psnr: 29.19293899060571
background_psnr: 25.031646791293714
********************Evaluation the Image 20-th, BEST PSNR: 23.609209, Print rate 0.168266, Network rate 0.019154. *************************
eval_wsssim: 0.795608
Decoded image saved to ./experiments/wsssim_tunado_full_regime/decoded_images/othim21_maskerp_wsmse0_swhdc1_erp1_lambda0.8.png
Evaluate the image: PSNR: 23.60920860299829 All bits: 0.1874198317527771  latent bits: 0.16826623678207397  network bits: 0.019153594970703125
Evaluate arm network bits: 0.009366989135742188 Evaluate synthesis network bits: 0.009248733520507812
Image All bits num: 98261.96875 latent bits num: 88219.96875 mlp bits num: 10042.0 border bits num:
arm bits num: 4911.0 synthesis bits num: 4849.0
[25.42357093070565, 22.819745257802907, 26.29687887264114, 26.901385689621552, 23.60920860299829]
[0.12637920677661896, 0.1859005242586136, 0.13048911839723587, 0.09045480191707611, 0.1874198317527771]
[66259.1015625, 97465.4140625, 68413.87890625, 47424.3671875, 98261.96875]
Metrics saved to ./experiments/wsssim_tunado_full_regime/results.csv
Current eval Ave PSNR: 25.010157870753908 Ave Bits 0.14412869662046432
Namespace(batch_size=1, lr=0.01, data='../data', sparsity=0.0, local_upsampling_kernel_size=8, upsampling_kernel_size=8, static_upsampling_kernel=False, latent_factor=1, mod_base=7, highest_flag=1, context_arm=16, dim_arm_mod=16, use_candidate=True, type='other', mod_hid_layer=0, sythesis_features=12, hidden_features=64, hidden_layer=2, scale=1, lambda_rate=0.8, lambda_rate_list=[0.1, 0.2, 0.4, 0.8], start_index=0, mask_type='erp', wsmse_tag=0, swhdc_tag=1, swhdc_dilations=[1, 2, 3, 4], erp_padding=1, workdir='./experiments/wsssim_tunado_full_regime', train_steps_1=100000, train_steps_2=10000, loss_type='combined', lambda_dist=0.0, lambda_percep=1.0, patch_h=512, patch_w=1024, all_pix_num=524288, eval_pix_num=524288)
Directory './saved/modbase_7/context_16_arm_mod_16' already exists.
Directory './saved/modbase_7/context_16_arm_mod_16/sparity_0.0' already exists.
top %: 0.0

🔁 Stage-1 Training Candidate 1/7
Quantizer parameter: encoding gain  16
total pixel: 524288
Get Mod with shape torch.Size([1, 1, 8, 16]) at layer: 1
Get Mod with shape torch.Size([1, 1, 16, 32]) at layer: 2
Get Mod with shape torch.Size([1, 1, 32, 64]) at layer: 3
Get Mod with shape torch.Size([1, 1, 64, 128]) at layer: 4
Get Mod with shape torch.Size([1, 1, 128, 256]) at layer: 5
Get Mod with shape torch.Size([1, 1, 256, 512]) at layer: 6
Get Mod with shape torch.Size([1, 1, 512, 1024]) at layer: 7
start temperature: 0.3 noise parameter: 2.0
end temperature: 0.3 noise parameter: 2.0
********************Start from stage I
Step 400, BEST PSNR: 21.307580, Total loss 0.425633 with its rate 0.22299227118492126 latent_bits 116912.171875

🔁 Stage-1 Training Candidate 2/7
Quantizer parameter: encoding gain  16
total pixel: 524288
Get Mod with shape torch.Size([1, 1, 8, 16]) at layer: 1
Get Mod with shape torch.Size([1, 1, 16, 32]) at layer: 2
Get Mod with shape torch.Size([1, 1, 32, 64]) at layer: 3
Get Mod with shape torch.Size([1, 1, 64, 128]) at layer: 4
Get Mod with shape torch.Size([1, 1, 128, 256]) at layer: 5
Get Mod with shape torch.Size([1, 1, 256, 512]) at layer: 6
Get Mod with shape torch.Size([1, 1, 512, 1024]) at layer: 7
start temperature: 0.3 noise parameter: 2.0
end temperature: 0.3 noise parameter: 2.0
********************Start from stage I
Step 400, BEST PSNR: 21.718969, Total loss 0.430134 with its rate 0.23120149970054626 latent_bits 121216.171875

🔁 Stage-1 Training Candidate 3/7
Quantizer parameter: encoding gain  16
total pixel: 524288
Get Mod with shape torch.Size([1, 1, 8, 16]) at layer: 1
Get Mod with shape torch.Size([1, 1, 16, 32]) at layer: 2
Get Mod with shape torch.Size([1, 1, 32, 64]) at layer: 3
Get Mod with shape torch.Size([1, 1, 64, 128]) at layer: 4
Get Mod with shape torch.Size([1, 1, 128, 256]) at layer: 5
Get Mod with shape torch.Size([1, 1, 256, 512]) at layer: 6
Get Mod with shape torch.Size([1, 1, 512, 1024]) at layer: 7
start temperature: 0.3 noise parameter: 2.0
end temperature: 0.3 noise parameter: 2.0
********************Start from stage I
Step 400, BEST PSNR: 21.732336, Total loss 0.416510 with its rate 0.21916401386260986 latent_bits 114905.0625

🔁 Stage-1 Training Candidate 4/7
Quantizer parameter: encoding gain  16
total pixel: 524288
Get Mod with shape torch.Size([1, 1, 8, 16]) at layer: 1
Get Mod with shape torch.Size([1, 1, 16, 32]) at layer: 2
Get Mod with shape torch.Size([1, 1, 32, 64]) at layer: 3
Get Mod with shape torch.Size([1, 1, 64, 128]) at layer: 4
Get Mod with shape torch.Size([1, 1, 128, 256]) at layer: 5
Get Mod with shape torch.Size([1, 1, 256, 512]) at layer: 6
Get Mod with shape torch.Size([1, 1, 512, 1024]) at layer: 7
start temperature: 0.3 noise parameter: 2.0
end temperature: 0.3 noise parameter: 2.0
********************Start from stage I
Step 400, BEST PSNR: 21.613193, Total loss 0.418061 with its rate 0.21653181314468384 latent_bits 113525.03125

🔁 Stage-1 Training Candidate 5/7
Quantizer parameter: encoding gain  16
total pixel: 524288
Get Mod with shape torch.Size([1, 1, 8, 16]) at layer: 1
Get Mod with shape torch.Size([1, 1, 16, 32]) at layer: 2
Get Mod with shape torch.Size([1, 1, 32, 64]) at layer: 3
Get Mod with shape torch.Size([1, 1, 64, 128]) at layer: 4
Get Mod with shape torch.Size([1, 1, 128, 256]) at layer: 5
Get Mod with shape torch.Size([1, 1, 256, 512]) at layer: 6
Get Mod with shape torch.Size([1, 1, 512, 1024]) at layer: 7
start temperature: 0.3 noise parameter: 2.0
end temperature: 0.3 noise parameter: 2.0
********************Start from stage I
Step 400, BEST PSNR: 21.632761, Total loss 0.418762 with its rate 0.22045159339904785 latent_bits 115580.125

🔁 Stage-1 Training Candidate 6/7
Quantizer parameter: encoding gain  16
total pixel: 524288
Get Mod with shape torch.Size([1, 1, 8, 16]) at layer: 1
Get Mod with shape torch.Size([1, 1, 16, 32]) at layer: 2
Get Mod with shape torch.Size([1, 1, 32, 64]) at layer: 3
Get Mod with shape torch.Size([1, 1, 64, 128]) at layer: 4
Get Mod with shape torch.Size([1, 1, 128, 256]) at layer: 5
Get Mod with shape torch.Size([1, 1, 256, 512]) at layer: 6
Get Mod with shape torch.Size([1, 1, 512, 1024]) at layer: 7
start temperature: 0.3 noise parameter: 2.0
end temperature: 0.3 noise parameter: 2.0
********************Start from stage I
Step 400, BEST PSNR: 21.684486, Total loss 0.420547 with its rate 0.2175534963607788 latent_bits 114060.6875

🔁 Stage-1 Training Candidate 7/7
Quantizer parameter: encoding gain  16
total pixel: 524288
Get Mod with shape torch.Size([1, 1, 8, 16]) at layer: 1
Get Mod with shape torch.Size([1, 1, 16, 32]) at layer: 2
Get Mod with shape torch.Size([1, 1, 32, 64]) at layer: 3
Get Mod with shape torch.Size([1, 1, 64, 128]) at layer: 4
Get Mod with shape torch.Size([1, 1, 128, 256]) at layer: 5
Get Mod with shape torch.Size([1, 1, 256, 512]) at layer: 6
Get Mod with shape torch.Size([1, 1, 512, 1024]) at layer: 7
start temperature: 0.3 noise parameter: 2.0
end temperature: 0.3 noise parameter: 2.0
********************Start from stage I
Step 400, BEST PSNR: 21.748615, Total loss 0.422496 with its rate 0.22564247250556946 latent_bits 118301.640625

🌟 Selected Top-3 Candidates by RD cost

🎯 Stage-2 Refining Candidate 1/3
start temperature: 0.3 noise parameter: 2.0
end temperature: 0.3 noise parameter: 2.0
********************Start from stage I
Step 400, BEST PSNR: 21.874008, Total loss 0.433091 with its rate 0.2525315284729004 latent_bits 132399.25

🎯 Stage-2 Refining Candidate 2/3
start temperature: 0.3 noise parameter: 2.0
end temperature: 0.3 noise parameter: 2.0
********************Start from stage I
Step 400, BEST PSNR: 22.140347, Total loss 0.429484 with its rate 0.24950429797172546 latent_bits 130812.109375

🎯 Stage-2 Refining Candidate 3/3
start temperature: 0.3 noise parameter: 2.0
end temperature: 0.3 noise parameter: 2.0
********************Start from stage I
Step 400, BEST PSNR: 21.924507, Total loss 0.436182 with its rate 0.25330084562301636 latent_bits 132802.59375

🏆 Best Candidate Final PSNR: 22.14, Rate: 0.2495
Masked_INR(
  (upsampling_2d): Upsampling(
    (conv_transpose2d): UpsamplingConvTranspose2d()
  )
  (arm): Arm(
    (mlp): Sequential(
      (0): ArmConv(
        (conv1_1): Conv1d(16, 16, kernel_size=(1,), stride=(1,))
      )
      (1): GELU(approximate='none')
      (2): ArmConv(
        (conv1_1): Conv1d(16, 16, kernel_size=(1,), stride=(1,))
      )
      (3): GELU(approximate='none')
      (4): ArmConv(
        (conv1_1): Conv1d(16, 2, kernel_size=(1,), stride=(1,))
      )
    )
  )
  (conv_mod): LocalGlobalBlock(
    (net): Sequential(
      (0): SynthesisLayer(
        (pad): Identity()
        (conv_layer): SWHDC(
          (conv): Conv2d(2, 3, kernel_size=(3, 3), stride=(1, 1))
        )
        (non_linearity): GELU(approximate='none')
      )
      (1): SynthesisResidualLayer(
        (pad): ReplicationPad2d((0, 0, 0, 0))
        (conv_layer): Conv2d(3, 3, kernel_size=(1, 1), stride=(1, 1))
        (non_linearity): GELU(approximate='none')
      )
      (2): SynthesisResidualLayer(
        (pad): ReplicationPad2d((0, 0, 0, 0))
        (conv_layer): Conv2d(3, 3, kernel_size=(1, 1), stride=(1, 1))
        (non_linearity): GELU(approximate='none')
      )
      (3): SynthesisResidualLayer(
        (pad): ReplicationPad2d((0, 0, 0, 0))
        (conv_layer): Conv2d(3, 3, kernel_size=(1, 1), stride=(1, 1))
        (non_linearity): Identity()
      )
    )
    (global_net): Sequential(
      (0): SynthesisLayer(
        (pad): Identity()
        (conv_layer): SWHDC(
          (conv): Conv2d(2, 3, kernel_size=(3, 3), stride=(1, 1))
        )
        (non_linearity): GELU(approximate='none')
      )
      (1): SynthesisResidualLayer(
        (pad): ReplicationPad2d((0, 0, 0, 0))
        (conv_layer): Conv2d(3, 3, kernel_size=(1, 1), stride=(1, 1))
        (non_linearity): GELU(approximate='none')
      )
      (2): SynthesisResidualLayer(
        (pad): ReplicationPad2d((0, 0, 0, 0))
        (conv_layer): Conv2d(3, 3, kernel_size=(1, 1), stride=(1, 1))
        (non_linearity): GELU(approximate='none')
      )
      (3): SynthesisResidualLayer(
        (pad): ReplicationPad2d((0, 0, 0, 0))
        (conv_layer): Conv2d(3, 3, kernel_size=(1, 1), stride=(1, 1))
        (non_linearity): Identity()
      )
    )
    (agg_func): Sequential(
      (0): SynthesisLayer(
        (pad): ReplicationPad2d((0, 0, 0, 0))
        (conv_layer): Conv2d(18, 3, kernel_size=(1, 1), stride=(1, 1))
        (non_linearity): GELU(approximate='none')
      )
      (1): SynthesisLayer(
        (pad): ReplicationPad2d((0, 0, 0, 0))
        (conv_layer): Conv2d(21, 3, kernel_size=(1, 1), stride=(1, 1))
        (non_linearity): GELU(approximate='none')
      )
      (2): SynthesisLayer(
        (pad): ReplicationPad2d((0, 0, 0, 0))
        (conv_layer): Conv2d(24, 3, kernel_size=(1, 1), stride=(1, 1))
        (non_linearity): GELU(approximate='none')
      )
    )
    (full_net): Sequential(
      (0): SynthesisLayer(
        (pad): ReplicationPad2d((0, 0, 0, 0))
        (conv_layer): Conv2d(7, 12, kernel_size=(1, 1), stride=(1, 1))
        (non_linearity): GELU(approximate='none')
      )
      (1): SynthesisLayer(
        (pad): ReplicationPad2d((0, 0, 0, 0))
        (conv_layer): Conv2d(12, 3, kernel_size=(1, 1), stride=(1, 1))
        (non_linearity): GELU(approximate='none')
      )
      (2): SynthesisResidualLayer(
        (conv_layer): Conv2d(3, 3, kernel_size=(3, 3), stride=(1, 1))
        (non_linearity): GELU(approximate='none')
      )
      (3): SynthesisResidualLayer(
        (conv_layer): Conv2d(3, 3, kernel_size=(3, 3), stride=(1, 1))
        (non_linearity): GELU(approximate='none')
      )
    )
  )
  (modulation_sf): ParameterList(
      (0): Parameter containing: [torch.float32 of size 1x1x8x16 (cuda:0)]
      (1): Parameter containing: [torch.float32 of size 1x1x16x32 (cuda:0)]
      (2): Parameter containing: [torch.float32 of size 1x1x32x64 (cuda:0)]
      (3): Parameter containing: [torch.float32 of size 1x1x64x128 (cuda:0)]
      (4): Parameter containing: [torch.float32 of size 1x1x128x256 (cuda:0)]
      (5): Parameter containing: [torch.float32 of size 1x1x256x512 (cuda:0)]
      (6): Parameter containing: [torch.float32 of size 1x1x512x1024 (cuda:0)]
  )
)
train the 25 -th image
start temperature: 0.3 noise parameter: 2.0
end temperature: 0.1 noise parameter: 1.0
********************Start from stage I
********************going into stage II
eval_object_psnr: 30.546231398428063
eval_background_psnr: 23.97352998494915
eval_background_psnr: 23.97352998494915
********************Evaluation the Image 25-th, after Step 9999, BEST PSNR: 23.109296, Print rate 0.145179. *************************
Saved model at ./saved/modbase_7/context_16_arm_mod_16/sparity_0.0/inr_mod_16KODAK_ROI_Global_new_struture_7_12_3_33_orderconcat_operator_0_pw_0.8_img_object25.pth
Trained the image with PSNR: 23.109295563338947  latent bits 0.1451794058084488 latent bits number 76115.8203125
[26.566816391408924, 24.466966771177322, 27.137618062952573, 27.818966016299758, 24.490700773485433, 23.109295563338947]
[0.10729961842298508, 0.16845914721488953, 0.10992110520601273, 0.07214464992284775, 0.16786295175552368, 0.1451794058084488]
[56255.90234375, 88321.109375, 57630.31640625, 37824.57421875, 88008.53125, 76115.8203125]
load the model: ./saved/modbase_7/context_16_arm_mod_16/sparity_0.0/inr_mod_16KODAK_ROI_Global_new_struture_7_12_3_33_orderconcat_operator_0_pw_0.8_img_object25.pth for the  25 -th image
********************Evalutation with quantization
********************Starting quantizing models
eval_object_psnr: 29.996329552001797
full_image_psnr: 22.620346964915484
object_psnr: 29.996329552001797
background_psnr: 23.49959516896313
********************Evaluation the Image 25-th, BEST PSNR: 22.620347, Print rate 0.145706, Network rate 0.019190. *************************
eval_wsssim: 0.782447
Decoded image saved to ./experiments/wsssim_tunado_full_regime/decoded_images/othim26_maskerp_wsmse0_swhdc1_erp1_lambda0.8.png
Evaluate the image: PSNR: 22.620346964915484 All bits: 0.16489535570144653  latent bits: 0.14570552110671997  network bits: 0.019189834594726562
Evaluate arm network bits: 0.009609222412109375 Evaluate synthesis network bits: 0.009004592895507812
Image All bits num: 86452.65625 latent bits num: 76391.65625 mlp bits num: 10061.0 border bits num:
arm bits num: 5038.0 synthesis bits num: 4721.0
[25.42357093070565, 22.819745257802907, 26.29687887264114, 26.901385689621552, 23.60920860299829, 22.620346964915484]
[0.12637920677661896, 0.1859005242586136, 0.13048911839723587, 0.09045480191707611, 0.1874198317527771, 0.16489535570144653]
[66259.1015625, 97465.4140625, 68413.87890625, 47424.3671875, 98261.96875, 86452.65625]
Metrics saved to ./experiments/wsssim_tunado_full_regime/results.csv
Current eval Ave PSNR: 24.61185605311417 Ave Bits 0.1475898064672947
.......Copmlete all dataset training......
Ave Training PSNR: 25.59839392977716 Ave Training Bits 0.12847781305511793
Training PSNR: [26.566816391408924, 24.466966771177322, 27.137618062952573, 27.818966016299758, 24.490700773485433, 23.109295563338947]
Training rate: [0.10729961842298508, 0.16845914721488953, 0.10992110520601273, 0.07214464992284775, 0.16786295175552368, 0.1451794058084488]
Evalutation: Ave Eval PSNR: 24.61185605311417 Ave Eval all bits: 0.1475898064672947 Ave Eval Bits 0.1294331190486749 Ave Eval Network 0.018156687418619793
Eval All PSNR: [25.42357093070565, 22.819745257802907, 26.29687887264114, 26.901385689621552, 23.60920860299829, 22.620346964915484]
Eval All rate [0.12637920677661896, 0.1859005242586136, 0.13048911839723587, 0.09045480191707611, 0.1874198317527771, 0.16489535570144653]
Eval Latent rate [0.10917110741138458, 0.1690891534090042, 0.11159301549196243, 0.07277368009090424, 0.16826623678207397, 0.14570552110671997]
Eval MLP rate [0.017208099365234375, 0.016811370849609375, 0.018896102905273438, 0.017681121826171875, 0.019153594970703125, 0.019189834594726562]
======== ALL Results ========
Lambda = 0.1:
  all_psnr: [32.66896381681496, 30.904102157456247, 33.70130733774596, 34.835468187803286, 30.899795369479353, 29.397665369496412]
  all_rate: [0.5033864378929138, 0.7390890121459961, 0.6137650609016418, 0.3589513301849365, 0.7114293575286865, 0.6704716682434082]
  all_rate_num: [263919.46875, 387495.5, 321789.65625, 188193.875, 372993.875, 351520.25]
  eval_all_psnr: [31.623449753612473, 30.613414367574233, 32.58536772084332, 34.21211873051793, 30.2686997006318, 28.95663138659592]
  eval_all_y_rate: [0.5045950412750244, 0.7393077611923218, 0.6140267848968506, 0.35953289270401, 0.7124863862991333, 0.6720520257949829]
  eval_all_y_rate_num: [264553.125, 387610.1875, 321926.875, 188498.78125, 373548.0625, 352348.8125]
  eval_all_mlp_rate: [0.019605636596679688, 0.021738052368164062, 0.020839691162109375, 0.020845413208007812, 0.019605636596679688, 0.019662857055664062]
  eval_all_mlp_rate_num: [10279.0, 11397.0, 10926.0, 10929.0, 10279.0, 10309.0]
  eval_all_arm_rate: [0.00934600830078125, 0.010540008544921875, 0.010412216186523438, 0.00919342041015625, 0.009313583374023438, 0.00928497314453125]
  eval_all_arm_rate_num: [4900.0, 5526.0, 5459.0, 4820.0, 4883.0, 4868.0]
  eval_all_conv_rate: [0.009660720825195312, 0.010616302490234375, 0.00994110107421875, 0.01107025146484375, 0.0096893310546875, 0.009782791137695312]
  eval_all_conv_rate_num: [5065.0, 5566.0, 5212.0, 5804.0, 5080.0, 5129.0]
  eval_all_border_rate: [0.0, 0.0, 0.0, 0.0, 0.0, 0.0]
  eval_all_border_rate_num: [0, 0, 0, 0, 0, 0]
  eval_all_total_rate [[0.5242006778717041], [0.5242006778717041, 0.7610458135604858], [0.5242006778717041, 0.7610458135604858, 0.63486647605896], [0.5242006778717041, 0.7610458135604858, 0.63486647605896, 0.3803783059120178], [0.5242006778717041, 0.7610458135604858, 0.63486647605896, 0.3803783059120178, 0.732092022895813], [0.5242006778717041, 0.7610458135604858, 0.63486647605896, 0.3803783059120178, 0.732092022895813, 0.691714882850647]]
  eval_all_total_rate_num [[274832.125], [274832.125, 399007.1875], [274832.125, 399007.1875, 332852.875], [274832.125, 399007.1875, 332852.875, 199427.78125], [274832.125, 399007.1875, 332852.875, 199427.78125, 383827.0625], [274832.125, 399007.1875, 332852.875, 199427.78125, 383827.0625, 362657.8125]]
---------------------------------
Lambda = 0.2:
  all_psnr: [30.581694523290412, 28.711977653400805, 31.30999641537315, 32.352956614116856, 28.68491697641956, 27.027540194960807]
  all_rate: [0.3223646879196167, 0.47657591104507446, 0.38548871874809265, 0.22766314446926117, 0.4672626852989197, 0.413933128118515]
  all_rate_num: [169011.9375, 249863.03125, 202107.109375, 119361.0546875, 244980.21875, 217020.171875]
  eval_all_psnr: [30.155412411980027, 27.422279050634348, 30.972798130227783, 31.822545709114213, 28.379487848758476, 26.493780988746295]
  eval_all_y_rate: [0.3229926824569702, 0.478101521730423, 0.3866918683052063, 0.22824177145957947, 0.46788522601127625, 0.4148517847061157]
  eval_all_y_rate_num: [169341.1875, 250662.890625, 202737.90625, 119664.421875, 245306.609375, 217501.8125]
  eval_all_mlp_rate: [0.019941329956054688, 0.017055511474609375, 0.021051406860351562, 0.020824432373046875, 0.019739151000976562, 0.019718170166015625]
  eval_all_mlp_rate_num: [10455.0, 8942.0, 11037.0, 10918.0, 10349.0, 10338.0]
  eval_all_arm_rate: [0.009328842163085938, 0.00841522216796875, 0.0093841552734375, 0.009317398071289062, 0.009340286254882812, 0.009243011474609375]
  eval_all_arm_rate_num: [4891.0, 4412.0, 4920.0, 4885.0, 4897.0, 4846.0]
  eval_all_conv_rate: [0.010004043579101562, 0.008157730102539062, 0.011167526245117188, 0.010877609252929688, 0.009670257568359375, 0.009866714477539062]
  eval_all_conv_rate_num: [5245.0, 4277.0, 5855.0, 5703.0, 5070.0, 5173.0]
  eval_all_border_rate: [0.0, 0.0, 0.0, 0.0, 0.0, 0.0]
  eval_all_border_rate_num: [0, 0, 0, 0, 0, 0]
  eval_all_total_rate [[0.3429340124130249], [0.3429340124130249, 0.49515703320503235], [0.3429340124130249, 0.49515703320503235, 0.40774327516555786], [0.3429340124130249, 0.49515703320503235, 0.40774327516555786, 0.24906620383262634], [0.3429340124130249, 0.49515703320503235, 0.40774327516555786, 0.24906620383262634, 0.4876243770122528], [0.3429340124130249, 0.49515703320503235, 0.40774327516555786, 0.24906620383262634, 0.4876243770122528, 0.43456995487213135]]
  eval_all_total_rate_num [[179796.1875], [179796.1875, 259604.890625], [179796.1875, 259604.890625, 213774.90625], [179796.1875, 259604.890625, 213774.90625, 130582.421875], [179796.1875, 259604.890625, 213774.90625, 130582.421875, 255655.609375], [179796.1875, 259604.890625, 213774.90625, 130582.421875, 255655.609375, 227839.8125]]
---------------------------------
Lambda = 0.4:
  all_psnr: [28.360550768670162, 26.452681455281706, 29.17189297378877, 29.932168038536503, 26.335826148629934, 24.727488695814113]
  all_rate: [0.1866668164730072, 0.29881906509399414, 0.22744202613830566, 0.12508106231689453, 0.29128170013427734, 0.2526784837245941]
  all_rate_num: [97867.171875, 156667.25, 119245.125, 65578.5, 152715.5, 132476.296875]
  eval_all_psnr: [27.34860601611464, 25.9571952040739, 27.366994921077094, 28.97155179025008, 25.393495639967437, 24.34274931146283]
  eval_all_y_rate: [0.18801020085811615, 0.2992863059043884, 0.22789360582828522, 0.12635812163352966, 0.2918577492237091, 0.25328490138053894]
  eval_all_y_rate_num: [98571.4921875, 156912.21875, 119481.8828125, 66248.046875, 153017.515625, 132794.234375]
  eval_all_mlp_rate: [0.018014907836914062, 0.01857757568359375, 0.018636703491210938, 0.017503738403320312, 0.018529891967773438, 0.019863128662109375]
  eval_all_mlp_rate_num: [9445.0, 9740.0, 9771.0, 9177.0, 9715.0, 10414.0]
  eval_all_arm_rate: [0.008335113525390625, 0.009403228759765625, 0.009447097778320312, 0.008319854736328125, 0.009363174438476562, 0.009250640869140625]
  eval_all_arm_rate_num: [4370.0, 4930.0, 4953.0, 4362.0, 4909.0, 4850.0]
  eval_all_conv_rate: [0.008899688720703125, 0.0086669921875, 0.008541107177734375, 0.00868988037109375, 0.008758544921875, 0.010095596313476562]
  eval_all_conv_rate_num: [4666.0, 4544.0, 4478.0, 4556.0, 4592.0, 5293.0]
  eval_all_border_rate: [0.0, 0.0, 0.0, 0.0, 0.0, 0.0]
  eval_all_border_rate_num: [0, 0, 0, 0, 0, 0]
  eval_all_total_rate [[0.2060251086950302], [0.2060251086950302, 0.3178638815879822], [0.2060251086950302, 0.3178638815879822, 0.24653030931949615], [0.2060251086950302, 0.3178638815879822, 0.24653030931949615, 0.14386186003684998], [0.2060251086950302, 0.3178638815879822, 0.24653030931949615, 0.14386186003684998, 0.31038764119148254], [0.2060251086950302, 0.3178638815879822, 0.24653030931949615, 0.14386186003684998, 0.31038764119148254, 0.2731480300426483]]
  eval_all_total_rate_num [[108016.4921875], [108016.4921875, 166652.21875], [108016.4921875, 166652.21875, 129252.8828125], [108016.4921875, 166652.21875, 129252.8828125, 75425.046875], [108016.4921875, 166652.21875, 129252.8828125, 75425.046875, 162732.515625], [108016.4921875, 166652.21875, 129252.8828125, 75425.046875, 162732.515625, 143208.234375]]
---------------------------------
Lambda = 0.8:
  all_psnr: [26.566816391408924, 24.466966771177322, 27.137618062952573, 27.818966016299758, 24.490700773485433, 23.109295563338947]
  all_rate: [0.10729961842298508, 0.16845914721488953, 0.10992110520601273, 0.07214464992284775, 0.16786295175552368, 0.1451794058084488]
  all_rate_num: [56255.90234375, 88321.109375, 57630.31640625, 37824.57421875, 88008.53125, 76115.8203125]
  eval_all_psnr: [25.42357093070565, 22.819745257802907, 26.29687887264114, 26.901385689621552, 23.60920860299829, 22.620346964915484]
  eval_all_y_rate: [0.10917110741138458, 0.1690891534090042, 0.11159301549196243, 0.07277368009090424, 0.16826623678207397, 0.14570552110671997]
  eval_all_y_rate_num: [57237.1015625, 88651.4140625, 58506.87890625, 38154.3671875, 88219.96875, 76391.65625]
  eval_all_mlp_rate: [0.017208099365234375, 0.016811370849609375, 0.018896102905273438, 0.017681121826171875, 0.019153594970703125, 0.019189834594726562]
  eval_all_mlp_rate_num: [9022.0, 8814.0, 9907.0, 9270.0, 10042.0, 10061.0]
  eval_all_arm_rate: [0.008182525634765625, 0.008413314819335938, 0.008340835571289062, 0.008327484130859375, 0.009366989135742188, 0.009609222412109375]
  eval_all_arm_rate_num: [4290.0, 4411.0, 4373.0, 4366.0, 4911.0, 5038.0]
  eval_all_conv_rate: [0.008617401123046875, 0.0077266693115234375, 0.010082244873046875, 0.008813858032226562, 0.009248733520507812, 0.009004592895507812]
  eval_all_conv_rate_num: [4518.0, 4051.0, 5286.0, 4621.0, 4849.0, 4721.0]
  eval_all_border_rate: [0.0, 0.0, 0.0, 0.0, 0.0, 0.0]
  eval_all_border_rate_num: [0, 0, 0, 0, 0, 0]
  eval_all_total_rate [[0.12637920677661896], [0.12637920677661896, 0.1859005242586136], [0.12637920677661896, 0.1859005242586136, 0.13048911839723587], [0.12637920677661896, 0.1859005242586136, 0.13048911839723587, 0.09045480191707611], [0.12637920677661896, 0.1859005242586136, 0.13048911839723587, 0.09045480191707611, 0.1874198317527771], [0.12637920677661896, 0.1859005242586136, 0.13048911839723587, 0.09045480191707611, 0.1874198317527771, 0.16489535570144653]]
  eval_all_total_rate_num [[66259.1015625], [66259.1015625, 97465.4140625], [66259.1015625, 97465.4140625, 68413.87890625], [66259.1015625, 97465.4140625, 68413.87890625, 47424.3671875], [66259.1015625, 97465.4140625, 68413.87890625, 47424.3671875, 98261.96875], [66259.1015625, 97465.4140625, 68413.87890625, 47424.3671875, 98261.96875, 86452.65625]]
---------------------------------
